cooperative_id,province,district,subdistrict,latitude,longitude,h3,k_any_road,k_non_track,km_any_road,km_non_track,road_band,track_only,m_to_any_road,m_to_made_road,km_to_made_road
20817,BENGKULU,KAB. KAUR,Nasal,4.7547024,103.6732864,623277075984777215,,,,,> ~5 km / none found,False,292280.6851489682,292280.6851489682,292.28
13600,JAWA TENGAH,KAB. TEGAL,Adiwerna,6.9436345,109.1349116,623353004639748095,,,,,> ~5 km / none found,False,270756.61820392153,270756.61820392153,270.76
14118,BANTEN,KAB. LEBAK,Rangkasbitung,6.346547,106.265945,623356075161714687,,,,,> ~5 km / none found,False,259548.4068248712,259548.4068248712,259.55
55343,BANTEN,KOTA SERANG,Kasemen,6.053302,106.166128,623356449422409727,,,,,> ~5 km / none found,False,246536.40702367248,246536.40702367248,246.54
45586,JAWA BARAT,KOTA BOGOR,Bogor Timur,6.651542,106.844984,623356072682684415,,,,,> ~5 km / none found,False,244660.96896069226,244660.96896069226,244.66
1309,LAMPUNG,KAB. WAY KANAN,Umpu Semenguk,4.57733,104.492936,623277116964012031,,,,,> ~5 km / none found,False,214215.97946709653,214215.97946709653,214.22
93928,PAPUA,KAB. SUPIORI,Supiori Barat,0.91612266,134.33231425,623513601288667135,,,,,> ~5 km / none found,False,185914.72002444282,185914.72002444282,185.91
94110,PAPUA,KAB. SUPIORI,Supiori Barat,0.91612266,134.33231425,623513601288667135,,,,,> ~5 km / none found,False,185914.72002444282,185914.72002444282,185.91
7269,LAMPUNG,KAB. LAMPUNG TENGAH,Bandar Surabaya,4.667889,105.694833,623277052336734207,,,,,> ~5 km / none found,False,159176.56241709762,159176.56241709762,159.18
3178,SUMATERA SELATAN,KAB. LAHAT,Merapi Timur,-3.6780928,99.0802972,623972858667859967,,,,,> ~5 km / none found,False,141787.73436708946,141787.73436708946,141.79
69640,SULAWESI SELATAN,KAB. LUWU TIMUR,Wotu,2.541454,120.772454,623342911289688063,,,,,> ~5 km / none found,False,132044.94764800667,132044.94764800667,132.04
93020,PAPUA SELATAN,KAB. MERAUKE,Waan,-8.40744714,137.67971056,624254897626251263,23.0,,3.036,,> ~5 km / none found,True,3035.387324211035,126132.43782581434,126.13
93022,PAPUA SELATAN,KAB. MERAUKE,Waan,-8.27904333,137.71723554,624255051075583999,,,,,> ~5 km / none found,False,5076.46523761509,118991.13744293587,118.99
93023,PAPUA SELATAN,KAB. MERAUKE,Waan,-8.13318981,137.78679113,624255045768478719,,,,,> ~5 km / none found,False,18683.59535817575,109729.95860657621,109.73
92669,PAPUA SELATAN,KAB. MERAUKE,Waan,-8.29358389,137.84007297,624255049736355839,,,,,> ~5 km / none found,False,9026.32429822311,105984.61819369163,105.98
84003,MALUKU,KAB. MALUKU TENGAH,Amahai,-6.73552538,129.5105427,624124149944975359,,,,,> ~5 km / none found,False,94404.65040142414,102579.09184492406,102.58
52605,KEPULAUAN RIAU,KAB. BINTAN,Tambelan,0.241294,108.0302082,623969668696145919,,,,,> ~5 km / none found,False,95587.17364827705,97294.93093387259,97.29
93016,PAPUA SELATAN,KAB. MERAUKE,Waan,-8.32695451,137.94839205,624255050485727231,,,,,> ~5 km / none found,False,21147.81721048083,95236.71525691067,95.24
59051,KALIMANTAN BARAT,KAB. KETAPANG,Kendawangan,2.60102404,110.1900044,623354813128671231,,,,,> ~5 km / none found,False,83577.35947848258,89185.7468735202,89.19
81127,SULAWESI SELATAN,KAB. PANGKAJENE KEPULAUAN,Liukang Tangaya,-7.50050924,117.1832315,624119542939877375,,,,,> ~5 km / none found,False,82753.48075567078,82753.48075567078,82.75
88503,PAPUA BARAT DAYA,KAB. RAJA AMPAT,Kepulauan Ayau,1.06433022,131.26461334,623530657892958207,,,,,> ~5 km / none found,False,79413.52507209755,79413.52507209755,79.41
93433,PAPUA SELATAN,KAB. MERAUKE,Kontuar,-8.15705044,138.08055157,624255315518455807,,,,,> ~5 km / none found,False,38847.847086246176,77554.22345398003,77.55
93021,PAPUA SELATAN,KAB. MERAUKE,Waan,-8.32631656,138.12479727,624255317404221439,,,,,> ~5 km / none found,False,40471.744922637125,76644.60988125535,76.64
93827,PAPUA SELATAN,KAB. MERAUKE,Kontuar,-7.8227149,138.08387939,624255062512205823,,,,,> ~5 km / none found,False,50925.6071998573,76078.4473120832,76.08
70035,KEPULAUAN RIAU,KAB. BINTAN,Tambelan,0.60775835,106.98234524,623970407859585023,,,,,> ~5 km / none found,False,74925.34569050439,74925.34569050439,74.93
73791,SULAWESI SELATAN,KAB. PANGKAJENE KEPULAUAN,Liukang Tangaya,-7.5327803,117.3023444,624119142642909183,,,,,> ~5 km / none found,False,73656.88756504787,73656.88756504787,73.66
71772,SULAWESI SELATAN,KAB. PANGKAJENE KEPULAUAN,Liukang Tangaya,-7.52384606,117.433934,624119142017040383,,,,,> ~5 km / none found,False,70278.60421097338,70278.60421097338,70.28
66079,SULAWESI SELATAN,KAB. PANGKAJENE KEPULAUAN,Liukang Kalmas,-5.19561816,117.6657483,624121371106115583,,,,,> ~5 km / none found,False,68472.4869184573,68472.4869184573,68.47
92967,PAPUA BARAT,KAB. MANOKWARI,Masni Utara,-7.81556309,138.17173459,624255069051060223,,,,,> ~5 km / none found,False,43318.52194475537,66750.56091202576,66.75
91556,PAPUA,KAB. SARMI,Pantai Timur,-3.04888823,139.17691704,623511707430486015,,,,,> ~5 km / none found,False,50005.34927935124,66251.60796739157,66.25
70110,KEPULAUAN RIAU,KAB. BINTAN,Tambelan,0.60224235,107.0928209,623970393620283391,,,,,> ~5 km / none found,False,65327.12177100021,65327.12177100021,65.33
89367,PAPUA,KAB. SARMI,Pantai Timur,-3.08012787,139.24863667,623511708132900863,,,,,> ~5 km / none found,False,52360.28675072036,64717.36288592524,64.72
70495,SULAWESI SELATAN,KAB. PANGKAJENE KEPULAUAN,Liukang Tangaya,-7.58271765,117.4471386,624119138122170367,,,,,> ~5 km / none found,False,63607.84214420883,63607.84214420883,63.61
87581,PAPUA,KAB. SARMI,Bonggo,-3.1072243,139.33917721,623511708221079551,,,,,> ~5 km / none found,False,57918.638395925314,63008.81706243118,63.01
61350,SULAWESI SELATAN,KAB. PANGKAJENE KEPULAUAN,Liukang Kalmas,-5.26035675,117.8915607,624121538070806527,,,,,> ~5 km / none found,False,61048.42295863421,61499.25116095371,61.5
88697,PAPUA PEGUNUNGAN,KAB. PEGUNUNGAN BINTANG,Pamek,-4.33364726,140.0220489,623516964294033407,,,,,> ~5 km / none found,False,59024.279764496045,59024.279764496045,59.02
14955,KALIMANTAN UTARA,KAB. MALINAU,Kayan Hilir,1.89174577,115.8848498,623338075821080575,,,,,> ~5 km / none found,False,41109.54249073749,58569.00429674726,58.57
90267,PAPUA PEGUNUNGAN,KAB. PEGUNUNGAN BINTANG,Pamek,-4.35078564,140.02979924,623516964345184255,,,,,> ~5 km / none found,False,58488.15897126275,58488.15897126275,58.49
89361,PAPUA PEGUNUNGAN,KAB. PEGUNUNGAN BINTANG,Eipumek,-4.39067585,140.05033879,623516963775250431,,,,,> ~5 km / none found,False,57744.29507578461,57744.29507578461,57.74
86967,PAPUA,KAB. SARMI,Bonggo,-3.16232058,139.3969444,623511721815212031,,,,,> ~5 km / none found,False,57729.14489606845,57729.14489606845,57.73
89263,PAPUA PEGUNUNGAN,KAB. PEGUNUNGAN BINTANG,Pamek,-4.33448182,140.04368069,623516964534583295,,,,,> ~5 km / none found,False,57686.771033056255,57686.771033056255,57.69
89358,PAPUA,KAB. MAMBERAMO RAYA,Mamberamo Hulu,-2.89192188,139.05808259,623511711747964927,,,,,> ~5 km / none found,False,48501.92426617032,57638.55551337432,57.64
91783,SULAWESI BARAT,KAB. MAMUJU,Kepulauan Bala Balakang,-2.94106133,117.5570204,624120596120600575,,,,,> ~5 km / none found,False,57516.98294090172,57516.98294090172,57.52
88594,PAPUA PEGUNUNGAN,KAB. PEGUNUNGAN BINTANG,Pamek,-4.33425727,139.992938,623516964395614207,,,,,> ~5 km / none found,False,56553.635851376144,56553.635851376144,56.55
27872,PAPUA,KAB. KEPULAUAN YAPEN,Pulau Yerui,-1.49980649,135.29758327,623511436855148543,,,,,> ~5 km / none found,False,56417.26400874914,56417.26400874914,56.42
57975,JAWA TIMUR,KAB. SUMENEP,Masalembu,-5.06970605,114.6008933,623987428310745087,,,,,> ~5 km / none found,False,55469.26381794368,55469.26381794368,55.47
90074,PAPUA PEGUNUNGAN,KAB. PEGUNUNGAN BINTANG,Eipumek,-4.42136263,140.05640157,623516964253630463,,,,,> ~5 km / none found,False,54936.94616703681,54936.94616703681,54.94
89117,PAPUA,KAB. MAMBERAMO RAYA,Mamberamo Hilir,-1.48649173,137.88701256,623514014968840191,,,,,> ~5 km / none found,False,35616.950984197145,54810.40814491942,54.81
88851,PAPUA PEGUNUNGAN,KAB. YAHUKIMO,Puldama,-4.28920136,139.92027399,623516968089190399,,,,,> ~5 km / none found,False,54716.19366661891,54716.19366661891,54.72
89357,PAPUA PEGUNUNGAN,KAB. PEGUNUNGAN BINTANG,Eipumek,-4.3680031,140.11423312,623516965680480255,,,,,> ~5 km / none found,False,54712.55745031098,54712.55745031098,54.71
61527,SULAWESI SELATAN,KAB. PANGKAJENE KEPULAUAN,Liukang Kalmas,-5.38195984,117.9369333,624121533573529599,,,,,> ~5 km / none found,False,54100.15208342993,54228.92787568795,54.23
89844,PAPUA PEGUNUNGAN,KAB. PEGUNUNGAN BINTANG,Pamek,-4.4140908,140.02516735,623516963795304447,,,,,> ~5 km / none found,False,53926.17830400895,53926.17830400895,53.93
89327,PAPUA PEGUNUNGAN,KAB. PEGUNUNGAN BINTANG,Pamek,-4.37891908,139.99863011,623516964583964671,,,,,> ~5 km / none found,False,53845.38960822556,53845.38960822556,53.85
89702,PAPUA PEGUNUNGAN,KAB. PEGUNUNGAN BINTANG,Eipumek,-4.43999512,140.04397373,623516964231184383,,,,,> ~5 km / none found,False,53730.93385716033,53730.93385716033,53.73
93262,PAPUA PEGUNUNGAN,KAB. YAHUKIMO,Puldama,-4.26713353,139.87336671,623516968917794815,,,,,> ~5 km / none found,False,53646.44392109246,53646.44392109246,53.65
92079,PAPUA PEGUNUNGAN,KAB. PEGUNUNGAN BINTANG,Pamek,-4.36157585,139.9741914,623516964648091647,,,,,> ~5 km / none found,False,52986.68984799534,52986.68984799534,52.99
90597,PAPUA PEGUNUNGAN,KAB. PEGUNUNGAN BINTANG,Pamek,-4.39989734,140.00392145,623516963860021247,,,,,> ~5 km / none found,False,52923.48928694459,52923.48928694459,52.92
93987,PAPUA SELATAN,KAB. MERAUKE,Kontuar,-8.03773232,138.30573254,624255314049695743,,,,,> ~5 km / none found,False,52908.44613137121,52908.44613137121,52.91
93107,PAPUA BARAT DAYA,KAB. RAJA AMPAT,Misool (Misool Utara),-4.40595595,140.0032084,623516964118790143,,,,,> ~5 km / none found,False,52470.832615057305,52470.832615057305,52.47
92159,PAPUA PEGUNUNGAN,KAB. YAHUKIMO,Kona,-4.24687965,139.88457932,623516968872869887,,,,,> ~5 km / none found,False,52211.52549938841,52211.52549938841,52.21
47664,PAPUA,KAB. KEPULAUAN YAPEN,Pulau Yerui,-1.50191729,135.23426667,623511436216401919,,,,,> ~5 km / none found,False,52051.8591936811,52051.8591936811,52.05
88834,PAPUA PEGUNUNGAN,KAB. PEGUNUNGAN BINTANG,Eipumek,-4.4674865,140.04358361,623516964190650367,,,,,> ~5 km / none found,False,51856.68916277964,51856.68916277964,51.86
89872,PAPUA PEGUNUNGAN,KAB. PEGUNUNGAN BINTANG,Bime,-4.38519373,140.18684657,623516964862066687,,,,,> ~5 km / none found,False,48871.461585860074,51358.8087251115,51.36
90410,PAPUA,KAB. MAMBERAMO RAYA,Mamberamo Hulu,-2.90345074,138.90607201,623511958295019519,,,,,> ~5 km / none found,False,48981.87000305633,51355.9223865429,51.36
93717,PAPUA BARAT DAYA,KAB. RAJA AMPAT,Misool Selatan,-2.24838297,130.59727966,623514804209221631,,,,,> ~5 km / none found,False,51196.58035708271,51196.58035708271,51.2
70642,SULAWESI SELATAN,KAB. PANGKAJENE KEPULAUAN,Liukang Tangaya,-7.39813965,117.8070433,624119121694031871,,,,,> ~5 km / none found,False,51187.74111063887,51187.74111063887,51.19
88792,PAPUA,KAB. MAMBERAMO RAYA,Mamberamo Hilir,-1.66245339,137.86464319,623514009539510271,,,,,> ~5 km / none found,False,34331.99158647432,51105.91446286269,51.11
90788,PAPUA PEGUNUNGAN,KAB. PEGUNUNGAN BINTANG,Pamek,-4.43759257,140.00967502,623516964043816959,,,,,> ~5 km / none found,False,50928.46522266727,50928.46522266727,50.93
91144,PAPUA PEGUNUNGAN,KAB. PEGUNUNGAN BINTANG,Eipumek,-4.4464928,140.01652323,623516964083793919,,,,,> ~5 km / none found,False,50889.17631992016,50889.17631992016,50.89
92034,PAPUA PEGUNUNGAN,KAB. PEGUNUNGAN BINTANG,Pamek,-4.42196481,139.9940167,623516964110860287,,,,,> ~5 km / none found,False,50625.06967815628,50625.06967815628,50.63
89812,PAPUA PEGUNUNGAN,KAB. PEGUNUNGAN BINTANG,Bime,-4.39615535,140.18189279,623516965124800511,,,,,> ~5 km / none found,False,49950.90945429994,50537.13558921113,50.54
93277,PAPUA PEGUNUNGAN,KAB. YAHUKIMO,Puldama,-4.30464273,139.87543796,623516968331313151,,,,,> ~5 km / none found,False,50373.13471225478,50373.13471225478,50.37
93263,PAPUA PEGUNUNGAN,KAB. YAHUKIMO,Puldama,-4.32871063,139.90670253,623516968371650559,,,,,> ~5 km / none found,False,50370.87777076584,50370.87777076584,50.37
92096,PAPUA PEGUNUNGAN,KAB. PEGUNUNGAN BINTANG,Eipumek,-4.47768092,140.0546178,623516967858012159,,,,,> ~5 km / none found,False,50202.204254117714,50202.204254117714,50.2
14820,KEPULAUAN RIAU,KAB. LINGGA,Lingga,-1.1598797,105.2975284,623969425976360959,,,,,> ~5 km / none found,False,49873.69789414529,49873.69789414529,49.87
89830,PAPUA,KAB. MAMBERAMO RAYA,Mamberamo Hulu,-2.83348248,138.50138111,623511949817872383,,,,,> ~5 km / none found,False,49678.021558310385,49678.021558310385,49.68
26903,PAPUA,KAB. KEPULAUAN YAPEN,Pulau Yerui,-1.49979759,135.19942185,623511436708249599,,,,,> ~5 km / none found,False,49610.07375683932,49610.07375683932,49.61
91274,PAPUA PEGUNUNGAN,KAB. PEGUNUNGAN BINTANG,Eipumek,-4.47511128,140.02165866,623516966657261567,,,,,> ~5 km / none found,False,49431.61960197076,49431.61960197076,49.43
57291,KEPULAUAN RIAU,KAB. LINGGA,Singkep Selatan,-0.77883609,104.9301551,623969172949630975,,,,,> ~5 km / none found,False,49418.03494453579,49418.03494453579,49.42
87783,PAPUA,KAB. SARMI,Bonggo,-3.09533512,139.46175976,623511720107900927,,,,,> ~5 km / none found,False,49322.64149748455,49322.64149748455,49.32
89868,PAPUA PEGUNUNGAN,KAB. PEGUNUNGAN BINTANG,Eipumek,-4.44573893,139.99535485,623516964029956095,,,,,> ~5 km / none found,False,49134.15153854879,49134.15153854879,49.13
89928,PAPUA PEGUNUNGAN,KAB. PEGUNUNGAN BINTANG,Eipumek,-4.44573893,139.99535485,623516964029956095,,,,,> ~5 km / none found,False,49134.15153854879,49134.15153854879,49.13
40193,PAPUA SELATAN,KAB. ASMAT,Sor Ep,-5.23138975,139.0014085,624256122447265791,,,,,> ~5 km / none found,False,29420.157266238057,49017.19179229073,49.02
93278,PAPUA PEGUNUNGAN,KAB. YAHUKIMO,Puldama,-4.30684905,139.85667991,623516968427421695,,,,,> ~5 km / none found,False,48968.77772240241,48968.77772240241,48.97
89568,PAPUA PEGUNUNGAN,KAB. PEGUNUNGAN BINTANG,Pamek,-4.41020531,139.96527236,623516964600381439,,,,,> ~5 km / none found,False,48799.442140048835,48799.442140048835,48.8
82564,KALIMANTAN SELATAN,KAB. KOTABARU,Pulau Sembilan,-4.81105446,115.7989554,624121733067767807,,,,,> ~5 km / none found,False,48555.27802948447,48555.27802948447,48.56
92167,PAPUA PEGUNUNGAN,KAB. YAHUKIMO,Kona,-4.184608,139.92186072,623516968672624639,,,,,> ~5 km / none found,False,48243.55846390755,48243.55846390755,48.24
89929,PAPUA PEGUNUNGAN,KAB. PEGUNUNGAN BINTANG,Eipumek,-4.46068145,139.9952521,623516964078977023,,,,,> ~5 km / none found,False,48066.81436923538,48066.81436923538,48.07
71537,PAPUA TENGAH,KAB. PUNCAK,Dervos,-3.24601628,136.8621902,623512056217239551,,,,,> ~5 km / none found,False,41964.74216596414,48039.152506166196,48.04
93276,PAPUA PEGUNUNGAN,KAB. YAHUKIMO,Puldama,-4.30262703,139.83301366,623517016504762367,,,,,> ~5 km / none found,False,47928.43230644989,47928.43230644989,47.93
74647,PAPUA TENGAH,KAB. INTAN JAYA,Tomosiga,-3.18979588,136.6996108,623511135262179327,,,,,> ~5 km / none found,False,33567.421089896365,47814.31543461271,47.81
89585,PAPUA PEGUNUNGAN,KAB. PEGUNUNGAN BINTANG,Weime,-4.35426581,140.19853014,623516964840046591,,,,,> ~5 km / none found,False,46124.873384440645,47790.471436267704,47.79
27274,PAPUA,KAB. KEPULAUAN YAPEN,Pulau Yerui,-1.50532718,135.15594379,623511437011451903,,,,,> ~5 km / none found,False,47629.80746044892,47629.80746044892,47.63
93261,PAPUA PEGUNUNGAN,KAB. YAHUKIMO,Puldama,-4.33889381,139.87709848,623516968359067647,,,,,> ~5 km / none found,False,47435.92281624761,47435.92281624761,47.44
89453,PAPUA PEGUNUNGAN,KAB. PEGUNUNGAN BINTANG,Weime,-4.39669872,140.2865872,623516979417153535,,,,,> ~5 km / none found,False,40376.76935325039,47394.37316259129,47.39
50913,KALIMANTAN TENGAH,KAB. KATINGAN,Katingan Tengah,1.426656,113.067612,623337488726065151,31.0,,4.092,,> ~5 km / none found,True,3927.4160521048516,47113.04814268938,47.11
86235,PAPUA SELATAN,KAB. ASMAT,Atsj,-5.72343973,138.87897782,624256230727483391,,,,,> ~5 km / none found,False,47058.32052220662,47058.32052220662,47.06
89394,PAPUA PEGUNUNGAN,KAB. YAHUKIMO,Nipsan,-4.25116691,139.70214037,623517017265766399,,,,,> ~5 km / none found,False,47012.57243361897,47012.57243361897,47.01
89995,PAPUA PEGUNUNGAN,KAB. PEGUNUNGAN BINTANG,Bime,-4.41429649,140.2299024,623516965261574143,,,,,> ~5 km / none found,False,46567.84791181915,46880.40556665103,46.88
71414,PAPUA TENGAH,KAB. PUNCAK,Dervos,-3.28830362,136.9189647,623512056391368703,,,,,> ~5 km / none found,False,38184.43490062352,46865.53446962421,46.87
89524,PAPUA PEGUNUNGAN,KAB. PEGUNUNGAN BINTANG,Bime,-4.43299622,140.18023568,623516967740014591,,,,,> ~5 km / none found,False,46854.671904547606,46854.671904547606,46.85
86795,NUSA TENGGARA TIMUR,KAB. LEMBATA,Omesuri,-7.79065686,123.587745,624102942047338495,,,,,> ~5 km / none found,False,46834.984966093776,46834.984966093776,46.83
78291,KALIMANTAN TIMUR,KAB. MAHAKAM ULU,Long Apari,1.19161999,114.2675833,623335408548249599,,,,,> ~5 km / none found,False,31475.206601991285,46726.15522731576,46.73
88879,PAPUA PEGUNUNGAN,KAB. PEGUNUNGAN BINTANG,Nongme,-4.28245673,140.13146822,623516969551298559,,,,,> ~5 km / none found,False,46581.21063725019,46581.21063725019,46.58
49277,KALIMANTAN TIMUR,KAB. KUTAI TIMUR,Muara Wahau,1.61602828,116.2309629,623338018669461503,,,,,> ~5 km / none found,False,25689.534774458294,46453.22888688669,46.45
91104,PAPUA PEGUNUNGAN,KAB. YAHUKIMO,Kona,-4.22597559,139.79040648,623517017113395199,,,,,> ~5 km / none found,False,46287.81605495498,46287.81605495498,46.29
93292,PAPUA PEGUNUNGAN,KAB. YAHUKIMO,Puldama,-4.3336428,139.8511315,623516970819190783,,,,,> ~5 km / none found,False,46192.32015800086,46192.32015800086,46.19
82153,KALIMANTAN SELATAN,KAB. KOTABARU,Pulau Sembilan,-4.78901958,115.8344438,624121732833443839,,,,,> ~5 km / none found,False,46157.05570905006,46157.05570905006,46.16
90098,PAPUA,KAB. MAMBERAMO RAYA,Mamberamo Hulu,-2.86354789,138.71557651,623511979226693631,,,,,> ~5 km / none found,False,46081.22811878129,46081.22811878129,46.08
92051,PAPUA PEGUNUNGAN,KAB. PEGUNUNGAN BINTANG,Batom,-4.4434462,140.9773033,623516574392811519,,,,,> ~5 km / none found,False,42194.19708022143,45786.56578538159,45.79
13499,MALUKU,KAB. KEPULAUAN ARU,Aru Tengah Timur,-6.15086069,134.8809497,623513122674606079,,,,,> ~5 km / none found,False,45672.70749920164,45672.70749920164,45.67
74679,PAPUA TENGAH,KAB. INTAN JAYA,Biandoga,-3.27555921,136.3308231,623511152901029887,,,,,> ~5 km / none found,False,45616.46268439851,45616.46268439851,45.62
90265,PAPUA PEGUNUNGAN,KAB. PEGUNUNGAN BINTANG,Weime,-4.40469803,140.35302957,623516977147346943,,,,,> ~5 km / none found,False,35346.28294295893,45511.704411021434,45.51
92261,PAPUA PEGUNUNGAN,KAB. PEGUNUNGAN BINTANG,Batom,-4.48132891,140.90329827,623516569216417791,,,,,> ~5 km / none found,False,34255.68928704087,45407.14679560212,45.41
91647,PAPUA PEGUNUNGAN,KAB. PEGUNUNGAN BINTANG,Batom,-4.48177562,140.9032209,623516569216417791,,,,,> ~5 km / none found,False,34208.237836287655,45362.415314217564,45.36
89814,PAPUA PEGUNUNGAN,KAB. PEGUNUNGAN BINTANG,Nongme,-4.30052916,140.17165829,623516965365972991,,,,,> ~5 km / none found,False,44899.957411435964,44899.957411435964,44.9
91139,PAPUA PEGUNUNGAN,KAB. PEGUNUNGAN BINTANG,Aboy,-4.37419971,140.58512921,623516974064697343,,,,,> ~5 km / none found,False,19331.862845360025,44886.11287297003,44.89
89060,PAPUA PEGUNUNGAN,KAB. YAHUKIMO,Nipsan,-4.23318642,139.65642885,623517021172858879,,,,,> ~5 km / none found,False,44885.128581017736,44885.128581017736,44.89
89188,PAPUA PEGUNUNGAN,KAB. PEGUNUNGAN BINTANG,Bime,-4.46858323,140.15324513,623516967748304895,,,,,> ~5 km / none found,False,44681.88267931585,44681.88267931585,44.68
74644,PAPUA TENGAH,KAB. INTAN JAYA,Tomosiga,-3.26589165,136.8252981,623512056578670591,,,,,> ~5 km / none found,False,43057.653000822844,44455.006332961,44.46
89477,PAPUA PEGUNUNGAN,KAB. PEGUNUNGAN BINTANG,Weime,-4.32208083,140.20539222,623516965605670911,,,,,> ~5 km / none found,False,43951.25292689351,44432.86447538454,44.43
85515,PAPUA SELATAN,KAB. ASMAT,Suator,-5.33184736,139.15267408,624256119442440191,,,,,> ~5 km / none found,False,43052.557377056415,44308.95765577519,44.31
78540,SULAWESI SELATAN,KAB. PANGKAJENE KEPULAUAN,Liukang Kalmas,-5.12493667,118.1480631,624121379222290431,,,,,> ~5 km / none found,False,43026.172935142866,44206.96265924338,44.21
21510,PAPUA,KAB. KEPULAUAN YAPEN,Pulau Yerui,-1.49028264,135.11589135,623513486667055103,,,,,> ~5 km / none found,False,44150.218433641596,44150.218433641596,44.15
88967,PAPUA PEGUNUNGAN,KAB. YAHUKIMO,Nipsan,-4.22231326,139.61304001,623517020975202303,,,,,> ~5 km / none found,False,44029.66548284988,44029.66548284988,44.03
92449,PAPUA PEGUNUNGAN,KAB. YAHUKIMO,Nalca,-4.31154098,139.77537835,623517016422416383,,,,,> ~5 km / none found,False,44016.84718141944,44016.84718141944,44.02
88931,PAPUA BARAT,KAB. KAIMANA,Buruway,-3.9384886,133.00557271,623514584488017919,,,,,> ~5 km / none found,False,19538.956092962948,43924.51803929925,43.92
76247,PAPUA TENGAH,KAB. INTAN JAYA,Tomosiga,-3.25445402,136.6015854,623511133628104703,,,,,> ~5 km / none found,False,40636.37017848391,43898.95020231555,43.9
91612,PAPUA PEGUNUNGAN,KAB. YAHUKIMO,Kona,-4.29165578,139.7192823,623517017234276351,,,,,> ~5 km / none found,False,43841.01282247353,43841.01282247353,43.84
89391,PAPUA PEGUNUNGAN,KAB. PEGUNUNGAN BINTANG,Eipumek,-4.52493798,140.08821908,623516967831633919,,,,,> ~5 km / none found,False,43815.970020374436,43815.970020374436,43.82
89476,PAPUA TENGAH,KAB. INTAN JAYA,Agisiga,-3.25103626,136.94108211,623512056380850175,,,,,> ~5 km / none found,False,34087.655894411175,43803.792878696535,43.8
92221,PAPUA PEGUNUNGAN,KAB. PEGUNUNGAN BINTANG,Batom,-4.39637934,140.85800131,623516573143465983,,,,,> ~5 km / none found,False,35252.22813019792,43679.04555214855,43.68
92451,PAPUA PEGUNUNGAN,KAB. YAHUKIMO,Nalca,-4.35476674,139.84135559,623516970734682111,,,,,> ~5 km / none found,False,43666.78665780089,43666.78665780089,43.67
93117,PAPUA PEGUNUNGAN,KAB. YAHUKIMO,Anggruk,-4.22901298,139.56375744,623517015909466111,,,,,> ~5 km / none found,False,43429.6968751964,43429.6968751964,43.43
92062,PAPUA TENGAH,KAB. PANIAI,Wegee Muka,-3.08013059,136.7665861,623511132635889663,,,,,> ~5 km / none found,False,21631.25784577359,43341.04458026066,43.34
90383,PAPUA,KAB. WAROPEN,Kirihi,-3.08013059,136.76658608,623511132635889663,,,,,> ~5 km / none found,False,21631.257503518125,43341.04290558276,43.34
89728,PAPUA PEGUNUNGAN,KAB. PEGUNUNGAN BINTANG,Eipumek,-4.5073712,139.97697472,623516966491914239,,,,,> ~5 km / none found,False,43322.84130205264,43322.84130205264,43.32
91123,PAPUA PEGUNUNGAN,KAB. PEGUNUNGAN BINTANG,Batom,-4.39386924,140.86376146,623516573132062719,,,,,> ~5 km / none found,False,35587.36167803082,43184.075659715396,43.18
89262,PAPUA,KAB. WAROPEN,Wonti,-2.73750767,136.85115613,623511936639041535,,,,,> ~5 km / none found,False,20422.585355454594,43070.943834902006,43.07
86762,PAPUA SELATAN,KAB. ASMAT,Sirets,-5.53726024,138.98272463,624256233211461631,,,,,> ~5 km / none found,False,43043.45273201564,43043.45273201564,43.04
90179,PAPUA PEGUNUNGAN,KAB. YAHUKIMO,Nipsan,-4.25826247,139.63853034,623517015973625855,,,,,> ~5 km / none found,False,42994.90206188995,42994.90206188995,42.99
89703,PAPUA,KAB. WAROPEN,Kirihi,-3.27983755,136.98567192,623511898691043327,,,,,> ~5 km / none found,False,31413.654825366804,42898.89234585648,42.9
88581,PAPUA PEGUNUNGAN,KAB. PEGUNUNGAN BINTANG,Nongme,-4.22516753,140.12845421,623516969336930303,,,,,> ~5 km / none found,False,42791.43627689716,42791.43627689716,42.79
89664,PAPUA PEGUNUNGAN,KAB. PEGUNUNGAN BINTANG,Nongme,-4.24270047,140.14380343,623516969269821439,,,,,> ~5 km / none found,False,42646.7147257372,42646.7147257372,42.65
88641,PAPUA PEGUNUNGAN,KAB. YAHUKIMO,Nipsan,-4.20780586,139.71094813,623517021092773887,,,,,> ~5 km / none found,False,42404.32577812865,42404.32577812865,42.4
74673,PAPUA TENGAH,KAB. INTAN JAYA,Tomosiga,-3.25976477,136.6937858,623512055213588479,,,,,> ~5 km / none found,False,41232.760384812995,42366.49136860321,42.37
89020,PAPUA PEGUNUNGAN,KAB. PEGUNUNGAN BINTANG,Nongme,-4.26233164,140.1648541,623516969309077503,,,,,> ~5 km / none found,False,42360.815176190496,42360.815176190496,42.36
25512,KALIMANTAN BARAT,KAB. SINTANG,Ambalau,0.07581671,113.2998671,623335602533138431,,,,,> ~5 km / none found,False,40843.01498604162,42336.41183033997,42.34
93792,PAPUA PEGUNUNGAN,KAB. YAHUKIMO,Ubalihi,-4.27670558,139.65908607,623517016026218495,,,,,> ~5 km / none found,False,42175.06858649744,42175.06858649744,42.18
88958,PAPUA PEGUNUNGAN,KAB. PEGUNUNGAN BINTANG,Weime,-4.33818567,140.27399739,623516965057888255,,,,,> ~5 km / none found,False,37892.177251133435,42064.03586620677,42.06
89203,PAPUA PEGUNUNGAN,KAB. PEGUNUNGAN BINTANG,Okbemtau,-4.47526834,140.83675645,623516573375889407,,,,,> ~5 km / none found,False,32028.145546385862,42009.01131152096,42.01
93573,PAPUA PEGUNUNGAN,KAB. YAHUKIMO,Ubalihi,-4.2896676,139.67792345,623517017279922175,,,,,> ~5 km / none found,False,41977.62858955199,41977.62858955199,41.98
89080,PAPUA,KAB. WAROPEN,Kirihi,-2.95014407,136.82737006,623511132889546751,,,,,> ~5 km / none found,False,12278.433383839563,41862.77363984451,41.86
90716,PAPUA,KAB. MAMBERAMO RAYA,Mamberamo Hulu,-3.04386689,138.31035654,623511968447496191,,,,,> ~5 km / none found,False,41759.03781386183,41759.03781386183,41.76
89611,PAPUA,KAB. WAROPEN,Wonti,-2.69956018,136.82766456,623511937171128319,,,,,> ~5 km / none found,False,22466.595003949747,41693.43487034763,41.69
92724,PAPUA PEGUNUNGAN,KAB. YAHUKIMO,Nalca,-4.35828293,139.81523406,623516970847141887,,,,,> ~5 km / none found,False,41679.89949226894,41679.89949226894,41.68
49393,KEPULAUAN BANGKA BELITUNG,KAB. BELITUNG TIMUR,Manggar,-2.50390716,108.5418623,623968777829253119,,,,,> ~5 km / none found,False,41341.06687776107,41514.533799019795,41.51
89279,PAPUA PEGUNUNGAN,KAB. PEGUNUNGAN BINTANG,Batani,-4.19427216,140.12168052,623516969837461503,,,,,> ~5 km / none found,False,41494.330701721985,41494.330701721985,41.49
90930,PAPUA,KAB. MAMBERAMO RAYA,Sawai,-1.71194369,137.59000414,623514016066994175,,,,,> ~5 km / none found,False,41476.00034248753,41476.00034248753,41.48
89459,PAPUA PEGUNUNGAN,KAB. PEGUNUNGAN BINTANG,Aboy,-4.34784031,140.67053366,623516605446979583,,,,,> ~5 km / none found,False,17815.60726909299,41402.11754513085,41.4
89911,PAPUA PEGUNUNGAN,KAB. YAHUKIMO,Nipsan,-4.20100697,139.67050358,623517021134553087,,,,,> ~5 km / none found,False,41328.191612023926,41328.191612023926,41.33
89539,PAPUA PEGUNUNGAN,KAB. PEGUNUNGAN BINTANG,Bime,-4.48749364,140.1845961,623516967702265855,,,,,> ~5 km / none found,False,41197.94493642478,41197.94493642478,41.2
90390,PAPUA PEGUNUNGAN,KAB. PEGUNUNGAN BINTANG,Weime,-4.30662436,140.23548813,623516965508251647,,,,,> ~5 km / none found,False,40210.59092094021,41132.054866796076,41.13
92359,PAPUA PEGUNUNGAN,KAB. YAHUKIMO,Ubahak,-4.25888111,139.59364391,623517015851728895,,,,,> ~5 km / none found,False,41121.2012809494,41121.2012809494,41.12
90202,PAPUA PEGUNUNGAN,KAB. PEGUNUNGAN BINTANG,Borme,-4.3628796,140.49289419,623516977987977215,,,,,> ~5 km / none found,False,21464.560174628507,41053.77833801181,41.05
92772,PAPUA PEGUNUNGAN,KAB. YAHUKIMO,Nalca,-4.33154076,139.74961511,623517016656019455,,,,,> ~5 km / none found,False,40830.92125407307,40830.92125407307,40.83
89752,PAPUA,KAB. MAMBERAMO RAYA,Mamberamo Tengah Timur,-2.78844938,137.74298595,623511891801571327,,,,,> ~5 km / none found,False,40806.17885539235,40806.17885539235,40.81
89270,PAPUA PEGUNUNGAN,KAB. PEGUNUNGAN BINTANG,Batani,-4.17979293,140.12145944,623516969807839231,,,,,> ~5 km / none found,False,40690.95553856387,40690.95553856387,40.69
93675,PAPUA PEGUNUNGAN,KAB. YAHUKIMO,Ubalihi,-4.25414208,139.55874321,623517015942791167,,,,,> ~5 km / none found,False,40596.453114723285,40596.453114723285,40.6
73995,KALIMANTAN BARAT,KAB. KAPUAS HULU,Putussibau Selatan,1.17308661,113.8543858,623335459856547839,,,,,> ~5 km / none found,False,18855.706152809387,40454.242356380586,40.45
20276,MALUKU,KAB. KEPULAUAN ARU,Aru Tengah Timur,-6.20814311,134.8630051,623513121932378111,,,,,> ~5 km / none found,False,40367.206575847915,40367.206575847915,40.37
89042,PAPUA PEGUNUNGAN,KAB. PEGUNUNGAN BINTANG,Nongme,-4.26476019,140.19374279,623517009227939839,,,,,> ~5 km / none found,False,40318.29094282128,40318.29094282128,40.32
89933,PAPUA PEGUNUNGAN,KAB. PEGUNUNGAN BINTANG,Eipumek,-4.52237094,140.14271498,623516966982221823,,,,,> ~5 km / none found,False,40272.344433182734,40272.344433182734,40.27
90040,PAPUA TENGAH,KAB. INTAN JAYA,Biandoga,-3.35421332,136.33877418,623511149258539007,,,,,> ~5 km / none found,False,39764.82645336419,40265.01000050534,40.27
18931,PAPUA PEGUNUNGAN,KAB. PEGUNUNGAN BINTANG,Borme,-4.35955579,140.43646438,623516976824745983,,,,,> ~5 km / none found,False,25132.23351573766,40244.03279481195,40.24
87677,PAPUA SELATAN,KAB. ASMAT,Joerat,-5.33937994,137.82498658,623511769054609407,,,,,> ~5 km / none found,False,40227.14714295449,40227.14714295449,40.23
92448,PAPUA PEGUNUNGAN,KAB. YAHUKIMO,Nalca,-4.41530332,139.86597345,623516970196762623,,,,,> ~5 km / none found,False,40205.80373801009,40205.80373801009,40.21
89437,PAPUA PEGUNUNGAN,KAB. PEGUNUNGAN BINTANG,Batani,-4.19132489,140.1353971,623516969801711615,,,,,> ~5 km / none found,False,40033.22362180531,40033.22362180531,40.03
90865,PAPUA BARAT,KAB. KAIMANA,Buruway,-3.55500046,133.23899859,623514567937720319,,,,,> ~5 km / none found,False,10410.986433977769,40014.65853119415,40.01
88993,PAPUA PEGUNUNGAN,KAB. YAHUKIMO,Nipsan,-4.17670544,139.75358755,623517000638955519,,,,,> ~5 km / none found,False,39914.44786918782,39914.44786918782,39.91
89150,PAPUA,KAB. MAMBERAMO RAYA,Rufaer,-2.79030001,138.33613648,623511969839808511,,,,,> ~5 km / none found,False,37786.303775877976,39859.76539330298,39.86
89062,PAPUA,KAB. MAMBERAMO RAYA,Mamberamo Tengah Timur,-2.81456896,137.93219181,623511888990601215,,,,,> ~5 km / none found,False,39807.23254701906,39807.23254701906,39.81
72401,PAPUA TENGAH,KAB. PUNCAK,Dervos,-3.28285171,137.0408833,623511897845628927,,,,,> ~5 km / none found,False,26845.663897643204,39734.482878493036,39.73
66774,PAPUA TENGAH,KAB. NABIRE,Siriwo,-3.19500568,136.257035,623511153213243391,,,,,> ~5 km / none found,False,39539.876695921055,39539.876695921055,39.54
30879,PAPUA,KAB. KEPULAUAN YAPEN,Wonawa,-1.62291972,135.46009346,623511433736683519,,,,,> ~5 km / none found,False,39534.235277006344,39534.235277006344,39.53
89923,PAPUA PEGUNUNGAN,KAB. PEGUNUNGAN BINTANG,Nongme,-4.27435939,140.2172589,623517009156800511,,,,,> ~5 km / none found,False,39428.91373095848,39428.91373095848,39.43
89978,PAPUA PEGUNUNGAN,KAB. PEGUNUNGAN BINTANG,Okbemtau,-4.4540299,140.66055977,623516973658701823,,,,,> ~5 km / none found,False,28706.917776258935,39420.659459003895,39.42
88650,PAPUA TENGAH,KAB. INTAN JAYA,Agisiga,-3.38887547,137.20588376,623512063409618943,,,,,> ~5 km / none found,False,30092.534866159393,39404.041589920766,39.4
92362,PAPUA PEGUNUNGAN,KAB. YAHUKIMO,Ubahak,-4.28219247,139.60933468,623517015389437951,,,,,> ~5 km / none found,False,39290.04022772642,39290.04022772642,39.29
93116,PAPUA PEGUNUNGAN,KAB. YAHUKIMO,Anggruk,-4.19678401,139.53018993,623517019825143807,,,,,> ~5 km / none found,False,39231.00948929843,39231.00948929843,39.23
92528,PAPUA PEGUNUNGAN,KAB. YAHUKIMO,Ubahak,-4.26176835,139.52937033,623517020043214847,,,,,> ~5 km / none found,False,39172.0297025081,39172.0297025081,39.17
93793,PAPUA PEGUNUNGAN,KAB. YAHUKIMO,Ubalihi,-4.28774586,139.61827739,623517016011145215,,,,,> ~5 km / none found,False,39103.57677671,39103.57677671,39.1
89970,PAPUA TENGAH,KAB. INTAN JAYA,Agisiga,-3.3201978,137.15162272,623512063828754431,,,,,> ~5 km / none found,False,23625.88475798234,39059.77098975507,39.06
64076,SULAWESI SELATAN,KAB. PANGKAJENE KEPULAUAN,Liukang Tupabbiring,-4.70089409,118.9623434,624118263295901695,,,,,> ~5 km / none found,False,39027.70779294017,39027.70779294017,39.03
89091,PAPUA PEGUNUNGAN,KAB. YAHUKIMO,Hereapini,-4.2438355,139.50226778,623517020004253695,,,,,> ~5 km / none found,False,38982.34461771742,38982.34461771742,38.98
93195,PAPUA PEGUNUNGAN,KAB. YAHUKIMO,Anggruk,-4.23155326,139.50192939,623517020066349055,,,,,> ~5 km / none found,False,38891.35233524156,38891.35233524156,38.89
90190,PAPUA TENGAH,KAB. INTAN JAYA,Agisiga,-3.29968374,137.09233744,623511898081656831,,,,,> ~5 km / none found,False,24513.751556674328,38858.626053809894,38.86
89441,PAPUA,KAB. MAMBERAMO RAYA,Mamberamo Tengah Timur,-2.71407739,137.6191219,623511880279130111,,,,,> ~5 km / none found,False,38782.804300443924,38782.804300443924,38.78
33466,MALUKU,KAB. KEPULAUAN ARU,Aru Tengah Timur,-6.13605939,134.7239481,623513168373317631,,,,,> ~5 km / none found,False,38756.84994285874,38756.84994285874,38.76
89560,PAPUA PEGUNUNGAN,KAB. PEGUNUNGAN BINTANG,Borme,-4.32875331,140.33104622,623516976749772799,,,,,> ~5 km / none found,False,31951.064382987333,38728.41990456061,38.73
88630,PAPUA PEGUNUNGAN,KAB. PEGUNUNGAN BINTANG,Batani,-4.20346721,140.1582244,623516969846865919,,,,,> ~5 km / none found,False,38707.19234689292,38707.19234689292,38.71
89914,PAPUA TENGAH,KAB. INTAN JAYA,Agisiga,-3.17553394,136.93909653,623511902176575487,,,,,> ~5 km / none found,False,31588.145478120234,38583.18698696621,38.58
91105,PAPUA PEGUNUNGAN,KAB. YAHUKIMO,Kona,-4.33668737,139.70302278,623517016739971071,,,,,> ~5 km / none found,False,38553.727834742414,38553.727834742414,38.55
86425,SULAWESI UTARA,KAB. KEPULAUAN SANGIHE,Kepulauan Marore,4.43467171,125.6918662,623532273305288703,,,,,> ~5 km / none found,False,38414.17427633555,38414.17427633555,38.41
89610,PAPUA PEGUNUNGAN,KAB. PEGUNUNGAN BINTANG,Weime,-4.30660916,140.28605716,623516977512480767,,,,,> ~5 km / none found,False,35081.12992248698,38338.859695718565,38.34
93053,PAPUA PEGUNUNGAN,KAB. YAHUKIMO,Ubahak,-4.27510539,139.55787929,623517015877025791,,,,,> ~5 km / none found,False,38316.14153111749,38316.14153111749,38.32
92360,PAPUA PEGUNUNGAN,KAB. YAHUKIMO,Ubahak,-4.26641445,139.49762387,623517020037939199,,,,,> ~5 km / none found,False,38299.57844627107,38299.57844627107,38.3
82611,KALIMANTAN SELATAN,KAB. KOTABARU,Pulau Sembilan,-4.7080405,115.7301594,624121729780187135,,,,,> ~5 km / none found,False,38254.45412826079,38254.45412826079,38.25
89635,PAPUA,KAB. WAROPEN,Kirihi,-3.09555236,136.90064457,623511902773149695,,,,,> ~5 km / none found,False,29412.00394031176,38173.463757992846,38.17
93051,PAPUA PEGUNUNGAN,KAB. YAHUKIMO,Ubahak,-4.29534892,139.61131232,623517015380492287,,,,,> ~5 km / none found,False,38026.8131920995,38026.8131920995,38.03
61080,KEPULAUAN RIAU,KAB. KEPULAUAN ANAMBAS,Siantan Selatan,2.77068496,106.2249731,623277190530760703,,,,,> ~5 km / none found,False,38015.821150372096,38015.821150372096,38.02
90284,PAPUA PEGUNUNGAN,KAB. PEGUNUNGAN BINTANG,Borme,-4.44545556,140.47313925,623516972432621567,,,,,> ~5 km / none found,False,30494.260339087654,37937.446452822456,37.94
87685,PAPUA SELATAN,KAB. ASMAT,Suator,-5.44988032,139.0945958,624256120983322623,,,,,> ~5 km / none found,False,37854.348105045385,37854.348105045385,37.85
14968,KALIMANTAN UTARA,KAB. MALINAU,Kayan Hilir,2.18816605,115.4723777,623338312101199871,,,,,> ~5 km / none found,False,5799.252265043308,37787.358290581724,37.79
90733,PAPUA PEGUNUNGAN,KAB. PEGUNUNGAN BINTANG,Weime,-4.28965932,140.26567084,623517009293279231,,,,,> ~5 km / none found,False,36401.69891899556,37766.85442847306,37.77
92399,PAPUA PEGUNUNGAN,KAB. YAHUKIMO,Korupun,-4.32189941,139.6573138,623517015429152767,,,,,> ~5 km / none found,False,37743.06594906316,37743.06594906316,37.74
92450,PAPUA PEGUNUNGAN,KAB. YAHUKIMO,Nalca,-4.41833286,139.83594749,623516970310860799,,,,,> ~5 km / none found,False,37730.896943123276,37730.896943123276,37.73
89162,PAPUA,KAB. MAMBERAMO RAYA,Rufaer,-2.82980385,138.12320699,623511969072611327,,,,,> ~5 km / none found,False,35908.81606951196,37698.38421294777,37.7
88471,PAPUA PEGUNUNGAN,KAB. PEGUNUNGAN BINTANG,Bime,-4.48171779,140.31320072,623516978817695743,,,,,> ~5 km / none found,False,37683.018987115225,37683.018987115225,37.68
70637,SULAWESI TENGAH,KAB. TOJO UNA UNA,Una Una,-0.15248185,121.6182925,623340743597785087,18.0,,2.376,,> ~5 km / none found,True,2473.0569353911455,37573.900157970114,37.57
89854,PAPUA PEGUNUNGAN,KAB. PEGUNUNGAN BINTANG,Okbemtau,-4.48347403,140.74528457,623516573218766847,,,,,> ~5 km / none found,False,29830.93089531331,37419.35338560852,37.42
92277,PAPUA PEGUNUNGAN,KAB. YAHUKIMO,Endomen,-4.06780552,139.91479358,623517002219487231,,,,,> ~5 km / none found,False,37317.54685751601,37317.54685751601,37.32
53134,JAWA TIMUR,KAB. SUMENEP,Dasuk,-6.949533,133.831205,624107862348136447,,,,,> ~5 km / none found,False,37234.67963408302,37234.67963408302,37.23
92591,PAPUA SELATAN,KAB. MAPPI,Assue,-5.82413044,138.97793659,624256235496144895,,,,,> ~5 km / none found,False,37229.609229222224,37229.609229222224,37.23
87679,PAPUA SELATAN,KAB. ASMAT,Atsj,-5.75978445,138.7659245,624256232608563199,,,,,> ~5 km / none found,False,37122.153245119414,37122.153245119414,37.12
88979,PAPUA PEGUNUNGAN,KAB. PEGUNUNGAN BINTANG,Batani,-4.22960362,140.20105809,623517009199202303,,,,,> ~5 km / none found,False,36956.536364800144,36956.536364800144,36.96
89028,PAPUA PEGUNUNGAN,KAB. PEGUNUNGAN BINTANG,Borme,-4.46592734,140.41457379,623516973212663807,,,,,> ~5 km / none found,False,35767.34575089977,36894.73693135407,36.89
93674,PAPUA PEGUNUNGAN,KAB. YAHUKIMO,Ubahak,-4.14193305,139.77240072,623517001117171711,,,,,> ~5 km / none found,False,36839.38031150264,36839.38031150264,36.84
85501,PAPUA,KAB. KEPULAUAN YAPEN,Wonawa,-1.64952153,135.4815786,623511432957329407,,,,,> ~5 km / none found,False,36689.62617571441,36689.62617571441,36.69
93794,PAPUA PEGUNUNGAN,KAB. YAHUKIMO,Ubalihi,-4.29924881,139.58761039,623517015364730879,,,,,> ~5 km / none found,False,36678.148506641395,36678.148506641395,36.68
92530,PAPUA PEGUNUNGAN,KAB. YAHUKIMO,Ubahak,-4.30554595,139.60368501,623517015305748479,,,,,> ~5 km / none found,False,36660.66585681488,36660.66585681488,36.66
93114,PAPUA,KAB. SUPIORI,Supiori Barat,-0.40861089,135.27018025,623513347996844031,,,,,> ~5 km / none found,False,36635.44087538291,36635.44087538291,36.64
90444,PAPUA PEGUNUNGAN,KAB. PEGUNUNGAN BINTANG,Okbab,-4.4792197,140.3848877,623516979007782911,,,,,> ~5 km / none found,False,36548.3709596134,36548.3709596134,36.55
88491,PAPUA TENGAH,KAB. PANIAI,Youtadi,-3.40948522,136.25258489,623511154831491071,,,,,> ~5 km / none found,False,35992.32696133599,36547.27959287647,36.55
89874,PAPUA BARAT DAYA,KAB. TAMBRAUW,Kebar Selatan,-1.18518471,133.12745604,623513446368378879,,,,,> ~5 km / none found,False,36412.953063795,36412.953063795,36.41
88924,PAPUA,KAB. WAROPEN,Wonti,-2.62978676,136.82261878,623511934645960703,,,,,> ~5 km / none found,False,29317.93133113453,36387.28627538066,36.39
89125,PAPUA PEGUNUNGAN,KAB. PEGUNUNGAN BINTANG,Weime,-4.26520524,140.25162692,623517009355767807,,,,,> ~5 km / none found,False,36334.109292946945,36334.109292946945,36.33
53882,PAPUA TENGAH,KAB. MIMIKA,Alama,-4.3255709,137.9281793,623511788815056895,,,,,> ~5 km / none found,False,9979.950386158174,36317.58849213342,36.32
48821,PAPUA TENGAH,KAB. MIMIKA,Alama,-4.2429879,137.9377498,623511788999540735,,,,,> ~5 km / none found,False,9409.183603538302,36235.01584525601,36.24
91007,PAPUA BARAT,KAB. KAIMANA,Buruway,-3.65367482,133.16940722,623514567435157503,6.0,,0.792,,> ~5 km / none found,True,725.8989324521702,36163.25864731963,36.16
89707,PAPUA BARAT,KAB. KAIMANA,Buruway,-3.5528533,133.30902639,623514569051635711,,,,,> ~5 km / none found,False,15383.722361310753,36093.347821507974,36.09
74649,PAPUA TENGAH,KAB. INTAN JAYA,Tomosiga,-3.32750401,136.5987079,623511150177878015,,,,,> ~5 km / none found,False,32554.807718068056,36076.00469047527,36.08
90423,PAPUA PEGUNUNGAN,KAB. PEGUNUNGAN BINTANG,Bime,-4.52737736,140.20841586,623516967111884799,,,,,> ~5 km / none found,False,36072.112924747045,36072.112924747045,36.07
89183,PAPUA,KAB. MAMBERAMO RAYA,Mamberamo Tengah,-2.61955549,138.46271957,623511953899716607,,,,,> ~5 km / none found,False,33992.81460442852,36053.50297013023,36.05
89988,PAPUA TENGAH,KAB. INTAN JAYA,Agisiga,-3.38268895,137.0034499,623512052166066175,,,,,> ~5 km / none found,False,36029.10000845784,36029.10000845784,36.03
34136,JAWA TIMUR,KAB. SUMENEP,Sapeken,-6.94075584,116.2520976,623989754380222463,,,,,> ~5 km / none found,False,36020.61613157599,36020.61613157599,36.02
92655,PAPUA SELATAN,KAB. MERAUKE,Tabonji,-7.78935847,138.47609762,624256363627216895,,,,,> ~5 km / none found,False,29092.81687026687,35990.96870869325,35.99
93788,PAPUA PEGUNUNGAN,KAB. YAHUKIMO,Hereapini,-4.26197302,139.47311382,623517022501371903,,,,,> ~5 km / none found,False,35931.42759749507,35931.42759749507,35.93
89140,PAPUA PEGUNUNGAN,KAB. YAHUKIMO,Nipsan,-4.14943044,139.70327421,623517020865200127,,,,,> ~5 km / none found,False,35893.314230328244,35893.314230328244,35.89
67544,PAPUA SELATAN,KAB. ASMAT,Suator,-5.37991952,139.22675088,624256119892443135,,,,,> ~5 km / none found,False,35729.88608010764,35729.88608010764,35.73
89597,PAPUA PEGUNUNGAN,KAB. PEGUNUNGAN BINTANG,Borme,-4.3141633,140.38549626,623516977349722111,,,,,> ~5 km / none found,False,26103.54380257325,35715.99685148351,35.72
72516,PAPUA,KAB. WAROPEN,Masirei,-2.61957899,136.99261564,623511935751127039,,,,,> ~5 km / none found,False,35686.51370781135,35686.51370781135,35.69
84784,KALIMANTAN TIMUR,KAB. BERAU,Kelay,2.02397397,116.3887502,623338062080180223,,,,,> ~5 km / none found,False,13141.704088676779,35602.16934967354,35.6
93050,PAPUA PEGUNUNGAN,KAB. YAHUKIMO,Ubahak,-4.29191346,139.51017103,623517016172199935,,,,,> ~5 km / none found,False,35600.763051154834,35600.763051154834,35.6
88750,PAPUA,KAB. MAMBERAMO RAYA,Sawai,-1.86915806,137.08818947,623513954371829759,,,,,> ~5 km / none found,False,34323.842202595115,35581.79576652271,35.58
87076,PAPUA SELATAN,KAB. ASMAT,Sor Ep,-5.38522878,138.717278,624256197083955199,,,,,> ~5 km / none found,False,35553.31316599736,35553.31316599736,35.55
90347,PAPUA,KAB. MAMBERAMO RAYA,Sawai,-1.83611427,137.2000974,623513954224144383,,,,,> ~5 km / none found,False,35533.812929191066,35533.812929191066,35.53
51008,KEPULAUAN BANGKA BELITUNG,KAB. BELITUNG,Membalong,-3.31791944,107.2113087,623968834789965823,,,,,> ~5 km / none found,False,35511.23483515046,35511.23483515046,35.51
78738,PAPUA TENGAH,KAB. INTAN JAYA,Tomosiga,-3.36072088,136.8385673,623512055953096703,,,,,> ~5 km / none found,False,35479.667610022,35479.667610022,35.48
53623,SULAWESI TENGAH,KAB. MOROWALI,Menui Kepulauan,-3.38673093,122.8177911,624120812703186943,,,,,> ~5 km / none found,False,35477.02237915188,35477.02237915188,35.48
78824,PAPUA TENGAH,KAB. INTAN JAYA,Biandoga,-3.3865046,136.4868647,623511149791969279,,,,,> ~5 km / none found,False,27897.304529434463,35440.24199687163,35.44
28190,PAPUA,KAB. KEPULAUAN YAPEN,Wonawa,-1.66316994,135.49179067,623511432951627775,,,,,> ~5 km / none found,False,35389.12091838139,35389.12091838139,35.39
92020,PAPUA TENGAH,KAB. PANIAI,Wegee Muka,-3.15033511,136.9572452,623511902137679871,,,,,> ~5 km / none found,False,29134.8897061831,35339.62294287038,35.34
93123,PAPUA PEGUNUNGAN,KAB. YAHUKIMO,Sela,-4.5116612,139.88766056,623516966786760703,,,,,> ~5 km / none found,False,35323.91947298429,35323.91947298429,35.32
93052,PAPUA PEGUNUNGAN,KAB. YAHUKIMO,Ubahak,-4.26556416,139.46706406,623517019914502143,,,,,> ~5 km / none found,False,35314.26544072688,35314.26544072688,35.31
92531,PAPUA PEGUNUNGAN,KAB. YAHUKIMO,Ubahak,-4.29050248,139.46262204,623517022420107263,,,,,> ~5 km / none found,False,35296.97281508183,35296.97281508183,35.3
57118,PAPUA TENGAH,KAB. MIMIKA,Tembagapura,-4.41913603,137.3412717,623511782216597503,,,,,> ~5 km / none found,False,34877.45090325802,35293.222945543785,35.29
15099,KEPULAUAN RIAU,KAB. NATUNA,Pulau Panjang,2.6786102,108.5740632,623354036894171135,,,,,> ~5 km / none found,False,35275.252847321,35275.252847321,35.28
93897,PAPUA PEGUNUNGAN,KAB. NDUGA,Yenggelo,-4.19850994,138.01737588,623511790009647103,,,,,> ~5 km / none found,False,19416.438735884032,35250.56310193595,35.25
88816,PAPUA,KAB. WAROPEN,Wonti,-2.76548577,136.78432586,623511936536248319,,,,,> ~5 km / none found,False,13797.995004524564,35173.78740361949,35.17
93790,PAPUA PEGUNUNGAN,KAB. YAHUKIMO,Kosarek,-4.14172573,139.62824032,623517020743925759,,,,,> ~5 km / none found,False,34980.90895812873,34980.90895812873,34.98
92580,PAPUA PEGUNUNGAN,KAB. YAHUKIMO,Ubahak,-4.31322658,139.57925312,623517015405985791,,,,,> ~5 km / none found,False,34914.630913000125,34914.630913000125,34.91
85399,KALIMANTAN UTARA,KAB. NUNUKAN,Lumbis Hulu,4.16772611,116.0927763,623327662694137855,,,,,> ~5 km / none found,False,20368.20025087596,34913.47145946709,34.91
14927,KALIMANTAN UTARA,KAB. MALINAU,Kayan Hilir,1.86560695,115.4976425,623335524432773119,,,,,> ~5 km / none found,False,29012.037929111157,34872.369388822975,34.87
30636,PAPUA TENGAH,KAB. MIMIKA,Alama,-4.36950195,137.8986092,623511788829310975,,,,,> ~5 km / none found,False,11511.77044748242,34790.26101141971,34.79
92420,PAPUA PEGUNUNGAN,KAB. PEGUNUNGAN BINTANG,Batom,-4.31569175,140.85028829,623516606703206399,,,,,> ~5 km / none found,False,29763.968234674096,34777.10959307829,34.78
90380,PAPUA,KAB. WAROPEN,Demba,-2.59129599,136.88700917,623511934591598591,,,,,> ~5 km / none found,False,34772.743427954,34772.743427954,34.77
88453,PAPUA PEGUNUNGAN,KAB. PEGUNUNGAN BINTANG,Borme,-4.29436007,140.34128989,623516977213112319,,,,,> ~5 km / none found,False,29007.36784347784,34760.048496687654,34.76
90626,PAPUA PEGUNUNGAN,KAB. PEGUNUNGAN BINTANG,Eipumek,-4.60847826,140.12024955,623516994578710527,,,,,> ~5 km / none found,False,34736.93907224248,34736.93907224248,34.74
59150,KALIMANTAN TIMUR,KAB. BERAU,Batu Putih,1.5601146,118.9469574,623343001938460671,,,,,> ~5 km / none found,False,34719.22103181932,34719.22103181932,34.72
92532,PAPUA PEGUNUNGAN,KAB. YAHUKIMO,Ubahak,-4.30530065,139.54002077,623517016102993919,,,,,> ~5 km / none found,False,34629.79581785004,34629.79581785004,34.63
854,PAPUA PEGUNUNGAN,KAB. PEGUNUNGAN BINTANG,Aboy,-4.29644495,140.52296859,623516977721409535,,,,,> ~5 km / none found,False,13525.103177947592,34554.583144555974,34.55
90719,PAPUA PEGUNUNGAN,KAB. PEGUNUNGAN BINTANG,Okbab,-4.47493545,140.51836965,623516972581584895,,,,,> ~5 km / none found,False,31703.348516033253,34547.47663515705,34.55
87609,PAPUA,KAB. SARMI,Bonggo,-2.87941497,139.56128564,623518908545662975,,,,,> ~5 km / none found,False,34541.44811479266,34541.44811479266,34.54
79005,KALIMANTAN TIMUR,KAB. MAHAKAM ULU,Long Apari,0.96895186,113.9729617,623335430159925247,,,,,> ~5 km / none found,False,34532.68010885321,34532.68010885321,34.53
30953,PAPUA,KAB. KEPULAUAN YAPEN,Wonawa,-1.66641514,135.4996763,623511433393766399,,,,,> ~5 km / none found,False,34482.75013320244,34482.75013320244,34.48
88820,PAPUA,KAB. MAMBERAMO RAYA,Mamberamo Hulu,-3.32361413,138.92902372,623511729678123007,,,,,> ~5 km / none found,False,10891.882476856485,34453.56233981031,34.45
92709,PAPUA PEGUNUNGAN,KAB. YAHUKIMO,Ubalihi,-4.17328906,139.4884344,623517019678539775,,,,,> ~5 km / none found,False,34439.11581518744,34439.11581518744,34.44
89571,PAPUA PEGUNUNGAN,KAB. PEGUNUNGAN BINTANG,Okbab,-4.48493373,140.57794786,623516973790527487,,,,,> ~5 km / none found,False,31598.498743687116,34380.96133768956,34.38
88880,PAPUA PEGUNUNGAN,KAB. PEGUNUNGAN BINTANG,Kiwirok Timur,-4.67245946,140.9564592,623516572698705919,,,,,> ~5 km / none found,False,24056.1090767537,34287.88918692629,34.29
92361,PAPUA PEGUNUNGAN,KAB. YAHUKIMO,Ubahak,-4.27541661,139.45593369,623517022474502143,,,,,> ~5 km / none found,False,34254.18976256354,34254.18976256354,34.25
45707,PAPUA TENGAH,KAB. MIMIKA,Alama,-4.40807095,137.9029113,623511791154626559,,,,,> ~5 km / none found,False,15594.127356959556,34186.109284192775,34.19
88899,PAPUA PEGUNUNGAN,KAB. PEGUNUNGAN BINTANG,Borme,-4.27724556,140.31324921,623516977277796351,,,,,> ~5 km / none found,False,30992.452766788567,34115.44994968529,34.12
93807,PAPUA PEGUNUNGAN,KAB. YAHUKIMO,Ubalihi,-4.34663603,139.63475029,623517015791665151,,,,,> ~5 km / none found,False,34108.42350764413,34108.42350764413,34.11
83315,PAPUA SELATAN,KAB. ASMAT,Awyu,-5.93330278,138.86121634,624256236610748415,,,,,> ~5 km / none found,False,24541.244237148447,34092.328307466305,34.09
92843,PAPUA PEGUNUNGAN,KAB. YAHUKIMO,Anggruk,-4.20672003,139.45817686,623517019950481407,,,,,> ~5 km / none found,False,34077.09296813579,34077.09296813579,34.08
90586,PAPUA,KAB. WAROPEN,Risei Sayati,-2.67492352,136.75093571,623511937143209983,,,,,> ~5 km / none found,False,21820.66834029118,34037.03834115598,34.04
74650,PAPUA TENGAH,KAB. INTAN JAYA,Biandoga,-3.1544073,136.474555,623511154484117503,,,,,> ~5 km / none found,False,33991.68319986487,33991.68319986487,33.99
30852,PAPUA,KAB. KEPULAUAN YAPEN,Wonawa,-1.67776494,135.50401577,623511433384525823,,,,,> ~5 km / none found,False,33914.487162363286,33914.487162363286,33.91
70152,SULAWESI SELATAN,KAB. PANGKAJENE KEPULAUAN,Liukang Tangaya,-6.57623176,118.8338435,624118175897026559,,,,,> ~5 km / none found,False,33851.858516158725,33851.858516158725,33.85
88527,PAPUA PEGUNUNGAN,KAB. PEGUNUNGAN BINTANG,Batani,-4.14532189,140.17290167,623517013557051391,,,,,> ~5 km / none found,False,33841.45381099027,33841.45381099027,33.84
72169,KALIMANTAN TENGAH,KAB. KATINGAN,Mendawai,-2.61950283,113.5869601,623336494754791423,,,,,> ~5 km / none found,False,33817.079271751456,33817.079271751456,33.82
30239,MALUKU,KAB. KEPULAUAN ARU,Aru Tengah Timur,-6.17200747,134.6762189,623513170848153599,,,,,> ~5 km / none found,False,33760.03544194901,33760.03544194901,33.76
92519,PAPUA SELATAN,KAB. ASMAT,Pulau Tiga,-4.71437053,138.02704613,623511754059644927,,,,,> ~5 km / none found,False,33752.6217545723,33752.6217545723,33.75
93808,PAPUA PEGUNUNGAN,KAB. YAHUKIMO,Ubalihi,-4.31173665,139.52946514,623517016104271871,,,,,> ~5 km / none found,False,33715.70642700753,33715.70642700753,33.72
89419,PAPUA PEGUNUNGAN,KAB. PEGUNUNGAN BINTANG,Okbemtau,-4.57253026,140.84845731,623516568959778815,,,,,> ~5 km / none found,False,22492.47237942057,33703.62070496472,33.7
93812,PAPUA PEGUNUNGAN,KAB. YAHUKIMO,Kosarek,-4.14251722,139.51702993,623517020364046335,,,,,> ~5 km / none found,False,33640.64191838572,33640.64191838572,33.64
89558,PAPUA,KAB. MAMBERAMO RAYA,Mamberamo Hilir,-1.77684811,137.99174748,623514024727412735,,,,,> ~5 km / none found,False,25552.806626774865,33606.4082762881,33.61
78777,PAPUA TENGAH,KAB. INTAN JAYA,Tomosiga,-3.34430194,136.7423171,623512054668361727,,,,,> ~5 km / none found,False,33594.80336850714,33594.80336850714,33.59
90700,PAPUA TENGAH,KAB. INTAN JAYA,Biandoga,-3.15991947,136.40509518,623511154345508863,,,,,> ~5 km / none found,False,33594.77913536742,33594.77913536742,33.59
29926,ACEH,KAB. SIMEULUE,Teupah Selatan,2.09334034,96.64763848,623281282951282687,,,,,> ~5 km / none found,False,33563.25406121825,33563.25406121825,33.56
93653,PAPUA PEGUNUNGAN,KAB. YAHUKIMO,Kosarek,-4.12970413,139.68651925,623517021376479231,,,,,> ~5 km / none found,False,33535.400186098304,33535.400186098304,33.54
89518,PAPUA PEGUNUNGAN,KAB. PEGUNUNGAN BINTANG,Aboy,-4.25015325,140.60477366,623516606009573375,,,,,> ~5 km / none found,False,5508.284631802564,33509.41486210581,33.51
91142,PAPUA PEGUNUNGAN,KAB. PEGUNUNGAN BINTANG,Aboy,-4.25015325,140.60477366,623516606009573375,,,,,> ~5 km / none found,False,5508.284631802564,33509.41486210581,33.51
90424,PAPUA PEGUNUNGAN,KAB. PEGUNUNGAN BINTANG,Borme,-4.29709709,140.44660327,623516978622136319,,,,,> ~5 km / none found,False,19717.40876610394,33348.018399895795,33.35
90294,PAPUA,KAB. SARMI,Tor Atas,-2.40631525,138.58720799,623511953173872639,,,,,> ~5 km / none found,False,23121.126311373802,33336.167110395385,33.34
90269,PAPUA TENGAH,KAB. INTAN JAYA,Biandoga,-3.41633366,136.39628361,623511148846940159,,,,,> ~5 km / none found,False,30384.23318051588,33295.021170854016,33.3
90235,PAPUA PEGUNUNGAN,KAB. YAHUKIMO,Walma,-4.27694284,139.44671302,623517022487609343,,,,,> ~5 km / none found,False,33274.71159564321,33274.71159564321,33.27
32127,KALIMANTAN BARAT,KAB. KAPUAS HULU,Kalis,0.4142697,113.2980791,623338525507682303,,,,,> ~5 km / none found,False,16914.0657379472,33273.136167444885,33.27
91132,PAPUA PEGUNUNGAN,KAB. PEGUNUNGAN BINTANG,Alemsom,-4.65719485,140.00561034,623516994636972031,,,,,> ~5 km / none found,False,33231.940307743185,33231.940307743185,33.23
92624,PAPUA PEGUNUNGAN,KAB. PEGUNUNGAN BINTANG,Batom,-4.32582315,140.9542548,623516574544527359,,,,,> ~5 km / none found,False,33170.02293836275,33170.02293836275,33.17
89029,PAPUA,KAB. MAMBERAMO RAYA,Rufaer,-2.77834775,137.45541975,623511878736314367,,,,,> ~5 km / none found,False,33167.58496970699,33167.58496970699,33.17
50478,PAPUA TENGAH,KAB. MIMIKA,Alama,-4.23379466,137.9097086,623511788883738623,,,,,> ~5 km / none found,False,6983.731905480044,33140.13943798715,33.14
92708,PAPUA PEGUNUNGAN,KAB. YAHUKIMO,Ubahak,-4.25820336,139.44818505,623517019894644735,,,,,> ~5 km / none found,False,33134.302204995874,33134.302204995874,33.13
91262,PAPUA BARAT,KAB. TELUK WONDAMA,Roswar,-2.02441926,134.38780143,623511334749405183,,,,,> ~5 km / none found,False,33099.31654047948,33099.31654047948,33.1
90157,PAPUA TENGAH,KAB. INTAN JAYA,Agisiga,-3.41661259,137.08876454,623512064035684351,,,,,> ~5 km / none found,False,32411.28700426938,33074.78707807231,33.07
30971,PAPUA,KAB. KEPULAUAN YAPEN,Wonawa,-1.64859303,135.51508832,623511432960573439,,,,,> ~5 km / none found,False,33012.637850980514,33012.637850980514,33.01
64010,PAPUA TENGAH,KAB. NABIRE,Siriwo,-3.28027601,136.2170306,623511153012834303,,,,,> ~5 km / none found,False,32988.36494819773,32988.36494819773,32.99
59715,MALUKU,KAB. MALUKU BARAT DAYA,Wetar Utara,-7.7501211,125.9311682,624123706969456639,14.0,,1.848,,> ~5 km / none found,True,1692.3742278776465,32917.39005211373,32.92
42384,SULAWESI TENGAH,KAB. BANGGAI LAUT,Bangkurung,-2.20897099,123.151348,623341325637582847,,,,,> ~5 km / none found,False,32861.260699648075,32861.260699648075,32.86
93786,PAPUA PEGUNUNGAN,KAB. YAHUKIMO,Anggruk,-4.22096552,139.44692864,623517019927281663,,,,,> ~5 km / none found,False,32777.35860452693,32777.35860452693,32.78
7069,KALIMANTAN BARAT,KAB. KAPUAS HULU,Putussibau Utara,1.24367621,113.1168005,623338534763724799,,,,,> ~5 km / none found,False,21305.422144455064,32647.685943708962,32.65
92783,PAPUA PEGUNUNGAN,KAB. YAHUKIMO,Nalca,-4.4277405,139.77007801,623517018734231551,,,,,> ~5 km / none found,False,32509.10771209309,32509.10771209309,32.51
92570,PAPUA SELATAN,KAB. MERAUKE,Kimaam,-8.38707157,138.83914399,624254539749163007,0.0,,0.0,,> ~5 km / none found,True,10.79747851713297,32508.15933621149,32.51
92210,PAPUA BARAT,KAB. MANOKWARI,Manokwari Timur,-8.38707157,138.83914399,624254539749163007,0.0,,0.0,,> ~5 km / none found,True,10.79747851713297,32508.15933621149,32.51
75751,PAPUA TENGAH,KAB. PUNCAK,Dervos,-3.23002,137.0820485,623511898524975103,,,,,> ~5 km / none found,False,19546.787344779794,32396.199297472256,32.4
93572,PAPUA PEGUNUNGAN,KAB. YAHUKIMO,Kosarek,-4.11936291,139.67004774,623517021435035647,,,,,> ~5 km / none found,False,32300.955937293205,32300.955937293205,32.3
88777,PAPUA BARAT,KAB. KAIMANA,Kambrau,-3.34744314,133.3628944,623511524610899967,4.0,,0.528,,> ~5 km / none found,True,541.10859736742,32264.948251403843,32.26
89362,PAPUA PEGUNUNGAN,KAB. PEGUNUNGAN BINTANG,Okbab,-4.50453949,140.43303653,623516972623953919,,,,,> ~5 km / none found,False,32239.50077719774,32239.50077719774,32.24
79582,PAPUA TENGAH,KAB. PUNCAK,Bina,-3.50572267,137.4103454,623512060086583295,,,,,> ~5 km / none found,False,32223.126036531852,32223.126036531852,32.22
90433,PAPUA BARAT DAYA,KAB. TAMBRAUW,Kebar Selatan,-1.24596371,133.08799706,623513442784509951,,,,,> ~5 km / none found,False,32207.157240893353,32207.157240893353,32.21
89205,PAPUA,KAB. WAROPEN,Kirihi,-2.72342099,137.07328701,623511931404845055,,,,,> ~5 km / none found,False,32108.61565347545,32108.61565347545,32.11
89323,PAPUA PEGUNUNGAN,KAB. PEGUNUNGAN BINTANG,Okbemtau,-4.52433088,140.69833836,623516575643697151,,,,,> ~5 km / none found,False,26064.538548609602,31950.765919970072,31.95
93813,PAPUA PEGUNUNGAN,KAB. NDUGA,Yenggelo,-4.27931233,138.0065209,623511790261764095,,,,,> ~5 km / none found,False,16628.297564884153,31887.86104790018,31.89
93509,PAPUA PEGUNUNGAN,KAB. YAHUKIMO,Kosarek,-4.11420117,139.63611984,623517021206347775,,,,,> ~5 km / none found,False,31863.65937377302,31863.65937377302,31.86
89751,PAPUA PEGUNUNGAN,KAB. PEGUNUNGAN BINTANG,Okbemtau,-4.63873942,140.8890707,623516571439071231,,,,,> ~5 km / none found,False,19515.870921145422,31846.47689684998,31.85
93119,PAPUA PEGUNUNGAN,KAB. YAHUKIMO,Anggruk,-4.20810827,139.43770849,623517019935965183,,,,,> ~5 km / none found,False,31799.65946101548,31799.65946101548,31.8
88384,PAPUA SELATAN,KAB. ASMAT,Joerat,-5.25257683,137.9428841,623511770645561343,,,,,> ~5 km / none found,False,31779.761035022966,31779.761035022966,31.78
57036,PAPUA TENGAH,KAB. MIMIKA,Alama,-4.30285388,137.8910709,623511788332089343,,,,,> ~5 km / none found,False,5211.918913288527,31733.519596590286,31.73
93118,PAPUA PEGUNUNGAN,KAB. YAHUKIMO,Anggruk,-4.2128649,139.43675665,623517019925839871,,,,,> ~5 km / none found,False,31669.68739880554,31669.68739880554,31.67
93211,PAPUA PEGUNUNGAN,KAB. NDUGA,Mam,-4.273032,138.012899,623511790256553983,,,,,> ~5 km / none found,False,17309.671121612206,31615.990737870772,31.62
93963,PAPUA PEGUNUNGAN,KAB. NDUGA,Alama,-4.2046086,137.91724062,623511624312553471,,,,,> ~5 km / none found,False,9689.496074107117,31582.73884082932,31.58
92892,PAPUA PEGUNUNGAN,KAB. YAHUKIMO,Anggruk,-4.2039911,139.43516496,623517020449374207,,,,,> ~5 km / none found,False,31546.049825375798,31546.049825375798,31.55
89088,PAPUA PEGUNUNGAN,KAB. PEGUNUNGAN BINTANG,Borme,-4.21978655,140.26331474,623517008915628031,,,,,> ~5 km / none found,False,31523.737191664313,31523.737191664313,31.52
47587,KEPULAUAN RIAU,KAB. LINGGA,Bakung Serumpun,0.1777807,104.2248953,623276070548996095,,,,,> ~5 km / none found,False,24523.359779763643,31509.06840442361,31.51
92672,PAPUA SELATAN,KAB. MERAUKE,Kimaam,-8.08489268,138.49827198,624256365731577855,,,,,> ~5 km / none found,False,31289.519613086777,31289.519613086777,31.29
88498,PAPUA TENGAH,KAB. PANIAI,Bogabaida,-3.45457532,136.26847124,623511155240140799,,,,,> ~5 km / none found,False,31262.5013729569,31262.5013729569,31.26
89231,PAPUA PEGUNUNGAN,KAB. PEGUNUNGAN BINTANG,Okbemtau,-4.5551986,140.77792182,623516575266734079,,,,,> ~5 km / none found,False,22026.31945946764,31179.367103614397,31.18
88640,PAPUA,KAB. SARMI,Pantai Timur,-2.74023752,139.355682,623518905890340863,,,,,> ~5 km / none found,False,30887.104656283052,31096.61326585,31.1
51262,MALUKU,KAB. MALUKU BARAT DAYA,Wetar Timur,-7.6949178,126.8016407,624124461472055295,10.0,,1.32,,> ~5 km / none found,True,1293.5625070003518,31093.69774640165,31.09
86212,PAPUA TENGAH,KAB. MIMIKA,Mimika Timur Jauh,-4.989905,137.243066,623513056633454591,,,,,> ~5 km / none found,False,31087.27772631057,31087.27772631057,31.09
88288,PAPUA SELATAN,KAB. ASMAT,Sirets,-5.59065831,138.75363236,624256234170548223,,,,,> ~5 km / none found,False,30980.724938422776,30980.724938422776,30.98
93120,PAPUA PEGUNUNGAN,KAB. YAHUKIMO,Anggruk,-4.20894109,139.43034991,623517019932950527,,,,,> ~5 km / none found,False,30978.927212153005,30978.927212153005,30.98
93848,PAPUA PEGUNUNGAN,KAB. NDUGA,Alama,-4.47049269,137.98085201,623511784321941503,,,,,> ~5 km / none found,False,25796.26103397827,30978.379254340864,30.98
92276,PAPUA PEGUNUNGAN,KAB. YAHUKIMO,Endomen,-3.98301202,139.95492409,623516998279299071,,,,,> ~5 km / none found,False,30975.598025165003,30975.598025165003,30.98
30483,PAPUA,KAB. KEPULAUAN YAPEN,Pulau Kurudu,-1.86054622,137.0467926,623513953179992063,,,,,> ~5 km / none found,False,29621.476266281283,30883.048662982303,30.88
93212,PAPUA PEGUNUNGAN,KAB. YAHUKIMO,Walma,-4.25413691,139.42819423,623517022367842303,,,,,> ~5 km / none found,False,30878.67987608704,30878.67987608704,30.88
85919,PAPUA SELATAN,KAB. ASMAT,Suator,-5.38908216,139.37302796,624256126055677951,,,,,> ~5 km / none found,False,30842.93256778833,30842.93256778833,30.84
88809,PAPUA,KAB. MAMBERAMO RAYA,Rufaer,-2.94379688,138.08468601,623511970922070015,,,,,> ~5 km / none found,False,30817.349056972707,30817.349056972707,30.82
35264,MALUKU,KAB. KEPULAUAN ARU,Aru Tengah Timur,-6.22061082,134.7322613,623513170947407871,,,,,> ~5 km / none found,False,30759.681241509978,30759.681241509978,30.76
89700,PAPUA PEGUNUNGAN,KAB. PEGUNUNGAN BINTANG,Oksamol,-4.78612498,140.98252297,623516736825884671,,,,,> ~5 km / none found,False,25497.175260080752,30723.17787856157,30.72
90780,PAPUA,KAB. WAROPEN,Kirihi,-3.15768097,137.01577353,623511902273044479,,,,,> ~5 km / none found,False,22842.53126380026,30681.8542498814,30.68
93054,PAPUA PEGUNUNGAN,KAB. YAHUKIMO,Ubalihi,-4.15303037,139.45557716,623517020164882431,,,,,> ~5 km / none found,False,30619.26395987564,30619.26395987564,30.62
37231,MALUKU,KAB. KEPULAUAN ARU,Aru Tengah Timur,-6.07772567,134.6639029,623513168955703295,,,,,> ~5 km / none found,False,30596.117526304384,30596.117526304384,30.6
80615,PAPUA SELATAN,KAB. ASMAT,Ayib,-5.90516641,138.65855965,624256215702929407,,,,,> ~5 km / none found,False,30553.483431543627,30553.483431543627,30.55
61520,KALIMANTAN TIMUR,KAB. KUTAI TIMUR,Muara Wahau,1.52926802,116.6793492,623338030637907967,,,,,> ~5 km / none found,False,6316.306900494878,30540.318790884317,30.54
88245,PAPUA PEGUNUNGAN,KAB. YAHUKIMO,Walma,-4.28430193,139.42005381,623517022275305471,,,,,> ~5 km / none found,False,30534.152236749294,30534.152236749294,30.53
89066,PAPUA BARAT DAYA,KAB. TAMBRAUW,Kebar Selatan,-1.14329172,133.22572257,623513447300169727,,,,,> ~5 km / none found,False,30401.96244141277,30401.96244141277,30.4
75657,KALIMANTAN TIMUR,KAB. KUTAI TIMUR,Busang,1.09459307,116.2910546,623338046667456511,,,,,> ~5 km / none found,False,28458.875515495914,30370.094841191403,30.37
74531,KALIMANTAN BARAT,KAB. KAPUAS HULU,Embaloh Hulu,1.40506587,112.6037361,623338805348302847,,,,,> ~5 km / none found,False,20746.924967916206,30324.752190614276,30.32
88537,PAPUA PEGUNUNGAN,KAB. PEGUNUNGAN BINTANG,Bime,-4.55168381,140.29685841,623516979291619327,,,,,> ~5 km / none found,False,30317.40369205597,30317.40369205597,30.32
59329,ACEH,KAB. ACEH SELATAN,Kluet Tengah,3.51508429,97.39019709,623274226564956159,,,,,> ~5 km / none found,False,28561.57403023839,30280.271144455746,30.28
86589,PAPUA TENGAH,KAB. PUNCAK,Doufo,-3.24757383,137.3026594,623511911568900095,,,,,> ~5 km / none found,False,16799.15637456872,30268.412527196368,30.27
93695,PAPUA BARAT DAYA,KAB. RAJA AMPAT,Misool Barat,-2.04317556,130.23832217,624125203165708287,,,,,> ~5 km / none found,False,30211.91846323074,30211.91846323074,30.21
921,PAPUA SELATAN,KAB. MAPPI,Mambioman Bapai,-7.06351296,138.9834982,624256021020704767,,,,,> ~5 km / none found,False,30211.317977483406,30211.317977483406,30.21
91128,PAPUA PEGUNUNGAN,KAB. PEGUNUNGAN BINTANG,Mofinop,-4.2733851,140.85629408,623516606235246591,,,,,> ~5 km / none found,False,28689.419632708967,30202.400632052122,30.2
82537,PAPUA,KAB. JAYAPURA,Kaureh,-3.14536289,139.65070271,623511715522576383,,,,,> ~5 km / none found,False,30196.935637301704,30196.935637301704,30.2
90078,PAPUA,KAB. MAMBERAMO RAYA,Sawai,-1.79230614,137.3572191,623514062740815871,,,,,> ~5 km / none found,False,30153.22837267976,30153.22837267976,30.15
30831,PAPUA,KAB. KEPULAUAN YAPEN,Wonawa,-1.65689471,135.53998023,623511433152004095,,,,,> ~5 km / none found,False,30140.383072062366,30140.383072062366,30.14
89065,PAPUA PEGUNUNGAN,KAB. PEGUNUNGAN BINTANG,Okbab,-4.5367137,140.39753007,623516975113240575,,,,,> ~5 km / none found,False,30132.847731815204,30132.847731815204,30.13
90111,PAPUA PEGUNUNGAN,KAB. YAHUKIMO,Walma,-4.24046874,139.42195403,623517019959558143,,,,,> ~5 km / none found,False,30059.73731011579,30059.73731011579,30.06
91171,PAPUA PEGUNUNGAN,KAB. PEGUNUNGAN BINTANG,Okbab,-4.51618825,140.52707453,623516976174694399,,,,,> ~5 km / none found,False,30054.698051515315,30054.698051515315,30.05
90124,PAPUA,KAB. MAMBERAMO RAYA,Rufaer,-2.95375837,137.8282966,623511889947754495,,,,,> ~5 km / none found,False,29992.292861573653,29992.292861573653,29.99
93785,PAPUA PEGUNUNGAN,KAB. YAHUKIMO,Anggruk,-4.21370394,139.42162535,623511853978681343,,,,,> ~5 km / none found,False,29987.4961128812,29987.4961128812,29.99
15139,KALIMANTAN BARAT,KAB. KAPUAS HULU,Putussibau Utara,1.08018185,113.3303972,623338545046126591,,,,,> ~5 km / none found,False,21163.22556888915,29976.933948310398,29.98
85771,PAPUA TENGAH,KAB. PUNCAK,Doufo,-3.38414875,137.3321976,623512064273186815,,,,,> ~5 km / none found,False,29948.313823372828,29948.313823372828,29.95
93079,PAPUA PEGUNUNGAN,KAB. YAHUKIMO,Hereapini,-4.21219541,139.42101145,623511853978812415,,,,,> ~5 km / none found,False,29926.07797150716,29926.07797150716,29.93
88943,PAPUA TENGAH,KAB. PANIAI,Fajar Timur,-3.4378564,136.19419538,623511155164217343,,,,,> ~5 km / none found,False,28785.311066440358,29785.61055278562,29.79
75799,KALIMANTAN TIMUR,KAB. MAHAKAM ULU,Long Apari,0.68607011,113.944954,623335428111958015,,,,,> ~5 km / none found,False,28856.07872018164,29700.96894019234,29.7
93596,PAPUA PEGUNUNGAN,KAB. YAHUKIMO,Kosarek,-4.09401143,139.63327285,623517021208150015,,,,,> ~5 km / none found,False,29675.24070202662,29675.24070202662,29.68
39313,PAPUA,KAB. KEPULAUAN YAPEN,Pulau Kurudu,-1.84999788,137.03721165,623513953121501183,,,,,> ~5 km / none found,False,28377.168249464023,29664.325204809804,29.66
93789,PAPUA PEGUNUNGAN,KAB. YAHUKIMO,Hereapini,-4.34479678,139.49885361,623517021881008127,,,,,> ~5 km / none found,False,29662.11453071137,29662.11453071137,29.66
46607,PAPUA TENGAH,KAB. MIMIKA,Tembagapura,-4.43281011,137.2558459,623512045000720383,,,,,> ~5 km / none found,False,29633.11396495914,29633.11396495914,29.63
89102,PAPUA PEGUNUNGAN,KAB. MAMBERAMO TENGAH,Megambilis,-3.38216269,138.86594799,623511724670222335,,,,,> ~5 km / none found,False,7669.792712722905,29592.126468743292,29.59
92726,PAPUA PEGUNUNGAN,KAB. YAHUKIMO,Yahuliambut,-4.12659102,139.47865424,623517020129099775,,,,,> ~5 km / none found,False,29588.37696635253,29588.37696635253,29.59
83768,KALIMANTAN UTARA,KAB. MALINAU,Pujungan,2.79659387,115.5220308,623338328993759231,,,,,> ~5 km / none found,False,29579.706126715115,29579.706126715115,29.58
90109,PAPUA,KAB. WAROPEN,Risei Sayati,-2.60681086,136.76259538,623511166783225855,,,,,> ~5 km / none found,False,28873.973619145156,29559.71759904442,29.56
89805,PAPUA TENGAH,KAB. DOGIYAI,Piyaiye,-3.94677128,135.40226609,623511311673163775,,,,,> ~5 km / none found,False,21479.906876228502,29545.108321658423,29.55
89852,PAPUA,KAB. MAMBERAMO RAYA,Mamberamo Tengah Timur,-2.74733211,138.07167933,623512001327235071,,,,,> ~5 km / none found,False,27534.889455340635,29490.97230777729,29.49
87847,PAPUA SELATAN,KAB. BOVEN DIGOEL,Fofi,-6.45523839,139.8062946,624256400005726207,,,,,> ~5 km / none found,False,29470.816969864034,29470.816969864034,29.47
88570,PAPUA PEGUNUNGAN,KAB. PEGUNUNGAN BINTANG,Okbab,-4.52304291,140.47357509,623516972849725439,,,,,> ~5 km / none found,False,29399.57053365239,29399.57053365239,29.4
92220,PAPUA PEGUNUNGAN,KAB. YAHUKIMO,Talambo,-4.05441402,139.80814618,623517000883208191,,,,,> ~5 km / none found,False,29385.934881777604,29385.934881777604,29.39
88850,PAPUA BARAT,KAB. TELUK WONDAMA,Roswar,-2.09986444,134.37411306,623511334237077503,,,,,> ~5 km / none found,False,29191.658321655403,29191.658321655403,29.19
90685,PAPUA,KAB. MAMBERAMO RAYA,Mamberamo Tengah,-2.26633348,138.40937053,623511982028455935,,,,,> ~5 km / none found,False,29025.18282325162,29172.491114232333,29.17
92704,PAPUA PEGUNUNGAN,KAB. YAHUKIMO,Panggema,-4.16331714,139.40690288,623517020466511871,,,,,> ~5 km / none found,False,29110.865716490374,29110.865716490374,29.11
79719,PAPUA TENGAH,KAB. PUNCAK,Bina,-3.56897564,137.55705931,623511662355513343,,,,,> ~5 km / none found,False,27160.007497132672,29066.02532645103,29.07
84534,SUMATERA UTARA,KAB. NIAS SELATAN,Pulau-Pulau Batu Timur,0.1431601,98.59008911,623974639440887807,17.0,,2.244,,> ~5 km / none found,True,2135.2581048055526,29021.475808977004,29.02
93349,PAPUA SELATAN,KAB. MAPPI,Passue,-6.53298767,139.76079432,624256031418679295,,,,,> ~5 km / none found,False,28999.9922229753,28999.9922229753,29.0
88277,PAPUA PEGUNUNGAN,KAB. YAHUKIMO,Walma,-4.25662288,139.41041193,623517022370955263,,,,,> ~5 km / none found,False,28950.23944128298,28950.23944128298,28.95
89902,PAPUA TENGAH,KAB. DOGIYAI,Piyaiye,-3.87864315,135.2542385,623511316228440063,,,,,> ~5 km / none found,False,24657.415140510333,28942.787227262837,28.94
64290,SULAWESI SELATAN,KAB. PANGKAJENE KEPULAUAN,Liukang Tupabbiring,-4.71686464,119.0629852,624118263118364671,,,,,> ~5 km / none found,False,28805.747487665838,28805.747487665838,28.81
91112,PAPUA PEGUNUNGAN,KAB. YAHUKIMO,Sobaham,-4.37033871,139.38076667,623517022075191295,,,,,> ~5 km / none found,False,28800.05229332222,28800.05229332222,28.8
27181,PAPUA,KAB. KEPULAUAN YAPEN,Poom,-1.62326241,135.5585375,623511433114943487,,,,,> ~5 km / none found,False,28782.90744003229,28782.90744003229,28.78
92026,PAPUA SELATAN,KAB. MERAUKE,Merauke,-1.62326241,135.5585375,623511433114943487,,,,,> ~5 km / none found,False,28782.90744003229,28782.90744003229,28.78
85918,PAPUA SELATAN,KAB. ASMAT,Suator,-5.27245108,139.34204508,624256142282194943,,,,,> ~5 km / none found,False,28635.45262896217,28780.1422723282,28.78
38993,MALUKU,KAB. KEPULAUAN ARU,Aru Tengah Selatan,-6.37415135,134.8502684,623513138234982399,,,,,> ~5 km / none found,False,28758.031568470844,28758.031568470844,28.76
91137,PAPUA PEGUNUNGAN,KAB. PEGUNUNGAN BINTANG,Alemsom,-4.73586399,140.05422294,623516994138701823,,,,,> ~5 km / none found,False,28745.111713301703,28745.111713301703,28.75
91034,PAPUA BARAT,KAB. TELUK WONDAMA,Roswar,-2.05447549,134.35371869,623511334769950719,,,,,> ~5 km / none found,False,28699.6284484402,28699.6284484402,28.7
74660,KALIMANTAN TIMUR,KAB. MAHAKAM ULU,Long Apari,0.75867663,113.9477091,623335424257294335,,,,,> ~5 km / none found,False,28639.228192567618,28695.891999492218,28.7
44798,PAPUA TENGAH,KAB. NABIRE,Siriwo,-3.08287272,136.2759852,623511126633742335,,,,,> ~5 km / none found,False,28642.33876485796,28642.33876485796,28.64
15003,KALIMANTAN UTARA,KAB. MALINAU,Kayan Hulu,1.51299214,114.7977526,623335532828721151,,,,,> ~5 km / none found,False,28558.73027099466,28638.57460665421,28.64
75765,PAPUA TENGAH,KAB. INTAN JAYA,Tomosiga,-3.45453225,136.9126963,623512052228980735,,,,,> ~5 km / none found,False,28601.437403123342,28601.437403123342,28.6
31038,PAPUA,KAB. KEPULAUAN YAPEN,Pulau Kurudu,-1.85030412,137.02740855,623513953220001791,,,,,> ~5 km / none found,False,27304.32392997369,28586.607625859895,28.59
84068,MALUKU,KAB. MALUKU BARAT DAYA,Wetar Utara,-7.70444868,125.9665703,624123690655285247,22.0,,2.904,,> ~5 km / none found,True,2596.3458102630057,28516.452387429603,28.52
30505,PAPUA,KAB. KEPULAUAN YAPEN,Pulau Kurudu,-1.8391706,137.0279709,623513953130676223,,,,,> ~5 km / none found,False,27201.949877641677,28516.155191741764,28.52
93791,PAPUA PEGUNUNGAN,KAB. YAHUKIMO,Panggema,-4.1285112,139.45888253,623517020138340351,,,,,> ~5 km / none found,False,28499.198431912286,28499.198431912286,28.5
91140,PAPUA PEGUNUNGAN,KAB. PEGUNUNGAN BINTANG,Aboy,-4.22934805,140.54800625,623516978460557311,,,,,> ~5 km / none found,False,6364.588055738145,28493.832270428065,28.49
83987,KALIMANTAN UTARA,KAB. MALINAU,Mentarang Hulu,4.05592837,116.076843,623327662422032383,,,,,> ~5 km / none found,False,27556.281123950575,28480.780200709465,28.48
92725,PAPUA PEGUNUNGAN,KAB. YAHUKIMO,Panggema,-4.14831878,139.42182466,623517020473065471,,,,,> ~5 km / none found,False,28459.717450360586,28459.717450360586,28.46
80232,PAPUA TENGAH,KAB. PUNCAK,Bina,-3.52206545,137.5916205,623511659952963583,,,,,> ~5 km / none found,False,28439.958969392683,28439.958969392683,28.44
92947,PAPUA BARAT DAYA,KAB. RAJA AMPAT,Misool Selatan,-2.0846789,130.4054146,624125215200542719,,,,,> ~5 km / none found,False,28422.520067408932,28422.520067408932,28.42
90548,PAPUA PEGUNUNGAN,KAB. YAHUKIMO,Soloikma,-4.41188926,139.64022137,623517019409645567,,,,,> ~5 km / none found,False,28408.372489196794,28408.372489196794,28.41
91600,PAPUA,KAB. MAMBERAMO RAYA,Benuki,-2.47008835,137.549926,623511928111824895,,,,,> ~5 km / none found,False,27223.20217828704,28384.456836128356,28.38
90238,PAPUA PEGUNUNGAN,KAB. YAHUKIMO,Holuwon,-4.45984288,139.25361621,623511823437922303,,,,,> ~5 km / none found,False,28249.32730579908,28278.84413818828,28.28
59356,SULAWESI SELATAN,KAB. KEPULAUAN SELAYAR,Taka Bonerate,-6.91202543,121.3187008,624120020263567359,,,,,> ~5 km / none found,False,28246.99402454821,28246.99402454821,28.25
89998,PAPUA,KAB. WAROPEN,Wonti,-2.55388527,136.78337531,623511935222317055,,,,,> ~5 km / none found,False,28216.065887148663,28216.065887148663,28.22
18774,PAPUA TENGAH,KAB. MIMIKA,Mimika Baru,-4.6340799,137.2338725,623511793264656383,,,,,> ~5 km / none found,False,28212.072777549205,28212.072777549205,28.21
80617,PAPUA SELATAN,KAB. ASMAT,Ayib,-5.92556,138.63306,624256216380145663,,,,,> ~5 km / none found,False,28211.49122897917,28211.49122897917,28.21
80616,PAPUA SELATAN,KAB. ASMAT,Ayib,-5.92556,138.63472,624256216380112895,,,,,> ~5 km / none found,False,28209.022987685097,28209.022987685097,28.21
93179,PAPUA PEGUNUNGAN,KAB. YAHUKIMO,Sela,-4.5781579,139.85953492,623516986449690623,,,,,> ~5 km / none found,False,28191.878258259523,28191.878258259523,28.19
87686,PAPUA SELATAN,KAB. ASMAT,Suator,-5.18214982,139.27872862,624256121458360319,,,,,> ~5 km / none found,False,26347.11662060343,28154.57950592911,28.15
92916,PAPUA PEGUNUNGAN,KAB. YAHUKIMO,Yahuliambut,-4.12837211,139.45298575,623517020237627391,,,,,> ~5 km / none found,False,28132.93023338469,28132.93023338469,28.13
83298,PAPUA SELATAN,KAB. ASMAT,Ayib,-5.92639,138.63639,624256216381128703,,,,,> ~5 km / none found,False,28115.961852169625,28115.961852169625,28.12
92123,PAPUA PEGUNUNGAN,KAB. YAHUKIMO,Sobaham,-4.39658285,139.3415376,623511856150675455,,,,,> ~5 km / none found,False,28113.3118726321,28113.3118726321,28.11
92425,PAPUA PEGUNUNGAN,KAB. YAHUKIMO,Kosarek,-4.07919306,139.63171034,623517021297508351,,,,,> ~5 km / none found,False,28068.414833018964,28068.414833018964,28.07
91134,PAPUA PEGUNUNGAN,KAB. PEGUNUNGAN BINTANG,Alemsom,-4.63320871,140.18089915,623516995699048447,,,,,> ~5 km / none found,False,28037.40230067798,28037.40230067798,28.04
92682,PAPUA PEGUNUNGAN,KAB. YAHUKIMO,Panggema,-4.17180459,139.39873358,623517020504915967,,,,,> ~5 km / none found,False,28021.369108293617,28021.369108293617,28.02
85189,PAPUA TENGAH,KAB. PUNCAK,Beoga Timur,-3.55847566,137.367415,623512060344860671,,,,,> ~5 km / none found,False,27925.419977402267,27925.419977402267,27.93
87075,PAPUA SELATAN,KAB. ASMAT,Sor Ep,-5.30421192,138.51200727,624256211990511615,,,,,> ~5 km / none found,False,27919.06423669713,27919.06423669713,27.92
39368,PAPUA TENGAH,KAB. MIMIKA,Alama,-4.37726412,137.8243334,623511791087550463,,,,,> ~5 km / none found,False,11425.323712599567,27877.107415893628,27.88
93043,PAPUA PEGUNUNGAN,KAB. YAHUKIMO,Panggema,-4.14626075,139.4129384,623511700729724927,,,,,> ~5 km / none found,False,27864.909899032762,27864.909899032762,27.86
50638,SULAWESI TENGAH,KAB. BANGGAI,Pagimana,-0.49943531,122.5447543,623341480621244415,,,,,> ~5 km / none found,False,27856.062992223797,27856.062992223797,27.86
30935,PAPUA,KAB. KEPULAUAN YAPEN,Wonawa,-1.64220867,135.56357828,623511433044361215,,,,,> ~5 km / none found,False,27825.10908028248,27825.10908028248,27.83
90362,PAPUA PEGUNUNGAN,KAB. YAHUKIMO,Sela,-4.53273502,139.82051385,623516987079688191,,,,,> ~5 km / none found,False,27821.605089455672,27821.605089455672,27.82
85517,PAPUA SELATAN,KAB. ASMAT,Suator,-5.48505499,139.19131441,624256124778053631,,,,,> ~5 km / none found,False,27801.028276870216,27801.028276870216,27.8
57026,PAPUA TENGAH,KAB. MIMIKA,Tembagapura,-4.23671068,137.3576828,623512043027365887,,,,,> ~5 km / none found,False,26843.977861015115,27792.191854096203,27.79
60959,NUSA TENGGARA BARAT,KAB. BIMA,Sape,-8.43028792,119.2947586,624120068120444927,,,,,> ~5 km / none found,False,27729.393621063806,27729.393621063806,27.73
93209,PAPUA PEGUNUNGAN,KAB. NDUGA,Mam,-4.2637133,138.0619391,623511789402161151,,,,,> ~5 km / none found,False,22763.477348416025,27690.29482906008,27.69
92680,PAPUA SELATAN,KAB. ASMAT,Pulau Tiga,-2.23366192,134.62962721,623511341995098111,,,,,> ~5 km / none found,False,27602.087960749574,27602.087960749574,27.6
93045,PAPUA PEGUNUNGAN,KAB. YAHUKIMO,Panggema,-4.14910579,139.39660311,623511700716093439,,,,,> ~5 km / none found,False,27531.345028732154,27531.345028732154,27.53
91273,PAPUA PEGUNUNGAN,KAB. PEGUNUNGAN BINTANG,Alemsom,-4.68202064,140.14566002,623516993957003263,,,,,> ~5 km / none found,False,27478.06031453083,27478.06031453083,27.48
92304,PAPUA PEGUNUNGAN,KAB. YAHUKIMO,Endomen,-3.96358718,139.91340533,623516998825574399,,,,,> ~5 km / none found,False,27474.02128735836,27474.02128735836,27.47
75756,PAPUA TENGAH,KAB. PUNCAK,Dervos,-3.50136526,137.2030903,623512059792556031,,,,,> ~5 km / none found,False,25456.956504259906,27458.15522925678,27.46
91654,PAPUA,KAB. SARMI,Apawer Hulu,-2.30712211,138.4976223,623511984823468031,,,,,> ~5 km / none found,False,27439.77956209578,27439.77956209578,27.44
70125,SULAWESI SELATAN,KAB. PANGKAJENE KEPULAUAN,Liukang Tangaya,-7.18987664,118.395072,624119208967471103,,,,,> ~5 km / none found,False,27391.04345924785,27391.04345924785,27.39
82237,MALUKU,KAB. MALUKU BARAT DAYA,Wetar Timur,-7.67550496,126.7497365,624124461957414911,,,,,> ~5 km / none found,False,5777.930147881572,27330.440685432808,27.33
88547,PAPUA PEGUNUNGAN,KAB. YAHUKIMO,Walma,-4.28487487,139.39018919,623517022374264831,,,,,> ~5 km / none found,False,27324.69106606235,27324.69106606235,27.32
90746,PAPUA BARAT,KAB. KAIMANA,Kambrau,-3.28194822,133.39276273,623511524409737215,11.0,,1.452,,> ~5 km / none found,True,1342.4422170680853,27315.672145651093,27.32
89853,PAPUA PEGUNUNGAN,KAB. YAHUKIMO,Holuwon,-4.45665803,139.28341797,623511856407052287,,,,,> ~5 km / none found,False,27304.961924855157,27304.961924855157,27.3
88749,PAPUA PEGUNUNGAN,KAB. PEGUNUNGAN BINTANG,Okbab,-4.5470652,140.44811919,623516975252013055,,,,,> ~5 km / none found,False,27273.17069279713,27273.17069279713,27.27
89368,PAPUA PEGUNUNGAN,KAB. PEGUNUNGAN BINTANG,Borme,-4.23189614,140.36855609,623517010296602623,,,,,> ~5 km / none found,False,23409.43458054364,27263.41244253744,27.26
31974,PAPUA,KAB. KEPULAUAN YAPEN,Pulau Kurudu,-1.84031576,137.01597312,623513953226326015,,,,,> ~5 km / none found,False,25890.841762627388,27198.229707341525,27.2
35981,ACEH,KAB. GAYO LUES,Kutapanjang,3.73542557,97.19879845,623279390072143871,,,,,> ~5 km / none found,False,26357.007812768283,27194.49891101113,27.19
90569,PAPUA PEGUNUNGAN,KAB. PEGUNUNGAN BINTANG,Kiwirok Timur,-4.74051939,140.92618603,623516736747536383,,,,,> ~5 km / none found,False,19035.018987733605,27141.863709260968,27.14
91113,PAPUA PEGUNUNGAN,KAB. YAHUKIMO,Sobaham,-4.37793798,139.40446502,623517022095704063,,,,,> ~5 km / none found,False,27132.974503692472,27132.974503692472,27.13
89606,PAPUA PEGUNUNGAN,KAB. YAHUKIMO,Silimo,-4.48478749,138.94739201,623511815668039679,,,,,> ~5 km / none found,False,5812.738449982293,27099.760670398904,27.1
90167,PAPUA PEGUNUNGAN,KAB. PEGUNUNGAN BINTANG,Bime,-4.60511068,140.23526959,623516995480584191,,,,,> ~5 km / none found,False,27064.231065325243,27064.231065325243,27.06
91110,PAPUA PEGUNUNGAN,KAB. YAHUKIMO,Silimo,-4.4782041,138.92465114,623511815454588927,,,,,> ~5 km / none found,False,5232.166121777991,27049.562457238382,27.05
92441,PAPUA PEGUNUNGAN,KAB. YAHUKIMO,Hogio,-4.47680785,139.21171818,623511823464464383,,,,,> ~5 km / none found,False,23567.862167921023,27037.95398880345,27.04
84953,PAPUA SELATAN,KAB. MERAUKE,Naukenjerai,-8.93787687,140.9214601,624254748735897599,,,,,> ~5 km / none found,False,18002.050114779828,27020.90671830656,27.02
92126,PAPUA PEGUNUNGAN,KAB. YAHUKIMO,Sobaham,-4.36857034,139.3474605,623511856124428287,,,,,> ~5 km / none found,False,26993.95091293354,26993.95091293354,26.99
16809,MALUKU,KOTA TUAL,Kur Selatan,-5.6675308,131.936706,623512566566715391,,,,,> ~5 km / none found,False,26987.06127769318,26987.06127769318,26.99
89049,PAPUA,KAB. MAMBERAMO RAYA,Mamberamo Tengah Timur,-2.67351329,137.82663233,623511893374369791,,,,,> ~5 km / none found,False,26979.906442668984,26979.906442668984,26.98
90602,PAPUA TENGAH,KAB. PANIAI,Fajar Timur,-3.5053575,136.25300506,623511151389868031,,,,,> ~5 km / none found,False,26958.208945802176,26958.208945802176,26.96
93847,PAPUA PEGUNUNGAN,KAB. NDUGA,Alama,-4.53735822,137.89777034,623511786813718527,,,,,> ~5 km / none found,False,26952.999625703073,26952.999625703073,26.95
87472,SUMATERA UTARA,KAB. NIAS SELATAN,Pulau-Pulau Batu Timur,0.11259705,98.60447464,623974636812206079,7.0,,0.924,,> ~5 km / none found,True,1015.7867777510619,26931.050678324238,26.93
92874,PAPUA PEGUNUNGAN,KAB. NDUGA,Wosak,-4.38584926,138.78434429,623511814645547007,,,,,> ~5 km / none found,False,10455.262197777387,26905.86894718247,26.91
88045,PAPUA SELATAN,KAB. BOVEN DIGOEL,Ki,-6.38951949,140.01010834,624256398268006399,,,,,> ~5 km / none found,False,26904.660526222182,26904.660526222182,26.9
50084,PAPUA TENGAH,KAB. MIMIKA,Jita,-5.08666535,137.5191307,623511758474248191,,,,,> ~5 km / none found,False,26868.274332340952,26868.274332340952,26.87
92434,PAPUA PEGUNUNGAN,KAB. YAHUKIMO,Walma,-4.25046081,139.3920151,623511854007418879,,,,,> ~5 km / none found,False,26841.879897121824,26841.879897121824,26.84
90145,PAPUA BARAT,KAB. TELUK BINTUNI,Moskona Utara,-1.36905397,133.02677691,623513448748744703,,,,,> ~5 km / none found,False,26817.452983712108,26817.452983712108,26.82
90559,PAPUA TENGAH,KAB. PANIAI,Bibida,-3.99667269,136.76002467,623512039060439039,,,,,> ~5 km / none found,False,26809.81123968225,26809.81123968225,26.81
31042,PAPUA,KAB. KEPULAUAN YAPEN,Pulau Kurudu,-1.85038375,137.011079,623513953221378047,,,,,> ~5 km / none found,False,25512.698064657197,26787.210177545316,26.79
82019,MALUKU,KAB. MALUKU BARAT DAYA,Babar Barat,-7.54421591,129.6724753,624107443110051839,31.0,,4.092,,> ~5 km / none found,True,3809.3889960253505,26781.418724144714,26.78
91588,PAPUA,KAB. MAMBERAMO RAYA,Rufaer,-2.9930055,137.63392637,623511910336888831,,,,,> ~5 km / none found,False,26767.31867828686,26767.31867828686,26.77
90630,PAPUA TENGAH,KAB. DOGIYAI,Sukikai Selatan,-4.03106677,135.3813836,623511312090038271,,,,,> ~5 km / none found,False,19528.59896638484,26694.865973855634,26.69
10206,PAPUA SELATAN,KAB. ASMAT,Safan,-6.41869588,138.5674643,624255983133032447,,,,,> ~5 km / none found,False,26692.589257183907,26692.589257183907,26.69
89869,PAPUA PEGUNUNGAN,KAB. PEGUNUNGAN BINTANG,Oksamol,-4.83196941,140.95600276,623516736184844287,,,,,> ~5 km / none found,False,23937.923989023522,26634.078594763738,26.63
83302,PAPUA SELATAN,KAB. ASMAT,Awyu,-6.0405526,138.86123487,624256220884795391,,,,,> ~5 km / none found,False,12966.627818193421,26632.600717474863,26.63
90475,PAPUA,KAB. SARMI,Apawer Hulu,-2.16985151,138.32715235,623511982411481087,,,,,> ~5 km / none found,False,26624.85517265205,26624.85517265205,26.62
89919,PAPUA BARAT DAYA,KAB. TAMBRAUW,Kebar Selatan,-1.10420587,133.26902805,623513447978172415,,,,,> ~5 km / none found,False,26529.33735495373,26529.33735495373,26.53
92706,PAPUA PEGUNUNGAN,KAB. YAHUKIMO,Sela,-4.48756132,139.76053274,623516986920599551,,,,,> ~5 km / none found,False,26517.258362307653,26517.258362307653,26.52
91755,PAPUA PEGUNUNGAN,KAB. YAHUKIMO,Silimo,-4.40974186,138.8297972,623511814821412863,,,,,> ~5 km / none found,False,8984.071617519254,26505.463552483834,26.51
46011,ACEH,KAB. ACEH TENGGARA,Lawe Alas,3.41388643,97.52084037,623281414234308607,,,,,> ~5 km / none found,False,26505.431733402842,26505.431733402842,26.51
91756,PAPUA PEGUNUNGAN,KAB. YAHUKIMO,Silimo,-4.45682084,138.8956949,623511815520387071,28.0,,3.696,,> ~5 km / none found,True,3877.0594498267033,26504.7406345339,26.5
87377,PAPUA SELATAN,KAB. ASMAT,Tomor Birip,-5.0238971,138.98050292,623511835841888255,,,,,> ~5 km / none found,False,7752.038183573269,26498.8066483317,26.5
82364,PAPUA TENGAH,KAB. PUNCAK,Bina,-3.57443532,137.5025394,623511662166704127,,,,,> ~5 km / none found,False,26494.193255267426,26494.193255267426,26.49
91458,PAPUA PEGUNUNGAN,KAB. YALIMO,Welarek,-4.05177011,139.57562641,623511701398454271,,,,,> ~5 km / none found,False,26452.340056620917,26452.340056620917,26.45
91614,PAPUA PEGUNUNGAN,KAB. YAHUKIMO,Silimo,-4.4282397,138.8584825,623511816015118335,,,,,> ~5 km / none found,False,5986.123813114226,26451.332715835837,26.45
1335,PAPUA SELATAN,KAB. ASMAT,Safan,-6.37826788,138.4927829,624256065438351359,,,,,> ~5 km / none found,False,26445.043385216308,26445.043385216308,26.45
91357,PAPUA PEGUNUNGAN,KAB. PEGUNUNGAN BINTANG,Kiwirok,-4.67615931,140.85698089,623516570855735295,,,,,> ~5 km / none found,False,14148.148615274134,26407.887465791213,26.41
48198,PAPUA TENGAH,KAB. MIMIKA,Alama,-4.3945091,137.7952303,623511791115927551,,,,,> ~5 km / none found,False,14272.851107428734,26358.653683117856,26.36
18191,KALIMANTAN TIMUR,KAB. KUTAI KARTANEGARA,Tabang,1.36170165,115.9452489,623338036008222719,,,,,> ~5 km / none found,False,13629.475505043534,26354.917739422996,26.35
92440,PAPUA PEGUNUNGAN,KAB. YAHUKIMO,Hogio,-4.50067262,139.17560732,623511823511420927,,,,,> ~5 km / none found,False,19799.071479119764,26337.528768723434,26.34
79009,KALIMANTAN TIMUR,KAB. MAHAKAM ULU,Long Apari,0.852581,114.0180071,623335425726414847,,,,,> ~5 km / none found,False,25219.409871029944,26322.983341087565,26.32
93551,PAPUA PEGUNUNGAN,KAB. NDUGA,Mebarok,-4.16768729,138.13496648,623511636323827711,,,,,> ~5 km / none found,False,14262.987591042061,26300.138078462373,26.3
91109,PAPUA PEGUNUNGAN,KAB. YAHUKIMO,Silimo,-4.49219898,138.92779371,623511815669776383,,,,,> ~5 km / none found,False,5493.087558887126,26281.344884590886,26.28
93208,PAPUA PEGUNUNGAN,KAB. NDUGA,Mam,-4.279865,138.066334,623511789399769087,,,,,> ~5 km / none found,False,23262.593329549916,26227.972039186945,26.23
89595,PAPUA,KAB. WAROPEN,Masirei,-2.50489581,136.89236998,623511935111561215,,,,,> ~5 km / none found,False,26221.510218055024,26221.510218055024,26.22
92703,PAPUA PEGUNUNGAN,KAB. YAHUKIMO,Hereapini,-4.24104146,139.38667594,623511853996081151,,,,,> ~5 km / none found,False,26156.29604900986,26156.29604900986,26.16
55154,KALIMANTAN BARAT,KAB. SINTANG,Ambalau,-0.13248572,113.2038629,623338650956103679,,,,,> ~5 km / none found,False,26153.648477986782,26153.648477986782,26.15
59574,PAPUA TENGAH,KAB. MIMIKA,Alama,-4.23884653,137.8468068,623511788966150143,24.0,,3.168,,> ~5 km / none found,True,3359.77352713703,26144.311175499093,26.14
89723,PAPUA BARAT DAYA,KAB. TAMBRAUW,Ireres,-1.15631602,132.92000841,623514740747206655,,,,,> ~5 km / none found,False,26133.3093944202,26133.3093944202,26.13
91677,PAPUA TENGAH,KAB. PUNCAK JAYA,Molanikime,-3.53185005,137.6904227,623511655803191295,,,,,> ~5 km / none found,False,26113.629626272974,26113.629626272974,26.11
51466,PAPUA SELATAN,KAB. ASMAT,Safan,-6.34143694,138.45658845,624256065591115775,,,,,> ~5 km / none found,False,26103.73164207442,26103.73164207442,26.1
75761,PAPUA TENGAH,KAB. INTAN JAYA,Tomosiga,-3.41411954,136.7442101,623512055045259263,,,,,> ~5 km / none found,False,26099.181818219648,26099.181818219648,26.1
93044,PAPUA PEGUNUNGAN,KAB. YAHUKIMO,Panggema,-4.13913245,139.38294256,623511854583316479,,,,,> ~5 km / none found,False,26028.971322528818,26028.971322528818,26.03
91107,PAPUA PEGUNUNGAN,KAB. YAHUKIMO,Silimo,-4.49494418,138.99022688,623511811518300159,21.0,,2.772,,> ~5 km / none found,True,2665.201071198621,26024.974649935106,26.02
89575,PAPUA PEGUNUNGAN,KAB. YAHUKIMO,Holuwon,-4.49178846,139.27265828,623511823403319295,,,,,> ~5 km / none found,False,26022.420654237918,26022.420654237918,26.02
93122,PAPUA PEGUNUNGAN,KAB. YAHUKIMO,Panggema,-4.14145645,139.37122549,623511854573125631,,,,,> ~5 km / none found,False,26016.262242045843,26016.262242045843,26.02
93060,PAPUA BARAT DAYA,KAB. RAJA AMPAT,Supnin,-0.0559406,130.725668,623530312725856255,,,,,> ~5 km / none found,False,26005.750838236767,26005.750838236767,26.01
92645,PAPUA PEGUNUNGAN,KAB. YAHUKIMO,Obio,-0.0559406,130.725668,623530312725856255,,,,,> ~5 km / none found,False,26005.750838236767,26005.750838236767,26.01
89746,PAPUA PEGUNUNGAN,KAB. YAHUKIMO,Silimo,-4.48283541,138.91606455,623511815491518463,33.0,,4.356,,> ~5 km / none found,True,4206.287496474686,26005.52409222351,26.01
92092,PAPUA PEGUNUNGAN,KAB. YAHUKIMO,Amuma,-4.50121858,139.1097493,623511811562831871,,,,,> ~5 km / none found,False,12646.805216196235,25966.822127855972,25.97
92893,PAPUA PEGUNUNGAN,KAB. YAHUKIMO,Panggema,-4.17053523,139.37924206,623511854510604287,,,,,> ~5 km / none found,False,25938.6346118836,25938.6346118836,25.94
21100,SULAWESI TENGAH,KAB. BANGGAI,Pagimana,-0.49086395,122.5789547,623341480535851007,,,,,> ~5 km / none found,False,25912.052697780506,25912.052697780506,25.91
93102,PAPUA BARAT DAYA,KAB. RAJA AMPAT,Misool Barat,-2.01876357,130.2706198,624125203155451903,,,,,> ~5 km / none found,False,25900.915839844933,25900.915839844933,25.9
37214,MALUKU,KAB. KEPULAUAN ARU,Aru Tengah Timur,-6.24686048,134.6793301,623513170224513023,,,,,> ~5 km / none found,False,25856.578014343777,25856.578014343777,25.86
30985,PAPUA,KAB. KEPULAUAN YAPEN,Wonawa,-1.65604809,135.5791918,623511433096101887,,,,,> ~5 km / none found,False,25837.98855539968,25837.98855539968,25.84
93797,PAPUA PEGUNUNGAN,KAB. NDUGA,Yenggelo,-4.36370076,138.03210372,623511784762802175,,,,,> ~5 km / none found,False,22004.27177390283,25774.10259302731,25.77
79000,KALIMANTAN UTARA,KAB. NUNUKAN,Lumbis Hulu,4.18519916,116.173648,623327674396540927,,,,,> ~5 km / none found,False,13058.199661315848,25729.637481540278,25.73
32183,MALUKU,KAB. MALUKU BARAT DAYA,Wetar Barat,-7.80998461,125.8888545,624123706274545663,,,,,> ~5 km / none found,False,8010.215317503455,25707.804227714252,25.71
93166,PAPUA PEGUNUNGAN,KAB. YAHUKIMO,Yahuliambut,-4.10802685,139.44398204,623517020205514751,,,,,> ~5 km / none found,False,25698.25874399675,25698.25874399675,25.7
92094,PAPUA PEGUNUNGAN,KAB. YAHUKIMO,Amuma,-4.51467483,139.0752546,623511811580559359,,,,,> ~5 km / none found,False,9614.572714109,25692.275137070137,25.69
89201,PAPUA PEGUNUNGAN,KAB. PEGUNUNGAN BINTANG,Okbemtau,-4.58454975,140.70982695,623516575415369727,,,,,> ~5 km / none found,False,19298.214852498957,25623.613896490802,25.62
92125,PAPUA PEGUNUNGAN,KAB. YAHUKIMO,Sobaham,-4.40058709,139.3827469,623517022009524223,,,,,> ~5 km / none found,False,25616.76728187986,25616.76728187986,25.62
88714,PAPUA PEGUNUNGAN,KAB. YAHUKIMO,Silimo,-4.47965482,138.90796477,623511815489355775,27.0,,3.564,,> ~5 km / none found,True,3393.4236700048104,25614.455291499624,25.61
88699,PAPUA PEGUNUNGAN,KAB. YAHUKIMO,Walma,-4.26016012,139.37895375,623511854247215103,,,,,> ~5 km / none found,False,25547.905880864164,25547.905880864164,25.55
2800,PAPUA SELATAN,KAB. ASMAT,Safan,-6.46851892,138.63148558,624255983035285503,,,,,> ~5 km / none found,False,25516.97795170234,25516.97795170234,25.52
91101,PAPUA PEGUNUNGAN,KAB. YAHUKIMO,Amuma,-4.49556612,139.04969954,623511811427500031,,,,,> ~5 km / none found,False,6129.454731820882,25514.497980534747,25.51
91347,PAPUA BARAT,KAB. TELUK WONDAMA,Wamesa,-2.10708718,134.34164395,623511334994509823,,,,,> ~5 km / none found,False,25510.01441762257,25510.01441762257,25.51
92705,PAPUA PEGUNUNGAN,KAB. YAHUKIMO,Panggema,-4.12897478,139.39851279,623511700679262207,,,,,> ~5 km / none found,False,25502.044467956573,25502.044467956573,25.5
22024,PAPUA TENGAH,KAB. MIMIKA,Hoya,-4.31056324,137.3876556,623511782501974015,,,,,> ~5 km / none found,False,24795.278990327097,25492.347800588064,25.49
89591,PAPUA PEGUNUNGAN,KAB. YAHUKIMO,Silimo,-4.46100971,138.9309632,623511815646281727,,,,,> ~5 km / none found,False,6534.771422151979,25463.493201268248,25.46
90507,PAPUA BARAT,KAB. KAIMANA,Buruway,-3.64125785,133.38439778,623514568742273023,,,,,> ~5 km / none found,False,19917.7484535802,25458.257770728967,25.46
91594,PAPUA PEGUNUNGAN,KAB. YAHUKIMO,Ninia,-4.38007501,139.32002435,623511856112173055,,,,,> ~5 km / none found,False,25454.625770399525,25454.625770399525,25.45
86718,PAPUA SELATAN,KAB. ASMAT,Akat,-5.33724177,138.36519174,624256209399709695,,,,,> ~5 km / none found,False,25435.43883852844,25435.43883852844,25.44
94112,PAPUA PEGUNUNGAN,KAB. TOLIKARA,Wari/Taiyeve II,-3.26400275,138.85189242,623511730076024831,,,,,> ~5 km / none found,False,19142.714592571483,25420.2961709532,25.42
72313,PAPUA TENGAH,KAB. PUNCAK,Dervos,-3.48816435,137.0994113,623512065906507775,,,,,> ~5 km / none found,False,24458.659534085873,25414.979798783486,25.41
83394,MALUKU,KAB. MALUKU BARAT DAYA,Babar Barat,-7.55931198,129.71177,624107442405507071,14.0,,1.848,,> ~5 km / none found,True,1738.479569742527,25378.915320222044,25.38
21415,KALIMANTAN UTARA,KAB. BULUNGAN,Peso,2.43044378,116.4161365,623337899132092415,,,,,> ~5 km / none found,False,9363.406105900296,25377.6834623594,25.38
91307,PAPUA PEGUNUNGAN,KAB. YALIMO,Welarek,-4.07115901,139.48362731,623511701686943743,,,,,> ~5 km / none found,False,25363.227845607744,25363.227845607744,25.36
90460,PAPUA,KAB. JAYAPURA,Unurum Guay,-2.65288367,139.65010311,623518906911064063,,,,,> ~5 km / none found,False,25363.052807712036,25363.052807712036,25.36
51257,MALUKU,KAB. MALUKU BARAT DAYA,Wetar Timur,-7.71992668,126.7560627,624124461490307071,,,,,> ~5 km / none found,False,6728.253115407455,25359.01481837758,25.36
88094,SUMATERA UTARA,KAB. NIAS SELATAN,Pulau-Pulau Batu Timur,-0.05412055,98.5315342,623974680852037631,,,,,> ~5 km / none found,False,16548.202154515107,25343.33930771011,25.34
93210,PAPUA PEGUNUNGAN,KAB. NDUGA,Mam,-4.29261,138.06753,623511789456982015,,,,,> ~5 km / none found,False,23500.24215764879,25320.909912200656,25.32
90034,PAPUA PEGUNUNGAN,KAB. YAHUKIMO,Silimo,-4.46788886,138.95071516,623511815634681855,,,,,> ~5 km / none found,False,5230.105236924963,25302.105031176758,25.3
91116,PAPUA PEGUNUNGAN,KAB. PEGUNUNGAN BINTANG,Okbibab,-4.5839615,140.61001022,623516975772041215,,,,,> ~5 km / none found,False,24668.946857065905,25301.681014988022,25.3
90565,PAPUA PEGUNUNGAN,KAB. PEGUNUNGAN BINTANG,Oksamol,-4.8578015,140.94965656,623516736596344831,,,,,> ~5 km / none found,False,24497.53857533549,25293.103530403278,25.29
90277,PAPUA PEGUNUNGAN,KAB. YAHUKIMO,Ninia,-4.40956523,139.28454306,623511856436510719,,,,,> ~5 km / none found,False,25290.857441296972,25290.857441296972,25.29
91185,PAPUA PEGUNUNGAN,KAB. YALIMO,Abenaho,-3.53047314,139.44612524,623511673944866815,,,,,> ~5 km / none found,False,24594.09933940382,25262.627546283682,25.26
19727,SULAWESI TENGAH,KAB. BANGGAI,Pagimana,-0.50714266,122.5699167,623341480576712703,,,,,> ~5 km / none found,False,25252.900902709916,25252.900902709916,25.25
84113,KALIMANTAN UTARA,KAB. MALINAU,Pujungan,2.76465934,115.2638654,623338334086070271,,,,,> ~5 km / none found,False,16305.066668757456,25238.557759176623,25.24
90282,PAPUA,KAB. WAROPEN,Masirei,-2.52140957,136.96396779,623511936310738943,,,,,> ~5 km / none found,False,25237.17570217562,25237.17570217562,25.24
24818,KALIMANTAN BARAT,KAB. KAYONG UTARA,Kepulauan Karimata,-1.2152924,109.2449573,623971969055195135,,,,,> ~5 km / none found,False,23617.049058128403,25229.532429429502,25.23
87834,KALIMANTAN BARAT,KAB. KAYONG UTARA,Kepulauan Karimata,-1.2152924,109.2449573,623971969055195135,,,,,> ~5 km / none found,False,23617.049058128403,25229.532429429502,25.23
92150,PAPUA,KAB. SARMI,Tor Atas,-1.3887454,132.9931191,623513448772829183,,,,,> ~5 km / none found,False,25225.605805418858,25225.605805418858,25.23
46191,PAPUA TENGAH,KAB. MIMIKA,Alama,-4.41406202,137.790252,623511791366963199,,,,,> ~5 km / none found,False,16477.333214192455,25170.097141556907,25.17
92642,PAPUA PEGUNUNGAN,KAB. YAHUKIMO,Wusama,-4.44547357,138.8623491,623511814251446271,32.0,,4.224,,> ~5 km / none found,True,4036.619682090044,25163.941984881323,25.16
92128,PAPUA PEGUNUNGAN,KAB. YAHUKIMO,Sobaham,-4.39812468,139.4003982,623517022064607231,,,,,> ~5 km / none found,False,25159.951323996607,25159.951323996607,25.16
49446,PAPUA TENGAH,KAB. MIMIKA,Agimuga,-4.57618074,137.3985119,623511798157967359,,,,,> ~5 km / none found,False,24031.530433811953,25154.48157355815,25.15
93542,PAPUA PEGUNUNGAN,KAB. NDUGA,Mebarok,-4.13751693,138.14484322,623511635900792831,,,,,> ~5 km / none found,False,10753.29894784285,25152.488028260384,25.15
91049,PAPUA BARAT,KAB. PEGUNUNGAN ARFAK,Testega,-1.11544127,133.48722694,623513428302299135,,,,,> ~5 km / none found,False,25149.025373122808,25149.025373122808,25.15
82668,PAPUA TENGAH,KAB. PUNCAK,Amungkalpia,-4.15112126,137.8904553,623511624887238655,,,,,> ~5 km / none found,False,13418.672086664013,25119.714323346852,25.12
93846,PAPUA PEGUNUNGAN,KAB. NDUGA,Kilmid,-4.23473545,138.12500472,623511790125809663,,,,,> ~5 km / none found,False,21711.725515049242,25105.129874909537,25.11
93046,PAPUA PEGUNUNGAN,KAB. YAHUKIMO,Panggema,-4.12765241,139.3903579,623511700777828351,,,,,> ~5 km / none found,False,25061.603414892303,25061.603414892303,25.06
86953,KALIMANTAN TENGAH,KAB. SERUYAN,Seruyan Hilir,-3.34541105,112.1344796,623987881568567295,,,,,> ~5 km / none found,False,24607.498300738836,25047.264677839128,25.05
77080,MALUKU,KAB. MALUKU BARAT DAYA,Babar Barat,-7.56027972,129.689559,624107443161792511,10.0,,1.32,,> ~5 km / none found,True,1226.8612767020854,25046.041128999586,25.05
90233,PAPUA BARAT,KAB. KAIMANA,Kambrau,-3.43561276,133.40241022,623511520244367359,,,,,> ~5 km / none found,False,5189.001043179523,25029.63499178339,25.03
92127,PAPUA PEGUNUNGAN,KAB. YAHUKIMO,Sobaham,-4.41623512,139.3632404,623511824376692735,,,,,> ~5 km / none found,False,25020.37907110576,25020.37907110576,25.02
88878,PAPUA BARAT,KAB. KAIMANA,Teluk Etna,-4.05940308,134.75407752,623511197405118463,,,,,> ~5 km / none found,False,24992.97572259075,24992.97572259075,24.99
87718,SUMATERA UTARA,KAB. NIAS SELATAN,Pulau-Pulau Batu Timur,-0.04049226,98.52964133,623974681083412479,,,,,> ~5 km / none found,False,15128.950984430165,24979.411449200343,24.98
88723,PAPUA PEGUNUNGAN,KAB. YAHUKIMO,Silimo,-4.45065654,138.92137818,623511815199948799,,,,,> ~5 km / none found,False,6281.707412738766,24936.631832495448,24.94
88790,PAPUA PEGUNUNGAN,KAB. PEGUNUNGAN BINTANG,Oksamol,-4.79401032,140.93005844,623516736189235199,,,,,> ~5 km / none found,False,19934.450085939414,24930.954187680967,24.93
91098,PAPUA PEGUNUNGAN,KAB. YAHUKIMO,Amuma,-4.51087183,139.02248332,623511811441229823,38.0,,5.016,,> ~5 km / none found,True,4940.331568385467,24915.16900738681,24.92
93197,PAPUA PEGUNUNGAN,KAB. YAHUKIMO,Panggema,-4.13223419,139.36842478,623511854581448703,,,,,> ~5 km / none found,False,24887.513502176407,24887.513502176407,24.89
88292,PAPUA SELATAN,KAB. ASMAT,Atsj,-5.79880689,138.6084815,624256184291852287,,,,,> ~5 km / none found,False,24879.406775964864,24879.406775964864,24.88
83306,PAPUA SELATAN,KAB. ASMAT,Awyu,-6.00906361,138.78651682,624256220001402879,,,,,> ~5 km / none found,False,16451.486669187158,24875.19132042085,24.88
91493,PAPUA SELATAN,KAB. BOVEN DIGOEL,Manggelum,-5.21311606,140.25955263,623516741256511487,,,,,> ~5 km / none found,False,19421.40461432651,24872.867216963165,24.87
88351,PAPUA SELATAN,KAB. ASMAT,Suator,-5.45046388,139.33251341,624256123634253823,,,,,> ~5 km / none found,False,24840.195701441626,24840.195701441626,24.84
91141,PAPUA PEGUNUNGAN,KAB. PEGUNUNGAN BINTANG,Aboy,-4.18150096,140.56657943,623516609458962431,9.0,,1.188,,> ~5 km / none found,True,1287.102553408477,24831.090840043602,24.83
90395,PAPUA PEGUNUNGAN,KAB. YAHUKIMO,Silimo,-4.50492832,138.96067517,623511815600832511,,,,,> ~5 km / none found,False,5548.379862995808,24797.311443526156,24.8
92974,PAPUA,KAB. BIAK NUMFOR,Aimando Padaido,-5.80252374,139.14182557,624256154522779647,,,,,> ~5 km / none found,False,24774.168162266174,24774.168162266174,24.77
92583,PAPUA SELATAN,KAB. MAPPI,Assue,-5.80252374,139.14182557,624256154522779647,,,,,> ~5 km / none found,False,24774.168162266174,24774.168162266174,24.77
11633,PAPUA SELATAN,KAB. ASMAT,Safan,-6.28998441,138.43616518,624256061691428863,,,,,> ~5 km / none found,False,24686.605579265866,24686.605579265866,24.69
61031,ACEH,KAB. GAYO LUES,Blangpegayon,3.71743789,97.26015052,623279390629953535,,,,,> ~5 km / none found,False,24321.905905448446,24642.44507011951,24.64
91130,PAPUA PEGUNUNGAN,KAB. PEGUNUNGAN BINTANG,Mofinop,-4.24767213,140.95874422,623516558225440767,,,,,> ~5 km / none found,False,24592.94630295084,24592.94630295084,24.59
91757,PAPUA PEGUNUNGAN,KAB. YAHUKIMO,Silimo,-4.50033817,138.9145819,623511815488110591,32.0,,4.224,,> ~5 km / none found,True,4237.899105626102,24581.679643017826,24.58
22753,MALUKU,KAB. MALUKU BARAT DAYA,Wetar Barat,-7.86963156,125.9381217,624123720865316863,,,,,> ~5 km / none found,False,12320.385131436859,24549.616846593166,24.55
91103,PAPUA PEGUNUNGAN,KAB. YAHUKIMO,Kabianggama,-4.39576768,139.52657104,623517018068516863,,,,,> ~5 km / none found,False,24533.480916690492,24533.480916690492,24.53
53913,PAPUA TENGAH,KAB. MIMIKA,Alama,-4.29888532,137.8253441,623511789227540479,25.0,,3.3,,> ~5 km / none found,True,3474.9171474962905,24526.986573609207,24.53
92925,PAPUA BARAT DAYA,KAB. RAJA AMPAT,Waigeo Barat,-0.13313498,130.51971902,623530319436349439,,,,,> ~5 km / none found,False,24505.28795901809,24505.28795901809,24.51
92728,PAPUA PEGUNUNGAN,KAB. YAHUKIMO,Kurima,-0.13313498,130.51971902,623530319436349439,,,,,> ~5 km / none found,False,24505.28795901809,24505.28795901809,24.51
93650,PAPUA PEGUNUNGAN,KAB. TOLIKARA,Wari/Taiyeve II,-3.39631512,138.80447936,623511724789628927,,,,,> ~5 km / none found,False,13418.716320644933,24383.065929621185,24.38
89015,PAPUA PEGUNUNGAN,KAB. YAHUKIMO,Soloikma,-4.41800696,139.58237543,623517018123534335,,,,,> ~5 km / none found,False,24380.906157892583,24380.906157892583,24.38
64340,PAPUA TENGAH,KAB. NABIRE,Napan,-3.12287649,136.0337066,623511145866035199,,,,,> ~5 km / none found,False,24372.129972815197,24372.129972815197,24.37
90242,PAPUA PEGUNUNGAN,KAB. YAHUKIMO,Silimo,-4.4699113,138.97966479,623511815590936575,15.0,,1.98,,> ~5 km / none found,True,2013.412582179963,24351.7965991661,24.35
43326,ACEH,KAB. ACEH TENGGARA,Lawe Alas,3.37810706,97.53478799,623281414271533055,,,,,> ~5 km / none found,False,24348.84766059725,24348.84766059725,24.35
92754,PAPUA SELATAN,KAB. MAPPI,Mambioman Bapai,-3.52901915,137.71521038,623511660848185343,,,,,> ~5 km / none found,False,24331.627078373487,24331.627078373487,24.33
88099,PAPUA PEGUNUNGAN,KAB. YAHUKIMO,Kabianggama,-4.39422819,139.44966427,623517022147903487,,,,,> ~5 km / none found,False,24293.995563909437,24293.995563909437,24.29
92307,PAPUA PEGUNUNGAN,KAB. YAHUKIMO,Langda,-4.42381761,139.36338498,623511824379215871,,,,,> ~5 km / none found,False,24284.464628710502,24284.464628710502,24.28
93081,PAPUA BARAT DAYA,KAB. RAJA AMPAT,Warwarbomi,-4.51701975,139.02325227,623511811440541695,,,,,> ~5 km / none found,False,5572.905029225259,24279.244931072502,24.28
89882,PAPUA PEGUNUNGAN,KAB. PEGUNUNGAN BINTANG,Alemsom,-4.75560853,140.14234603,623516990108205055,,,,,> ~5 km / none found,False,24273.900384827866,24273.900384827866,24.27
91973,PAPUA PEGUNUNGAN,KAB. YAHUKIMO,Talambo,-3.91810836,139.9203963,623516998873874431,,,,,> ~5 km / none found,False,24265.868225874237,24265.868225874237,24.27
20317,MALUKU,KAB. KEPULAUAN ARU,Aru Tengah,-6.17701465,134.5459105,623513167331688447,,,,,> ~5 km / none found,False,24195.853866669753,24195.853866669753,24.2
93306,PAPUA SELATAN,KAB. MAPPI,Passue,-6.44849926,139.62691924,624256026838958079,,,,,> ~5 km / none found,False,24172.85436117997,24172.85436117997,24.17
89306,PAPUA PEGUNUNGAN,KAB. PEGUNUNGAN BINTANG,Borme,-4.15527848,140.29020753,623517009535467519,,,,,> ~5 km / none found,False,24158.23116498775,24158.23116498775,24.16
92097,PAPUA PEGUNUNGAN,KAB. PEGUNUNGAN BINTANG,Jetfa,-4.13469727,140.6346438,623516609629454335,,,,,> ~5 km / none found,False,5276.164908491184,24102.306454772148,24.1
91111,PAPUA PEGUNUNGAN,KAB. YAHUKIMO,Silimo,-4.47641893,139.01948362,623511811493756927,16.0,,2.112,,> ~5 km / none found,True,2266.9782410116986,24090.51076286816,24.09
87142,SUMATERA UTARA,KAB. NIAS SELATAN,Pulau-Pulau Batu Timur,0.11217804,98.63050077,623974636921126911,4.0,,0.528,,> ~5 km / none found,True,546.0808311118677,24043.37327630015,24.04
90792,PAPUA PEGUNUNGAN,KAB. MAMBERAMO TENGAH,Megambilis,-3.45913647,138.73650288,623511730582814719,,,,,> ~5 km / none found,False,21076.497709646483,24041.036385569532,24.04
84842,PAPUA TENGAH,KAB. PUNCAK,Bina,-3.46697193,137.4933463,623512060670017535,,,,,> ~5 km / none found,False,24035.98215738829,24035.98215738829,24.04
22247,SULAWESI TENGAH,KAB. BANGGAI,Pagimana,-0.49470988,122.6015862,623341480723218431,,,,,> ~5 km / none found,False,24024.69782168794,24024.69782168794,24.02
91170,PAPUA PEGUNUNGAN,KAB. PEGUNUNGAN BINTANG,Okbab,-4.56994743,140.50977302,623516976380051455,,,,,> ~5 km / none found,False,24014.433695258413,24014.433695258413,24.01
85844,PAPUA TENGAH,KAB. PUNCAK,Doufo,-3.16789294,137.1276017,623511896165515263,,,,,> ~5 km / none found,False,11445.135553639022,23968.481420828615,23.97
83316,PAPUA SELATAN,KAB. ASMAT,Awyu,-6.12450416,138.85437974,624256000338591743,33.0,,4.356,,> ~5 km / none found,True,4390.927339551079,23964.991242108517,23.96
71815,SULAWESI SELATAN,KAB. PANGKAJENE KEPULAUAN,Liukang Tangaya,-7.30277645,118.1103025,624119126872883199,,,,,> ~5 km / none found,False,23944.041088015863,23944.041088015863,23.94
89101,PAPUA,KAB. MAMBERAMO RAYA,Mamberamo Hilir,-1.94423338,137.918202,623514039613751295,,,,,> ~5 km / none found,False,21736.74477964385,23924.703288271467,23.92
92733,PAPUA PEGUNUNGAN,KAB. YAHUKIMO,Hereapini,-4.19776438,139.36542271,623511854028324863,,,,,> ~5 km / none found,False,23900.95386839195,23900.95386839195,23.9
43462,RIAU,KAB. INDRAGIRI HULU,Kuala Cenaku,-0.04004658,102.7041821,623276147158941695,,,,,> ~5 km / none found,False,23887.730262653076,23887.730262653076,23.89
88739,PAPUA TENGAH,KAB. INTAN JAYA,Hitadipa,-3.60483973,137.31546577,623512062773100543,,,,,> ~5 km / none found,False,23878.03199663741,23878.03199663741,23.88
40870,KALIMANTAN TIMUR,KAB. MAHAKAM ULU,Long Pahangai,1.03958899,114.5200166,623335415777722367,,,,,> ~5 km / none found,False,17629.430605532805,23867.585044473337,23.87
25375,KALIMANTAN UTARA,KAB. MALINAU,Mentarang Hulu,4.03848817,116.171653,623338204666101759,,,,,> ~5 km / none found,False,23844.989940371488,23844.989940371488,23.84
91725,PAPUA PEGUNUNGAN,KAB. YAHUKIMO,Amuma,-4.51786636,139.0085914,623511811442245631,,,,,> ~5 km / none found,False,5100.798515462937,23817.963251678244,23.82
48469,KALIMANTAN TIMUR,KAB. BERAU,Tabalar,1.72761276,117.6060688,623338095984115711,,,,,> ~5 km / none found,False,8728.832391565742,23808.635388005652,23.81
17372,PAPUA TENGAH,KAB. MIMIKA,Hoya,-4.37258485,137.4352843,623511781904252927,,,,,> ~5 km / none found,False,23431.84021933039,23777.747409792933,23.78
90711,PAPUA PEGUNUNGAN,KAB. YAHUKIMO,Soloikma,-4.44288265,139.61063499,623517019425341439,,,,,> ~5 km / none found,False,23773.834848893384,23773.834848893384,23.77
92324,PAPUA PEGUNUNGAN,KAB. YAHUKIMO,Ninia,-4.33757172,139.33320764,623511856689250303,,,,,> ~5 km / none found,False,23756.956251219235,23756.956251219235,23.76
31936,PAPUA,KAB. KEPULAUAN YAPEN,Pulau Kurudu,-1.8410338,136.9847373,623513952989413375,,,,,> ~5 km / none found,False,22456.551810470326,23749.709941756413,23.75
92124,PAPUA PEGUNUNGAN,KAB. YAHUKIMO,Sobaham,-4.4183613,139.38445,623517022044717055,,,,,> ~5 km / none found,False,23742.909171536387,23742.909171536387,23.74
92308,PAPUA PEGUNUNGAN,KAB. YAHUKIMO,Langda,-4.41475362,139.39299365,623517022041309183,,,,,> ~5 km / none found,False,23733.038312261073,23733.038312261073,23.73
92729,PAPUA BARAT DAYA,KAB. MAYBRAT,Mare,-4.26802714,139.36070732,623511854248984575,,,,,> ~5 km / none found,False,23713.809602783494,23713.809602783494,23.71
89846,PAPUA BARAT DAYA,KAB. SORONG SELATAN,Kais,-1.89465404,132.00688122,623514719724634111,,,,,> ~5 km / none found,False,22541.478498767636,23701.769769073904,23.7
51173,ACEH,KAB. ACEH TENGGARA,Tanoh Alas,3.34646759,97.55593325,623281413890572287,,,,,> ~5 km / none found,False,23700.497900816474,23700.497900816474,23.7
88971,PAPUA BARAT DAYA,KAB. TAMBRAUW,Kebar Selatan,-1.07785705,133.28124818,623513447944323071,,,,,> ~5 km / none found,False,23686.91438835396,23686.91438835396,23.69
43370,ACEH,KAB. ACEH TENGGARA,Tanoh Alas,3.33416871,97.56439119,623281413898272767,,,,,> ~5 km / none found,False,23666.587307496928,23666.587307496928,23.67
40288,KALIMANTAN BARAT,KAB. SINTANG,Ambalau,0.11397734,113.0628236,623338679838113791,,,,,> ~5 km / none found,False,19776.86395940729,23651.995377484454,23.65
93191,PAPUA PEGUNUNGAN,KAB. NDUGA,Mam,-4.309281,138.074914,623511789873299455,,,,,> ~5 km / none found,False,23649.92122681957,23649.92122681957,23.65
16566,MALUKU,KOTA TUAL,Kur Selatan,-5.58698585,132.0019866,623512566454583295,,,,,> ~5 km / none found,False,23614.668398847014,23614.668398847014,23.61
90618,PAPUA BARAT,KAB. TELUK BINTUNI,Kaitaro,-2.75170476,133.6325456,623511505491329023,,,,,> ~5 km / none found,False,11427.62435751538,23567.800501484096,23.57
22908,RIAU,KAB. KEPULAUAN MERANTI,Merbau,0.5665482,102.2831004,623275861567373311,33.0,,4.356,,> ~5 km / none found,True,4259.943614058697,23539.949580154484,23.54
89666,PAPUA,KAB. WAROPEN,Masirei,-2.51456878,137.04963043,623511936096600063,,,,,> ~5 km / none found,False,23527.18295679414,23527.18295679414,23.53
13625,ACEH,KAB. ACEH TENGAH,Linge,3.47136928,97.53235525,623274225813225471,,,,,> ~5 km / none found,False,23362.88617863344,23510.50822477584,23.51
56966,ACEH,KAB. ACEH TENGGARA,Lawe Alas,3.47136928,97.53235525,623274225813225471,,,,,> ~5 km / none found,False,23362.88617863344,23510.50822477584,23.51
91151,PAPUA PEGUNUNGAN,KAB. PEGUNUNGAN BINTANG,Awinbon,-5.11249997,140.40103884,623516746290167807,,,,,> ~5 km / none found,False,6977.565141833063,23506.989404112726,23.51
85513,PAPUA SELATAN,KAB. ASMAT,Unir Sirau,-5.24364826,138.41353805,624256212101988351,,,,,> ~5 km / none found,False,23502.60482988585,23502.60482988585,23.5
85359,KALIMANTAN TENGAH,KAB. SERUYAN,Seruyan Hilir,-2.91844805,112.5834454,623336405751529471,,,,,> ~5 km / none found,False,23472.695464173703,23472.695464173703,23.47
93162,PAPUA,KAB. BIAK NUMFOR,Yendidori,-3.91262661,135.56095387,623511313428217855,,,,,> ~5 km / none found,False,17206.926021514366,23461.970655824087,23.46
93080,PAPUA PEGUNUNGAN,KAB. YAHUKIMO,Hereapini,-4.23168243,139.36288348,623511854052311039,,,,,> ~5 km / none found,False,23461.48783238762,23461.48783238762,23.46
64527,ACEH,KAB. GAYO LUES,Kutapanjang,3.78488809,97.17903851,623274192563240959,,,,,> ~5 km / none found,False,22173.604756028228,23428.60620565159,23.43
83495,MALUKU UTARA,KAB. HALMAHERA SELATAN,Kepulauan Joronga,-1.0938948,128.3871431,624125411789570047,,,,,> ~5 km / none found,False,23419.333936784788,23419.333936784788,23.42
89716,PAPUA TENGAH,KAB. PANIAI,Bibida,-4.05400882,136.71996431,623512038615318527,,,,,> ~5 km / none found,False,23414.11602341939,23414.11602341939,23.41
89076,PAPUA PEGUNUNGAN,KAB. YALIMO,Welarek,-4.08103581,139.44613892,623511700451557375,,,,,> ~5 km / none found,False,23392.923653080583,23392.923653080583,23.39
89387,PAPUA PEGUNUNGAN,KAB. PEGUNUNGAN BINTANG,Okhika,-4.59976717,140.64117643,623516975703326719,,,,,> ~5 km / none found,False,21142.104077646207,23384.96543606073,23.38
91613,PAPUA PEGUNUNGAN,KAB. YAHUKIMO,Silimo,-4.52087884,138.9299606,623511810494988287,,,,,> ~5 km / none found,False,6781.745758114142,23381.008769749584,23.38
92520,PAPUA SELATAN,KAB. ASMAT,Pulau Tiga,-4.87032355,138.17071803,623511750144196607,,,,,> ~5 km / none found,False,23352.498200102604,23352.498200102604,23.35
93047,PAPUA BARAT DAYA,KAB. RAJA AMPAT,Warwarbomi,-4.46723019,139.00501934,623511811480420351,7.0,,0.924,,> ~5 km / none found,True,825.9832064381757,23349.686597525146,23.35
92040,PAPUA BARAT DAYA,KAB. TOLIKARA,Miyah,-4.47827515,138.8764813,623511815539064831,6.0,,0.792,,> ~5 km / none found,True,775.5683213720903,23315.23945800508,23.32
92430,PAPUA PEGUNUNGAN,KAB. YAHUKIMO,Samenage,-0.0776235,130.6648394,623530312526036991,,,,,> ~5 km / none found,False,23310.371553539982,23310.371553539982,23.31
92445,PAPUA PEGUNUNGAN,KAB. YAHUKIMO,Hogio,-4.46112018,139.16769838,623511823326412799,,,,,> ~5 km / none found,False,18721.815346021813,23255.80240364937,23.26
94128,PAPUA PEGUNUNGAN,KAB. TOLIKARA,Wari/Taiyeve II,-3.31596047,138.40524319,623511647176654847,,,,,> ~5 km / none found,False,23249.332293157266,23249.332293157266,23.25
92746,PAPUA SELATAN,KAB. ASMAT,Kolf Braza,-5.2932049,139.515557,624256113954947071,,,,,> ~5 km / none found,False,23245.397640230734,23245.397640230734,23.25
89796,PAPUA TENGAH,KAB. PANIAI,Bibida,-3.9251565,136.74568779,623512022744268799,,,,,> ~5 km / none found,False,22108.672488166056,23221.651011243495,23.22
90249,PAPUA,KAB. WAROPEN,Wonti,-2.5093051,136.76317991,623513968418291711,,,,,> ~5 km / none found,False,23213.222191478748,23213.222191478748,23.21
89138,PAPUA PEGUNUNGAN,KAB. YAHUKIMO,Silimo,-4.4472926,138.9506256,623511815219937279,,,,,> ~5 km / none found,False,5793.4525197291705,23186.421887683722,23.19
93581,PAPUA SELATAN,KAB. ASMAT,Kopay,-6.33718802,138.78994004,624255984460136447,,,,,> ~5 km / none found,False,18619.492508536932,23140.277675831265,23.14
90691,PAPUA BARAT,KAB. KAIMANA,Yamor,-3.9270672,135.04475276,623511235723296767,28.0,,3.696,,> ~5 km / none found,True,3824.235338048688,23137.169358518066,23.14
90524,PAPUA,KAB. WAROPEN,Risei Sayati,-2.55536187,136.72862182,623511167303778303,,,,,> ~5 km / none found,False,23096.760939388998,23096.760939388998,23.1
89447,PAPUA PEGUNUNGAN,KAB. PEGUNUNGAN BINTANG,Kiwirok Timur,-4.72015788,140.86316629,623516571263991807,,,,,> ~5 km / none found,False,12532.925679264157,23096.458689929506,23.1
93742,PAPUA SELATAN,KAB. MAPPI,Passue,-6.38740506,139.51962774,624255995181629439,,,,,> ~5 km / none found,False,23092.873004682737,23092.873004682737,23.09
88286,PAPUA SELATAN,KAB. ASMAT,Sirets,-5.58164494,138.68203659,624256185987923967,,,,,> ~5 km / none found,False,23091.50952137395,23091.50952137395,23.09
93739,PAPUA PEGUNUNGAN,KAB. YALIMO,Welarek,-4.05289715,139.47250371,623511702189309951,,,,,> ~5 km / none found,False,23083.770180038584,23083.770180038584,23.08
82973,PAPUA TENGAH,KAB. PUNCAK,Dervos,-3.49991717,137.026953,623512051847233535,,,,,> ~5 km / none found,False,23040.73958861171,23040.73958861171,23.04
22942,SULAWESI TENGGARA,KAB. KOLAKA UTARA,Pakue Utara,-3.23199158,121.3499896,624120733631053823,11.0,,1.452,,> ~5 km / none found,True,1235.2896246156383,23035.14862814951,23.04
88294,PAPUA SELATAN,KAB. ASMAT,Joerat,-5.37794893,137.9889907,623511770503020543,,,,,> ~5 km / none found,False,23032.51869123569,23032.51869123569,23.03
83803,MALUKU UTARA,KAB. HALMAHERA SELATAN,Kepulauan Joronga,-1.08957934,128.3154637,624125411640803327,,,,,> ~5 km / none found,False,23016.441433931053,23016.441433931053,23.02
80286,SUMATERA UTARA,KAB. TAPANULI TENGAH,Tapian Nauli,1.66876435,98.48299587,623281709230981119,,,,,> ~5 km / none found,False,23002.43393595736,23002.43393595736,23.0
6181,SULAWESI TENGAH,KAB. MOROWALI UTARA,Bungku Utara,-1.58056244,121.4788001,623340847659941887,,,,,> ~5 km / none found,False,22997.420752289414,22997.420752289414,23.0
50393,PAPUA BARAT DAYA,KAB. RAJA AMPAT,Tiplol Mayalibit,-0.08344203,130.6431484,623530312618541055,,,,,> ~5 km / none found,False,22992.633180389475,22992.633180389475,22.99
91724,PAPUA PEGUNUNGAN,KAB. YAHUKIMO,Amuma,-4.53891801,139.0498624,623511810879193087,,,,,> ~5 km / none found,False,9220.98057196799,22969.59519103118,22.97
89630,PAPUA PEGUNUNGAN,KAB. YAHUKIMO,Holuwon,-4.47042043,139.32381429,623511824648077311,,,,,> ~5 km / none found,False,22941.642222828257,22941.642222828257,22.94
87413,MALUKU UTARA,KAB. HALMAHERA SELATAN,Kayoa,0.15762577,127.15060841,623530185149349887,,,,,> ~5 km / none found,False,22938.675064355684,22938.675064355684,22.94
83491,PAPUA TENGAH,KAB. PUNCAK,Doufo,-3.37810332,137.4011875,623512064431259647,,,,,> ~5 km / none found,False,22930.461866181453,22930.461866181453,22.93
79434,KALIMANTAN BARAT,KAB. KAPUAS HULU,Putussibau Selatan,0.98866148,113.4481177,623338512919887871,,,,,> ~5 km / none found,False,22927.771679671107,22927.771679671107,22.93
67199,PAPUA BARAT,KAB. FAK FAK,Karas,-3.37239373,133.08018373,623514603854299135,,,,,> ~5 km / none found,False,6251.396144523216,22890.93067846758,22.89
14992,KALIMANTAN UTARA,KAB. MALINAU,Kayan Hilir,2.16613645,114.9940854,623337547225202687,,,,,> ~5 km / none found,False,16292.227144735325,22885.090106554988,22.89
88773,MALUKU UTARA,KAB. HALMAHERA SELATAN,Kepulauan Joronga,-1.09146316,128.36551672,624125411784818687,,,,,> ~5 km / none found,False,22883.203725858933,22883.203725858933,22.88
19372,ACEH,KAB. GAYO LUES,Pining,3.84974001,97.83598037,623274182147768319,,,,,> ~5 km / none found,False,21294.800307225956,22872.447795917342,22.87
91450,PAPUA PEGUNUNGAN,KAB. YALIMO,Welarek,-4.06191705,139.46093353,623511700436484095,,,,,> ~5 km / none found,False,22856.098101876476,22856.098101876476,22.86
92476,PAPUA PEGUNUNGAN,KAB. YALIMO,Welarek,-4.10942534,139.38099674,623511700784971775,,,,,> ~5 km / none found,False,22822.309453684167,22822.309453684167,22.82
89105,PAPUA PEGUNUNGAN,KAB. YALIMO,Welarek,-4.13126343,139.33510785,623511700573880319,,,,,> ~5 km / none found,False,22787.066187966073,22787.066187966073,22.79
18959,KALIMANTAN TENGAH,KAB. MURUNG RAYA,Seribu Riam,0.14446664,113.6097486,623335597156794367,,,,,> ~5 km / none found,False,17978.075600825636,22774.68854305921,22.77
73223,SULAWESI TENGGARA,KAB. KOLAKA TIMUR,Ueesi,-3.39546926,121.2964045,624120735822643199,,,,,> ~5 km / none found,False,16010.73796948825,22736.80286526088,22.74
88353,PAPUA SELATAN,KAB. ASMAT,Unir Sirau,-5.20408848,138.4188285,624256211517669375,,,,,> ~5 km / none found,False,22730.93694312104,22730.93694312104,22.73
92446,PAPUA PEGUNUNGAN,KAB. YAHUKIMO,Hogio,-4.4648388,139.14265339,623511855354314751,,,,,> ~5 km / none found,False,15922.142781471368,22707.31586903178,22.71
59714,MALUKU,KAB. MALUKU BARAT DAYA,Wetar Utara,-7.70955188,126.0196468,624123718704234495,,,,,> ~5 km / none found,False,6471.125091343815,22687.34298858191,22.69
38857,MALUKU,KAB. KEPULAUAN ARU,Aru Tengah Timur,-6.27692946,134.6780604,623513170264653823,,,,,> ~5 km / none found,False,22662.01759721445,22662.01759721445,22.66
87708,MALUKU UTARA,KAB. HALMAHERA SELATAN,Kayoa,0.13755523,127.12288921,623530185245556735,,,,,> ~5 km / none found,False,22656.937432792674,22656.937432792674,22.66
91611,PAPUA PEGUNUNGAN,KAB. YAHUKIMO,Amuma,-4.53985057,139.1262969,623511823523151871,,,,,> ~5 km / none found,False,15921.870724165105,22653.204131828406,22.65
92309,PAPUA PEGUNUNGAN,KAB. YAHUKIMO,Langda,-4.42369686,139.39734235,623511824499539967,,,,,> ~5 km / none found,False,22635.246402858244,22635.246402858244,22.64
92873,PAPUA PEGUNUNGAN,KAB. NDUGA,Wosak,-4.34723803,138.78572821,623511847648493567,,,,,> ~5 km / none found,False,14707.795730701686,22634.76891327285,22.63
92306,PAPUA PEGUNUNGAN,KAB. YAHUKIMO,Langda,-4.44038756,139.3649954,623511824311549951,,,,,> ~5 km / none found,False,22624.27034750513,22624.27034750513,22.62
92454,PAPUA PEGUNUNGAN,KAB. YAHUKIMO,Sela,-4.53974883,139.76548039,623516987195064319,,,,,> ~5 km / none found,False,22589.861194267683,22589.861194267683,22.59
91154,PAPUA PEGUNUNGAN,KAB. PEGUNUNGAN BINTANG,Kawor,-5.15915843,140.48701763,623516741557616639,,,,,> ~5 km / none found,False,16377.986935713794,22585.210865858473,22.59
42390,PAPUA PEGUNUNGAN,KAB. YAHUKIMO,Silimo,-4.46015974,139.00563953,623511815351599103,10.0,,1.32,,> ~5 km / none found,True,1368.0766843855217,22569.99573775011,22.57
85846,PAPUA TENGAH,KAB. PUNCAK,Kembru,-3.6522799,137.66739277,623511655454539775,,,,,> ~5 km / none found,False,22038.281402624878,22558.50609341328,22.56
93658,PAPUA SELATAN,KAB. MAPPI,Passue,-6.64610574,139.63445392,624256025137184767,,,,,> ~5 km / none found,False,22548.970079857078,22548.970079857078,22.55
91447,PAPUA PEGUNUNGAN,KAB. YALIMO,Welarek,-4.09800675,139.40334961,623511700771667967,,,,,> ~5 km / none found,False,22544.658169716728,22544.658169716728,22.54
90095,PAPUA TENGAH,KAB. PANIAI,Bibida,-3.9358086,136.78446643,623512022753607679,,,,,> ~5 km / none found,False,21372.268888636645,22528.22376603402,22.53
91551,PAPUA PEGUNUNGAN,KAB. TOLIKARA,Wari/Taiyeve II,-3.32207609,138.81955772,623511728387162111,,,,,> ~5 km / none found,False,15898.323727858871,22504.337610367365,22.5
31716,PAPUA SELATAN,KAB. ASMAT,Akat,-5.31074088,138.3552013,624256205544194047,,,,,> ~5 km / none found,False,22497.49719439093,22497.49719439093,22.5
93290,SULAWESI SELATAN,KAB. LUWU TIMUR,Mangkutana,-2.31085468,120.5541924,624121012314374143,,,,,> ~5 km / none found,False,10939.945572357496,22493.742764757786,22.49
44602,MALUKU,KAB. MALUKU TENGGARA,Kei Kecil Barat,-6.02194896,132.4384793,623512329589063679,,,,,> ~5 km / none found,False,22286.912298624677,22491.309519741462,22.49
48006,RIAU,KAB. INDRAGIRI HULU,Kuala Cenaku,-0.17350443,102.6637746,623276145045897215,,,,,> ~5 km / none found,False,22473.759958666247,22473.759958666247,22.47
92707,PAPUA PEGUNUNGAN,KAB. YAHUKIMO,Sela,-4.52164204,139.74470907,623517018971832319,,,,,> ~5 km / none found,False,22471.50996731263,22471.50996731263,22.47
54972,ACEH,KAB. ACEH TENGGARA,Babul Rahmah,3.30332151,97.57303739,623281414361251839,,,,,> ~5 km / none found,False,22468.418168987355,22468.418168987355,22.47
91730,PAPUA PEGUNUNGAN,KAB. YAHUKIMO,Amuma,-4.52667863,138.982597,623511811761176575,,,,,> ~5 km / none found,False,6256.6755388257125,22453.637019611637,22.45
90148,PAPUA TENGAH,KAB. INTAN JAYA,Biandoga,-3.50380361,136.85085477,623512050802491391,,,,,> ~5 km / none found,False,22416.746553783258,22416.746553783258,22.42
93218,PAPUA PEGUNUNGAN,KAB. NDUGA,Pija,-4.42819765,138.77848152,623511814172409855,,,,,> ~5 km / none found,False,5728.013724237084,22414.978907586017,22.41
93049,PAPUA BARAT DAYA,KAB. RAJA AMPAT,Misool Barat,-4.46314553,139.03218023,623511811500081151,31.0,,4.092,,> ~5 km / none found,True,3787.310018765652,22414.10896670747,22.41
89286,PAPUA TENGAH,KAB. PANIAI,Bibida,-3.99007432,136.72040911,623512039051657215,,,,,> ~5 km / none found,False,22403.404871631446,22403.404871631446,22.4
82206,PAPUA BARAT DAYA,KAB. TAMBRAUW,Kwesefo,-0.62014809,132.7033694,623513668219011071,,,,,> ~5 km / none found,False,22189.10831228375,22396.8960264988,22.4
89526,PAPUA PEGUNUNGAN,KAB. PEGUNUNGAN BINTANG,Oksamol,-4.85701521,140.92277764,623516736419692543,,,,,> ~5 km / none found,False,21869.732571069813,22384.292818013873,22.38
93362,PAPUA SELATAN,KAB. BOVEN DIGOEL,Fofi,-6.39768824,139.7769222,624256399470329855,,,,,> ~5 km / none found,False,22380.806726297196,22380.806726297196,22.38
93841,PAPUA PEGUNUNGAN,KAB. NDUGA,Mebarok,-4.10926076,138.14872521,623511635876282367,,,,,> ~5 km / none found,False,7642.759561270423,22375.296780395554,22.38
89329,PAPUA PEGUNUNGAN,KAB. PEGUNUNGAN BINTANG,Pepera,-4.92241418,140.92995831,623516738940403711,,,,,> ~5 km / none found,False,22365.199795786553,22365.199795786553,22.37
84850,PAPUA TENGAH,KAB. PUNCAK,Beoga Timur,-3.57466848,137.2506511,623512059197816831,,,,,> ~5 km / none found,False,21987.68603765249,22363.473019873018,22.36
91240,PAPUA PEGUNUNGAN,KAB. YALIMO,Welarek,-4.01897614,139.50102748,623511702180888575,,,,,> ~5 km / none found,False,22347.09166007449,22347.09166007449,22.35
82408,PAPUA SELATAN,KAB. ASMAT,Ayib,-5.8755592,138.54240862,624256217021612031,,,,,> ~5 km / none found,False,22338.515249941313,22338.515249941313,22.34
89184,PAPUA,KAB. WAROPEN,Masirei,-2.49646636,136.97651585,623511936070090751,,,,,> ~5 km / none found,False,22284.83229935372,22284.83229935372,22.28
92601,PAPUA SELATAN,KAB. MAPPI,Assue,-5.97352751,138.99326769,624256002336849919,,,,,> ~5 km / none found,False,22272.751908042366,22272.751908042366,22.27
92844,PAPUA PEGUNUNGAN,KAB. YAHUKIMO,Sela,-4.60661711,139.81373825,623516986773962751,,,,,> ~5 km / none found,False,22257.68738128909,22257.68738128909,22.26
86552,PAPUA SELATAN,KAB. ASMAT,Akat,-5.32486107,138.33370462,624256205568704511,,,,,> ~5 km / none found,False,22224.730965660496,22224.730965660496,22.22
91449,PAPUA PEGUNUNGAN,KAB. YALIMO,Welarek,-4.01201037,139.53868808,623511701423751167,,,,,> ~5 km / none found,False,22203.468254973,22203.468254973,22.2
89727,PAPUA PEGUNUNGAN,KAB. PEGUNUNGAN BINTANG,Okbab,-4.59679981,140.44104757,623516975202795519,,,,,> ~5 km / none found,False,22195.593997622465,22195.593997622465,22.2
83305,PAPUA SELATAN,KAB. ASMAT,Awyu,-6.15281156,138.87009508,624255999873318911,37.0,,4.884,,> ~5 km / none found,True,4811.850858223188,22184.45459177988,22.18
89651,PAPUA PEGUNUNGAN,KAB. PEGUNUNGAN BINTANG,Kiwirok Timur,-4.7515879,140.87960909,623516571188953087,,,,,> ~5 km / none found,False,13818.030650339633,22175.805354112257,22.18
62141,RIAU,KAB. PELALAWAN,Teluk Meranti,0.4662836,102.3806914,623275865795395583,,,,,> ~5 km / none found,False,19724.09530227088,22160.52513063627,22.16
90743,PAPUA PEGUNUNGAN,KAB. YALIMO,Welarek,-4.03489852,139.47646305,623511702192979967,,,,,> ~5 km / none found,False,22145.79149095463,22145.79149095463,22.15
31063,PAPUA TENGAH,KAB. MIMIKA,Jila,-4.39291583,137.7441936,623511777013858303,,,,,> ~5 km / none found,False,17226.353855321617,22130.50456990398,22.13
88798,PAPUA,KAB. MAMBERAMO RAYA,Mamberamo Hilir,-1.9206094,138.10077097,623514020460462079,,,,,> ~5 km / none found,False,17318.931841750975,22082.277227863102,22.08
93235,PAPUA PEGUNUNGAN,KAB. YAHUKIMO,Pronggoli,-4.15626033,139.33887777,623511854373437439,,,,,> ~5 km / none found,False,22080.675700833,22080.675700833,22.08
61430,SULAWESI TENGGARA,KAB. KOLAKA UTARA,Pakue Utara,-3.20362556,121.3534292,624120738756460543,12.0,,1.584,,> ~5 km / none found,True,1443.2118012176334,22072.00617957834,22.07
49710,RIAU,KAB. INDRAGIRI HULU,Kuala Cenaku,-0.1656957,102.6333971,623276144992518143,,,,,> ~5 km / none found,False,22071.799953812704,22071.799953812704,22.07
89821,PAPUA TENGAH,KAB. PANIAI,Siriwo,-3.54966947,136.1747416,623511308447285247,,,,,> ~5 km / none found,False,22048.39312780063,22048.39312780063,22.05
90198,PAPUA TENGAH,KAB. INTAN JAYA,Biandoga,-3.46363534,136.59251467,623512057568854015,,,,,> ~5 km / none found,False,17492.458103802812,22042.78576217802,22.04
83870,PAPUA BARAT,KAB. TELUK BINTUNI,Kamundan,-2.08706057,132.7277092,623514725025611775,,,,,> ~5 km / none found,False,22003.896000583823,22003.896000583823,22.0
18324,PAPUA SELATAN,KAB. ASMAT,Sor Ep,-5.404629,138.5321319,624256198182043647,,,,,> ~5 km / none found,False,21997.66174150864,21997.66174150864,22.0
20186,MALUKU,KAB. KEPULAUAN ARU,Aru Tengah Timur,-5.90186363,134.6925033,623513173129199615,,,,,> ~5 km / none found,False,17962.736153497626,21991.320170703922,21.99
93048,PAPUA BARAT DAYA,KAB. RAJA AMPAT,Misool Barat,-4.45740677,139.02057094,623511815353466879,23.0,,3.036,,> ~5 km / none found,True,2857.638470204787,21990.28413251363,21.99
89152,PAPUA PEGUNUNGAN,KAB. PEGUNUNGAN BINTANG,Okbemtau,-4.64387952,140.76636307,623516575516950527,,,,,> ~5 km / none found,False,12138.264732186037,21960.94142416725,21.96
92994,PAPUA PEGUNUNGAN,KAB. NDUGA,Pija,-4.4263548,138.76192308,623511814167035903,,,,,> ~5 km / none found,False,5929.854656256942,21901.547133227577,21.9
91242,PAPUA PEGUNUNGAN,KAB. YALIMO,Welarek,-4.00390305,139.56139227,623511701441675263,,,,,> ~5 km / none found,False,21866.907816798794,21866.907816798794,21.87
93528,PAPUA SELATAN,KAB. ASMAT,Kopay,-6.36602833,138.7263694,624255985720721407,,,,,> ~5 km / none found,False,21863.118144613727,21863.118144613727,21.86
90397,PAPUA,KAB. SARMI,Sarmi,-1.60510149,138.7274558,623519185948344319,19.0,,2.508,,> ~5 km / none found,True,2521.1975421772972,21860.943340674443,21.86
63980,SULAWESI TENGGARA,KAB. KONAWE UTARA,Asera,-3.37706997,121.7822579,624120741915557887,,,,,> ~5 km / none found,False,21506.205724293774,21859.832126623354,21.86
92093,PAPUA PEGUNUNGAN,KAB. YAHUKIMO,Amuma,-4.53718798,139.0133363,623511811691446271,,,,,> ~5 km / none found,False,7300.085564689775,21845.5803313643,21.85
54285,KALIMANTAN TENGAH,KAB. KOTAWARINGIN TIMUR,Telaga Antang,-1.39504084,112.2451607,623336529521049599,,,,,> ~5 km / none found,False,14625.935920227957,21838.822081350085,21.84
91099,PAPUA PEGUNUNGAN,KAB. YAHUKIMO,Amuma,-4.54713953,139.09899123,623511811071508479,,,,,> ~5 km / none found,False,13782.728073437831,21830.56777767032,21.83
93705,PAPUA BARAT DAYA,KAB. RAJA AMPAT,Misool Selatan,-2.02466609,130.39526273,624125214980931583,,,,,> ~5 km / none found,False,21814.62987750228,21814.62987750228,21.81
87687,PAPUA SELATAN,KAB. ASMAT,Suator,-5.59133787,139.16912254,624256125046751231,,,,,> ~5 km / none found,False,21807.389030519455,21807.389030519455,21.81
88910,PAPUA BARAT,KAB. TELUK BINTUNI,Moskona Timur,-1.30321005,133.2415269,623513443338190847,,,,,> ~5 km / none found,False,21796.56959410718,21796.56959410718,21.8
11273,KEPULAUAN RIAU,KAB. KEPULAUAN ANAMBAS,Siantan Selatan,2.93264626,106.1310836,623277184504987647,,,,,> ~5 km / none found,False,21736.27201995905,21736.27201995905,21.74
72472,PAPUA SELATAN,KAB. MERAUKE,Ulilin,-7.08745571,140.93008075,624255495339835391,,,,,> ~5 km / none found,False,21730.402413226882,21730.402413226882,21.73
92439,PAPUA PEGUNUNGAN,KAB. YAHUKIMO,Hogio,-4.44232492,139.17511568,623511823293382655,,,,,> ~5 km / none found,False,19788.24040632983,21723.72896537155,21.72
89126,PAPUA BARAT,KAB. TELUK BINTUNI,Kaitaro,-2.79098159,133.69823817,623511504878403583,28.0,,3.696,,> ~5 km / none found,True,3891.6198242919677,21690.500032969176,21.69
91452,PAPUA PEGUNUNGAN,KAB. YALIMO,Welarek,-4.06501177,139.44132183,623511700415152127,,,,,> ~5 km / none found,False,21669.58489214809,21669.58489214809,21.67
27170,KALIMANTAN UTARA,KAB. MALINAU,Sungai Tubu,3.42058662,116.0247667,623338171555414015,,,,,> ~5 km / none found,False,16801.014475286316,21645.06160287236,21.65
67702,ACEH,KAB. ACEH TENGGARA,Babul Rahmah,3.28753368,97.65987093,623281411076620287,,,,,> ~5 km / none found,False,18683.354296620702,21640.461736791956,21.64
89109,PAPUA BARAT,KAB. TELUK BINTUNI,Moskona Utara,-1.42046433,132.97224448,623514710648684543,,,,,> ~5 km / none found,False,21632.114191963155,21632.114191963155,21.63
89689,PAPUA,KAB. MAMBERAMO RAYA,Mamberamo Tengah,-2.294148,138.31016692,623511984321822719,,,,,> ~5 km / none found,False,18040.285098735887,21631.528445539243,21.63
50395,PAPUA BARAT DAYA,KAB. RAJA AMPAT,Tiplol Mayalibit,-0.11194296,130.5959237,623530319107031039,,,,,> ~5 km / none found,False,21616.97338096816,21616.97338096816,21.62
91992,PAPUA PEGUNUNGAN,KAB. YAHUKIMO,Musaik,-4.55614276,139.0571299,623511810888794111,,,,,> ~5 km / none found,False,11235.848801660499,21602.411301106935,21.6
88765,PAPUA TENGAH,KAB. PANIAI,Fajar Timur,-3.56239626,136.2551052,623511308518588415,,,,,> ~5 km / none found,False,21578.20270776917,21578.20270776917,21.58
93207,PAPUA PEGUNUNGAN,KAB. NDUGA,Kora,-4.44383805,138.79768289,623511814105628671,36.0,,4.752,,> ~5 km / none found,True,4969.192766558101,21550.008568722304,21.55
91723,PAPUA PEGUNUNGAN,KAB. YAHUKIMO,Amuma,-4.53560813,138.943641,623511810488336383,,,,,> ~5 km / none found,False,8955.563198975651,21547.155042241757,21.55
91152,PAPUA PEGUNUNGAN,KAB. PEGUNUNGAN BINTANG,Batani,-3.89488895,140.20059827,623517011591167999,,,,,> ~5 km / none found,False,21508.12925625279,21508.12925625279,21.51
93565,PAPUA PEGUNUNGAN,KAB. NDUGA,Nenggeagin,-4.05843067,138.11212556,623511636387758079,27.0,,3.564,,> ~5 km / none found,True,3446.7851239395604,21507.864835626202,21.51
89401,PAPUA PEGUNUNGAN,KAB. YAHUKIMO,Kabianggama,-4.43146447,139.40562446,623511824492494847,,,,,> ~5 km / none found,False,21501.6577525441,21501.6577525441,21.5
87674,PAPUA SELATAN,KAB. ASMAT,Akat,-5.32948429,138.31402324,624256210620350463,,,,,> ~5 km / none found,False,21490.03580184714,21490.03580184714,21.49
50672,PAPUA BARAT DAYA,KAB. RAJA AMPAT,Tiplol Mayalibit,-0.09904682,130.7322584,623530312692236287,,,,,> ~5 km / none found,False,21488.82351817925,21488.82351817925,21.49
92311,PAPUA PEGUNUNGAN,KAB. YAHUKIMO,Langda,-4.45627825,139.3605047,623511824341106687,,,,,> ~5 km / none found,False,21445.16611743285,21445.16611743285,21.45
93783,PAPUA PEGUNUNGAN,KAB. YAHUKIMO,Kurima,-4.36806666,138.87473893,623511847838777343,,,,,> ~5 km / none found,False,12579.77803273404,21435.205961399726,21.44
55238,PAPUA TENGAH,KAB. NABIRE,Wapoga,-2.94230263,136.2279259,623511123193888767,,,,,> ~5 km / none found,False,21428.166942388714,21428.166942388714,21.43
30912,KEPULAUAN RIAU,KAB. LINGGA,Temiang Pesisir,0.29885546,104.3536995,623276090667171839,,,,,> ~5 km / none found,False,4936.829636618676,21427.06885688102,21.43
89574,PAPUA PEGUNUNGAN,KAB. YALIMO,Welarek,-4.08097926,139.41413487,623511700512473087,,,,,> ~5 km / none found,False,21418.57859865916,21418.57859865916,21.42
80272,PAPUA TENGAH,KAB. PUNCAK,Bina,-3.64838176,137.5568505,623511661678854143,,,,,> ~5 km / none found,False,18381.37187620327,21407.25459454621,21.41
93854,PAPUA PEGUNUNGAN,KAB. NDUGA,Wosak,-4.33930643,138.73848774,623511846494732287,,,,,> ~5 km / none found,False,15879.311562887331,21398.325686126398,21.4
44604,RIAU,KAB. INDRAGIRI HULU,Rengat,-0.14822082,102.5787972,623276148776042495,,,,,> ~5 km / none found,False,21395.711829287484,21395.711829287484,21.4
89072,PAPUA PEGUNUNGAN,KAB. YAHUKIMO,Silimo,-4.44292925,138.98356508,623511815339540479,25.0,,3.3,,> ~5 km / none found,True,3356.92601963462,21385.199175098238,21.39
91108,PAPUA PEGUNUNGAN,KAB. YAHUKIMO,Silimo,-4.44292925,138.98356508,623511815339540479,25.0,,3.3,,> ~5 km / none found,True,3356.92601963462,21385.199175098238,21.39
71895,JAMBI,KAB. MUARO JAMBI,Kumpeh,-1.60627347,104.173348,623969013986525183,,,,,> ~5 km / none found,False,20010.272270942507,21385.058692697672,21.39
51333,MALUKU,KAB. MALUKU BARAT DAYA,Wetar Timur,-7.64607856,126.6304486,624124468191231999,,,,,> ~5 km / none found,False,19031.536126613617,21373.542275309712,21.37
74267,KALIMANTAN TENGAH,KAB. KATINGAN,Marikit,-0.76787638,112.63735585,623336554348249087,,,,,> ~5 km / none found,False,20801.26735483973,21369.01209167102,21.37
87592,SUMATERA UTARA,KAB. NIAS SELATAN,Pulau-Pulau Batu Timur,-0.04875066,98.49615405,623974680978325503,,,,,> ~5 km / none found,False,17264.224435065666,21361.08091204112,21.36
61394,KALIMANTAN TENGAH,KAB. KATINGAN,Petak Malai,-0.6629617,112.7731953,623338669408354303,,,,,> ~5 km / none found,False,21345.89743812693,21345.89743812693,21.35
48869,PAPUA TENGAH,KAB. NABIRE,Siriwo,-3.40501304,136.0929597,623511143716519935,,,,,> ~5 km / none found,False,21342.25660925001,21342.25660925001,21.34
85518,PAPUA SELATAN,KAB. ASMAT,Suator,-5.49761428,139.28212976,624256123394359295,,,,,> ~5 km / none found,False,21340.993269754857,21340.993269754857,21.34
85345,PAPUA TENGAH,KAB. PUNCAK,Doufo,-3.16194994,137.2729986,623511897270452223,,,,,> ~5 km / none found,False,7082.9243796889505,21326.374462808857,21.33
81428,PAPUA PEGUNUNGAN,KAB. YAHUKIMO,Sela,-4.5505614,139.7591112,623516987138572287,,,,,> ~5 km / none found,False,21261.508296428092,21261.508296428092,21.26
39334,PAPUA,KAB. KEPULAUAN YAPEN,Pulau Kurudu,-1.83991002,136.962301,623513953085554687,,,,,> ~5 km / none found,False,19969.71155982326,21255.81001641246,21.26
87958,SUMATERA UTARA,KAB. NIAS SELATAN,Pulau-Pulau Batu Timur,-0.11043738,98.47830356,623974680769396735,,,,,> ~5 km / none found,False,18526.076392870324,21214.598988307087,21.21
74156,PAPUA BARAT,KAB. FAK FAK,Karas,-3.41709137,132.64894041,623514563231186943,,,,,> ~5 km / none found,False,16484.41510182604,21191.093977219203,21.19
89564,PAPUA PEGUNUNGAN,KAB. NDUGA,Mebarok,-4.20782304,138.17155112,623511632449994751,,,,,> ~5 km / none found,False,18110.723359035328,21190.644849801738,21.19
83300,PAPUA SELATAN,KAB. ASMAT,Ayib,-5.92168574,138.54204308,624256216852430847,,,,,> ~5 km / none found,False,21185.80242017963,21185.80242017963,21.19
91526,PAPUA BARAT,KAB. TELUK BINTUNI,Kaitaro,-2.67436581,133.71407172,623514432982908927,,,,,> ~5 km / none found,False,7967.2886093748575,21182.581958308376,21.18
89722,PAPUA BARAT,KAB. KAIMANA,Teluk Arguni Bawah,-3.34752832,133.46574485,623511520631947263,,,,,> ~5 km / none found,False,5271.440571365291,21144.002790955998,21.14
92095,PAPUA PEGUNUNGAN,KAB. YAHUKIMO,Amuma,-4.53821433,138.962393,623511811784671231,,,,,> ~5 km / none found,False,8330.69592180284,21112.947841710233,21.11
92875,PAPUA PEGUNUNGAN,KAB. NDUGA,Wosak,-4.33211514,138.76523123,623511847715766271,,,,,> ~5 km / none found,False,16288.432495319239,21087.115072018496,21.09
56611,PAPUA,KAB. BIAK NUMFOR,Padaido,-1.30203371,136.41325161,623513979466186751,,,,,> ~5 km / none found,False,21034.670427367568,21034.670427367568,21.03
91454,PAPUA PEGUNUNGAN,KAB. YALIMO,Welarek,-4.04878497,139.45073437,623511700491698175,,,,,> ~5 km / none found,False,21025.152923520138,21025.152923520138,21.03
38161,SUMATERA SELATAN,KAB. OGAN KOMERING ILIR,Tulung Selapan,-2.95434418,105.6498293,623971345868947455,,,,,> ~5 km / none found,False,13968.94592401595,21020.617576610886,21.02
93219,PAPUA PEGUNUNGAN,KAB. NDUGA,Kora,-4.45971951,138.81726331,623511814334676991,,,,,> ~5 km / none found,False,5551.8142918558015,21013.73095219192,21.01
92484,PAPUA PEGUNUNGAN,KAB. YAHUKIMO,Ninia,-4.34725901,139.29537559,623511856673619967,,,,,> ~5 km / none found,False,20997.529675711827,20997.529675711827,21.0
92895,PAPUA PEGUNUNGAN,KAB. YAHUKIMO,Sela,-4.54801157,139.75342267,623516987119960063,,,,,> ~5 km / none found,False,20989.29156693141,20989.29156693141,20.99
93543,PAPUA PEGUNUNGAN,KAB. NDUGA,Mebarok,-4.22228061,138.1708601,623511632445767679,,,,,> ~5 km / none found,False,19710.122551527675,20988.219399943075,20.99
88393,PAPUA SELATAN,KAB. ASMAT,Joutu,-5.48588946,139.39789572,624256111728263167,,,,,> ~5 km / none found,False,20986.448659282174,20986.448659282174,20.99
90976,PAPUA BARAT,KAB. PEGUNUNGAN ARFAK,Testega,-1.26302599,133.41320786,623513443107995647,,,,,> ~5 km / none found,False,20982.72494886803,20982.72494886803,20.98
82899,PAPUA TENGAH,KAB. PUNCAK,Amungkalpia,-4.09639695,137.9323286,623511624578138111,,,,,> ~5 km / none found,False,20716.244517607756,20949.802056816796,20.95
42085,KEPULAUAN RIAU,KAB. LINGGA,Bakung Serumpun,0.14198188,104.3143226,623276074557931519,,,,,> ~5 km / none found,False,20942.396032334105,20942.396032334105,20.94
90864,PAPUA BARAT,KAB. KAIMANA,Buruway,-3.55461549,133.45374406,623514568464957439,,,,,> ~5 km / none found,False,19078.394414109534,20928.7812964,20.93
93673,PAPUA PEGUNUNGAN,KAB. YAHUKIMO,Ubahak,-4.0128524,139.70041306,623517004659884031,,,,,> ~5 km / none found,False,20925.380069175826,20925.380069175826,20.93
91451,PAPUA PEGUNUNGAN,KAB. YALIMO,Welarek,-4.12390533,139.31175465,623511854446444543,,,,,> ~5 km / none found,False,20921.001062017018,20921.001062017018,20.92
90909,PAPUA PEGUNUNGAN,KAB. YALIMO,Welarek,-4.10158364,139.30601637,623511858270896127,,,,,> ~5 km / none found,False,20913.883847311554,20913.883847311554,20.91
90236,PAPUA PEGUNUNGAN,KAB. MAMBERAMO TENGAH,Megambilis,-3.45643994,139.05690485,623511725393084415,,,,,> ~5 km / none found,False,15404.393478905864,20903.61371503855,20.9
90518,PAPUA,KAB. WAROPEN,Kirihi,-3.11124544,137.09411078,623511895767351295,,,,,> ~5 km / none found,False,13702.17289155562,20860.632576431068,20.86
82329,SULAWESI TENGAH,KAB. MOROWALI UTARA,Mamosalato,-1.42741786,121.5613491,623340845400391679,,,,,> ~5 km / none found,False,20524.917730594196,20826.04795023783,20.83
89096,PAPUA PEGUNUNGAN,KAB. JAYAWIJAYA,Trikora,-4.4021117,138.67592464,623511846738657279,,,,,> ~5 km / none found,False,13138.689164192072,20777.92505546985,20.78
92443,PAPUA PEGUNUNGAN,KAB. YAHUKIMO,Hogio,-4.45187737,139.12065998,623511855294447615,,,,,> ~5 km / none found,False,13652.802166248164,20740.817559144893,20.74
81120,KALIMANTAN TIMUR,KAB. BERAU,Segah,2.14321473,116.5940265,623337908993327103,2.0,,0.264,,> ~5 km / none found,True,233.02689794285715,20707.843866132473,20.71
10195,PAPUA SELATAN,KAB. ASMAT,Akat,-5.3353844,138.2849283,624256210636734463,,,,,> ~5 km / none found,False,20705.85132081013,20705.85132081013,20.71
91127,PAPUA PEGUNUNGAN,KAB. PEGUNUNGAN BINTANG,Mofinop,-4.18315602,140.86982749,623516606950735871,,,,,> ~5 km / none found,False,20694.786809507794,20694.786809507794,20.69
90621,PAPUA PEGUNUNGAN,KAB. NDUGA,Mebarok,-4.25339832,138.16997229,623511632422305791,,,,,> ~5 km / none found,False,20688.137928533488,20688.137928533488,20.69
91984,PAPUA PEGUNUNGAN,KAB. YAHUKIMO,Musaik,-4.55433751,139.0331592,623511810872541183,,,,,> ~5 km / none found,False,9777.044153519111,20687.767263058995,20.69
90448,PAPUA TENGAH,KAB. INTAN JAYA,Biandoga,-3.53732146,136.52381579,623511152085991423,,,,,> ~5 km / none found,False,11097.725703138618,20670.77565275704,20.67
54204,PAPUA SELATAN,KAB. ASMAT,Safan,-6.24388071,138.4382387,624256061881909247,,,,,> ~5 km / none found,False,20664.380870725385,20664.380870725385,20.66
92313,PAPUA PEGUNUNGAN,KAB. YAHUKIMO,Langda,-4.43783915,139.41029866,623511824431775743,,,,,> ~5 km / none found,False,20660.71712701015,20660.71712701015,20.66
93227,PAPUA PEGUNUNGAN,KAB. NDUGA,Pija,-4.45119139,138.79423718,623511814112772095,29.0,,3.828,,> ~5 km / none found,True,4097.133267702665,20651.56321869254,20.65
88295,PAPUA SELATAN,KAB. ASMAT,Joerat,-5.34361353,138.0812083,624256190352687103,,,,,> ~5 km / none found,False,20643.770914805693,20643.770914805693,20.64
92239,PAPUA PEGUNUNGAN,KAB. YAHUKIMO,Kabianggama,-4.37360669,139.26249826,623511855969992703,,,,,> ~5 km / none found,False,20636.389154278255,20636.389154278255,20.64
93201,PAPUA PEGUNUNGAN,KAB. NDUGA,Kora,-4.47863357,138.83836458,623511814286245887,24.0,,3.168,,> ~5 km / none found,True,3257.563270673197,20634.195167823815,20.63
25319,KALIMANTAN UTARA,KAB. MALINAU,Malinau Selatan Hulu,2.80348195,116.0421871,623337937141432319,,,,,> ~5 km / none found,False,12555.245480475964,20628.718073184726,20.63
90528,PAPUA PEGUNUNGAN,KAB. MAMBERAMO TENGAH,Megambilis,-3.53749358,139.3365638,623511672783831039,,,,,> ~5 km / none found,False,20617.74250522986,20617.74250522986,20.62
84294,KALIMANTAN UTARA,KAB. NUNUKAN,Lumbis Hulu,4.34165151,116.2169938,623327672204034047,34.0,,4.488,,> ~5 km / none found,True,4038.0888648872474,20583.80264019624,20.58
83899,KALIMANTAN BARAT,KAB. SINTANG,Ambalau,0.16167417,112.7316136,623338672426254335,,,,,> ~5 km / none found,False,20287.7057835297,20568.23012918651,20.57
53931,PAPUA TENGAH,KAB. MIMIKA,Jita,-4.78642562,137.8742669,623511742440669183,,,,,> ~5 km / none found,False,20566.010977478276,20566.010977478276,20.57
91118,PAPUA PEGUNUNGAN,KAB. PEGUNUNGAN BINTANG,Kiwirok,-4.68668202,140.79689367,623516571632566271,,,,,> ~5 km / none found,False,8684.241585721295,20558.564043718277,20.56
86721,PAPUA SELATAN,KAB. ASMAT,Jetsy,-5.41850421,138.30045482,624256211200344063,,,,,> ~5 km / none found,False,20551.445989336145,20551.445989336145,20.55
89295,PAPUA BARAT,KAB. KAIMANA,Buruway,-3.70577729,133.33142106,623514570467934207,,,,,> ~5 km / none found,False,13695.934386022966,20490.78968963282,20.49
88846,PAPUA,KAB. MAMBERAMO RAYA,Mamberamo Tengah,-2.06167985,138.20953538,623511986739806207,,,,,> ~5 km / none found,False,18480.831039004275,20478.770219148675,20.48
82535,PAPUA,KAB. JAYAPURA,Kaureh,-3.32063782,139.7768125,623516884671201279,,,,,> ~5 km / none found,False,20449.408681963985,20449.408681963985,20.45
91100,PAPUA PEGUNUNGAN,KAB. YAHUKIMO,Amuma,-4.5449934,138.98368855,623511811680239615,,,,,> ~5 km / none found,False,8185.436851860271,20446.199832245555,20.45
85509,PAPUA SELATAN,KAB. ASMAT,Unir Sirau,-5.27552041,138.36251813,624256205825409023,,,,,> ~5 km / none found,False,20421.865450958223,20421.865450958223,20.42
89046,PAPUA,KAB. WAROPEN,Masirei,-2.47013551,136.83991379,623513969465786367,,,,,> ~5 km / none found,False,20393.28881344399,20393.28881344399,20.39
88133,SUMATERA UTARA,KAB. NIAS SELATAN,Pulau-Pulau Batu Timur,-0.13834637,98.46408602,623974681299353599,,,,,> ~5 km / none found,False,15344.293819434419,20369.43636980965,20.37
25506,MALUKU,KAB. MALUKU BARAT DAYA,Wetar Selatan,-7.83025751,126.0963498,624123714400714751,,,,,> ~5 km / none found,False,15506.523421743434,20365.3095205196,20.37
39880,PAPUA TENGAH,KAB. NABIRE,Moora,-2.92024462,135.7202032,623511180740591615,,,,,> ~5 km / none found,False,20356.030022314342,20356.030022314342,20.36
85508,PAPUA SELATAN,KAB. ASMAT,Unir Sirau,-5.22409786,138.39074365,624256211538608127,,,,,> ~5 km / none found,False,20355.386089234653,20355.386089234653,20.36
93805,PAPUA PEGUNUNGAN,KAB. NDUGA,Alama,-4.17696927,137.78224444,623511623065599999,,,,,> ~5 km / none found,False,12982.464593866376,20352.747485893145,20.35
39009,PAPUA PEGUNUNGAN,KAB. YAHUKIMO,Sela,-4.5232729,139.7149902,623517018951385087,,,,,> ~5 km / none found,False,20346.096509714906,20346.096509714906,20.35
27219,SULAWESI UTARA,KAB. BOLAANG MONGONDOW SELATAN,Posigadan,0.53272831,123.703862,623341570846588927,,,,,> ~5 km / none found,False,20275.931409279572,20322.711000691674,20.32
92638,PAPUA PEGUNUNGAN,KAB. YAHUKIMO,Obio,-4.55443698,139.2095225,623511823156740095,,,,,> ~5 km / none found,False,20288.86717883262,20288.86717883262,20.29
25366,KALIMANTAN BARAT,KAB. SINTANG,Ambalau,-0.41014698,113.1399073,623338647500783615,,,,,> ~5 km / none found,False,19312.481346783832,20280.541679480397,20.28
71955,SUMATERA UTARA,KAB. NIAS UTARA,Sawo,1.70051518,97.44557758,623281307640102911,,,,,> ~5 km / none found,False,20273.240704960725,20273.240704960725,20.27
93206,PAPUA PEGUNUNGAN,KAB. NDUGA,Kora,-4.44925514,138.78015466,623511814090719231,28.0,,3.696,,> ~5 km / none found,True,3503.6159670175734,20263.43327721822,20.26
91238,PAPUA PEGUNUNGAN,KAB. YALIMO,Welarek,-3.99992011,139.50351823,623511702238003199,,,,,> ~5 km / none found,False,20261.367713223215,20261.367713223215,20.26
92752,PAPUA SELATAN,KAB. BOVEN DIGOEL,Subur,-3.42211126,132.65647197,623514562906390527,,,,,> ~5 km / none found,False,16998.439122157957,20258.728873438162,20.26
88651,PAPUA BARAT DAYA,KAB. SORONG SELATAN,Kokoda Utara,-2.02636656,132.61059892,623514722229125119,,,,,> ~5 km / none found,False,15205.114101843954,20256.633882989714,20.26
84943,PAPUA TENGAH,KAB. MIMIKA,Agimuga,-4.84829576,137.49820281,623511747892314111,,,,,> ~5 km / none found,False,20249.838167069767,20249.838167069767,20.25
93798,PAPUA PEGUNUNGAN,KAB. NDUGA,Nenggeagin,-4.08322482,138.14788459,623511636625784831,38.0,,5.016,,> ~5 km / none found,True,5055.596512081424,20248.794416168283,20.25
13278,ACEH,KAB. ACEH TENGGARA,Leuser,3.13002701,97.67589168,623281411197435903,,,,,> ~5 km / none found,False,19951.70478560319,20243.447994097525,20.24
90283,PAPUA TENGAH,KAB. PUNCAK JAYA,Torere,-3.32441413,138.11805289,623511641965756415,,,,,> ~5 km / none found,False,20241.56653137762,20241.56653137762,20.24
89252,PAPUA BARAT,KAB. TELUK BINTUNI,Moskona Timur,-1.33644657,133.14796346,623513442393292799,,,,,> ~5 km / none found,False,20237.0448533274,20237.0448533274,20.24
11822,SULAWESI SELATAN,KOTA MAKASSAR,Kepulauan Sangkarrang,-5.03206279,119.0944029,624118285185515519,,,,,> ~5 km / none found,False,20206.11481260829,20206.11481260829,20.21
89434,PAPUA BARAT,KAB. TELUK BINTUNI,Tomu,-2.17193444,133.19585173,623514458849443839,,,,,> ~5 km / none found,False,20195.687697994857,20195.687697994857,20.2
93736,PAPUA PEGUNUNGAN,KAB. YALIMO,Welarek,-3.99821151,139.5132749,623511701929459711,,,,,> ~5 km / none found,False,20180.976703947475,20180.976703947475,20.18
89408,SULAWESI UTARA,KAB. KEPULAUAN SANGIHE,Kendahe,3.91127803,125.38818425,623532398335361023,,,,,> ~5 km / none found,False,20168.0386343903,20168.0386343903,20.17
91985,PAPUA PEGUNUNGAN,KAB. YAHUKIMO,Musaik,-4.55384028,139.0164013,623511810969501695,,,,,> ~5 km / none found,False,9171.958803674059,20152.097249241913,20.15
88626,PAPUA TENGAH,KAB. PANIAI,Fajar Timur,-3.54211374,136.32208101,623511150521384959,,,,,> ~5 km / none found,False,20142.897225823068,20142.897225823068,20.14
92310,PAPUA PEGUNUNGAN,KAB. YAHUKIMO,Langda,-4.47785406,139.35274046,623511823820816383,,,,,> ~5 km / none found,False,20121.13822429638,20121.13822429638,20.12
90273,PAPUA PEGUNUNGAN,KAB. PEGUNUNGAN BINTANG,Oksamol,-4.80274308,140.88667908,623516736926318591,,,,,> ~5 km / none found,False,15600.33085308475,20089.7434358123,20.09
11056,RIAU,KAB. BENGKALIS,Bukit Batu,1.32874839,101.8163007,623275854766899199,,,,,> ~5 km / none found,False,15047.849205724511,20083.43972699953,20.08
93834,PAPUA PEGUNUNGAN,KAB. NDUGA,Kilmid,-4.31651717,138.10840797,623511789821689855,,,,,> ~5 km / none found,False,20078.429831529902,20078.429831529902,20.08
50370,RIAU,KAB. INDRAGIRI HULU,Rengat,-0.1485504,102.538326,623276148722663423,,,,,> ~5 km / none found,False,20051.49108231206,20051.49108231206,20.05
94036,PAPUA PEGUNUNGAN,KAB. TOLIKARA,Wina,-3.37460666,138.1760726,623511653939740671,,,,,> ~5 km / none found,False,20036.581602623137,20036.581602623137,20.04
93575,PAPUA SELATAN,KAB. MAPPI,Minyamur,-6.39602868,138.81640217,624255981908262911,,,,,> ~5 km / none found,False,20011.90752711785,20011.90752711785,20.01
60531,PAPUA PEGUNUNGAN,KAB. JAYAWIJAYA,Wesaput,-2.93259107,135.6923998,623511180716113919,,,,,> ~5 km / none found,False,20007.548075641396,20007.548075641396,20.01
48946,KALIMANTAN TIMUR,KAB. KUTAI TIMUR,Karangan,1.42202486,117.445499,623338116513923071,,,,,> ~5 km / none found,False,13432.72095572574,19982.326105015512,19.98
88325,PAPUA SELATAN,KAB. ASMAT,Aswi,-6.0080999,138.6900879,624256213908029439,,,,,> ~5 km / none found,False,19954.10182981477,19954.10182981477,19.95
91309,PAPUA PEGUNUNGAN,KAB. YALIMO,Welarek,-4.06387642,139.41628802,623511700295188479,,,,,> ~5 km / none found,False,19928.88993610981,19928.88993610981,19.93
91155,PAPUA PEGUNUNGAN,KAB. PEGUNUNGAN BINTANG,Kiwirok Timur,-4.7533859,140.85514404,623516571173257215,,,,,> ~5 km / none found,False,11102.979694813204,19925.329443087998,19.93
91303,PAPUA PEGUNUNGAN,KAB. YALIMO,Welarek,-3.99725728,139.48462167,623511702248456191,,,,,> ~5 km / none found,False,19923.567170542847,19923.567170542847,19.92
51274,PAPUA SELATAN,KAB. ASMAT,Safan,-6.29532404,138.49090575,624256065854799871,,,,,> ~5 km / none found,False,19917.852742936262,19917.852742936262,19.92
91698,PAPUA SELATAN,KAB. MAPPI,Citak-Mitak,-5.88724396,139.43999193,624256158174380031,,,,,> ~5 km / none found,False,19915.7150752294,19915.7150752294,19.92
89460,PAPUA BARAT DAYA,KAB. TAMBRAUW,Kebar Selatan,-1.04739917,133.29804492,623513431609769983,,,,,> ~5 km / none found,False,19903.02478660699,19903.02478660699,19.9
89156,PAPUA BARAT,KAB. KAIMANA,Buruway,-3.91779098,133.23742084,623512536002396159,,,,,> ~5 km / none found,False,6907.456936722194,19893.19951428965,19.89
89982,PAPUA PEGUNUNGAN,KAB. PEGUNUNGAN BINTANG,Aboy,-4.17103502,140.47798498,623517010128732159,,,,,> ~5 km / none found,False,9604.581399019511,19880.497994062873,19.88
90152,PAPUA PEGUNUNGAN,KAB. YAHUKIMO,Kabianggama,-4.45229526,139.39444366,623511824527687679,,,,,> ~5 km / none found,False,19877.118765782958,19877.118765782958,19.88
88946,PAPUA,KAB. MAMBERAMO RAYA,Mamberamo Hulu,-3.14003534,138.48808665,623511652735221759,,,,,> ~5 km / none found,False,19865.495745213455,19865.495745213455,19.87
74008,KALIMANTAN TIMUR,KAB. BERAU,Kelay,1.73609932,116.8787849,623338108995633151,,,,,> ~5 km / none found,False,19861.258912184978,19861.258912184978,19.86
90488,PAPUA PEGUNUNGAN,KAB. PEGUNUNGAN BINTANG,Kiwirok Timur,-4.72220807,140.81935136,623516571060076543,,,,,> ~5 km / none found,False,7906.236253237839,19842.531010372135,19.84
57113,PAPUA TENGAH,KAB. MIMIKA,Tembagapura,-4.43792559,137.1264179,623512044077613055,,,,,> ~5 km / none found,False,19832.195450355317,19832.195450355317,19.83
93546,PAPUA SELATAN,KAB. ASMAT,Kolf Braza,-5.23902656,139.43182639,624256142161248255,,,,,> ~5 km / none found,False,19830.82238935049,19830.82238935049,19.83
90790,PAPUA BARAT DAYA,KAB. TAMBRAUW,Manekar,-1.03386634,133.08169635,623513694509662207,,,,,> ~5 km / none found,False,19824.37738347873,19824.37738347873,19.82
72057,ACEH,KAB. ACEH BARAT DAYA,Blangpidie,3.87044344,97.05112768,623279385997639679,,,,,> ~5 km / none found,False,18566.644054262237,19822.70347814332,19.82
83079,PAPUA TENGAH,KAB. PUNCAK,Amungkalpia,-4.10808469,137.8499457,623511623720009727,,,,,> ~5 km / none found,False,17654.998973239806,19777.157075855837,19.78
92602,PAPUA SELATAN,KAB. MAPPI,Assue,-5.93998308,139.10367007,624256001395326975,,,,,> ~5 km / none found,False,19766.21163009205,19766.21163009205,19.77
91990,PAPUA PEGUNUNGAN,KAB. YAHUKIMO,Musaik,-4.56602457,139.0974529,623511811005775871,,,,,> ~5 km / none found,False,14999.04645018563,19759.50027997558,19.76
91525,PAPUA BARAT,KAB. TELUK BINTUNI,Kamundan,-2.1939879,132.65323991,623514477753303039,,,,,> ~5 km / none found,False,19753.50938902129,19753.50938902129,19.75
92436,PAPUA PEGUNUNGAN,KAB. YAHUKIMO,Samenage,-0.113725,130.6417449,623530312792866815,,,,,> ~5 km / none found,False,19746.471215880534,19746.471215880534,19.75
85530,PAPUA,KAB. KEPULAUAN YAPEN,Wonawa,-1.66909696,135.63265886,623511445052784639,,,,,> ~5 km / none found,False,19740.018293630586,19740.018293630586,19.74
38688,MALUKU,KAB. KEPULAUAN TANIMBAR,Wermaktian,-7.45668015,131.0600074,624107027636355071,,,,,> ~5 km / none found,False,19735.58609271218,19735.58609271218,19.74
88470,PAPUA PEGUNUNGAN,KAB. PEGUNUNGAN BINTANG,Okbibab,-4.61892827,140.56436925,623516975605907455,,,,,> ~5 km / none found,False,19731.78641144469,19731.78641144469,19.73
92006,PAPUA PEGUNUNGAN,KAB. YAHUKIMO,Musaik,-4.55353874,138.9982899,623511811734077439,,,,,> ~5 km / none found,False,8943.3428627521,19728.96136460415,19.73
54927,ACEH,KAB. ACEH TENGGARA,Leuser,3.20236378,97.70794095,623281411464036351,,,,,> ~5 km / none found,False,18320.68416468435,19705.13861603148,19.71
92755,PAPUA SELATAN,KAB. MAPPI,Mambioman Bapai,-3.54811232,137.75685558,623511655872659455,,,,,> ~5 km / none found,False,19685.343189865143,19685.343189865143,19.69
82075,KALIMANTAN UTARA,KAB. MALINAU,Pujungan,2.51617906,116.0263013,623338303403950079,14.0,,1.848,,> ~5 km / none found,True,1636.3967515455101,19678.63072306505,19.68
93730,PAPUA PEGUNUNGAN,KAB. YALIMO,Welarek,-4.0905296,139.28243357,623511858255429631,,,,,> ~5 km / none found,False,19670.077607902986,19670.077607902986,19.67
90443,PAPUA PEGUNUNGAN,KAB. YAHUKIMO,Holuwon,-4.50946982,139.32970758,623511824615473151,,,,,> ~5 km / none found,False,19662.923052387487,19662.923052387487,19.66
68863,JAMBI,KAB. MERANGIN,Tabir Barat,-1.93456755,101.6933128,623974235706785791,,,,,> ~5 km / none found,False,19660.739241887743,19660.739241887743,19.66
88450,PAPUA SELATAN,KAB. ASMAT,Kopay,-6.36405955,138.66619172,624255985412374527,,,,,> ~5 km / none found,False,19660.058513603013,19660.058513603013,19.66
93737,PAPUA PEGUNUNGAN,KAB. YALIMO,Welarek,-4.14001627,139.30773665,623511854441889791,,,,,> ~5 km / none found,False,19643.291579640274,19643.291579640274,19.64
83311,PAPUA SELATAN,KAB. ASMAT,Der Koumur,-6.26717897,138.80373464,624255984236363775,,,,,> ~5 km / none found,False,10730.105347146515,19636.78010017282,19.64
27940,KALIMANTAN UTARA,KAB. BULUNGAN,Sekatak,3.30134715,116.8130576,623338256948625407,,,,,> ~5 km / none found,False,19623.074277963646,19623.074277963646,19.62
93877,PAPUA BARAT DAYA,KAB. RAJA AMPAT,Waigeo Utara,-0.12259344,130.81339832,623530313912549375,,,,,> ~5 km / none found,False,19426.347463057948,19602.20603935202,19.6
75858,PAPUA PEGUNUNGAN,KAB. MAMBERAMO TENGAH,Eragayam,-3.52476115,138.8827953,623511727988408319,,,,,> ~5 km / none found,False,12200.680087949819,19596.942918995574,19.6
9356,SUMATERA SELATAN,KAB. BANYUASIN,Banyuasin II,-1.78355701,104.3417901,623969050579501055,,,,,> ~5 km / none found,False,19507.882484422546,19587.983516111428,19.59
88352,PAPUA SELATAN,KAB. ASMAT,Tomor Birip,-5.33690397,138.20712728,624256210727927807,,,,,> ~5 km / none found,False,19560.191395509515,19560.191395509515,19.56
45102,SULAWESI TENGAH,KAB. MOROWALI,Menui Kepulauan,-3.376967,122.60433,624120833039073279,,,,,> ~5 km / none found,False,19556.934616583236,19556.934616583236,19.56
89373,PAPUA PEGUNUNGAN,KAB. PEGUNUNGAN BINTANG,Oksamol,-4.83223267,140.89075117,623516736466255871,,,,,> ~5 km / none found,False,17413.301363194827,19554.897411586673,19.55
23315,SULAWESI TENGAH,KAB. MOROWALI,Menui Kepulauan,-3.36258236,122.5919595,624120833759281151,,,,,> ~5 km / none found,False,19546.997474392534,19546.997474392534,19.55
5729,SULAWESI TENGAH,KAB. MOROWALI,Menui Kepulauan,-3.3894975,122.6128464,624120832980025343,,,,,> ~5 km / none found,False,19536.710587121972,19536.710587121972,19.54
93833,PAPUA PEGUNUNGAN,KAB. NDUGA,Wosak,-4.32333366,138.73290314,623511846446497791,,,,,> ~5 km / none found,False,17740.362342261666,19534.829591857,19.53
27097,KALIMANTAN UTARA,KAB. MALINAU,Sungai Tubu,3.33936466,116.2447221,623338166641393663,,,,,> ~5 km / none found,False,10629.190116094542,19502.701464195816,19.5
87684,PAPUA SELATAN,KAB. ASMAT,Tomor Birip,-4.84514808,138.63826627,623511827733839871,,,,,> ~5 km / none found,False,14072.288922962787,19500.217957388777,19.5
86265,SUMATERA UTARA,KAB. NIAS SELATAN,Tanah Masa,-0.22035014,98.47627184,623974678902702079,,,,,> ~5 km / none found,False,6480.225036144564,19499.54841067592,19.5
89855,PAPUA PEGUNUNGAN,KAB. PEGUNUNGAN BINTANG,Okhika,-4.63727341,140.69078227,623516575368118271,,,,,> ~5 km / none found,False,14656.118819049178,19485.300762178213,19.49
93845,PAPUA PEGUNUNGAN,KAB. NDUGA,Mebarok,-4.15656976,138.20745142,623511636038418431,,,,,> ~5 km / none found,False,12841.95016896208,19454.26259090097,19.45
87144,ACEH,KAB. ACEH JAYA,Krueng Sabee,4.80645673,95.84297559,623279075773546495,,,,,> ~5 km / none found,False,15150.893297788349,19447.61035652225,19.45
89051,PAPUA PEGUNUNGAN,KAB. YAHUKIMO,Kabianggama,-4.44010234,139.44259313,623511824451338239,,,,,> ~5 km / none found,False,19412.844846348817,19412.844846348817,19.41
94134,PAPUA PEGUNUNGAN,KAB. TOLIKARA,Wari/Taiyeve II,-3.40216797,138.74077242,623511731009880063,,,,,> ~5 km / none found,False,19410.611906412225,19410.611906412225,19.41
69714,ACEH,KAB. ACEH TENGGARA,Lawe Alas,3.42173909,97.61320499,623274225721507839,,,,,> ~5 km / none found,False,17088.47729394934,19410.451795149864,19.41
21647,PAPUA TENGAH,KAB. MIMIKA,Hoya,-4.40410738,137.5333813,623511775705858047,,,,,> ~5 km / none found,False,19409.985910848554,19409.985910848554,19.41
92829,PAPUA PEGUNUNGAN,KAB. YAHUKIMO,Sela,-4.52884225,139.70818979,623517018955677695,,,,,> ~5 km / none found,False,19405.312874379746,19405.312874379746,19.41
8841,ACEH,KAB. ACEH TENGGARA,Lawe Alas,3.36777197,97.64187695,623281412919230463,,,,,> ~5 km / none found,False,15562.547463023802,19402.03826436651,19.4
37405,RIAU,KAB. SIAK,Sungai Apit,0.70097294,102.4703711,623275868236742655,,,,,> ~5 km / none found,False,19400.05722388209,19400.05722388209,19.4
71251,KALIMANTAN UTARA,KAB. BULUNGAN,Sekatak,3.17218321,116.9097484,623338252693831679,,,,,> ~5 km / none found,False,19248.054247134813,19399.74089196777,19.4
20888,ACEH,KAB. ACEH TENGGARA,Lawe Alas,3.39018003,97.63222694,623281412857233407,,,,,> ~5 km / none found,False,15875.486192657427,19384.02000125111,19.38
93865,PAPUA PEGUNUNGAN,KAB. NDUGA,Nenggeagin,-4.08369719,138.16011832,623511636563656703,37.0,,4.884,,> ~5 km / none found,True,4564.952307057972,19383.32420523584,19.38
92937,PAPUA TENGAH,KAB. NABIRE,Moora,-2.9329278,135.7079353,623511180744949759,,,,,> ~5 km / none found,False,19371.14242850978,19371.14242850978,19.37
92305,PAPUA PEGUNUNGAN,KAB. YAHUKIMO,Endomen,-3.88681982,140.00247784,623516999836991487,,,,,> ~5 km / none found,False,19366.656713764703,19366.656713764703,19.37
91106,PAPUA PEGUNUNGAN,KAB. YAHUKIMO,Lolat,-4.47852895,139.36242261,623511823823077375,,,,,> ~5 km / none found,False,19366.418719421006,19366.418719421006,19.37
91986,PAPUA PEGUNUNGAN,KAB. YAHUKIMO,Musaik,-4.55435298,138.9775345,623511811716612095,,,,,> ~5 km / none found,False,9352.84023541137,19361.16372366617,19.36
35407,SULAWESI BARAT,KAB. MAMUJU,Kepulauan Bala Balakang,-2.26559096,117.0625966,623336881736482815,,,,,> ~5 km / none found,False,19344.766962127957,19344.766962127957,19.34
88517,PAPUA TENGAH,KAB. PANIAI,Bogabaida,-3.54185749,136.36799932,623511150760624127,,,,,> ~5 km / none found,False,19335.603507335567,19335.603507335567,19.34
91461,PAPUA PEGUNUNGAN,KAB. YALIMO,Welarek,-3.99175859,139.60168838,623511702076456959,,,,,> ~5 km / none found,False,19322.6552051975,19322.6552051975,19.32
89691,PAPUA PEGUNUNGAN,KAB. YALIMO,Welarek,-3.98304368,139.57195231,623511702127869951,,,,,> ~5 km / none found,False,19297.668020821635,19297.668020821635,19.3
88386,PAPUA SELATAN,KAB. ASMAT,Sor Ep,-5.16585834,138.70386208,624256199916093439,,,,,> ~5 km / none found,False,19292.461893334363,19292.461893334363,19.29
81494,ACEH,KAB. ACEH JAYA,Darul Hikmah,5.00620164,95.7176769,623279089650925567,,,,,> ~5 km / none found,False,19095.41253172948,19274.18447150967,19.27
25475,PAPUA TENGAH,KAB. MIMIKA,Agimuga,-4.75463547,137.4350038,623511796594114559,,,,,> ~5 km / none found,False,19261.672257237897,19261.672257237897,19.26
90027,PAPUA PEGUNUNGAN,KAB. PEGUNUNGAN BINTANG,Kiwirok Timur,-4.75320402,140.84673435,623516571270873087,,,,,> ~5 km / none found,False,10169.970732879056,19239.475826472106,19.24
83411,PAPUA TENGAH,KAB. PUNCAK,Pogoma,-3.7373463,137.6422661,623511657419964415,,,,,> ~5 km / none found,False,13150.36279363068,19230.8261243158,19.23
90811,PAPUA SELATAN,KAB. ASMAT,Kolf Braza,-5.3599885,139.52684571,624256113743593471,,,,,> ~5 km / none found,False,19223.591693487393,19223.591693487393,19.22
91241,PAPUA PEGUNUNGAN,KAB. YALIMO,Welarek,-4.0194698,139.4546693,623511700966866943,,,,,> ~5 km / none found,False,19187.640671280973,19187.640671280973,19.19
38144,MALUKU,KAB. KEPULAUAN ARU,Aru Tengah,-6.18929578,134.4346318,623513173936504831,,,,,> ~5 km / none found,False,19181.404219389427,19181.404219389427,19.18
60844,ACEH,KAB. ACEH TENGGARA,Lawe Alas,3.40069816,97.63096714,623281412914216959,,,,,> ~5 km / none found,False,15816.211183620144,19155.966693370334,19.16
90765,PAPUA BARAT DAYA,KAB. SORONG SELATAN,Kokoda Utara,-2.03624377,132.4640747,623514728656502783,5.0,,0.66,,> ~5 km / none found,True,715.7078253521449,19113.753194775883,19.11
25041,KEPULAUAN RIAU,KAB. NATUNA,Pulau Seluan,4.1308874,107.8481373,623353864069939199,,,,,> ~5 km / none found,False,19038.776523278266,19100.14497026987,19.1
26846,PAPUA TENGAH,KAB. MIMIKA,Tembagapura,-4.29107502,137.2418208,623512043139006463,,,,,> ~5 km / none found,False,19089.286827354896,19089.286827354896,19.09
46677,NUSA TENGGARA TIMUR,KAB. MANGGARAI BARAT,Komodo,-8.73988275,119.6537388,624120078228717567,,,,,> ~5 km / none found,False,18966.909914427713,19025.576773868826,19.03
88451,PAPUA SELATAN,KAB. ASMAT,Kopay,-6.35991493,138.62864342,624255985522900991,,,,,> ~5 km / none found,False,19014.55654986983,19014.55654986983,19.01
65975,KALIMANTAN UTARA,KAB. BULUNGAN,Peso,2.5607311,116.3496856,623337904123183103,,,,,> ~5 km / none found,False,5457.610850063641,19000.655599638183,19.0
89411,PAPUA PEGUNUNGAN,KAB. PEGUNUNGAN BINTANG,Okbab,-4.61662025,140.52499782,623516975903178751,,,,,> ~5 km / none found,False,18979.792540722516,18979.792540722516,18.98
92001,PAPUA PEGUNUNGAN,KAB. YAHUKIMO,Musaik,-4.58033307,139.060429,623511811367534591,,,,,> ~5 km / none found,False,13696.947537403268,18979.26497827961,18.98
92442,PAPUA PEGUNUNGAN,KAB. YAHUKIMO,Hogio,-4.42629165,139.15070254,623511855071297535,,,,,> ~5 km / none found,False,17558.0522628386,18974.530452880146,18.97
90759,PAPUA,KAB. SARMI,Pantai Barat,-1.63394877,138.17385995,623514021917229055,0.0,,0.0,,> ~5 km / none found,True,6.2076230714599285,18968.147032466008,18.97
88814,PAPUA,KAB. WAROPEN,Wonti,-2.47241634,136.73985379,623513968059154431,,,,,> ~5 km / none found,False,18959.23333728261,18959.23333728261,18.96
93541,PAPUA PEGUNUNGAN,KAB. NDUGA,Nenggeagin,-4.08810459,138.1718801,623511636581777407,,,,,> ~5 km / none found,False,4872.846659563198,18957.810488203457,18.96
60861,ACEH,KAB. ACEH TENGGARA,Lawe Alas,3.4318617,97.60845511,623274225633263615,,,,,> ~5 km / none found,False,17047.905073289134,18937.80492013544,18.94
10902,ACEH,KAB. BIREUEN,Samalanga,4.96527906,96.34123086,623279481165053951,,,,,> ~5 km / none found,False,15371.572798178424,18926.930605168764,18.93
83929,KALIMANTAN TIMUR,KAB. BERAU,Kelay,1.88190913,116.8626359,623338138922876927,,,,,> ~5 km / none found,False,18911.779772672366,18911.779772672366,18.91
93231,PAPUA PEGUNUNGAN,KAB. YAHUKIMO,Kurima,-4.36752437,138.90376071,623511815802257407,,,,,> ~5 km / none found,False,13238.707754089703,18891.812896739204,18.89
86539,PAPUA BARAT,KAB. TELUK BINTUNI,Biscoop,-1.38972651,133.4129148,623513396887486463,,,,,> ~5 km / none found,False,18881.117490938646,18881.117490938646,18.88
30695,SULAWESI TENGAH,KAB. MOROWALI UTARA,Bungku Utara,-1.7657962,121.4928484,624121115817771007,,,,,> ~5 km / none found,False,18875.748127425984,18875.748127425984,18.88
86740,PAPUA,KAB. JAYAPURA,Airu,-3.48632406,140.28192123,623516849007558655,,,,,> ~5 km / none found,False,18871.05158820129,18871.05158820129,18.87
83533,PAPUA TENGAH,KAB. PANIAI,Dogomo,-4.02301575,136.8589152,623512018912608255,,,,,> ~5 km / none found,False,18857.64626625983,18857.64626625983,18.86
79251,MALUKU UTARA,KAB. KEPULAUAN SULA,Mangoli Utara Timur,-1.82220482,126.4293894,624124592575119359,,,,,> ~5 km / none found,False,18845.793201516655,18845.793201516655,18.85
62353,RIAU,KAB. PELALAWAN,Teluk Meranti,0.40155437,102.5179871,623276113014751231,,,,,> ~5 km / none found,False,18822.912217133373,18822.912217133373,18.82
91345,PAPUA BARAT,KAB. TELUK BINTUNI,Babo,-2.60402241,133.60836273,623514432626065407,,,,,> ~5 km / none found,False,18819.297324057283,18819.297324057283,18.82
65969,KALIMANTAN UTARA,KAB. NUNUKAN,Lumbis Pansiangan,4.21057466,116.2325666,623327674565689343,,,,,> ~5 km / none found,False,7331.807676393211,18798.394588167674,18.8
92463,PAPUA SELATAN,KAB. MAPPI,Obaa,-6.4002614,139.45093489,624255996137766911,,,,,> ~5 km / none found,False,18797.968712798007,18797.968712798007,18.8
91102,PAPUA PEGUNUNGAN,KAB. YAHUKIMO,Kabianggama,-4.46866206,139.38509114,623511823847194623,,,,,> ~5 km / none found,False,18791.499039879775,18791.499039879775,18.79
88614,PAPUA,KAB. SARMI,Sarmi,-1.68179396,138.79760117,623519185530879999,,,,,> ~5 km / none found,False,8640.667746155608,18673.498702410285,18.67
93690,PAPUA PEGUNUNGAN,KAB. NDUGA,Kilmid,-4.30790851,138.13087422,623511789562560511,,,,,> ~5 km / none found,False,18672.78306032868,18672.78306032868,18.67
93220,PAPUA PEGUNUNGAN,KAB. NDUGA,Kora,-4.48173174,138.8123186,623511814270451711,33.0,,4.356,,> ~5 km / none found,True,4274.789765212801,18667.34115134094,18.67
86985,PAPUA BARAT DAYA,KAB. MAYBRAT,Aifat Selatan,-1.5822733,132.5835862,623514697407823871,,,,,> ~5 km / none found,False,6334.023649841585,18660.46325110723,18.66
88827,PAPUA TENGAH,KAB. PUNCAK JAYA,Torere,-3.32256851,138.07094971,623511641842450431,,,,,> ~5 km / none found,False,18646.629006649884,18646.629006649884,18.65
39008,MALUKU,KAB. KEPULAUAN ARU,Aru Tengah Timur,-6.30113154,134.60526565,623513170606653439,,,,,> ~5 km / none found,False,18641.45130285498,18641.45130285498,18.64
55461,KALIMANTAN TENGAH,KAB. KATINGAN,Mendawai,-2.78945423,113.3010768,623336495741861887,,,,,> ~5 km / none found,False,18639.19076633084,18639.19076633084,18.64
87614,PAPUA BARAT,KAB. TELUK BINTUNI,Moskona Utara,-1.35242236,132.93839248,623513448604729343,,,,,> ~5 km / none found,False,18635.33071144254,18635.33071144254,18.64
90415,PAPUA BARAT DAYA,KAB. SORONG SELATAN,Kokoda Utara,-1.97886833,132.48047433,623514728432762879,,,,,> ~5 km / none found,False,6265.585147538396,18615.080712392184,18.62
53504,KALIMANTAN TENGAH,KAB. KAPUAS,Mantangai,-2.26404861,114.393938,623336329510617087,,,,,> ~5 km / none found,False,18597.24024644199,18597.24024644199,18.6
17043,KALIMANTAN UTARA,KAB. MALINAU,Malinau Utara,3.76889066,116.40786,623338282529521663,,,,,> ~5 km / none found,False,15272.61931960608,18594.56649140285,18.59
90184,PAPUA TENGAH,KAB. DOGIYAI,Piyaiye,-3.96903077,135.57890615,623511312704929791,,,,,> ~5 km / none found,False,11289.041240737728,18583.72039759525,18.58
39341,PAPUA TENGAH,KAB. MIMIKA,Jita,-5.11405797,137.6705866,623511773898735615,,,,,> ~5 km / none found,False,18583.080311150075,18583.080311150075,18.58
42101,KEPULAUAN RIAU,KAB. LINGGA,Temiang Pesisir,0.32627359,104.3586276,623276090582761471,25.0,,3.3,,> ~5 km / none found,True,3446.6414319637456,18579.498994793146,18.58
22143,KALIMANTAN TENGAH,KAB. MURUNG RAYA,Seribu Riam,-0.25199379,113.6494848,623335563433771007,33.0,,4.356,,> ~5 km / none found,True,3752.6275453384314,18560.10028988462,18.56
84771,MALUKU,KAB. MALUKU TENGAH,Amahai,-3.24234419,129.2982035,624125278410997759,,,,,> ~5 km / none found,False,16535.910611123614,18559.79430700086,18.56
85607,MALUKU UTARA,KAB. HALMAHERA SELATAN,Kayoa,0.13858945,127.2155295,623529924355915775,,,,,> ~5 km / none found,False,18557.68046316725,18557.68046316725,18.56
84059,KALIMANTAN TIMUR,KAB. BERAU,Segah,2.35411759,116.6016151,623337907452706815,,,,,> ~5 km / none found,False,17874.66127922263,18556.733141064677,18.56
59339,SULAWESI SELATAN,KAB. LUWU TIMUR,Mangkutana,-2.30262293,120.5952063,624121012495384575,,,,,> ~5 km / none found,False,12803.910610529818,18526.6308841171,18.53
92684,PAPUA PEGUNUNGAN,KAB. YAHUKIMO,Sela,-4.59173739,139.7588247,623516986648887295,,,,,> ~5 km / none found,False,18507.02102055578,18507.02102055578,18.51
24900,KEPULAUAN RIAU,KAB. NATUNA,Pulau Seluan,4.13250662,107.85734292,623353864072101887,,,,,> ~5 km / none found,False,18433.155680575856,18504.83348536057,18.5
92237,PAPUA PEGUNUNGAN,KAB. YAHUKIMO,Hilipuk,-4.55760589,139.31611679,623511824064086015,,,,,> ~5 km / none found,False,18498.510849203867,18498.510849203867,18.5
87590,PAPUA BARAT DAYA,KAB. RAJA AMPAT,Salawati Barat,-0.96605025,130.702789,623530436239130623,,,,,> ~5 km / none found,False,7451.714596284424,18482.182207582784,18.48
79222,PAPUA TENGAH,KAB. PUNCAK,Bina,-3.7167,137.6852105,623511657997041663,,,,,> ~5 km / none found,False,18311.4512683668,18479.763256040234,18.48
22544,KALIMANTAN TENGAH,KAB. KATINGAN,Kamipang,-2.57243077,113.3002012,623336259628400639,,,,,> ~5 km / none found,False,18473.234216913064,18473.234216913064,18.47
90451,PAPUA TENGAH,KAB. INTAN JAYA,Homeyo,-3.90918118,136.86901976,623512022542024703,,,,,> ~5 km / none found,False,17447.077535797896,18469.692907433164,18.47
22325,KALIMANTAN UTARA,KAB. MALINAU,Bahau Hulu,3.2433657,115.7241913,623338174512037887,,,,,> ~5 km / none found,False,17702.57470758132,18460.674084674018,18.46
86599,PAPUA TENGAH,KAB. PUNCAK,Kembru,-3.6232033,137.71428824,623511655226441727,,,,,> ~5 km / none found,False,18428.786509481906,18428.786509481906,18.43
88530,PAPUA BARAT DAYA,KAB. SORONG SELATAN,Kokoda,-2.12576085,132.61996248,623514724084809727,,,,,> ~5 km / none found,False,18427.418105238718,18427.418105238718,18.43
49627,PAPUA BARAT DAYA,KAB. RAJA AMPAT,Tiplol Mayalibit,-0.1349954,130.7520961,623530316280233983,,,,,> ~5 km / none found,False,18421.94902417002,18421.94902417002,18.42
31293,MALUKU,KAB. KEPULAUAN ARU,Aru Tengah Timur,-6.31394502,134.6676176,623513170545672191,,,,,> ~5 km / none found,False,18421.92321839996,18421.92321839996,18.42
89758,PAPUA BARAT DAYA,KAB. MAYBRAT,Aifat Timur,-1.53704478,132.69383906,623514709278228479,,,,,> ~5 km / none found,False,11266.59740367849,18412.16979711299,18.41
90673,PAPUA,KAB. WAROPEN,Kirihi,-2.88999452,137.07791409,623511933686448127,,,,,> ~5 km / none found,False,18411.272270741923,18411.272270741923,18.41
89399,PAPUA SELATAN,KAB. BOVEN DIGOEL,Fofi,-6.32604408,139.82267823,624256395862179839,,,,,> ~5 km / none found,False,18386.677210902722,18386.677210902722,18.39
93850,PAPUA PEGUNUNGAN,KAB. NDUGA,Pija,-4.47797722,138.80125754,623511814583746559,26.0,,3.432,,> ~5 km / none found,True,3133.0213524910955,18369.396372377774,18.37
90195,PAPUA TENGAH,KAB. INTAN JAYA,Agisiga,-3.57986774,137.17797313,623512065540128767,,,,,> ~5 km / none found,False,16459.94809504896,18360.60695033625,18.36
88696,PAPUA TENGAH,KAB. DOGIYAI,Sukikai Selatan,-3.98009274,135.09221708,623511238174179327,,,,,> ~5 km / none found,False,11628.948592842993,18351.73555034086,18.35
88287,PAPUA SELATAN,KAB. ASMAT,Sirets,-5.57714479,138.63870897,624256185896927231,,,,,> ~5 km / none found,False,18349.834191871883,18349.834191871883,18.35
42420,PAPUA,KAB. JAYAPURA,Kaureh,-3.18621667,140.1718819,623516878998011903,,,,,> ~5 km / none found,False,18344.628153522735,18344.628153522735,18.34
80324,KALIMANTAN BARAT,KAB. KAPUAS HULU,Putussibau Selatan,0.57519878,113.5391475,623335583066554367,,,,,> ~5 km / none found,False,18319.962315981167,18319.962315981167,18.32
90517,PAPUA PEGUNUNGAN,KAB. YAHUKIMO,Soloikma,-4.46004322,139.54327677,623517017453199359,,,,,> ~5 km / none found,False,18311.765848271258,18311.765848271258,18.31
94042,PAPUA PEGUNUNGAN,KAB. TOLIKARA,Wina,-3.25729325,138.11268349,623511639927095295,,,,,> ~5 km / none found,False,18308.66107774678,18308.66107774678,18.31
91991,PAPUA PEGUNUNGAN,KAB. YAHUKIMO,Musaik,-4.57514435,139.0271792,623511810906488831,,,,,> ~5 km / none found,False,11743.47982082166,18302.722767178297,18.3
87817,PAPUA SELATAN,KAB. BOVEN DIGOEL,Manggelum,-5.26729953,140.41747297,623516744175550463,,,,,> ~5 km / none found,False,18295.203771741275,18295.203771741275,18.3
93584,PAPUA SELATAN,KAB. ASMAT,Kopay,-6.34878215,138.59965319,624255985049042943,,,,,> ~5 km / none found,False,18283.353008158483,18283.353008158483,18.28
89573,PAPUA PEGUNUNGAN,KAB. YALIMO,Abenaho,-3.60271627,139.47129419,623511675805466623,,,,,> ~5 km / none found,False,17978.804313235814,18278.212300114712,18.28
82445,PAPUA,KAB. BIAK NUMFOR,Padaido,-1.270932,136.41646431,623513979501281279,,,,,> ~5 km / none found,False,18267.44997366125,18267.44997366125,18.27
21383,ACEH,KAB. GAYO LUES,Puteri Betung,3.73040522,97.37166965,623274224124198911,,,,,> ~5 km / none found,False,18264.116151704533,18264.116151704533,18.26
88744,PAPUA,KAB. SARMI,Apawer Hulu,-2.09370917,138.35989073,623511986077564927,,,,,> ~5 km / none found,False,18254.61298431338,18254.61298431338,18.25
30619,PAPUA TENGAH,KAB. MIMIKA,Jila,-4.3301809,137.7513705,623511776528596991,,,,,> ~5 km / none found,False,12190.323694865554,18250.26389214293,18.25
93580,PAPUA SELATAN,KAB. ASMAT,Kolf Braza,-5.26106425,139.64255438,624256113086955519,,,,,> ~5 km / none found,False,18247.131257640372,18247.131257640372,18.25
91993,PAPUA PEGUNUNGAN,KAB. YAHUKIMO,Musaik,-4.5666991,138.9948777,623511811730833407,,,,,> ~5 km / none found,False,10409.89429195195,18229.843424061277,18.23
85656,SUMATERA UTARA,KAB. NIAS SELATAN,Tanah Masa,-0.16165644,98.43412137,623974682516455423,,,,,> ~5 km / none found,False,13107.425235252678,18225.502395316755,18.23
92312,PAPUA PEGUNUNGAN,KAB. YAHUKIMO,Langda,-4.46710976,139.39831592,623511824469622783,,,,,> ~5 km / none found,False,18220.652912728638,18220.652912728638,18.22
66772,PAPUA TENGAH,KAB. NABIRE,Menou,-3.84812203,135.4302285,623511316993114111,,,,,> ~5 km / none found,False,18205.870645534495,18205.870645534495,18.21
24463,KALIMANTAN UTARA,KAB. MALINAU,Mentarang Hulu,3.99671124,116.2408956,623327669850832895,,,,,> ~5 km / none found,False,18205.738492325316,18205.738492325316,18.21
90487,PAPUA BARAT,KAB. KAIMANA,Teluk Etna,-3.9841085,134.98977239,623511234721415167,,,,,> ~5 km / none found,False,9956.585729099726,18186.749895127632,18.19
90312,PAPUA PEGUNUNGAN,KAB. PEGUNUNGAN BINTANG,Oksamol,-4.85103068,140.88178321,623516736462356479,,,,,> ~5 km / none found,False,17747.62023840481,18141.636002057934,18.14
93041,PAPUA PEGUNUNGAN,KAB. YAHUKIMO,Kwikma,-4.35835325,139.24499058,623511856035790847,,,,,> ~5 km / none found,False,18132.202608361695,18132.202608361695,18.13
44736,SULAWESI BARAT,KAB. PASANGKAYU,Dapurang,-1.72743783,119.6383958,623340789203107839,,,,,> ~5 km / none found,False,16926.590889192677,18120.799677840132,18.12
93547,PAPUA SELATAN,KAB. ASMAT,Kopay,-6.32116498,138.54250903,624256065627291647,,,,,> ~5 km / none found,False,18120.357043562268,18120.357043562268,18.12
84178,MALUKU UTARA,KAB. HALMAHERA SELATAN,Bacan Barat Utara,-0.34241017,127.5276987,623529883313700863,0.0,,0.0,,> ~5 km / none found,True,39.176723186998785,18093.950150896646,18.09
90610,PAPUA TENGAH,KAB. PANIAI,Bibida,-4.08636016,136.65103413,623512037562122239,,,,,> ~5 km / none found,False,18090.420562768293,18090.420562768293,18.09
71844,JAMBI,KAB. MUARO JAMBI,Kumpeh,-1.49660976,104.1398774,623969013415510015,,,,,> ~5 km / none found,False,16746.665003479684,18075.648217121754,18.08
92393,PAPUA PEGUNUNGAN,KAB. YAHUKIMO,Korupun,-4.51886612,139.66415319,623516985976750079,,,,,> ~5 km / none found,False,18068.302035368353,18068.302035368353,18.07
87243,PAPUA BARAT DAYA,KAB. TAMBRAUW,Tinggouw,-0.68047103,132.6230335,623513688242061311,,,,,> ~5 km / none found,False,18062.29149648673,18062.29149648673,18.06
85071,PAPUA TENGAH,KAB. PUNCAK,Beoga Timur,-3.67055052,137.3128184,623512062992023551,,,,,> ~5 km / none found,False,18050.818207142784,18050.818207142784,18.05
87591,PAPUA PEGUNUNGAN,KAB. YAHUKIMO,Soloikma,-4.49501635,139.59678671,623517017619693567,,,,,> ~5 km / none found,False,18047.42595049205,18047.42595049205,18.05
83767,KALIMANTAN UTARA,KAB. NUNUKAN,Lumbis Hulu,4.283323,116.2303738,623327671706157055,6.0,,0.792,,> ~5 km / none found,True,705.3382376937525,18043.45729111424,18.04
53533,KALIMANTAN TIMUR,KAB. BERAU,Tabalar,1.70104944,117.7007384,623338098858688511,,,,,> ~5 km / none found,False,17806.399452850776,18026.156669984044,18.03
83003,PAPUA TENGAH,KAB. PUNCAK,Amungkalpia,-4.1065629,137.7865303,623511623529955327,,,,,> ~5 km / none found,False,18025.947047533406,18025.947047533406,18.03
93732,PAPUA PEGUNUNGAN,KAB. YALIMO,Welarek,-4.14523427,139.29385884,623511854427635711,,,,,> ~5 km / none found,False,18013.70944901928,18013.70944901928,18.01
45935,ACEH,KAB. ACEH TENGGARA,Darul Hasanah,3.54221791,97.55700706,623274225579950079,,,,,> ~5 km / none found,False,17138.22594113794,18008.144276062143,18.01
68246,PAPUA TENGAH,KAB. NABIRE,Dipa,-3.7688605,135.6584235,623511297279000575,,,,,> ~5 km / none found,False,17999.928615004304,17999.928615004304,18.0
90416,PAPUA BARAT DAYA,KAB. MAYBRAT,Aifat Timur,-1.50086808,132.83072792,623514709031550975,,,,,> ~5 km / none found,False,17999.498309060415,17999.498309060415,18.0
93741,PAPUA SELATAN,KAB. MAPPI,Passue,-6.28142597,139.50351239,624255990820601855,,,,,> ~5 km / none found,False,17998.007945986592,17998.007945986592,18.0
91169,PAPUA PEGUNUNGAN,KAB. PEGUNUNGAN BINTANG,Okbab,-4.64593901,140.42446783,623516974992031743,,,,,> ~5 km / none found,False,17970.115197399155,17970.115197399155,17.97
70127,ACEH,KAB. NAGAN RAYA,Darul Makmur,4.16114079,96.71705219,623279352214847487,,,,,> ~5 km / none found,False,16580.94469595155,17947.487415266874,17.95
93178,PAPUA PEGUNUNGAN,KAB. YAHUKIMO,Kwikma,-4.36843914,139.22488391,623511856830676991,,,,,> ~5 km / none found,False,17943.588377807937,17943.588377807937,17.94
92249,PAPUA SELATAN,KAB. ASMAT,Sawa Erma,-5.08713422,138.36330982,624256207085600767,,,,,> ~5 km / none found,False,17940.813497679395,17940.813497679395,17.94
79273,PAPUA TENGAH,KAB. PUNCAK,Agandugume,-4.05562666,137.9523525,623511624668872703,,,,,> ~5 km / none found,False,17927.370665951938,17927.370665951938,17.93
66050,SULAWESI TENGAH,KAB. TOJO UNA UNA,Tojo,-1.37155207,121.33937,623340849114480639,,,,,> ~5 km / none found,False,17916.580566591216,17916.580566591216,17.92
89828,PAPUA BARAT,KAB. TELUK BINTUNI,Weriagar,-2.01267619,132.83290401,623514462515527679,,,,,> ~5 km / none found,False,17912.073162891622,17912.073162891622,17.91
89129,PAPUA PEGUNUNGAN,KAB. PEGUNUNGAN BINTANG,Oklip,-4.72146696,140.79352154,623516571102969855,,,,,> ~5 km / none found,False,5514.495807018583,17909.8465641965,17.91
90639,PAPUA PEGUNUNGAN,KAB. PEGUNUNGAN BINTANG,Oksamol,-4.78342074,140.85476813,623516725009121279,,,,,> ~5 km / none found,False,11559.289796919078,17909.601006018573,17.91
91157,PAPUA PEGUNUNGAN,KAB. PEGUNUNGAN BINTANG,Teiraplu,-3.91000599,140.30197001,623517012913094655,,,,,> ~5 km / none found,False,17896.641748322112,17896.641748322112,17.9
93062,PAPUA BARAT DAYA,KAB. RAJA AMPAT,Misool Barat,-1.90656813,130.23642536,624125200002220031,,,,,> ~5 km / none found,False,17887.469835439268,17887.469835439268,17.89
21422,PAPUA TENGAH,KAB. MIMIKA,Hoya,-4.24398527,137.4468468,623511779776167935,,,,,> ~5 km / none found,False,16951.06930659163,17877.942654550952,17.88
75089,PAPUA TENGAH,KAB. NABIRE,Wapoga,-2.9234523,136.0770889,623511127200825343,,,,,> ~5 km / none found,False,17868.916763585396,17868.916763585396,17.87
84343,PAPUA SELATAN,KAB. ASMAT,Awyu,-6.11566799,138.79218334,624256220600696831,,,,,> ~5 km / none found,False,5539.9817637448805,17857.47963328994,17.86
89161,PAPUA BARAT DAYA,KAB. MAYBRAT,Aifat Timur Selatan,-1.71917096,132.5493047,623514699707645951,37.0,,4.884,,> ~5 km / none found,True,5069.227123588771,17835.856986299867,17.84
91443,PAPUA PEGUNUNGAN,KAB. YALIMO,Welarek,-3.98888923,139.45981547,623511698561335295,,,,,> ~5 km / none found,False,17818.818243848655,17818.818243848655,17.82
90798,PAPUA BARAT DAYA,KAB. SORONG SELATAN,Kokoda Utara,-1.8769713,132.56834955,623514722387853311,,,,,> ~5 km / none found,False,9896.481436677424,17815.852761162198,17.82
90941,PAPUA BARAT,KAB. KAIMANA,Teluk Arguni Bawah,-3.36243433,133.4998071,623511520580272127,,,,,> ~5 km / none found,False,7527.250385654804,17803.920416427958,17.8
88884,PAPUA BARAT DAYA,KAB. MAYBRAT,Aifat Timur,-1.53008235,132.7694733,623514709367816191,,,,,> ~5 km / none found,False,17801.997477563076,17801.997477563076,17.8
31534,GORONTALO,KAB. POHUWATO,Taluditi,0.82660268,121.8212007,623339673302892543,,,,,> ~5 km / none found,False,17800.158947485215,17800.158947485215,17.8
88982,PAPUA TENGAH,KAB. PANIAI,Siriwo,-3.52000934,136.11485382,623511308998770687,,,,,> ~5 km / none found,False,17423.252388232213,17799.094678480684,17.8
89409,PAPUA TENGAH,KAB. PUNCAK JAYA,Yamo,-3.4979981,137.87464823,623511640444272639,,,,,> ~5 km / none found,False,17788.287223155992,17788.287223155992,17.79
94127,PAPUA PEGUNUNGAN,KAB. TOLIKARA,Wari/Taiyeve II,-3.21783043,138.7743279,623511728936157183,,,,,> ~5 km / none found,False,17783.14163971903,17783.14163971903,17.78
89111,PAPUA BARAT,KAB. TELUK BINTUNI,Biscoop,-1.61155873,133.49987601,623513409340080127,,,,,> ~5 km / none found,False,17782.966508757167,17782.966508757167,17.78
11858,MALUKU,KAB. KEPULAUAN ARU,Aru Utara Timur Batuley,-5.9013308,134.7817581,623513152571965439,,,,,> ~5 km / none found,False,17782.95279691699,17782.95279691699,17.78
85785,PAPUA BARAT DAYA,KAB. RAJA AMPAT,Salawati Barat,-1.03383023,130.7608216,623530464509034495,,,,,> ~5 km / none found,False,8719.096542833153,17772.629305767212,17.77
88685,PAPUA BARAT DAYA,KAB. MAYBRAT,Aifat Timur Selatan,-1.81016132,132.58461134,623514727989215231,18.0,,2.376,,> ~5 km / none found,True,2403.488025329606,17750.77487106779,17.75
91011,PAPUA BARAT,KAB. KAIMANA,Teluk Arguni Bawah,-3.32994367,133.89119173,623511467019042815,,,,,> ~5 km / none found,False,15679.630007404146,17724.238684905402,17.72
90995,PAPUA SELATAN,KAB. BOVEN DIGOEL,Manggelum,-5.36692581,140.37519797,623516743978582015,,,,,> ~5 km / none found,False,17715.112779315208,17715.112779315208,17.72
93113,PAPUA BARAT DAYA,KAB. RAJA AMPAT,Misool Timur,-1.98161069,130.44914676,624125215592873983,,,,,> ~5 km / none found,False,17713.606885731577,17713.606885731577,17.71
92007,PAPUA PEGUNUNGAN,KAB. YAHUKIMO,Musaik,-4.57499688,139.0096536,623511811219554303,,,,,> ~5 km / none found,False,11372.414907487313,17697.102930017172,17.7
86217,PAPUA TENGAH,KAB. MIMIKA,Mimika Barat Jauh,-4.29942063,135.41549696,623511281806639103,,,,,> ~5 km / none found,False,6770.485210629682,17691.003348417857,17.69
92382,PAPUA PEGUNUNGAN,KAB. NDUGA,Yal,-4.4757165,138.783256,623511814143934463,11.0,,1.452,,> ~5 km / none found,True,1428.31470280959,17678.295294112413,17.68
93099,PAPUA PEGUNUNGAN,KAB. NDUGA,Yal,-4.4754461,138.7824807,623511814143901695,10.0,,1.32,,> ~5 km / none found,True,1386.322105072206,17670.575475345555,17.67
16323,ACEH,KAB. ACEH TENGGARA,Lawe Alas,3.44200308,97.61468307,623274225637982207,,,,,> ~5 km / none found,False,15962.549313433174,17652.682708320885,17.65
94131,PAPUA PEGUNUNGAN,KAB. TOLIKARA,Wari/Taiyeve II,-3.33760407,138.46648738,623511646786191359,,,,,> ~5 km / none found,False,17646.341792275278,17646.341792275278,17.65
92375,PAPUA SELATAN,KAB. MAPPI,Ti  Zain,-5.35883637,139.73493755,624256117343551487,,,,,> ~5 km / none found,False,10417.881694994068,17635.604568105515,17.64
85822,PAPUA TENGAH,KAB. PUNCAK,Doufo,-3.13260271,137.2033144,623511895845994495,17.0,,2.244,,> ~5 km / none found,True,2320.473089423237,17612.52789573281,17.61
91406,PAPUA TENGAH,KAB. DEIYAI,Kapiraya,-4.25884366,136.23093007,623511271481311231,,,,,> ~5 km / none found,False,11215.6720391717,17592.655347988653,17.59
91599,PAPUA,KAB. SARMI,Apawer Hulu,-2.1988292,138.5006039,623511983006285823,,,,,> ~5 km / none found,False,17560.26725739479,17560.26725739479,17.56
89181,PAPUA PEGUNUNGAN,KAB. NDUGA,Mebarok,-4.28266178,138.17602878,623511631895691263,,,,,> ~5 km / none found,False,17545.37079917788,17545.37079917788,17.55
91455,PAPUA PEGUNUNGAN,KAB. YALIMO,Welarek,-3.96780594,139.54014591,623511701913534463,,,,,> ~5 km / none found,False,17540.298276348683,17540.298276348683,17.54
91092,PAPUA PEGUNUNGAN,KAB. JAYAWIJAYA,Trikora,-4.4536413,138.72399565,623511814945603583,,,,,> ~5 km / none found,False,5416.584359570875,17523.28345304209,17.52
92438,PAPUA PEGUNUNGAN,KAB. YAHUKIMO,Bomela,-4.76003281,139.87669702,623516982339403775,,,,,> ~5 km / none found,False,17502.645087450266,17502.645087450266,17.5
88321,PAPUA SELATAN,KAB. ASMAT,Kolf Braza,-5.3433483,139.6404067,624256113310367743,,,,,> ~5 km / none found,False,17500.52931295943,17500.52931295943,17.5
90056,PAPUA TENGAH,KAB. PANIAI,Fajar Timur,-3.585197,136.28644656,623511150785560575,,,,,> ~5 km / none found,False,17493.73044035876,17493.73044035876,17.49
71502,RIAU,KAB. INDRAGIRI HILIR,Kuala Indragiri,-0.4334165,103.5571906,623969237393932287,,,,,> ~5 km / none found,False,9153.643891854237,17493.51948569675,17.49
86764,PAPUA SELATAN,KAB. ASMAT,Sirets,-5.4776414,138.57993256,624256181657075711,,,,,> ~5 km / none found,False,17486.27357673238,17486.27357673238,17.49
91156,PAPUA PEGUNUNGAN,KAB. PEGUNUNGAN BINTANG,Kiwirok Timur,-4.75980887,140.83090108,623516725074526207,,,,,> ~5 km / none found,False,8446.424900022279,17461.71207953529,17.46
56594,KEPULAUAN RIAU,KAB. KEPULAUAN ANAMBAS,Siantan Timur,3.14088922,106.4285699,623354289814798335,,,,,> ~5 km / none found,False,17447.885765394985,17447.885765394985,17.45
59820,MALUKU UTARA,KAB. HALMAHERA SELATAN,Bacan Barat Utara,-0.39270278,127.5087857,623529885719363583,,,,,> ~5 km / none found,False,5807.854837798886,17432.06078299619,17.43
91278,PAPUA PEGUNUNGAN,KAB. TOLIKARA,Gundagi,-3.38246571,138.25629744,623511653033541631,,,,,> ~5 km / none found,False,17426.01569517349,17426.01569517349,17.43
39371,PAPUA TENGAH,KAB. MIMIKA,Jila,-4.24914308,137.7682199,623511623289077759,,,,,> ~5 km / none found,False,9269.437299689225,17424.737060417017,17.42
90506,PAPUA BARAT,KAB. KAIMANA,Buruway,-3.77254174,133.29013849,623514570655694847,,,,,> ~5 km / none found,False,9997.383712527233,17415.926057989887,17.42
64721,KALIMANTAN TIMUR,KAB. BERAU,Kelay,1.69605186,117.3645909,623338118703939583,,,,,> ~5 km / none found,False,14977.463989786464,17406.911436339495,17.41
91122,PAPUA PEGUNUNGAN,KAB. PEGUNUNGAN BINTANG,Kiwirok,-4.68969344,140.75915517,623516571677065215,,,,,> ~5 km / none found,False,7021.859088954993,17400.28250323504,17.4
90939,PAPUA BARAT,KAB. KAIMANA,Teluk Etna,-4.13912807,134.87460466,623511193160646655,,,,,> ~5 km / none found,False,16952.087127263094,17395.98871069863,17.4
90717,PAPUA PEGUNUNGAN,KAB. PEGUNUNGAN BINTANG,Tarup,-4.93903139,140.87653936,623516738347106303,,,,,> ~5 km / none found,False,17350.842925290883,17350.842925290883,17.35
92562,PAPUA PEGUNUNGAN,KAB. YALIMO,Benawa,-3.59808077,139.61383629,623511687594639359,,,,,> ~5 km / none found,False,17350.348604800492,17350.348604800492,17.35
93196,PAPUA PEGUNUNGAN,KAB. YAHUKIMO,Kwikma,-4.34700412,139.24823745,623511856032677887,,,,,> ~5 km / none found,False,17337.537013514353,17337.537013514353,17.34
85507,PAPUA SELATAN,KAB. ASMAT,Jetsy,-5.50148445,138.34816018,624256182441377791,,,,,> ~5 km / none found,False,17327.153609025594,17327.153609025594,17.33
88256,PAPUA BARAT DAYA,KAB. TAMBRAUW,Abun,-0.56933416,132.77635082,623513667954573311,,,,,> ~5 km / none found,False,17310.9813780285,17310.9813780285,17.31
59100,KALIMANTAN BARAT,KAB. KETAPANG,Kendawangan,-2.79543358,110.2832997,623972147666812927,,,,,> ~5 km / none found,False,17286.20688369331,17286.20688369331,17.29
38846,KALIMANTAN UTARA,KAB. BULUNGAN,Sekatak,3.3171968,117.3724694,623337984702742527,,,,,> ~5 km / none found,False,17257.29588373095,17257.29588373095,17.26
87649,PAPUA BARAT DAYA,KAB. RAJA AMPAT,Waigeo Barat Kepulauan,-0.73594439,130.14120352,623530484337868799,,,,,> ~5 km / none found,False,17234.21716559135,17234.21716559135,17.23
31282,MALUKU,KAB. KEPULAUAN ARU,Aru Utara Timur Batuley,-5.8839057,134.7453208,623513152617349119,,,,,> ~5 km / none found,False,17224.003471857104,17224.003471857104,17.22
67203,PAPUA TENGAH,KAB. MIMIKA,Mimika Timur Jauh,-4.84316403,137.1583345,623511795571228671,,,,,> ~5 km / none found,False,17221.94970409678,17221.94970409678,17.22
21802,BENGKULU,KAB. LEBONG,Pinang Belapis,-2.80600707,102.02391213,623976371721502719,,,,,> ~5 km / none found,False,17193.84063100379,17193.84063100379,17.19
89817,PAPUA PEGUNUNGAN,KAB. YALIMO,Welarek,-3.97384837,139.61134799,623511702041919487,,,,,> ~5 km / none found,False,17176.21278513681,17176.21278513681,17.18
89847,PAPUA SELATAN,KAB. BOVEN DIGOEL,Yaniruma,-5.40723811,139.81971757,624256117246197759,7.0,,0.924,,> ~5 km / none found,True,913.9653697415699,17168.2094789026,17.17
82671,PAPUA TENGAH,KAB. PUNCAK,Pogoma,-3.72631355,137.5850261,623511658220617727,,,,,> ~5 km / none found,False,10416.40224647676,17142.976133066662,17.14
91963,PAPUA PEGUNUNGAN,KAB. YALIMO,Welarek,-4.00012232,139.4459242,623511700968177663,,,,,> ~5 km / none found,False,17141.823406644195,17141.823406644195,17.14
92488,PAPUA PEGUNUNGAN,KAB. PEGUNUNGAN BINTANG,Jetfa,-4.14518,140.39819,623517010497732607,,,,,> ~5 km / none found,False,17138.95960158306,17138.95960158306,17.14
54202,PAPUA SELATAN,KAB. ASMAT,Safan,-6.20452036,138.47920477,624256219057651711,,,,,> ~5 km / none found,False,17135.00912441118,17135.00912441118,17.14
92259,PAPUA PEGUNUNGAN,KAB. YAHUKIMO,Talambo,-3.96037321,139.7489429,623517005240991743,,,,,> ~5 km / none found,False,17132.231248000648,17132.231248000648,17.13
9421,SUMATERA SELATAN,KAB. MUSI RAWAS UTARA,Ulu Rawas,-2.84300214,102.224539,623976375121248255,,,,,> ~5 km / none found,False,17131.490073276545,17131.490073276545,17.13
88425,PAPUA SELATAN,KAB. ASMAT,Atsj,-5.89015967,138.48655115,624256217238241279,,,,,> ~5 km / none found,False,17128.165235761222,17128.165235761222,17.13
83931,MALUKU,KAB. BURU SELATAN,Kepala Madan,-3.37303845,126.2649721,624122662345867263,,,,,> ~5 km / none found,False,17122.10559181767,17122.10559181767,17.12
52059,ACEH,KAB. ACEH TENGGARA,Babul Rahmah,3.33351532,97.68040431,623281413490311167,,,,,> ~5 km / none found,False,13937.801001507883,17110.170755324107,17.11
90101,PAPUA PEGUNUNGAN,KAB. PEGUNUNGAN BINTANG,Okbibab,-4.64470999,140.56496716,623516976077701119,,,,,> ~5 km / none found,False,17097.389040402104,17097.389040402104,17.1
87675,PAPUA SELATAN,KAB. ASMAT,Joerat,-5.26085685,138.09921091,624256206255194111,,,,,> ~5 km / none found,False,17069.71231557846,17069.71231557846,17.07
89324,PAPUA PEGUNUNGAN,KAB. TOLIKARA,Gundagi,-3.3949017,138.24238098,623511653062475775,,,,,> ~5 km / none found,False,17068.869125296722,17068.869125296722,17.07
84153,KALIMANTAN UTARA,KAB. MALINAU,Pujungan,2.44638451,115.4929178,623338293215657983,,,,,> ~5 km / none found,False,17044.124586637754,17044.124586637754,17.04
79011,KALIMANTAN TIMUR,KAB. MAHAKAM ULU,Long Apari,0.75102419,114.0616934,623335425599537151,,,,,> ~5 km / none found,False,16005.848043314463,17042.36588746737,17.04
92347,PAPUA TENGAH,KAB. PANIAI,Ekadide,-3.8756405,135.0167597,623511234991390719,15.0,,1.98,,> ~5 km / none found,True,2177.923648677453,17032.206522249515,17.03
90059,PAPUA BARAT DAYA,KAB. MAYBRAT,Aifat Timur Selatan,-1.7847952,132.51625872,623514726850953215,17.0,,2.244,,> ~5 km / none found,True,2201.961519522419,17028.77302885077,17.03
57454,KALIMANTAN TENGAH,KAB. KOTAWARINGIN BARAT,Kumai,-2.9812224,111.9633135,623987850619715583,,,,,> ~5 km / none found,False,16472.976985460406,17018.751873155226,17.02
63310,RIAU,KAB. PELALAWAN,Teluk Meranti,0.51321058,102.9340338,623276120417206271,,,,,> ~5 km / none found,False,17010.01520239878,17010.01520239878,17.01
88999,PAPUA TENGAH,KAB. PANIAI,Siriwo,-3.58814891,136.14123947,623511308719751167,,,,,> ~5 km / none found,False,16995.42300293833,16995.42300293833,17.0
21574,RIAU,KAB. BENGKALIS,Bandar Laksamana,1.44048335,101.7601085,623275856775217151,,,,,> ~5 km / none found,False,12072.131873769078,16994.832591729715,16.99
86725,PAPUA SELATAN,KAB. ASMAT,Joutu,-5.50539595,139.47399621,624256111592275967,,,,,> ~5 km / none found,False,16994.402902883485,16994.402902883485,16.99
41593,RIAU,KAB. INDRAGIRI HULU,Rengat,-0.17324643,102.5134503,623276146286723071,,,,,> ~5 km / none found,False,16988.991627516585,16988.991627516585,16.99
86678,PAPUA BARAT DAYA,KAB. TAMBRAUW,Abun,-0.41894367,132.6678599,623513672201175039,,,,,> ~5 km / none found,False,5912.160051761922,16985.205187769527,16.99
93738,PAPUA PEGUNUNGAN,KAB. YALIMO,Welarek,-4.06849008,139.25949368,623511858823102463,,,,,> ~5 km / none found,False,16970.725107092316,16970.725107092316,16.97
49243,KALIMANTAN TENGAH,KAB. KAPUAS,Mantangai,-2.3365298,114.6020712,623337250707570687,,,,,> ~5 km / none found,False,16964.192755190565,16964.192755190565,16.96
92539,PAPUA PEGUNUNGAN,KAB. NDUGA,Yal,-4.489324,138.7950021,623511814580699135,17.0,,2.244,,> ~5 km / none found,True,2380.620724722078,16935.76296015448,16.94
91029,PAPUA BARAT,KAB. TELUK WONDAMA,Naikere,-3.37580226,134.39360614,623511475463028735,,,,,> ~5 km / none found,False,12365.594031137412,16911.062254689623,16.91
93849,PAPUA PEGUNUNGAN,KAB. NDUGA,Mebarok,-4.20070378,138.21328911,623511632096329727,,,,,> ~5 km / none found,False,16902.422196134656,16902.422196134656,16.9
86755,PAPUA SELATAN,KAB. ASMAT,Jetsy,-5.605183,138.284355,624256180684193791,,,,,> ~5 km / none found,False,16893.222653910245,16893.222653910245,16.89
85933,MALUKU,KAB. SERAM BAGIAN BARAT,Taniwel Timur,-3.02067026,128.7042308,624125273993478143,,,,,> ~5 km / none found,False,12318.383983049545,16882.148998354143,16.88
4682,PAPUA BARAT,KAB. TELUK BINTUNI,Wamesa,-2.28014506,133.95480837,623511384407998463,,,,,> ~5 km / none found,False,16870.84042360642,16870.84042360642,16.87
88625,PAPUA BARAT DAYA,KAB. SORONG,Buk,-1.53503232,131.73422107,623514673601511423,,,,,> ~5 km / none found,False,13243.23402058969,16869.307288054686,16.87
91463,PAPUA PEGUNUNGAN,KAB. YALIMO,Welarek,-4.09953453,139.25518089,623511858347868159,,,,,> ~5 km / none found,False,16846.309949744387,16846.309949744387,16.85
85510,PAPUA SELATAN,KAB. ASMAT,Unir Sirau,-5.18536419,138.48371068,624256211674923007,,,,,> ~5 km / none found,False,16845.102218614207,16845.102218614207,16.85
91962,PAPUA PEGUNUNGAN,KAB. YALIMO,Welarek,-4.06504941,139.312935,623511701119860735,,,,,> ~5 km / none found,False,16839.778180829457,16839.778180829457,16.84
93439,PAPUA PEGUNUNGAN,KAB. TOLIKARA,Gundagi,-3.37600236,138.28510786,623511653046681599,,,,,> ~5 km / none found,False,16830.765880014642,16830.765880014642,16.83
11726,ACEH,KAB. ACEH TENGGARA,Leuser,3.17323813,97.59965747,623281411300950015,,,,,> ~5 km / none found,False,15710.185721006952,16816.541508797367,16.82
5612,PAPUA TENGAH,KAB. PUNCAK,Kembru,-3.66837529,137.71726777,623511655578894335,,,,,> ~5 km / none found,False,16814.051487666577,16814.051487666577,16.81
90936,PAPUA BARAT,KAB. KAIMANA,Teluk Arguni Atas,-2.83976344,133.78122508,623511506235916287,38.0,,5.016,,> ~5 km / none found,True,5238.932648949643,16807.555320382504,16.81
73499,MALUKU UTARA,KAB. HALMAHERA SELATAN,Bacan Barat Utara,-0.32648384,127.5491685,623529883052244991,21.0,,2.772,,> ~5 km / none found,True,2662.044129135248,16794.26182831991,16.79
84774,PAPUA TENGAH,KAB. PUNCAK,Pogoma,-3.75314942,137.6823637,623511657536487423,,,,,> ~5 km / none found,False,15970.899316383397,16781.013081924495,16.78
91959,PAPUA PEGUNUNGAN,KAB. YAHUKIMO,Talambo,-3.86373111,140.0802867,623516845961445375,,,,,> ~5 km / none found,False,16766.33742086456,16766.33742086456,16.77
88328,PAPUA SELATAN,KAB. ASMAT,Koroway Buluanop,-5.32411761,139.6970905,624256112665886719,,,,,> ~5 km / none found,False,16091.881328906524,16764.114017486856,16.76
44802,KALIMANTAN BARAT,KAB. SINTANG,Kayan Hulu,-0.10627108,112.427678,623338694058278911,2.0,,0.264,,> ~5 km / none found,True,296.5241243602612,16760.91103729949,16.76
42049,PAPUA TENGAH,KAB. NABIRE,Moora,-2.94822559,135.757063,623511174407290879,,,,,> ~5 km / none found,False,16735.767380000878,16735.767380000878,16.74
85907,PAPUA TENGAH,KAB. PUNCAK,Doufo,-3.19817784,137.4397611,623511911454375935,,,,,> ~5 km / none found,False,16713.43034756255,16713.43034756255,16.71
93085,PAPUA PEGUNUNGAN,KAB. NDUGA,Yal,-4.500351,138.808009,623511814521847807,32.0,,4.224,,> ~5 km / none found,True,4132.466793288775,16707.945664605704,16.71
36257,RIAU,KAB. INDRAGIRI HILIR,Gaung,-0.22325393,102.7863312,623276152127324159,,,,,> ~5 km / none found,False,16693.79074681327,16693.79074681327,16.69
91490,PAPUA BARAT,KAB. TELUK BINTUNI,Weriagar,-2.08169332,132.88591634,623514461992812543,,,,,> ~5 km / none found,False,16684.681258744495,16684.681258744495,16.68
82762,JAMBI,KAB. TANJUNG JABUNG TIMUR,S a d u,-1.39663024,104.2779923,623969016385830911,,,,,> ~5 km / none found,False,16245.255873136075,16682.197052796895,16.68
89530,PAPUA TENGAH,KAB. INTAN JAYA,Biandoga,-3.49395258,136.71021086,623512056902615039,,,,,> ~5 km / none found,False,16677.7130229249,16677.7130229249,16.68
93980,PAPUA PEGUNUNGAN,KAB. TOLIKARA,Egiam,-3.40299906,138.48604946,623511650414559231,,,,,> ~5 km / none found,False,16674.585609774378,16674.585609774378,16.67
92336,PAPUA SELATAN,KAB. MERAUKE,Tubang,-7.69138232,139.35821015,624256375331618815,,,,,> ~5 km / none found,False,16670.83788060387,16670.83788060387,16.67
88867,PAPUA TENGAH,KAB. PUNCAK JAYA,Molanikime,-3.66255309,137.71944275,623511655586562047,,,,,> ~5 km / none found,False,16667.436510140542,16667.436510140542,16.67
89612,PAPUA TENGAH,KAB. PUNCAK JAYA,Dagai,-3.36095376,137.94146221,623511640893980671,,,,,> ~5 km / none found,False,16659.255923541485,16659.255923541485,16.66
49753,BANTEN,KAB. SERANG,Tirtayasa,-5.8157379,106.2851931,623960967219412991,,,,,> ~5 km / none found,False,16659.22787980592,16659.22787980592,16.66
89245,PAPUA BARAT DAYA,KAB. SORONG SELATAN,Kokoda Utara,-1.94757413,132.59167951,623514721790689279,,,,,> ~5 km / none found,False,15664.094633667673,16656.55058080392,16.66
92671,PAPUA SELATAN,KAB. MERAUKE,Tubang,-8.15762247,139.00580107,624256355938238463,,,,,> ~5 km / none found,False,16648.684661218773,16648.684661218773,16.65
32769,KALIMANTAN TENGAH,KAB. BARITO UTARA,Gunung Purei,-1.28601687,115.5010954,623337102609055743,,,,,> ~5 km / none found,False,16184.528533180117,16647.458831080272,16.65
80632,SUMATERA UTARA,KAB. NIAS SELATAN,Tanah Masa,-0.14593047,98.42583572,623974682445709311,,,,,> ~5 km / none found,False,15019.095285302978,16646.381532523537,16.65
86756,PAPUA SELATAN,KAB. ASMAT,Joutu,-5.53832837,139.29558818,624256123409072127,,,,,> ~5 km / none found,False,16633.6967290824,16633.6967290824,16.63
72062,BENGKULU,KAB. MUKOMUKO,Pondok Suguh,-2.64923912,101.6095378,623976383163432959,,,,,> ~5 km / none found,False,16449.32067889635,16614.006015251525,16.61
88715,PAPUA,KAB. SARMI,Apawer Hulu,-2.1558604,138.44654232,623511982326972415,,,,,> ~5 km / none found,False,16612.007697460383,16612.007697460383,16.61
52418,RIAU,KAB. INDRAGIRI HULU,Rengat,-0.17606011,102.487211,623276146524094463,,,,,> ~5 km / none found,False,16611.75180199625,16611.75180199625,16.61
26676,SULAWESI TENGAH,KAB. MOROWALI,Bungku Selatan,-3.272648,122.513771,624120805054316543,,,,,> ~5 km / none found,False,11160.398255325184,16605.239988627123,16.61
89886,PAPUA BARAT DAYA,KAB. SORONG,Botain,-1.50516203,131.66386668,623514673537384447,,,,,> ~5 km / none found,False,11714.025956784104,16603.83565421794,16.6
18462,KALIMANTAN TIMUR,KAB. KUTAI KARTANEGARA,Anggana,-0.5717313,117.5383329,623335867738161151,,,,,> ~5 km / none found,False,12345.263888532221,16601.30641059072,16.6
59336,ACEH,KAB. ACEH SELATAN,Kluet Tengah,3.41577285,97.29416506,623281422134247423,,,,,> ~5 km / none found,False,16590.803453578184,16590.803453578184,16.59
85834,SULAWESI UTARA,KAB. BOLAANG MONGONDOW,Dumoga Utara,0.61774389,123.7572961,623340512778977279,,,,,> ~5 km / none found,False,15629.458381408074,16580.990464871218,16.58
55191,SULAWESI SELATAN,KAB. LUWU UTARA,Masamba,-2.33169188,120.2370535,624121059568877567,,,,,> ~5 km / none found,False,16560.081216177918,16560.081216177918,16.56
24679,KALIMANTAN BARAT,KAB. SINTANG,Serawai,-0.09516097,112.5475514,623338690001960959,,,,,> ~5 km / none found,False,9201.173228692163,16550.37171921087,16.55
3345,SUMATERA SELATAN,KAB. MUSI RAWAS UTARA,Karang Jaya,-2.94739221,102.5048378,623976298917789695,,,,,> ~5 km / none found,False,16517.72194238521,16548.784449535466,16.55
85327,MALUKU UTARA,KAB. HALMAHERA SELATAN,Kasiruta Barat,-0.48711833,127.1471366,623529904572170239,,,,,> ~5 km / none found,False,16379.877284705159,16539.50819699275,16.54
87402,SUMATERA UTARA,KAB. NIAS SELATAN,Pulau-Pulau Batu Timur,0.11799291,98.69944282,623974635522064383,,,,,> ~5 km / none found,False,7030.990285090689,16538.502666732937,16.54
93351,PAPUA SELATAN,KAB. MAPPI,Minyamur,-6.46286307,138.77542817,624255981609746431,,,,,> ~5 km / none found,False,16524.036853001788,16524.036853001788,16.52
90850,PAPUA SELATAN,KAB. ASMAT,Sawa Erma,-4.82260319,138.5748379,623511827604111359,,,,,> ~5 km / none found,False,16516.721525473135,16516.721525473135,16.52
90442,PAPUA PEGUNUNGAN,KAB. NDUGA,Mebarok,-4.15289163,138.24188231,623511629718519807,,,,,> ~5 km / none found,False,13664.884179357765,16502.110514489756,16.5
85281,SULAWESI UTARA,KAB. BOLAANG MONGONDOW UTARA,Bintauna,0.68575941,123.5962175,623340512214056959,,,,,> ~5 km / none found,False,10942.956237696553,16502.016057641144,16.5
92444,PAPUA PEGUNUNGAN,KAB. YAHUKIMO,Hogio,-4.4141472,139.11386294,623511854942584831,,,,,> ~5 km / none found,False,14255.832100401158,16501.20445626406,16.5
92346,PAPUA TENGAH,KAB. PANIAI,Dumadama,-3.29962697,133.90235818,623511466777673727,,,,,> ~5 km / none found,False,14831.005381741019,16500.440747251876,16.5
93177,PAPUA PEGUNUNGAN,KAB. YAHUKIMO,Kwikma,-4.33290978,139.25299945,623511856556867583,,,,,> ~5 km / none found,False,16496.913947285313,16496.913947285313,16.5
25426,DKI JAKARTA,KAB. ADM. KEP. SERIBU,Kepulauan Seribu Utara,-5.50094099,106.550009,623960984016453631,,,,,> ~5 km / none found,False,16483.63123131809,16483.63123131809,16.48
88766,PAPUA TENGAH,KAB. PANIAI,Siriwo,-3.56879211,136.43732005,623511151961669631,,,,,> ~5 km / none found,False,16480.665674222844,16480.665674222844,16.48
21123,ACEH,KAB. ACEH TENGGARA,Lawe Alas,3.45445607,97.61743706,623274225667801087,,,,,> ~5 km / none found,False,15148.262867596683,16478.934392602874,16.48
85739,PAPUA BARAT,KAB. TELUK BINTUNI,Moskona Utara,-1.48873725,133.0372911,623513444401315839,,,,,> ~5 km / none found,False,16457.340909208608,16457.340909208608,16.46
88994,PAPUA BARAT,KAB. TELUK BINTUNI,Biscoop,-1.69441794,133.42802123,623513408934019071,,,,,> ~5 km / none found,False,16444.14802415206,16444.14802415206,16.44
27919,PAPUA TENGAH,KAB. MIMIKA,Tembagapura,-4.19814209,137.24964,623512043434737663,,,,,> ~5 km / none found,False,16423.159735790847,16423.159735790847,16.42
83919,KALIMANTAN UTARA,KAB. NUNUKAN,Lumbis Hulu,4.33022134,116.2529216,623327672438947839,28.0,,3.696,,> ~5 km / none found,True,3559.4152528712675,16400.771918305003,16.4
89095,PAPUA BARAT,KAB. TELUK BINTUNI,Kaitaro,-2.83299006,133.64768134,623511505145855999,,,,,> ~5 km / none found,False,9190.840358565201,16371.099064922068,16.37
91753,PAPUA BARAT,KAB. TELUK BINTUNI,Kamundan,-2.22612459,132.7469849,623514478883864575,,,,,> ~5 km / none found,False,16365.315024057027,16365.315024057027,16.37
60505,PAPUA TENGAH,KAB. NABIRE,Menou,-3.78297692,135.1405221,623511082072113151,,,,,> ~5 km / none found,False,10937.70337008284,16364.260006145858,16.36
92534,PAPUA PEGUNUNGAN,KAB. YAHUKIMO,Ukha,-4.31111749,138.88595008,623511847512997887,,,,,> ~5 km / none found,False,15663.104360674806,16363.99912486213,16.36
88424,PAPUA SELATAN,KAB. ASMAT,Atsj,-5.83300546,138.50753415,624256184157274111,,,,,> ~5 km / none found,False,16358.344891444285,16358.344891444285,16.36
74665,SULAWESI UTARA,KAB. BOLAANG MONGONDOW,Dumoga Barat,0.4788689,123.7232439,623341570321940479,,,,,> ~5 km / none found,False,15624.577807969443,16356.076373602296,16.36
87599,PAPUA BARAT DAYA,KAB. TAMBRAUW,Miyah Selatan,-1.06334579,132.71041559,623514745176522751,,,,,> ~5 km / none found,False,16346.656111307791,16346.656111307791,16.35
52049,KALIMANTAN UTARA,KAB. NUNUKAN,Lumbis Pansiangan,4.1381258,116.286483,623327667708264447,,,,,> ~5 km / none found,False,14351.308013976139,16342.144898895156,16.34
92808,PAPUA PEGUNUNGAN,KAB. YAHUKIMO,Soba,-4.37246019,139.18926522,623511856813211647,,,,,> ~5 km / none found,False,16336.298670571538,16336.298670571538,16.34
88364,PAPUA SELATAN,KAB. MERAUKE,Okaba,-8.01595024,139.45849874,624254562306981887,,,,,> ~5 km / none found,False,15805.075205973839,16327.113683513775,16.33
89259,PAPUA PEGUNUNGAN,KAB. YAHUKIMO,Lolat,-4.49337655,139.38818893,623511823782346751,,,,,> ~5 km / none found,False,16320.887976713184,16320.887976713184,16.32
45091,PAPUA TENGAH,KAB. MIMIKA,Jila,-4.39283213,137.6034092,623511775924158463,,,,,> ~5 km / none found,False,16316.781988286573,16316.781988286573,16.32
51844,ACEH,KAB. GAYO LUES,Blangpegayon,3.77960997,97.30247091,623274224443293695,,,,,> ~5 km / none found,False,16159.272196562764,16314.876568706577,16.31
71835,JAMBI,KAB. MUARO JAMBI,Kumpeh,-1.46688668,104.144801,623969013871837183,,,,,> ~5 km / none found,False,14496.514493458471,16314.219921008327,16.31
82996,KALIMANTAN TENGAH,KAB. KOTAWARINGIN TIMUR,Bukit Santuai,-1.61235287,112.1213359,623336524497387519,20.0,,2.64,,> ~5 km / none found,True,2373.7340949835984,16291.060139563526,16.29
90643,PAPUA TENGAH,KAB. PUNCAK JAYA,Dagai,-3.06867544,138.03889896,623511643962343423,,,,,> ~5 km / none found,False,16281.805277631096,16281.805277631096,16.28
85505,PAPUA SELATAN,KAB. ASMAT,Agats,-5.69347609,138.15472745,624256192158498815,,,,,> ~5 km / none found,False,11836.43622496044,16277.908209015872,16.28
21556,MALUKU UTARA,KAB. HALMAHERA TENGAH,Patani Timur,0.52897284,128.8318474,623529835572625407,1.0,,0.132,,> ~5 km / none found,True,110.91484479604458,16269.911499792628,16.27
61374,KALIMANTAN TIMUR,KAB. BERAU,Sambaliung,1.88089518,117.5048271,623338100318830591,,,,,> ~5 km / none found,False,14422.171923334701,16264.403940342,16.26
23019,KALIMANTAN BARAT,KAB. KETAPANG,Hulu Sungai,-0.7487031,111.0547416,623971938735587327,,,,,> ~5 km / none found,False,14919.711584467077,16249.720826789755,16.25
54418,ACEH,KAB. ACEH TENGGARA,Ketambe,3.64279925,97.49047127,623274221156007935,,,,,> ~5 km / none found,False,16245.344222299276,16245.344222299276,16.25
91133,PAPUA PEGUNUNGAN,KAB. PEGUNUNGAN BINTANG,Alemsom,-4.87772014,140.06052644,623516996387504127,,,,,> ~5 km / none found,False,16239.404153417667,16239.404153417667,16.24
93109,PAPUA PEGUNUNGAN,KAB. NDUGA,Yal,-4.50144,138.802245,623511814501957631,29.0,,3.828,,> ~5 km / none found,True,3608.307900608533,16237.21808750071,16.24
90274,PAPUA PEGUNUNGAN,KAB. PEGUNUNGAN BINTANG,Oklip,-4.72511933,140.77771005,623516571106148351,29.0,,3.828,,> ~5 km / none found,True,3982.335575813991,16234.683940440875,16.23
84217,MALUKU,KAB. SERAM BAGIAN TIMUR,Kilmury,-3.55977503,130.5594,624123325898522623,,,,,> ~5 km / none found,False,13328.980630013859,16226.364678532484,16.23
92894,PAPUA PEGUNUNGAN,KAB. YAHUKIMO,Sela,-4.55004747,139.68819314,623516985903841279,,,,,> ~5 km / none found,False,16214.772245086044,16214.772245086044,16.21
93101,PAPUA BARAT DAYA,KAB. RAJA AMPAT,Misool Selatan,-1.91139297,130.28560103,624125201269456895,,,,,> ~5 km / none found,False,16213.012240716109,16213.012240716109,16.21
50716,PAPUA BARAT DAYA,KAB. RAJA AMPAT,Tiplol Mayalibit,-0.14142327,130.6740396,623530313016705023,,,,,> ~5 km / none found,False,16203.234241760896,16203.234241760896,16.2
88794,PAPUA PEGUNUNGAN,KAB. MAMBERAMO TENGAH,Eragayam,-3.55258087,138.78052405,623511726118010879,,,,,> ~5 km / none found,False,16199.997098416534,16199.997098416534,16.2
88343,PAPUA SELATAN,KAB. ASMAT,Jetsy,-5.657136,138.251828,624256180480835583,,,,,> ~5 km / none found,False,16194.374420681179,16194.374420681179,16.19
89473,PAPUA TENGAH,KAB. DOGIYAI,Sukikai Selatan,-4.05781103,135.26758554,623511318440214527,,,,,> ~5 km / none found,False,16166.213666539648,16166.213666539648,16.17
67509,PAPUA BARAT,KAB. FAK FAK,Fak-Fak Timur,-3.21007046,132.79344307,623514596878090239,25.0,,3.3,,> ~5 km / none found,True,3514.242381352518,16161.64267212838,16.16
93702,PAPUA BARAT DAYA,KAB. RAJA AMPAT,Kepulauan Ayau,0.49972403,131.12447394,623530341068111871,,,,,> ~5 km / none found,False,16158.418792905666,16158.418792905666,16.16
91517,PAPUA PEGUNUNGAN,KAB. YALIMO,Welarek,-4.04406378,139.38235186,623511700341391359,,,,,> ~5 km / none found,False,16155.936274669353,16155.936274669353,16.16
93100,PAPUA PEGUNUNGAN,KAB. NDUGA,Yal,-4.4858675,138.771833,623511814571196415,0.0,,0.0,,> ~5 km / none found,True,5.642553339045763,16150.145300071388,16.15
82804,ACEH,KAB. ACEH BARAT DAYA,Blangpidie,3.76694254,97.03300534,623279386166099967,,,,,> ~5 km / none found,False,16148.509710394832,16148.509710394832,16.15
34418,MALUKU,KAB. KEPULAUAN ARU,Aru Tengah,-6.32751892,134.5747396,623513137555570687,,,,,> ~5 km / none found,False,16147.091438018408,16147.091438018408,16.15
90105,PAPUA PEGUNUNGAN,KAB. YAHUKIMO,Anggruk,-4.21327048,139.2964597,623511853926547455,,,,,> ~5 km / none found,False,16112.787006612109,16112.787006612109,16.11
93527,PAPUA TENGAH,KAB. PANIAI,Kopay,-6.32472306,138.69046478,624255984923082751,,,,,> ~5 km / none found,False,16108.419610795248,16108.419610795248,16.11
88087,PAPUA SELATAN,KAB. ASMAT,Fayit,-6.02366495,138.52914947,624256213712437247,,,,,> ~5 km / none found,False,16104.017027006717,16104.017027006717,16.1
92426,PAPUA PEGUNUNGAN,KAB. YAHUKIMO,Samenage,-4.40231066,139.0148876,623511815391182847,,,,,> ~5 km / none found,False,7690.608215450231,16100.673582507183,16.1
87729,MALUKU UTARA,KAB. HALMAHERA SELATAN,Bacan Barat Utara,-0.35466092,127.42796478,623529889956757503,,,,,> ~5 km / none found,False,9108.201467953128,16096.819444333336,16.1
91131,PAPUA PEGUNUNGAN,KAB. PEGUNUNGAN BINTANG,Alemsom,-4.73965319,140.23065984,623516990205788159,,,,,> ~5 km / none found,False,16096.266939116094,16096.266939116094,16.1
31838,KEPULAUAN RIAU,KAB. LINGGA,Temiang Pesisir,0.33841648,104.3814793,623276090621788159,13.0,,1.716,,> ~5 km / none found,True,1709.555402044799,16088.998379301467,16.09
64690,PAPUA,KAB. BIAK NUMFOR,Padaido,-1.22330017,136.44534977,623514227269140479,,,,,> ~5 km / none found,False,16087.613093001855,16087.613093001855,16.09
91149,PAPUA PEGUNUNGAN,KAB. PEGUNUNGAN BINTANG,Awinbon,-5.09626211,140.28960554,623516744853061631,,,,,> ~5 km / none found,False,6163.484143375746,16083.271450865244,16.08
93234,PAPUA PEGUNUNGAN,KAB. YAHUKIMO,Kurima,-4.31353513,138.89328634,623511847516700671,,,,,> ~5 km / none found,False,15101.220542954748,16072.779782636226,16.07
89699,PAPUA PEGUNUNGAN,KAB. PEGUNUNGAN BINTANG,Okhika,-4.66625587,140.64139838,623516729184649215,,,,,> ~5 km / none found,False,15840.618080318156,16066.52808567155,16.07
87990,PAPUA TENGAH,KAB. PANIAI,Dogomo,-4.12894189,136.72094022,623512033878769663,,,,,> ~5 km / none found,False,16061.543878856997,16061.543878856997,16.06
91733,PAPUA,KAB. SUPIORI,Kepulauan Aruri,-0.95421778,135.5005127,623514266948239359,,,,,> ~5 km / none found,False,16046.348753485145,16046.348753485145,16.05
51404,PAPUA SELATAN,KAB. ASMAT,Safan,-6.16751038,138.4887778,624256215211376639,,,,,> ~5 km / none found,False,16040.62483852003,16040.62483852003,16.04
90180,PAPUA BARAT,KAB. KAIMANA,Kambrau,-3.41846358,133.49140496,623511520026984447,,,,,> ~5 km / none found,False,10022.494388575897,16012.673791689338,16.01
81124,BENGKULU,KAB. BENGKULU UTARA,Marga Sakti Sebelat,-2.90436505,101.8534509,623976384272138239,,,,,> ~5 km / none found,False,16011.742825147025,16011.742825147025,16.01
85504,PAPUA SELATAN,KAB. ASMAT,Agats,-5.68464836,138.0904792,624256192292880383,,,,,> ~5 km / none found,False,5452.671292510275,16003.716572731822,16.0
76053,ACEH,KAB. BIREUEN,Jeunieb,4.98603164,96.46339242,623279480689098751,,,,,> ~5 km / none found,False,13063.260999741213,16002.380381660985,16.0
36288,NUSA TENGGARA BARAT,KAB. BIMA,Wera,-8.19512896,119.0592849,624120104427061247,,,,,> ~5 km / none found,False,14546.418682203399,15999.569159797258,16.0
76206,MALUKU,KAB. BURU,Air Buaya,-3.26621449,126.4131447,624122694973882367,,,,,> ~5 km / none found,False,11316.61316670611,15993.264056657461,15.99
92993,PAPUA PEGUNUNGAN,KAB. NDUGA,Yal,-4.486345,138.76759,623511814571950079,0.0,,0.0,,> ~5 km / none found,True,2.0676155073579636,15932.46578531312,15.93
31102,PAPUA TENGAH,KAB. MIMIKA,Jila,-4.3813018,137.6551589,623511775621906431,,,,,> ~5 km / none found,False,15920.57853177794,15920.57853177794,15.92
92597,PAPUA SELATAN,KAB. ASMAT,Pulau Tiga,-5.02687568,138.14841233,623511751984709631,,,,,> ~5 km / none found,False,15906.156941942752,15906.156941942752,15.91
89652,PAPUA PEGUNUNGAN,KAB. PEGUNUNGAN BINTANG,Okbibab,-4.67037942,140.58902325,623516976002433023,,,,,> ~5 km / none found,False,15898.027946375205,15898.027946375205,15.9
15093,SULAWESI TENGAH,KAB. PARIGI MOUTONG,Moutong,0.63869097,121.1195245,623340987218231295,,,,,> ~5 km / none found,False,13968.015516000207,15890.180284889835,15.89
88781,MALUKU UTARA,KAB. HALMAHERA SELATAN,Bacan Barat Utara,-0.32914726,127.4045427,623529889480998911,,,,,> ~5 km / none found,False,11351.998259426065,15888.317441438243,15.89
92756,PAPUA SELATAN,KAB. MAPPI,Mambioman Bapai,-3.57264089,137.78126242,623511657165455359,,,,,> ~5 km / none found,False,15879.34304699618,15879.34304699618,15.88
18212,KALIMANTAN TIMUR,KAB. KUTAI KARTANEGARA,Tabang,0.38466894,115.8933214,623335231380717567,,,,,> ~5 km / none found,False,12119.182902333845,15872.08870294398,15.87
93040,PAPUA PEGUNUNGAN,KAB. YAHUKIMO,Kwikma,-4.35313965,139.2133914,623511856800825343,,,,,> ~5 km / none found,False,15861.870507996618,15861.870507996618,15.86
93417,PAPUA PEGUNUNGAN,KAB. TOLIKARA,Gundagi,-3.37661539,138.33285446,623511653192171519,,,,,> ~5 km / none found,False,15854.655797742424,15854.655797742424,15.85
34285,SULAWESI UTARA,KAB. BOLAANG MONGONDOW,Dumoga Utara,0.6522472,123.7924244,623340512757547007,,,,,> ~5 km / none found,False,14639.749381509448,15852.038355802835,15.85
92383,PAPUA PEGUNUNGAN,KAB. NDUGA,Yal,-4.5000582,138.7938004,623511814499860479,22.0,,2.904,,> ~5 km / none found,True,2730.9846300594904,15849.95034332772,15.85
43296,ACEH,KAB. ACEH TENGGARA,Leuser,3.2535978,97.72566393,623281417171795967,,,,,> ~5 km / none found,False,13211.385799033826,15843.11710352788,15.84
90582,PAPUA TENGAH,KAB. PUNCAK JAYA,Torere,-3.46239727,138.20085894,623511609568428031,,,,,> ~5 km / none found,False,15827.234094793357,15827.234094793357,15.83
90258,PAPUA TENGAH,KAB. INTAN JAYA,Homeyo,-3.8723481,136.92813552,623512016816472063,,,,,> ~5 km / none found,False,15821.515392712514,15821.515392712514,15.82
89668,PAPUA PEGUNUNGAN,KAB. PEGUNUNGAN BINTANG,Oklip,-4.74405911,140.7873027,623516571076296703,30.0,,3.96,,> ~5 km / none found,True,3712.586572988226,15820.678213557057,15.82
83310,PAPUA SELATAN,KAB. ASMAT,Der Koumur,-6.18846032,138.7892454,624256218630782975,35.0,,4.62,,> ~5 km / none found,True,4345.237527565017,15807.834483440975,15.81
56047,MALUKU,KAB. KEPULAUAN TANIMBAR,Wuar Labobar,-7.48909417,131.3976903,624107032501616639,,,,,> ~5 km / none found,False,14797.937283241492,15779.088308830465,15.78
89901,PAPUA TENGAH,KAB. PUNCAK JAYA,Lumo,-3.60934954,137.74844559,623511655382482943,,,,,> ~5 km / none found,False,15776.759515560763,15776.759515560763,15.78
91355,PAPUA PEGUNUNGAN,KAB. PEGUNUNGAN BINTANG,Kiwirok,-4.68980885,140.73443823,623516729333579775,,,,,> ~5 km / none found,False,7359.177439380492,15773.730430938307,15.77
52171,ACEH,KAB. PIDIE JAYA,Meurah Dua,4.98335715,96.26858162,623279481230426111,,,,,> ~5 km / none found,False,9439.300670600029,15770.011196420939,15.77
3717,GORONTALO,KAB. BOALEMO,Mananggu,0.74166662,122.126118,623339681839218687,,,,,> ~5 km / none found,False,13263.340007382876,15763.005843770774,15.76
89116,PAPUA PEGUNUNGAN,KAB. PEGUNUNGAN BINTANG,Oksamol,-4.83320596,140.8557558,623516724535721983,,,,,> ~5 km / none found,False,14258.940730375225,15758.907197302864,15.76
16307,KALIMANTAN UTARA,KAB. MALINAU,Malinau Selatan Hulu,2.87724475,116.1503596,623337938052481023,38.0,,5.016,,> ~5 km / none found,True,4449.825837867175,15758.15213384709,15.76
89818,PAPUA PEGUNUNGAN,KAB. YALIMO,Welarek,-3.95957531,139.49023395,623511698543804415,,,,,> ~5 km / none found,False,15746.749847638283,15746.749847638283,15.75
30991,MALUKU,KAB. MALUKU BARAT DAYA,Wetar Barat,-7.88864837,125.8441351,624123709159047167,31.0,,4.092,,> ~5 km / none found,True,4010.3621885581324,15739.629393911266,15.74
88874,PAPUA BARAT DAYA,KAB. TAMBRAUW,Kebar Selatan,-1.01422565,133.31826253,623513431574609919,,,,,> ~5 km / none found,False,15732.822411170231,15732.822411170231,15.73
93147,PAPUA,KAB. BIAK NUMFOR,Aimando Padaido,-5.94234395,139.18395419,624256158915756031,,,,,> ~5 km / none found,False,15727.872068863926,15727.872068863926,15.73
92588,PAPUA SELATAN,KAB. MAPPI,Assue,-5.94234395,139.18395419,624256158915756031,,,,,> ~5 km / none found,False,15727.872068863926,15727.872068863926,15.73
84346,PAPUA SELATAN,KAB. ASMAT,Der Koumur,-6.22943042,138.78135618,624255984200220671,,,,,> ~5 km / none found,False,7940.776358235693,15718.239378537784,15.72
59525,KALIMANTAN TENGAH,KAB. KOTAWARINGIN BARAT,Kumai,-3.28002509,111.9163463,623987836527968255,,,,,> ~5 km / none found,False,15705.5207592843,15705.5207592843,15.71
26946,PAPUA TENGAH,KAB. MIMIKA,Amar,-4.5329262,136.1965207,623513088435486719,,,,,> ~5 km / none found,False,15704.910142270042,15704.910142270042,15.7
85780,PAPUA TENGAH,KAB. PUNCAK,Beoga Barat,-4.03185486,137.25058,623512031489032191,,,,,> ~5 km / none found,False,15700.255686632621,15700.255686632621,15.7
37233,PAPUA TENGAH,KAB. NABIRE,Menou,-3.74257384,135.268355,623511083253399551,,,,,> ~5 km / none found,False,13300.934714536988,15698.56570429741,15.7
92148,PAPUA PEGUNUNGAN,KAB. YALIMO,Welarek,-4.0485643,139.35960729,623511700344897535,,,,,> ~5 km / none found,False,15690.016763757636,15690.016763757636,15.69
91541,PAPUA TENGAH,KAB. PANIAI,Wegee Muka,-3.94654425,136.65274702,623512070748667903,,,,,> ~5 km / none found,False,15610.322504748749,15679.625759405591,15.68
89294,PAPUA TENGAH,KAB. PUNCAK JAYA,Torere,-3.52829362,138.1699143,623511609105645567,,,,,> ~5 km / none found,False,15670.389773217077,15670.389773217077,15.67
59167,KALIMANTAN TIMUR,KAB. KUTAI TIMUR,Sangatta Selatan,0.39820155,117.3320175,623335717052022783,,,,,> ~5 km / none found,False,12616.457861329336,15665.552543746446,15.67
93687,PAPUA PEGUNUNGAN,KAB. TOLIKARA,Wari/Taiyeve II,-3.29725206,138.47231757,623511647285772287,,,,,> ~5 km / none found,False,15653.000936908209,15653.000936908209,15.65
86441,PAPUA BARAT,KAB. TELUK BINTUNI,Biscoop,-1.52203103,133.4543674,623513393341333503,,,,,> ~5 km / none found,False,15644.395279501243,15644.395279501243,15.64
87269,MALUKU UTARA,KAB. HALMAHERA SELATAN,Kasiruta Barat,-0.42322098,127.1624867,623529905112776703,,,,,> ~5 km / none found,False,14899.831965737463,15641.180066543462,15.64
43380,ACEH,KAB. ACEH TENGGARA,Leuser,3.09046622,97.75927085,623281414953893887,,,,,> ~5 km / none found,False,15633.088513940329,15633.088513940329,15.63
86941,PAPUA BARAT DAYA,KAB. MAYBRAT,Aifat Selatan,-1.61842906,132.5610192,623514700013797375,,,,,> ~5 km / none found,False,6916.168162923627,15611.298251089256,15.61
89924,PAPUA TENGAH,KAB. PANIAI,Baya Biru,-3.57730816,136.40522068,623511150705573887,,,,,> ~5 km / none found,False,15605.279006057568,15605.279006057568,15.61
92447,PAPUA PEGUNUNGAN,KAB. YAHUKIMO,Langda,-4.49819145,139.3929081,623511823773368319,,,,,> ~5 km / none found,False,15583.786197184712,15583.786197184712,15.58
21560,MALUKU,KAB. KEPULAUAN ARU,Aru Selatan Timur,-6.52352457,134.4405369,623512372043808767,,,,,> ~5 km / none found,False,15581.556780234578,15581.556780234578,15.58
88904,PAPUA TENGAH,KAB. DOGIYAI,Mapia Tengah,-4.24754849,135.86309485,623511290734772223,,,,,> ~5 km / none found,False,13508.796686425869,15576.648542662486,15.58
86658,PAPUA TENGAH,KAB. PUNCAK,Omukia,-4.06798783,137.4413737,623512028672720895,,,,,> ~5 km / none found,False,15571.236291239084,15571.236291239084,15.57
16125,RIAU,KAB. BENGKALIS,Siak Kecil,1.23569163,101.8882057,623275858295717887,,,,,> ~5 km / none found,False,15569.59646740115,15569.59646740115,15.57
89660,PAPUA PEGUNUNGAN,KAB. YAHUKIMO,Suntamon,-4.87071384,140.02548892,623516996444291071,,,,,> ~5 km / none found,False,15567.89155133387,15567.89155133387,15.57
83064,ACEH,KAB. ACEH JAYA,Setia Bakti,4.97277081,95.76404414,623279089998266367,,,,,> ~5 km / none found,False,13853.532632156883,15554.5377691311,15.55
18819,KALIMANTAN BARAT,KAB. BENGKAYANG,Sungai Raya Kepulauan,0.74466457,108.7195714,623969564507832319,,,,,> ~5 km / none found,False,15329.001295760001,15552.515976631586,15.55
84822,PAPUA TENGAH,KAB. PUNCAK,Agandugume,-4.03890326,137.9382545,623511621010358271,,,,,> ~5 km / none found,False,15548.550352676852,15548.550352676852,15.55
93574,PAPUA SELATAN,KAB. MAPPI,Mambioman Bapai,-6.82960535,139.08664808,624256022403710975,,,,,> ~5 km / none found,False,13498.53659317301,15547.80266870738,15.55
78791,PAPUA TENGAH,KAB. INTAN JAYA,Biandoga,-3.56975319,136.8374272,623512053153562623,,,,,> ~5 km / none found,False,15536.179590541135,15536.179590541135,15.54
92422,PAPUA PEGUNUNGAN,KAB. PEGUNUNGAN BINTANG,Kawor,-5.04311564,140.49432169,623516726229663743,,,,,> ~5 km / none found,False,10832.053425017399,15531.476761507485,15.53
14255,SULAWESI SELATAN,KAB. KEPULAUAN SELAYAR,Taka Bonerate,-6.49421012,121.1336864,624118964276920319,,,,,> ~5 km / none found,False,15525.02272160331,15525.02272160331,15.53
40583,PAPUA TENGAH,KAB. MIMIKA,Agimuga,-4.52402775,137.5314742,623511777634844671,,,,,> ~5 km / none found,False,12581.104279311428,15524.117301661048,15.52
91095,PAPUA PEGUNUNGAN,KAB. JAYAWIJAYA,Trikora,-4.44797986,138.66221584,623511863129243647,,,,,> ~5 km / none found,False,11798.970762878213,15508.692077438265,15.51
14498,MALUKU,KOTA TUAL,Pulau-Pulau Kur,-5.17192078,132.0188009,623512601882132479,,,,,> ~5 km / none found,False,15221.175648465714,15495.84572452184,15.5
93855,PAPUA PEGUNUNGAN,KAB. NDUGA,Pija,-4.48985268,138.76561063,623511814572474367,2.0,,0.264,,> ~5 km / none found,True,334.55487405495404,15492.761854882987,15.49
91031,PAPUA BARAT,KAB. TELUK WONDAMA,Naikere,-3.17775268,134.26211644,623511512649269247,,,,,> ~5 km / none found,False,15471.797242288394,15471.797242288394,15.47
61637,RIAU,KAB. PELALAWAN,Pelalawan,0.43146526,102.3181823,623275867745157119,,,,,> ~5 km / none found,False,15464.937038090726,15464.937038090726,15.46
91096,PAPUA PEGUNUNGAN,KAB. JAYAWIJAYA,Trikora,-4.31608262,138.68149184,623511846330105855,,,,,> ~5 km / none found,False,15462.329831350444,15462.329831350444,15.46
40224,KALIMANTAN UTARA,KAB. MALINAU,Mentarang Hulu,3.93996776,116.336872,623338281121841151,,,,,> ~5 km / none found,False,15454.146105701773,15454.146105701773,15.45
90853,PAPUA SELATAN,KAB. ASMAT,Sawa Erma,-5.03552471,138.35498056,624256207498182655,,,,,> ~5 km / none found,False,15453.986842944794,15453.986842944794,15.45
50079,SULAWESI UTARA,KAB. BOLAANG MONGONDOW,Dumoga Barat,0.5958584,123.7579336,623340513032273919,,,,,> ~5 km / none found,False,14694.197274342785,15443.859708378446,15.44
89931,PAPUA BARAT,KAB. PEGUNUNGAN ARFAK,Catubouw,-1.11846375,133.62233787,623513396344160255,,,,,> ~5 km / none found,False,15414.577315019946,15414.577315019946,15.41
83787,KALIMANTAN TIMUR,KAB. BERAU,Kelay,1.83657738,116.5971903,623338032799481855,,,,,> ~5 km / none found,False,15409.61399898782,15409.61399898782,15.41
90466,PAPUA PEGUNUNGAN,KAB. PEGUNUNGAN BINTANG,Oklip,-4.73489916,140.77531005,623516571135016959,23.0,,3.036,,> ~5 km / none found,True,3013.067894890008,15406.068101786204,15.41
88394,PAPUA SELATAN,KAB. ASMAT,Joutu,-5.5414144,139.4176515,624256112204840959,,,,,> ~5 km / none found,False,15395.272974074744,15395.272974074744,15.4
12468,SUMATERA SELATAN,KAB. BANYUASIN,Banyuasin II,-2.09902476,104.5807194,623969368045158399,,,,,> ~5 km / none found,False,9357.792713871499,15375.904741293532,15.38
85937,PAPUA,KAB. SARMI,Sarmi Timur,-6.82461215,139.91123204,624256276151074815,,,,,> ~5 km / none found,False,15370.410630066393,15370.410630066393,15.37
92526,PAPUA SELATAN,KAB. MAPPI,Venaha,-6.82461215,139.91123204,624256276151074815,,,,,> ~5 km / none found,False,15370.410630066393,15370.410630066393,15.37
77260,PAPUA TENGAH,KAB. PUNCAK,Lambewi,-3.86995072,138.0102876,623511606131195903,,,,,> ~5 km / none found,False,15305.304483300746,15362.116436230332,15.36
91356,PAPUA PEGUNUNGAN,KAB. PEGUNUNGAN BINTANG,Kiwirok,-4.68471722,140.71724919,623516729320800255,,,,,> ~5 km / none found,False,8643.779348451293,15353.678058955202,15.35
87894,PAPUA BARAT DAYA,KAB. TAMBRAUW,Senopi,-0.72961324,132.76135867,623513684189806591,,,,,> ~5 km / none found,False,15348.459553221412,15348.459553221412,15.35
36522,KALIMANTAN TIMUR,KAB. BERAU,Segah,2.32151009,117.1776174,623338122960732159,,,,,> ~5 km / none found,False,7734.59956701891,15345.577652494208,15.35
21702,MALUKU,KAB. MALUKU BARAT DAYA,Wetar Utara,-7.72880808,126.0895492,624123718781075455,,,,,> ~5 km / none found,False,11123.171824648898,15319.97091603831,15.32
93585,PAPUA SELATAN,KAB. ASMAT,Kopay,-6.31323639,138.5799269,624255985013456895,,,,,> ~5 km / none found,False,15303.39932990762,15303.39932990762,15.3
86984,PAPUA BARAT DAYA,KAB. MAYBRAT,Aifat Selatan,-1.54537947,132.5731482,623514697445081087,15.0,,1.98,,> ~5 km / none found,True,2143.327337105036,15296.374170755536,15.3
88284,PAPUA BARAT DAYA,KAB. SORONG,Botain,-1.5552669,131.76257528,623514673654071295,,,,,> ~5 km / none found,False,13552.476789106002,15295.454431271817,15.3
86408,SULAWESI UTARA,KAB. BOLAANG MONGONDOW UTARA,Bolangitang Timur,0.69184899,123.504076,623340516188815359,10.0,,1.32,,> ~5 km / none found,True,1312.1740625981863,15293.03031956638,15.29
84936,PAPUA BARAT,KAB. FAK FAK,Karas,-3.48611733,132.70031932,623514559453462527,,,,,> ~5 km / none found,False,15290.034184928258,15290.034184928258,15.29
89212,PAPUA PEGUNUNGAN,KAB. PEGUNUNGAN BINTANG,Tarup,-5.05918476,140.95714101,623516734549557247,,,,,> ~5 km / none found,False,15284.64895431852,15284.64895431852,15.28
90851,PAPUA SELATAN,KAB. ASMAT,Sawa Erma,-4.87896602,138.258779,623511753517367295,,,,,> ~5 km / none found,False,15277.996345648744,15277.996345648744,15.28
84690,MALUKU UTARA,KAB. HALMAHERA SELATAN,Bacan Barat Utara,-0.4554685,127.4776248,623529885275127807,,,,,> ~5 km / none found,False,5437.5977927472095,15255.576183981897,15.26
90767,PAPUA PEGUNUNGAN,KAB. PEGUNUNGAN BINTANG,Kiwirok,-4.72742742,140.76833592,623516728762531839,25.0,,3.3,,> ~5 km / none found,True,3194.1489185041974,15245.45542180693,15.25
91445,PAPUA PEGUNUNGAN,KAB. YALIMO,Welarek,-4.16336979,139.27514678,623511854459944959,,,,,> ~5 km / none found,False,15245.434054285875,15245.434054285875,15.25
93540,PAPUA PEGUNUNGAN,KAB. NDUGA,Nenggeagin,-4.06756248,138.20148128,623511630290485247,24.0,,3.168,,> ~5 km / none found,True,3221.3077470784892,15238.818000628924,15.24
32246,SUMATERA UTARA,KAB. NIAS BARAT,Sirombu,0.90602017,97.27478832,623281540735205375,,,,,> ~5 km / none found,False,10208.79251642075,15238.019525876045,15.24
44586,MALUKU,KAB. KEPULAUAN ARU,Aru Tengah,-6.31672017,134.4771494,623513169420550143,,,,,> ~5 km / none found,False,15233.479451349665,15233.479451349665,15.23
90808,PAPUA SELATAN,KAB. MERAUKE,Ilwayab,-7.35340548,139.08717452,624256334413594623,,,,,> ~5 km / none found,False,15210.010116580192,15210.010116580192,15.21
90718,PAPUA,KAB. MAMBERAMO RAYA,Mamberamo Tengah Timur,-2.62654893,138.13583214,623512002871263231,,,,,> ~5 km / none found,False,13416.120297171667,15187.75541360082,15.19
51464,PAPUA SELATAN,KAB. ASMAT,Safan,-6.20139067,138.40207279,624256061350969343,,,,,> ~5 km / none found,False,15171.216076962835,15171.216076962835,15.17
92240,PAPUA PEGUNUNGAN,KAB. YAHUKIMO,Kwelamdua,-4.65331747,139.7688381,623516981685321727,,,,,> ~5 km / none found,False,15150.07093153412,15150.07093153412,15.15
90869,PAPUA TENGAH,KAB. PUNCAK JAYA,Yamo,-3.55215583,137.84492565,623511656325119999,,,,,> ~5 km / none found,False,15140.588359457382,15140.588359457382,15.14
92111,PAPUA PEGUNUNGAN,KAB. YAHUKIMO,Lolat,-4.47553896,139.485308,623517018298679295,,,,,> ~5 km / none found,False,15134.068199904494,15134.068199904494,15.13
78679,KALIMANTAN TENGAH,KAB. BARITO SELATAN,Dusun Hilir,-2.06004628,114.7417396,623337233656086527,,,,,> ~5 km / none found,False,15128.445094971074,15128.445094971074,15.13
90693,PAPUA BARAT DAYA,KAB. MAYBRAT,Aifat Timur,-1.7116864,132.64125827,623514727782875135,,,,,> ~5 km / none found,False,7292.413181157842,15126.665920256946,15.13
93083,PAPUA PEGUNUNGAN,KAB. NDUGA,Yal,-4.50746,138.79317,623511814491111423,26.0,,3.432,,> ~5 km / none found,True,3225.6080232177637,15121.833430181596,15.12
90085,PAPUA TENGAH,KAB. PANIAI,Aradide,-3.87340473,136.66040223,623512071493615615,,,,,> ~5 km / none found,False,15121.449766668104,15121.449766668104,15.12
561,PAPUA SELATAN,KAB. ASMAT,Sor Ep,-5.45900891,138.45819609,624256209843683327,,,,,> ~5 km / none found,False,15119.664295136246,15119.664295136246,15.12
73276,PAPUA BARAT,KAB. TELUK BINTUNI,Kuri,-2.50940572,133.8741788,623514430955356159,,,,,> ~5 km / none found,False,15117.554905139838,15117.554905139838,15.12
48963,SUMATERA UTARA,KAB. NIAS SELATAN,Tanah Masa,-0.12738688,98.41779122,623974682509082623,,,,,> ~5 km / none found,False,15086.865807655371,15086.865807655371,15.09
90471,PAPUA BARAT DAYA,KAB. TAMBRAUW,Syujak,-0.6073995,132.31453017,623513719211360255,,,,,> ~5 km / none found,False,15074.125383768816,15074.125383768816,15.07
93654,PAPUA SELATAN,KAB. MAPPI,Obaa,-6.40496348,139.40643703,624255996339585023,,,,,> ~5 km / none found,False,15050.838835558512,15050.838835558512,15.05
6770,SUMATERA SELATAN,KAB. MUSI RAWAS UTARA,Ulu Rawas,-2.98219367,102.3139174,623976407296835583,,,,,> ~5 km / none found,False,15050.38178901469,15050.38178901469,15.05
88299,PAPUA SELATAN,KAB. ASMAT,Aswi,-6.09004092,138.53453937,624256215504977919,,,,,> ~5 km / none found,False,15044.631187854173,15044.631187854173,15.04
45423,KALIMANTAN SELATAN,KAB. HULU SUNGAI TENGAH,Batang Alai Timur,-2.58492159,115.7726063,623336802456535039,,,,,> ~5 km / none found,False,12500.10396019969,15043.84966715316,15.04
92099,PAPUA PEGUNUNGAN,KAB. YAHUKIMO,Lolat,-4.48207999,139.4387504,623511823983116287,,,,,> ~5 km / none found,False,15007.615353365467,15007.615353365467,15.01
73189,ACEH,KAB. PIDIE,Geumpang,4.8871998,96.39187146,623279478260826111,,,,,> ~5 km / none found,False,14997.089341285127,14997.089341285127,15.0
90103,PAPUA TENGAH,KAB. PANIAI,Siriwo,-3.58389325,136.12008393,623511309218512895,,,,,> ~5 km / none found,False,14991.214618057029,14991.214618057029,14.99
93964,PAPUA PEGUNUNGAN,KAB. NDUGA,Mbua Tengah,-4.39876838,138.50746093,623511867179532287,,,,,> ~5 km / none found,False,14324.026459911975,14985.441016574829,14.99
94087,PAPUA PEGUNUNGAN,KAB. TOLIKARA,Egiam,-3.42396834,138.55200272,623511650588557311,,,,,> ~5 km / none found,False,14981.033760585271,14981.033760585271,14.98
89541,PAPUA PEGUNUNGAN,KAB. PEGUNUNGAN BINTANG,Alemsom,-4.82985685,140.21682482,623516990011015167,,,,,> ~5 km / none found,False,14969.227933397775,14969.227933397775,14.97
39340,PAPUA TENGAH,KAB. MIMIKA,Jita,-4.89133601,137.5643626,623511764310917119,,,,,> ~5 km / none found,False,14964.084694718556,14964.084694718556,14.96
88998,PAPUA PEGUNUNGAN,KAB. YAHUKIMO,Holuwon,-4.55155875,139.35350562,623511824082698239,,,,,> ~5 km / none found,False,14955.538773361643,14955.538773361643,14.96
24221,KALIMANTAN BARAT,KAB. SINTANG,Ambalau,0.06473849,112.8384935,623338686456725503,,,,,> ~5 km / none found,False,14197.400626427701,14933.189914248549,14.93
55359,ACEH,KAB. ACEH TIMUR,Serbajadi,4.55416645,97.38503886,623274207249465343,,,,,> ~5 km / none found,False,14932.9694834224,14932.9694834224,14.93
48648,KALIMANTAN BARAT,KAB. KAPUAS HULU,Selimbau,0.81908022,112.1550185,623338480452435967,,,,,> ~5 km / none found,False,14925.54116266809,14925.54116266809,14.93
80432,SULAWESI TENGGARA,KAB. MUNA BARAT,Maginti,-4.97140117,122.1741376,624118935743823871,,,,,> ~5 km / none found,False,14918.985170253434,14918.985170253434,14.92
88825,PAPUA BARAT DAYA,KAB. MAYBRAT,Aifat Timur,-1.65291649,132.69379975,623514711147282431,,,,,> ~5 km / none found,False,14915.603524921362,14915.603524921362,14.92
48215,KALIMANTAN UTARA,KAB. NUNUKAN,Lumbis Ogong,4.29576214,116.6005361,623338263632216063,,,,,> ~5 km / none found,False,14912.28224361769,14912.28224361769,14.91
80627,PAPUA TENGAH,KAB. PUNCAK,Agandugume,-4.02904703,137.9437117,623511620969693183,,,,,> ~5 km / none found,False,14908.85700847504,14908.85700847504,14.91
92780,PAPUA PEGUNUNGAN,KAB. YAHUKIMO,Kayo,-4.3775009,139.16314087,623511855122776063,,,,,> ~5 km / none found,False,14890.817202649007,14890.817202649007,14.89
92410,PAPUA SELATAN,KAB. MAPPI,Obaa,-6.5738617,139.4981217,624256025948487679,,,,,> ~5 km / none found,False,14885.404999973283,14885.404999973283,14.89
90682,PAPUA,KAB. WAROPEN,Risei Sayati,-2.50618927,136.67247856,623513968397058047,,,,,> ~5 km / none found,False,14885.14754012983,14885.14754012983,14.89
90422,PAPUA PEGUNUNGAN,KAB. PEGUNUNGAN BINTANG,Okbibab,-4.65850423,140.5444883,623516975888793599,,,,,> ~5 km / none found,False,14881.937131665885,14881.937131665885,14.88
33395,RIAU,KAB. KAMPAR,Kampar Kiri Hulu,-0.32579799,101.0504287,623974210042462207,,,,,> ~5 km / none found,False,14878.69671084158,14878.69671084158,14.88
62996,ACEH,KAB. ACEH SINGKIL,Pulau Banyak Barat,2.1879023,97.1019055,623281289019686911,,,,,> ~5 km / none found,False,14875.296501677478,14875.296501677478,14.88
92263,PAPUA PEGUNUNGAN,KAB. PEGUNUNGAN BINTANG,Jetfa,-4.05755453,140.56155028,623517007969943551,,,,,> ~5 km / none found,False,5361.287378763508,14860.65320720108,14.86
92839,PAPUA PEGUNUNGAN,KAB. YAHUKIMO,Soba,-4.35624755,139.18601816,623511856880943103,,,,,> ~5 km / none found,False,14844.76063246915,14844.76063246915,14.84
72915,KALIMANTAN TENGAH,KAB. BARITO UTARA,Gunung Purei,-1.29123861,115.6244452,623337070662746111,,,,,> ~5 km / none found,False,14823.586823578524,14843.931435425875,14.84
94086,PAPUA PEGUNUNGAN,KAB. TOLIKARA,Wina,-3.49970031,138.16790431,623511609580650495,,,,,> ~5 km / none found,False,14842.865945891319,14842.865945891319,14.84
88370,PAPUA SELATAN,KAB. MERAUKE,Elikobal,-7.64915288,140.68608836,624255536611393535,,,,,> ~5 km / none found,False,13982.902699318542,14832.088659005049,14.83
79008,KALIMANTAN TIMUR,KAB. MAHAKAM ULU,Long Apari,0.90152498,114.2520047,623335437693452287,,,,,> ~5 km / none found,False,14826.419274114463,14826.419274114463,14.83
85915,PAPUA,KAB. KEEROM,Towe,-4.04051777,140.6271152,623516607557369855,5.0,,0.66,,> ~5 km / none found,True,613.5634534776926,14806.82977885933,14.81
59710,KEPULAUAN RIAU,KAB. LINGGA,Kepulauan Posek,-0.35418865,104.1517628,623969147710767103,,,,,> ~5 km / none found,False,14793.424609580992,14793.424609580992,14.79
7547,SUMATERA UTARA,KAB. LANGKAT,Batang Serangan,3.64113945,97.90202911,623274212707434495,,,,,> ~5 km / none found,False,12819.737129284895,14789.610022983541,14.79
73585,MALUKU,KAB. BURU,Air Buaya,-3.29361399,126.3096175,624122695116259327,,,,,> ~5 km / none found,False,14788.2832812369,14788.2832812369,14.79
91009,PAPUA BARAT,KAB. KAIMANA,Teluk Arguni Atas,-2.84645838,133.84573921,623511506369576959,,,,,> ~5 km / none found,False,11766.959887976273,14774.182758903275,14.77
90938,PAPUA BARAT,KAB. KAIMANA,Teluk Arguni Atas,-2.84645838,133.84573921,623511506369576959,,,,,> ~5 km / none found,False,11766.959887976273,14774.182758903275,14.77
79511,MALUKU,KAB. SERAM BAGIAN BARAT,Taniwel Timur,-2.98968363,128.6389809,624125274766737407,,,,,> ~5 km / none found,False,5911.592206432012,14773.7284792568,14.77
93588,PAPUA SELATAN,KAB. ASMAT,Kolf Braza,-5.13841291,139.68917184,624256128937328639,,,,,> ~5 km / none found,False,14764.481769085152,14764.481769085152,14.76
54755,ACEH,KAB. ACEH TIMUR,Serbajadi,4.31841357,97.39348534,623274205519314943,,,,,> ~5 km / none found,False,14763.117495442568,14763.117495442568,14.76
88402,PAPUA SELATAN,KAB. ASMAT,Betcbamu,-5.72347515,138.24609377,624256180912750591,,,,,> ~5 km / none found,False,14744.103403121595,14744.103403121595,14.74
90465,PAPUA PEGUNUNGAN,KAB. YAHUKIMO,Soloikma,-4.52963511,139.60113485,623516985838108671,,,,,> ~5 km / none found,False,14742.421175811143,14742.421175811143,14.74
33263,SULAWESI BARAT,KAB. PASANGKAYU,Duripoku,-1.59789097,119.5797304,623340822690201599,,,,,> ~5 km / none found,False,13031.786557123125,14729.541698815292,14.73
93555,PAPUA SELATAN,KAB. MAPPI,Edera,-7.26675554,139.41968729,624256260233986047,,,,,> ~5 km / none found,False,14718.846236742365,14718.846236742365,14.72
48670,SULAWESI TENGAH,KAB. BANGGAI LAUT,Bokan Kepulauan,-1.93027146,123.6487701,623341392745267199,,,,,> ~5 km / none found,False,14712.0390697409,14712.0390697409,14.71
92452,PAPUA PEGUNUNGAN,KAB. YAHUKIMO,Samenage,-4.38357055,138.99713349,623511815895187455,,,,,> ~5 km / none found,False,9525.8348183509,14710.024935609914,14.71
72190,SULAWESI TENGAH,KAB. MOROWALI,Bahodopi,-2.90571285,121.9889247,624120859552481279,9.0,,1.188,,> ~5 km / none found,True,1130.674177301292,14689.98825258323,14.69
92427,PAPUA PEGUNUNGAN,KAB. PEGUNUNGAN BINTANG,Jetfa,-4.03350299,140.61228852,623516607632211967,8.0,,1.056,,> ~5 km / none found,True,979.1674275558803,14687.339247804537,14.69
74223,KALIMANTAN UTARA,KAB. NUNUKAN,Lumbis Pansiangan,4.2801837,116.2606483,623327671900897279,0.0,,0.0,,> ~5 km / none found,True,50.502216882649996,14685.451130296104,14.69
67701,ACEH,KAB. ACEH TENGGARA,Babussalam,3.478215,97.61907513,623274225921196031,,,,,> ~5 km / none found,False,14214.297951801173,14684.21488287007,14.68
24446,KALIMANTAN BARAT,KAB. SINTANG,Ambalau,0.09214353,112.5952251,623338671397994495,,,,,> ~5 km / none found,False,11627.552784962867,14677.925271082517,14.68
14744,KALIMANTAN UTARA,KAB. MALINAU,Bahau Hulu,3.00377856,115.7221263,623338176488767487,,,,,> ~5 km / none found,False,14665.599499415464,14665.599499415464,14.67
90164,PAPUA PEGUNUNGAN,KAB. YALIMO,Welarek,-3.9539937,139.62402182,623511699646414847,,,,,> ~5 km / none found,False,14662.582167126899,14662.582167126899,14.66
69500,ACEH,KAB. NAGAN RAYA,Darul Makmur,4.19625919,96.63754321,623279352395268095,,,,,> ~5 km / none found,False,14661.865551206962,14661.865551206962,14.66
43297,ACEH,KAB. ACEH TENGGARA,Leuser,3.06824249,97.77987816,623281415456456703,,,,,> ~5 km / none found,False,14655.499735085501,14655.499735085501,14.66
11154,SULAWESI TENGAH,KAB. TOJO UNA UNA,Tojo,-1.26315691,121.382122,623340882345361407,,,,,> ~5 km / none found,False,14370.700903967325,14638.929011699802,14.64
92781,PAPUA PEGUNUNGAN,KAB. YAHUKIMO,Kayo,-4.38798282,139.14043802,623511855105540095,,,,,> ~5 km / none found,False,14634.669946585267,14634.669946585267,14.63
80241,JAMBI,KAB. BATANG HARI,Batin XXIV,-1.83302032,102.8026404,623969083336982527,26.0,,3.432,,> ~5 km / none found,True,3223.315896497004,14634.446242477277,14.63
59596,PAPUA,KAB. BIAK NUMFOR,Padaido,-1.21437973,136.43545847,623514226824445951,,,,,> ~5 km / none found,False,14627.424307883317,14627.424307883317,14.63
38410,GORONTALO,KAB. POHUWATO,Wanggarasi,0.73587729,121.6494202,623339668420984831,,,,,> ~5 km / none found,False,14626.77795534729,14626.77795534729,14.63
89420,PAPUA TENGAH,KAB. PUNCAK JAYA,Torere,-3.50431765,138.16543324,623511609581076479,,,,,> ~5 km / none found,False,14625.982242044616,14625.982242044616,14.63
91243,PAPUA BARAT DAYA,KAB. SORONG SELATAN,Kokoda,-2.09046215,132.39592774,623514401507508223,,,,,> ~5 km / none found,False,10017.808775332902,14619.121951953613,14.62
89622,PAPUA BARAT DAYA,KAB. TAMBRAUW,Manekar,-0.98215319,133.14908307,623513694420664319,,,,,> ~5 km / none found,False,14602.53104307643,14602.53104307643,14.6
67148,MALUKU UTARA,KAB. HALMAHERA SELATAN,Kasiruta Barat,-0.50941978,127.1680056,623529904504143871,,,,,> ~5 km / none found,False,13931.40546548307,14602.177845647544,14.6
92683,PAPUA PEGUNUNGAN,KAB. YAHUKIMO,Samenage,-4.39478472,139.05014547,623511855754674175,,,,,> ~5 km / none found,False,10119.066985418815,14596.707488724487,14.6
81121,KALIMANTAN UTARA,KAB. BULUNGAN,Sekatak,3.34339167,116.8901848,623338256635297791,,,,,> ~5 km / none found,False,14591.848391014948,14591.848391014948,14.59
36218,SULAWESI TENGAH,KAB. TOJO UNA UNA,Tojo Barat,-1.61580217,120.9950931,623340866703425535,1.0,,0.132,,> ~5 km / none found,True,90.94520850812994,14589.509119539607,14.59
92394,PAPUA PEGUNUNGAN,KAB. NDUGA,Yal,-4.5076016,138.7841433,623511814503792639,20.0,,2.64,,> ~5 km / none found,True,2630.1186688845573,14582.718835213163,14.58
74321,KALIMANTAN TENGAH,KAB. KOTAWARINGIN TIMUR,Bukit Santuai,-1.52310852,112.1979092,623336529267326975,,,,,> ~5 km / none found,False,10305.653707742971,14575.987546889668,14.58
93981,PAPUA PEGUNUNGAN,KAB. TOLIKARA,Egiam,-3.42154369,138.52324673,623511650364588031,,,,,> ~5 km / none found,False,14573.455182935182,14573.455182935182,14.57
91516,PAPUA PEGUNUNGAN,KAB. YALIMO,Welarek,-4.14422158,139.25602322,623511858536677375,,,,,> ~5 km / none found,False,14542.982121402025,14542.982121402025,14.54
82497,MALUKU,KAB. SERAM BAGIAN TIMUR,Kilmury,-3.5475437,130.5088804,624123313967890431,,,,,> ~5 km / none found,False,14288.43020623719,14540.720227328613,14.54
55442,KALIMANTAN TENGAH,KAB. PULANG PISAU,Sebangau Kuala,-2.74726819,113.8718643,623336438463397887,,,,,> ~5 km / none found,False,14534.257766094028,14534.257766094028,14.53
48276,NUSA TENGGARA TIMUR,KAB. MANGGARAI BARAT,Komodo,-8.49989289,119.7237899,624120049517232127,33.0,,4.356,,> ~5 km / none found,True,3879.9338862105956,14527.132439351062,14.53
84941,PAPUA BARAT,KAB. FAK FAK,Fakfak Timur Tengah,-2.96662216,132.6020079,623514599153598463,,,,,> ~5 km / none found,False,11311.252675448593,14525.252173508705,14.53
89772,PAPUA PEGUNUNGAN,KAB. PEGUNUNGAN BINTANG,Pepera,-4.8968988,140.85625446,623516738880143359,,,,,> ~5 km / none found,False,14523.907233778747,14523.907233778747,14.52
93844,PAPUA PEGUNUNGAN,KAB. NDUGA,Mebarok,-4.19281299,138.23900794,623511632333733887,,,,,> ~5 km / none found,False,14514.830514914838,14514.830514914838,14.51
56488,PAPUA,KAB. BIAK NUMFOR,Padaido,-1.2080948,136.44120887,623514226823757823,,,,,> ~5 km / none found,False,14513.057173602807,14513.057173602807,14.51
91323,PAPUA PEGUNUNGAN,KAB. PEGUNUNGAN BINTANG,Kawor,-5.22153052,140.55171673,623516741920063487,,,,,> ~5 km / none found,False,14512.517184422495,14512.517184422495,14.51
92453,PAPUA PEGUNUNGAN,KAB. YAHUKIMO,Sela,-4.57487996,139.69608305,623516985958563839,,,,,> ~5 km / none found,False,14503.008118219504,14503.008118219504,14.5
88313,PAPUA SELATAN,KAB. ASMAT,Aswi,-6.06498437,138.6992753,624256214432612351,,,,,> ~5 km / none found,False,14498.902796388307,14498.902796388307,14.5
91239,PAPUA PEGUNUNGAN,KAB. YALIMO,Welarek,-4.11261826,139.22952866,623511858166497279,,,,,> ~5 km / none found,False,14491.544695814266,14491.544695814266,14.49
93082,PAPUA PEGUNUNGAN,KAB. NDUGA,Yal,-4.49995,138.76643,623511814601670655,10.0,,1.32,,> ~5 km / none found,True,1399.9135039337305,14481.548911377418,14.48
93422,PAPUA PEGUNUNGAN,KAB. TOLIKARA,Gundagi,-3.41702668,138.25196093,623511653502320639,,,,,> ~5 km / none found,False,14465.154536701195,14465.154536701195,14.47
56115,PAPUA,KAB. BIAK NUMFOR,Padaido,-1.25437897,136.37587722,623513979384889343,,,,,> ~5 km / none found,False,14455.27698450691,14455.27698450691,14.46
84657,PAPUA BARAT,KAB. TELUK BINTUNI,Kaitaro,-2.73603861,133.8103743,623511506498519039,,,,,> ~5 km / none found,False,5902.649930060267,14453.072225773765,14.45
71362,KALIMANTAN UTARA,KAB. BULUNGAN,Sekatak,3.13473091,116.987721,623338252751667199,,,,,> ~5 km / none found,False,14450.300661483592,14450.300661483592,14.45
86281,MALUKU UTARA,KAB. HALMAHERA SELATAN,Kasiruta Barat,-0.45579897,127.1676982,623529905087643647,,,,,> ~5 km / none found,False,14013.510028864364,14433.83633219523,14.43
46650,ACEH,KAB. GAYO LUES,Dabun Gelang,3.89911949,97.66457244,623274178608758783,,,,,> ~5 km / none found,False,14433.368316847327,14433.368316847327,14.43
55892,KALIMANTAN TENGAH,KAB. KAPUAS,Mantangai,-2.34607605,114.4053601,623337250147663871,,,,,> ~5 km / none found,False,14424.717930233568,14424.717930233568,14.42
93672,PAPUA PEGUNUNGAN,KAB. YAHUKIMO,Ubahak,-3.95748664,139.671979,623517005201342463,,,,,> ~5 km / none found,False,14424.527267640904,14424.527267640904,14.42
61485,SULAWESI TENGAH,KAB. MOROWALI UTARA,Bungku Utara,-1.9322778,121.5493611,624121113937510399,,,,,> ~5 km / none found,False,14423.508260428966,14423.508260428966,14.42
93039,PAPUA PEGUNUNGAN,KAB. YAHUKIMO,Kwikma,-4.33497395,139.21934024,623511856856727551,,,,,> ~5 km / none found,False,14409.568433158141,14409.568433158141,14.41
85151,SUMATERA UTARA,KAB. NIAS SELATAN,Pulau-Pulau Batu Utara,-0.06882778,98.42734124,623974648983683071,,,,,> ~5 km / none found,False,14404.814366201435,14404.814366201435,14.4
92198,PAPUA PEGUNUNGAN,KAB. YAHUKIMO,Kwelamdua,-4.75090523,139.81077666,623516981113192447,,,,,> ~5 km / none found,False,14401.75230050275,14401.75230050275,14.4
87374,ACEH,KAB. GAYO LUES,Pining,4.0344175,97.73988276,623274178113798143,,,,,> ~5 km / none found,False,14396.940928562673,14396.940928562673,14.4
52441,RIAU,KAB. PELALAWAN,Pelalawan,0.43280805,102.2631776,623275866940669951,,,,,> ~5 km / none found,False,14395.733298615909,14395.733298615909,14.4
92670,PAPUA SELATAN,KAB. MERAUKE,Kimaam,-7.83363051,138.72087571,624256366307934207,,,,,> ~5 km / none found,False,14394.374617776659,14394.374617776659,14.39
22469,MALUKU,KAB. MALUKU TENGAH,Seram Utara,-3.03085406,129.5160513,624125392203186175,,,,,> ~5 km / none found,False,14387.976506330015,14387.976506330015,14.39
89871,PAPUA PEGUNUNGAN,KAB. PEGUNUNGAN BINTANG,Kiwirok,-4.71664798,140.74834649,623516728749752319,32.0,,4.224,,> ~5 km / none found,True,4094.85205349019,14377.362877956133,14.38
90625,PAPUA PEGUNUNGAN,KAB. PEGUNUNGAN BINTANG,Kiwirok,-4.71167296,140.74267789,623516728828067839,36.0,,4.752,,> ~5 km / none found,True,4778.442123873295,14363.672431372848,14.36
89103,PAPUA,KAB. WAROPEN,Demba,-2.4287778,136.77112558,623513968720871423,,,,,> ~5 km / none found,False,14341.166338968953,14341.166338968953,14.34
71316,SULAWESI SELATAN,KAB. LUWU TIMUR,Mangkutana,-2.20278882,120.5915221,624121046052700159,,,,,> ~5 km / none found,False,8844.448211086328,14336.46693405639,14.34
38460,ACEH,KAB. GAYO LUES,Blangjerango,3.88587446,97.17030216,623274191969976319,,,,,> ~5 km / none found,False,12493.232075212814,14331.517819131233,14.33
87104,PAPUA BARAT DAYA,KAB. SORONG,Bagun,-1.31830648,131.5720863,623514670804074495,,,,,> ~5 km / none found,False,5721.888519648128,14320.031317494868,14.32
48067,KEPULAUAN RIAU,KAB. BINTAN,Bintan Pesisir,0.99447507,104.8230105,623970200035655679,,,,,> ~5 km / none found,False,10848.558691529779,14316.921916696649,14.32
79285,SUMATERA UTARA,KAB. NIAS SELATAN,Pulau-Pulau Batu Barat,-0.53125971,98.35308963,623974530735636479,,,,,> ~5 km / none found,False,4836.811303267839,14315.645814314661,14.32
79230,PAPUA TENGAH,KAB. PUNCAK,Erelmakawia,-4.13104103,137.5451919,623512028165767167,,,,,> ~5 km / none found,False,13171.845734725799,14311.190188856359,14.31
80686,PAPUA TENGAH,KAB. PUNCAK,Beoga,-3.9662372,137.3806259,623512024903122943,,,,,> ~5 km / none found,False,14306.497095457878,14306.497095457878,14.31
44841,KALIMANTAN TIMUR,KAB. KUTAI TIMUR,Muara Wahau,1.27973732,116.7481779,623335991795843071,,,,,> ~5 km / none found,False,14301.18944625095,14301.18944625095,14.3
44745,KALIMANTAN TENGAH,KAB. KATINGAN,Petak Malai,-0.69879604,112.8934948,623338665408561151,,,,,> ~5 km / none found,False,14300.047978201203,14300.047978201203,14.3
92770,PAPUA SELATAN,KAB. MERAUKE,Animha,-1.2528617,136.3756871,623513979384791039,,,,,> ~5 km / none found,False,14293.867550627572,14293.867550627572,14.29
21434,KALIMANTAN UTARA,KAB. TANA TIDUNG,Sesayap Hilir,3.53335261,117.3289862,623338236505686015,,,,,> ~5 km / none found,False,14292.811418144325,14292.811418144325,14.29
88743,PAPUA TENGAH,KAB. PUNCAK JAYA,Torere,-3.36367577,138.07206248,623511641808666623,,,,,> ~5 km / none found,False,14276.587261034914,14276.587261034914,14.28
92085,PAPUA PEGUNUNGAN,KAB. YALIMO,Welarek,-4.04183048,139.3241015,623511701089320959,,,,,> ~5 km / none found,False,14275.794783512101,14275.794783512101,14.28
74767,PAPUA,KAB. BIAK NUMFOR,Padaido,-1.253831,136.3730851,623513979381940223,,,,,> ~5 km / none found,False,14273.899306447543,14273.899306447543,14.27
89246,PAPUA PEGUNUNGAN,KAB. PEGUNUNGAN BINTANG,Okhika,-4.68345993,140.6812166,623516728697257983,,,,,> ~5 km / none found,False,11235.875923454387,14270.383346054494,14.27
29273,MALUKU,KAB. MALUKU BARAT DAYA,Wetar Barat,-7.93330135,125.8691556,624123708625289215,35.0,,4.62,,> ~5 km / none found,True,4729.270450846316,14263.200481044983,14.26
86588,SUMATERA UTARA,KAB. NIAS BARAT,Sirombu,0.82198131,97.35269379,623281544975187967,0.0,,0.0,,> ~5 km / none found,True,16.306351100926957,14261.754901104316,14.26
91325,PAPUA PEGUNUNGAN,KAB. PEGUNUNGAN BINTANG,Kawor,-5.04400658,140.54229659,623516725430681599,,,,,> ~5 km / none found,False,14256.631787226297,14256.631787226297,14.26
63033,RIAU,KAB. PELALAWAN,Teluk Meranti,0.37515035,102.3973016,623276114111266815,,,,,> ~5 km / none found,False,14252.902108794984,14252.902108794984,14.25
86222,PAPUA TENGAH,KAB. MIMIKA,Mimika Barat Jauh,-4.27911037,135.50529867,623511281653415935,,,,,> ~5 km / none found,False,8629.670276465798,14252.12592017054,14.25
18456,KALIMANTAN UTARA,KAB. TANA TIDUNG,Sesayap Hilir,3.40818246,117.2168793,623338251458117631,,,,,> ~5 km / none found,False,14250.507669319046,14250.507669319046,14.25
88398,PAPUA SELATAN,KAB. ASMAT,Betcbamu,-5.78741521,138.26421741,624256224560545791,,,,,> ~5 km / none found,False,14244.224613536955,14244.224613536955,14.24
90809,PAPUA SELATAN,KAB. ASMAT,Kolf Braza,-5.10240547,139.64707986,624256143283322879,,,,,> ~5 km / none found,False,14243.896375720893,14243.896375720893,14.24
87102,PAPUA BARAT DAYA,KAB. SORONG,Bagun,-1.2861669,131.5593149,623514675993051135,30.0,,3.96,,> ~5 km / none found,True,3726.7377261338265,14242.124862432769,14.24
183,BENGKULU,KAB. KAUR,Padang Guci Hulu,-4.33703021,103.2957659,623976448622231551,,,,,> ~5 km / none found,False,14238.774383009031,14238.774383009031,14.24
89542,PAPUA TENGAH,KAB. INTAN JAYA,Agisiga,-3.5845392,136.97728346,623512053734801407,,,,,> ~5 km / none found,False,14225.133852909006,14225.133852909006,14.23
94037,PAPUA PEGUNUNGAN,KAB. TOLIKARA,Wina,-3.45675291,138.15919866,623511609615253503,,,,,> ~5 km / none found,False,14222.661410689212,14222.661410689212,14.22
93447,PAPUA BARAT,KAB. TELUK BINTUNI,Kuri,-2.80375843,134.16956719,623511349596225535,,,,,> ~5 km / none found,False,14219.527083347039,14219.527083347039,14.22
49560,ACEH,KAB. ACEH TENGGARA,Tanoh Alas,3.35458827,97.69913413,623281412812210175,,,,,> ~5 km / none found,False,10830.603768813793,14209.885392884466,14.21
35903,ACEH,KAB. BIREUEN,Peulimbang,4.99620212,96.49668739,623279480049860607,,,,,> ~5 km / none found,False,10725.014567642555,14203.766692495574,14.2
89625,PAPUA SELATAN,KAB. BOVEN DIGOEL,Kawagit,-5.64307724,140.0648382,624256166438764543,,,,,> ~5 km / none found,False,14203.503428952177,14203.503428952177,14.2
91147,PAPUA PEGUNUNGAN,KAB. PEGUNUNGAN BINTANG,Awinbon,-5.02625104,140.34502303,623516746681057279,10.0,,1.32,,> ~5 km / none found,True,1272.1844724420193,14198.253482275384,14.2
92177,PAPUA PEGUNUNGAN,KAB. YAHUKIMO,Hilipuk,-4.58280358,139.34895574,623511819125129215,,,,,> ~5 km / none found,False,14197.380367668837,14197.380367668837,14.2
91291,PAPUA PEGUNUNGAN,KAB. YALIMO,Apalapsili,-4.04003042,139.23133619,623511858896470015,,,,,> ~5 km / none found,False,14196.121658474052,14196.121658474052,14.2
80196,RIAU,KAB. SIAK,Sungai Mandau,1.07112264,101.7863639,623275842385674239,,,,,> ~5 km / none found,False,14139.428286048053,14187.186245007611,14.19
58005,ACEH,KAB. ACEH TENGGARA,Babussalam,3.48658473,97.61889569,623274225909923839,,,,,> ~5 km / none found,False,14072.096412802759,14185.820455596124,14.19
78810,KALIMANTAN TIMUR,KAB. BERAU,Kelay,1.60891784,117.3688154,623338118460112895,,,,,> ~5 km / none found,False,14180.652536120386,14180.652536120386,14.18
93421,PAPUA PEGUNUNGAN,KAB. TOLIKARA,Gundagi,-3.39740885,138.29719631,623511653269274623,,,,,> ~5 km / none found,False,14178.845932083314,14178.845932083314,14.18
92404,PAPUA PEGUNUNGAN,KAB. YAHUKIMO,Kosarek,-0.613125,132.43029,623513687276322815,,,,,> ~5 km / none found,False,13026.915912784149,14178.566322555158,14.18
89337,PAPUA PEGUNUNGAN,KAB. PEGUNUNGAN BINTANG,Oklip,-4.74608598,140.76917139,623516571139604479,14.0,,1.848,,> ~5 km / none found,True,1744.8622216865335,14178.437480169037,14.18
93087,PAPUA PEGUNUNGAN,KAB. NDUGA,Wusi,-4.4058476,138.49672912,623511867214364671,,,,,> ~5 km / none found,False,13486.694785992762,14177.047175243393,14.18
45205,SULAWESI TENGGARA,KAB. KOLAKA UTARA,Wawo,-3.61493909,121.1833822,624120750410956799,,,,,> ~5 km / none found,False,12491.98588882086,14169.361455319182,14.17
82367,PAPUA TENGAH,KAB. PUNCAK,Amungkalpia,-4.05534781,137.8641138,623511621295865855,,,,,> ~5 km / none found,False,14155.90188489712,14155.90188489712,14.16
36195,ACEH,KAB. GAYO LUES,Blangpegayon,3.82834624,97.27532589,623274192692969471,,,,,> ~5 km / none found,False,13024.71592400368,14153.629425736302,14.15
85654,SUMATERA UTARA,KAB. NIAS BARAT,Sirombu,0.8280433,97.3434261,623281541125570559,8.0,,1.056,,> ~5 km / none found,True,1144.6160337707727,14153.542085515377,14.15
86059,SULAWESI UTARA,KAB. BOLAANG MONGONDOW UTARA,Bolangitang Timur,0.66546616,123.449776,623341563423653887,,,,,> ~5 km / none found,False,6137.7679988061545,14153.253118106788,14.15
93718,PAPUA BARAT DAYA,KAB. RAJA AMPAT,Misool (Misool Utara),-1.87873019,130.03783078,624125206967025663,,,,,> ~5 km / none found,False,12452.97426743045,14141.19892941791,14.14
84431,MALUKU,KAB. SERAM BAGIAN TIMUR,Kilmury,-3.58469682,130.5876142,624123325198335999,,,,,> ~5 km / none found,False,11666.616535526882,14139.469727128657,14.14
53883,SULAWESI TENGGARA,KAB. KOLAKA TIMUR,Ueesi,-3.61024555,121.3696538,624120763412807679,,,,,> ~5 km / none found,False,13689.184266283632,14138.20431652316,14.14
92209,PAPUA SELATAN,KAB. MERAUKE,Kimaam,-8.19129893,138.87029349,624256357117624319,,,,,> ~5 km / none found,False,14137.19424058011,14137.19424058011,14.14
26993,SULAWESI TENGAH,KAB. BANGGAI,Nuhon,-1.11323396,122.1521379,623341597423337471,,,,,> ~5 km / none found,False,13575.324974536896,14125.86351316801,14.13
92413,PAPUA,KAB. BIAK NUMFOR,Yendidori,-5.5634405,140.38761395,623516710800785407,,,,,> ~5 km / none found,False,14123.246709061335,14123.246709061335,14.12
89618,PAPUA PEGUNUNGAN,KAB. PEGUNUNGAN BINTANG,Oksamol,-4.794949,140.82121567,623516724981563391,,,,,> ~5 km / none found,False,8678.359113655233,14116.363324729893,14.12
92796,PAPUA SELATAN,KAB. ASMAT,Pulau Tiga,-2.35540608,134.50886498,623511344708681727,,,,,> ~5 km / none found,False,14116.31341283725,14116.31341283725,14.12
87247,PAPUA,KAB. SUPIORI,Kepulauan Aruri,-0.87820094,135.4464304,623514266591199231,,,,,> ~5 km / none found,False,14115.290871336445,14115.290871336445,14.12
87845,PAPUA BARAT DAYA,KAB. TAMBRAUW,Tinggouw,-0.66182412,132.56514043,623513688104566783,,,,,> ~5 km / none found,False,14108.135569023498,14108.135569023498,14.11
90654,PAPUA BARAT DAYA,KAB. TAMBRAUW,Manekar,-0.96173895,133.1213719,623513694306238463,,,,,> ~5 km / none found,False,14087.57944718452,14087.57944718452,14.09
67511,PAPUA BARAT,KAB. FAK FAK,Fak-Fak Timur,-3.11464622,132.75059691,623514594371829759,35.0,,4.62,,> ~5 km / none found,True,4325.092990217234,14081.361204211358,14.08
89350,PAPUA BARAT DAYA,KAB. SORONG SELATAN,Matemani,-1.9522663,132.13109805,623514713515261951,,,,,> ~5 km / none found,False,11378.279895014031,14080.995462195011,14.08
89374,PAPUA PEGUNUNGAN,KAB. YALIMO,Abenaho,-3.62350609,139.38199754,623511675687763967,,,,,> ~5 km / none found,False,13818.61730953918,14076.04701100092,14.08
53630,SULAWESI SELATAN,KAB. LUWU UTARA,Masamba,-2.31463475,120.2767801,624121060200185855,,,,,> ~5 km / none found,False,14071.691870872992,14071.691870872992,14.07
13831,MALUKU UTARA,KAB. PULAU MOROTAI,Morotai Selatan Barat,2.24964568,128.4104881,623530139176992767,,,,,> ~5 km / none found,False,13128.767459074474,14054.34976493132,14.05
88448,PAPUA SELATAN,KAB. ASMAT,Koroway Buluanop,-5.12436455,139.89652966,624256127633686527,,,,,> ~5 km / none found,False,14050.413076068771,14050.413076068771,14.05
89158,PAPUA PEGUNUNGAN,KAB. PEGUNUNGAN BINTANG,Borme,-4.06929465,140.33568908,623517006754545663,,,,,> ~5 km / none found,False,14044.961849902726,14044.961849902726,14.04
83829,PAPUA TENGAH,KAB. PUNCAK,Agandugume,-4.03370208,137.917927,623511620956880895,,,,,> ~5 km / none found,False,14034.969528190124,14034.969528190124,14.03
90300,PAPUA BARAT DAYA,KAB. TAMBRAUW,Manekar,-0.98708558,133.05761621,623513695038406655,,,,,> ~5 km / none found,False,14030.72902273345,14030.72902273345,14.03
81565,PAPUA BARAT DAYA,KAB. SORONG SELATAN,Inanwatan,-2.1514044,132.292241,623514399879266303,,,,,> ~5 km / none found,False,12460.193499431993,14028.903888213132,14.03
82406,PAPUA SELATAN,KAB. ASMAT,Jetsy,-5.53429245,138.36228441,624256182396256255,,,,,> ~5 km / none found,False,14022.886438109183,14022.886438109183,14.02
86639,PAPUA TENGAH,KAB. PUNCAK,Beoga Timur,-3.68914566,137.3579577,623512062156963839,,,,,> ~5 km / none found,False,14022.201935942057,14022.201935942057,14.02
94052,PAPUA PEGUNUNGAN,KAB. TOLIKARA,Wina,-3.56298556,138.21163513,623511609504595967,,,,,> ~5 km / none found,False,14017.836470098615,14017.836470098615,14.02
93086,PAPUA PEGUNUNGAN,KAB. NDUGA,Yal,-4.50535,138.76843,623511814600949759,15.0,,1.98,,> ~5 km / none found,True,1931.4787713516557,14015.864685322977,14.02
57343,KALIMANTAN UTARA,KAB. BULUNGAN,Tanjung Palas Tengah,2.88168597,117.6365765,623337950966677503,,,,,> ~5 km / none found,False,14011.034842055851,14011.034842055851,14.01
80682,PAPUA TENGAH,KAB. PUNCAK JAYA,Fawi,-3.13737368,137.5782741,623511905023655935,,,,,> ~5 km / none found,False,13998.733816097716,13998.733816097716,14.0
87517,MALUKU UTARA,KAB. HALMAHERA SELATAN,Kepulauan Joronga,-1.01105454,128.3628239,624125412088283135,,,,,> ~5 km / none found,False,13992.276195230583,13992.276195230583,13.99
91759,PAPUA PEGUNUNGAN,KAB. PEGUNUNGAN BINTANG,Alemsom,-4.86497157,140.1519637,623516989848518655,,,,,> ~5 km / none found,False,13984.542444603838,13984.542444603838,13.98
41470,ACEH,KAB. ACEH TENGGARA,Tanoh Alas,3.36860374,97.69587649,623281412727046143,,,,,> ~5 km / none found,False,10173.199435864912,13973.783204872,13.97
89462,PAPUA TENGAH,KAB. DOGIYAI,Dogiyai,-4.16987868,135.9368079,623511263347802111,,,,,> ~5 km / none found,False,13967.284132065464,13967.284132065464,13.97
94063,PAPUA PEGUNUNGAN,KAB. TOLIKARA,Dundu,-3.39887743,138.39178934,623511646875910143,,,,,> ~5 km / none found,False,13966.526324170092,13966.526324170092,13.97
89735,PAPUA TENGAH,KAB. INTAN JAYA,Wandai,-3.60236541,136.55781574,623512073445015551,25.0,,3.3,,> ~5 km / none found,True,3097.650224167014,13966.342993420494,13.97
88184,PAPUA BARAT DAYA,KAB. MAYBRAT,Aifat Timur Jauh,-1.19897923,132.74436888,623514738978422783,,,,,> ~5 km / none found,False,13961.708150137154,13961.708150137154,13.96
88201,PAPUA BARAT DAYA,KAB. MAYBRAT,Aifat Timur Jauh,-1.2159139,132.79770908,623514739116507135,,,,,> ~5 km / none found,False,13954.852641292626,13954.852641292626,13.95
89800,PAPUA TENGAH,KAB. PUNCAK JAYA,Torere,-3.49186191,138.20858233,623511609780043775,,,,,> ~5 km / none found,False,13954.524790884228,13954.524790884228,13.95
92428,PAPUA PEGUNUNGAN,KAB. NDUGA,Yal,-4.50929,138.775381,623511814595051519,18.0,,2.376,,> ~5 km / none found,True,2408.2545213149833,13952.084286343988,13.95
88399,PAPUA SELATAN,KAB. ASMAT,Betcbamu,-5.94846161,138.48175018,624256217455329279,,,,,> ~5 km / none found,False,13951.40279194794,13951.40279194794,13.95
88728,PAPUA BARAT,KAB. KAIMANA,Teluk Arguni Bawah,-3.28590978,133.52138078,623511517788504063,32.0,,4.224,,> ~5 km / none found,True,4224.314558890534,13941.050519589473,13.94
82695,PAPUA BARAT DAYA,KAB. SORONG SELATAN,Kais Darat,-1.75052165,132.0467909,623514717499719679,,,,,> ~5 km / none found,False,13940.968643117832,13940.968643117832,13.94
93203,PAPUA PEGUNUNGAN,KAB. NDUGA,Wusi,-4.36925427,138.46935036,623511867066253311,,,,,> ~5 km / none found,False,13937.578882219408,13937.578882219408,13.94
36806,KEPULAUAN RIAU,KAB. KARIMUN,Durai,0.62060748,103.686451,623276044896993279,6.0,,0.792,,> ~5 km / none found,True,683.8535874151495,13919.204497871548,13.92
92431,PAPUA PEGUNUNGAN,KAB. YAHUKIMO,Samenage,-4.38432899,139.02559976,623511855710175231,,,,,> ~5 km / none found,False,9932.864031248113,13916.954626762543,13.92
93784,PAPUA PEGUNUNGAN,KAB. YAHUKIMO,Kurima,-4.34411165,138.9435236,623511859492061183,,,,,> ~5 km / none found,False,13495.11870431026,13913.483911591084,13.91
92803,PAPUA PEGUNUNGAN,KAB. YAHUKIMO,Kayo,-4.36210912,139.16827636,623511856884613119,,,,,> ~5 km / none found,False,13908.011466759033,13908.011466759033,13.91
92524,PAPUA SELATAN,KAB. MAPPI,Obaa,-6.3802184,139.3587138,624255996280078335,,,,,> ~5 km / none found,False,13907.270442721754,13907.270442721754,13.91
51830,ACEH,KAB. ACEH TENGGARA,Ketambe,3.72990285,97.79986851,623274215463026687,,,,,> ~5 km / none found,False,13351.634201057459,13895.519598460352,13.9
89359,PAPUA PEGUNUNGAN,KAB. YAHUKIMO,Lolat,-4.51328391,139.39809389,623511823804956671,,,,,> ~5 km / none found,False,13895.477900262787,13895.477900262787,13.9
54917,ACEH,KAB. ACEH TIMUR,Serbajadi,4.44975045,97.38968383,623274207616794623,,,,,> ~5 km / none found,False,13892.566343367796,13892.566343367796,13.89
74265,PAPUA TENGAH,KAB. PUNCAK,Erelmakawia,-4.1573729,137.7029463,623511623876902911,,,,,> ~5 km / none found,False,13886.285360865835,13886.285360865835,13.89
30450,PAPUA TENGAH,KAB. MIMIKA,Jila,-4.33954041,137.6920809,623511777370898431,,,,,> ~5 km / none found,False,13880.279365291537,13880.279365291537,13.88
88902,PAPUA,KAB. BIAK NUMFOR,Padaido,-1.249866,136.37324607,623513979381383167,,,,,> ~5 km / none found,False,13879.951638591716,13879.951638591716,13.88
37230,MALUKU,KAB. KEPULAUAN ARU,Aru Tengah Timur,-6.3451682,134.623412,623513137499439103,,,,,> ~5 km / none found,False,13866.871529033893,13866.871529033893,13.87
86208,PAPUA TENGAH,KAB. MIMIKA,Mimika Barat,-4.43444481,136.50612108,623513086965972991,,,,,> ~5 km / none found,False,13862.80457888954,13862.80457888954,13.86
27741,KALIMANTAN BARAT,KAB. SINTANG,Ambalau,-0.42223989,113.0028117,623338667878678527,,,,,> ~5 km / none found,False,13862.212316605419,13862.212316605419,13.86
17764,KALIMANTAN UTARA,KAB. TANA TIDUNG,Sesayap Hilir,3.66888141,117.3555416,623338234332610559,,,,,> ~5 km / none found,False,13705.156782373442,13860.246550831907,13.86
92265,PAPUA PEGUNUNGAN,KAB. PEGUNUNGAN BINTANG,Jetfa,-4.12035501,140.45098536,623517010670092287,,,,,> ~5 km / none found,False,12223.4316124532,13859.421125735218,13.86
88548,PAPUA BARAT DAYA,KAB. SORONG SELATAN,Kokoda Utara,-1.88540961,132.4947595,623514726590971903,,,,,> ~5 km / none found,False,9468.340332307542,13856.523800388859,13.86
89783,PAPUA PEGUNUNGAN,KAB. PEGUNUNGAN BINTANG,Okbibab,-4.69226707,140.58708227,623516728221925375,,,,,> ~5 km / none found,False,13853.386694991961,13853.386694991961,13.85
92481,PAPUA,KAB. BIAK NUMFOR,Bondifuar,-2.6832717,133.50003,623514432713293823,,,,,> ~5 km / none found,False,13847.58644413338,13847.58644413338,13.85
88234,PAPUA BARAT DAYA,KAB. TAMBRAUW,Amberbaken Barat,-0.62584741,132.95686974,623513668917821439,,,,,> ~5 km / none found,False,13834.825566382136,13834.825566382136,13.83
82878,PAPUA TENGAH,KAB. PUNCAK,Amungkalpia,-4.05173265,137.7899272,623511621163941887,,,,,> ~5 km / none found,False,13826.68733676017,13826.68733676017,13.83
44330,SUMATERA UTARA,KAB. NIAS BARAT,Sirombu,0.8538445,97.31634311,623281541052334079,24.0,,3.168,,> ~5 km / none found,True,2944.621678116187,13826.260803441492,13.83
25164,KALIMANTAN BARAT,KAB. SINTANG,Ambalau,-0.13985874,112.8977695,623338638358577151,,,,,> ~5 km / none found,False,13595.469925311703,13823.700785901337,13.82
88296,PAPUA SELATAN,KAB. ASMAT,Tomor Birip,-4.84129263,138.70356248,623511828946092031,,,,,> ~5 km / none found,False,13526.076507091653,13818.166162416192,13.82
93711,PAPUA BARAT DAYA,KAB. RAJA AMPAT,Waigeo Barat,-0.24080831,130.55506538,623530315502551039,,,,,> ~5 km / none found,False,13813.947534821125,13813.947534821125,13.81
24922,PAPUA,KAB. KEPULAUAN YAPEN,Yapen Barat,-1.71205068,135.685653,623511441304485887,,,,,> ~5 km / none found,False,13813.694995809565,13813.694995809565,13.81
91727,PAPUA PEGUNUNGAN,KAB. YAHUKIMO,Korupun,-4.56115818,139.6643953,623516986008043519,,,,,> ~5 km / none found,False,13807.581710472217,13807.581710472217,13.81
90436,PAPUA BARAT DAYA,KAB. SORONG SELATAN,Kokoda Utara,-1.97228757,132.3800351,623514729032122367,,,,,> ~5 km / none found,False,5334.767207555981,13806.246613075966,13.81
33343,MALUKU,KAB. KEPULAUAN ARU,Aru Utara Timur Batuley,-5.8558051,134.7583717,623513156456153087,,,,,> ~5 km / none found,False,13797.195366007682,13797.195366007682,13.8
91672,PAPUA TENGAH,KAB. PUNCAK JAYA,Molanikime,-3.70750263,137.7444808,623511659290492927,,,,,> ~5 km / none found,False,13793.717850891047,13793.717850891047,13.79
88569,PAPUA TENGAH,KAB. INTAN JAYA,Ugimba,-3.94574434,137.07673642,623512019770048511,,,,,> ~5 km / none found,False,13791.98870537098,13791.98870537098,13.79
56149,ACEH,KAB. ACEH SELATAN,Meukek,3.57538392,97.19011636,623279387981840383,,,,,> ~5 km / none found,False,11031.14599539226,13786.675337463656,13.79
51265,MALUKU,KAB. MALUKU BARAT DAYA,Wetar Timur,-7.70849887,126.60189,624124468390559743,,,,,> ~5 km / none found,False,13785.172877374218,13785.172877374218,13.79
93418,PAPUA PEGUNUNGAN,KAB. TOLIKARA,Gundagi,-3.40558914,138.28425235,623511653522997247,,,,,> ~5 km / none found,False,13784.22198469509,13784.22198469509,13.78
20989,MALUKU,KAB. KEPULAUAN ARU,Aru Utara,-5.44349651,134.4767401,623512237483950079,,,,,> ~5 km / none found,False,13763.80331250296,13763.80331250296,13.76
91510,PAPUA PEGUNUNGAN,KAB. NDUGA,Mam,-4.15034619,138.27580899,623511629921976319,,,,,> ~5 km / none found,False,13757.552539955976,13757.552539955976,13.76
34215,MALUKU,KAB. KEPULAUAN ARU,Sir-Sir,-5.64894817,134.6511095,623512249648087039,,,,,> ~5 km / none found,False,9951.497825522005,13749.297183350987,13.75
93158,PAPUA PEGUNUNGAN,KAB. NDUGA,Wusi,-4.41139593,138.52178812,623511867111931903,,,,,> ~5 km / none found,False,13155.722521386077,13742.724227253415,13.74
78658,SUMATERA BARAT,KAB. PESISIR SELATAN,Linggo Sari Baganti,-1.77324269,101.0233136,623974319901016063,,,,,> ~5 km / none found,False,13738.652943311043,13738.652943311043,13.74
93648,PAPUA PEGUNUNGAN,KAB. TOLIKARA,Wari/Taiyeve II,-3.2256324,138.49551027,623511652433985535,,,,,> ~5 km / none found,False,13738.37428728695,13738.37428728695,13.74
92604,PAPUA SELATAN,KAB. MAPPI,Assue,-5.93063262,139.26025135,624256158816337919,,,,,> ~5 km / none found,False,13721.082130865861,13721.082130865861,13.72
93977,PAPUA PEGUNUNGAN,KAB. TOLIKARA,Egiam,-3.42488664,138.44796802,623511647051284479,,,,,> ~5 km / none found,False,13715.652514750109,13715.652514750109,13.72
60517,PAPUA TENGAH,KAB. NABIRE,Teluk Umar,-2.97404665,134.8140188,623511090694094847,,,,,> ~5 km / none found,False,4914.810025806456,13714.935545317438,13.71
18477,KALIMANTAN TIMUR,KAB. KUTAI KARTANEGARA,Anggana,-0.47603023,117.5369822,623335714279096319,,,,,> ~5 km / none found,False,5538.208345067966,13708.98376072549,13.71
89959,PAPUA SELATAN,KAB. BOVEN DIGOEL,Kawagit,-5.5356207,140.38770723,623516710865403903,,,,,> ~5 km / none found,False,13707.076441404837,13707.076441404837,13.71
72555,SULAWESI TENGGARA,KAB. KOLAKA TIMUR,Ueesi,-3.55835721,121.3445097,624120763953217535,,,,,> ~5 km / none found,False,11445.162693357861,13703.273762292954,13.7
85058,KALIMANTAN UTARA,KAB. MALINAU,Pujungan,2.67312644,115.6682273,623338338795094015,,,,,> ~5 km / none found,False,13701.869257684828,13701.869257684828,13.7
93840,PAPUA PEGUNUNGAN,KAB. NDUGA,Mbulmu Yalma,-4.3676806,138.45333767,623511867564457983,,,,,> ~5 km / none found,False,13697.98607748723,13697.98607748723,13.7
46939,KEPULAUAN RIAU,KAB. LINGGA,Senayang,-0.056516,104.8528328,623969156876075007,,,,,> ~5 km / none found,False,13693.376358372963,13693.376358372963,13.69
66306,RIAU,KAB. PELALAWAN,Teluk Meranti,0.38411381,102.8511867,623276132593729535,,,,,> ~5 km / none found,False,13688.594793364759,13688.594793364759,13.69
41498,ACEH,KAB. ACEH TENGGARA,Babussalam,3.49481476,97.6192546,623274225917100031,,,,,> ~5 km / none found,False,13687.003264638213,13687.003264638213,13.69
88251,PAPUA BARAT DAYA,KAB. TAMBRAUW,Abun,-0.47215648,132.76015709,623513671882899455,,,,,> ~5 km / none found,False,13684.81898312502,13684.81898312502,13.68
52539,BENGKULU,KAB. MUKOMUKO,Selagan Raya,-2.4573037,101.4599562,623974345090367487,,,,,> ~5 km / none found,False,9225.914492279862,13684.250942096856,13.68
91082,PAPUA TENGAH,KAB. PUNCAK JAYA,Dagai,-3.33829502,137.87918892,623511644607741951,,,,,> ~5 km / none found,False,13679.881201647446,13679.881201647446,13.68
93180,PAPUA PEGUNUNGAN,KAB. YAHUKIMO,Sela,-4.60147168,139.71248759,623516985374572543,,,,,> ~5 km / none found,False,13671.06941728431,13671.06941728431,13.67
84939,PAPUA TENGAH,KAB. MIMIKA,Agimuga,-4.6164852,137.78631455,623511746449473535,,,,,> ~5 km / none found,False,13667.102984634928,13667.102984634928,13.67
46027,ACEH,KAB. ACEH TENGGARA,Leuser,3.00834544,97.78246332,623281448524316671,,,,,> ~5 km / none found,False,13617.333586170313,13661.786741515763,13.66
1456,PAPUA SELATAN,KAB. MAPPI,Minyamur,-6.54452979,138.7103469,624255987473514495,,,,,> ~5 km / none found,False,13659.243560758046,13659.243560758046,13.66
67508,PAPUA BARAT,KAB. FAK FAK,Fak-Fak Timur,-3.04977053,132.69491054,623514593632092159,,,,,> ~5 km / none found,False,6360.743939166684,13639.809584787085,13.64
78477,MALUKU,KAB. SERAM BAGIAN BARAT,Taniwel Timur,-2.98509276,128.7521238,624125274158727167,,,,,> ~5 km / none found,False,9541.370372942509,13631.500601131556,13.63
93649,PAPUA PEGUNUNGAN,KAB. TOLIKARA,Wari/Taiyeve II,-3.3688885,138.69950798,623511728495722495,,,,,> ~5 km / none found,False,13627.362045484977,13627.362045484977,13.63
59095,ACEH,KAB. ACEH SELATAN,Kluet Tengah,3.33742564,97.40376852,623281425880580095,,,,,> ~5 km / none found,False,13318.61377294838,13625.074457646186,13.63
92469,PAPUA PEGUNUNGAN,KAB. NDUGA,Yal,-4.5302885,138.8016893,623511814546718719,,,,,> ~5 km / none found,False,5803.625179803739,13622.284014227853,13.62
89006,PAPUA TENGAH,KAB. PUNCAK JAYA,Lumo,-3.59744578,137.7835955,623511657092710399,,,,,> ~5 km / none found,False,13612.095025543584,13612.095025543584,13.61
60192,ACEH,KAB. ACEH TIMUR,Serbajadi,4.48989119,97.38786225,623274206863753215,,,,,> ~5 km / none found,False,13611.806241264483,13611.806241264483,13.61
81735,ACEH,KAB. ACEH BARAT DAYA,Jeumpa,3.87577909,96.95174459,623279353840238591,,,,,> ~5 km / none found,False,13609.08373168456,13609.08373168456,13.61
90810,PAPUA SELATAN,KAB. ASMAT,Kolf Braza,-5.20463894,139.5384903,624256141216055295,,,,,> ~5 km / none found,False,13600.101873373396,13600.101873373396,13.6
93858,PAPUA PEGUNUNGAN,KAB. NDUGA,Mbua Tengah,-4.41535068,138.46446301,623511867033812991,,,,,> ~5 km / none found,False,12914.884797273184,13574.347093715789,13.57
66756,ACEH,KAB. ACEH SINGKIL,Pulau Banyak,2.17493658,97.43588234,623281275888893951,,,,,> ~5 km / none found,False,13570.449324815781,13570.449324815781,13.57
93348,PAPUA SELATAN,KAB. MAPPI,Passue,-6.3307852,139.58634996,624255994493108223,,,,,> ~5 km / none found,False,13566.139223898153,13566.139223898153,13.57
65445,ACEH,KAB. ACEH BARAT,Sungai Mas,4.61784056,96.38647409,623279483952922623,,,,,> ~5 km / none found,False,13562.559439452281,13562.559439452281,13.56
84763,GORONTALO,KAB. POHUWATO,Dengilo,0.71722483,122.0764027,623339680811286527,,,,,> ~5 km / none found,False,11563.906838189572,13540.258316340534,13.54
87612,PAPUA BARAT DAYA,KAB. TAMBRAUW,Tinggouw,-0.74073949,132.66131594,623513684288176127,,,,,> ~5 km / none found,False,13530.342784317443,13530.342784317443,13.53
34528,ACEH,KAB. ACEH JAYA,Jaya,5.11314687,95.57675965,623279085315063807,,,,,> ~5 km / none found,False,13517.63200354977,13517.63200354977,13.52
93856,PAPUA PEGUNUNGAN,KAB. NDUGA,Mebarok,-4.22772185,138.23819333,623511631637217279,,,,,> ~5 km / none found,False,13507.556752403972,13507.556752403972,13.51
33351,MALUKU,KAB. KEPULAUAN ARU,Aru Tengah Selatan,-6.52031015,134.8111996,623513134561853439,,,,,> ~5 km / none found,False,13503.445963861577,13503.445963861577,13.5
78660,SUMATERA BARAT,KAB. PESISIR SELATAN,Ranah Pesisir,-1.63905375,100.9913317,623973992529723391,,,,,> ~5 km / none found,False,13483.835770905502,13483.835770905502,13.48
27627,MALUKU,KAB. KEPULAUAN ARU,Aru Utara Timur Batuley,-5.67024077,134.7074465,623513154977169407,,,,,> ~5 km / none found,False,9729.523856862068,13474.914222866055,13.47
85762,PAPUA BARAT,KAB. TELUK BINTUNI,Tuhiba,-1.86870045,133.4686219,623513411172925439,34.0,,4.488,,> ~5 km / none found,True,4278.844756730157,13462.810924838008,13.46
90161,PAPUA,KAB. MAMBERAMO RAYA,Mamberamo Tengah,-2.32515788,138.19829936,623512004914708479,,,,,> ~5 km / none found,False,6787.660591712419,13453.725235912685,13.45
88838,PAPUA TENGAH,KAB. PANIAI,Dogomo,-4.08936981,136.8687709,623512018410340351,,,,,> ~5 km / none found,False,13452.90329723612,13452.90329723612,13.45
82346,KALIMANTAN TIMUR,KAB. MAHAKAM ULU,Laham,0.09936746,114.9624067,623335162309279743,,,,,> ~5 km / none found,False,13451.219731663801,13451.219731663801,13.45
86929,KALIMANTAN TENGAH,KAB. SERUYAN,Seruyan Hilir,-3.10576792,112.4316634,623336420925800447,,,,,> ~5 km / none found,False,13446.371138161112,13446.371138161112,13.45
47084,BENGKULU,KAB. MUKOMUKO,V Koto,-2.40751636,101.3941697,623974344571551743,,,,,> ~5 km / none found,False,8156.749373929766,13444.12979621732,13.44
89356,PAPUA PEGUNUNGAN,KAB. NDUGA,Mapenduma,-4.2982011,138.23911382,623511632028499967,,,,,> ~5 km / none found,False,13432.02654328925,13432.02654328925,13.43
91255,PAPUA BARAT,KAB. TELUK BINTUNI,Babo,-2.4702752,133.55473288,623514434475229183,,,,,> ~5 km / none found,False,13420.010348459064,13420.010348459064,13.42
85374,SUMATERA UTARA,KAB. NIAS BARAT,Sirombu,0.84958311,97.32575437,623281541030019071,15.0,,1.98,,> ~5 km / none found,True,1809.4336500474096,13414.703336285971,13.41
87548,PAPUA TENGAH,KAB. DOGIYAI,Kamu Selatan,-4.19447761,136.00573919,623511263395479551,,,,,> ~5 km / none found,False,13402.987043934643,13402.987043934643,13.4
91408,PAPUA TENGAH,KAB. DEIYAI,Kapiraya,-4.2006705,136.14640303,623511275501486079,,,,,> ~5 km / none found,False,13391.440425060055,13391.440425060055,13.39
67033,SULAWESI SELATAN,KAB. LUWU TIMUR,Tomoni,-2.42016636,120.6128313,624121008820977663,,,,,> ~5 km / none found,False,12274.37917796363,13386.879759231038,13.39
93446,PAPUA PEGUNUNGAN,KAB. NDUGA,Mebarok,-4.30520409,138.21502598,623511632069492735,,,,,> ~5 km / none found,False,13380.130060933303,13380.130060933303,13.38
89298,PAPUA PEGUNUNGAN,KAB. PEGUNUNGAN BINTANG,Kiwirok,-4.73186704,140.75027625,623516728798806015,19.0,,2.508,,> ~5 km / none found,True,2402.9470573742606,13375.648518862014,13.38
38153,MALUKU UTARA,KAB. HALMAHERA SELATAN,Bacan Timur,-0.36200025,127.5663364,623529883423932415,37.0,,4.884,,> ~5 km / none found,True,4683.5704259804315,13375.236335648298,13.38
88395,PAPUA SELATAN,KAB. ASMAT,Joutu,-5.58234573,139.4622123,624256155917025279,,,,,> ~5 km / none found,False,13372.38419760325,13372.38419760325,13.37
84982,PAPUA SELATAN,KAB. ASMAT,Unir Sirau,-5.19999466,138.33242329,624256205233913855,,,,,> ~5 km / none found,False,13369.563283185109,13369.563283185109,13.37
93419,PAPUA PEGUNUNGAN,KAB. TOLIKARA,Gundagi,-3.41528595,138.27276191,623511653499305983,,,,,> ~5 km / none found,False,13363.72859182452,13363.72859182452,13.36
84699,SULAWESI UTARA,KAB. KEPULAUAN TALAUD,Nanusa,4.61217802,127.1415478,623532291176660991,,,,,> ~5 km / none found,False,13357.152471577352,13357.152471577352,13.36
78357,PAPUA BARAT,KAB. TELUK BINTUNI,Dataran Beimes,-1.6597622,133.5470275,623513408820969471,,,,,> ~5 km / none found,False,13355.85521259196,13355.85521259196,13.36
93851,PAPUA PEGUNUNGAN,KAB. NDUGA,Mebarok,-4.3145872,138.1964782,623511631884484607,,,,,> ~5 km / none found,False,13349.761167840057,13349.761167840057,13.35
1569,GORONTALO,KAB. POHUWATO,Buntulia,0.71599808,121.9920032,623339680664518655,,,,,> ~5 km / none found,False,12612.686673642123,13348.91052074267,13.35
87855,PAPUA BARAT DAYA,KAB. TAMBRAUW,Abun,-0.58839509,132.84016316,623513667580133375,,,,,> ~5 km / none found,False,13341.40972382754,13341.40972382754,13.34
91761,PAPUA PEGUNUNGAN,KAB. TOLIKARA,Wari/Taiyeve II,-3.32976812,138.506187,623511648509951999,,,,,> ~5 km / none found,False,13319.326009553803,13319.326009553803,13.32
85944,PAPUA SELATAN,KAB. MAPPI,Venaha,-6.81147365,139.89470164,624256276084654079,,,,,> ~5 km / none found,False,13313.982707280986,13313.982707280986,13.31
66315,RIAU,KAB. PELALAWAN,Teluk Meranti,0.36395795,102.4463846,623276112860807167,,,,,> ~5 km / none found,False,13311.731781574515,13311.731781574515,13.31
15126,KALIMANTAN BARAT,KAB. KAPUAS HULU,Putussibau Utara,1.00216618,113.0865592,623338505452552191,,,,,> ~5 km / none found,False,6431.909780684685,13299.381351244456,13.3
74637,SULAWESI TENGAH,KAB. BANGGAI,Moilong,-1.16016751,122.2157173,623341592794038271,,,,,> ~5 km / none found,False,13294.319047044966,13294.319047044966,13.29
26940,KALIMANTAN TENGAH,KAB. MURUNG RAYA,Sumber Barito,-0.32952257,114.1826409,623335310840201215,11.0,,1.452,,> ~5 km / none found,True,1354.8694869504368,13293.082157727711,13.29
93548,PAPUA TENGAH,KAB. DEIYAI,Kapiraya,-4.2831377,136.05478619,623511291895185407,,,,,> ~5 km / none found,False,12476.100040987616,13292.80441557372,13.29
61389,KALIMANTAN TENGAH,KAB. KAPUAS,Mantangai,-2.36113701,114.5726202,623337250683977727,,,,,> ~5 km / none found,False,13287.518743135017,13287.518743135017,13.29
90315,PAPUA TENGAH,KAB. INTAN JAYA,Biandoga,-3.60938468,136.86793408,623512053878587391,,,,,> ~5 km / none found,False,13277.282415001608,13277.282415001608,13.28
91093,PAPUA PEGUNUNGAN,KAB. JAYAWIJAYA,Trikora,-4.44685923,138.62344557,623511862501474303,,,,,> ~5 km / none found,False,13272.254624453119,13272.254624453119,13.27
84138,KALIMANTAN TIMUR,KAB. BERAU,Kelay,1.8527845,116.9810834,623338094317764607,,,,,> ~5 km / none found,False,13238.002933842912,13238.002933842912,13.24
86520,JAMBI,KAB. KERINCI,Keliling Danau,-2.27871115,101.3693814,623974299133673471,,,,,> ~5 km / none found,False,10840.887499187162,13210.340885378328,13.21
93733,PAPUA PEGUNUNGAN,KAB. YALIMO,Welarek,-4.03130935,139.30318543,623511701146009599,,,,,> ~5 km / none found,False,13205.883004745478,13205.883004745478,13.21
18832,KEPULAUAN RIAU,KAB. NATUNA,Bunguran Barat,3.89753556,107.9070788,623353858234744831,,,,,> ~5 km / none found,False,13202.37174025927,13202.37174025927,13.2
89661,PAPUA PEGUNUNGAN,KAB. PEGUNUNGAN BINTANG,Oklip,-4.76829325,140.78011344,623516724873003007,26.0,,3.432,,> ~5 km / none found,True,3249.745563753406,13200.055448431975,13.2
94109,PAPUA PEGUNUNGAN,KAB. TOLIKARA,Gundagi,-3.40080343,138.33213262,623511653213110271,,,,,> ~5 km / none found,False,13198.974899873345,13198.974899873345,13.2
89913,PAPUA PEGUNUNGAN,KAB. TOLIKARA,Gundagi,-3.40080343,138.33213262,623511653213110271,,,,,> ~5 km / none found,False,13198.974899873345,13198.974899873345,13.2
89244,PAPUA BARAT,KAB. TELUK WONDAMA,Wasior,-2.65582557,134.61823598,623511356459220991,,,,,> ~5 km / none found,False,13192.678286104037,13192.678286104037,13.19
88502,PAPUA TENGAH,KAB. PANIAI,Bogabaida,-3.59906773,136.41565295,623512072332181503,,,,,> ~5 km / none found,False,13189.267793254417,13189.267793254417,13.19
82334,PAPUA BARAT DAYA,KAB. TAMBRAUW,Kwesefo,-0.55662313,132.3711997,623513718963470335,,,,,> ~5 km / none found,False,9178.997428105511,13178.627737753266,13.18
92429,PAPUA PEGUNUNGAN,KAB. NDUGA,Yal,-4.5164818,138.7739631,623511814599376895,25.0,,3.3,,> ~5 km / none found,True,3167.33714745096,13174.48222955272,13.17
24542,SULAWESI TENGGARA,KAB. KOLAKA,Wundulako,-4.12974152,121.4234229,624120916847067135,,,,,> ~5 km / none found,False,12187.784737713819,13174.070658552131,13.17
88700,PAPUA TENGAH,KAB. PUNCAK JAYA,Tingginambut,-3.85889335,138.10717937,623511606023356415,,,,,> ~5 km / none found,False,13155.942610167871,13155.942610167871,13.16
86137,SUMATERA UTARA,KAB. NIAS BARAT,Sirombu,0.83672908,97.34654561,623281541097390079,4.0,,0.528,,> ~5 km / none found,True,580.4979076692232,13150.935756254212,13.15
83312,PAPUA SELATAN,KAB. ASMAT,Der Koumur,-6.26587026,138.73354983,624256218442465279,,,,,> ~5 km / none found,False,13150.667723713614,13150.667723713614,13.15
93038,PAPUA PEGUNUNGAN,KAB. YAHUKIMO,Kwikma,-4.31856125,139.22314359,623511856609427455,,,,,> ~5 km / none found,False,13145.628932159145,13145.628932159145,13.15
87230,PAPUA BARAT DAYA,KAB. TAMBRAUW,Tinggouw,-0.71811881,132.5929705,623513683148603391,,,,,> ~5 km / none found,False,13145.328023001968,13145.328023001968,13.15
94038,PAPUA PEGUNUNGAN,KAB. TOLIKARA,Wina,-3.54150813,138.14020861,623511609864749055,,,,,> ~5 km / none found,False,13143.054266501947,13143.054266501947,13.14
41466,MALUKU,KAB. KEPULAUAN ARU,Aru Utara Timur Batuley,-5.78855643,134.5955961,623512251800715263,35.0,,4.62,,> ~5 km / none found,True,4284.7796151218945,13142.53634650842,13.14
91077,PAPUA TENGAH,KAB. PUNCAK JAYA,Fawi,-3.3295857,137.71674945,623511907650273279,,,,,> ~5 km / none found,False,13139.542524439288,13139.542524439288,13.14
24450,PAPUA TENGAH,KAB. MIMIKA,Mimika Tengah,-4.76488256,136.6168396,623513052705062911,,,,,> ~5 km / none found,False,13138.81268843714,13138.81268843714,13.14
88903,PAPUA TENGAH,KAB. DOGIYAI,Sukikai Selatan,-4.1509324,135.65748513,623511266991439871,,,,,> ~5 km / none found,False,13136.572961371729,13136.572961371729,13.14
75707,SULAWESI TENGAH,KAB. BANGGAI,Nuhon,-1.11136861,122.0981946,623341597345775615,,,,,> ~5 km / none found,False,13128.030073367801,13128.030073367801,13.13
67066,PAPUA BARAT DAYA,KAB. SORONG SELATAN,Kokoda Utara,-2.09024728,132.468048,623514724744069119,,,,,> ~5 km / none found,False,5684.532566423328,13125.975910786261,13.13
79010,KALIMANTAN TIMUR,KAB. MAHAKAM ULU,Long Apari,0.78956387,114.119351,623335439723560959,,,,,> ~5 km / none found,False,12027.442148920556,13125.04777303657,13.13
81327,MALUKU UTARA,KAB. HALMAHERA SELATAN,Kasiruta Timur,-0.31824151,127.2406436,623529938553339903,,,,,> ~5 km / none found,False,8889.63844414617,13124.646322772169,13.12
75356,PAPUA SELATAN,KAB. ASMAT,Suru-suru,-4.9087614,139.04255621,623511841240285183,,,,,> ~5 km / none found,False,5848.179871155358,13116.383114264816,13.12
88826,MALUKU UTARA,KAB. HALMAHERA TIMUR,Kota Maba,0.70503949,128.04787911,623529749358641151,,,,,> ~5 km / none found,False,6369.466288503924,13114.363629626067,13.11
39387,SULAWESI TENGGARA,KAB. KOLAKA UTARA,Porehu,-3.08171945,121.323388,624120771066953727,,,,,> ~5 km / none found,False,4965.333437941333,13113.782248048336,13.11
90096,PAPUA TENGAH,KAB. PANIAI,Baya Biru,-3.63419914,136.53958623,623512073673015295,32.0,,4.224,,> ~5 km / none found,True,4195.643885359864,13112.246259918944,13.11
92757,PAPUA SELATAN,KAB. MAPPI,Mambioman Bapai,-3.58854205,137.80197264,623511657098706943,,,,,> ~5 km / none found,False,13112.078974063186,13112.078974063186,13.11
68462,SULAWESI TENGAH,KAB. MOROWALI,Wita Ponda,-2.4054552,121.5307503,624121099932106751,,,,,> ~5 km / none found,False,10248.532254223548,13104.312364845302,13.1
55246,KALIMANTAN BARAT,KAB. SINTANG,Ambalau,-0.03443518,112.8843781,623338642310529023,,,,,> ~5 km / none found,False,5591.057203605121,13102.756895950297,13.1
89131,PAPUA,KAB. WAROPEN,Masirei,-2.40638723,136.82190171,623513969965563903,,,,,> ~5 km / none found,False,13085.588726918282,13085.588726918282,13.09
26966,PAPUA TENGAH,KAB. MIMIKA,Amar,-4.54589587,136.3438669,623513081944113151,,,,,> ~5 km / none found,False,13073.30828889105,13073.30828889105,13.07
83453,SULAWESI TENGGARA,KAB. KONAWE,Latoma,-3.6227432,121.397546,624120763645591551,,,,,> ~5 km / none found,False,13068.729711353853,13068.729711353853,13.07
91957,PAPUA PEGUNUNGAN,KAB. YAHUKIMO,Talambo,-3.91640396,139.7512561,623517002728177663,,,,,> ~5 km / none found,False,13067.11872811558,13067.11872811558,13.07
49376,SULAWESI TENGGARA,KAB. KONAWE,Latoma,-3.39312992,121.5488838,624120748978536447,,,,,> ~5 km / none found,False,12341.490796085125,13061.519948512896,13.06
88385,PAPUA SELATAN,KAB. ASMAT,Pantai Kasuari,-6.20959957,138.51760523,624256219101036543,,,,,> ~5 km / none found,False,13040.990927337787,13040.990927337787,13.04
51424,MALUKU,KAB. MALUKU BARAT DAYA,Wetar Selatan,-7.74516933,126.6398627,624124467822231551,,,,,> ~5 km / none found,False,13038.300027260762,13038.300027260762,13.04
91407,PAPUA TENGAH,KAB. DEIYAI,Kapiraya,-4.29267017,136.15957441,623511271634534399,,,,,> ~5 km / none found,False,10440.808112065703,13027.200398671557,13.03
19102,KALIMANTAN UTARA,KAB. MALINAU,Malinau Utara,3.757334,116.568935,623338279783432191,,,,,> ~5 km / none found,False,12106.099046433374,13022.973921233966,13.02
92887,PAPUA SELATAN,KAB. BOVEN DIGOEL,Fofi,-6.25577328,139.97961671,624256394258972671,,,,,> ~5 km / none found,False,13022.069105770723,13022.069105770723,13.02
92412,PAPUA,KAB. BIAK NUMFOR,Biak Barat,-6.25577328,139.97961671,624256394258972671,,,,,> ~5 km / none found,False,13022.069105770723,13022.069105770723,13.02
64914,KALIMANTAN SELATAN,KAB. TABALONG,Muara Uya,-1.52532829,115.6161039,623337065245081599,24.0,,3.168,,> ~5 km / none found,True,2818.7204170855343,13017.747600082734,13.02
89146,PAPUA BARAT DAYA,KAB. TAMBRAUW,Tobouw,-0.50714153,132.65654707,623513672016330751,,,,,> ~5 km / none found,False,13016.681653175327,13016.681653175327,13.02
77803,SULAWESI UTARA,KAB. BOLAANG MONGONDOW SELATAN,Tomini,0.44783174,123.7055278,623341570663940095,,,,,> ~5 km / none found,False,12317.332709898432,13008.11718663317,13.01
89291,PAPUA PEGUNUNGAN,KAB. NDUGA,Mapenduma,-4.2876878,138.24781533,623511632024600575,,,,,> ~5 km / none found,False,12986.069418572994,12986.069418572994,12.99
87789,PAPUA BARAT,KAB. TELUK BINTUNI,Merdey,-1.74868087,133.38477696,623513411349348351,,,,,> ~5 km / none found,False,12985.632938181121,12985.632938181121,12.99
28445,SULAWESI TENGAH,KAB. BANGGAI,Pagimana,-0.94834515,122.4949805,623341238201548799,,,,,> ~5 km / none found,False,11658.09750870689,12982.655001921132,12.98
87668,PAPUA SELATAN,KAB. ASMAT,Jetsy,-5.57600521,138.25794999,624256195073179647,,,,,> ~5 km / none found,False,12968.445950120287,12968.445950120287,12.97
88095,PAPUA,KAB. SARMI,Bonggo Timur,-2.51387328,139.65713835,623518890832920575,,,,,> ~5 km / none found,False,12963.081629948058,12963.081629948058,12.96
93800,PAPUA PEGUNUNGAN,KAB. NDUGA,Moba,-4.50933019,138.75152959,623511814417809407,21.0,,2.772,,> ~5 km / none found,True,2676.9551947372247,12956.104027338873,12.96
90511,PAPUA TENGAH,KAB. PUNCAK JAYA,Torere,-3.45926627,138.14796915,623511609613516799,,,,,> ~5 km / none found,False,12944.604595072526,12944.604595072526,12.94
93232,PAPUA PEGUNUNGAN,KAB. YAHUKIMO,Pronggoli,-4.16294908,139.25130838,623511858577801215,,,,,> ~5 km / none found,False,12942.40830631506,12942.40830631506,12.94
84026,PAPUA BARAT,KAB. TELUK BINTUNI,Dataran Beimes,-1.79640886,133.7064321,623513416476983295,17.0,,2.244,,> ~5 km / none found,True,2359.1679247405887,12941.827836346372,12.94
92648,PAPUA PEGUNUNGAN,KAB. YAHUKIMO,Obio,-0.9003227,130.6613108,623530436552851455,37.0,,4.884,,> ~5 km / none found,True,4667.764685504439,12941.243529458336,12.94
39799,MALUKU,KAB. KEPULAUAN ARU,Aru Tengah,-5.98174411,134.5042723,623513172009910271,,,,,> ~5 km / none found,False,12937.410995603821,12937.410995603821,12.94
3309,SULAWESI UTARA,KAB. BOLAANG MONGONDOW SELATAN,Posigadan,0.45521831,123.53917392,623341558387376127,,,,,> ~5 km / none found,False,11223.093655313685,12932.588918697023,12.93
88907,PAPUA BARAT DAYA,KAB. TAMBRAUW,Ireres,-0.97779552,132.90062979,623513693781360639,,,,,> ~5 km / none found,False,12932.498651457086,12932.498651457086,12.93
88378,PAPUA SELATAN,KAB. ASMAT,Koroway Buluanop,-5.17282776,139.91442188,624256128227049471,,,,,> ~5 km / none found,False,12921.506749528671,12921.506749528671,12.92
93965,PAPUA PEGUNUNGAN,KAB. NDUGA,Mbua Tengah,-4.41727307,138.49453028,623511867209777151,,,,,> ~5 km / none found,False,12223.831809876623,12921.316006974672,12.92
49072,SUMATERA UTARA,KAB. NIAS SELATAN,Tanah Masa,-0.28552565,98.45629683,623974679136239615,4.0,,0.528,,> ~5 km / none found,True,503.0969497596672,12920.792736096535,12.92
92433,PAPUA PEGUNUNGAN,KAB. YAHUKIMO,Samenage,-4.3732585,139.01729778,623511855767257087,,,,,> ~5 km / none found,False,10883.066952482452,12916.415416172273,12.92
90160,PAPUA TENGAH,KAB. PANIAI,Baya Biru,-3.62759284,136.51084956,623512073775251455,,,,,> ~5 km / none found,False,7358.616474265294,12906.150012534088,12.91
92112,PAPUA PEGUNUNGAN,KAB. YAHUKIMO,Lolat,-4.50277474,139.5183693,623517017736347647,,,,,> ~5 km / none found,False,12898.14406173079,12898.14406173079,12.9
92080,PAPUA PEGUNUNGAN,KAB. NDUGA,Moba,-4.54803121,138.8133006,623511810688122879,,,,,> ~5 km / none found,False,8148.512571657206,12892.344614214791,12.89
87127,PAPUA BARAT DAYA,KAB. MAYBRAT,Aifat Selatan,-1.65522854,132.5320645,623514699300700159,38.0,,5.016,,> ~5 km / none found,True,4760.285699421097,12891.570216802782,12.89
20266,MALUKU UTARA,KAB. HALMAHERA SELATAN,Gane Barat Selatan,-0.84958099,128.0945133,624125440694124543,,,,,> ~5 km / none found,False,12841.568209485426,12873.617077651055,12.87
87206,KALIMANTAN TENGAH,KAB. SERUYAN,Seruyan Hilir,-3.00201845,112.1833016,623987853299187711,,,,,> ~5 km / none found,False,12627.995569534616,12872.92855078737,12.87
66183,SUMATERA SELATAN,KAB. OGAN KOMERING ILIR,Cengal,-3.43827506,105.8614692,623971384659312639,,,,,> ~5 km / none found,False,12865.555823206178,12865.555823206178,12.87
91135,PAPUA PEGUNUNGAN,KAB. PEGUNUNGAN BINTANG,Alemsom,-4.73212741,140.27585173,623516991480823807,,,,,> ~5 km / none found,False,12861.733722708512,12861.733722708512,12.86
90604,PAPUA PEGUNUNGAN,KAB. PEGUNUNGAN BINTANG,Oksamol,-4.81697777,140.82152094,623516725018165247,,,,,> ~5 km / none found,False,10212.64909404703,12855.78897975099,12.86
93264,PAPUA PEGUNUNGAN,KAB. TOLIKARA,Bewani,-3.48990665,138.60913544,623511649965015039,,,,,> ~5 km / none found,False,12841.00460501644,12841.00460501644,12.84
92640,PAPUA PEGUNUNGAN,KAB. YAHUKIMO,Obio,-4.61902475,139.25968425,623511819273601023,,,,,> ~5 km / none found,False,12833.453903342339,12833.453903342339,12.83
93042,PAPUA BARAT DAYA,KAB. RAJA AMPAT,Kepulauan Ayau,-4.61902475,139.25968425,623511819273601023,,,,,> ~5 km / none found,False,12833.453903342339,12833.453903342339,12.83
51124,GORONTALO,KAB. POHUWATO,Lemito,0.73948654,121.5903859,623339674721648639,,,,,> ~5 km / none found,False,12380.553714382007,12813.536929589121,12.81
82484,KALIMANTAN TIMUR,KAB. MAHAKAM ULU,Long Apari,0.8123558,114.1495555,623335437341949951,,,,,> ~5 km / none found,False,11808.31995175026,12802.803035327219,12.8
87745,PAPUA BARAT DAYA,KAB. SORONG SELATAN,Kais Darat,-1.75909865,132.45443033,623514726687539199,13.0,,1.716,,> ~5 km / none found,True,1787.9924709278039,12799.554055052395,12.8
68173,PAPUA BARAT DAYA,KAB. SORONG SELATAN,Kais Darat,-1.75909865,132.4544303,623514726687539199,13.0,,1.716,,> ~5 km / none found,True,1787.993002001826,12799.551721827444,12.8
53636,SULAWESI SELATAN,KAB. LUWU UTARA,Masamba,-2.37834972,120.10338,624121065943728127,,,,,> ~5 km / none found,False,10590.639157960268,12795.391961992393,12.8
83507,MALUKU UTARA,KAB. HALMAHERA SELATAN,Bacan Barat,-0.33619578,127.3686013,623529889566326783,,,,,> ~5 km / none found,False,12791.80547661719,12791.80547661719,12.79
51158,KALIMANTAN UTARA,KAB. NUNUKAN,Lumbis Pansiangan,4.3341038,116.2897064,623327672392810495,37.0,,4.884,,> ~5 km / none found,True,4872.975585736046,12784.187919107437,12.78
93084,PAPUA PEGUNUNGAN,KAB. NDUGA,Yal,-4.526886,138.784138,623511814526042111,33.0,,4.356,,> ~5 km / none found,True,4549.054984462225,12779.819685023598,12.78
19667,SULAWESI TENGAH,KAB. PARIGI MOUTONG,Moutong,0.61234181,121.1051836,623340987138375679,,,,,> ~5 km / none found,False,11929.38448542127,12777.171659982776,12.78
10984,ACEH,KAB. GAYO LUES,Puteri Betung,3.73198226,97.43363443,623274224929079295,,,,,> ~5 km / none found,False,12776.806433710253,12776.806433710253,12.78
43345,ACEH,KAB. ACEH TENGGARA,Darul Hasanah,3.51978856,97.61742365,623274225449893887,,,,,> ~5 km / none found,False,12652.705050876906,12770.636870452143,12.77
84043,PAPUA TENGAH,KAB. PUNCAK,Agandugume,-4.01202571,137.9344746,623511621035950079,,,,,> ~5 km / none found,False,12769.233880978447,12769.233880978447,12.77
75636,KALIMANTAN TIMUR,KAB. MAHAKAM ULU,Long Hubung,0.40552596,115.605936,623335222375776255,34.0,,4.488,,> ~5 km / none found,True,3661.509427946625,12766.225825447342,12.77
17345,KALIMANTAN UTARA,KAB. MALINAU,Sungai Tubu,3.17380003,116.088089,623338183335706623,,,,,> ~5 km / none found,False,12764.586392358957,12764.586392358957,12.76
73953,SUMATERA UTARA,KAB. NIAS SELATAN,Tanah Masa,-0.10997949,98.40088999,623974682005635071,,,,,> ~5 km / none found,False,12760.203275815944,12760.203275815944,12.76
91306,PAPUA PEGUNUNGAN,KAB. YALIMO,Welarek,-4.1795464,139.25782986,623511854700167167,,,,,> ~5 km / none found,False,12756.491574617845,12756.491574617845,12.76
88290,PAPUA SELATAN,KAB. MAPPI,Obaa,-6.16777601,139.41084072,624255990376136703,,,,,> ~5 km / none found,False,11526.010047382964,12751.59772072434,12.75
92750,PAPUA SELATAN,KAB. MERAUKE,Muting,-1.6506341,135.70020253,623511445214199807,,,,,> ~5 km / none found,False,12748.39462156792,12748.39462156792,12.75
72878,PAPUA TENGAH,KAB. PUNCAK,Erelmakawia,-4.1290957,137.5896306,623511781411061759,,,,,> ~5 km / none found,False,11826.768777538637,12748.297238528643,12.75
74245,KALIMANTAN TENGAH,KAB. KATINGAN,Marikit,-0.82977675,112.5369624,623336554509271039,,,,,> ~5 km / none found,False,12747.868341068464,12747.868341068464,12.75
22910,PAPUA SELATAN,KAB. ASMAT,Atsj,-5.73194455,138.5057942,624256179783401471,,,,,> ~5 km / none found,False,12746.178879217352,12746.178879217352,12.75
82397,PAPUA,KAB. JAYAPURA,Unurum Guay,-2.78390087,139.78529211,623518914554003455,,,,,> ~5 km / none found,False,12739.605207082519,12739.605207082519,12.74
56939,SULAWESI SELATAN,KAB. LUWU TIMUR,Mangkutana,-2.32406198,120.6518412,624121013695643647,,,,,> ~5 km / none found,False,12724.563227562106,12724.563227562106,12.72
84835,PAPUA TENGAH,KAB. PUNCAK,Omukia,-4.02761554,137.4387604,623512024980258815,,,,,> ~5 km / none found,False,12535.761985015,12724.343614239693,12.72
90041,PAPUA TENGAH,KAB. INTAN JAYA,Agisiga,-3.60122707,137.07889149,623512065630470143,,,,,> ~5 km / none found,False,12283.155215046247,12706.99813160522,12.71
88072,MALUKU UTARA,KAB. HALMAHERA TIMUR,Maba Utara,1.31623492,128.59441237,623530118229458943,,,,,> ~5 km / none found,False,7962.783440582029,12699.88544244054,12.7
35480,KALIMANTAN TENGAH,KAB. KATINGAN,Katingan Kuala,-3.03977109,113.4842032,623336459528077311,,,,,> ~5 km / none found,False,12681.116805451875,12681.116805451875,12.68
91707,PAPUA PEGUNUNGAN,KAB. NDUGA,Mapenduma,-4.30641488,138.2326169,623511632066707455,,,,,> ~5 km / none found,False,12678.648110900958,12678.648110900958,12.68
28355,SUMATERA UTARA,KAB. LANGKAT,Bahorok,3.51778582,97.97472884,623274216917762047,,,,,> ~5 km / none found,False,10145.808907025035,12664.09629108654,12.66
38886,MALUKU,KAB. KEPULAUAN ARU,Aru Tengah,-6.19307009,134.2789718,623512405959442431,,,,,> ~5 km / none found,False,12656.344987696988,12656.344987696988,12.66
92271,PAPUA PEGUNUNGAN,KAB. YAHUKIMO,Ninia,-0.45484173,130.55253377,623530468712841215,,,,,> ~5 km / none found,False,12655.427070714672,12655.427070714672,12.66
87721,PAPUA BARAT DAYA,KAB. RAJA AMPAT,Kepulauan Sembilan,-1.44074433,130.14977017,624125235868270591,,,,,> ~5 km / none found,False,11821.179255263027,12649.50105997806,12.65
87784,SULAWESI UTARA,KAB. KEPULAUAN SANGIHE,Nusa Tabukan,3.78704519,125.60239975,623532391724875775,,,,,> ~5 km / none found,False,12647.847347271201,12647.847347271201,12.65
67178,MALUKU,KAB. SERAM BAGIAN TIMUR,Werinama,-3.40709134,130.2631173,624123314762219519,,,,,> ~5 km / none found,False,12630.02564489285,12630.02564489285,12.63
19448,RIAU,KAB. BENGKALIS,Bandar Laksamana,1.42498663,101.811769,623275856656826367,,,,,> ~5 km / none found,False,7032.086641732946,12616.240843645548,12.62
90298,PAPUA TENGAH,KAB. PUNCAK JAYA,Torere,-3.51593538,138.21732277,623511609029394431,,,,,> ~5 km / none found,False,12614.92851333673,12614.92851333673,12.61
93303,PAPUA PEGUNUNGAN,KAB. NDUGA,Mbua Tengah,-4.42753137,138.54690247,623511867156987903,,,,,> ~5 km / none found,False,12285.012432061892,12613.423457316621,12.61
84767,PAPUA TENGAH,KAB. PUNCAK,Beoga Timur,-3.69490084,137.428538,623512062293803007,,,,,> ~5 km / none found,False,12612.841660295944,12612.841660295944,12.61
89056,PAPUA PEGUNUNGAN,KAB. MAMBERAMO TENGAH,Eragayam,-3.60099713,138.86709867,623511726240169983,,,,,> ~5 km / none found,False,12602.196420674383,12602.196420674383,12.6
88916,PAPUA TENGAH,KAB. INTAN JAYA,Homeyo,-3.84342611,136.79658686,623512022938845183,,,,,> ~5 km / none found,False,11455.364662524891,12600.04676055242,12.6
38423,RIAU,KAB. KAMPAR,Kampar Kiri Hulu,-0.3060478,101.0111786,623974209547862015,,,,,> ~5 km / none found,False,12598.50572849425,12598.50572849425,12.6
91119,PAPUA PEGUNUNGAN,KAB. PEGUNUNGAN BINTANG,Kiwirok,-4.70819684,140.7083645,623516728624873471,,,,,> ~5 km / none found,False,7168.269783107674,12585.759841769903,12.59
93423,PAPUA PEGUNUNGAN,KAB. TOLIKARA,Gundagi,-3.43350581,138.25853929,623511653533777919,,,,,> ~5 km / none found,False,12582.838388884162,12582.838388884162,12.58
88359,PAPUA,KAB. KEEROM,Kaisenar,-4.04760969,140.54358424,623517007918759935,,,,,> ~5 km / none found,False,7468.184331708928,12582.647312389132,12.58
51991,BANTEN,KAB. PANDEGLANG,Sumur,-6.75351454,105.3798639,623960833731624959,,,,,> ~5 km / none found,False,12575.545751908936,12575.545751908936,12.58
57193,SUMATERA SELATAN,KAB. OGAN KOMERING ILIR,Tulung Selapan,-3.22546736,105.5546223,623971464011350015,,,,,> ~5 km / none found,False,6930.523789802124,12571.146896110859,12.57
52538,BENGKULU,KAB. MUKOMUKO,Selagan Raya,-2.48944059,101.5009509,623974349028818943,,,,,> ~5 km / none found,False,12603.207455844837,12569.65479139458,12.57
88775,PAPUA BARAT DAYA,KAB. TAMBRAUW,Manekar,-0.96170276,133.15106362,623513694944526335,,,,,> ~5 km / none found,False,12569.550331419367,12569.550331419367,12.57
41751,JAWA TENGAH,KAB. JEPARA,Batealit,-6.6997008,110.4786138,623987051259363327,,,,,> ~5 km / none found,False,12567.652090002073,12567.652090002073,12.57
90023,PAPUA,KAB. WAROPEN,Wapoga,-2.95871429,136.35187733,623511124532723711,,,,,> ~5 km / none found,False,12567.646869208473,12567.646869208473,12.57
83203,MALUKU,KAB. SERAM BAGIAN TIMUR,Kilmury,-3.55840923,130.45067,624123313867882495,,,,,> ~5 km / none found,False,8555.308713908646,12564.67071798612,12.56
88460,PAPUA TENGAH,KAB. PANIAI,Bogabaida,-3.60321323,136.38011829,623511150941831167,,,,,> ~5 km / none found,False,12556.682665303972,12556.682665303972,12.56
21286,MALUKU,KAB. MALUKU TENGAH,Seram Utara,-3.14313537,129.630954,624125340277047295,,,,,> ~5 km / none found,False,12555.187515653983,12555.187515653983,12.56
91544,PAPUA TENGAH,KAB. PUNCAK JAYA,Kiyage,-3.45951178,137.92505545,623511640620630015,,,,,> ~5 km / none found,False,12553.585459024538,12553.585459024538,12.55
92527,PAPUA SELATAN,KAB. BOVEN DIGOEL,Kombay,-5.31455197,139.99290844,624256132477583359,,,,,> ~5 km / none found,False,12553.000201229434,12553.000201229434,12.55
65486,JAMBI,KAB. MUARO JAMBI,Kumpeh,-1.58131537,104.0361233,623969015261659135,,,,,> ~5 km / none found,False,12528.912333016719,12528.912333016719,12.53
34725,BENGKULU,KAB. MUKOMUKO,Sungai Rumbai,-2.77334905,101.6258707,623976381124640767,,,,,> ~5 km / none found,False,5758.57842031967,12511.651298003711,12.51
93628,PAPUA SELATAN,KAB. ASMAT,Kopay,-6.30137267,138.64020746,624255985317478399,,,,,> ~5 km / none found,False,12503.405515880562,12503.405515880562,12.5
48594,PAPUA,KAB. JAYAPURA,Kemtuk Gresi,-2.78056466,140.3343924,623516866341961727,,,,,> ~5 km / none found,False,12500.21624546607,12500.21624546607,12.5
43561,BENGKULU,KAB. MUKOMUKO,Malin Deman,-2.82056396,101.7457207,623976384871235583,,,,,> ~5 km / none found,False,12498.723565092383,12498.723565092383,12.5
25799,SULAWESI TENGAH,KAB. DONGGALA,Rio Pakava,-1.34448075,119.7452241,623340803819438079,,,,,> ~5 km / none found,False,12223.696808836965,12498.563610611587,12.5
27240,SULAWESI UTARA,KAB. BOLAANG MONGONDOW SELATAN,Posigadan,0.43454195,123.608004,623341570544402431,,,,,> ~5 km / none found,False,12494.642441033602,12494.642441033602,12.49
30102,MALUKU UTARA,KAB. HALMAHERA TENGAH,Pulau Gebe,-0.03198399,129.6017927,623530714400391167,,,,,> ~5 km / none found,False,12487.921031662525,12487.921031662525,12.49
88323,PAPUA SELATAN,KAB. ASMAT,Aswi,-6.10013894,138.55698736,624256214217359359,,,,,> ~5 km / none found,False,12487.720175416689,12487.720175416689,12.49
82798,SULAWESI TENGAH,KAB. MOROWALI UTARA,Mori Atas,-2.17911487,120.8944394,624121053807050751,,,,,> ~5 km / none found,False,9319.010627982667,12472.068144255038,12.47
85545,SUMATERA UTARA,KAB. NIAS SELATAN,Tanah Masa,-0.29523587,98.55005631,623974683174469631,7.0,,0.924,,> ~5 km / none found,True,898.6933549568506,12471.573385193973,12.47
42527,KALIMANTAN TENGAH,KAB. BARITO SELATAN,Dusun Utara,-1.48099417,114.7032196,623337114382532607,,,,,> ~5 km / none found,False,12471.012315497566,12471.012315497566,12.47
55285,PAPUA BARAT DAYA,KAB. RAJA AMPAT,Teluk Mayalibit,-0.20370816,130.8803696,623530327894523903,,,,,> ~5 km / none found,False,12458.317750911729,12458.317750911729,12.46
27234,PAPUA,KAB. KEPULAUAN YAPEN,Poom,-1.63576815,135.7080586,623511444903362559,,,,,> ~5 km / none found,False,12457.063929832051,12457.063929832051,12.46
83356,PAPUA,KAB. KEEROM,Kaisenar,-3.99485935,140.58742691,623516608083591167,,,,,> ~5 km / none found,False,5128.315454675846,12455.267930588807,12.46
71039,KALIMANTAN BARAT,KAB. KUBU RAYA,Batu Ampar,-0.61641344,109.779175,623971976646131711,,,,,> ~5 km / none found,False,12453.302490734191,12453.302490734191,12.45
68407,SULAWESI TENGAH,KAB. TOJO UNA UNA,Ampana Tete,-1.17029364,121.7986368,623341644584976383,,,,,> ~5 km / none found,False,12450.020132590906,12450.020132590906,12.45
38888,MALUKU,KAB. KEPULAUAN ARU,Pulau-Pulau Aru,-5.91253698,134.3544738,623512250315112447,,,,,> ~5 km / none found,False,12435.975669845966,12435.975669845966,12.44
90727,PAPUA,KAB. WAROPEN,Wonti,-2.41669539,136.71948712,623513968588226559,,,,,> ~5 km / none found,False,12434.290646746424,12434.290646746424,12.43
92473,PAPUA PEGUNUNGAN,KAB. NDUGA,Yal,-4.51279121,138.74636337,623511814408601599,25.0,,3.3,,> ~5 km / none found,True,3277.4619566566644,12431.220146199199,12.43
82459,JAMBI,KAB. BATANG HARI,Maro Sebo Ulu,-1.83847789,102.671973,623974245274812415,,,,,> ~5 km / none found,False,7607.431451282957,12423.979856096736,12.42
84130,SULAWESI TENGGARA,KAB. MUNA BARAT,Tiworo Utara,-4.5849597,122.3482723,624120966370754559,,,,,> ~5 km / none found,False,12410.934162606773,12410.934162606773,12.41
90048,PAPUA BARAT,KAB. TELUK WONDAMA,Roon,-2.37073218,134.51192409,623511332205756415,,,,,> ~5 km / none found,False,12407.2957115995,12407.2957115995,12.41
90311,PAPUA TENGAH,KAB. PUNCAK JAYA,Fawi,-3.35544115,137.50787465,623511906451488767,,,,,> ~5 km / none found,False,12397.95717425233,12397.95717425233,12.4
71337,MALUKU UTARA,KAB. HALMAHERA SELATAN,Obi,-1.4673752,127.7802226,624124660244709375,10.0,,1.32,,> ~5 km / none found,True,1218.9307913045818,12393.116846950892,12.39
17507,PAPUA TENGAH,KAB. MIMIKA,Hoya,-4.34086489,137.5495904,623511775506464767,,,,,> ~5 km / none found,False,12391.704304669212,12391.704304669212,12.39
93660,PAPUA TENGAH,KAB. DEIYAI,Bowobado,-4.21991023,136.76543535,623512033268826111,,,,,> ~5 km / none found,False,11440.695834404693,12390.856546377565,12.39
57536,PAPUA,KAB. KEEROM,Senggi,-3.52718056,140.4656688,623516856929976319,,,,,> ~5 km / none found,False,12389.236306893912,12389.236306893912,12.39
94001,PAPUA PEGUNUNGAN,KAB. NDUGA,Kegayem,-4.29972573,138.25854646,623511631965519871,,,,,> ~5 km / none found,False,12388.38397174595,12388.38397174595,12.39
7574,SULAWESI TENGAH,KAB. TOJO UNA UNA,Tojo,-1.38165657,121.2791016,623340848891363327,,,,,> ~5 km / none found,False,11821.610197437729,12386.245040177255,12.39
71541,PAPUA TENGAH,KAB. MIMIKA,Agimuga,-4.52141957,137.7402634,623511747056599039,,,,,> ~5 km / none found,False,12384.537338758379,12384.537338758379,12.38
5036,SUMATERA SELATAN,KAB. MUSI RAWAS UTARA,Karang Jaya,-2.79761328,102.6589908,623976294162694143,,,,,> ~5 km / none found,False,11108.949297407324,12383.824774052333,12.38
88611,MALUKU UTARA,KAB. HALMAHERA SELATAN,Kasiruta Barat,-0.38894019,127.149555,623529936859594751,,,,,> ~5 km / none found,False,12383.556162216588,12383.556162216588,12.38
93598,PAPUA SELATAN,KAB. MAPPI,Yakomi,-6.92385917,139.77463576,624256274091606015,,,,,> ~5 km / none found,False,10955.2890002165,12382.812720630454,12.38
26893,KALIMANTAN BARAT,KAB. KETAPANG,Kendawangan,-2.64220197,110.593751,623972033407156223,,,,,> ~5 km / none found,False,12381.411283136924,12381.411283136924,12.38
89432,PAPUA BARAT,KAB. TELUK WONDAMA,Wasior,-2.68342416,134.6171405,623511355880734719,,,,,> ~5 km / none found,False,12378.726202339974,12378.726202339974,12.38
81984,MALUKU,KAB. MALUKU BARAT DAYA,Wetar Utara,-7.65784082,126.455483,624123697030889471,,,,,> ~5 km / none found,False,12198.85735634787,12377.293992801948,12.38
86412,GORONTALO,KAB. BONE BOLANGO,Pinogu,0.61337188,123.4749067,623341563383054335,,,,,> ~5 km / none found,False,10248.52600991376,12368.740788010087,12.37
89469,PAPUA,KAB. SARMI,Apawer Hulu,-2.03464469,138.31791209,623511986597363711,,,,,> ~5 km / none found,False,12367.111736444209,12367.111736444209,12.37
42052,MALUKU,KAB. KEPULAUAN ARU,Aru Tengah Timur,-6.06006109,134.4978761,623513171760742399,,,,,> ~5 km / none found,False,12365.499048171894,12365.499048171894,12.37
69082,KALIMANTAN TENGAH,KAB. KATINGAN,Kamipang,-2.48353852,113.448502,623336261247926271,,,,,> ~5 km / none found,False,12362.52188146536,12362.52188146536,12.36
87962,PAPUA TENGAH,KAB. PANIAI,Dumadama,-3.9991565,136.99997727,623512020087144447,,,,,> ~5 km / none found,False,12360.145641944187,12360.145641944187,12.36
24784,KALIMANTAN UTARA,KAB. NUNUKAN,Sebuku,3.96891809,117.2339514,623338270781800447,,,,,> ~5 km / none found,False,11899.535706575924,12357.290126938078,12.36
88311,PAPUA SELATAN,KAB. ASMAT,Aswi,-6.11818906,138.48478426,624256215171170303,,,,,> ~5 km / none found,False,12350.900066744407,12350.900066744407,12.35
49562,KALIMANTAN BARAT,KAB. KAPUAS HULU,Selimbau,0.86268239,112.3526925,623338477371719679,,,,,> ~5 km / none found,False,12347.49635141529,12347.49635141529,12.35
72246,KALIMANTAN TENGAH,KAB. KATINGAN,Kamipang,-2.14034871,113.6148375,623336243912605695,,,,,> ~5 km / none found,False,10433.991634734293,12328.218787707061,12.33
50163,MALUKU,KAB. SERAM BAGIAN TIMUR,Pulau Panjang,-3.98416665,131.2103883,623514511636299775,,,,,> ~5 km / none found,False,12320.196221529575,12320.196221529575,12.32
20937,KALIMANTAN UTARA,KAB. MALINAU,Malinau Barat,3.27388971,116.7045796,623338245090082815,,,,,> ~5 km / none found,False,12319.032721675743,12319.032721675743,12.32
17079,SULAWESI TENGAH,KAB. BANGGAI,Toili Barat,-1.41304122,122.0769703,623341622322659327,,,,,> ~5 km / none found,False,12316.187775364358,12316.187775364358,12.32
16130,PAPUA TENGAH,KAB. PUNCAK,Pogoma,-3.75266106,137.7294645,623511659240259583,,,,,> ~5 km / none found,False,12312.340312697597,12312.340312697597,12.31
90207,PAPUA TENGAH,KAB. DEIYAI,Bowobado,-4.12620508,136.55751565,623512037697486847,,,,,> ~5 km / none found,False,12304.834272702414,12304.834272702414,12.3
89834,MALUKU UTARA,KAB. HALMAHERA SELATAN,Kasiruta Timur,-0.27299483,127.24043452,623529935938682879,,,,,> ~5 km / none found,False,6480.459480044819,12301.511477001026,12.3
36492,GORONTALO,KAB. POHUWATO,Wanggarasi,0.74087999,121.689488,623339668337524735,,,,,> ~5 km / none found,False,12301.168876194106,12301.168876194106,12.3
8906,GORONTALO,KAB. BOALEMO,Mananggu,0.8479931,122.1181608,623339714135883775,,,,,> ~5 km / none found,False,12300.707893829673,12300.707893829673,12.3
92804,PAPUA PEGUNUNGAN,KAB. YAHUKIMO,Kayo,-4.352584,139.15694163,623511855584378879,,,,,> ~5 km / none found,False,12288.733546694608,12288.733546694608,12.29
88415,PAPUA SELATAN,KAB. MAPPI,Passue Bawah,-5.97424474,139.42759318,624256158472372223,,,,,> ~5 km / none found,False,12278.306808059173,12278.306808059173,12.28
64043,SULAWESI SELATAN,KAB. PANGKAJENE KEPULAUAN,Liukang Tupabbiring Utara,-4.7050743,119.3290254,624118267790426111,,,,,> ~5 km / none found,False,12276.137297794177,12276.137297794177,12.28
92432,PAPUA PEGUNUNGAN,KAB. YAHUKIMO,Samenage,-4.3706097,139.03484386,623511855765946367,,,,,> ~5 km / none found,False,11704.4544131744,12270.064224847987,12.27
25479,KALIMANTAN TENGAH,KAB. MURUNG RAYA,Sumber Barito,-0.41346415,114.2183964,623335310735245311,,,,,> ~5 km / none found,False,7362.264138198708,12268.911613267328,12.27
82783,PAPUA TENGAH,KAB. PUNCAK,Mabugi,-3.8166471,137.5941214,623511657596157951,35.0,,4.62,,> ~5 km / none found,True,4460.385008735447,12265.54866223236,12.27
91453,PAPUA PEGUNUNGAN,KAB. YALIMO,Welarek,-3.98423751,139.40285995,623511701020114943,,,,,> ~5 km / none found,False,12263.163539427713,12263.163539427713,12.26
84624,KALIMANTAN TIMUR,KAB. BERAU,Segah,2.37436275,117.0214033,623338125745684479,,,,,> ~5 km / none found,False,12253.899806912032,12253.899806912032,12.25
87987,PAPUA TENGAH,KAB. PANIAI,Paniai Timur,-4.04225638,136.6164889,623512038141526015,,,,,> ~5 km / none found,False,12252.910814037632,12252.910814037632,12.25
8371,SULAWESI TENGGARA,KAB. KOLAKA,Wolo,-3.7305787,121.3646694,624120765346938879,,,,,> ~5 km / none found,False,8544.772417565207,12244.95337134434,12.24
70043,KALIMANTAN TENGAH,KAB. LAMANDAU,Belantikan Raya,-1.40829447,111.4797688,623972164523327487,5.0,,0.66,,> ~5 km / none found,True,634.824693854031,12242.789778730608,12.24
88567,PAPUA PEGUNUNGAN,KAB. NDUGA,Mapenduma,-4.30792162,138.24820135,623511631956672511,,,,,> ~5 km / none found,False,12238.51635463022,12238.51635463022,12.24
76353,SULAWESI TENGAH,KAB. BANGGAI,Bunta,-0.89533397,122.4119002,623341636052221951,,,,,> ~5 km / none found,False,6863.123188850329,12238.023656288857,12.24
74211,JAMBI,KAB. MUARO JAMBI,Kumpeh,-1.50831345,104.0615327,623969014812999679,,,,,> ~5 km / none found,False,12236.314242698147,12236.314242698147,12.24
60328,ACEH,KAB. ACEH BESAR,Lhoknga,5.4434039,95.1247549,623279269899370495,,,,,> ~5 km / none found,False,12229.373042820022,12229.373042820022,12.23
29751,MALUKU,KAB. KEPULAUAN ARU,Aru Tengah,-6.16804346,134.3236323,623512405945024511,,,,,> ~5 km / none found,False,11893.321360144757,12219.943301914147,12.22
90377,PAPUA PEGUNUNGAN,KAB. PEGUNUNGAN BINTANG,Kiwirok Timur,-4.78461128,140.78795184,623516724871135231,,,,,> ~5 km / none found,False,5047.6356263279995,12219.78913003779,12.22
72494,PAPUA SELATAN,KAB. MERAUKE,Tanah Miring,-8.17474408,140.5743254,624254464478314495,,,,,> ~5 km / none found,False,11710.966313147554,12213.688375414513,12.21
53008,PAPUA BARAT,KAB. MANOKWARI,Warmare,-1.05747163,133.77564954,623513439869960191,,,,,> ~5 km / none found,False,11612.933715766392,12201.056949484097,12.2
48181,KALIMANTAN BARAT,KAB. KUBU RAYA,Terentang,-0.38043928,109.8674215,623969875111837695,,,,,> ~5 km / none found,False,10168.696671921265,12198.803844249092,12.2
45007,PAPUA TENGAH,KAB. MIMIKA,Amar,-4.56165132,136.2795283,623513087566282751,,,,,> ~5 km / none found,False,12197.61585709523,12197.61585709523,12.2
87274,PAPUA BARAT DAYA,KAB. MAYBRAT,Aifat Selatan,-1.51559327,132.5949511,623514697098821631,5.0,,0.66,,> ~5 km / none found,True,742.386746993621,12197.013449634298,12.2
62051,MALUKU,KAB. SERAM BAGIAN BARAT,Taniwel Timur,-2.97438152,128.6825082,624125274525597695,,,,,> ~5 km / none found,False,6890.298916539865,12193.741451004633,12.19
87726,MALUKU UTARA,KAB. HALMAHERA SELATAN,Bacan Barat Utara,-0.436899,127.41582568,623529886081023999,,,,,> ~5 km / none found,False,12183.902479260005,12183.902479260005,12.18
91071,PAPUA TENGAH,KAB. PANIAI,Nakama,-3.75597614,136.14522644,623511303477067775,,,,,> ~5 km / none found,False,11352.172401243239,12175.739234358134,12.18
84375,MALUKU,KAB. MALUKU TENGAH,Telutih,-3.19292934,129.6451405,624125339806171135,,,,,> ~5 km / none found,False,12174.501573896678,12174.501573896678,12.17
86426,PAPUA BARAT,KAB. TELUK BINTUNI,Biscoop,-1.45736143,133.3637402,623513413513347071,,,,,> ~5 km / none found,False,12157.967869919,12157.967869919,12.16
18120,KALIMANTAN TIMUR,KAB. KUTAI KARTANEGARA,Tabang,0.5332376,115.8272139,623335203442851839,19.0,,2.508,,> ~5 km / none found,True,2157.454771168653,12157.372994363353,12.16
90554,PAPUA PEGUNUNGAN,KAB. MAMBERAMO TENGAH,Eragayam,-3.57566833,138.97926755,623511727171993599,,,,,> ~5 km / none found,False,12151.940892299961,12151.940892299961,12.15
24806,PAPUA,KAB. KEPULAUAN YAPEN,Yapen Barat,-1.67618183,135.7005653,623511445183627263,,,,,> ~5 km / none found,False,12150.271964986872,12150.271964986872,12.15
87246,PAPUA BARAT DAYA,KAB. TAMBRAUW,Mpur,-0.67862967,133.1175627,623513697082441727,,,,,> ~5 km / none found,False,12149.71766618682,12149.71766618682,12.15
88710,PAPUA BARAT DAYA,KAB. TAMBRAUW,Syujak,-0.63808086,132.40753363,623513687590600703,,,,,> ~5 km / none found,False,12147.750779620084,12147.750779620084,12.15
91655,PAPUA,KAB. MAMBERAMO RAYA,Benuki,-2.05037961,137.6368064,623514027352588287,,,,,> ~5 km / none found,False,11635.189647191462,12144.53932259075,12.14
88885,PAPUA,KAB. WAROPEN,Inggerus,-2.87354859,136.56950638,623511136269533183,,,,,> ~5 km / none found,False,5934.10530699281,12138.868127985914,12.14
77779,KALIMANTAN TENGAH,KAB. BARITO UTARA,Lahei,-0.30831089,115.1508834,623335395388981247,,,,,> ~5 km / none found,False,12138.081672296736,12138.081672296736,12.14
93302,PAPUA PEGUNUNGAN,KAB. NDUGA,Yigi,-4.09196297,138.41617091,623511630843871231,,,,,> ~5 km / none found,False,12133.787933835069,12133.787933835069,12.13
90405,PAPUA SELATAN,KAB. BOVEN DIGOEL,Bomakia,-5.71591883,139.78484646,624256147158859775,,,,,> ~5 km / none found,False,12129.02870090802,12129.02870090802,12.13
10802,ACEH,KAB. ACEH TENGGARA,Darul Hasanah,3.56877216,97.60578724,623274225419747327,,,,,> ~5 km / none found,False,11058.878635309618,12128.310581421587,12.13
56176,LAMPUNG,KAB. LAMPUNG TIMUR,Labuhan Ratu,-4.98898841,105.7666119,623971596977143807,,,,,> ~5 km / none found,False,11674.620177032444,12120.765334624128,12.12
82852,NUSA TENGGARA BARAT,KAB. SUMBAWA BARAT,Jereweh,-8.8990394,117.0056021,624129335684988927,,,,,> ~5 km / none found,False,11156.041904265252,12117.459204489134,12.12
89424,PAPUA BARAT DAYA,KAB. TAMBRAUW,Syujak,-0.6521519,132.5213786,623513686917939199,,,,,> ~5 km / none found,False,12115.937805098432,12115.937805098432,12.12
89971,PAPUA,KAB. WAROPEN,Oudate,-2.39234084,136.33891183,623513959672446975,,,,,> ~5 km / none found,False,12110.79236587629,12110.79236587629,12.11
86861,MALUKU UTARA,KAB. PULAU TALIABU,Taliabu Timur Selatan,-1.85035512,125.1742539,624125009078616063,,,,,> ~5 km / none found,False,9285.482044461793,12103.383656256507,12.1
86797,MALUKU UTARA,KAB. HALMAHERA SELATAN,Bacan Barat Utara,-0.36720486,127.3929147,623529889929854975,,,,,> ~5 km / none found,False,12102.262700327836,12102.262700327836,12.1
10347,KALIMANTAN BARAT,KAB. KAPUAS HULU,Kalis,0.62393095,113.148929,623338529925332991,34.0,,4.488,,> ~5 km / none found,True,3982.9593545525813,12101.098762521067,12.1
83074,PAPUA TENGAH,KAB. PUNCAK,Pogoma,-3.80850246,137.6189135,623511657608937471,,,,,> ~5 km / none found,False,7335.460753589244,12094.685314352051,12.09
6878,KALIMANTAN TENGAH,KAB. KAPUAS,Mantangai,-2.17261144,114.3593816,623336326429442047,,,,,> ~5 km / none found,False,12088.555155486976,12088.555155486976,12.09
45096,PAPUA TENGAH,KAB. MIMIKA,Jita,-4.75491813,137.7382448,623511741104685055,,,,,> ~5 km / none found,False,11612.855418341764,12084.304862355135,12.08
91446,PAPUA PEGUNUNGAN,KAB. YALIMO,Welarek,-4.01295439,139.36188105,623511700854046719,,,,,> ~5 km / none found,False,12078.111381652398,12078.111381652398,12.08
46997,SULAWESI TENGAH,KAB. TOJO UNA UNA,Tojo Barat,-1.53275793,120.9318167,623340837983584255,21.0,,2.772,,> ~5 km / none found,True,2509.6514512540743,12076.523275407273,12.08
90977,PAPUA BARAT,KAB. PEGUNUNGAN ARFAK,Testega,-1.45624925,133.48996828,623513393130274815,,,,,> ~5 km / none found,False,12071.265408674555,12071.265408674555,12.07
90537,PAPUA BARAT DAYA,KAB. TAMBRAUW,Amberbaken,-0.68514763,132.94673166,623513695985565695,,,,,> ~5 km / none found,False,12069.2066463212,12069.2066463212,12.07
2991,KALIMANTAN TENGAH,KAB. MURUNG RAYA,Seribu Riam,-0.01816095,113.8934933,623335547634122751,,,,,> ~5 km / none found,False,12067.625852007768,12067.625852007768,12.07
82884,PAPUA TENGAH,KAB. PUNCAK,Erelmakawia,-4.12492985,137.6394055,623511627567267839,,,,,> ~5 km / none found,False,12066.749173991488,12066.749173991488,12.07
93731,PAPUA PEGUNUNGAN,KAB. YALIMO,Welarek,-3.95795058,139.41726339,623511698415386623,,,,,> ~5 km / none found,False,12063.884268914944,12063.884268914944,12.06
92639,PAPUA PEGUNUNGAN,KAB. YAHUKIMO,Obio,-4.62861006,139.20330359,623511825518985215,,,,,> ~5 km / none found,False,12063.596820591805,12063.596820591805,12.06
92264,PAPUA PEGUNUNGAN,KAB. PEGUNUNGAN BINTANG,Jetfa,-4.08678035,140.50060231,623517008180903935,,,,,> ~5 km / none found,False,8067.596278046806,12059.55378590484,12.06
92537,PAPUA PEGUNUNGAN,KAB. YAHUKIMO,Ukha,-4.33148961,138.95465733,623511859498418175,,,,,> ~5 km / none found,False,11658.578502495533,12051.195655323414,12.05
75775,PAPUA BARAT,KAB. FAK FAK,Fakfak Timur Tengah,-2.95624822,132.55601169,623514597943017471,,,,,> ~5 km / none found,False,11388.377203000922,12051.164760133106,12.05
50325,PAPUA BARAT DAYA,KAB. RAJA AMPAT,Tiplol Mayalibit,-0.18468045,130.6459817,623530315344314367,,,,,> ~5 km / none found,False,12050.852258925952,12050.852258925952,12.05
86660,PAPUA TENGAH,KAB. PUNCAK,Ogamanim,-3.74026094,137.5344388,623512030600069119,,,,,> ~5 km / none found,False,8444.936161776246,12050.683099821881,12.05
53545,PAPUA TENGAH,KAB. MIMIKA,Tembagapura,-4.10959325,137.2145662,623512047117074431,,,,,> ~5 km / none found,False,12048.759944713272,12048.759944713272,12.05
71880,JAMBI,KAB. MUARO JAMBI,Kumpeh,-1.53686824,104.0458522,623969014778003455,,,,,> ~5 km / none found,False,11935.265780687618,12047.160623796823,12.05
90945,PAPUA BARAT,KAB. TELUK WONDAMA,Roon,-2.37481949,134.53008522,623511344634101759,,,,,> ~5 km / none found,False,12046.977663489912,12046.977663489912,12.05
89860,PAPUA,KAB. WAROPEN,Oudate,-2.22471662,136.25913445,623513964448612351,,,,,> ~5 km / none found,False,12046.006576058384,12046.006576058384,12.05
60584,PAPUA TENGAH,KAB. NABIRE,Dipa,-3.69400777,135.7150912,623511294826020863,,,,,> ~5 km / none found,False,12043.775211746963,12043.775211746963,12.04
40337,RIAU,KAB. INDRAGIRI HILIR,Tanah Merah,-0.48953372,103.5080152,623969238381527039,,,,,> ~5 km / none found,False,12042.040641017938,12042.040641017938,12.04
88449,PAPUA SELATAN,KAB. ASMAT,Kopay,-6.29441983,138.61521988,624255984990846975,,,,,> ~5 km / none found,False,12035.818008054217,12035.818008054217,12.04
89682,PAPUA PEGUNUNGAN,KAB. TOLIKARA,Gundagi,-3.41912888,138.29311019,623511653456117759,,,,,> ~5 km / none found,False,12031.485388917154,12031.485388917154,12.03
90426,PAPUA TENGAH,KAB. PUNCAK JAYA,Lumo,-3.59335786,137.81266368,623511657109553151,,,,,> ~5 km / none found,False,12029.985999385894,12029.985999385894,12.03
89613,PAPUA BARAT,KAB. TELUK WONDAMA,Roon,-2.37431288,134.523179,623511332199989247,,,,,> ~5 km / none found,False,12028.148240762508,12028.148240762508,12.03
86476,SUMATERA UTARA,KAB. NIAS BARAT,Sirombu,0.86079933,97.33216894,623281541034737663,16.0,,2.112,,> ~5 km / none found,True,2342.661043063026,12024.70803909104,12.02
92108,PAPUA PEGUNUNGAN,KAB. YAHUKIMO,Hilipuk,-4.57705586,139.3712016,623511819141939199,,,,,> ~5 km / none found,False,12018.631172001591,12018.631172001591,12.02
92373,PAPUA SELATAN,KAB. MAPPI,Ti  Zain,-5.41002806,139.68723845,624256110828552191,,,,,> ~5 km / none found,False,12016.92470948209,12016.92470948209,12.02
82228,PAPUA TENGAH,KAB. PUNCAK,Sinak Barat,-3.79053604,137.711422,623511657519546367,,,,,> ~5 km / none found,False,12016.514694842142,12016.514694842142,12.02
48055,SULAWESI TENGAH,KAB. BUOL,Tiloan,0.87850174,121.1057407,623341017435930623,,,,,> ~5 km / none found,False,6017.754178692636,12007.279460880654,12.01
61488,MALUKU UTARA,KAB. PULAU MOROTAI,Morotai Utara,2.31843626,128.5312027,623530136659361791,,,,,> ~5 km / none found,False,11545.1687514374,12002.022789397384,12.0
48638,KALIMANTAN BARAT,KAB. KAPUAS HULU,Selimbau,0.84280545,112.3078181,623338473953558527,,,,,> ~5 km / none found,False,11998.266719914629,11998.266719914629,12.0
91514,PAPUA PEGUNUNGAN,KAB. YALIMO,Apalapsili,-3.97554332,139.23016753,623511704849121279,,,,,> ~5 km / none found,False,11998.052363520066,11998.052363520066,12.0
46383,PAPUA TENGAH,KAB. MIMIKA,Jila,-4.29446345,137.706751,623511777078738943,,,,,> ~5 km / none found,False,11986.634819009023,11986.634819009023,11.99
87509,PAPUA BARAT DAYA,KAB. MAYBRAT,Aifat Timur Tengah,-1.1705706,132.64168976,623514739835043839,,,,,> ~5 km / none found,False,11977.994766835473,11977.994766835473,11.98
88049,PAPUA,KAB. SARMI,Bonggo Timur,-2.47775539,139.61598157,623518890662690815,,,,,> ~5 km / none found,False,11977.07617526204,11977.07617526204,11.98
28638,KALIMANTAN BARAT,KAB. SINTANG,Ambalau,-0.28537921,113.1235545,623338645644410879,,,,,> ~5 km / none found,False,11968.605160958794,11968.605160958794,11.97
71799,KALIMANTAN BARAT,KAB. KAPUAS HULU,Suhaid,0.89515931,112.0700637,623338480831627263,,,,,> ~5 km / none found,False,9580.845322970836,11968.483238754745,11.97
53443,KALIMANTAN BARAT,KAB. KAPUAS HULU,Selimbau,0.88073095,112.1967425,623338480153690111,,,,,> ~5 km / none found,False,11964.25129659557,11964.25129659557,11.96
82018,SULAWESI TENGGARA,KAB. MUNA BARAT,Tiworo Utara,-4.5832368,122.3258968,624120966350962687,,,,,> ~5 km / none found,False,11962.855347368077,11962.855347368077,11.96
49824,SUMATERA BARAT,KAB. SOLOK,Tigo Lurah,-1.1343375,101.1018858,623973963502944255,,,,,> ~5 km / none found,False,11959.847244623365,11959.847244623365,11.96
56345,SULAWESI UTARA,KAB. BOLAANG MONGONDOW UTARA,Bintauna,0.7195762,123.5323759,623340515954851839,34.0,,4.488,,> ~5 km / none found,True,3961.238521944885,11958.518199585618,11.96
84811,PAPUA BARAT,KAB. FAK FAK,Karas,-3.40021671,132.74415136,623514563013181439,,,,,> ~5 km / none found,False,11950.42133399647,11950.42133399647,11.95
83243,MALUKU,KAB. SERAM BAGIAN TIMUR,Siwalalat,-3.22456473,129.91626,624125369237078015,,,,,> ~5 km / none found,False,10461.825665994398,11943.797045273064,11.94
16848,SULAWESI TENGAH,KAB. BANGGAI,Toili Barat,-1.48656919,122.071282,623341622571761663,,,,,> ~5 km / none found,False,11941.532340222162,11941.532340222162,11.94
93606,PAPUA SELATAN,KAB. ASMAT,Kolf Braza,-5.20613331,139.69244117,624256129372127231,,,,,> ~5 km / none found,False,11933.8959129332,11933.8959129332,11.93
74391,KALIMANTAN TENGAH,KAB. KATINGAN,Mendawai,-2.89031286,113.3744671,623336491951226879,,,,,> ~5 km / none found,False,6971.1130147569565,11929.67832268534,11.93
88285,PAPUA SELATAN,KAB. ASMAT,Joerat,-5.26625841,138.2391066,624256205162184703,,,,,> ~5 km / none found,False,11928.438759647435,11928.438759647435,11.93
93961,PAPUA PEGUNUNGAN,KAB. NDUGA,Moba,-4.53648873,138.78408844,623511814532071423,,,,,> ~5 km / none found,False,5561.511905691638,11918.677680267194,11.92
90301,PAPUA BARAT DAYA,KAB. SORONG SELATAN,Kokoda,-2.13321557,132.55275033,623514723986472959,,,,,> ~5 km / none found,False,11916.411185760202,11916.411185760202,11.92
90359,PAPUA PEGUNUNGAN,KAB. NDUGA,Mapenduma,-4.25102195,138.25092901,623511631573680127,,,,,> ~5 km / none found,False,11906.361089515985,11906.361089515985,11.91
12989,KALIMANTAN BARAT,KAB. KAPUAS HULU,Putussibau Utara,1.15598416,112.8309846,623338540562186239,,,,,> ~5 km / none found,False,11415.4656162722,11902.97161408755,11.9
91252,PAPUA,KAB. MAMBERAMO RAYA,Waropen Atas,-2.41583204,137.20208309,623511913152282623,,,,,> ~5 km / none found,False,10008.811267919313,11898.870145139324,11.9
91080,PAPUA TENGAH,KAB. PUNCAK JAYA,Dagai,-3.3206833,137.9254552,623511638375235583,,,,,> ~5 km / none found,False,11897.093943474372,11897.093943474372,11.9
93971,PAPUA PEGUNUNGAN,KAB. TOLIKARA,Wina,-3.45957865,138.24296598,623511609758810111,,,,,> ~5 km / none found,False,11895.391499595742,11895.391499595742,11.9
89512,PAPUA PEGUNUNGAN,KAB. NDUGA,Embetpen,-4.48150444,138.65837564,623511862554853375,,,,,> ~5 km / none found,False,11419.405920722724,11891.919973231119,11.89
75798,KALIMANTAN UTARA,KAB. NUNUKAN,Sembakung,3.7809984,117.4461715,623338234756431871,,,,,> ~5 km / none found,False,11883.00021673985,11883.00021673985,11.88
11147,SULAWESI TENGAH,KAB. TOJO UNA UNA,Tojo,-1.29054799,121.3431457,623340849298767871,,,,,> ~5 km / none found,False,11880.401599584296,11880.401599584296,11.88
64519,SUMATERA UTARA,KAB. NIAS SELATAN,Pulau-Pulau Batu Barat,-0.1383821,98.1861823,623974762648272895,,,,,> ~5 km / none found,False,11878.948722504996,11878.948722504996,11.88
17180,KALIMANTAN UTARA,KAB. TANA TIDUNG,Sesayap Hilir,3.68137108,117.0605565,623338240323813375,,,,,> ~5 km / none found,False,7336.445382995646,11874.005892030442,11.87
89147,PAPUA TENGAH,KAB. PUNCAK JAYA,Torere,-3.23245215,138.06019396,623511639983685631,,,,,> ~5 km / none found,False,11872.29191059036,11872.29191059036,11.87
37073,MALUKU,KAB. MALUKU BARAT DAYA,Wetar Timur,-7.71995624,126.516781,624123699827671039,,,,,> ~5 km / none found,False,11869.327284243178,11869.327284243178,11.87
86093,KALIMANTAN TIMUR,KAB. KUTAI BARAT,Bongan,-0.90288387,116.3371559,623337174489792511,,,,,> ~5 km / none found,False,11869.101363346741,11869.101363346741,11.87
41963,ACEH,KAB. BIREUEN,Peudada,4.97276391,96.56350813,623279484732997631,,,,,> ~5 km / none found,False,10584.786984822556,11868.402580909127,11.87
77597,SULAWESI TENGAH,KAB. MOROWALI UTARA,Mori Atas,-2.19371233,121.0704032,624121135567929343,,,,,> ~5 km / none found,False,11865.876658084415,11865.876658084415,11.87
92325,PAPUA PEGUNUNGAN,KAB. YAHUKIMO,Suntamon,-4.89589336,140.21316882,623516993618477055,,,,,> ~5 km / none found,False,11860.616754543673,11860.616754543673,11.86
90944,PAPUA BARAT,KAB. TELUK WONDAMA,Wasior,-2.72269267,134.61966605,623511358495227903,,,,,> ~5 km / none found,False,11854.918139137326,11854.918139137326,11.85
86253,ACEH,KAB. ACEH JAYA,Sampoi Niet,4.97314557,95.60320308,623279083067441151,,,,,> ~5 km / none found,False,11134.995026582304,11850.971531862659,11.85
85993,ACEH,KAB. SIMEULUE,Simeulue Timur,2.65088542,96.37473135,623281468972695551,,,,,> ~5 km / none found,False,11839.297008700694,11839.297008700694,11.84
21562,MALUKU,KAB. KEPULAUAN ARU,Aru Selatan Timur,-6.6101924,134.4494692,623512371529809919,,,,,> ~5 km / none found,False,11836.501377667166,11836.501377667166,11.84
85561,SUMATERA UTARA,KAB. NIAS SELATAN,Tanah Masa,-0.29123743,98.52071373,623974679002185727,17.0,,2.244,,> ~5 km / none found,True,2339.522122480781,11833.978854593595,11.83
83464,SULAWESI TENGGARA,KAB. MUNA BARAT,Tiworo Utara,-4.64417437,122.3276647,624120969000255487,,,,,> ~5 km / none found,False,11832.735943513566,11832.735943513566,11.83
93809,PAPUA PEGUNUNGAN,KAB. YAHUKIMO,Wusama,-4.60191536,138.84410917,623511810146009087,,,,,> ~5 km / none found,False,11821.45755361878,11821.45755361878,11.82
90522,PAPUA BARAT DAYA,KAB. SORONG SELATAN,Matemani,-2.02393317,132.11862232,623514715369537535,,,,,> ~5 km / none found,False,11816.19269794472,11816.19269794472,11.82
88324,PAPUA SELATAN,KAB. ASMAT,Aswi,-6.08122104,138.49352586,624256215466704895,,,,,> ~5 km / none found,False,11815.283586719625,11815.283586719625,11.82
88598,PAPUA BARAT DAYA,KAB. TAMBRAUW,Manekar,-0.9607312,133.16231511,623513694933286911,,,,,> ~5 km / none found,False,11815.075802856409,11815.075802856409,11.82
80105,JAMBI,KAB. MERANGIN,Tabir Barat,-1.92368835,101.766575,623974235614281727,,,,,> ~5 km / none found,False,11812.233840676274,11812.233840676274,11.81
5614,KALIMANTAN BARAT,KAB. KAPUAS HULU,Putussibau Utara,1.20261526,112.7651106,623338540908576767,,,,,> ~5 km / none found,False,9648.0496207112,11804.88370194472,11.8
92516,PAPUA PEGUNUNGAN,KAB. NDUGA,Mapenduma,-4.3116938,138.26624784,623511631976693759,,,,,> ~5 km / none found,False,11802.60168513923,11802.60168513923,11.8
89120,PAPUA PEGUNUNGAN,KAB. YAHUKIMO,Holuwon,-4.53669552,139.3997409,623511824239263743,,,,,> ~5 km / none found,False,11799.55102207468,11799.55102207468,11.8
42693,KALIMANTAN SELATAN,KAB. HULU SUNGAI SELATAN,Daha Utara,-2.55045623,114.9989028,623337197505380351,,,,,> ~5 km / none found,False,11796.353618371944,11796.353618371944,11.8
92200,PAPUA PEGUNUNGAN,KAB. YAHUKIMO,Kwelamdua,-4.6543678,139.72892845,623516981482717183,,,,,> ~5 km / none found,False,11794.967386766366,11794.967386766366,11.79
90994,PAPUA SELATAN,KAB. BOVEN DIGOEL,Manggelum,-5.4247082,140.43567566,623516711053066239,,,,,> ~5 km / none found,False,11782.296243950055,11782.296243950055,11.78
45269,KALIMANTAN UTARA,KAB. MALINAU,Malinau Selatan Hulu,2.82966946,116.3357643,623337934141489151,,,,,> ~5 km / none found,False,11781.898144663935,11781.898144663935,11.78
74544,ACEH,KAB. PIDIE,Mane,4.99163382,96.12887843,623279080957673471,,,,,> ~5 km / none found,False,8804.718694939193,11772.845415249069,11.77
16510,KALIMANTAN UTARA,KAB. MALINAU,Sungai Boh,1.48587632,115.502912,623335488715063295,17.0,,2.244,,> ~5 km / none found,True,1924.868403170364,11758.20375608736,11.76
49079,PAPUA BARAT,KAB. TELUK WONDAMA,Roon,-2.37495328,134.5460239,623511344631480319,,,,,> ~5 km / none found,False,11751.027970823876,11751.027970823876,11.75
31013,PAPUA,KAB. KEPULAUAN YAPEN,Raimbawi,-1.7836384,136.8729186,623513941929558015,,,,,> ~5 km / none found,False,10265.934285174686,11748.657553619543,11.75
46086,ACEH,KAB. ACEH TENGAH,Linge,4.2971214,96.92515051,623279505239539711,,,,,> ~5 km / none found,False,11493.32745908462,11738.684978552139,11.74
93776,PAPUA PEGUNUNGAN,KAB. NDUGA,Moba,-4.55116019,138.80113044,623511810666758143,,,,,> ~5 km / none found,False,7756.063803899986,11735.40849672953,11.74
80100,PAPUA TENGAH,KAB. PUNCAK,Pogoma,-3.80451286,137.6623519,623511657813934079,,,,,> ~5 km / none found,False,11731.378909646353,11731.378909646353,11.73
86582,PAPUA TENGAH,KAB. PUNCAK,Omukia,-4.06760986,137.500456,623512027875344383,,,,,> ~5 km / none found,False,11731.182531280136,11731.182531280136,11.73
51057,MALUKU,KAB. KEPULAUAN TANIMBAR,Wertamrian,-7.6705891,131.3678809,624106991002615807,,,,,> ~5 km / none found,False,5031.283291780654,11728.40128704748,11.73
10424,SULAWESI TENGGARA,KAB. KONAWE,Soropia,-3.9787652,122.7607348,624126145155858431,,,,,> ~5 km / none found,False,11725.72418890757,11725.72418890757,11.73
94074,PAPUA PEGUNUNGAN,KAB. TOLIKARA,Dundu,-3.42094808,138.39634786,623511646909923327,,,,,> ~5 km / none found,False,11724.221285006288,11724.221285006288,11.72
94075,PAPUA PEGUNUNGAN,KAB. TOLIKARA,Dundu,-3.42094808,138.39634786,623511646909923327,,,,,> ~5 km / none found,False,11724.221285006288,11724.221285006288,11.72
25113,KALIMANTAN BARAT,KAB. SINTANG,Serawai,-0.60695128,112.580904,623338657760641023,,,,,> ~5 km / none found,False,9391.65832671871,11718.189035176052,11.72
41431,MALUKU,KAB. KEPULAUAN ARU,Aru Utara Timur Batuley,-5.76765362,134.7075114,623513157049745407,,,,,> ~5 km / none found,False,6352.794967971905,11715.89472977269,11.72
88539,PAPUA TENGAH,KAB. INTAN JAYA,Ugimba,-3.85127452,137.02846625,623512016678158335,,,,,> ~5 km / none found,False,10858.13939271614,11712.75086897932,11.71
27190,PAPUA,KAB. KEPULAUAN YAPEN,Poom,-1.6508969,135.70979023,623511445149122559,,,,,> ~5 km / none found,False,11712.25318191459,11712.25318191459,11.71
29289,MALUKU,KAB. KEPULAUAN ARU,Aru Tengah,-5.93766842,134.4607489,623513171857014783,,,,,> ~5 km / none found,False,11711.735361466737,11711.735361466737,11.71
89334,PAPUA,KAB. MAMBERAMO RAYA,Mamberamo Hilir,-2.10728332,137.93651473,623514034696421375,32.0,,4.224,,> ~5 km / none found,True,4412.698577814433,11706.134318305334,11.71
17928,SULAWESI TENGAH,KAB. MOROWALI,Bahodopi,-2.94305842,122.0726422,624120859177222143,,,,,> ~5 km / none found,False,8664.51689480973,11703.5146105676,11.7
15094,SULAWESI TENGAH,KAB. PARIGI MOUTONG,Moutong,0.60476718,121.1420915,623340987380826111,,,,,> ~5 km / none found,False,9707.899578303244,11692.287170259866,11.69
93823,PAPUA PEGUNUNGAN,KAB. NDUGA,Kegayem,-4.2808251,138.25800436,623511632040099839,,,,,> ~5 km / none found,False,11678.082442361134,11678.082442361134,11.68
91457,PAPUA PEGUNUNGAN,KAB. YALIMO,Welarek,-4.17540157,139.24519294,623511854699085823,,,,,> ~5 km / none found,False,11675.908986570352,11675.908986570352,11.68
71988,RIAU,KAB. SIAK,Sungai Apit,0.7009782,102.736637,623276129933492223,,,,,> ~5 km / none found,False,11668.742393743112,11668.742393743112,11.67
83318,MALUKU,KAB. SERAM BAGIAN TIMUR,Kilmury,-3.62643261,130.6280202,624123325506191359,,,,,> ~5 km / none found,False,11241.30611261507,11665.300950056073,11.67
20942,KALIMANTAN TENGAH,KAB. PULANG PISAU,Kahayan Tengah,-2.15352655,114.0742948,623336321330053119,,,,,> ~5 km / none found,False,8555.557930688548,11649.966848557933,11.65
20583,SULAWESI SELATAN,KAB. KEPULAUAN SELAYAR,Pasimarannu,-7.30494031,120.9894685,624119979999559679,29.0,,3.828,,> ~5 km / none found,True,3444.220278201095,11640.563174652503,11.64
69274,MALUKU,KAB. SERAM BAGIAN TIMUR,Siwalalat,-3.26887371,130.0203167,624125368597086207,,,,,> ~5 km / none found,False,9803.669689440732,11639.56007345347,11.64
92174,PAPUA TENGAH,KAB. PANIAI,Paniai Timur,-3.88982217,136.60200252,623512071605092351,,,,,> ~5 km / none found,False,11633.36275696067,11633.36275696067,11.63
90031,PAPUA TENGAH,KAB. DOGIYAI,Piyaiye,-3.96640118,135.65457845,623511264673103871,,,,,> ~5 km / none found,False,11631.638328749053,11631.638328749053,11.63
92838,PAPUA PEGUNUNGAN,KAB. YAHUKIMO,Soba,-4.32115211,139.19126035,623511853201850367,,,,,> ~5 km / none found,False,11631.090394195915,11631.090394195915,11.63
93632,PAPUA TENGAH,KAB. DEIYAI,Bowobado,-4.27503271,136.34413945,623511272212070399,,,,,> ~5 km / none found,False,11627.40273952567,11627.40273952567,11.63
25431,KALIMANTAN UTARA,KAB. MALINAU,Mentarang Hulu,3.88143345,116.0995908,623338199401791487,,,,,> ~5 km / none found,False,9029.408833381396,11626.446628790281,11.63
40368,MALUKU,KAB. BURU SELATAN,Kepala Madan,-3.41174236,126.1849964,624122710081273855,,,,,> ~5 km / none found,False,11623.423432890873,11623.423432890873,11.62
24586,KALIMANTAN TENGAH,KAB. MURUNG RAYA,Sumber Barito,-0.3969167,114.196446,623335310306803711,,,,,> ~5 km / none found,False,5845.324808961861,11619.718079764112,11.62
25942,KALIMANTAN TIMUR,KAB. PASER,Tanjung Harapan,-2.17171943,116.4513526,623336904204845055,,,,,> ~5 km / none found,False,11618.854405988015,11618.854405988015,11.62
91081,PAPUA TENGAH,KAB. PUNCAK JAYA,Dagai,-3.29235351,137.9973982,623511638045818879,,,,,> ~5 km / none found,False,11608.008177798474,11608.008177798474,11.61
91950,PAPUA,KAB. MAMBERAMO RAYA,Sawai,-2.10439607,137.2875915,623514032817700863,,,,,> ~5 km / none found,False,11604.783902237128,11604.783902237128,11.6
8369,KALIMANTAN TENGAH,KAB. MURUNG RAYA,Uut Murung,0.32966181,114.5649737,623335187531300863,,,,,> ~5 km / none found,False,11603.654078112522,11603.654078112522,11.6
25518,KALIMANTAN BARAT,KAB. SINTANG,Serawai,-0.14699503,112.6198617,623338641386930175,29.0,,3.828,,> ~5 km / none found,True,3474.766138479937,11600.357577300645,11.6
93305,PAPUA PEGUNUNGAN,KAB. NDUGA,Mbua Tengah,-4.42935513,138.49296986,623511862099279871,,,,,> ~5 km / none found,False,10891.646589344988,11595.470927273485,11.6
16508,KALIMANTAN TIMUR,KAB. KUTAI KARTANEGARA,Muara Kaman,0.12120662,116.9258727,623336138597531647,12.0,,1.584,,> ~5 km / none found,True,1573.4943952014007,11592.634730860265,11.59
82727,NUSA TENGGARA BARAT,KAB. SUMBAWA,Labuhan Badas,-8.1445308,117.3911007,624119256187895807,,,,,> ~5 km / none found,False,11590.112399930837,11590.112399930837,11.59
60811,SULAWESI TENGGARA,KAB. MUNA,Marobo,-5.02172779,122.2700361,624118931953188863,,,,,> ~5 km / none found,False,11589.037690247987,11589.037690247987,11.59
81085,SULAWESI TENGGARA,KAB. KOLAKA,Wolo,-3.80959741,121.4154722,624120761827753983,,,,,> ~5 km / none found,False,6958.995943220937,11583.372562964427,11.58
90205,PAPUA PEGUNUNGAN,KAB. PEGUNUNGAN BINTANG,Oklip,-4.76932437,140.75706537,623516724916781055,14.0,,1.848,,> ~5 km / none found,True,1800.1754102412215,11576.963784255058,11.58
78048,KALIMANTAN BARAT,KAB. KAPUAS HULU,Bunut Hulu,0.27917749,112.7545213,623338672769597439,,,,,> ~5 km / none found,False,11574.407648025788,11574.407648025788,11.57
19119,ACEH,KAB. ACEH TENGGARA,Darul Hasanah,3.5954589,97.58700511,623274227995082751,,,,,> ~5 km / none found,False,11043.570717518742,11572.377852523832,11.57
93156,PAPUA PEGUNUNGAN,KAB. NDUGA,Wutpaga,-4.042087,138.223751,623511634153111551,21.0,,2.772,,> ~5 km / none found,True,2626.89256441936,11565.062848262383,11.57
93205,PAPUA PEGUNUNGAN,KAB. NDUGA,Wutpaga,-4.042087,138.223751,623511634153111551,21.0,,2.772,,> ~5 km / none found,True,2626.89256441936,11565.062848262383,11.57
93154,PAPUA PEGUNUNGAN,KAB. NDUGA,Wutpaga,-4.042087,138.223751,623511634153111551,21.0,,2.772,,> ~5 km / none found,True,2626.89256441936,11565.062848262383,11.57
93202,PAPUA PEGUNUNGAN,KAB. NDUGA,Krepkuri,-4.042087,138.223751,623511634153111551,21.0,,2.772,,> ~5 km / none found,True,2626.89256441936,11565.062848262383,11.57
93157,PAPUA PEGUNUNGAN,KAB. NDUGA,Wutpaga,-4.042087,138.223751,623511634153111551,21.0,,2.772,,> ~5 km / none found,True,2626.89256441936,11565.062848262383,11.57
93155,PAPUA PEGUNUNGAN,KAB. NDUGA,Wutpaga,-4.042087,138.223751,623511634153111551,21.0,,2.772,,> ~5 km / none found,True,2626.89256441936,11565.062848262383,11.57
92876,PAPUA PEGUNUNGAN,KAB. NDUGA,Wutpaga,-4.042087,138.223751,623511634153111551,21.0,,2.772,,> ~5 km / none found,True,2626.89256441936,11565.062848262383,11.57
88855,PAPUA BARAT,KAB. KAIMANA,Teluk Arguni Atas,-2.87068122,133.87378887,623511502531428351,,,,,> ~5 km / none found,False,10593.934420444826,11563.351733562713,11.56
91713,PAPUA TENGAH,KAB. PUNCAK JAYA,Kiyage,-3.41655646,137.9579852,623511640357306367,,,,,> ~5 km / none found,False,11563.036459684668,11563.036459684668,11.56
15557,GORONTALO,KAB. POHUWATO,Taluditi,0.7497247,121.7693866,623339668227358719,,,,,> ~5 km / none found,False,11321.786193237118,11561.008256103298,11.56
30051,MALUKU,KAB. KEPULAUAN ARU,Pulau-Pulau Aru,-5.58625367,134.3215797,623512252186492927,,,,,> ~5 km / none found,False,11556.548797512658,11556.548797512658,11.56
85061,PAPUA TENGAH,KAB. PUNCAK,Erelmakawia,-4.09942445,137.5776812,623512027942911999,,,,,> ~5 km / none found,False,11555.89352429161,11555.89352429161,11.56
89879,PAPUA,KAB. MAMBERAMO RAYA,Waropen Atas,-2.4064335,137.06667185,623511919319351295,,,,,> ~5 km / none found,False,11545.703964212935,11545.703964212935,11.55
89588,PAPUA PEGUNUNGAN,KAB. PEGUNUNGAN BINTANG,Okbibab,-4.70912072,140.57467685,623516728255741951,,,,,> ~5 km / none found,False,11543.220201645927,11543.220201645927,11.54
91153,PAPUA PEGUNUNGAN,KAB. PEGUNUNGAN BINTANG,Kawor,-5.17815801,140.58488048,623516741642190847,,,,,> ~5 km / none found,False,11540.815298041818,11540.815298041818,11.54
41524,ACEH,KAB. ACEH TENGGARA,Darul Hasanah,3.58769379,97.59486134,623274228003209215,,,,,> ~5 km / none found,False,11119.006351036634,11537.781439785176,11.54
68267,MALUKU UTARA,KAB. HALMAHERA UTARA,Tobelo Utara,1.70214606,127.8132017,623530030865973247,,,,,> ~5 km / none found,False,10796.860453070409,11522.821291060327,11.52
88917,PAPUA BARAT DAYA,KAB. TAMBRAUW,Syujak,-0.64212459,132.47619458,623513686781132799,,,,,> ~5 km / none found,False,11519.16624977471,11519.16624977471,11.52
89113,PAPUA BARAT DAYA,KAB. TAMBRAUW,Mpur,-0.6904802,133.14349264,623513676809633791,,,,,> ~5 km / none found,False,11516.724749252948,11516.724749252948,11.52
33719,RIAU,KAB. INDRAGIRI HILIR,Gaung,-0.17944082,102.813174,623276151975641087,,,,,> ~5 km / none found,False,11512.966634459299,11512.966634459299,11.51
72513,SUMATERA SELATAN,KAB. OGAN KOMERING ILIR,Cengal,-3.49802601,105.7938814,623971386101694463,,,,,> ~5 km / none found,False,11512.758126762572,11512.758126762572,11.51
93526,PAPUA SELATAN,KAB. ASMAT,Kolf Braza,-5.16358229,139.45446413,624256141865648127,,,,,> ~5 km / none found,False,11499.788922559785,11499.788922559785,11.5
73932,KALIMANTAN BARAT,KAB. KAPUAS HULU,Batang Lupar,0.88960698,112.4284604,623338474895933439,,,,,> ~5 km / none found,False,11487.864935847438,11487.864935847438,11.49
91129,PAPUA PEGUNUNGAN,KAB. PEGUNUNGAN BINTANG,Mofinop,-4.11024029,140.93985004,623516604299968511,,,,,> ~5 km / none found,False,11485.21800881898,11485.21800881898,11.49
65797,KALIMANTAN TENGAH,KAB. BARITO SELATAN,Jenamas,-2.47558997,114.8810286,623337193688399871,10.0,,1.32,,> ~5 km / none found,True,1185.95333407479,11484.606843661693,11.48
83106,PAPUA TENGAH,KAB. PUNCAK,Erelmakawia,-4.08802963,137.5446949,623512027824783359,,,,,> ~5 km / none found,False,11480.02268963902,11480.02268963902,11.48
91678,PAPUA TENGAH,KAB. PUNCAK JAYA,Molanikime,-3.68482308,137.7641629,623511659037163519,,,,,> ~5 km / none found,False,11478.021574865013,11478.021574865013,11.48
88853,PAPUA TENGAH,KAB. PUNCAK JAYA,Gubume,-3.58230813,138.23501545,623511609436143615,,,,,> ~5 km / none found,False,11468.138763157333,11468.138763157333,11.47
49268,KALIMANTAN TIMUR,KAB. KUTAI TIMUR,Busang,0.80870265,116.2064488,623335247384608767,,,,,> ~5 km / none found,False,11464.602292933963,11464.602292933963,11.46
79858,SULAWESI TENGGARA,KAB. KONAWE SELATAN,Laonti,-4.07422546,122.838004,624126148013850623,,,,,> ~5 km / none found,False,8286.226568703065,11462.970913320793,11.46
21587,RIAU,KAB. BENGKALIS,Bandar Laksamana,1.40353186,101.8473552,623275856714170367,,,,,> ~5 km / none found,False,6085.949919356252,11457.649369973184,11.46
72183,JAWA TIMUR,KAB. SUMENEP,"Ra""as",-7.12437091,114.7783038,623989355604443135,,,,,> ~5 km / none found,False,11451.469111615887,11451.469111615887,11.45
89535,PAPUA PEGUNUNGAN,KAB. TOLIKARA,Wari/Taiyeve II,-3.26204931,138.72577207,623511728762224639,,,,,> ~5 km / none found,False,11439.177480524097,11439.177480524097,11.44
92315,PAPUA PEGUNUNGAN,KAB. PEGUNUNGAN BINTANG,Iwur,-5.17250519,140.89305797,623516690555731967,,,,,> ~5 km / none found,False,11428.203624639662,11428.203624639662,11.43
91004,PAPUA TENGAH,KAB. PANIAI,Paniai Barat,-3.81753755,136.13465542,623511307081121791,,,,,> ~5 km / none found,False,11426.237211459573,11426.237211459573,11.43
67503,MALUKU,KAB. SERAM BAGIAN TIMUR,Teluk Waru,-3.32123546,130.7815722,623514785555021823,,,,,> ~5 km / none found,False,11421.437877659551,11421.437877659551,11.42
91126,PAPUA PEGUNUNGAN,KAB. PEGUNUNGAN BINTANG,Mofinop,-4.08224718,140.74457965,623516603565572095,,,,,> ~5 km / none found,False,5135.4341325056275,11411.231901978148,11.41
92622,PAPUA PEGUNUNGAN,KAB. PEGUNUNGAN BINTANG,Iwur,-4.99713925,140.85850131,623516738628583423,,,,,> ~5 km / none found,False,11406.362418903109,11406.362418903109,11.41
92661,PAPUA,KAB. BIAK NUMFOR,Warsa,-6.22367148,139.80852531,624256395293786111,,,,,> ~5 km / none found,False,11403.469787283726,11403.469787283726,11.4
48220,SULAWESI TENGAH,KAB. BANGGAI LAUT,Bokan Kepulauan,-1.90469776,123.6754687,623341392511500287,,,,,> ~5 km / none found,False,11396.996003724475,11396.996003724475,11.4
24949,KALIMANTAN BARAT,KAB. SINTANG,Ambalau,-0.46062791,112.899585,623338666997972991,,,,,> ~5 km / none found,False,8307.886551393342,11396.279360789376,11.4
53637,SULAWESI SELATAN,KAB. LUWU UTARA,Masamba,-2.33736742,120.4495977,624121060708188159,,,,,> ~5 km / none found,False,11396.21031601057,11396.21031601057,11.4
82239,MALUKU,KAB. MALUKU BARAT DAYA,Damer,-7.13528467,128.5510964,624124045201276927,,,,,> ~5 km / none found,False,9951.06210676135,11383.9331100917,11.38
89788,PAPUA,KAB. WAROPEN,Risei Sayati,-2.45467529,136.66021004,623513968926851071,,,,,> ~5 km / none found,False,11383.35825542604,11383.35825542604,11.38
93343,PAPUA SELATAN,KAB. MERAUKE,Sota,-8.21668913,140.90475507,624254516093812735,,,,,> ~5 km / none found,False,10942.768491809931,11378.568197290988,11.38
89444,PAPUA TENGAH,KAB. PUNCAK JAYA,Torere,-3.52917096,138.12844217,623511609854328831,,,,,> ~5 km / none found,False,11375.801837242057,11375.801837242057,11.38
26914,SUMATERA UTARA,KAB. LANGKAT,Bahorok,3.40303717,98.05560899,623274217043460095,,,,,> ~5 km / none found,False,10442.349315546375,11372.71623262218,11.37
82410,MALUKU,KAB. MALUKU TENGAH,Tehoru,-3.21244944,129.4571923,624125358950449151,,,,,> ~5 km / none found,False,10021.779623569371,11370.78119367395,11.37
64401,SULAWESI SELATAN,KAB. LUWU UTARA,Masamba,-2.29229705,120.4050994,624121060660936703,,,,,> ~5 km / none found,False,11370.038346918038,11370.038346918038,11.37
34076,SUMATERA UTARA,KAB. MANDAILING NATAL,Muara Batang Gadis,0.92816311,99.30193774,623276413914841087,,,,,> ~5 km / none found,False,11366.666198841194,11366.666198841194,11.37
51357,SULAWESI TENGAH,KAB. MOROWALI,Menui Kepulauan,-3.32241419,122.4007737,624120804372348927,,,,,> ~5 km / none found,False,11357.149515844061,11357.149515844061,11.36
91260,PAPUA BARAT,KAB. TELUK WONDAMA,Roon,-2.37448594,134.5736852,623511344151592959,,,,,> ~5 km / none found,False,11355.952491596672,11355.952491596672,11.36
69550,SULAWESI UTARA,KAB. BOLAANG MONGONDOW,Lolak,0.71206844,123.9763089,623340518725287935,,,,,> ~5 km / none found,False,11354.652536549796,11354.652536549796,11.35
48429,KALIMANTAN TIMUR,KAB. KUTAI BARAT,Mook Manaar Bulatn,0.09541671,115.8588913,623335387230273535,,,,,> ~5 km / none found,False,4741.140779903382,11346.289568614511,11.35
93230,PAPUA PEGUNUNGAN,KAB. NDUGA,Koroptak,-4.3520297,138.3450234,623511865712410623,,,,,> ~5 km / none found,False,11342.749799773672,11342.749799773672,11.34
85736,PAPUA TENGAH,KAB. PUNCAK,Ogamanim,-3.80472272,137.5745546,623511657701048319,22.0,,2.904,,> ~5 km / none found,True,2708.0334116752306,11342.313719375637,11.34
13082,SUMATERA SELATAN,KAB. BANYUASIN,Muara Sugihan,-2.40949817,105.5251615,623969312198754303,,,,,> ~5 km / none found,False,9053.161470299441,11341.971598914135,11.34
25954,KALIMANTAN BARAT,KAB. SINTANG,Serawai,-0.6019705,112.5162018,623338654184800255,,,,,> ~5 km / none found,False,11030.469500272571,11328.95679811596,11.33
15321,KALIMANTAN UTARA,KAB. TANA TIDUNG,Betayau,3.4081184,116.8392661,623338257214963711,,,,,> ~5 km / none found,False,11328.453412001469,11328.453412001469,11.33
88400,PAPUA SELATAN,KAB. ASMAT,Betcbamu,-5.89107098,138.28837147,624256224909230079,,,,,> ~5 km / none found,False,11321.102663513979,11321.102663513979,11.32
89952,PAPUA BARAT DAYA,KAB. TAMBRAUW,Manekar,-0.95224392,133.15720226,623513694941642751,,,,,> ~5 km / none found,False,11320.529179774836,11320.529179774836,11.32
85516,PAPUA,KAB. KEEROM,Towe,-3.95128979,140.93719672,623516588802506751,,,,,> ~5 km / none found,False,11314.731891457972,11314.731891457972,11.31
28580,KALIMANTAN UTARA,KAB. MALINAU,Malinau Selatan Hulu,3.17153504,116.2303335,623337919800705023,,,,,> ~5 km / none found,False,11306.6014850262,11306.6014850262,11.31
5671,SUMATERA SELATAN,KAB. MUSI RAWAS UTARA,Ulu Rawas,-2.72859109,102.2176648,623976370989662207,,,,,> ~5 km / none found,False,11305.65960193936,11305.65960193936,11.31
53860,PAPUA,KAB. JAYAPURA,Kaureh,-3.36928063,139.9303001,623516880083058687,,,,,> ~5 km / none found,False,11304.485789068793,11304.485789068793,11.3
18736,KALIMANTAN TIMUR,KAB. KUTAI KARTANEGARA,Tabang,0.9813234,115.4941763,623335502902591487,,,,,> ~5 km / none found,False,5122.289540686651,11295.905427415108,11.3
65990,PAPUA SELATAN,KAB. ASMAT,Agats,-5.43584545,138.2019102,624256211035389951,,,,,> ~5 km / none found,False,11294.198811599801,11294.198811599801,11.29
18613,KALIMANTAN SELATAN,KAB. HULU SUNGAI UTARA,Paminggir,-2.50504073,114.9125341,623337193841262591,,,,,> ~5 km / none found,False,4873.862233993798,11293.45214342227,11.29
27446,MALUKU,KAB. KEPULAUAN ARU,Sir-Sir,-5.54313574,134.5650968,623512233696690175,,,,,> ~5 km / none found,False,11286.145567247422,11286.145567247422,11.29
88346,PAPUA SELATAN,KAB. ASMAT,Aswi,-6.0888653,138.59298412,624256214304063487,,,,,> ~5 km / none found,False,11272.113862856717,11272.113862856717,11.27
91444,PAPUA PEGUNUNGAN,KAB. YALIMO,Welarek,-4.15403179,139.22560716,623511858617810943,,,,,> ~5 km / none found,False,11259.27494340029,11259.27494340029,11.26
5801,ACEH,KAB. BENER MERIAH,Syiah Utama,4.73814144,97.28940379,623279521460518911,,,,,> ~5 km / none found,False,9558.400945268131,11246.624073393372,11.25
88331,PAPUA SELATAN,KAB. MERAUKE,Padua,-7.68720626,138.96453491,624256369371971583,,,,,> ~5 km / none found,False,11225.649261210838,11225.649261210838,11.23
82502,PAPUA BARAT DAYA,KAB. TAMBRAUW,Kwesefo,-0.53845709,132.3230438,623513719012786175,,,,,> ~5 km / none found,False,8911.815009091059,11216.13837040074,11.22
90166,PAPUA TENGAH,KAB. PANIAI,Wegee Muka,-3.91261959,136.58897267,623512071518388223,,,,,> ~5 km / none found,False,9780.314738878391,11208.84856008454,11.21
92782,PAPUA PEGUNUNGAN,KAB. YAHUKIMO,Kayo,-4.36574162,139.11079196,623511854983282687,,,,,> ~5 km / none found,False,11202.552879026936,11202.552879026936,11.2
88222,MALUKU UTARA,KAB. HALMAHERA SELATAN,Gane Barat,-0.60395967,128.02790655,624125445217517567,,,,,> ~5 km / none found,False,9830.91571421727,11202.368251770764,11.2
89840,PAPUA BARAT DAYA,KAB. TAMBRAUW,Kebar Selatan,-0.96843724,133.31090748,623513431349264383,,,,,> ~5 km / none found,False,11200.122377552565,11200.122377552565,11.2
58186,SULAWESI UTARA,KAB. BOLAANG MONGONDOW,Sang Tombolang,0.70916219,123.8101033,623340510852644863,,,,,> ~5 km / none found,False,11197.812191576375,11197.812191576375,11.2
92407,PAPUA SELATAN,KAB. MAPPI,Passue,-6.32659632,139.62288161,624255994596229119,,,,,> ~5 km / none found,False,11197.137807859353,11197.137807859353,11.2
85534,MALUKU,KAB. SERAM BAGIAN TIMUR,Siwalalat,-3.23702133,129.9489275,624125368533221375,,,,,> ~5 km / none found,False,11192.022699260247,11192.022699260247,11.19
92357,PAPUA BARAT,KAB. TELUK BINTUNI,Masyeta,-3.82122638,138.09955849,623511606493052927,,,,,> ~5 km / none found,False,11185.540946149382,11185.540946149382,11.19
56845,KALIMANTAN BARAT,KAB. KAPUAS HULU,Selimbau,0.71185788,112.0906809,623338435965714431,,,,,> ~5 km / none found,False,11182.428653192157,11182.428653192157,11.18
66035,SULAWESI TENGAH,KAB. MOROWALI,Bungku Selatan,-3.12795783,122.6114031,624120803047866367,,,,,> ~5 km / none found,False,11177.17285045087,11177.17285045087,11.18
88120,PAPUA BARAT DAYA,KAB. SORONG,Botain,-1.40517406,131.61543081,623514670480392191,,,,,> ~5 km / none found,False,11171.488409190843,11171.488409190843,11.17
89112,PAPUA BARAT DAYA,KAB. SORONG,Bagun,-1.25363976,131.58189564,623514675957792767,13.0,,1.716,,> ~5 km / none found,True,1735.117259122935,11170.248511387059,11.17
67102,SUMATERA SELATAN,KAB. OGAN KOMERING ILIR,Tulung Selapan,-3.06734545,105.404203,623971347273711615,29.0,,3.828,,> ~5 km / none found,True,3489.7795481885496,11164.746207653294,11.16
67181,MALUKU,KAB. SERAM BAGIAN TIMUR,Pulau Panjang,-3.98993159,131.2202119,623514514214813695,,,,,> ~5 km / none found,False,11160.123034215472,11160.123034215472,11.16
9502,SUMATERA BARAT,KAB. KEPULAUAN MENTAWAI,Siberut Barat Daya,-1.58235322,98.91974687,623974804211564543,16.0,,2.112,,> ~5 km / none found,True,2072.6486308934022,11157.158052140483,11.16
77034,PAPUA BARAT,KAB. FAK FAK,Karas,-3.41380095,132.74495074,623514563061579775,,,,,> ~5 km / none found,False,11148.220075804471,11148.220075804471,11.15
75649,KALIMANTAN UTARA,KAB. NUNUKAN,Lumbis Pansiangan,4.373983,116.3301497,623327673376210943,,,,,> ~5 km / none found,False,7905.961045246089,11144.196145216163,11.14
90534,PAPUA TENGAH,KAB. INTAN JAYA,Ugimba,-3.87355472,137.14513397,623512017504927743,,,,,> ~5 km / none found,False,11141.539665492905,11141.539665492905,11.14
19239,SUMATERA UTARA,KAB. MANDAILING NATAL,Panyabungan Timur,0.82751027,99.79616867,623276684200869887,,,,,> ~5 km / none found,False,10266.4867047473,11132.321020358513,11.13
60096,KALIMANTAN TENGAH,KAB. LAMANDAU,Menthobi Raya,-1.76003683,111.7748677,623972219051376639,,,,,> ~5 km / none found,False,5503.963889224053,11131.638151584479,11.13
89858,PAPUA TENGAH,KAB. PANIAI,Bogabaida,-3.61968574,136.45928041,623512072569290751,,,,,> ~5 km / none found,False,11127.390188705329,11127.390188705329,11.13
84344,PAPUA SELATAN,KAB. ASMAT,Der Koumur,-6.19422367,138.74647452,624256218644742143,,,,,> ~5 km / none found,False,9030.561246980493,11116.587541185763,11.12
93037,PAPUA PEGUNUNGAN,KAB. YAHUKIMO,Kwikma,-4.30133195,139.2153279,623511856611491839,,,,,> ~5 km / none found,False,11112.218032564691,11112.218032564691,11.11
91509,PAPUA PEGUNUNGAN,KAB. NDUGA,Mam,-4.20568985,138.26686889,623511632227893247,,,,,> ~5 km / none found,False,11110.963419709127,11110.963419709127,11.11
53123,PAPUA TENGAH,KAB. MIMIKA,Jita,-4.97569706,137.624018,623511743496749055,,,,,> ~5 km / none found,False,11101.119883365562,11101.119883365562,11.1
91518,PAPUA PEGUNUNGAN,KAB. YALIMO,Welarek,-4.18079439,139.24206692,623511854703247359,,,,,> ~5 km / none found,False,11100.465925031365,11100.465925031365,11.1
90318,PAPUA BARAT,KAB. TELUK BINTUNI,Weriagar,-2.16536172,132.88379306,623514458556661759,,,,,> ~5 km / none found,False,11100.114181138557,11100.114181138557,11.1
89199,PAPUA PEGUNUNGAN,KAB. NDUGA,Koroptak,-4.3477698,138.38289057,623511866362920959,,,,,> ~5 km / none found,False,11097.936511700433,11097.936511700433,11.1
77915,BENGKULU,KAB. KAUR,Nasal,-4.69967103,103.618719,623976429381779455,,,,,> ~5 km / none found,False,10234.682497186805,11080.543751176703,11.08
88865,PAPUA BARAT DAYA,KAB. MAYBRAT,Aifat Timur Jauh,-1.42379311,132.82903225,623514709594144767,,,,,> ~5 km / none found,False,11077.328807858206,11077.328807858206,11.08
16765,ACEH,KAB. ACEH TIMUR,Serbajadi,4.42125039,97.4176095,623274207457804287,,,,,> ~5 km / none found,False,11074.408259991746,11074.408259991746,11.07
65888,KALIMANTAN TENGAH,KAB. BARITO SELATAN,Jenamas,-2.46216262,114.8542004,623337194204463103,21.0,,2.772,,> ~5 km / none found,True,2668.4101153789356,11067.53593822171,11.07
91121,PAPUA PEGUNUNGAN,KAB. PEGUNUNGAN BINTANG,Kiwirok,-4.73611889,140.72539114,623516728782061567,31.0,,4.092,,> ~5 km / none found,True,3776.7462900803685,11066.208369599595,11.07
31619,KALIMANTAN UTARA,KAB. NUNUKAN,Lumbis Pansiangan,4.30781801,116.5283555,623327652840374271,,,,,> ~5 km / none found,False,11063.565643258564,11063.565643258564,11.06
40277,KALIMANTAN TENGAH,KAB. KOTAWARINGIN BARAT,Kumai,-2.71673181,111.9458797,623336664786599935,32.0,,4.224,,> ~5 km / none found,True,3805.6178440428566,11062.170964702987,11.06
89515,PAPUA TENGAH,KAB. PUNCAK JAYA,Wanwi,-3.60170722,138.11549203,623511604268728319,,,,,> ~5 km / none found,False,11059.105475452543,11059.105475452543,11.06
88599,PAPUA BARAT DAYA,KAB. MAYBRAT,Aifat Timur Jauh,-1.37710665,132.86432031,623514742611476479,,,,,> ~5 km / none found,False,11058.198613022088,11058.198613022088,11.06
83194,MALUKU,KAB. SERAM BAGIAN TIMUR,Siwalalat,-3.25703783,129.9912793,624125368473976831,,,,,> ~5 km / none found,False,10810.900148228473,11056.994408208991,11.06
91148,PAPUA PEGUNUNGAN,KAB. PEGUNUNGAN BINTANG,Awinbon,-4.98030659,140.44069338,623516746540285951,35.0,,4.62,,> ~5 km / none found,True,4574.0071959289635,11042.789939441456,11.04
85506,PAPUA,KAB. KEEROM,Towe,-4.02108557,140.67053148,623516607325241343,8.0,,1.056,,> ~5 km / none found,True,1041.3174905007952,11040.338434543379,11.04
93713,PAPUA BARAT DAYA,KAB. RAJA AMPAT,Waigeo Utara,-0.18024441,130.98350311,623530327751065599,,,,,> ~5 km / none found,False,11035.663357944502,11035.663357944502,11.04
94133,PAPUA PEGUNUNGAN,KAB. TOLIKARA,Wari/Taiyeve II,-3.36598065,138.58090394,623511647946080255,,,,,> ~5 km / none found,False,11035.619061922087,11035.619061922087,11.04
54914,ACEH,KAB. ACEH TIMUR,Serbajadi,4.27586134,97.44168772,623274209386233855,,,,,> ~5 km / none found,False,11019.158517211896,11019.158517211896,11.02
15748,SUMATERA UTARA,KAB. TAPANULI SELATAN,Sayur Matinggi,1.1228337,99.30338885,623276429506379775,14.0,,1.848,,> ~5 km / none found,True,1948.0940540293864,11016.097406934561,11.02
72372,SULAWESI TENGAH,KAB. MOROWALI,Bahodopi,-2.96134966,122.001966,624120853967568895,,,,,> ~5 km / none found,False,6308.60655112405,11009.763189165322,11.01
73036,GORONTALO,KAB. BOALEMO,Mananggu,0.69287383,122.1691286,623339676772892671,,,,,> ~5 km / none found,False,7225.1685819098675,10998.580034081378,11.0
92339,PAPUA TENGAH,KAB. PANIAI,Dumadama,-2.936255,133.8396329,623511500701204479,,,,,> ~5 km / none found,False,9274.800150712554,10982.124802810114,10.98
48255,ACEH,KAB. ACEH TENGAH,Linge,4.29592401,97.29324426,623279508815937535,,,,,> ~5 km / none found,False,10036.953371954343,10976.90653396429,10.98
61361,KALIMANTAN TENGAH,KAB. KOTAWARINGIN TIMUR,Cempaga,-2.30935919,113.1166906,623336250011320319,,,,,> ~5 km / none found,False,9861.107528797744,10976.903166283717,10.98
77792,SULAWESI TENGGARA,KAB. MUNA BARAT,Tiworo Utara,-4.57876639,122.2994719,624120966459981823,,,,,> ~5 km / none found,False,10923.81328599843,10957.842540406875,10.96
51171,PAPUA TENGAH,KAB. NABIRE,Moora,-3.08334434,135.5831143,623511067840511999,,,,,> ~5 km / none found,False,10951.739993832869,10951.739993832869,10.95
27042,MALUKU UTARA,KAB. PULAU MOROTAI,Morotai Timur,2.20066286,128.4597943,623530138653360127,,,,,> ~5 km / none found,False,6735.655046318545,10947.271873392314,10.95
85358,PAPUA BARAT,KAB. TELUK BINTUNI,Wamesa,-2.35872868,134.0270942,623511383930372095,,,,,> ~5 km / none found,False,10941.116657625758,10941.116657625758,10.94
92238,PAPUA PEGUNUNGAN,KAB. YAHUKIMO,Hilipuk,-4.5477882,139.39983687,623511824165371903,,,,,> ~5 km / none found,False,10936.103864469515,10936.103864469515,10.94
81250,MALUKU,KAB. SERAM BAGIAN BARAT,Taniwel,-2.9726192,128.5975652,624125306586497023,27.0,,3.564,,> ~5 km / none found,True,3489.8980763829445,10934.375285384465,10.93
91117,PAPUA PEGUNUNGAN,KAB. PEGUNUNGAN BINTANG,Okbibab,-4.69132365,140.52935822,623516728312004607,,,,,> ~5 km / none found,False,10931.325296148689,10931.325296148689,10.93
6710,BENGKULU,KAB. BENGKULU SELATAN,Kedurang,-4.26948639,103.243045,623976448132349951,,,,,> ~5 km / none found,False,10925.080661940745,10925.080661940745,10.93
93804,PAPUA PEGUNUNGAN,KAB. NDUGA,Kegayem,-4.28865245,138.26801045,623511632041541631,,,,,> ~5 km / none found,False,10924.475779479402,10924.475779479402,10.92
55709,KALIMANTAN TIMUR,KAB. BERAU,Gunung Tabur,2.25323355,117.3481706,623338134709862399,,,,,> ~5 km / none found,False,9610.808731206971,10922.918794563544,10.92
93159,PAPUA PEGUNUNGAN,KAB. YAHUKIMO,Pronggoli,-0.9667241,133.0104621,623513693827792895,,,,,> ~5 km / none found,False,10922.034699019348,10922.034699019348,10.92
91277,PAPUA PEGUNUNGAN,KAB. TOLIKARA,Gundagi,-3.42147559,138.33294776,623511649339736063,,,,,> ~5 km / none found,False,10917.16789372721,10917.16789372721,10.92
88997,PAPUA BARAT,KAB. FAK FAK,Fak-Fak Tengah,-2.89445618,132.45504602,623514363640512511,,,,,> ~5 km / none found,False,8302.271201325733,10905.525045677503,10.91
38861,MALUKU,KAB. KEPULAUAN ARU,Aru Tengah,-6.50505958,134.7012512,623513132724158463,,,,,> ~5 km / none found,False,10902.152752977527,10902.152752977527,10.9
87015,PAPUA BARAT DAYA,KAB. MAYBRAT,Aifat,-1.17683081,132.5895387,623514746083639295,,,,,> ~5 km / none found,False,10900.416036413526,10900.416036413526,10.9
90134,PAPUA BARAT DAYA,KAB. TAMBRAUW,Amberbaken,-0.65296731,133.08233951,623513697103020031,,,,,> ~5 km / none found,False,10892.99105484571,10892.99105484571,10.89
88607,PAPUA TENGAH,KAB. PUNCAK JAYA,Molanikime,-3.70989058,137.77208898,623511658971332607,,,,,> ~5 km / none found,False,10887.613679538777,10887.613679538777,10.89
55472,KALIMANTAN TENGAH,KAB. BARITO UTARA,Gunung Purei,-1.1996106,115.7417847,623337183000788991,,,,,> ~5 km / none found,False,9138.162659976277,10875.776135422568,10.88
72895,PAPUA TENGAH,KAB. PUNCAK,Beoga Timur,-3.77921071,137.2842692,623512029410590719,,,,,> ~5 km / none found,False,10868.722632935891,10868.722632935891,10.87
74935,MALUKU UTARA,KAB. HALMAHERA TIMUR,Maba Utara,1.26946401,128.5639474,623530118493470719,,,,,> ~5 km / none found,False,10557.217484117511,10866.166220839108,10.87
91456,PAPUA PEGUNUNGAN,KAB. YALIMO,Welarek,-4.19282666,139.24458931,623511854693842943,,,,,> ~5 km / none found,False,10864.843394511725,10864.843394511725,10.86
27198,PAPUA,KAB. KEPULAUAN YAPEN,Poom,-1.64007036,135.7218433,623511444889829375,,,,,> ~5 km / none found,False,10861.12832432271,10861.12832432271,10.86
70405,MALUKU,KAB. BURU SELATAN,Leksula,-3.56214698,126.3308052,624122657597194239,,,,,> ~5 km / none found,False,10853.794739890503,10853.794739890503,10.85
86228,PAPUA TENGAH,KAB. MIMIKA,Mimika Barat Jauh,-4.37479085,135.27867581,623511201422475263,,,,,> ~5 km / none found,False,10849.945866294793,10849.945866294793,10.85
85709,SUMATERA UTARA,KAB. NIAS BARAT,Sirombu,0.86554272,97.34258784,623281541073272831,21.0,,2.772,,> ~5 km / none found,True,2589.7220657714915,10847.708492008152,10.85
89114,PAPUA BARAT,KAB. KAIMANA,Teluk Arguni Atas,-3.03949377,134.08951836,623511515833761791,,,,,> ~5 km / none found,False,9584.206292281437,10843.892264192416,10.84
85340,PAPUA BARAT DAYA,KAB. RAJA AMPAT,Batanta Selatan,-0.88455829,130.621605,623530436604329983,,,,,> ~5 km / none found,False,6285.001721590122,10842.786280154749,10.84
91030,PAPUA BARAT,KAB. TELUK WONDAMA,Naikere,-3.21673436,134.37017523,623511480797167615,,,,,> ~5 km / none found,False,7369.547165679542,10836.038639573426,10.84
3712,SUMATERA SELATAN,KAB. MUSI RAWAS UTARA,Ulu Rawas,-2.81892245,102.4213704,623976294644318207,,,,,> ~5 km / none found,False,10029.822238603103,10832.74818976223,10.83
92806,PAPUA PEGUNUNGAN,KAB. YAHUKIMO,Soba,-4.3190506,139.17379184,623511853180747775,,,,,> ~5 km / none found,False,10819.382692415697,10819.382692415697,10.82
15326,KALIMANTAN UTARA,KAB. MALINAU,Kayan Selatan,1.59226262,114.957312,623335512478482431,,,,,> ~5 km / none found,False,10818.263977878294,10818.263977878294,10.82
92378,PAPUA TENGAH,KAB. PANIAI,Siriwo,-3.60997038,136.08999136,623511307440586751,,,,,> ~5 km / none found,False,10816.754518502285,10816.754518502285,10.82
80259,MALUKU UTARA,KAB. HALMAHERA UTARA,Tobelo,1.65900751,127.7837123,623530030712586239,,,,,> ~5 km / none found,False,9087.766970706463,10812.477393668149,10.81
93416,PAPUA PEGUNUNGAN,KAB. TOLIKARA,Gundagi,-3.43995896,138.27669844,623511653437865983,,,,,> ~5 km / none found,False,10802.73117418103,10802.73117418103,10.8
70809,KALIMANTAN UTARA,KAB. NUNUKAN,Lumbis Ogong,4.0460939,116.4128967,623327670633005055,,,,,> ~5 km / none found,False,10800.578511634465,10800.578511634465,10.8
88936,PAPUA,KAB. MAMBERAMO RAYA,Waropen Atas,-2.23599528,136.86916113,623513966566473727,,,,,> ~5 km / none found,False,10800.047599563826,10800.047599563826,10.8
90409,PAPUA BARAT,KAB. TELUK WONDAMA,Windesi,-2.48916895,134.30399601,623511331370270719,,,,,> ~5 km / none found,False,7128.92903952387,10798.69046570423,10.8
5403,SUMATERA SELATAN,KAB. MUSI RAWAS UTARA,Karang Jaya,-3.02218926,102.5705798,623976411753250815,,,,,> ~5 km / none found,False,10797.997458401846,10797.997458401846,10.8
70548,MALUKU,KAB. SERAM BAGIAN BARAT,Taniwel Timur,-2.96540522,128.7211913,624125274607681535,,,,,> ~5 km / none found,False,9164.745455624317,10795.465137465642,10.8
88735,PAPUA TENGAH,KAB. PANIAI,Fajar Timur,-3.62892122,136.33159576,623511304819048447,,,,,> ~5 km / none found,False,10785.963722050994,10785.963722050994,10.79
94080,PAPUA PEGUNUNGAN,KAB. TOLIKARA,Egiam,-3.4721355,138.56590077,623511650012561407,,,,,> ~5 km / none found,False,10780.25721336195,10780.25721336195,10.78
77685,SULAWESI TENGAH,KAB. MOROWALI,Bumi Raya,-2.48705491,121.7067687,624121107637403647,,,,,> ~5 km / none found,False,8516.666530127364,10778.653212489224,10.78
83445,PAPUA TENGAH,KAB. PUNCAK,Mabugi,-3.8285649,137.60568,623511657653501951,,,,,> ~5 km / none found,False,5622.713049891236,10776.321429980457,10.78
13822,KALIMANTAN SELATAN,KAB. HULU SUNGAI UTARA,Paminggir,-2.463264,114.953885,623337195525570559,,,,,> ~5 km / none found,False,5666.00909665041,10771.231176787132,10.77
34679,RIAU,KAB. INDRAGIRI HILIR,Gaung,-0.01458037,102.896728,623276108248842239,,,,,> ~5 km / none found,False,10764.770308500047,10764.770308500047,10.76
92606,PAPUA SELATAN,KAB. MAPPI,Assue,-6.24501843,139.12430757,624256003320610815,,,,,> ~5 km / none found,False,10761.083500976616,10761.083500976616,10.76
84684,PAPUA TENGAH,KAB. PUNCAK,Erelmakawia,-4.11261583,137.6655422,623511627576508415,,,,,> ~5 km / none found,False,10750.981086100244,10750.981086100244,10.75
45016,PAPUA TENGAH,KAB. MIMIKA,Amar,-4.57965125,136.3803382,623513081382895615,,,,,> ~5 km / none found,False,10750.951844930723,10750.951844930723,10.75
80493,SUMATERA BARAT,KAB. KEPULAUAN MENTAWAI,Siberut Utara,-1.27962492,98.85661082,623974802069618687,,,,,> ~5 km / none found,False,10750.442735448838,10750.442735448838,10.75
22110,KALIMANTAN BARAT,KAB. SINTANG,Serawai,-0.5883586,112.4617685,623338660496703487,,,,,> ~5 km / none found,False,10747.49948470028,10747.49948470028,10.75
83701,NUSA TENGGARA BARAT,KAB. SUMBAWA,Labuhan Badas,-8.1350599,117.4072813,624119256147591167,,,,,> ~5 km / none found,False,10743.994019907745,10743.994019907745,10.74
93015,PAPUA SELATAN,KAB. MERAUKE,Elikobal,-7.48781346,140.92706592,624255541852831743,,,,,> ~5 km / none found,False,10738.101135883267,10738.101135883267,10.74
57261,KEPULAUAN RIAU,KAB. LINGGA,Senayang,0.13569464,104.4989249,623969166993522687,,,,,> ~5 km / none found,False,7508.678428350651,10724.711220448917,10.72
27088,PAPUA,KAB. KEPULAUAN YAPEN,Poom,-1.65436527,135.7180505,623511445151285247,,,,,> ~5 km / none found,False,10723.529283905928,10723.529283905928,10.72
94069,PAPUA PEGUNUNGAN,KAB. TOLIKARA,Dundu,-3.42417263,138.36196279,623511646892523519,,,,,> ~5 km / none found,False,10718.324048131908,10718.324048131908,10.72
88071,PAPUA SELATAN,KAB. BOVEN DIGOEL,Ki,-6.48888565,140.15678791,624256430780612607,,,,,> ~5 km / none found,False,10717.625565178472,10717.625565178472,10.72
88423,PAPUA SELATAN,KAB. MERAUKE,Naukenjerai,-8.77076297,140.83951047,624254501290344447,,,,,> ~5 km / none found,False,8395.419205225055,10716.773967985475,10.72
42432,PAPUA,KAB. JAYAPURA,Airu,-3.50182489,139.8394113,623511682916745215,,,,,> ~5 km / none found,False,10715.576355010595,10715.576355010595,10.72
93820,PAPUA PEGUNUNGAN,KAB. NDUGA,Kegayem,-4.32655504,138.2898877,623511866273136639,,,,,> ~5 km / none found,False,10715.48759720081,10715.48759720081,10.72
92257,PAPUA PEGUNUNGAN,KAB. YAHUKIMO,Kwelamdua,-4.76069616,139.77056873,623516981434089471,,,,,> ~5 km / none found,False,10710.00643902212,10710.00643902212,10.71
82403,PAPUA SELATAN,KAB. ASMAT,Agats,-5.43563253,138.0943387,624256189976739839,,,,,> ~5 km / none found,False,10706.00219571449,10706.00219571449,10.71
69127,KALIMANTAN TENGAH,KAB. KATINGAN,Kamipang,-2.3149109,113.3204814,623336263000948735,,,,,> ~5 km / none found,False,10704.581006563627,10704.581006563627,10.7
59423,SULAWESI TENGGARA,KAB. KOLAKA UTARA,Porehu,-3.12531316,121.2830624,624120738047557631,33.0,,4.356,,> ~5 km / none found,True,3772.360368168629,10700.093507783184,10.7
56117,PAPUA,KAB. BIAK NUMFOR,Padaido,-1.23203607,136.33928447,623514225851793407,,,,,> ~5 km / none found,False,10690.974043895583,10690.974043895583,10.69
9934,SULAWESI TENGAH,KAB. TOJO UNA UNA,Tojo,-1.40274226,121.2548193,623340851390906367,,,,,> ~5 km / none found,False,10476.797464410933,10689.458377552337,10.69
93843,PAPUA PEGUNUNGAN,KAB. NDUGA,Nirkuri,-4.12752188,138.36734418,623511629596917759,,,,,> ~5 km / none found,False,10676.824325183215,10676.824325183215,10.68
88401,PAPUA SELATAN,KAB. ASMAT,Betcbamu,-5.88863705,138.39548,624256228860755967,,,,,> ~5 km / none found,False,10672.093404140023,10672.093404140023,10.67
66160,SULAWESI TENGAH,KAB. MOROWALI UTARA,Mori Atas,-2.12961217,121.0030095,624121052349988863,,,,,> ~5 km / none found,False,4750.665855607294,10660.247706240314,10.66
50854,SULAWESI SELATAN,KAB. LUWU UTARA,Baebunta,-2.43757931,120.2115377,624121062423068671,,,,,> ~5 km / none found,False,9881.139469939299,10654.91590859739,10.65
76342,SULAWESI TENGAH,KAB. MOROWALI,Bungku Tengah,-2.5918599,121.8394294,624121102981169151,37.0,,4.884,,> ~5 km / none found,True,4725.247752288552,10649.289138838547,10.65
93146,PAPUA,KAB. BIAK NUMFOR,Yendidori,-6.57482,140.1467,624256430964408319,,,,,> ~5 km / none found,False,10648.688715688464,10648.688715688464,10.65
93229,PAPUA PEGUNUNGAN,KAB. NDUGA,Koroptak,-4.33734252,138.31042672,623511866201833471,,,,,> ~5 km / none found,False,10642.32588971343,10642.32588971343,10.64
85326,MALUKU UTARA,KAB. HALMAHERA SELATAN,Kasiruta Barat,-0.36345119,127.1745946,623529938645516287,,,,,> ~5 km / none found,False,10642.16597101697,10642.16597101697,10.64
67973,LAMPUNG,KAB. LAMPUNG TIMUR,Sukadana,-4.94806966,105.6812168,623971565242482687,,,,,> ~5 km / none found,False,10410.030408438019,10638.335216535956,10.64
91974,PAPUA PEGUNUNGAN,KAB. YAHUKIMO,Talambo,-3.8287407,139.8353329,623517003137122303,,,,,> ~5 km / none found,False,10634.558000230607,10634.558000230607,10.63
71555,KALIMANTAN UTARA,KAB. NUNUKAN,Tulin Onsoi,4.30378612,116.8696287,623328417700610047,,,,,> ~5 km / none found,False,10632.432580965065,10632.432580965065,10.63
40320,SULAWESI TENGAH,KAB. TOJO UNA UNA,Tojo Barat,-1.60397748,121.028803,623340866342125567,29.0,,3.828,,> ~5 km / none found,True,3314.589813986334,10629.376822679875,10.63
87607,PAPUA BARAT DAYA,KAB. RAJA AMPAT,Batanta Selatan,-0.83573353,130.78885002,623530434034532351,,,,,> ~5 km / none found,False,10625.482784851398,10625.482784851398,10.63
90246,PAPUA TENGAH,KAB. PANIAI,Dogomo,-4.05990767,136.93493771,623512018580439039,,,,,> ~5 km / none found,False,10625.086194316376,10625.086194316376,10.63
90982,PAPUA SELATAN,KAB. BOVEN DIGOEL,Waropko,-5.55477848,140.95886844,623516720370221055,28.0,,3.696,,> ~5 km / none found,True,3458.9828861317105,10623.135182916407,10.62
93902,PAPUA PEGUNUNGAN,KAB. NDUGA,Embetpen,-4.48578584,138.63085179,623511862468083711,,,,,> ~5 km / none found,False,10619.004869647986,10619.004869647986,10.62
88229,PAPUA TENGAH,KAB. DOGIYAI,Mapia Barat,-4.18290009,135.74865049,623511262260690943,,,,,> ~5 km / none found,False,10617.924383664596,10617.924383664596,10.62
77376,JAMBI,KAB. MERANGIN,Tabir Barat,-1.86102115,101.8200131,623974234616397823,,,,,> ~5 km / none found,False,6616.918760337579,10616.979555213895,10.62
89021,PAPUA TENGAH,KAB. PANIAI,Teluk Deya,-3.7233434,136.2359489,623511304418951167,,,,,> ~5 km / none found,False,8519.324502083142,10614.328006504631,10.61
91405,PAPUA TENGAH,KAB. DEIYAI,Kapiraya,-4.19591326,136.23601613,623511268946542591,,,,,> ~5 km / none found,False,10612.282792725164,10612.282792725164,10.61
90320,PAPUA,KAB. SARMI,Apawer Hulu,-1.91337567,138.21628135,623514019582771199,36.0,,4.752,,> ~5 km / none found,True,4542.481086801826,10594.545373087762,10.59
20699,SULAWESI TENGAH,KAB. BANGGAI,Nuhon,-1.07766822,122.1763745,623341597197893631,,,,,> ~5 km / none found,False,9516.77024040732,10592.651758749116,10.59
28457,KALIMANTAN UTARA,KAB. BULUNGAN,Sekatak,3.35127908,116.92688,623338256826826751,,,,,> ~5 km / none found,False,10591.105002692315,10591.105002692315,10.59
83270,MALUKU,KAB. SERAM BAGIAN TIMUR,Kilmury,-3.66676177,130.6508389,624123321698189311,,,,,> ~5 km / none found,False,7345.8945151045,10590.76699065595,10.59
91486,PAPUA BARAT,KAB. TELUK BINTUNI,Tembuni,-2.05629805,133.28450961,623514471151108095,,,,,> ~5 km / none found,False,10587.496969281246,10587.496969281246,10.59
85292,JAMBI,KAB. MERANGIN,Jangkat Timur,-2.67797341,102.0074532,623976386587623423,,,,,> ~5 km / none found,False,7703.679358002838,10584.0553801956,10.58
84469,SUMATERA UTARA,KAB. NIAS SELATAN,Pulau-Pulau Batu Barat,-0.12276364,98.18888236,623974762677338111,,,,,> ~5 km / none found,False,10583.321644098649,10583.321644098649,10.58
93296,PAPUA PEGUNUNGAN,KAB. NDUGA,Mbua Tengah,-4.43858266,138.49247641,623511862095446015,,,,,> ~5 km / none found,False,9873.690301412804,10580.773652088474,10.58
54054,PAPUA BARAT DAYA,KAB. RAJA AMPAT,Meos Mansar,-0.44266476,130.5876142,623530468611096575,,,,,> ~5 km / none found,False,10578.180931427489,10578.180931427489,10.58
86206,PAPUA TENGAH,KAB. MIMIKA,Mimika Barat,-4.39731088,136.31229384,623513085486891007,,,,,> ~5 km / none found,False,9348.976874699652,10573.721798808743,10.57
82345,JAMBI,KAB. TANJUNG JABUNG TIMUR,S a d u,-1.52213077,104.3301788,623969002147250175,,,,,> ~5 km / none found,False,8307.703030739167,10573.192027515106,10.57
72502,BENGKULU,KAB. MUKOMUKO,Selagan Raya,-2.44902251,101.4149052,623974345050128383,,,,,> ~5 km / none found,False,6268.574847538394,10572.891807947848,10.57
89856,PAPUA PEGUNUNGAN,KAB. NDUGA,Mapenduma,-4.2566292,138.26331519,623511631796142079,,,,,> ~5 km / none found,False,10568.341079377196,10568.341079377196,10.57
90593,PAPUA BARAT DAYA,KAB. SORONG SELATAN,Kokoda Utara,-1.93020068,132.4228711,623514728819818495,,,,,> ~5 km / none found,False,7833.80322295898,10542.015278223236,10.54
23266,KALIMANTAN BARAT,KAB. KAPUAS HULU,Bunut Hilir,0.78234019,112.3984836,623338476758433791,,,,,> ~5 km / none found,False,10533.903112000738,10533.903112000738,10.53
81199,ACEH,KAB. ACEH TIMUR,Pante Bidari,4.71627169,97.38749173,623279521429684223,,,,,> ~5 km / none found,False,7846.361356406314,10532.20426822395,10.53
35257,SULAWESI TENGAH,KAB. PARIGI MOUTONG,Parigi Selatan,-0.95562837,120.1016159,623340650789666815,,,,,> ~5 km / none found,False,10531.854293457327,10531.854293457327,10.53
88817,PAPUA TENGAH,KAB. PUNCAK JAYA,Taganombak,-3.59560571,138.21134462,623511609410715647,,,,,> ~5 km / none found,False,10529.33590964786,10529.33590964786,10.53
62553,RIAU,KAB. PELALAWAN,Teluk Meranti,0.3100391,102.6413421,623276117340225535,,,,,> ~5 km / none found,False,10526.011484841503,10526.011484841503,10.53
91427,PAPUA PEGUNUNGAN,KAB. NDUGA,Iniye,-4.34642759,138.50958187,623511866705412095,,,,,> ~5 km / none found,False,10525.791447321424,10525.791447321424,10.53
27226,SULAWESI UTARA,KAB. BOLAANG MONGONDOW SELATAN,Posigadan,0.42051614,123.5669526,623341558539288575,,,,,> ~5 km / none found,False,10519.417423415925,10519.417423415925,10.52
77606,SULAWESI UTARA,KAB. KEPULAUAN SANGIHE,Tatoareng,3.24394734,125.4592535,623532380311617535,,,,,> ~5 km / none found,False,10517.849729568108,10517.849729568108,10.52
56836,KALIMANTAN TENGAH,KAB. PULANG PISAU,Sebangau Kuala,-3.31811786,113.718695,623987369350692863,,,,,> ~5 km / none found,False,7207.350152190593,10502.820882483125,10.5
78187,SULAWESI TENGAH,KAB. BANGGAI,Bunta,-0.90074393,122.3862166,623341634740781055,,,,,> ~5 km / none found,False,7911.726652659668,10502.157661768857,10.5
17918,SUMATERA SELATAN,KAB. OGAN KOMERING ULU,Lengkiti,-4.25049323,103.9165278,623976445832298495,,,,,> ~5 km / none found,False,8402.233347825026,10496.37719038773,10.5
84990,PAPUA,KAB. KEEROM,Kaisenar,-3.73472226,140.6044386,623516852148535295,,,,,> ~5 km / none found,False,10493.824574071417,10493.824574071417,10.49
39789,MALUKU,KAB. KEPULAUAN ARU,Pulau-Pulau Aru,-5.84475239,134.4223435,623512250756694015,,,,,> ~5 km / none found,False,4989.198407055139,10489.899064470097,10.49
86270,JAMBI,KAB. KERINCI,Keliling Danau,-2.25386241,101.3722321,623974299154939903,,,,,> ~5 km / none found,False,8154.674218224597,10487.279313028495,10.49
92437,PAPUA PEGUNUNGAN,KAB. YAHUKIMO,Samenage,-1.44281009,130.35721946,624125247106351103,,,,,> ~5 km / none found,False,10485.838749570286,10485.838749570286,10.49
25249,MALUKU UTARA,KAB. PULAU MOROTAI,Morotai Utara,2.43313621,128.5350017,623529079112531967,,,,,> ~5 km / none found,False,10483.994825420952,10483.994825420952,10.48
90502,PAPUA,KAB. SARMI,Pantai Barat,-1.82644491,138.19375498,623514017680883711,,,,,> ~5 km / none found,False,9316.051697343055,10471.415176756766,10.47
84862,PAPUA BARAT,KAB. TELUK BINTUNI,Bintuni,-2.1897818,133.4445393,623514466998386687,,,,,> ~5 km / none found,False,10464.460073434751,10464.460073434751,10.46
90992,PAPUA SELATAN,KAB. BOVEN DIGOEL,Fofi,-6.00187677,140.01344911,624256412882272255,,,,,> ~5 km / none found,False,6853.788220353102,10458.209788049546,10.46
86345,GORONTALO,KAB. BONE BOLANGO,Pinogu,0.60697509,123.4442172,623341563370897407,,,,,> ~5 km / none found,False,10069.50242372251,10457.510187543203,10.46
52281,NUSA TENGGARA TIMUR,KAB. MANGGARAI BARAT,Komodo,-8.57432628,119.7178345,624120076175867903,,,,,> ~5 km / none found,False,5903.8917081489135,10455.049995117444,10.46
91326,PAPUA PEGUNUNGAN,KAB. PEGUNUNGAN BINTANG,Teiraplu,-3.83685278,140.37651312,623517012626964479,,,,,> ~5 km / none found,False,10454.179504356443,10454.179504356443,10.45
3323,SUMATERA SELATAN,KAB. OGAN KOMERING ILIR,Cengal,-3.42424437,105.8244123,623971384609505279,,,,,> ~5 km / none found,False,10451.18691782766,10451.18691782766,10.45
90385,PAPUA PEGUNUNGAN,KAB. PEGUNUNGAN BINTANG,Tarup,-4.99340754,140.81645999,623516726619242495,,,,,> ~5 km / none found,False,10450.107543712498,10450.107543712498,10.45
88512,PAPUA BARAT DAYA,KAB. MAYBRAT,Aifat Timur Jauh,-1.30276712,132.85796969,623514742888529919,,,,,> ~5 km / none found,False,10446.711075392619,10446.711075392619,10.45
87957,SUMATERA UTARA,KAB. NIAS SELATAN,Pulau-Pulau Batu Utara,-0.03360974,98.3991907,623974649135071231,,,,,> ~5 km / none found,False,10445.285045733312,10445.285045733312,10.45
89784,PAPUA BARAT DAYA,KAB. TAMBRAUW,Manekar,-0.94034687,133.1546073,623513694892326911,,,,,> ~5 km / none found,False,10445.224914064698,10445.224914064698,10.45
17379,SULAWESI TENGGARA,KAB. MUNA,Kabawo,-5.012248,122.2825397,624118931968393215,,,,,> ~5 km / none found,False,10444.092956698696,10444.092956698696,10.44
8352,MALUKU,KAB. KEPULAUAN TANIMBAR,Wuar Labobar,-7.11998106,131.4428713,624107353863979007,,,,,> ~5 km / none found,False,10443.879459718408,10443.879459718408,10.44
92297,PAPUA TENGAH,KAB. PANIAI,Siriwo,-3.66685409,136.104703,623511303545978879,,,,,> ~5 km / none found,False,10443.766641800965,10443.766641800965,10.44
89045,PAPUA PEGUNUNGAN,KAB. YAHUKIMO,Suntamon,-4.86939872,139.95461063,623516996337041407,,,,,> ~5 km / none found,False,10443.44026132032,10443.44026132032,10.44
86553,PAPUA SELATAN,KAB. ASMAT,Jetsy,-5.60793223,138.37927869,624256183021436927,,,,,> ~5 km / none found,False,10437.18455889661,10437.18455889661,10.44
88959,PAPUA BARAT DAYA,KAB. SORONG,Bagun,-1.2347741,131.58970258,623514676477001727,19.0,,2.508,,> ~5 km / none found,True,2629.339928774193,10436.213303937291,10.44
83226,MALUKU,KAB. SERAM BAGIAN TIMUR,Kilmury,-3.68086475,130.6624813,624123321611812863,,,,,> ~5 km / none found,False,5672.470561720137,10431.411892599603,10.43
85376,MALUKU,KAB. SERAM BAGIAN BARAT,Elpaputih,-3.14655275,128.756219,624125270494773247,,,,,> ~5 km / none found,False,9362.38153803194,10428.712352150282,10.43
68966,KALIMANTAN BARAT,KAB. KAPUAS HULU,Embaloh Hilir,0.96574027,112.6162682,623338555588411391,30.0,,3.96,,> ~5 km / none found,True,3375.32351565512,10426.803204538575,10.43
88379,PAPUA SELATAN,KAB. ASMAT,Pantai Kasuari,-6.22799528,138.54921457,624256218978549759,,,,,> ~5 km / none found,False,10422.699603633464,10422.699603633464,10.42
56388,SULAWESI TENGAH,KAB. MOROWALI UTARA,Lembo Raya,-2.26998168,121.1550147,624121135166586879,,,,,> ~5 km / none found,False,10422.465783397094,10422.465783397094,10.42
89008,PAPUA,KAB. WAROPEN,Risei Sayati,-2.41968605,136.66197903,623513968888152063,,,,,> ~5 km / none found,False,10422.402149737352,10422.402149737352,10.42
89979,PAPUA BARAT,KAB. TELUK BINTUNI,Aranday,-2.10976618,133.13246729,623514459313405951,,,,,> ~5 km / none found,False,10420.060167271557,10420.060167271557,10.42
87293,MALUKU UTARA,KAB. HALMAHERA TIMUR,Maba,0.93854864,128.1771967,623529790730960895,,,,,> ~5 km / none found,False,10418.96120953246,10418.96120953246,10.42
75110,SULAWESI TENGAH,KAB. BANGGAI,Bunta,-0.90000646,122.4553019,623341635963617279,,,,,> ~5 km / none found,False,7902.116088617759,10403.88856065282,10.4
85702,SUMATERA UTARA,KAB. NIAS BARAT,Sirombu,0.87096594,97.34268303,623281541062393855,25.0,,3.3,,> ~5 km / none found,True,3186.230719399926,10402.75405365078,10.4
91494,PAPUA SELATAN,KAB. BOVEN DIGOEL,Yaniruma,-5.34922184,139.91982984,624256165610323967,,,,,> ~5 km / none found,False,10397.820521893993,10397.820521893993,10.4
86551,PAPUA TENGAH,KAB. MIMIKA,Mimika Tengah,-4.66920014,136.57982563,623513084467642367,,,,,> ~5 km / none found,False,10381.028524902044,10381.028524902044,10.38
1486,RIAU,KAB. KAMPAR,Kuok,-0.3124046,100.9364492,623974209435533311,,,,,> ~5 km / none found,False,10380.871230525534,10380.871230525534,10.38
91676,PAPUA TENGAH,KAB. PUNCAK JAYA,Waegi,-3.60692145,138.1359421,623511609311592447,,,,,> ~5 km / none found,False,10375.128357742151,10375.128357742151,10.38
81703,ACEH,KAB. ACEH BARAT DAYA,Manggeng,3.69498652,97.03364164,623279383628644351,,,,,> ~5 km / none found,False,10373.859322353137,10373.859322353137,10.37
86218,PAPUA TENGAH,KAB. MIMIKA,Mimika Tengah,-4.73758324,136.5387538,623513084772810751,,,,,> ~5 km / none found,False,10367.690347710388,10367.690347710388,10.37
92751,PAPUA SELATAN,KAB. BOVEN DIGOEL,Subur,-3.4242878,132.7481287,623514563053649919,,,,,> ~5 km / none found,False,10365.52934248056,10365.52934248056,10.37
82529,MALUKU,KAB. MALUKU TENGAH,Banda,-4.55554291,129.6831966,624123236691804159,,,,,> ~5 km / none found,False,10347.39265334848,10347.39265334848,10.35
88053,PAPUA,KAB. SARMI,Bonggo Timur,-2.39862468,139.90540036,623518889213624319,,,,,> ~5 km / none found,False,6893.940519100412,10343.3119954058,10.34
60944,BENGKULU,KAB. SELUMA,Semidang Alas,-4.08660596,102.8900428,623976183974199295,,,,,> ~5 km / none found,False,8702.907549492875,10339.932694769503,10.34
47210,SULAWESI TENGAH,KAB. POSO,Pamona Utara,-1.7300766,120.844011,623340854358605823,,,,,> ~5 km / none found,False,9742.13394419567,10338.333138917245,10.34
88990,PAPUA PEGUNUNGAN,KAB. MAMBERAMO TENGAH,Eragayam,-3.65294361,138.84787314,623511694472347647,,,,,> ~5 km / none found,False,10335.054164349183,10335.054164349183,10.34
77793,PAPUA TENGAH,KAB. INTAN JAYA,Hitadipa,-3.67698875,137.2113219,623512061140926463,,,,,> ~5 km / none found,False,10330.759208946143,10330.759208946143,10.33
68304,RIAU,KAB. INDRAGIRI HILIR,Concong,-0.31831289,103.4959171,623969233152081919,,,,,> ~5 km / none found,False,10330.538545731277,10330.538545731277,10.33
84445,MALUKU UTARA,KAB. HALMAHERA SELATAN,Gane Barat,-0.55703122,128.002043,623529893941182463,,,,,> ~5 km / none found,False,7137.55950620018,10328.202947061609,10.33
25447,PAPUA TENGAH,KAB. MIMIKA,Mimika Barat,-4.62494115,136.4792695,623513084969713663,,,,,> ~5 km / none found,False,10326.737907917397,10326.737907917397,10.33
89683,PAPUA PEGUNUNGAN,KAB. PEGUNUNGAN BINTANG,Oksebang,-4.72334588,140.62441338,623516729473826815,,,,,> ~5 km / none found,False,10326.191899869948,10326.191899869948,10.33
55186,SULAWESI TENGAH,KAB. MOROWALI UTARA,Lembo Raya,-2.34776835,121.1743659,624121022074355711,,,,,> ~5 km / none found,False,10320.686486962117,10320.686486962117,10.32
58253,KALIMANTAN TENGAH,KAB. BARITO UTARA,Gunung Timang,-1.21857348,115.3354491,623337105979932671,,,,,> ~5 km / none found,False,10313.131692436844,10313.131692436844,10.31
93814,PAPUA PEGUNUNGAN,KAB. NDUGA,Nirkuri,-4.12991399,138.38930701,623511630854717439,,,,,> ~5 km / none found,False,10303.53663634405,10303.53663634405,10.3
35509,KALIMANTAN TENGAH,KAB. KATINGAN,Katingan Kuala,-2.985259,113.607517,623336461106970623,,,,,> ~5 km / none found,False,10302.590267409136,10302.590267409136,10.3
51434,PAPUA SELATAN,KAB. ASMAT,Safan,-6.1521242,138.41676063,624256215348445183,,,,,> ~5 km / none found,False,10302.020791838706,10302.020791838706,10.3
76272,SUMATERA BARAT,KAB. PESISIR SELATAN,Linggo Sari Baganti,-1.76315285,100.9809519,623974319850815487,,,,,> ~5 km / none found,False,10299.39134164593,10299.39134164593,10.3
78778,SUMATERA BARAT,KAB. PESISIR SELATAN,Linggo Sari Baganti,-1.87356981,101.022862,623974318023770111,,,,,> ~5 km / none found,False,6685.777514966969,10292.891651083606,10.29
89915,PAPUA BARAT,KAB. KAIMANA,Kaimana,-3.82888525,134.03583242,623511492275339263,,,,,> ~5 km / none found,False,10289.94273254456,10289.94273254456,10.29
75033,GORONTALO,KAB. BOALEMO,Botumoito,0.87831435,122.1347094,623339682079539199,,,,,> ~5 km / none found,False,10287.601447390685,10287.601447390685,10.29
88034,MALUKU UTARA,KAB. HALMAHERA TIMUR,Maba,0.95131432,128.20582685,623529790821466111,,,,,> ~5 km / none found,False,10287.287704920558,10287.287704920558,10.29
62615,KALIMANTAN TENGAH,KAB. GUNUNG MAS,Miri Manasa,-0.46404425,113.6021385,623336622997536767,,,,,> ~5 km / none found,False,10283.150636728427,10283.150636728427,10.28
31020,PAPUA,KAB. KEPULAUAN YAPEN,Raimbawi,-1.75802267,136.62244239,623513944552243199,,,,,> ~5 km / none found,False,10281.949702666765,10281.949702666765,10.28
33296,KALIMANTAN BARAT,KAB. KETAPANG,Kendawangan,-2.8243994,110.4237834,623972147220316159,,,,,> ~5 km / none found,False,6056.778959896125,10277.734017808538,10.28
83171,KALIMANTAN SELATAN,KAB. KOTABARU,Hampang,-2.71764776,115.7656667,623336802134327295,,,,,> ~5 km / none found,False,9899.046854050386,10266.983947588404,10.27
48992,MALUKU,KAB. BURU SELATAN,Leksula,-3.47858021,126.2897066,624122664366866431,,,,,> ~5 km / none found,False,10266.649463297312,10266.649463297312,10.27
50330,MALUKU,KAB. SERAM BAGIAN TIMUR,Pulau Panjang,-4.00269336,131.216875,623514514218778623,,,,,> ~5 km / none found,False,10266.5162902272,10266.5162902272,10.27
88112,MALUKU UTARA,KAB. HALMAHERA TIMUR,Maba,0.93897782,128.18933192,623529790914002943,,,,,> ~5 km / none found,False,10261.777450394355,10261.777450394355,10.26
90886,PAPUA PEGUNUNGAN,KAB. NDUGA,Mapenduma,-4.33011615,138.22904197,623511785855811583,,,,,> ~5 km / none found,False,10260.800075818554,10260.800075818554,10.26
92523,PAPUA SELATAN,KAB. MAPPI,Obaa,-6.4214519,139.3393021,624255976036827135,,,,,> ~5 km / none found,False,10258.488458259331,10258.488458259331,10.26
65910,KALIMANTAN BARAT,KAB. KAPUAS HULU,Bunut Hilir,0.72408299,112.4055236,623338444197003263,,,,,> ~5 km / none found,False,10256.914946125502,10256.914946125502,10.26
89709,PAPUA BARAT,KAB. FAK FAK,Fakfak Timur Tengah,-2.93415806,132.63816229,623514599133216767,,,,,> ~5 km / none found,False,6559.334902019107,10254.013355398058,10.25
66139,GORONTALO,KAB. POHUWATO,Wanggarasi,0.73339134,121.718971,623339667513966591,,,,,> ~5 km / none found,False,10252.855349337331,10252.855349337331,10.25
64022,MALUKU,KAB. KEPULAUAN TANIMBAR,Kormomolin,-7.58334984,131.5100373,624107036212887551,,,,,> ~5 km / none found,False,10116.68293133958,10251.392892025337,10.25
5706,SULAWESI TENGAH,KAB. MOROWALI UTARA,Bungku Utara,-1.87242119,121.6701647,624121112377393151,,,,,> ~5 km / none found,False,8361.869595868979,10248.895367938347,10.25
56097,MALUKU,KAB. SERAM BAGIAN TIMUR,Pulau Panjang,-3.994987,131.2274411,623514514217271295,,,,,> ~5 km / none found,False,10244.580408727574,10244.580408727574,10.24
88837,PAPUA BARAT,KAB. PEGUNUNGAN ARFAK,Testega,-1.3953047,133.49040327,623513396918943743,,,,,> ~5 km / none found,False,10237.961258276366,10237.961258276366,10.24
83150,JAMBI,KAB. MERANGIN,Pangkalan Jambu,-2.05663374,101.821134,623974232307204095,,,,,> ~5 km / none found,False,10236.98332545455,10236.98332545455,10.24
86857,KALIMANTAN TENGAH,KAB. SERUYAN,Seruyan Hilir Timur,-3.24007113,112.7215266,623336371985776639,,,,,> ~5 km / none found,False,10235.955701384353,10235.955701384353,10.24
85781,PAPUA TENGAH,KAB. PUNCAK,Mabugi,-3.84329397,137.5948419,623511657630531583,37.0,,4.884,,> ~5 km / none found,True,4774.896932612938,10234.601046338721,10.23
49190,BENGKULU,KAB. MUKOMUKO,Teramang Jaya,-2.62851077,101.5180193,623974333040361471,,,,,> ~5 km / none found,False,7433.953494444693,10229.614574803223,10.23
42404,KALIMANTAN TIMUR,KAB. PASER,Muara Samu,-1.98775068,115.8364674,623336819346964479,,,,,> ~5 km / none found,False,6656.068202991932,10227.327007255319,10.23
79341,NUSA TENGGARA BARAT,KAB. LOMBOK UTARA,Bayan,-8.4012009,116.4029851,624129360293462015,,,,,> ~5 km / none found,False,9471.560806556347,10224.711648497629,10.22
30406,PAPUA TENGAH,KAB. MIMIKA,Jila,-4.21882027,137.7000636,623511780996546559,,,,,> ~5 km / none found,False,10224.57906727018,10224.57906727018,10.22
91198,PAPUA PEGUNUNGAN,KAB. YALIMO,Apalapsili,-3.9925957,139.27175723,623511705082953727,,,,,> ~5 km / none found,False,10223.288304222999,10223.288304222999,10.22
92747,PAPUA SELATAN,KAB. BOVEN DIGOEL,Subur,-1.2282458,136.3371426,623514225851170815,,,,,> ~5 km / none found,False,10223.24927072694,10223.24927072694,10.22
93169,PAPUA PEGUNUNGAN,KAB. NDUGA,Wusi,-4.44195394,138.50732767,623511862032695295,,,,,> ~5 km / none found,False,9566.688358534824,10221.797875334125,10.22
91177,PAPUA PEGUNUNGAN,KAB. YALIMO,Abenaho,-3.93592609,139.20452138,623511705414107135,,,,,> ~5 km / none found,False,10218.259913778367,10218.259913778367,10.22
38638,RIAU,KAB. KAMPAR,Kampar Kiri Hulu,-0.32269575,101.0922344,623974208846987263,,,,,> ~5 km / none found,False,10215.657246305576,10215.657246305576,10.22
60205,SULAWESI BARAT,KAB. PASANGKAYU,Bulu Taba,-1.4920804,119.5929114,623340818790481919,,,,,> ~5 km / none found,False,9666.989848540386,10213.97182312781,10.21
61451,SULAWESI TENGAH,KAB. MOROWALI,Bungku Selatan,-3.144712,122.591373,624120803360800767,,,,,> ~5 km / none found,False,10211.960104375776,10211.960104375776,10.21
6109,RIAU,KAB. BENGKALIS,Bukit Batu,1.3624778,101.9450129,623275853705183231,,,,,> ~5 km / none found,False,10206.516010597457,10206.516010597457,10.21
87479,PAPUA BARAT DAYA,KAB. MAYBRAT,Aifat Timur Tengah,-1.19007403,132.67074703,623514739796541439,,,,,> ~5 km / none found,False,10205.523979962098,10205.523979962098,10.21
45839,SULAWESI TENGGARA,KAB. KOLAKA UTARA,Wawo,-3.61461029,121.1447129,624120750404665343,,,,,> ~5 km / none found,False,8457.4362893754,10198.601848326141,10.2
73597,SULAWESI TENGGARA,KAB. KOLAKA UTARA,Ngapa,-3.37252878,121.0816273,624120788327890943,4.0,,0.528,,> ~5 km / none found,True,462.0303715048425,10198.00833956493,10.2
13439,KALIMANTAN TENGAH,KAB. BARITO SELATAN,Karau Kuala,-1.90322682,114.6995292,623336312556257279,,,,,> ~5 km / none found,False,10197.390282607428,10197.390282607428,10.2
89360,PAPUA BARAT,KAB. KAIMANA,Teluk Arguni Bawah,-3.10025223,133.53725227,623511523179560959,33.0,,4.356,,> ~5 km / none found,True,4371.949941930196,10197.332740619317,10.2
93525,PAPUA PEGUNUNGAN,KAB. JAYAWIJAYA,Welesi,-4.24431524,138.85856399,623511848059240447,,,,,> ~5 km / none found,False,10195.263667914553,10195.263667914553,10.2
87369,PAPUA SELATAN,KAB. MAPPI,Edera,-7.23760811,139.65560647,624256263362904063,,,,,> ~5 km / none found,False,6774.305934609343,10193.035999313583,10.19
83235,MALUKU,KAB. MALUKU TENGAH,Telutih,-3.22296062,129.6967112,624125356291293183,,,,,> ~5 km / none found,False,10192.529384123281,10192.529384123281,10.19
30925,MALUKU UTARA,KAB. PULAU MOROTAI,Morotai Utara,2.35015538,128.54357,623530136632393727,,,,,> ~5 km / none found,False,9848.157036419589,10183.687666144595,10.18
36217,SULAWESI TENGAH,KAB. POSO,Pamona Utara,-1.64845731,120.8533125,623340854878732287,,,,,> ~5 km / none found,False,6640.9984365872315,10180.286098859095,10.18
16829,KEPULAUAN RIAU,KAB. NATUNA,Subi,2.88561462,108.8518444,623354035977912319,,,,,> ~5 km / none found,False,10176.610652342702,10176.610652342702,10.18
92805,PAPUA PEGUNUNGAN,KAB. YAHUKIMO,Kayo,-4.33190257,139.1511778,623511855653060607,,,,,> ~5 km / none found,False,10176.282456465984,10176.282456465984,10.18
36252,SULAWESI TENGGARA,KAB. KOLAKA UTARA,Batu Putih,-3.13838298,121.2681713,624120738090778623,15.0,,1.98,,> ~5 km / none found,True,1673.442197687534,10173.098836008583,10.17
64314,SULAWESI TENGGARA,KAB. KONAWE,Asinua,-3.60189647,121.7569681,624120978789728255,,,,,> ~5 km / none found,False,8754.87672023456,10171.245298720985,10.17
89892,PAPUA BARAT DAYA,KAB. SORONG,Salawati Selatan,-1.13661461,130.75931195,623530464421904383,24.0,,3.168,,> ~5 km / none found,True,3078.9106880676354,10170.120521422654,10.17
93659,PAPUA TENGAH,KAB. DEIYAI,Tigi Barat,-4.16823619,136.10132034,623511275077238783,,,,,> ~5 km / none found,False,10167.059287995191,10167.059287995191,10.17
37750,SUMATERA BARAT,KAB. SOLOK SELATAN,Sangir Jujuan,-1.36984582,101.2612803,623973993663594495,,,,,> ~5 km / none found,False,6418.577156969994,10166.491295907957,10.17
90229,PAPUA TENGAH,KAB. PUNCAK JAYA,Yambi,-3.81359991,137.96725262,623511626885070847,,,,,> ~5 km / none found,False,10165.650397571808,10165.650397571808,10.17
81505,SULAWESI TENGAH,KAB. MOROWALI,Sombori Kepulauan,-3.273386,122.408392,624120804152508415,,,,,> ~5 km / none found,False,10163.061184468008,10163.061184468008,10.16
87347,PAPUA BARAT,KAB. FAK FAK,Fakfak Timur Tengah,-2.95883876,132.53193089,623514597322162175,,,,,> ~5 km / none found,False,10153.420547946193,10153.420547946193,10.15
91459,PAPUA PEGUNUNGAN,KAB. YALIMO,Welarek,-3.98395941,139.37614613,623511700900184063,,,,,> ~5 km / none found,False,10149.549115440212,10149.549115440212,10.15
82375,JAMBI,KAB. KERINCI,Danau Kerinci,-1.99602257,101.5788287,623974316127682559,,,,,> ~5 km / none found,False,9208.574476064734,10147.011379591619,10.15
78752,PAPUA TENGAH,KAB. PUNCAK,Beoga Barat,-3.8227895,137.3083177,623512028841312255,,,,,> ~5 km / none found,False,10135.358737118226,10135.358737118226,10.14
89608,PAPUA BARAT DAYA,KAB. TAMBRAUW,Ases,-0.92420835,132.4401816,623513685361786879,,,,,> ~5 km / none found,False,7036.756587066095,10129.929743259203,10.13
74257,KALIMANTAN TENGAH,KAB. KAPUAS,Mandau Talawang,-0.44008084,113.9804708,623335572475674623,,,,,> ~5 km / none found,False,10129.574885200342,10129.574885200342,10.13
78134,MALUKU,KAB. SERAM BAGIAN BARAT,Taniwel,-3.0514006,128.5658681,624125273093013503,,,,,> ~5 km / none found,False,10128.161059099932,10128.161059099932,10.13
78812,MALUKU,KAB. SERAM BAGIAN BARAT,Huamual Belakang,-3.17902911,127.7497223,624122771091324927,,,,,> ~5 km / none found,False,10124.446110892128,10124.446110892128,10.12
71550,PAPUA TENGAH,KAB. NABIRE,Wapoga,-2.84800463,136.0971651,623511127007920127,,,,,> ~5 km / none found,False,10123.309758334484,10123.309758334484,10.12
91070,PAPUA TENGAH,KAB. PANIAI,Nakama,-3.80374451,136.16620035,623511307109728255,,,,,> ~5 km / none found,False,7889.831427815499,10120.707116596537,10.12
86681,PAPUA TENGAH,KAB. PUNCAK,Gome Utara,-4.01223227,137.8801501,623511620842717183,,,,,> ~5 km / none found,False,10119.104376910715,10119.104376910715,10.12
28269,SUMATERA UTARA,KAB. LANGKAT,Bahorok,3.57718768,98.02310615,623274219319164927,,,,,> ~5 km / none found,False,9847.981022260155,10118.045252769823,10.12
30771,SUMATERA SELATAN,KAB. MUSI BANYUASIN,Batang Hari Leko,-2.35439152,103.3113652,623976304748396543,,,,,> ~5 km / none found,False,5735.479491582766,10115.709124879044,10.12
90603,PAPUA BARAT DAYA,KAB. SORONG SELATAN,Kokoda,-2.11886687,132.49362163,623514724785258495,,,,,> ~5 km / none found,False,9133.140610311857,10115.557831950446,10.12
93979,PAPUA PEGUNUNGAN,KAB. TOLIKARA,Egiam,-3.46122435,138.51306592,623511649880866815,,,,,> ~5 km / none found,False,10108.722948524828,10108.722948524828,10.11
35218,MALUKU,KAB. KEPULAUAN ARU,Aru Selatan Timur,-6.82673371,134.1342732,623512386702442495,,,,,> ~5 km / none found,False,10105.63675671177,10105.63675671177,10.11
53513,KALIMANTAN TENGAH,KAB. BARITO SELATAN,Dusun Utara,-1.41127861,114.7857202,623337108282212351,,,,,> ~5 km / none found,False,10099.548362919519,10099.548362919519,10.1
93293,PAPUA PEGUNUNGAN,KAB. NDUGA,Yigi,-4.13642228,138.41930372,623511630802747391,,,,,> ~5 km / none found,False,10098.29862986866,10098.29862986866,10.1
65977,KALIMANTAN UTARA,KAB. BULUNGAN,Tanjung Palas,2.62488866,117.3115231,623337967474540543,28.0,,3.696,,> ~5 km / none found,True,3074.55270048096,10087.1974284515,10.09
85663,SUMATERA UTARA,KAB. NIAS BARAT,Sirombu,0.85379416,97.37395405,623281541141987327,25.0,,3.3,,> ~5 km / none found,True,3257.8516597537473,10087.096343396337,10.09
84133,PAPUA TENGAH,KAB. PUNCAK,Lambewi,-3.87658301,137.9631815,623511626330963967,,,,,> ~5 km / none found,False,10074.201485142226,10085.715827648037,10.09
61139,KEPULAUAN RIAU,KAB. KARIMUN,Ungar,0.68794767,103.5846758,623276044434243583,,,,,> ~5 km / none found,False,9026.206482115365,10083.495615255633,10.08
91275,PAPUA PEGUNUNGAN,KAB. PEGUNUNGAN BINTANG,Kawor,-5.09887861,140.61205086,623516693813166079,,,,,> ~5 km / none found,False,10083.1522988186,10083.1522988186,10.08
92538,PAPUA PEGUNUNGAN,KAB. YAHUKIMO,Ukha,-4.33929228,138.99967632,623511859695550463,,,,,> ~5 km / none found,False,10079.757953331096,10079.757953331096,10.08
24786,KALIMANTAN TENGAH,KAB. MURUNG RAYA,Tanah Siang,-0.1745554,114.4966773,623335151694479359,,,,,> ~5 km / none found,False,9655.81514955675,10078.82140670043,10.08
93549,PAPUA PEGUNUNGAN,KAB. RAJA AMPAT,Kepulauan Ayau,0.3986257,131.13856005,623530340701503487,,,,,> ~5 km / none found,False,9225.759446411419,10078.310657216514,10.08
76213,MALUKU UTARA,KAB. HALMAHERA SELATAN,Kasiruta Timur,-0.50981414,127.2106466,623529904735485951,,,,,> ~5 km / none found,False,10068.815007014973,10068.815007014973,10.07
68839,ACEH,KAB. GAYO LUES,Blangpegayon,3.87916976,97.26550484,623274192167796735,,,,,> ~5 km / none found,False,9425.684588851662,10068.47680872647,10.07
76223,MALUKU UTARA,KAB. HALMAHERA SELATAN,Bacan Timur,-0.42446491,127.5690659,623529887148605439,,,,,> ~5 km / none found,False,7450.407092672005,10066.412558414246,10.07
29279,PAPUA,KAB. BIAK NUMFOR,Padaido,-1.22615614,136.339252,623514225852350463,,,,,> ~5 km / none found,False,10066.18008833063,10066.18008833063,10.07
90996,PAPUA SELATAN,KAB. BOVEN DIGOEL,Manggelum,-5.37949071,140.44344613,623516744152416255,,,,,> ~5 km / none found,False,10059.871911441236,10059.871911441236,10.06
42130,KEPULAUAN RIAU,KAB. LINGGA,Katang Bidare,0.37929528,104.4222832,623276085584003071,,,,,> ~5 km / none found,False,6894.443017830702,10058.823659196933,10.06
93962,PAPUA PEGUNUNGAN,KAB. NDUGA,Moba,-4.56703588,138.79612599,623511810710568959,,,,,> ~5 km / none found,False,9181.730715865724,10056.196180319645,10.06
15887,GORONTALO,KAB. BONE BOLANGO,Suwawa Timur,0.58924092,123.3083091,623341562306363391,,,,,> ~5 km / none found,False,10054.024197476687,10054.024197476687,10.05
80799,PAPUA TENGAH,KAB. PUNCAK,Agandugume,-4.02047849,137.8383373,623511620919132159,,,,,> ~5 km / none found,False,10048.969859589417,10048.969859589417,10.05
91037,PAPUA BARAT,KAB. TELUK WONDAMA,Rumberpon,-1.77791503,134.21251045,623511363858333695,,,,,> ~5 km / none found,False,10044.107484229897,10044.107484229897,10.04
61473,SULAWESI TENGAH,KAB. TOLI-TOLI,Galang,1.08926307,120.9748337,623339974903169023,,,,,> ~5 km / none found,False,10037.234533701472,10037.234533701472,10.04
87399,ACEH,KAB. ACEH JAYA,Sampoi Niet,4.97972068,95.5497843,623279083204444159,,,,,> ~5 km / none found,False,8846.973306169079,10035.241882572926,10.04
89225,PAPUA BARAT,KAB. KAIMANA,Teluk Arguni Atas,-3.14331621,134.12619243,623511511373643775,,,,,> ~5 km / none found,False,10034.857662159757,10034.857662159757,10.03
89242,PAPUA BARAT,KAB. KAIMANA,Teluk Arguni Atas,-3.2001163,133.88518455,623511470721794047,,,,,> ~5 km / none found,False,10030.999546407445,10030.999546407445,10.03
50467,JAMBI,KAB. BUNGO,Limbur Lubuk Mengkuang,-1.70989474,101.5976525,623973988514758655,24.0,,3.168,,> ~5 km / none found,True,3090.081256293843,10030.960651988402,10.03
55064,JAWA TIMUR,KAB. SUMENEP,Masalembu,-5.44498936,114.4244362,623987431981088767,,,,,> ~5 km / none found,False,10030.04237140814,10030.04237140814,10.03
93744,PAPUA SELATAN,KAB. MAPPI,Minyamur,-6.70288834,138.90698852,624256018242043903,,,,,> ~5 km / none found,False,10028.111632425669,10028.111632425669,10.03
81142,MALUKU UTARA,KAB. HALMAHERA TIMUR,Maba,0.9296105,128.1714911,623529791154683903,,,,,> ~5 km / none found,False,10024.803468850407,10024.803468850407,10.02
38682,KALIMANTAN BARAT,KAB. SINTANG,Ambalau,-0.01640612,112.5832862,623338673276583935,,,,,> ~5 km / none found,False,6101.937496895586,10021.226885869792,10.02
43260,ACEH,KAB. ACEH TENGGARA,Badar,3.63931393,97.83313522,623274216073396223,,,,,> ~5 km / none found,False,7550.953960916375,10019.839778821355,10.02
28021,KALIMANTAN BARAT,KAB. SINTANG,Serawai,-0.4659239,112.7899731,623338667599953919,,,,,> ~5 km / none found,False,5934.043858159441,10007.353736854104,10.01
40227,KALIMANTAN SELATAN,KAB. BANJAR,Aranio,-3.43484206,115.2847853,623336942185316351,,,,,> ~5 km / none found,False,10003.581381196225,10003.581381196225,10.0
89730,PAPUA BARAT,KAB. KAIMANA,Teluk Arguni Atas,-3.26779111,133.98020453,623511466962288639,,,,,> ~5 km / none found,False,10003.361495402416,10003.361495402416,10.0
89616,PAPUA BARAT,KAB. TELUK BINTUNI,Moskona Timur,-1.41518483,133.26088855,623513445109727231,,,,,> ~5 km / none found,False,9999.137027776374,9999.137027776374,10.0
45086,PAPUA TENGAH,KAB. MIMIKA,Jita,-4.78600963,137.6020982,623511747718381567,,,,,> ~5 km / none found,False,9997.830668562936,9997.830668562936,10.0
44619,KALIMANTAN TIMUR,KAB. KUTAI TIMUR,Bengalon,0.92421963,117.5693372,623336080403365887,,,,,> ~5 km / none found,False,8807.195476434374,9997.518625027615,10.0
88419,PAPUA SELATAN,KAB. MAPPI,Passue Bawah,-6.01128807,139.42053294,624255993721552895,,,,,> ~5 km / none found,False,9995.970696649712,9995.970696649712,10.0
83341,MALUKU,KAB. MALUKU TENGAH,Teluk Elpaputih,-3.09068449,128.8528498,624125270328541183,,,,,> ~5 km / none found,False,8160.9716897564895,9995.80188512433,10.0
85584,ACEH,KAB. ACEH JAYA,Pasie Raya,4.67467104,95.95353954,623279080064974847,,,,,> ~5 km / none found,False,9994.76802198776,9994.76802198776,9.99
93801,PAPUA PEGUNUNGAN,KAB. NDUGA,Kegayem,-4.31565464,138.29648739,623511866277068799,,,,,> ~5 km / none found,False,9992.291968649235,9992.291968649235,9.99
42616,SUMATERA BARAT,KAB. PESISIR SELATAN,Airpura,-1.9046576,101.0487057,623974324303200255,37.0,,4.884,,> ~5 km / none found,True,5221.318329495986,9990.553396005082,9.99
92734,PAPUA PEGUNUNGAN,KAB. YAHUKIMO,Obio,-4.82958349,139.17434245,623511841091747839,,,,,> ~5 km / none found,False,9988.270111766158,9988.270111766158,9.99
42917,SULAWESI SELATAN,KAB. JENEPONTO,Turatea,-5.3791545,119.2690956,624118036065189887,,,,,> ~5 km / none found,False,9964.794573131068,9977.874333271942,9.98
91078,PAPUA TENGAH,KAB. PUNCAK JAYA,Ilu,-3.60469777,138.18960068,623511604400652287,,,,,> ~5 km / none found,False,9974.74771286237,9974.74771286237,9.97
85888,KALIMANTAN TENGAH,KAB. BARITO SELATAN,Karau Kuala,-1.80222191,114.6811174,623336310215933951,,,,,> ~5 km / none found,False,9973.46671322565,9973.46671322565,9.97
10985,ACEH,KAB. GAYO LUES,Puteri Betung,3.80771654,97.68961083,623274183279345663,,,,,> ~5 km / none found,False,9968.142943686978,9968.142943686978,9.97
82404,PAPUA SELATAN,KAB. ASMAT,Agats,-5.63326118,138.1653738,624256192374505471,,,,,> ~5 km / none found,False,9968.03068965564,9968.03068965564,9.97
53473,KALIMANTAN BARAT,KAB. MELAWI,Sokan,-1.04841418,111.3447982,623972190358732799,,,,,> ~5 km / none found,False,8178.813726538454,9964.238893702408,9.96
28433,PAPUA TENGAH,KAB. MIMIKA,Amar,-4.64681945,136.2351089,623513104420372479,,,,,> ~5 km / none found,False,9964.182189958943,9964.182189958943,9.96
93587,PAPUA PEGUNUNGAN,KAB. NDUGA,Dal,-4.1245593,138.45737046,623511630993096703,,,,,> ~5 km / none found,False,9957.934485244634,9957.934485244634,9.96
93912,PAPUA PEGUNUNGAN,KAB. TOLIKARA,Bogonuk,-3.59593013,138.25125472,623511605355413503,,,,,> ~5 km / none found,False,9957.934355202127,9957.934355202127,9.96
90710,PAPUA,KAB. MAMBERAMO RAYA,Mamberamo Tengah,-2.5295339,138.22226974,623512000181960703,,,,,> ~5 km / none found,False,6396.767077314284,9951.252703407321,9.95
60217,KALIMANTAN BARAT,KAB. MELAWI,Menukung,-0.65735891,112.3479946,623338660667162623,,,,,> ~5 km / none found,False,9584.137463060142,9948.027820474928,9.95
64105,SULAWESI SELATAN,KAB. LUWU UTARA,Rampi,-2.21142784,120.1717423,624121063807320063,,,,,> ~5 km / none found,False,9932.548901339782,9932.548901339782,9.93
6503,SULAWESI TENGAH,KAB. TOLI-TOLI,Baolan,0.99383773,120.9738049,623341021543759871,,,,,> ~5 km / none found,False,9944.706437936002,9929.116735156826,9.93
90223,PAPUA BARAT DAYA,KAB. TAMBRAUW,Manekar,-0.92505173,133.14604683,623513694978736127,,,,,> ~5 km / none found,False,9924.284679152697,9924.284679152697,9.92
77160,PAPUA BARAT,KAB. FAK FAK,Karas,-3.45777006,132.74598857,623514559183388671,,,,,> ~5 km / none found,False,9923.724379252148,9923.724379252148,9.92
57170,KALIMANTAN TIMUR,KAB. PASER,Long Kali,-1.16548829,116.3022925,623337126773751807,23.0,,3.036,,> ~5 km / none found,True,2650.386790810823,9919.780295946259,9.92
45103,SULAWESI TENGGARA,KAB. KOLAKA UTARA,Ngapa,-3.39250373,121.0540809,624120788352335871,3.0,,0.396,,> ~5 km / none found,True,391.51262806525057,9915.113810132243,9.92
88202,MALUKU UTARA,KAB. HALMAHERA SELATAN,Bacan Barat,-0.54080382,127.23177136,623529904659431423,,,,,> ~5 km / none found,False,9601.534749625771,9912.585288048549,9.91
89010,PAPUA TENGAH,KAB. PUNCAK JAYA,Waegi,-3.60833108,138.15499434,623511604383383551,,,,,> ~5 km / none found,False,9909.541318677042,9909.541318677042,9.91
89405,PAPUA BARAT DAYA,KAB. TAMBRAUW,Kebar Selatan,-0.94404847,133.16797332,623513694898946047,,,,,> ~5 km / none found,False,9906.608087966195,9906.608087966195,9.91
89159,PAPUA TENGAH,KAB. INTAN JAYA,Homeyo,-3.82412265,136.89909328,623512020685455359,,,,,> ~5 km / none found,False,9774.522942309974,9906.542654450866,9.91
93571,PAPUA BARAT,KAB. TELUK BINTUNI,Dataran Beimes,-1.61646818,133.57065413,623513421221134335,,,,,> ~5 km / none found,False,9894.856277970011,9894.856277970011,9.89
18804,PAPUA TENGAH,KAB. MIMIKA,Iwaka,-4.53201932,136.6181244,623513082419904511,,,,,> ~5 km / none found,False,9231.62097086525,9890.016767900994,9.89
25450,SULAWESI TENGAH,KAB. BANGGAI,Pagimana,-0.91957791,122.6642501,623341231755329535,,,,,> ~5 km / none found,False,9248.312973582082,9887.669333379812,9.89
85104,SUMATERA UTARA,KAB. NIAS BARAT,Sirombu,0.87003462,97.35063505,623281541070028799,25.0,,3.3,,> ~5 km / none found,True,3118.287422821673,9884.570575890662,9.88
79737,KALIMANTAN BARAT,KAB. KAPUAS HULU,Silat Hulu,0.21613035,112.3879866,623338457638076415,,,,,> ~5 km / none found,False,6229.8248864108255,9882.150590858115,9.88
21197,MALUKU,KAB. KEPULAUAN ARU,Aru Utara,-5.36676492,134.5494373,623512237915602943,,,,,> ~5 km / none found,False,9881.067239122302,9881.067239122302,9.88
90983,PAPUA SELATAN,KAB. BOVEN DIGOEL,Waropko,-5.61000084,140.98739441,623516720456564735,20.0,,2.64,,> ~5 km / none found,True,2578.3745489869893,9877.744382439942,9.88
88188,PAPUA BARAT DAYA,KAB. MAYBRAT,Aifat Timur Selatan,-1.69056723,132.47856926,623514700077989887,21.0,,2.772,,> ~5 km / none found,True,2773.0225186737184,9875.992030829424,9.88
19225,ACEH,KAB. GAYO LUES,Puteri Betung,3.76719456,97.71391624,623274183852359679,,,,,> ~5 km / none found,False,9874.883940638487,9874.883940638487,9.87
45436,KALIMANTAN SELATAN,KAB. HULU SUNGAI TENGAH,Batang Alai Timur,-2.55633615,115.7122288,623336798660427775,,,,,> ~5 km / none found,False,9745.181014649881,9872.018883807323,9.87
85727,MALUKU UTARA,KAB. PULAU TALIABU,Taliabu Utara,-1.74260196,124.6730011,624125049120784383,12.0,,1.584,,> ~5 km / none found,True,1642.7270050370298,9872.016891181218,9.87
37207,MALUKU,KAB. KEPULAUAN ARU,Sir-Sir,-5.52309332,134.524986,623512253922639871,,,,,> ~5 km / none found,False,9868.256828347847,9868.256828347847,9.87
91120,PAPUA PEGUNUNGAN,KAB. PEGUNUNGAN BINTANG,Kiwirok,-4.73270716,140.70221695,623516728657379327,,,,,> ~5 km / none found,False,6265.721530954924,9867.179257859623,9.87
82848,KALIMANTAN TENGAH,KAB. SERUYAN,Seruyan Tengah,-1.87846507,112.2147603,623336691958874111,,,,,> ~5 km / none found,False,5149.767015102475,9866.879946832736,9.87
29167,SULAWESI TENGAH,KAB. BANGGAI,Kintom,-1.0692902,122.5786131,623341606369820671,,,,,> ~5 km / none found,False,6656.610054760322,9862.397507178752,9.86
13049,SULAWESI UTARA,KAB. BOLAANG MONGONDOW UTARA,Bintauna,0.74214959,123.6653202,623340509495623679,,,,,> ~5 km / none found,False,8763.47955608664,9861.436315147917,9.86
86957,PAPUA BARAT DAYA,KAB. MAYBRAT,Aifat Timur Selatan,-1.81711443,132.4595079,623514726186549247,8.0,,1.056,,> ~5 km / none found,True,971.960150991838,9858.432583351312,9.86
80114,KALIMANTAN UTARA,KAB. MALINAU,Mentarang,3.49982323,116.2074799,623338164837220351,27.0,,3.564,,> ~5 km / none found,True,3490.237552597669,9854.512841863318,9.85
90128,MALUKU UTARA,KAB. HALMAHERA SELATAN,Bacan Barat,-0.54532246,127.23712868,623529900809289727,,,,,> ~5 km / none found,False,9226.963549223383,9847.298785111276,9.85
88556,MALUKU UTARA,KAB. HALMAHERA SELATAN,Obi Utara,-1.16052672,127.41769038,624124695900782591,,,,,> ~5 km / none found,False,9841.51437169686,9841.51437169686,9.84
91308,PAPUA PEGUNUNGAN,KAB. YALIMO,Welarek,-3.88743976,139.56604299,623511700057587711,,,,,> ~5 km / none found,False,9839.908166907353,9839.908166907353,9.84
93566,PAPUA PEGUNUNGAN,KAB. JAYAWIJAYA,Maima,-1.35383729,131.4776476,623514677383823359,19.0,,2.508,,> ~5 km / none found,True,2644.6689810208472,9839.092758692525,9.84
86323,PAPUA BARAT DAYA,KAB. SORONG,Segun,-1.35383729,131.4776476,623514677383823359,19.0,,2.508,,> ~5 km / none found,True,2644.6689810208472,9839.092758692525,9.84
59308,SULAWESI SELATAN,KAB. LUWU UTARA,Baebunta,-2.42051513,120.1686165,624121062253625343,,,,,> ~5 km / none found,False,9366.967101379823,9825.193195209918,9.83
86683,KALIMANTAN TENGAH,KAB. BARITO SELATAN,Jenamas,-2.37544069,114.9357857,623337199029092351,,,,,> ~5 km / none found,False,9819.636039696696,9819.636039696696,9.82
93192,PAPUA BARAT DAYA,KAB. TAMBRAUW,Manekar,-0.9518477,133.0430344,623513691448803327,,,,,> ~5 km / none found,False,9815.077050259244,9815.077050259244,9.82
53629,SULAWESI TENGAH,KAB. MOROWALI,Bungku Tengah,-2.5495272,121.8302777,624121106924994559,,,,,> ~5 km / none found,False,8800.618013851734,9808.617332033704,9.81
27955,ACEH,KAB. ACEH SELATAN,Trumon,2.4661419,97.69215436,623281434914095103,,,,,> ~5 km / none found,False,9341.990517331813,9805.073889294568,9.81
84310,MALUKU,KAB. MALUKU TENGAH,Telutih,-3.24691334,129.8862512,624125367575609343,,,,,> ~5 km / none found,False,6396.719241407074,9801.005908659305,9.8
25477,KALIMANTAN BARAT,KAB. SINTANG,Ambalau,-0.10923269,112.6715414,623338641014063103,8.0,,1.056,,> ~5 km / none found,True,936.9117714753123,9800.14531305833,9.8
57608,KALIMANTAN SELATAN,KAB. HULU SUNGAI SELATAN,Daha Selatan,-2.55686801,114.9197143,623337197475528703,,,,,> ~5 km / none found,False,9799.894141916502,9799.894141916502,9.8
60552,SULAWESI TENGAH,KAB. DONGGALA,Rio Pakava,-1.19888493,119.7157025,623340807958724607,,,,,> ~5 km / none found,False,7744.198705964147,9789.443476188098,9.79
2568,SUMATERA SELATAN,KAB. MUSI RAWAS,Selangit,-3.22221757,102.5833666,623976328972894207,,,,,> ~5 km / none found,False,9778.679365913551,9778.679365913551,9.78
11869,GORONTALO,KAB. POHUWATO,Taluditi,0.75428865,121.8943539,623339668594917375,,,,,> ~5 km / none found,False,8916.340435874075,9774.386474272329,9.77
18563,KALIMANTAN TIMUR,KAB. KUTAI KARTANEGARA,Muara Wis,-0.24408364,116.33002446,623336149003993087,,,,,> ~5 km / none found,False,9774.06374026013,9774.06374026013,9.77
91033,PAPUA BARAT,KAB. TELUK WONDAMA,Roon,-2.39286639,134.54854557,623511344125804543,,,,,> ~5 km / none found,False,9772.736352602573,9772.736352602573,9.77
61491,SULAWESI TENGAH,KAB. TOJO UNA UNA,Ampana Tete,-1.03002087,121.6262862,623341647682633727,,,,,> ~5 km / none found,False,8709.958107784556,9769.574827464376,9.77
69128,SULAWESI UTARA,KAB. BOLAANG MONGONDOW,Lolak,0.71935856,123.9198293,623340525032341503,,,,,> ~5 km / none found,False,8409.523463745678,9768.08210936852,9.77
89377,PAPUA BARAT,KAB. KAIMANA,Teluk Etna,-3.93943952,134.57772833,623511229733863423,,,,,> ~5 km / none found,False,8362.348799649359,9767.702244738563,9.77
77262,SUMATERA UTARA,KAB. NIAS SELATAN,Tanah Masa,-0.06963315,98.38095042,623974681959596031,,,,,> ~5 km / none found,False,9765.776340302295,9765.776340302295,9.77
48564,KEPULAUAN RIAU,KAB. LINGGA,Bakung Serumpun,0.12786997,104.4541811,623969167631581183,,,,,> ~5 km / none found,False,9765.532393018257,9765.532393018257,9.77
64676,SUMATERA SELATAN,KAB. OGAN KOMERING ILIR,Cengal,-3.43756648,105.3267996,623971462841991167,,,,,> ~5 km / none found,False,9763.791194268797,9763.791194268797,9.76
93160,PAPUA PEGUNUNGAN,KAB. YAHUKIMO,Pronggoli,-0.9511198,133.0436865,623513691448737791,,,,,> ~5 km / none found,False,9763.37999314463,9763.37999314463,9.76
20398,MALUKU,KAB. KEPULAUAN ARU,Aru Utara,-5.45353526,134.5135243,623512237440794623,,,,,> ~5 km / none found,False,9759.127279780707,9759.127279780707,9.76
39053,MALUKU,KAB. KEPULAUAN ARU,Aru Tengah,-6.50507216,134.5265731,623513139665928191,,,,,> ~5 km / none found,False,9743.67532365193,9743.67532365193,9.74
49582,KALIMANTAN BARAT,KAB. KAPUAS HULU,Selimbau,0.77784006,112.2025997,623338476546949119,,,,,> ~5 km / none found,False,9741.128293905607,9741.128293905607,9.74
90203,PAPUA TENGAH,KAB. PUNCAK JAYA,Torere,-3.4225583,138.0943099,623511641271795711,,,,,> ~5 km / none found,False,9738.831625179135,9738.831625179135,9.74
89351,PAPUA BARAT,KAB. FAK FAK,Fakfak Timur Tengah,-2.95347744,132.5147514,623514597820825599,,,,,> ~5 km / none found,False,9737.139452696665,9737.139452696665,9.74
88953,PAPUA TENGAH,KAB. PUNCAK JAYA,Gurage,-3.82006109,138.04613754,623511606615998463,,,,,> ~5 km / none found,False,9733.272341656371,9733.272341656371,9.73
92037,PAPUA,KAB. BIAK NUMFOR,Oridek,-3.82006109,138.0461375,623511606615998463,,,,,> ~5 km / none found,False,9733.272188190609,9733.272188190609,9.73
88489,PAPUA SELATAN,KAB. BOVEN DIGOEL,Firiwage,-5.42062724,140.06349075,624256164811440127,,,,,> ~5 km / none found,False,9730.488718646076,9730.488718646076,9.73
89698,PAPUA TENGAH,KAB. INTAN JAYA,Wandai,-3.6272821,136.59050302,623512072934948863,3.0,,0.396,,> ~5 km / none found,True,404.07178814842405,9726.58469388888,9.73
87524,PAPUA BARAT DAYA,KAB. SORONG SELATAN,Inanwatan,-2.0558764,132.22776342,623514716681961471,,,,,> ~5 km / none found,False,5979.6377680641435,9725.489519676874,9.73
88639,PAPUA BARAT DAYA,KAB. MAYBRAT,Aifat Timur Tengah,-1.22393192,132.71418569,623514738995167231,,,,,> ~5 km / none found,False,9718.887830383164,9718.887830383164,9.72
44825,SULAWESI TENGGARA,KAB. KOLAKA UTARA,Wawo,-3.65768376,121.1560734,624120754095292415,,,,,> ~5 km / none found,False,9074.392670871985,9715.521460626287,9.72
27647,MALUKU,KAB. KEPULAUAN ARU,Sir-Sir,-5.6170566,134.5836752,623512249517408255,,,,,> ~5 km / none found,False,9715.117452385419,9715.117452385419,9.72
92767,PAPUA PEGUNUNGAN,KAB. YAHUKIMO,Kayo,-4.34486427,139.12702007,623511855673245695,,,,,> ~5 km / none found,False,9700.011696492273,9700.011696492273,9.7
91305,PAPUA PEGUNUNGAN,KAB. YALIMO,Welarek,-4.172129,139.22230155,623511853500530687,,,,,> ~5 km / none found,False,9696.809291769106,9696.809291769106,9.7
53598,SULAWESI TENGAH,KAB. MOROWALI UTARA,Mori Utara,-1.78036827,120.9858466,623340868015915007,27.0,,3.564,,> ~5 km / none found,True,3199.5465981915145,9695.79068575564,9.7
85835,MALUKU UTARA,KAB. HALMAHERA TIMUR,Maba,0.91808961,128.1640151,623529791151210495,,,,,> ~5 km / none found,False,9692.443801111944,9692.443801111944,9.69
16312,ACEH,KAB. BIREUEN,Simpang Mamplam,5.05392195,96.40626997,623279233627258879,,,,,> ~5 km / none found,False,5021.7294805096735,9689.365235969215,9.69
24113,MALUKU,KAB. KEPULAUAN ARU,Aru Tengah,-6.36158652,134.4463244,623512369780916223,,,,,> ~5 km / none found,False,9687.124666751899,9687.124666751899,9.69
71321,SULAWESI SELATAN,KAB. PANGKAJENE KEPULAUAN,Liukang Tangaya,-6.85315693,119.1085488,624118142696095743,,,,,> ~5 km / none found,False,9684.725456440798,9684.725456440798,9.68
38837,KALIMANTAN TIMUR,KAB. BERAU,Pulau Derawan,2.36707066,118.2081379,623343279214919679,,,,,> ~5 km / none found,False,9684.596532929054,9684.596532929054,9.68
86421,SULAWESI UTARA,KAB. BOLAANG MONGONDOW UTARA,Bolangitang Timur,0.74976526,123.489808,623340515789176831,0.0,,0.0,,> ~5 km / none found,True,17.895330893270902,9684.076128677307,9.68
4369,SUMATERA SELATAN,KAB. MUSI RAWAS UTARA,Ulu Rawas,-2.79589245,102.36648,623976377707757567,,,,,> ~5 km / none found,False,9567.467006627763,9680.772140373238,9.68
84942,PAPUA TENGAH,KAB. MIMIKA,Jila,-4.25336726,137.6980139,623511777112457215,,,,,> ~5 km / none found,False,9679.688240022002,9679.688240022002,9.68
59572,KEPULAUAN RIAU,KAB. LINGGA,Senayang,0.17414746,104.5367512,623969167263727615,,,,,> ~5 km / none found,False,6077.938935605901,9679.489013661065,9.68
48505,KEPULAUAN RIAU,KAB. KARIMUN,Sugie Besar,0.79134076,103.9187109,623276063743672319,,,,,> ~5 km / none found,False,9678.492794379605,9678.492794379605,9.68
59844,JAMBI,KAB. KERINCI,Batang Merangin,-2.07590227,101.695108,623974233398214655,,,,,> ~5 km / none found,False,8446.294858609945,9671.288624117535,9.67
84081,KALIMANTAN TENGAH,KAB. SERUYAN,Seruyan Hilir,-3.4481261,112.4457388,623336392617394175,,,,,> ~5 km / none found,False,9670.36742714504,9670.36742714504,9.67
91150,PAPUA PEGUNUNGAN,KAB. PEGUNUNGAN BINTANG,Awinbon,-4.96065267,140.30656724,623516993218478079,,,,,> ~5 km / none found,False,5533.832221298029,9668.603175502343,9.67
85917,PAPUA,KAB. KEEROM,Skanto,-2.88904222,140.48967001,623516861802020863,,,,,> ~5 km / none found,False,8578.12041356754,9667.318555158405,9.67
40154,SULAWESI TENGAH,KAB. TOJO UNA UNA,Tojo Barat,-1.50972566,120.9001606,623340838699794431,1.0,,0.132,,> ~5 km / none found,True,101.00185810228002,9653.806252497963,9.65
89216,PAPUA,KAB. SUPIORI,Kepulauan Aruri,-0.68391357,135.40064884,623513350935183359,,,,,> ~5 km / none found,False,9653.503425324678,9653.503425324678,9.65
89283,PAPUA BARAT DAYA,KAB. SORONG SELATAN,Matemani,-2.01764045,132.29505465,623514716661153791,18.0,,2.376,,> ~5 km / none found,True,2294.185146491406,9650.029282839552,9.65
27209,KALIMANTAN TIMUR,KAB. PASER,Muara Komam,-1.43977044,115.7374117,623337065839362047,25.0,,3.3,,> ~5 km / none found,True,2858.316239947997,9649.24625749299,9.65
72061,SUMATERA BARAT,KAB. PESISIR SELATAN,Lengayang,-1.53051086,100.8342808,623974069375926271,,,,,> ~5 km / none found,False,9643.125156339074,9643.125156339074,9.64
72047,SUMATERA BARAT,KAB. PESISIR SELATAN,Lengayang,-1.53051086,100.8342808,623974069375926271,,,,,> ~5 km / none found,False,9643.125156339074,9643.125156339074,9.64
89396,PAPUA BARAT,KAB. KAIMANA,Teluk Arguni Atas,-2.98653123,134.06353542,623511516360376319,,,,,> ~5 km / none found,False,9640.230564597736,9640.230564597736,9.64
72236,KALIMANTAN BARAT,KAB. KAPUAS HULU,Embaloh Hilir,0.89353971,112.5339046,623338557799858175,,,,,> ~5 km / none found,False,9632.564836499623,9632.564836499623,9.63
93486,PAPUA PEGUNUNGAN,KAB. NDUGA,Krepkuri,-4.60989515,138.22960956,623511868084518911,,,,,> ~5 km / none found,False,9632.412693129592,9632.412693129592,9.63
31508,KALIMANTAN TIMUR,KAB. PASER,Batu Sopang,-1.72640968,115.9688163,623337144674484223,4.0,,0.528,,> ~5 km / none found,True,485.4974688850835,9631.19601904006,9.63
86001,PAPUA TENGAH,KAB. MIMIKA,Mimika Baru,-4.6155538,137.0496698,623513091265593343,,,,,> ~5 km / none found,False,9626.90232781733,9626.90232781733,9.63
90637,PAPUA PEGUNUNGAN,KAB. PEGUNUNGAN BINTANG,Oksebang,-4.76170784,140.7304916,623516729035030527,23.0,,3.036,,> ~5 km / none found,True,2864.0836623639616,9623.238510162058,9.62
86173,SUMATERA UTARA,KAB. NIAS BARAT,Sirombu,0.8719981,97.3519813,623281541074092031,27.0,,3.564,,> ~5 km / none found,True,3358.174253656346,9622.019875472606,9.62
72174,KALIMANTAN BARAT,KAB. KAPUAS HULU,Jongkong,0.62806867,112.3879511,623338443936989183,20.0,,2.64,,> ~5 km / none found,True,2413.2834473816647,9618.76843568058,9.62
41522,ACEH,KAB. ACEH TENGGARA,Leuser,3.21635963,97.79847093,623281417785901055,,,,,> ~5 km / none found,False,8423.26351015693,9614.380906087446,9.61
73561,KALIMANTAN TIMUR,KAB. BERAU,Gunung Tabur,2.3579522,117.5968637,623337978294501375,,,,,> ~5 km / none found,False,9605.212737544081,9605.212737544081,9.61
11749,SULAWESI TENGGARA,KAB. BUTON UTARA,Kulisusu Barat,-4.56564229,122.9894343,624118926876311551,,,,,> ~5 km / none found,False,8677.077454415445,9591.054613161556,9.59
72441,MALUKU,KAB. SERAM BAGIAN TIMUR,Werinama,-3.5353949,130.3889066,624123310484586495,,,,,> ~5 km / none found,False,5621.374595367401,9589.561271750916,9.59
84591,GORONTALO,KAB. POHUWATO,Popayato Barat,0.61239814,121.3061246,623339721371713535,,,,,> ~5 km / none found,False,9209.288110103684,9580.262968213614,9.58
51034,SULAWESI SELATAN,KAB. LUWU UTARA,Rongkong,-2.66633094,119.8765995,624120267781767167,,,,,> ~5 km / none found,False,9575.310583937018,9575.310583937018,9.58
28818,GORONTALO,KAB. BOALEMO,Botumoito,0.87903884,122.1799691,623339794513723391,,,,,> ~5 km / none found,False,9505.586123632222,9572.655694975325,9.57
63943,MALUKU UTARA,KAB. HALMAHERA SELATAN,Bacan Barat,-0.35930162,127.3507537,623529889816412159,,,,,> ~5 km / none found,False,9572.340399803537,9572.340399803537,9.57
84407,MALUKU,KAB. SERAM BAGIAN TIMUR,Tutuk Tolu,-3.59886945,130.7546336,624123318936895487,,,,,> ~5 km / none found,False,6349.966268078453,9567.609161075567,9.57
86726,PAPUA BARAT,KAB. FAK FAK,Fakfak Timur Tengah,-2.91388366,132.56371787,623514597983944703,,,,,> ~5 km / none found,False,6626.436815501509,9566.662987548469,9.57
84049,PAPUA TENGAH,KAB. PUNCAK,Beoga Timur,-3.73958571,137.2626356,623512029453451263,,,,,> ~5 km / none found,False,9561.885080727587,9561.885080727587,9.56
79710,MALUKU UTARA,KAB. HALMAHERA TIMUR,Maba Utara,1.22767687,128.5474322,623529870911275007,,,,,> ~5 km / none found,False,9561.786237428272,9561.786237428272,9.56
72410,SULAWESI TENGAH,KAB. SIGI,Pipikoro,-1.97605364,119.9244326,623340799342247935,23.0,,3.036,,> ~5 km / none found,True,2658.941499329081,9561.515116755008,9.56
88680,PAPUA,KAB. MAMBERAMO RAYA,Mamberamo Tengah,-2.44139533,138.27383578,623512000403701759,,,,,> ~5 km / none found,False,9558.893129284606,9558.893129284606,9.56
93802,PAPUA PEGUNUNGAN,KAB. NDUGA,Kegayem,-4.33170743,138.25861028,623511632011132927,,,,,> ~5 km / none found,False,9556.681829981851,9556.681829981851,9.56
46641,ACEH,KAB. ACEH TENGAH,Ketol,4.8114294,96.53088631,623279482566410239,,,,,> ~5 km / none found,False,7397.738191949647,9555.239445465386,9.56
19490,JAMBI,KAB. SAROLANGUN,Batang Asai,-2.68024133,102.1661216,623976371073384447,,,,,> ~5 km / none found,False,9554.942770725513,9554.942770725513,9.55
39403,KALIMANTAN TIMUR,KAB. BERAU,Gunung Tabur,2.33390918,117.661216,623337977906790399,,,,,> ~5 km / none found,False,7467.664400443151,9553.247742219615,9.55
89023,PAPUA TENGAH,KAB. PANIAI,Baya Biru,-3.6488652,136.48892925,623512071999815679,,,,,> ~5 km / none found,False,9551.01640339295,9551.01640339295,9.55
87409,MALUKU UTARA,KAB. HALMAHERA SELATAN,Gane Timur Selatan,-0.62237447,128.13900036,624125446557695999,,,,,> ~5 km / none found,False,9550.316155645887,9550.316155645887,9.55
18413,KALIMANTAN TIMUR,KAB. KUTAI KARTANEGARA,Anggana,-0.75507344,117.5284181,623335862354870271,,,,,> ~5 km / none found,False,8257.40269178401,9545.942934740673,9.55
62173,KALIMANTAN BARAT,KAB. KETAPANG,Matan Hilir Selatan,-1.95301422,110.2459131,623971755113676799,,,,,> ~5 km / none found,False,6933.766986152659,9545.912857392826,9.55
89520,PAPUA PEGUNUNGAN,KAB. TOLIKARA,Gundagi,-3.44358377,138.29329512,623511653492359167,,,,,> ~5 km / none found,False,9534.924819814292,9534.924819814292,9.53
93259,PAPUA PEGUNUNGAN,KAB. JAYAWIJAYA,Siepkosi,-3.97591328,139.12738622,623511692807110655,,,,,> ~5 km / none found,False,9534.657761418764,9534.657761418764,9.53
87277,PAPUA BARAT DAYA,KAB. TAMBRAUW,Miyah Selatan,-1.06834546,132.6269282,623514743285678079,,,,,> ~5 km / none found,False,9523.096756706944,9523.096756706944,9.52
81219,SULAWESI UTARA,KAB. BOLAANG MONGONDOW,Dumoga Utara,0.61581219,123.8362923,623340524624281599,,,,,> ~5 km / none found,False,8372.994711476755,9522.713129751273,9.52
58462,JAMBI,KAB. KERINCI,Keliling Danau,-2.25377474,101.422113,623974347340054527,,,,,> ~5 km / none found,False,7646.962137385232,9516.656486093869,9.52
88757,PAPUA BARAT DAYA,KAB. TAMBRAUW,Ireres,-0.95748402,132.79811193,623513697764704255,,,,,> ~5 km / none found,False,9515.332110764402,9515.332110764402,9.52
93777,PAPUA PEGUNUNGAN,KAB. NDUGA,Moba,-4.54322558,138.75343999,623511816995635199,,,,,> ~5 km / none found,False,6262.775386818663,9512.772141043186,9.51
93088,PAPUA PEGUNUNGAN,KAB. YALIMO,Benawa,-3.68406357,139.48344254,623511704042110975,,,,,> ~5 km / none found,False,9511.14808487988,9511.14808487988,9.51
85549,SUMATERA UTARA,KAB. NIAS SELATAN,Tanah Masa,-0.47044918,98.37968476,623974684477325311,19.0,,2.508,,> ~5 km / none found,True,2637.526358944584,9501.879383951822,9.5
85085,PAPUA TENGAH,KAB. PUNCAK,Ogamanim,-3.74618024,137.5070624,623512030586896383,,,,,> ~5 km / none found,False,9063.206056897117,9498.318508884386,9.5
89380,PAPUA TENGAH,KAB. PUNCAK JAYA,Kiyage,-3.52414051,137.95694379,623511608813551615,,,,,> ~5 km / none found,False,9489.899664188692,9489.899664188692,9.49
91448,PAPUA PEGUNUNGAN,KAB. YALIMO,Welarek,-4.18110858,139.22583565,623511853439713279,,,,,> ~5 km / none found,False,9485.821531169211,9485.821531169211,9.49
64352,SULAWESI TENGGARA,KAB. KOLAKA UTARA,Pakue,-3.26794962,121.1485496,624120740161748991,,,,,> ~5 km / none found,False,8762.7421653225,9485.76775142651,9.49
71036,KALIMANTAN BARAT,KAB. KAPUAS HULU,Bunut Hilir,0.68200199,112.6450955,623338553253167103,,,,,> ~5 km / none found,False,9477.01442001664,9477.01442001664,9.48
85498,SULAWESI TENGGARA,KAB. KONAWE,Routa,-3.06170781,121.5264651,624120778712645631,,,,,> ~5 km / none found,False,9469.25700792621,9469.25700792621,9.47
14520,KALIMANTAN UTARA,KAB. MALINAU,Malinau Selatan,3.16888923,116.3700018,623337915779809279,,,,,> ~5 km / none found,False,9260.759110708344,9467.79955499457,9.47
79233,JAMBI,KAB. BATANG HARI,Batin XXIV,-1.82345343,102.9077888,623969083505737727,4.0,,0.528,,> ~5 km / none found,True,523.4030647231615,9466.536911857096,9.47
87602,PAPUA BARAT DAYA,KAB. SORONG SELATAN,Kokoda,-2.14199295,132.39825677,623514400756236287,,,,,> ~5 km / none found,False,9463.449501080704,9463.449501080704,9.46
83024,KALIMANTAN SELATAN,KAB. KOTABARU,Hampang,-2.82530541,115.6181695,623336954380517375,,,,,> ~5 km / none found,False,4853.011706068699,9456.245777372604,9.46
66858,SUMATERA BARAT,KAB. PESISIR SELATAN,Ranah Pesisir,-1.73914484,100.9543468,623974319961276415,,,,,> ~5 km / none found,False,9454.295676264066,9454.295676264066,9.45
55167,KALIMANTAN TIMUR,KAB. BERAU,Kelay,1.69987186,117.1915074,623338089602318335,5.0,,0.66,,> ~5 km / none found,True,686.8895686136192,9452.426721620288,9.45
83958,KALIMANTAN TIMUR,KAB. BERAU,Segah,2.29039707,116.8689351,623338128409919487,,,,,> ~5 km / none found,False,9451.918230608637,9451.918230608637,9.45
17592,KALIMANTAN UTARA,KAB. BULUNGAN,Tanjung Palas Barat,2.64383917,117.2484182,623337971418497023,37.0,,4.884,,> ~5 km / none found,True,4221.128954166762,9449.44121049459,9.45
93817,PAPUA PEGUNUNGAN,KAB. NDUGA,Kegayem,-4.33508325,138.27803188,623511866525745151,,,,,> ~5 km / none found,False,9440.389662825388,9440.389662825388,9.44
91165,PAPUA PEGUNUNGAN,KAB. PEGUNUNGAN BINTANG,Okbape,-4.73433081,140.37875642,623516991311151103,,,,,> ~5 km / none found,False,9438.031040811586,9438.031040811586,9.44
91285,PAPUA PEGUNUNGAN,KAB. YALIMO,Abenaho,-3.67004151,139.41457923,623511675987853311,,,,,> ~5 km / none found,False,8767.99214700177,9436.50987303707,9.44
85300,PAPUA BARAT DAYA,KAB. TAMBRAUW,Kwesefo,-0.55757059,132.4249827,623513719092183039,,,,,> ~5 km / none found,False,7569.358984551688,9435.394215278475,9.44
31537,SULAWESI TENGGARA,KAB. KOLAKA TIMUR,Uluiwoi,-3.8798996,121.6305494,624120762529972223,,,,,> ~5 km / none found,False,9433.777190205226,9433.777190205226,9.43
51371,KALIMANTAN UTARA,KAB. NUNUKAN,Tulin Onsoi,4.28181102,116.9589097,623328417009696767,,,,,> ~5 km / none found,False,7175.7078819364515,9432.840460102141,9.43
89559,PAPUA TENGAH,KAB. PUNCAK JAYA,Wanwi,-3.61631539,138.09614139,623511604244054015,,,,,> ~5 km / none found,False,9148.600058146078,9429.217996463463,9.43
42271,KALIMANTAN UTARA,KAB. NUNUKAN,Nunukan,3.9803341,117.3342383,623328180717518847,34.0,,4.488,,> ~5 km / none found,True,4048.518892993579,9424.89298111068,9.42
27029,SUMATERA SELATAN,KAB. OGAN KOMERING ULU,Muara Jaya,-4.15323873,103.9144368,623976600051187711,,,,,> ~5 km / none found,False,9424.729125570033,9424.729125570033,9.42
13860,SULAWESI TENGGARA,KAB. KOLAKA,Samaturu,-3.87209262,121.4561974,624120761463930879,,,,,> ~5 km / none found,False,4998.652243050967,9423.751967582757,9.42
78544,ACEH,KAB. ACEH BARAT DAYA,Jeumpa,3.86429308,96.8582943,623279355227897855,,,,,> ~5 km / none found,False,9422.214933753174,9422.214933753174,9.42
77203,PAPUA BARAT,KAB. FAK FAK,Karas,-3.44930722,132.75095115,623514559179325439,,,,,> ~5 km / none found,False,9419.072893159266,9419.072893159266,9.42
89705,PAPUA BARAT,KAB. TELUK WONDAMA,Wasior,-2.75876173,134.60692646,623511358525505535,,,,,> ~5 km / none found,False,9408.641719682584,9408.641719682584,9.41
30524,MALUKU UTARA,KAB. HALMAHERA TIMUR,Kota Maba,0.80166952,128.1088027,623529746710429695,12.0,,1.584,,> ~5 km / none found,True,1574.2666267379027,9404.62143905515,9.4
30970,PAPUA,KAB. KEPULAUAN YAPEN,Raimbawi,-1.80131543,136.85565001,623513941854289919,,,,,> ~5 km / none found,False,7945.587780551411,9396.092914507248,9.4
29859,KEPULAUAN RIAU,KAB. KEPULAUAN ANAMBAS,Siantan Timur,3.09815757,106.3457204,623354290568232959,,,,,> ~5 km / none found,False,9395.863104407812,9395.863104407812,9.4
86659,PAPUA TENGAH,KAB. PUNCAK,Omukia,-3.96018732,137.4362116,623512024603295743,,,,,> ~5 km / none found,False,9388.928684880393,9388.928684880393,9.39
89271,PAPUA PEGUNUNGAN,KAB. NDUGA,Mapenduma,-4.3353352,138.23960898,623511631993077759,,,,,> ~5 km / none found,False,9388.059644481193,9388.059644481193,9.39
28244,KALIMANTAN BARAT,KAB. KAPUAS HULU,Jongkong,0.6724847,112.376838,623338444147556351,,,,,> ~5 km / none found,False,5360.254942938508,9377.63423246016,9.38
84840,PAPUA TENGAH,KAB. PUNCAK,Sinak Barat,-3.81099563,137.7348641,623511625730981887,,,,,> ~5 km / none found,False,9369.328938799013,9369.328938799013,9.37
90908,PAPUA PEGUNUNGAN,KAB. YALIMO,Welarek,-4.19646073,139.2315782,623511853437747199,,,,,> ~5 km / none found,False,9367.535760217876,9367.535760217876,9.37
39109,NUSA TENGGARA TIMUR,KAB. ALOR,Pantar Timur,-8.47728419,124.2816512,624102696675311615,,,,,> ~5 km / none found,False,9360.556887343511,9360.556887343511,9.36
92423,PAPUA PEGUNUNGAN,KAB. PEGUNUNGAN BINTANG,Teiraplu,-3.75847116,140.21662848,623516847525167103,,,,,> ~5 km / none found,False,9357.715850327773,9357.715850327773,9.36
21345,MALUKU UTARA,KAB. PULAU MOROTAI,Morotai Selatan Barat,2.25242768,128.35637,623530125011517439,,,,,> ~5 km / none found,False,8493.949059191558,9356.945439976402,9.36
89274,PAPUA BARAT,KAB. KAIMANA,Kaimana,-3.77367619,134.01565256,623511492811751423,,,,,> ~5 km / none found,False,9356.756560738027,9356.756560738027,9.36
88426,PAPUA SELATAN,KAB. ASMAT,Betcbamu,-5.80000609,138.32731005,624256184697913343,,,,,> ~5 km / none found,False,9350.849185393074,9350.849185393074,9.35
40225,KALIMANTAN SELATAN,KAB. BANJAR,Aranio,-3.66913067,115.0135174,623987335714373631,,,,,> ~5 km / none found,False,8743.724062785463,9348.669673078219,9.35
2960,SUMATERA UTARA,KAB. MANDAILING NATAL,Batang Natal,0.61140342,99.53782697,623276663326244863,,,,,> ~5 km / none found,False,8915.985562486356,9339.077820967475,9.34
80228,SULAWESI TENGGARA,KAB. KONAWE UTARA,Oheo,-3.35777369,121.9555937,624120742880116735,,,,,> ~5 km / none found,False,7549.184271719499,9336.468109548949,9.34
92807,PAPUA PEGUNUNGAN,KAB. YAHUKIMO,Soba,-4.31408694,139.15577242,623511853251559423,,,,,> ~5 km / none found,False,9334.864260863329,9334.864260863329,9.33
82059,KALIMANTAN TIMUR,KAB. MAHAKAM ULU,Laham,-0.02765446,115.1945404,623335379596509183,,,,,> ~5 km / none found,False,9332.902542910635,9332.902542910635,9.33
7565,KALIMANTAN TIMUR,KAB. KUTAI KARTANEGARA,Muara Kaman,-0.04669451,116.6040423,623336099522183167,,,,,> ~5 km / none found,False,9331.989219175097,9331.989219175097,9.33
60133,SULAWESI TENGGARA,KAB. KONAWE UTARA,Lasolo,-3.6837516,122.1223995,624120821566767103,,,,,> ~5 km / none found,False,8564.86535670029,9330.788841221212,9.33
30533,SUMATERA UTARA,KAB. TAPANULI SELATAN,Sayur Matinggi,1.12700167,99.25910517,623276429703479295,7.0,,0.924,,> ~5 km / none found,True,875.5820947953034,9323.029872441099,9.32
72346,KALIMANTAN BARAT,KAB. KAPUAS HULU,Jongkong,0.75566583,112.278333,623338475899387903,,,,,> ~5 km / none found,False,9321.975208127858,9321.975208127858,9.32
14048,KALIMANTAN TIMUR,KAB. PASER,Muara Samu,-1.94759298,115.8387911,623336818879201279,,,,,> ~5 km / none found,False,7819.618991311759,9314.880976623934,9.31
86722,PAPUA SELATAN,KAB. ASMAT,Joutu,-5.59319512,139.3949762,624256156056223743,,,,,> ~5 km / none found,False,9313.441519793216,9313.441519793216,9.31
52043,SULAWESI TENGAH,KAB. TOLI-TOLI,Galang,1.14312847,120.962782,623339974938722303,,,,,> ~5 km / none found,False,8333.269091119966,9311.697261239487,9.31
85375,MALUKU UTARA,KAB. PULAU TALIABU,Taliabu Utara,-1.76852458,124.5724069,624125049264472063,,,,,> ~5 km / none found,False,6162.122169012765,9311.19517760346,9.31
59200,SULAWESI TENGAH,KAB. SIGI,Lindu,-1.42813602,120.0949982,623340812482347007,,,,,> ~5 km / none found,False,5454.198668462663,9307.127131790076,9.31
92109,PAPUA PEGUNUNGAN,KAB. YAHUKIMO,Hilipuk,-4.57595843,139.3982824,623511824190865407,,,,,> ~5 km / none found,False,9302.84556563438,9302.84556563438,9.3
89068,PAPUA BARAT,KAB. KAIMANA,Teluk Arguni Bawah,-3.20135635,133.54630308,623511518498390015,27.0,,3.564,,> ~5 km / none found,True,3508.6055371279535,9300.812808649587,9.3
87376,PAPUA SELATAN,KAB. ASMAT,Joutu,-5.60495026,139.31300884,624256155734671359,,,,,> ~5 km / none found,False,9299.665133530532,9299.665133530532,9.3
20080,SULAWESI SELATAN,KAB. LUWU TIMUR,Malili,-2.75014975,121.2402984,624120772908384255,,,,,> ~5 km / none found,False,6588.745111153247,9297.828779276888,9.3
68898,SULAWESI TENGAH,KAB. MOROWALI,Bungku Tengah,-2.50321563,121.8053124,624121107464880127,,,,,> ~5 km / none found,False,7034.5837330793365,9295.882982885614,9.3
21856,KALIMANTAN TENGAH,KAB. SUKAMARA,Pantai Lunci,-2.96713707,111.0125158,623972074168975359,,,,,> ~5 km / none found,False,9291.401110845502,9291.401110845502,9.29
8481,LAMPUNG,KAB. PESISIR BARAT,Pesisir Selatan,-5.29633215,104.1428296,623961445047631871,,,,,> ~5 km / none found,False,6484.123837368377,9290.946340824687,9.29
84808,PAPUA BARAT,KAB. TELUK BINTUNI,Kuri,-2.56509047,133.9662566,623511346822676479,,,,,> ~5 km / none found,False,9287.606515643603,9287.606515643603,9.29
44695,KALIMANTAN TENGAH,KAB. BARITO UTARA,Teweh Timur,-0.94355823,115.495349,623337104576282623,,,,,> ~5 km / none found,False,7598.930631375842,9286.833688941504,9.29
21530,SULAWESI BARAT,KAB. MAMASA,Mamasa,-2.83668131,119.3328659,624120269765705727,,,,,> ~5 km / none found,False,9286.172941862786,9286.172941862786,9.29
72364,PAPUA TENGAH,KAB. PUNCAK,Erelmakawia,-4.09594649,137.6243133,623511627627888639,,,,,> ~5 km / none found,False,9284.845834044463,9284.845834044463,9.28
91601,PAPUA,KAB. MAMBERAMO RAYA,Mamberamo Tengah,-2.20182717,138.1004123,623514038483681279,,,,,> ~5 km / none found,False,9010.764193121882,9281.512251720937,9.28
83373,SUMATERA UTARA,KAB. NIAS SELATAN,Pulau-Pulau Batu Barat,-0.11907812,98.20070741,623974762675798015,,,,,> ~5 km / none found,False,9279.880136658492,9279.880136658492,9.28
91018,PAPUA BARAT,KAB. TELUK WONDAMA,Windesi,-2.5474469,134.38186323,623511358826545151,,,,,> ~5 km / none found,False,5228.259623189499,9278.828025945724,9.28
88456,PAPUA TENGAH,KAB. PANIAI,Youtadi,-3.63376135,136.39271232,623512072679194623,,,,,> ~5 km / none found,False,9275.71664966317,9275.71664966317,9.28
43473,RIAU,KAB. INDRAGIRI HILIR,Mandah,0.07770676,103.5936788,623276077355827199,,,,,> ~5 km / none found,False,5427.514157158269,9275.008306750335,9.28
89482,PAPUA TENGAH,KAB. DOGIYAI,Piyaiye,-4.03500163,135.64821786,623511267076374527,,,,,> ~5 km / none found,False,9274.506745727635,9274.506745727635,9.27
20732,MALUKU UTARA,KAB. PULAU MOROTAI,Morotai Selatan,2.17496094,128.4172087,623530138667778047,,,,,> ~5 km / none found,False,7053.984262340766,9270.342006334948,9.27
23797,PAPUA TENGAH,KAB. MIMIKA,Tembagapura,-4.29322439,137.1351396,623512041728638975,,,,,> ~5 km / none found,False,9260.23715170959,9260.23715170959,9.26
12637,SULAWESI UTARA,KAB. BOLAANG MONGONDOW SELATAN,Bolaang Uki,0.43681984,123.86046748,623341571702030335,,,,,> ~5 km / none found,False,5887.914080269533,9257.801535953724,9.26
15130,SULAWESI TENGAH,KAB. PARIGI MOUTONG,Moutong,0.56801098,121.1082834,623340987421163519,,,,,> ~5 km / none found,False,7784.926890582704,9255.95946638664,9.26
29999,MALUKU,KAB. KEPULAUAN ARU,Aru Tengah,-6.13107995,134.336626,623513174264676351,,,,,> ~5 km / none found,False,8251.83479747484,9254.16225386822,9.25
84718,PAPUA TENGAH,KAB. NABIRE,Teluk Umar,-2.86980632,134.6379969,623511358211719167,,,,,> ~5 km / none found,False,9249.164962199198,9249.164962199198,9.25
90678,PAPUA TENGAH,KAB. INTAN JAYA,Homeyo,-3.79940834,136.77946425,623512068763287551,,,,,> ~5 km / none found,False,9073.69838558909,9242.993239956915,9.24
41556,ACEH,KAB. ACEH TENGGARA,Darul Hasanah,3.55547278,97.64367617,623274225457790975,,,,,> ~5 km / none found,False,7888.456042629999,9242.910563538258,9.24
59098,KALIMANTAN TENGAH,KAB. KATINGAN,Petak Malai,-0.70583073,113.1246451,623336616310177791,12.0,,1.584,,> ~5 km / none found,True,1390.67737146243,9240.010322709999,9.24
5818,ACEH,KAB. BENER MERIAH,Syiah Utama,4.6125685,97.27648339,623279526181994495,,,,,> ~5 km / none found,False,8111.645174363065,9239.660079908614,9.24
75714,SULAWESI TENGGARA,KAB. KONAWE UTARA,Lasolo Kepulauan,-3.42647358,122.3714182,624120820196376575,,,,,> ~5 km / none found,False,9239.401948362583,9239.401948362583,9.24
87976,PAPUA TENGAH,KAB. PANIAI,Dumadama,-4.0007494,137.16281181,623512019338100735,,,,,> ~5 km / none found,False,9235.930850636492,9235.930850636492,9.24
93502,PAPUA PEGUNUNGAN,KAB. JAYAWIJAYA,Itlay Hisage,-4.07520041,139.1895571,623511858936119295,,,,,> ~5 km / none found,False,9235.239710173857,9235.239710173857,9.24
90387,PAPUA BARAT,KAB. KAIMANA,Kambrau,-3.467856,133.54148074,623511488294092799,,,,,> ~5 km / none found,False,9234.653153062509,9234.653153062509,9.23
78775,SULAWESI TENGGARA,KAB. KONAWE SELATAN,Laonti,-4.29161491,122.8460907,624126110452580351,,,,,> ~5 km / none found,False,9231.74197822518,9231.74197822518,9.23
59048,KALIMANTAN BARAT,KAB. MELAWI,Menukung,-0.55543411,112.3726756,623338660922064895,,,,,> ~5 km / none found,False,8857.36004870477,9231.385822896435,9.23
23369,SULAWESI TENGGARA,KAB. KOLAKA UTARA,Katoi,-3.45867443,121.0106293,624120754646908927,,,,,> ~5 km / none found,False,6090.42291011794,9228.12985433143,9.23
93243,PAPUA,KAB. BIAK NUMFOR,Aimando Padaido,-1.13988388,136.6068362,623513826350301183,,,,,> ~5 km / none found,False,9226.141328566626,9226.141328566626,9.23
54843,ACEH,KAB. ACEH TIMUR,Serbajadi,4.50075948,97.42816027,623274206936104959,,,,,> ~5 km / none found,False,9225.522019505788,9225.522019505788,9.23
78756,KALIMANTAN TENGAH,KAB. BARITO SELATAN,Dusun Hilir,-1.98003434,114.7854162,623337233361305599,,,,,> ~5 km / none found,False,9221.243278256306,9221.243278256306,9.22
48588,PAPUA BARAT,KAB. MANOKWARI,Tanah Rubuh,-1.13387927,134.0051468,623513436539748351,,,,,> ~5 km / none found,False,7803.538518188466,9218.366458294591,9.22
92356,PAPUA TENGAH,KAB. PANIAI,Siriwo,-3.66592634,136.09355665,623511303526875135,,,,,> ~5 km / none found,False,9216.318760618065,9216.318760618065,9.22
87470,JAMBI,KAB. BUNGO,Limbur Lubuk Mengkuang,-1.71246864,101.6805413,623973987123494911,,,,,> ~5 km / none found,False,5337.566731484609,9210.610770227462,9.21
39790,MALUKU,KAB. KEPULAUAN ARU,Aru Tengah,-6.12112426,134.3650008,623513174277259263,,,,,> ~5 km / none found,False,8966.88918001113,9210.391548018972,9.21
94000,PAPUA PEGUNUNGAN,KAB. NDUGA,Mugi,-4.18610427,138.29903513,623511632252207103,,,,,> ~5 km / none found,False,9209.549206229534,9209.549206229534,9.21
85772,PAPUA BARAT DAYA,KAB. RAJA AMPAT,Salawati Barat,-0.97061243,130.8056224,623530448090693631,,,,,> ~5 km / none found,False,9195.218989092948,9195.218989092948,9.2
91515,PAPUA PEGUNUNGAN,KAB. YALIMO,Welarek,-4.19063885,139.2276317,623511853431980031,,,,,> ~5 km / none found,False,9190.916585677945,9190.916585677945,9.19
39874,PAPUA TENGAH,KAB. NABIRE,Moora,-3.08410037,135.619012,623511068084338687,,,,,> ~5 km / none found,False,9187.745022564577,9187.745022564577,9.19
21806,MALUKU UTARA,KAB. PULAU MOROTAI,Morotai Utara,2.37460642,128.5464205,623530137148817407,,,,,> ~5 km / none found,False,9020.104585191397,9180.71584335807,9.18
87327,PAPUA BARAT DAYA,KAB. TAMBRAUW,Tinggouw,-0.75683037,132.5981302,623513683116097535,,,,,> ~5 km / none found,False,9178.351102979086,9178.351102979086,9.18
85511,PAPUA,KAB. KEEROM,Towe,-3.82188308,140.74148645,623516856018567167,,,,,> ~5 km / none found,False,9172.054625789911,9172.054625789911,9.17
55721,KALIMANTAN TIMUR,KAB. BERAU,Maratua,2.1451274,118.5319572,623343253887320063,,,,,> ~5 km / none found,False,9171.630812960311,9171.630812960311,9.17
24590,KALIMANTAN BARAT,KAB. KETAPANG,Matan Hilir Selatan,-2.0561669,110.2553482,623971755365826559,18.0,,2.376,,> ~5 km / none found,True,2208.990267176419,9168.001644132857,9.17
92258,PAPUA PEGUNUNGAN,KAB. YAHUKIMO,Lolat,-4.53583981,139.44482359,623511820072845311,,,,,> ~5 km / none found,False,9167.15061815675,9167.15061815675,9.17
88366,PAPUA SELATAN,KAB. MERAUKE,Okaba,-8.00628196,139.59871353,624254562451554303,,,,,> ~5 km / none found,False,9164.076818919742,9164.076818919742,9.16
70466,JAMBI,KAB. MERANGIN,Muara Siau,-2.3020377,101.8521824,623974270000726015,4.0,,0.528,,> ~5 km / none found,True,459.75215552494876,9159.810838629772,9.16
43309,ACEH,KAB. BIREUEN,Simpang Mamplam,5.05916816,96.36640546,623279233584136191,,,,,> ~5 km / none found,False,5823.114520884553,9159.205852446943,9.16
78657,PAPUA SELATAN,KAB. ASMAT,Agats,-5.62810063,138.1177581,624256192488079359,,,,,> ~5 km / none found,False,6918.33436419315,9156.421198223567,9.16
59662,PAPUA,KAB. KEEROM,Senggi,-3.48226888,140.6014591,623516829968105471,,,,,> ~5 km / none found,False,9056.669411141553,9155.873601818439,9.16
89031,PAPUA BARAT,KAB. PEGUNUNGAN ARFAK,Sururey,-1.49104965,133.87852825,623513405874077695,,,,,> ~5 km / none found,False,9154.584619537918,9154.584619537918,9.15
93503,PAPUA PEGUNUNGAN,KAB. JAYAWIJAYA,Itlay Hisage,-4.01011377,139.16514065,623511693186105343,,,,,> ~5 km / none found,False,9152.021139999222,9152.021139999222,9.15
71881,JAMBI,KAB. MUARO JAMBI,Kumpeh,-1.38484035,104.1135608,623969009906614271,,,,,> ~5 km / none found,False,6554.097486777158,9145.096852209828,9.15
92637,PAPUA PEGUNUNGAN,KAB. YAHUKIMO,Lolat,-4.53014674,139.48792166,623517017751977983,,,,,> ~5 km / none found,False,9145.024335235423,9145.024335235423,9.15
85912,PAPUA,KAB. KEEROM,Towe,-3.84363531,140.95467208,623516592427302911,,,,,> ~5 km / none found,False,9139.553700535336,9139.553700535336,9.14
59346,SULAWESI SELATAN,KAB. LUWU UTARA,Seko,-2.23641345,119.7505015,624120302134132735,,,,,> ~5 km / none found,False,9139.266883186348,9139.266883186348,9.14
81709,ACEH,KAB. SIMEULUE,Teupah Barat,2.35324242,96.23973676,623281468072427519,,,,,> ~5 km / none found,False,9138.98380155553,9138.98380155553,9.14
75287,JAMBI,KAB. MERANGIN,Lembah Masurai,-2.38829881,101.758705,623974350484373503,,,,,> ~5 km / none found,False,6153.9107422866555,9138.06525383778,9.14
37247,ACEH,KAB. GAYO LUES,Rikit Gaib,4.14153839,97.35857701,623274189163397119,,,,,> ~5 km / none found,False,8236.801788980752,9137.850074967502,9.14
57921,KEPULAUAN RIAU,KOTA BATAM,Galang,0.581632,104.20175,623276056564662271,,,,,> ~5 km / none found,False,9135.26944538471,9135.26944538471,9.14
59612,MALUKU UTARA,KAB. HALMAHERA TIMUR,Maba Utara,1.1858092,128.4699772,623529870938013695,,,,,> ~5 km / none found,False,9134.812026835281,9134.812026835281,9.13
86455,PAPUA BARAT DAYA,KAB. RAJA AMPAT,Salawati Tengah,-1.07572533,130.8953741,623530443870765055,,,,,> ~5 km / none found,False,9130.220120803446,9130.220120803446,9.13
63126,SUMATERA UTARA,KAB. PADANG LAWAS,Batang Lubu Sutam,0.80350644,100.1027119,623276669436067839,,,,,> ~5 km / none found,False,9127.926087636017,9127.926087636017,9.13
90951,PAPUA BARAT,KAB. PEGUNUNGAN ARFAK,Didohu,-1.50416455,133.69335834,623513393599512575,,,,,> ~5 km / none found,False,9123.742331852745,9123.742331852745,9.12
63938,RIAU,KAB. INDRAGIRI HILIR,Teluk Belengkong,0.24980685,103.3997045,623276156256550911,,,,,> ~5 km / none found,False,8068.199528537245,9120.38530788401,9.12
84664,PAPUA TENGAH,KAB. PUNCAK,Pogoma,-3.74684512,137.7658717,623511659253694463,,,,,> ~5 km / none found,False,9120.225045528936,9120.225045528936,9.12
44740,KALIMANTAN TENGAH,KAB. KOTAWARINGIN BARAT,Arut Selatan,-2.67296287,111.5104541,623972076311150591,,,,,> ~5 km / none found,False,9116.173875743361,9116.173875743361,9.12
79366,KALIMANTAN UTARA,KAB. BULUNGAN,Sekatak,3.26847517,116.9603226,623338252870647807,,,,,> ~5 km / none found,False,8664.033004613948,9113.240211030461,9.11
31517,KALIMANTAN TIMUR,KAB. KUTAI TIMUR,Muara Ancalong,0.5424963,116.4634711,623335980817514495,22.0,,2.904,,> ~5 km / none found,True,2498.2917485937205,9112.651666618045,9.11
91567,PAPUA BARAT,KAB. PEGUNUNGAN ARFAK,Testega,-1.45962177,133.52694615,623513393087807487,,,,,> ~5 km / none found,False,9106.013843618923,9106.013843618923,9.11
89670,PAPUA SELATAN,KAB. BOVEN DIGOEL,Yaniruma,-5.60243641,139.83813553,624256163737042943,,,,,> ~5 km / none found,False,9103.67069357375,9103.67069357375,9.1
89561,PAPUA BARAT DAYA,KAB. TAMBRAUW,Amberbaken,-0.72559388,133.1974799,623513676255035391,,,,,> ~5 km / none found,False,9101.222864132713,9101.222864132713,9.1
79571,KALIMANTAN TIMUR,KAB. KUTAI TIMUR,Sandaran,0.88186483,118.5919959,623342989891371007,,,,,> ~5 km / none found,False,9094.163679109744,9094.163679109744,9.09
51418,KALIMANTAN UTARA,KAB. MALINAU,Malinau Selatan,3.20700798,116.3923861,623337920864124927,,,,,> ~5 km / none found,False,7236.990563195012,9093.731978325952,9.09
80146,KALIMANTAN TENGAH,KAB. KOTAWARINGIN TIMUR,Bukit Santuai,-1.64450532,112.1952717,623336524071862271,37.0,,4.884,,> ~5 km / none found,True,4824.6040211485215,9092.368947139998,9.09
91595,PAPUA PEGUNUNGAN,KAB. PEGUNUNGAN BINTANG,Teiraplu,-3.81728382,140.30072892,623516847209938943,,,,,> ~5 km / none found,False,9087.79341012437,9087.79341012437,9.09
49786,SULAWESI TENGAH,KAB. DONGGALA,Tanantovea,-0.63033367,119.9664303,623340684640124927,,,,,> ~5 km / none found,False,6082.767964376394,9083.88815614268,9.08
91925,KALIMANTAN TENGAH,KAB. KOTAWARINGIN TIMUR,Bukit Santuai,-1.94802575,112.4105615,623336687520514047,,,,,> ~5 km / none found,False,6894.795443291714,9072.961541889323,9.07
82700,PAPUA TENGAH,KAB. PUNCAK,Pogoma,-3.77480867,137.7525692,623511658737729535,,,,,> ~5 km / none found,False,9070.246083919277,9070.246083919277,9.07
28168,KEPULAUAN RIAU,KAB. NATUNA,Subi,2.8961549,108.8215541,623354036015628287,,,,,> ~5 km / none found,False,9069.913647027932,9069.913647027932,9.07
89086,PAPUA BARAT,KAB. KAIMANA,Kaimana,-3.88508458,134.20347012,623511495209779199,,,,,> ~5 km / none found,False,9066.712972647418,9066.712972647418,9.07
53825,MALUKU,KAB. KEPULAUAN TANIMBAR,Nirunmas,-7.49925187,131.5326508,624107035963064319,,,,,> ~5 km / none found,False,7813.1583834767935,9063.688709596794,9.06
25442,SUMATERA SELATAN,KAB. OGAN KOMERING ULU,Muara Jaya,-4.16803052,103.8416435,623976442329464831,,,,,> ~5 km / none found,False,7011.333828066933,9059.134697974689,9.06
79672,KALIMANTAN UTARA,KAB. NUNUKAN,Lumbis Ogong,4.16799257,116.5898923,623338265948585983,,,,,> ~5 km / none found,False,9056.372267547513,9056.372267547513,9.06
89580,PAPUA TENGAH,KAB. PUNCAK JAYA,Gubume,-3.50422941,138.25103046,623511609732530175,,,,,> ~5 km / none found,False,9052.346059145504,9052.346059145504,9.05
93172,PAPUA BARAT DAYA,KAB. RAJA AMPAT,Batanta Selatan,-0.8727463,130.7829918,623530448443834367,,,,,> ~5 km / none found,False,9047.383681199866,9047.383681199866,9.05
86143,ACEH,KAB. ACEH JAYA,Panga,4.67879823,95.87818714,623279059979894783,,,,,> ~5 km / none found,False,9042.356960156403,9042.356960156403,9.04
30076,NUSA TENGGARA BARAT,KAB. LOMBOK UTARA,Kayangan,-8.38837408,116.3661395,624129360058253311,,,,,> ~5 km / none found,False,7946.522864703225,9034.396369618622,9.03
30069,NUSA TENGGARA BARAT,KAB. LOMBOK UTARA,Kayangan,-8.38837408,116.3661395,624129360058253311,,,,,> ~5 km / none found,False,7946.522864703225,9034.396369618622,9.03
93350,PAPUA,KAB. BIAK NUMFOR,Aimando Padaido,-1.23513455,136.51799069,623513980429959167,,,,,> ~5 km / none found,False,9032.259121829786,9032.259121829786,9.03
78012,SULAWESI TENGGARA,KAB. KONAWE SELATAN,Laonti,-4.33902882,122.872131,624126110439505919,,,,,> ~5 km / none found,False,9030.307825307831,9030.307825307831,9.03
17101,KALIMANTAN TIMUR,KAB. KUTAI KARTANEGARA,Muara Kaman,0.11171622,116.6112808,623336143592849407,,,,,> ~5 km / none found,False,6749.22773315629,9027.077193977051,9.03
89189,PAPUA SELATAN,KAB. BOVEN DIGOEL,Manggelum,-5.28925165,140.5552898,623516696153980927,,,,,> ~5 km / none found,False,9027.001680941867,9027.001680941867,9.03
82152,MALUKU UTARA,KAB. PULAU TALIABU,Taliabu Selatan,-1.90967907,124.6104544,624125015865589759,32.0,,4.224,,> ~5 km / none found,True,3988.588776175694,9026.815117429385,9.03
93443,PAPUA BARAT,KAB. MANOKWARI SELATAN,Neney,-1.58221707,133.98715347,623513401097355263,,,,,> ~5 km / none found,False,7725.333033271896,9026.62334057361,9.03
12952,SUMATERA SELATAN,KAB. BANYUASIN,Muara Padang,-2.87783423,105.1787707,623971425745174527,,,,,> ~5 km / none found,False,9025.142964810322,9025.142964810322,9.03
52391,SUMATERA BARAT,KAB. PASAMAN,Mapat Tunggul Selatan,0.27399585,100.2533146,623276708974067711,,,,,> ~5 km / none found,False,9024.402152710953,9024.402152710953,9.02
56148,PAPUA,KAB. JAYAPURA,Kemtuk Gresi,-2.73563157,140.3601455,623516866054815743,,,,,> ~5 km / none found,False,9023.66093432749,9023.66093432749,9.02
62316,KALIMANTAN UTARA,KAB. BULUNGAN,Tanjung Palas Timur,2.45867987,117.7974556,623337979064156159,26.0,,3.432,,> ~5 km / none found,True,3113.2133895066545,9022.175140782221,9.02
83133,MALUKU,KAB. SERAM BAGIAN BARAT,Inamosol,-3.09563176,128.5127757,624125273179586559,,,,,> ~5 km / none found,False,9020.32983726014,9020.32983726014,9.02
27427,SULAWESI TENGAH,KAB. POSO,Poso Pesisir Utara,-1.24217073,120.4696258,623340891903000575,,,,,> ~5 km / none found,False,6750.1487747228475,9019.7270893587,9.02
93507,PAPUA BARAT DAYA,KAB. TAMBRAUW,Ireres,-0.97957116,132.75831863,623514744878333951,,,,,> ~5 km / none found,False,9016.103358685536,9016.103358685536,9.02
93919,PAPUA PEGUNUNGAN,KAB. TOLIKARA,Telenggeme,-3.57596139,138.27067249,623511605324120063,,,,,> ~5 km / none found,False,9013.677210740625,9013.677210740625,9.01
84579,JAMBI,KAB. KERINCI,Keliling Danau,-2.24432959,101.4132496,623974346835394559,,,,,> ~5 km / none found,False,6480.372429239315,9013.381090899873,9.01
90940,PAPUA BARAT,KAB. KAIMANA,Kambrau,-3.38018533,133.60162653,623511521045708799,,,,,> ~5 km / none found,False,8863.25503735266,9011.657755627188,9.01
8398,KALIMANTAN TENGAH,KAB. MURUNG RAYA,Uut Murung,0.36118492,114.2136611,623335591206617087,,,,,> ~5 km / none found,False,9004.872883208287,9004.872883208287,9.0
33330,RIAU,KAB. KAMPAR,Kampar Kiri Hulu,-0.2542248,101.0887152,623974208551157759,,,,,> ~5 km / none found,False,9003.198999867307,9003.198999867307,9.0
49996,KALIMANTAN BARAT,KAB. MELAWI,Tanah Pinoh Barat,-0.76148843,111.3023233,623971945583869951,,,,,> ~5 km / none found,False,9001.78140334519,9001.78140334519,9.0
84112,KALIMANTAN TENGAH,KAB. KOTAWARINGIN TIMUR,Pulau Hanaut,-3.01318675,113.1513346,623336382096113663,,,,,> ~5 km / none found,False,6861.464173242789,8998.53623850935,9.0
83473,SULAWESI TENGGARA,KAB. MUNA BARAT,Tiworo Utara,-4.6645258,122.4027856,624118919322533887,,,,,> ~5 km / none found,False,8996.8008876552,8996.8008876552,9.0
81452,MALUKU,KAB. MALUKU BARAT DAYA,Damer,-7.09700278,128.5844005,624124078223032319,,,,,> ~5 km / none found,False,6955.544069671345,8993.524296276042,8.99
21675,PAPUA TENGAH,KAB. MIMIKA,Hoya,-4.21562027,137.5324352,623511779947020287,,,,,> ~5 km / none found,False,7893.116305751754,8991.020871714094,8.99
87418,MALUKU UTARA,KAB. PULAU TALIABU,Taliabu Timur Selatan,-1.85303266,125.2260506,624125008767123455,,,,,> ~5 km / none found,False,8565.420737123975,8989.88936455275,8.99
14585,KALIMANTAN TENGAH,KAB. KOTAWARINGIN TIMUR,Telaga Antang,-1.53065276,112.4276388,623336537381470207,,,,,> ~5 km / none found,False,8618.671920154433,8985.443873060442,8.99
90644,PAPUA BARAT DAYA,KAB. TAMBRAUW,Bamusbama,-0.69178977,132.36519621,623530511299837951,,,,,> ~5 km / none found,False,8977.7757520423,8977.7757520423,8.98
86378,MALUKU UTARA,KAB. PULAU TALIABU,Taliabu Timur Selatan,-1.85835883,125.0790006,624124996923359231,,,,,> ~5 km / none found,False,6443.871136405642,8975.929474142637,8.98
93552,PAPUA PEGUNUNGAN,KAB. NDUGA,Krepkuri,-4.76539892,138.47568902,623511831335698431,,,,,> ~5 km / none found,False,8974.134608559336,8974.134608559336,8.97
90337,PAPUA PEGUNUNGAN,KAB. NDUGA,Mapenduma,-4.33750642,138.25059842,623511866510573567,,,,,> ~5 km / none found,False,8956.467144497296,8956.467144497296,8.96
63994,MALUKU UTARA,KAB. HALMAHERA SELATAN,Bacan,-0.52843301,127.4090665,623529901884506111,,,,,> ~5 km / none found,False,7387.113859612327,8955.518241205365,8.96
91304,PAPUA PEGUNUNGAN,KAB. YALIMO,Welarek,-3.88961866,139.44452219,623511698214158335,,,,,> ~5 km / none found,False,8953.374823056232,8953.374823056232,8.95
67052,SULAWESI TENGAH,KAB. BANGGAI,Nambo,-1.02085249,122.5955372,623341237786705919,,,,,> ~5 km / none found,False,8951.39137158182,8951.39137158182,8.95
396,BENGKULU,KAB. KAUR,Padang Guci Hulu,-4.38925411,103.2190404,623976449666514943,,,,,> ~5 km / none found,False,8951.377706036297,8951.377706036297,8.95
89706,PAPUA BARAT,KAB. PEGUNUNGAN ARFAK,Didohu,-1.48066866,133.79189965,623513406219517951,,,,,> ~5 km / none found,False,8947.841579837965,8947.841579837965,8.95
89440,PAPUA PEGUNUNGAN,KAB. MAMBERAMO TENGAH,Eragayam,-3.57826985,139.03805472,623511727299985407,,,,,> ~5 km / none found,False,7970.786080086371,8947.739127666784,8.95
64458,MALUKU,KAB. SERAM BAGIAN BARAT,Huamual Belakang,-3.21780407,127.7808446,624122771461210111,,,,,> ~5 km / none found,False,8947.501935781305,8947.501935781305,8.95
87851,MALUKU UTARA,KAB. HALMAHERA BARAT,Sahu Timur,1.14621925,127.6010831,623529786742177791,,,,,> ~5 km / none found,False,7631.2242786292745,8941.95000141475,8.94
93842,PAPUA PEGUNUNGAN,KAB. NDUGA,Mbulmu Yalma,-4.32344146,138.47379189,623511867279507455,,,,,> ~5 km / none found,False,8933.54445642031,8933.54445642031,8.93
25172,KALIMANTAN UTARA,KAB. MALINAU,Mentarang Hulu,3.90379671,116.1797193,623338200593793023,,,,,> ~5 km / none found,False,8929.822253793367,8929.822253793367,8.93
86887,SULAWESI UTARA,KAB. KEPULAUAN SANGIHE,Nusa Tabukan,3.76754834,125.5747031,623532394186670079,,,,,> ~5 km / none found,False,8928.535746325384,8928.535746325384,8.93
90486,PAPUA SELATAN,KAB. BOVEN DIGOEL,Firiwage,-5.41208368,140.26259225,623516743080542207,,,,,> ~5 km / none found,False,7164.731509631993,8928.377599173005,8.93
88708,PAPUA TENGAH,KAB. PUNCAK JAYA,Ilu,-3.6141037,138.17278928,623511604403339263,,,,,> ~5 km / none found,False,8926.417543963948,8926.417543963948,8.93
58409,SUMATERA UTARA,KAB. PAKPAK BHARAT,Pagindar,2.37283874,98.21025351,623281698707111935,31.0,,4.092,,> ~5 km / none found,True,4147.800112984757,8922.496149070654,8.92
86763,PAPUA SELATAN,KAB. ASMAT,Sirets,-5.53584005,138.52884047,624256181900869631,,,,,> ~5 km / none found,False,8916.316051275771,8916.316051275771,8.92
92975,PAPUA,KAB. BIAK NUMFOR,Yendidori,-3.75916165,135.50930999,623511301282037759,,,,,> ~5 km / none found,False,8912.06238291667,8912.06238291667,8.91
40781,SUMATERA BARAT,KAB. PESISIR SELATAN,Pancung Soal,-2.02126458,101.1107844,623974322303041535,,,,,> ~5 km / none found,False,8592.56134208421,8906.873716655478,8.91
92711,PAPUA PEGUNUNGAN,KAB. YAHUKIMO,Ukha,-4.34075886,139.0431157,623511855542403071,,,,,> ~5 km / none found,False,8905.172132333364,8905.172132333364,8.91
23479,RIAU,KAB. INDRAGIRI HILIR,Pelangiran,0.2282624,103.4202743,623276156284338175,,,,,> ~5 km / none found,False,8520.465872765191,8902.906342766502,8.9
44340,SULAWESI TENGGARA,KAB. KOLAKA UTARA,Wawo,-3.60410655,121.127195,624120750275723263,,,,,> ~5 km / none found,False,7388.674797058255,8900.317427876405,8.9
84278,MALUKU,KAB. SERAM BAGIAN TIMUR,Siwalalat,-3.27667322,129.9868703,624125368901369855,,,,,> ~5 km / none found,False,8690.477769243704,8898.247473956078,8.9
83324,PAPUA BARAT,KAB. FAK FAK,Fakfak Timur Tengah,-2.89646638,132.53120098,623514364528623615,,,,,> ~5 km / none found,False,6459.643587081825,8897.187261117753,8.9
59591,PAPUA,KAB. BIAK NUMFOR,Padaido,-1.22586847,136.31570981,623514225949212671,,,,,> ~5 km / none found,False,8895.172443662252,8895.172443662252,8.9
22225,KALIMANTAN TENGAH,KAB. MURUNG RAYA,Sumber Barito,-0.38843483,114.1478033,623335311099920383,31.0,,4.092,,> ~5 km / none found,True,3794.6350052097637,8893.235411827236,8.89
34736,BENGKULU,KAB. KAUR,Nasal,-4.79285952,103.6822566,623976427345313791,,,,,> ~5 km / none found,False,8694.579555502065,8891.74819063122,8.89
15246,SULAWESI TENGAH,KAB. PARIGI MOUTONG,Moutong,0.57056182,121.0928487,623340987423817727,,,,,> ~5 km / none found,False,8359.776808510976,8891.184783647308,8.89
24955,KALIMANTAN BARAT,KAB. SINTANG,Kayan Hulu,-0.10915332,112.3370545,623338688859045887,,,,,> ~5 km / none found,False,8890.61894065435,8890.61894065435,8.89
71533,PAPUA TENGAH,KAB. NABIRE,Menou,-3.74433165,135.528248,623511301286821887,,,,,> ~5 km / none found,False,8889.225542917138,8889.225542917138,8.89
93824,PAPUA PEGUNUNGAN,KAB. NDUGA,Kegayem,-4.28997687,138.28905652,623511631727362047,,,,,> ~5 km / none found,False,8888.306047827033,8888.306047827033,8.89
15023,KALIMANTAN TENGAH,KAB. SUKAMARA,Pantai Lunci,-2.93341099,111.0992357,623972062461722623,,,,,> ~5 km / none found,False,8887.860986480897,8887.860986480897,8.89
92321,PAPUA PEGUNUNGAN,KAB. JAYAWIJAYA,Maima,-1.506412,131.1983083,623514665187115007,,,,,> ~5 km / none found,False,8887.648848763545,8887.648848763545,8.89
48990,NUSA TENGGARA BARAT,KAB. SUMBAWA,Alas Barat,-8.44264539,116.8996549,624129367341662207,,,,,> ~5 km / none found,False,8887.255719259474,8887.255719259474,8.89
82906,PAPUA TENGAH,KAB. PUNCAK,Erelmakawia,-4.16849026,137.6422326,623511780898340863,,,,,> ~5 km / none found,False,8569.800820044864,8881.553638348414,8.88
93434,PAPUA,KAB. SUPIORI,Kepulauan Aruri,-0.73367883,135.44758311,623514272702496767,,,,,> ~5 km / none found,False,8881.133813574628,8881.133813574628,8.88
26984,PAPUA TENGAH,KAB. MIMIKA,Mimika Barat Tengah,-4.54852765,136.0444674,623511289673318399,,,,,> ~5 km / none found,False,8873.511071745508,8873.511071745508,8.87
2864,SUMATERA SELATAN,KAB. MUSI RAWAS,STL Ulu Terawas,-3.0978061,102.6353275,623976331580932095,,,,,> ~5 km / none found,False,8866.781256938884,8866.781256938884,8.87
91289,PAPUA PEGUNUNGAN,KAB. YALIMO,Abenaho,-3.92593323,139.18129585,623511705487015935,,,,,> ~5 km / none found,False,8864.953320074548,8864.953320074548,8.86
88276,PAPUA BARAT DAYA,KAB. TAMBRAUW,Abun,-0.5738604,132.89115057,623513669253627903,,,,,> ~5 km / none found,False,8861.218471635277,8861.218471635277,8.86
91300,PAPUA PEGUNUNGAN,KAB. YALIMO,Benawa,-3.57661831,139.73808409,623511681004339199,,,,,> ~5 km / none found,False,8859.858877823926,8859.858877823926,8.86
88265,PAPUA BARAT DAYA,KAB. TAMBRAUW,Sausapor,-0.59125217,132.18541168,623530515929726975,,,,,> ~5 km / none found,False,8859.776681779129,8859.776681779129,8.86
83089,PAPUA TENGAH,KAB. PUNCAK,Gome,-4.07571975,137.7049136,623511627314561023,,,,,> ~5 km / none found,False,8857.523723786031,8857.523723786031,8.86
14040,KALIMANTAN TIMUR,KAB. KUTAI KARTANEGARA,Muara Kaman,0.27821415,117.0716258,623335985917951999,6.0,,0.792,,> ~5 km / none found,True,744.4838249238294,8856.607555076178,8.86
83905,NUSA TENGGARA BARAT,KAB. SUMBAWA,Lunyuk,-8.9394388,117.3127869,624119241335603199,,,,,> ~5 km / none found,False,8855.507295905116,8855.507295905116,8.86
63919,MALUKU UTARA,KAB. KEPULAUAN SULA,Mangoli Tengah,-1.82948224,125.9743804,624124600334974975,,,,,> ~5 km / none found,False,7581.214192225166,8853.25629329281,8.85
16276,SUMATERA BARAT,KAB. KEPULAUAN MENTAWAI,Siberut Tengah,-1.37612428,99.01464893,623974799090417663,,,,,> ~5 km / none found,False,8851.145029936846,8851.145029936846,8.85
25387,SUMATERA SELATAN,KAB. OGAN KOMERING ULU,Pengandonan,-4.16893716,103.9540872,623976599941218303,,,,,> ~5 km / none found,False,8848.232189615297,8847.438120390088,8.85
87249,MALUKU UTARA,KAB. PULAU TALIABU,Taliabu Barat,-1.91056811,124.5723188,624125015238443007,,,,,> ~5 km / none found,False,7334.18694724857,8844.923177936158,8.84
91189,PAPUA PEGUNUNGAN,KAB. YALIMO,Apalapsili,-3.99213034,139.30799746,623511704971739135,,,,,> ~5 km / none found,False,8840.735158839787,8840.735158839787,8.84
68023,ACEH,KAB. BIREUEN,Peudada,5.04337649,96.54204096,623279480317345791,,,,,> ~5 km / none found,False,5907.844744417858,8838.916286171288,8.84
62643,KALIMANTAN TENGAH,KAB. GUNUNG MAS,Damang Batu,-0.57126043,113.3274199,623336610273656831,37.0,,4.884,,> ~5 km / none found,True,4104.928296240673,8836.954158242299,8.84
90250,PAPUA BARAT DAYA,KAB. MAYBRAT,Aifat Timur,-1.42594248,132.653031,623514741617262591,,,,,> ~5 km / none found,False,6732.252369048782,8834.256824867985,8.83
12553,KALIMANTAN SELATAN,KAB. HULU SUNGAI UTARA,Paminggir,-2.50580317,114.8826937,623337193662021631,,,,,> ~5 km / none found,False,4531.563310499784,8833.415997003078,8.83
78678,SUMATERA BARAT,KAB. KEPULAUAN MENTAWAI,Siberut Barat,-1.17223397,98.71390713,623974534912049151,,,,,> ~5 km / none found,False,5763.3609125561015,8832.31453192076,8.83
89878,PAPUA,KAB. WAROPEN,Masirei,-2.32923362,136.85640152,623513966035009535,,,,,> ~5 km / none found,False,8824.882657997749,8824.882657997749,8.82
80665,PAPUA TENGAH,KAB. PUNCAK JAYA,Fawi,-3.34514626,137.5781488,623511908347379711,,,,,> ~5 km / none found,False,8821.977598618416,8821.977598618416,8.82
86199,ACEH,KAB. ACEH JAYA,Setia Bakti,4.84451834,95.62989868,623279087422636031,31.0,,4.092,,> ~5 km / none found,True,4286.004164404221,8820.56168412731,8.82
44918,KALIMANTAN TENGAH,KAB. SERUYAN,Danau Sembuluh,-2.8680539,112.1732654,623336672111165439,,,,,> ~5 km / none found,False,8820.255750399854,8820.255750399854,8.82
46853,JAMBI,KAB. KERINCI,Keliling Danau,-2.28434929,101.4376776,623974347377868799,,,,,> ~5 km / none found,False,5924.100337231194,8818.66221101627,8.82
90097,PAPUA PEGUNUNGAN,KAB. PEGUNUNGAN BINTANG,Tarup,-5.04341188,140.88480755,623516695010967551,,,,,> ~5 km / none found,False,8817.957794224652,8817.957794224652,8.82
90571,PAPUA,KAB. WAROPEN,Oudate,-2.41210024,136.36385225,623513959596195839,,,,,> ~5 km / none found,False,8817.560545440252,8817.560545440252,8.82
15472,GORONTALO,KAB. BOALEMO,Botumoito,0.63175151,122.235586,623339677448962047,16.0,,2.112,,> ~5 km / none found,True,1826.3982817485526,8812.899762186644,8.81
20115,KALIMANTAN UTARA,KAB. NUNUKAN,Lumbis Pansiangan,4.25996493,116.3169012,623327667987709951,21.0,,2.772,,> ~5 km / none found,True,2580.3911926765313,8807.742240860907,8.81
60098,KALIMANTAN TIMUR,KAB. MAHAKAM ULU,Long Bagun,0.60132493,115.2898574,623335259576958975,,,,,> ~5 km / none found,False,4692.443458086389,8807.088873388493,8.81
24096,SULAWESI TENGAH,KAB. BANGGAI,Pagimana,-0.89654376,122.672001,623341235630931967,,,,,> ~5 km / none found,False,6706.2691766748185,8799.633067903524,8.8
36799,SULAWESI BARAT,KAB. MAMUJU,Tommo,-2.18691056,119.5905628,624120287520227327,,,,,> ~5 km / none found,False,8123.788036593575,8799.513757323466,8.8
26184,RIAU,KAB. INDRAGIRI HILIR,Pelangiran,0.16773062,103.0797212,623276109012008959,,,,,> ~5 km / none found,False,8794.031086106315,8794.031086106315,8.79
10064,SULAWESI BARAT,KAB. MAMASA,Mamasa,-2.81961081,119.41216213,624120275099156479,,,,,> ~5 km / none found,False,8789.786272137579,8789.786272137579,8.79
93978,PAPUA PEGUNUNGAN,KAB. TOLIKARA,Egiam,-3.47956181,138.47265936,623511650674606079,,,,,> ~5 km / none found,False,8789.079760205068,8789.079760205068,8.79
12674,BENGKULU,KAB. BENGKULU SELATAN,Air Nipis,-4.25733885,103.1908246,623976449343029247,,,,,> ~5 km / none found,False,8783.562753051052,8783.562753051052,8.78
88521,PAPUA PEGUNUNGAN,KAB. MAMBERAMO TENGAH,Kobakma,-3.6387511,139.29593643,623511674733690879,,,,,> ~5 km / none found,False,8782.36134626886,8782.36134626886,8.78
86791,PAPUA BARAT DAYA,KAB. MAYBRAT,Aifat,-1.15651541,132.5644938,623514743565156351,,,,,> ~5 km / none found,False,8779.987257958537,8779.987257958537,8.78
94073,PAPUA PEGUNUNGAN,KAB. TOLIKARA,Dundu,-3.46601041,138.42904175,623511650724708351,,,,,> ~5 km / none found,False,8779.680091900815,8779.680091900815,8.78
36730,KALIMANTAN TIMUR,KAB. KUTAI TIMUR,Teluk Pandan,0.29461192,117.3639025,623335718838960127,,,,,> ~5 km / none found,False,8775.02457836595,8775.02457836595,8.78
40993,SULAWESI TENGAH,KAB. DONGGALA,Sindue Tobata,-0.40271746,119.8907136,623340681716957183,,,,,> ~5 km / none found,False,8062.827306433683,8774.333488356036,8.77
40954,SULAWESI TENGAH,KAB. DONGGALA,Sindue Tobata,-0.40271746,119.8907136,623340681716957183,,,,,> ~5 km / none found,False,8062.827306433683,8774.333488356036,8.77
25009,KALIMANTAN BARAT,KAB. SINTANG,Serawai,-0.18266246,112.5813289,623338643760119807,,,,,> ~5 km / none found,False,7464.50317961162,8766.77936353421,8.77
93420,PAPUA PEGUNUNGAN,KAB. TOLIKARA,Gundagi,-3.44446476,138.31063597,623511649370996735,,,,,> ~5 km / none found,False,8765.888413231241,8765.888413231241,8.77
21396,ACEH,KAB. SIMEULUE,Simeulue Barat,2.68932696,95.98172876,623281477655363583,,,,,> ~5 km / none found,False,8023.161685230151,8765.320793933277,8.77
93870,PAPUA PEGUNUNGAN,KAB. NDUGA,Paro,-4.35272447,138.21379879,623511785768910847,,,,,> ~5 km / none found,False,8759.51846818738,8759.51846818738,8.76
47654,BENGKULU,KAB. REJANG LEBONG,Bermani Ulu Raya,-3.29883056,102.5415097,623976175680028671,,,,,> ~5 km / none found,False,8758.844851507347,8758.844851507347,8.76
31478,SUMATERA BARAT,KAB. PESISIR SELATAN,IV Jurai,-1.25548792,100.715421,623974038503620607,,,,,> ~5 km / none found,False,7798.411868502505,8754.166915222042,8.75
54676,ACEH,KAB. ACEH TIMUR,Serbajadi,4.55992789,97.45209378,623274207108235263,,,,,> ~5 km / none found,False,8750.816091974364,8753.243044500132,8.75
66989,SULAWESI SELATAN,KAB. LUWU TIMUR,Mangkutana,-2.23493741,120.6827331,624121013896380415,,,,,> ~5 km / none found,False,8751.944754511564,8751.944754511564,8.75
46025,ACEH,KAB. ACEH TENGGARA,Ketambe,3.66136775,97.57161992,623274227383238655,,,,,> ~5 km / none found,False,8751.084889858777,8751.084889858777,8.75
82932,SULAWESI TENGAH,KAB. MOROWALI UTARA,Mamosalato,-1.38809804,121.9301855,623341614335950847,,,,,> ~5 km / none found,False,8750.612956938025,8750.612956938025,8.75
89732,PAPUA TENGAH,KAB. PUNCAK JAYA,Tingginambut,-3.86590641,138.17449905,623511607226105855,,,,,> ~5 km / none found,False,8747.957031524433,8747.957031524433,8.75
93308,PAPUA SELATAN,KAB. MAPPI,Passue,-6.1928,139.78578242,624256397910278143,,,,,> ~5 km / none found,False,8743.680598076775,8743.680598076775,8.74
72451,KALIMANTAN UTARA,KAB. NUNUKAN,Tulin Onsoi,4.13704182,117.0802269,623338267894808575,,,,,> ~5 km / none found,False,5545.917726250464,8741.236384958524,8.74
31004,PAPUA,KAB. KEPULAUAN YAPEN,Raimbawi,-1.77539523,136.8395499,623513985517584383,,,,,> ~5 km / none found,False,7283.539677672129,8740.5126065384,8.74
41458,PAPUA BARAT DAYA,KAB. RAJA AMPAT,Meos Mansar,-0.49833717,130.6084515,623530482979667967,,,,,> ~5 km / none found,False,6395.710526449384,8736.44792719073,8.74
54806,RIAU,KAB. INDRAGIRI HULU,Batang Gansal,-0.9082711,102.5017413,623974360777588735,,,,,> ~5 km / none found,False,8736.035594283425,8736.035594283425,8.74
34163,JAWA TIMUR,KAB. SUMENEP,Sapeken,-6.95278095,115.7887572,623989768427601919,3.0,,0.396,,> ~5 km / none found,True,378.68255238670565,8735.64629407903,8.74
93517,PAPUA PEGUNUNGAN,KAB. JAYAWIJAYA,Welesi,-4.235903,138.88070349,623511848136245247,,,,,> ~5 km / none found,False,8735.145747246072,8735.145747246072,8.74
87231,MALUKU UTARA,KAB. PULAU TALIABU,Taliabu Timur Selatan,-1.84780949,125.1164755,624124997136678911,,,,,> ~5 km / none found,False,6158.374695576653,8731.535153388792,8.73
50297,RIAU,KAB. KAMPAR,Kampar Kiri Hulu,-0.25882923,100.8855303,623974177581531135,,,,,> ~5 km / none found,False,8727.179552983433,8727.179552983433,8.73
84649,PAPUA BARAT DAYA,KAB. RAJA AMPAT,Waigeo Barat Kepulauan,-0.57707382,130.2721937,623530470119112703,,,,,> ~5 km / none found,False,8727.167251474193,8727.167251474193,8.73
49327,JAMBI,KAB. KERINCI,Keliling Danau,-2.25870403,101.4359358,623974347350343679,,,,,> ~5 km / none found,False,6429.6806638542275,8724.470128188237,8.72
74433,SULAWESI SELATAN,KAB. LUWU UTARA,Seko,-2.17146509,120.0112046,623340795242119167,,,,,> ~5 km / none found,False,5504.897482624894,8720.989402573558,8.72
89261,PAPUA,KAB. SARMI,Tor Atas,-2.40993286,138.8329146,623511992533942271,,,,,> ~5 km / none found,False,6793.205700838113,8717.031525619008,8.72
26974,SUMATERA SELATAN,KAB. OGAN KOMERING ILIR,Air Sugihan,-2.66246153,105.4884842,623969314428518399,,,,,> ~5 km / none found,False,8716.904927463454,8716.904927463454,8.72
89094,PAPUA TENGAH,KAB. DOGIYAI,Piyaiye,-4.07319172,135.65904721,623511266488844287,,,,,> ~5 km / none found,False,8712.418888265993,8712.418888265993,8.71
28294,KALIMANTAN TIMUR,KAB. MAHAKAM ULU,Long Pahangai,0.86561254,114.4749868,623335417959710719,,,,,> ~5 km / none found,False,8709.603101537414,8709.603101537414,8.71
86615,PAPUA TENGAH,KAB. PUNCAK,Ogamanim,-3.82264799,137.5557804,623512030102847487,1.0,,0.132,,> ~5 km / none found,True,150.65353092843426,8701.970449998376,8.7
57109,SULAWESI TENGAH,KAB. PARIGI MOUTONG,Palasa,0.57734093,120.337507,623341024900677631,,,,,> ~5 km / none found,False,6180.509177615887,8701.345853596873,8.7
28322,KALIMANTAN SELATAN,KAB. HULU SUNGAI UTARA,Paminggir,-2.51938483,114.8940892,623337194099277823,,,,,> ~5 km / none found,False,6096.185475945561,8700.448066325562,8.7
27545,BENGKULU,KAB. KAUR,Muara Sahung,-4.65032882,103.4914252,623976422235045887,,,,,> ~5 km / none found,False,8005.610809252011,8699.831325757039,8.7
64255,SULAWESI TENGGARA,KAB. KONAWE SELATAN,Laonti,-4.0950399,122.8217323,624126148431773695,,,,,> ~5 km / none found,False,5726.530996818376,8697.606589993999,8.7
25187,SULAWESI TENGGARA,KAB. BUTON UTARA,Bonegunu,-4.82313906,123.0838063,624118924656017407,31.0,,4.092,,> ~5 km / none found,True,3655.107947877557,8694.921648776803,8.69
7848,ACEH,KAB. ACEH SELATAN,Labuhanhaji Timur,3.57977283,97.09600277,623279388071690239,,,,,> ~5 km / none found,False,8686.885983858037,8686.885983858037,8.69
41310,SULAWESI TENGAH,KAB. POSO,Lore Selatan,-1.96567141,120.3186318,624121049373147135,,,,,> ~5 km / none found,False,7775.018388529124,8686.626992979893,8.69
80089,KALIMANTAN TENGAH,KAB. KOTAWARINGIN TIMUR,Seranau,-2.41340103,113.1404863,623336264334802943,,,,,> ~5 km / none found,False,7724.335245687922,8686.19022357575,8.69
87657,MALUKU,KAB. SERAM BAGIAN BARAT,Taniwel,-2.97003112,128.35288469,624125321805070335,,,,,> ~5 km / none found,False,8666.815016572185,8685.945378381226,8.69
90652,PAPUA TENGAH,KAB. DOGIYAI,Piyaiye,-3.9671417,135.69710096,623511264626868223,,,,,> ~5 km / none found,False,8684.988285213703,8684.988285213703,8.68
78027,KALIMANTAN UTARA,KAB. NUNUKAN,Lumbis Ogong,3.98987688,116.6436315,623338261013168127,,,,,> ~5 km / none found,False,8683.671407158776,8683.671407158776,8.68
63879,SULAWESI TENGAH,KAB. SIGI,Palolo,-1.00370335,120.0502463,623340649081667583,,,,,> ~5 km / none found,False,6204.578016879647,8682.102720327248,8.68
78859,KALIMANTAN TENGAH,KAB. BARITO SELATAN,Dusun Utara,-1.44169227,114.7819487,623337107818676223,,,,,> ~5 km / none found,False,8681.883308251006,8681.883308251006,8.68
91563,PAPUA BARAT,KAB. TELUK BINTUNI,Merdey,-1.46671398,133.31694787,623513445524733951,,,,,> ~5 km / none found,False,8669.916354132109,8669.916354132109,8.67
27191,PAPUA,KAB. KEPULAUAN YAPEN,Yapen Barat,-1.69787152,135.7306188,623511441010032639,,,,,> ~5 km / none found,False,8669.7975527913,8669.7975527913,8.67
24653,PAPUA TENGAH,KAB. MIMIKA,Tembagapura,-4.27466293,136.9166212,623512049053695999,,,,,> ~5 km / none found,False,8664.864076896612,8664.864076896612,8.66
71899,RIAU,KAB. INDRAGIRI HILIR,Concong,-0.28697528,103.7037636,623969239457988607,6.0,,0.792,,> ~5 km / none found,True,763.0825633677262,8664.778907486485,8.66
87424,MALUKU UTARA,KAB. PULAU TALIABU,Taliabu Utara,-1.72435931,124.60840744,624125048994725887,12.0,,1.584,,> ~5 km / none found,True,1493.6666337778215,8659.522851481772,8.66
70457,SULAWESI TENGAH,KAB. TOJO UNA UNA,Ampana Tete,-1.08156237,121.7323511,623341643879481343,35.0,,4.62,,> ~5 km / none found,True,4352.071680734024,8654.263923919027,8.65
81977,KALIMANTAN UTARA,KAB. BULUNGAN,Peso,2.72864053,116.7081439,623337882108100607,,,,,> ~5 km / none found,False,8131.866205311035,8650.65969336069,8.65
53522,KALIMANTAN TENGAH,KAB. KATINGAN,Petak Malai,-0.98437701,113.1100363,623336627155042303,,,,,> ~5 km / none found,False,8649.7628027722,8649.7628027722,8.65
88345,PAPUA SELATAN,KAB. ASMAT,Pantai Kasuari,-6.24387265,138.58195398,624256219464728575,,,,,> ~5 km / none found,False,8648.376071276736,8648.376071276736,8.65
86243,PAPUA TENGAH,KAB. PANIAI,Wegee Muka,-3.94133845,136.5801621,623512071559053311,,,,,> ~5 km / none found,False,7696.098821035525,8648.31791550796,8.65
88915,PAPUA BARAT DAYA,KAB. SORONG SELATAN,Konda,-1.65784476,131.92920917,623514749993123839,,,,,> ~5 km / none found,False,8645.390503379653,8645.390503379653,8.65
90816,PAPUA SELATAN,KAB. MERAUKE,Tubang,-8.0887798,139.0985807,624256355594731519,,,,,> ~5 km / none found,False,8645.310436022502,8645.310436022502,8.65
23270,KALIMANTAN UTARA,KAB. NUNUKAN,Sebuku,4.00230329,116.7593541,623338262822715391,,,,,> ~5 km / none found,False,8172.059906177661,8641.004804471526,8.64
29993,BENGKULU,KAB. KAUR,Kinal,-4.41957742,103.3379062,623976453659361279,,,,,> ~5 km / none found,False,8216.344244216234,8640.243302370232,8.64
65939,KALIMANTAN UTARA,KAB. BULUNGAN,Peso Hilir,2.6526423,116.9136649,623337889388855295,38.0,,5.016,,> ~5 km / none found,True,4662.245486385323,8639.84348881242,8.64
39920,MALUKU,KAB. MALUKU TENGAH,Amahai,-3.21895657,129.1879041,624125278339792895,,,,,> ~5 km / none found,False,8638.193141341244,8638.193141341244,8.64
68036,MALUKU UTARA,KAB. HALMAHERA SELATAN,Kasiruta Barat,-0.33480574,127.183128,623529938612453375,,,,,> ~5 km / none found,False,7960.543010437505,8637.55769638495,8.64
85606,KALIMANTAN TENGAH,KAB. BARITO SELATAN,Dusun Hilir,-2.25828815,114.7662157,623337232034299903,,,,,> ~5 km / none found,False,8628.28254605897,8628.28254605897,8.63
56879,SULAWESI SELATAN,KAB. LUWU TIMUR,Malili,-2.7961303,121.1615127,624120771930292223,9.0,,1.188,,> ~5 km / none found,True,1135.7187265075142,8624.689370085802,8.62
89528,PAPUA BARAT DAYA,KAB. TAMBRAUW,Tobouw,-0.46529334,132.33835323,623513719454105599,6.0,,0.792,,> ~5 km / none found,True,827.9573158366163,8624.427862039194,8.62
53589,SULAWESI TENGAH,KAB. TOJO UNA UNA,Talatako,-0.25089917,122.0865088,623341509239996415,,,,,> ~5 km / none found,False,8623.230515177147,8623.230515177147,8.62
90855,PAPUA SELATAN,KAB. ASMAT,Sawa Erma,-5.11030096,138.27944648,624256209004396543,,,,,> ~5 km / none found,False,8620.409481735525,8620.409481735525,8.62
26959,SUMATERA SELATAN,KAB. MUSI BANYUASIN,Bayung Lencir,-2.14888912,104.2994794,623969362696830975,,,,,> ~5 km / none found,False,8603.205956967406,8603.205956967406,8.6
26601,SULAWESI TENGAH,KAB. MOROWALI,Wita Ponda,-2.32268931,121.5183915,624121083385184255,,,,,> ~5 km / none found,False,5303.263048437545,8602.553092325186,8.6
53631,SULAWESI TENGAH,KAB. SIGI,Dolo Selatan,-1.19158495,119.8073074,623340801854373887,,,,,> ~5 km / none found,False,8579.269014843665,8602.546631412242,8.6
89039,PAPUA BARAT,KAB. TELUK BINTUNI,Kamundan,-1.95964051,132.69976907,623514723196272639,,,,,> ~5 km / none found,False,8598.724617152637,8598.724617152637,8.6
77245,MALUKU,KAB. BURU SELATAN,Waesama,-3.58221404,127.1188568,624122747707228159,25.0,,3.3,,> ~5 km / none found,True,3374.3315997557415,8574.506272791554,8.57
48855,KALIMANTAN TENGAH,KAB. KOTAWARINGIN BARAT,Kotawaringin Lama,-2.61121982,111.402499,623972075838734335,,,,,> ~5 km / none found,False,8574.386363862766,8574.386363862766,8.57
93821,PAPUA PEGUNUNGAN,KAB. NDUGA,Kegayem,-4.28296937,138.28866074,623511631723790335,,,,,> ~5 km / none found,False,8573.16520234326,8573.16520234326,8.57
87392,MALUKU UTARA,KAB. HALMAHERA SELATAN,Kasiruta Barat,-0.26922302,127.05199719,623529941155905535,,,,,> ~5 km / none found,False,8572.479335921294,8572.479335921294,8.57
11860,MALUKU,KAB. KEPULAUAN ARU,Aru Utara Timur Batuley,-5.81532681,134.7835624,623513156428562431,,,,,> ~5 km / none found,False,8570.299332115661,8570.299332115661,8.57
27674,MALUKU,KAB. KEPULAUAN ARU,Aru Selatan Utara,-6.3835219,134.2914514,623512368701964287,,,,,> ~5 km / none found,False,8568.772432489235,8568.772432489235,8.57
89964,PAPUA PEGUNUNGAN,KAB. TOLIKARA,Wari/Taiyeve II,-3.29615634,138.69650923,623511729058676735,,,,,> ~5 km / none found,False,8565.044893541919,8565.044893541919,8.57
92117,PAPUA PEGUNUNGAN,KAB. YAHUKIMO,Sumo,-4.92081788,139.3700966,624256139480432639,,,,,> ~5 km / none found,False,8564.911152884868,8564.911152884868,8.56
93667,PAPUA SELATAN,KAB. MAPPI,Minyamur,-6.51684601,138.83308926,624255986357010431,,,,,> ~5 km / none found,False,8563.740995822685,8563.740995822685,8.56
5458,SUMATERA SELATAN,KAB. OGAN KOMERING ILIR,Pangkalan Lampam,-2.89927581,105.3812424,623971430145130495,0.0,,0.0,,> ~5 km / none found,True,50.511949672880036,8563.329317936128,8.56
93819,PAPUA PEGUNUNGAN,KAB. NDUGA,Kegayem,-4.30074952,138.30016046,623511866232831999,,,,,> ~5 km / none found,False,8561.626829121482,8561.626829121482,8.56
2208,LAMPUNG,KAB. TULANG BAWANG,Dente Teladas,-4.6393547,105.896026,623971486651842559,,,,,> ~5 km / none found,False,8561.15187218822,8561.15187218822,8.56
83923,SULAWESI UTARA,KAB. KEPULAUAN SANGIHE,Kepulauan Marore,4.73595402,125.4840311,623342392310202367,,,,,> ~5 km / none found,False,8560.18540062542,8560.18540062542,8.56
77958,KALIMANTAN BARAT,KAB. KAPUAS HULU,Kalis,0.49046899,113.0860411,623338532023336959,,,,,> ~5 km / none found,False,8551.915408211476,8551.915408211476,8.55
91162,PAPUA PEGUNUNGAN,KAB. PEGUNUNGAN BINTANG,Teiraplu,-3.95232329,140.3749237,623517012588134399,,,,,> ~5 km / none found,False,8551.39064911628,8551.39064911628,8.55
53547,KALIMANTAN TIMUR,KAB. KUTAI TIMUR,Karangan,1.52121631,117.651494,623336064089653247,,,,,> ~5 km / none found,False,6368.690141806525,8547.623745956109,8.55
93313,PAPUA PEGUNUNGAN,KAB. NDUGA,Embetpen,-4.64343071,138.52992621,623511864662228991,,,,,> ~5 km / none found,False,8547.387168541729,8547.387168541729,8.55
65958,KALIMANTAN UTARA,KAB. BULUNGAN,Sekatak,3.12326432,117.0805235,623338006069608447,,,,,> ~5 km / none found,False,8544.582216394245,8544.582216394245,8.54
91851,SULAWESI TENGAH,KAB. BUOL,Lakea,1.1665454,121.18346,623339968208633855,20.0,,2.64,,> ~5 km / none found,True,2311.4594995051193,8541.57893478413,8.54
27717,RIAU,KAB. SIAK,Sungai Apit,0.76653903,102.3309091,623275863654498303,,,,,> ~5 km / none found,False,8540.177597735517,8540.177597735517,8.54
34419,MALUKU,KAB. KEPULAUAN ARU,Aru Selatan,-6.55576056,134.309716,623512370977669119,,,,,> ~5 km / none found,False,8539.801738158334,8539.801738158334,8.54
91206,PAPUA PEGUNUNGAN,KAB. YALIMO,Apalapsili,-3.94443229,139.24816276,623511704672305151,,,,,> ~5 km / none found,False,8538.959946727498,8538.959946727498,8.54
26806,ACEH,KAB. BIREUEN,Simpang Mamplam,5.06218055,96.38645577,623279233567162367,34.0,,4.488,,> ~5 km / none found,True,4585.570478852341,8537.441236604378,8.54
91343,PAPUA BARAT,KAB. FAK FAK,Fakfak Timur Tengah,-2.92284973,132.45838393,623514363616362495,,,,,> ~5 km / none found,False,8536.847058234896,8536.847058234896,8.54
15062,SULAWESI TENGAH,KAB. PARIGI MOUTONG,Moutong,0.57764323,121.168865,623340987307458559,,,,,> ~5 km / none found,False,6659.036000498534,8534.363113573754,8.53
91597,PAPUA TENGAH,KAB. PANIAI,Paniai Barat,-3.84990477,136.1550923,623511307078008831,,,,,> ~5 km / none found,False,8533.215284713126,8533.215284713126,8.53
75614,KALIMANTAN BARAT,KAB. KETAPANG,Kendawangan,-2.47404865,110.5325602,623972035962994687,,,,,> ~5 km / none found,False,7454.991351124393,8528.588282403147,8.53
90428,PAPUA TENGAH,KAB. PUNCAK JAYA,Torere,-3.48288668,138.11150507,623511641654362111,,,,,> ~5 km / none found,False,8528.186053053696,8528.186053053696,8.53
53894,ACEH,KAB. ACEH SELATAN,Labuhanhaji,3.60253562,97.07995504,623279383993974783,,,,,> ~5 km / none found,False,7862.7220989758125,8527.714205981463,8.53
90519,PAPUA SELATAN,KAB. BOVEN DIGOEL,Mandobo,-5.95546394,140.25137243,624256411930001407,,,,,> ~5 km / none found,False,6587.940925415669,8527.446634758557,8.53
93873,PAPUA PEGUNUNGAN,KAB. NDUGA,Paro,-4.42551574,138.35340458,623511866039107583,,,,,> ~5 km / none found,False,8526.643674158568,8526.643674158568,8.53
88255,PAPUA BARAT DAYA,KAB. TAMBRAUW,Sausapor,-0.60905141,132.14884051,623530515719192575,,,,,> ~5 km / none found,False,8519.814843023481,8519.814843023481,8.52
90504,PAPUA SELATAN,KAB. BOVEN DIGOEL,Ambatkwi,-5.45539014,140.72145121,623516691079167999,,,,,> ~5 km / none found,False,8517.176702766552,8517.176702766552,8.52
78211,KALIMANTAN BARAT,KAB. KAPUAS HULU,Batang Lupar,1.2351755,112.2393737,623338795110465535,,,,,> ~5 km / none found,False,4732.574813413828,8514.017989306352,8.51
91075,PAPUA TENGAH,KAB. PUNCAK JAYA,Fawi,-3.23727641,137.50314975,623511904559628287,,,,,> ~5 km / none found,False,8511.89519162848,8511.89519162848,8.51
51028,SULAWESI UTARA,KAB. BOLAANG MONGONDOW,Sang Tombolang,0.72832896,123.8506078,623340524900089855,,,,,> ~5 km / none found,False,8510.977745069704,8510.977745069704,8.51
86754,PAPUA SELATAN,KAB. ASMAT,Jetsy,-5.65262967,138.38646505,624256179390840831,,,,,> ~5 km / none found,False,8510.238812041656,8510.238812041656,8.51
2447,SUMATERA SELATAN,KAB. MUSI RAWAS,Selangit,-3.26396116,102.7094937,623976333487734783,,,,,> ~5 km / none found,False,8509.26057815296,8509.26057815296,8.51
89304,PAPUA BARAT,KAB. TELUK WONDAMA,Wasior,-2.61851024,134.56904965,623511356478357503,,,,,> ~5 km / none found,False,8507.766896000418,8507.766896000418,8.51
88377,PAPUA SELATAN,KAB. ASMAT,Koroway Buluanop,-5.07391754,139.9356008,624256127900647423,,,,,> ~5 km / none found,False,8505.406660444598,8505.406660444598,8.51
92139,PAPUA PEGUNUNGAN,KAB. YAHUKIMO,Ukha,-4.33420496,139.02576736,623511859648102399,,,,,> ~5 km / none found,False,8503.134579538239,8503.134579538239,8.5
82954,KALIMANTAN UTARA,KAB. MALINAU,Sungai Boh,1.63161575,115.4112745,623335521387249663,,,,,> ~5 km / none found,False,8498.67632190637,8498.67632190637,8.5
16108,KALIMANTAN TIMUR,KAB. KUTAI TIMUR,Bengalon,0.88763029,117.4803911,623336079463940095,10.0,,1.32,,> ~5 km / none found,True,1114.2982378421548,8495.535689803279,8.5
48841,SULAWESI TENGAH,KAB. POSO,Lore Peore,-1.67486638,120.4624538,623340776989229055,,,,,> ~5 km / none found,False,8495.514951995514,8495.514951995514,8.5
82834,KALIMANTAN SELATAN,KAB. KOTABARU,Hampang,-2.85053857,115.6972081,623336966485409791,26.0,,3.432,,> ~5 km / none found,True,2917.6890106604674,8492.649788933357,8.49
60094,KALIMANTAN UTARA,KAB. NUNUKAN,Lumbis Pansiangan,4.33099369,116.3329834,623327673599459327,28.0,,3.696,,> ~5 km / none found,True,3338.069052224128,8489.608813544446,8.49
8374,LAMPUNG,KAB. PESISIR BARAT,Pesisir Selatan,-5.21961375,104.1376606,623961473345454079,,,,,> ~5 km / none found,False,8288.313641682762,8487.176794636878,8.49
86612,PAPUA BARAT DAYA,KAB. TAMBRAUW,Kwesefo,-0.57259154,132.5702226,623513688414519295,,,,,> ~5 km / none found,False,7356.636852325636,8479.784221403397,8.48
54682,ACEH,KAB. ACEH TENGGARA,Ketambe,3.69940584,97.75737606,623274215443300351,,,,,> ~5 km / none found,False,7551.3642494385285,8478.21087358609,8.48
92284,PAPUA PEGUNUNGAN,KAB. YAHUKIMO,Werima,-4.34386206,139.0778829,623511855432007679,,,,,> ~5 km / none found,False,8469.62849040912,8469.62849040912,8.47
91365,PAPUA BARAT,KAB. TELUK BINTUNI,Aranday,-2.18753939,133.06195418,623514457802997759,,,,,> ~5 km / none found,False,8469.148860229338,8469.148860229338,8.47
91066,PAPUA TENGAH,KAB. PANIAI,Nakama,-3.78392944,136.18803078,623511306754392063,,,,,> ~5 km / none found,False,5768.224152127034,8468.909199319456,8.47
56138,SUMATERA SELATAN,KAB. OGAN KOMERING ILIR,Tulung Selapan,-3.33199645,105.3306508,623971457215725567,,,,,> ~5 km / none found,False,8468.519176822829,8468.519176822829,8.47
89141,PAPUA SELATAN,KAB. BOVEN DIGOEL,Ambatkwi,-5.39173795,140.66622394,623516691608469503,,,,,> ~5 km / none found,False,8459.80630114547,8459.80630114547,8.46
89590,PAPUA TENGAH,KAB. PUNCAK JAYA,Dagai,-3.2837028,137.93573284,623511638850994175,,,,,> ~5 km / none found,False,8459.601229870597,8459.601229870597,8.46
66101,SULAWESI TENGGARA,KAB. KONAWE SELATAN,Laonti,-4.08288067,122.789259,624126148316135423,,,,,> ~5 km / none found,False,7670.42534913046,8456.0344469765,8.46
26784,RIAU,KAB. ROKAN HULU,Bonai Darussalam,1.07664431,100.9515677,623276616021737471,,,,,> ~5 km / none found,False,8452.34672264314,8452.34672264314,8.45
83308,PAPUA SELATAN,KAB. ASMAT,Der Koumur,-6.20830743,138.71917917,624256217918078975,,,,,> ~5 km / none found,False,8452.071020714237,8452.071020714237,8.45
62751,RIAU,KAB. KUANTAN SINGINGI,Pangean,-0.55928784,101.7417178,623974121290039295,,,,,> ~5 km / none found,False,7860.307421364416,8451.334990932104,8.45
3042,SULAWESI TENGAH,KAB. TOJO UNA UNA,Ampana Tete,-1.07748449,121.7752884,623341645155074047,34.0,,4.488,,> ~5 km / none found,True,4143.589108960864,8449.726984961277,8.45
90281,PAPUA BARAT DAYA,KAB. SORONG,Maudus,-1.01385357,132.03995686,623530528363085823,,,,,> ~5 km / none found,False,8445.01620692425,8445.01620692425,8.45
12828,MALUKU,KAB. MALUKU TENGAH,Seram Utara Barat,-2.7351362,128.985217,624125317283610623,,,,,> ~5 km / none found,False,8443.781118691899,8443.781118691899,8.44
91038,PAPUA BARAT,KAB. TELUK WONDAMA,Soug Jaya,-1.97234359,134.09595477,623511365841125375,,,,,> ~5 km / none found,False,8439.839589710025,8439.839589710025,8.44
90500,SULAWESI UTARA,KAB. KEPULAUAN SANGIHE,Nusa Tabukan,3.75977426,125.57576393,623532394106126335,,,,,> ~5 km / none found,False,8434.90977065724,8434.90977065724,8.43
45409,KALIMANTAN SELATAN,KAB. HULU SUNGAI SELATAN,Daha Utara,-2.58948019,115.0052228,623337197039550463,,,,,> ~5 km / none found,False,8433.322008789452,8433.322008789452,8.43
88422,PAPUA SELATAN,KAB. MERAUKE,Naukenjerai,-8.74904823,140.72543237,624254501360173055,,,,,> ~5 km / none found,False,8214.824902937404,8430.1104546338,8.43
90374,MALUKU UTARA,KAB. HALMAHERA SELATAN,Bacan,-0.51482617,127.36729624,623529906052399103,,,,,> ~5 km / none found,False,6973.608689394881,8429.908475674527,8.43
35569,ACEH,KAB. GAYO LUES,Teripe Jaya,4.18495234,96.87626799,623279351227645951,,,,,> ~5 km / none found,False,8429.751672734506,8429.751672734506,8.43
73824,RIAU,KAB. KUANTAN SINGINGI,Kuantan Tengah,-0.61834767,101.6530688,623974133036417023,7.0,,0.924,,> ~5 km / none found,True,899.0679307403257,8428.736460208856,8.43
71508,SUMATERA SELATAN,KAB. OGAN KOMERING ILIR,Tulung Selapan,-3.08802566,105.3103832,623971427706109951,,,,,> ~5 km / none found,False,6090.085542463705,8427.248213708031,8.43
27167,PAPUA,KAB. KEPULAUAN YAPEN,Yapen Barat,-1.80069216,135.8090918,623511440888070143,,,,,> ~5 km / none found,False,8419.856034958128,8419.856034958128,8.42
89757,PAPUA TENGAH,KAB. PUNCAK JAYA,Kiyage,-3.55561218,137.99950347,623511608043667455,,,,,> ~5 km / none found,False,8418.890628706362,8418.890628706362,8.42
87622,MALUKU UTARA,KAB. HALMAHERA UTARA,Kao Barat,1.31306161,127.69088794,623529784291721215,,,,,> ~5 km / none found,False,6168.568452449205,8418.791150922312,8.42
88312,PAPUA SELATAN,KAB. ASMAT,Aswi,-6.10983459,138.6652281,624256214164537343,,,,,> ~5 km / none found,False,8416.917115999964,8416.917115999964,8.42
26353,KALIMANTAN BARAT,KAB. KETAPANG,Muara Pawan,-1.58724703,110.2496525,623971779333029887,,,,,> ~5 km / none found,False,7915.814838019181,8413.501624771761,8.41
91115,PAPUA PEGUNUNGAN,KAB. PEGUNUNGAN BINTANG,Iwur,-5.1778475,140.82642038,623516694749806591,,,,,> ~5 km / none found,False,8413.030285027633,8413.030285027633,8.41
73301,ACEH,KAB. PIDIE,Mane,4.93750735,96.18578445,623279080653914111,20.0,,2.64,,> ~5 km / none found,True,2525.582734608803,8413.02056492595,8.41
22130,KALIMANTAN BARAT,KAB. KETAPANG,Matan Hilir Selatan,-2.14436589,110.2030461,623971798888251391,,,,,> ~5 km / none found,False,7195.134942220928,8411.082460517962,8.41
67198,PAPUA BARAT,KAB. FAK FAK,Fak-Fak Timur,-3.12247032,132.6891875,623514593066975231,,,,,> ~5 km / none found,False,8409.882415332897,8409.882415332897,8.41
92881,PAPUA SELATAN,KAB. MERAUKE,Animha,-8.03626229,140.51304597,624254493124820991,,,,,> ~5 km / none found,False,7810.663788398331,8408.447025855574,8.41
81220,MALUKU,KAB. SERAM BAGIAN BARAT,Taniwel Timur,-2.93088695,128.6516133,624125274535165951,9.0,,1.188,,> ~5 km / none found,True,1185.0406425016258,8408.370695113492,8.41
90244,PAPUA,KAB. MAMBERAMO RAYA,Mamberamo Tengah,-2.28064964,138.13087415,623512004753326079,,,,,> ~5 km / none found,False,7440.4483840831135,8408.29525241675,8.41
89534,PAPUA BARAT DAYA,KAB. SORONG SELATAN,Kais,-1.84282194,132.13676567,623514713765511167,,,,,> ~5 km / none found,False,7207.574188911969,8399.326097177844,8.4
4489,SUMATERA UTARA,KAB. MANDAILING NATAL,Muara Batang Gadis,1.01088029,99.02917665,623276382817583103,,,,,> ~5 km / none found,False,8399.028616460622,8399.028616460622,8.4
76210,SULAWESI TENGAH,KAB. BANGGAI,Bunta,-0.91496806,122.3683323,623341634772467711,,,,,> ~5 km / none found,False,8396.792333367595,8396.792333367595,8.4
93579,PAPUA,KAB. BIAK NUMFOR,Aimando Padaido,-1.14737285,136.60476021,623513826290139135,,,,,> ~5 km / none found,False,8396.356675986828,8396.356675986828,8.4
91489,PAPUA BARAT,KAB. TELUK BINTUNI,Kuri,-2.73435663,133.93564633,623511348891287551,,,,,> ~5 km / none found,False,7453.8524984844225,8390.68672908157,8.39
83541,RIAU,KAB. INDRAGIRI HILIR,Kempas,-0.34071175,102.7405257,623276150011887615,,,,,> ~5 km / none found,False,8389.992320474896,8389.992320474896,8.39
86488,PAPUA BARAT DAYA,KAB. MAYBRAT,Aifat Selatan,-1.56716918,132.4724041,623514696509718527,19.0,,2.508,,> ~5 km / none found,True,2525.078822686335,8388.927086987243,8.39
26978,KALIMANTAN BARAT,KAB. SINTANG,Kayan Hulu,0.02670676,112.35072796,623338459969945599,,,,,> ~5 km / none found,False,8388.362356988686,8388.362356988686,8.39
87108,PAPUA BARAT DAYA,KAB. SORONG SELATAN,Saifi,-1.54657704,131.8516424,623514754410053631,,,,,> ~5 km / none found,False,7909.167817071041,8384.952836658147,8.38
5638,LAMPUNG,KAB. PESISIR BARAT,Ngambur,-5.32440639,104.1890031,623961444622925823,,,,,> ~5 km / none found,False,8152.820128800254,8382.547408410539,8.38
63992,SULAWESI TENGAH,KAB. BANGGAI,Nambo,-1.0248793,122.5993059,623341237727330303,,,,,> ~5 km / none found,False,8374.592634342782,8374.592634342782,8.37
27430,MALUKU,KAB. KEPULAUAN ARU,Sir-Sir,-5.54408554,134.608991,623512232961572863,,,,,> ~5 km / none found,False,8374.239222640857,8374.239222640857,8.37
36236,MALUKU UTARA,KAB. HALMAHERA TIMUR,Kota Maba,0.86227514,128.1504911,623529747352715263,,,,,> ~5 km / none found,False,8374.176289554209,8374.176289554209,8.37
33349,PAPUA,KAB. KEEROM,Web,-3.70737508,140.7771019,623516853210775551,33.0,,4.356,,> ~5 km / none found,True,4301.763844912779,8374.018482087242,8.37
58120,SUMATERA UTARA,KAB. ASAHAN,Bandar Pasir Mandoge,2.62934436,99.12071221,623276545954512895,,,,,> ~5 km / none found,False,8372.333288540842,8372.333288540842,8.37
36370,PAPUA,KAB. KEPULAUAN YAPEN,Kosiwo,-1.7441379,136.09303338,623513996448301055,,,,,> ~5 km / none found,False,8366.860127043123,8366.860127043123,8.37
22409,KALIMANTAN BARAT,KAB. KAYONG UTARA,Kepulauan Karimata,-1.59680267,108.8670806,623968920684101631,18.0,,2.376,,> ~5 km / none found,True,2177.0810194686214,8364.552804187728,8.36
80538,MALUKU,KAB. SERAM BAGIAN TIMUR,Werinama,-3.52554993,130.3326316,624123310349582335,,,,,> ~5 km / none found,False,8322.199045317244,8364.147527675452,8.36
60078,SULAWESI TENGAH,KAB. TOJO UNA UNA,Talatako,-0.26222155,122.0564275,623341509346426879,,,,,> ~5 km / none found,False,8362.86107831453,8362.86107831453,8.36
39052,MALUKU,KAB. KEPULAUAN ARU,Pulau-Pulau Aru,-5.9491204,134.3361487,623512404321435647,,,,,> ~5 km / none found,False,8360.603536745535,8360.603536745535,8.36
24401,MALUKU UTARA,KAB. PULAU MOROTAI,Morotai Timur,2.26241063,128.5471646,623530132774617087,,,,,> ~5 km / none found,False,5212.423243648094,8359.145283867894,8.36
28733,SULAWESI TENGAH,KAB. MOROWALI UTARA,Mori Atas,-2.13336086,120.96665,624121051093368831,,,,,> ~5 km / none found,False,5398.206838727843,8357.095129595637,8.36
93168,PAPUA PEGUNUNGAN,KAB. NDUGA,Kenyam,-4.57599964,138.20983584,623511868153888767,,,,,> ~5 km / none found,False,8355.137833506828,8355.137833506828,8.36
88326,PAPUA SELATAN,KAB. ASMAT,Aswi,-6.11933049,138.43722662,624256215375249407,,,,,> ~5 km / none found,False,8352.9475069301,8352.9475069301,8.35
46985,ACEH,KAB. PIDIE JAYA,Bandar Dua,5.06904683,96.29733475,623279233709735935,,,,,> ~5 km / none found,False,5321.235591257868,8345.915444986731,8.35
48154,SULAWESI TENGAH,KAB. BUOL,Lakea,1.17969509,121.1572902,623339968194183167,26.0,,3.432,,> ~5 km / none found,True,3000.2310742541185,8342.05369367524,8.34
86900,MALUKU UTARA,KAB. PULAU TALIABU,Taliabu Timur,-1.77586047,125.0181252,624124997518360575,,,,,> ~5 km / none found,False,5865.127301552353,8342.046473874943,8.34
53725,SULAWESI TENGGARA,KAB. KOLAKA UTARA,Wawo,-3.64717274,121.1377403,624120750746173439,,,,,> ~5 km / none found,False,6944.863612545839,8336.973158092624,8.34
66317,JAMBI,KAB. TANJUNG JABUNG BARAT,Batang Asam,-1.09974312,102.796698,623974397602398207,34.0,,4.488,,> ~5 km / none found,True,4396.673034021563,8334.151871293247,8.33
20559,SULAWESI TENGAH,KAB. POSO,Lore Tengah,-1.69231116,120.3566063,623340776116846591,,,,,> ~5 km / none found,False,8328.330470860205,8328.330470860205,8.33
92341,PAPUA TENGAH,KAB. PANIAI,Siriwo,-3.63144141,136.07438393,623511307471945727,,,,,> ~5 km / none found,False,8326.614398856058,8326.614398856058,8.33
47731,SULAWESI TENGAH,KAB. DONGGALA,Dampelas,0.22770977,120.0155047,623340913558945791,26.0,,3.432,,> ~5 km / none found,True,3341.228291325613,8324.486854058465,8.32
84023,KALIMANTAN TIMUR,KAB. KUTAI TIMUR,Sangatta Selatan,0.33863981,117.3766703,623335716414160895,,,,,> ~5 km / none found,False,8322.578821080739,8322.578821080739,8.32
22643,KALIMANTAN BARAT,KAB. KAYONG UTARA,Pulau Maya,-1.03737731,109.55641792,623971955907330047,,,,,> ~5 km / none found,False,7259.655624637119,8321.903120041738,8.32
87045,PAPUA,KAB. JAYAPURA,Airu,-3.54513464,139.92288956,623511682041544703,,,,,> ~5 km / none found,False,8317.250083744459,8317.250083744459,8.32
83358,MALUKU,KAB. SERAM BAGIAN TIMUR,Kilmury,-3.71148894,130.6711193,624123321650839551,20.0,,2.64,,> ~5 km / none found,True,2456.0136913351075,8315.601067348949,8.32
19361,SULAWESI TENGAH,KAB. MOROWALI,Bahodopi,-3.04338733,122.1272471,624120854770909183,,,,,> ~5 km / none found,False,8203.855694413227,8315.518874382135,8.32
85913,PAPUA,KAB. KEEROM,Towe,-3.83872964,140.70997235,623516855317331967,,,,,> ~5 km / none found,False,8310.755996386506,8310.755996386506,8.31
90438,PAPUA PEGUNUNGAN,KAB. NDUGA,Koroptak,-4.32391331,138.34344396,623511866188824575,,,,,> ~5 km / none found,False,8306.321608284868,8306.321608284868,8.31
91213,PAPUA PEGUNUNGAN,KAB. YALIMO,Apalapsili,-3.91882014,139.24282253,623511705389203455,,,,,> ~5 km / none found,False,8305.266809919021,8305.266809919021,8.31
19012,SULAWESI TENGGARA,KAB. KOLAKA UTARA,Kodeoha,-3.44181225,121.0135955,624120755324354559,,,,,> ~5 km / none found,False,4767.26013236603,8301.711758083871,8.3
91158,PAPUA PEGUNUNGAN,KAB. PEGUNUNGAN BINTANG,Teiraplu,-4.06270269,140.47361102,623517008261709823,,,,,> ~5 km / none found,False,8299.70537395371,8299.70537395371,8.3
66966,KALIMANTAN TENGAH,KAB. KAPUAS,Mandau Talawang,-0.59389111,113.8177897,623336619967676415,,,,,> ~5 km / none found,False,8297.448414045692,8297.448414045692,8.3
77590,NUSA TENGGARA BARAT,KAB. SUMBAWA,Ropang,-8.95078842,117.4144859,624119241728360447,,,,,> ~5 km / none found,False,8295.98795081452,8295.98795081452,8.3
91146,PAPUA PEGUNUNGAN,KAB. PEGUNUNGAN BINTANG,Kalomdol,-4.99985163,140.59471381,623516726095937535,,,,,> ~5 km / none found,False,8295.404356417594,8295.404356417594,8.3
86799,MALUKU UTARA,KAB. HALMAHERA SELATAN,Obi,-1.45140003,127.6421446,624124658885001215,27.0,,3.564,,> ~5 km / none found,True,3819.0520478193407,8293.620330375008,8.29
72381,SULAWESI TENGAH,KAB. SIGI,Kulawi Selatan,-1.74218532,120.1204105,623340798705532927,,,,,> ~5 km / none found,False,7626.758051296005,8291.479659919418,8.29
5376,LAMPUNG,KAB. PESISIR BARAT,Pesisir Selatan,-5.25285479,104.1554818,623961444997332991,,,,,> ~5 km / none found,False,8286.045249983059,8286.045249983059,8.29
22914,KALIMANTAN UTARA,KAB. MALINAU,Pujungan,2.57135552,115.6627581,623338338514960383,,,,,> ~5 km / none found,False,8280.640768349944,8280.640768349944,8.28
38504,MALUKU,KAB. BURU,Air Buaya,-3.17800477,126.3644383,624122695584219135,,,,,> ~5 km / none found,False,4762.056716115296,8276.89720319768,8.28
78619,ACEH,KAB. ACEH BESAR,Leupung,5.31176243,95.33421341,623279314645090303,38.0,,5.016,,> ~5 km / none found,True,5289.335108852418,8273.31487413442,8.27
69177,SULAWESI SELATAN,KAB. PANGKAJENE KEPULAUAN,Liukang Kalmas,-5.09545577,117.0524225,624121314520727551,,,,,> ~5 km / none found,False,8270.473009768159,8270.473009768159,8.27
72444,SULAWESI SELATAN,KAB. PANGKAJENE KEPULAUAN,Liukang Kalmas,-5.09545577,117.0524225,624121314520727551,,,,,> ~5 km / none found,False,8270.473009768159,8270.473009768159,8.27
88302,PAPUA SELATAN,KAB. MERAUKE,Okaba,-8.0080208,139.82019679,624254549952724991,,,,,> ~5 km / none found,False,6317.437469241086,8269.534063624174,8.27
51231,PAPUA,KOTA JAYAPURA,Muara Tami,-2.73641498,140.9581114,623518985135456255,35.0,,4.62,,> ~5 km / none found,True,4485.005890050169,8261.43040291949,8.26
39058,MALUKU,KAB. KEPULAUAN ARU,Aru Tengah,-6.41012808,134.5628509,623513137780686847,,,,,> ~5 km / none found,False,8253.421159928368,8253.421159928368,8.25
7943,KALIMANTAN TENGAH,KAB. SUKAMARA,Sukamara,-2.57301866,111.1728263,623972030816387071,,,,,> ~5 km / none found,False,8252.117921598,8252.117921598,8.25
88387,PAPUA SELATAN,KAB. MAPPI,Obaa,-6.5283833,139.422715,624255980343787519,,,,,> ~5 km / none found,False,8242.228318911062,8242.228318911062,8.24
90605,PAPUA BARAT DAYA,KAB. TAMBRAUW,Kebar Selatan,-0.94282539,133.22450012,623513431975231487,,,,,> ~5 km / none found,False,8235.947365153606,8235.947365153606,8.24
53858,PAPUA TENGAH,KAB. MIMIKA,Tembagapura,-4.39912042,137.0156398,623512044771278847,,,,,> ~5 km / none found,False,8233.675747111232,8233.675747111232,8.23
62076,RIAU,KAB. PELALAWAN,Kuala Kampar,0.5495724,103.0066003,623276120561614847,,,,,> ~5 km / none found,False,8227.106322870763,8227.106322870763,8.23
87585,PAPUA BARAT DAYA,KAB. MAYBRAT,Aifat Timur Selatan,-1.69759921,132.42935955,623514698368221183,19.0,,2.508,,> ~5 km / none found,True,2609.1645497590557,8225.850777896441,8.23
53586,SULAWESI TENGAH,KAB. BANGGAI,Kintom,-1.08998702,122.4858674,623341606192513023,,,,,> ~5 km / none found,False,7771.363927552088,8224.217540021988,8.22
81365,SULAWESI TENGAH,KAB. BANGGAI,Kintom,-1.04124608,122.5947959,623341237722742783,,,,,> ~5 km / none found,False,8223.328844602956,8223.328844602956,8.22
88416,PAPUA SELATAN,KAB. MAPPI,Passue Bawah,-6.09831252,139.58476754,624255992979685375,,,,,> ~5 km / none found,False,8221.566834232484,8221.566834232484,8.22
80692,PAPUA TENGAH,KAB. PUNCAK JAYA,Fawi,-3.14655168,137.7733593,623511906080620543,,,,,> ~5 km / none found,False,8221.553227685848,8221.553227685848,8.22
55463,KALIMANTAN TENGAH,KAB. PULANG PISAU,Kahayan Kuala,-3.17114277,114.019856,623336463515287551,,,,,> ~5 km / none found,False,8221.403525174064,8221.403525174064,8.22
16202,SULAWESI TENGGARA,KAB. KOLAKA UTARA,Katoi,-3.47272175,120.99339,624120754561220607,,,,,> ~5 km / none found,False,5700.394041251189,8218.199752526476,8.22
72270,SULAWESI UTARA,KAB. BOLAANG MONGONDOW UTARA,Bolangitang Timur,0.70639055,123.4113231,623340516096475135,34.0,,4.488,,> ~5 km / none found,True,4381.871919409686,8214.594160422526,8.21
86429,PAPUA BARAT DAYA,KAB. TAMBRAUW,Bikar,-0.5761356,132.2248977,623530515685244927,,,,,> ~5 km / none found,False,8209.825890675025,8209.825890675025,8.21
85427,ACEH,KAB. ACEH TIMUR,Peunaron,4.6650416,97.52721085,623279525986140159,,,,,> ~5 km / none found,False,8203.576962413574,8203.576962413574,8.2
53924,ACEH,KAB. ACEH TIMUR,Peunaron,4.6650416,97.52721085,623279525986140159,,,,,> ~5 km / none found,False,8203.576962413574,8203.576962413574,8.2
53880,KEPULAUAN RIAU,KAB. LINGGA,Katang Bidare,0.35512363,104.4709123,623276085415313407,,,,,> ~5 km / none found,False,7594.021995693671,8203.14245794131,8.2
27655,SULAWESI TENGGARA,KAB. KONAWE KEPULAUAN,Wawonii Timur,-4.09504327,123.1583546,624126097301012479,38.0,,5.016,,> ~5 km / none found,True,4535.432301632199,8202.036970403855,8.2
87172,KALIMANTAN TENGAH,KAB. SERUYAN,Seruyan Hulu,-1.50976615,111.8938508,623972219722498047,10.0,,1.32,,> ~5 km / none found,True,1253.759455349062,8200.76024656456,8.2
90330,MALUKU UTARA,KAB. HALMAHERA SELATAN,Kasiruta Timur,-0.47949851,127.22180044,623529905225564159,,,,,> ~5 km / none found,False,8030.0677519904075,8199.814280591292,8.2
47004,SULAWESI TENGAH,KAB. BUOL,Bunobogu,0.94519092,121.593404,623339704196431871,,,,,> ~5 km / none found,False,8198.655765083791,8198.655765083791,8.2
65961,KALIMANTAN UTARA,KAB. BULUNGAN,Sekatak,3.32162797,116.9704877,623338250447421439,,,,,> ~5 km / none found,False,7765.228868179353,8195.610393051596,8.2
88465,PAPUA BARAT DAYA,KAB. SORONG SELATAN,Kais Darat,-1.7720628,132.33869387,623514698468622335,,,,,> ~5 km / none found,False,4949.5685283039065,8194.774913304112,8.19
8512,KALIMANTAN TENGAH,KAB. MURUNG RAYA,Uut Murung,0.51594598,114.8503787,623335138219098111,,,,,> ~5 km / none found,False,8193.302303483073,8193.302303483073,8.19
88382,PAPUA SELATAN,KAB. ASMAT,Sirets,-5.62022407,138.5434861,624256185759989759,,,,,> ~5 km / none found,False,8188.70960042759,8188.70960042759,8.19
94067,PAPUA PEGUNUNGAN,KAB. TOLIKARA,Wina,-3.53565993,138.25847899,623511609139298303,,,,,> ~5 km / none found,False,8186.965155926161,8186.965155926161,8.19
92731,PAPUA SELATAN,KAB. ASMAT,Kolf Braza,-1.7796833,134.1888083,623511363673849855,,,,,> ~5 km / none found,False,8185.714399989895,8185.714399989895,8.19
45815,KEPULAUAN RIAU,KAB. KEPULAUAN ANAMBAS,Siantan Timur,3.13023766,106.3352894,623354290598477823,,,,,> ~5 km / none found,False,8182.776139014939,8182.776139014939,8.18
29907,MALUKU,KAB. KEPULAUAN ARU,Sir-Sir,-5.55320357,134.6288685,623512232889778175,,,,,> ~5 km / none found,False,8179.172514956149,8179.172514956149,8.18
22719,KALIMANTAN UTARA,KAB. MALINAU,Mentarang Hulu,3.84592536,115.967784,623338205744824319,,,,,> ~5 km / none found,False,6644.493848640547,8176.712810747004,8.18
84708,PAPUA TENGAH,KAB. NABIRE,Yaro,-3.62814013,135.3450355,623511083435982847,33.0,,4.356,,> ~5 km / none found,True,4413.179729055121,8176.659163894917,8.18
33102,KALIMANTAN TIMUR,KAB. BERAU,Batu Putih,1.29251636,118.3838264,623343024798367743,,,,,> ~5 km / none found,False,7575.637283879239,8171.940017662397,8.17
77981,SULAWESI TENGGARA,KAB. KONAWE SELATAN,Lalembuu,-4.411534,121.8881625,624120962244214783,,,,,> ~5 km / none found,False,5422.071747396731,8170.818310991867,8.17
75547,ACEH,KAB. PIDIE,Tangse,4.94087269,95.87892058,623279077888196607,,,,,> ~5 km / none found,False,4896.327317343922,8168.202767186905,8.17
89502,PAPUA PEGUNUNGAN,KAB. NDUGA,Koroptak,-4.3156882,138.3931037,623511866325893119,,,,,> ~5 km / none found,False,8167.433426665779,8167.433426665779,8.17
85998,JAMBI,KAB. KERINCI,Keliling Danau,-2.22045256,101.3543712,623974298694647807,,,,,> ~5 km / none found,False,6391.339883394858,8166.009163030431,8.17
94132,PAPUA PEGUNUNGAN,KAB. TOLIKARA,Wari/Taiyeve II,-3.32291942,138.55865853,623511647760875519,,,,,> ~5 km / none found,False,8165.12863152032,8165.12863152032,8.17
88001,PAPUA TENGAH,KAB. PANIAI,Dogomo,-4.07385576,136.99227578,623512046621065215,,,,,> ~5 km / none found,False,8162.862654496773,8162.862654496773,8.16
40577,SULAWESI TENGAH,KAB. BANGGAI,Nuhon,-1.04625325,122.2044222,623341637590220799,,,,,> ~5 km / none found,False,6605.267827976794,8162.562686435588,8.16
93810,PAPUA PEGUNUNGAN,KAB. YAHUKIMO,Tangma,-4.33365661,139.03882308,623511859650527231,,,,,> ~5 km / none found,False,8159.983657275583,8159.983657275583,8.16
93818,PAPUA PEGUNUNGAN,KAB. NDUGA,Kegayem,-4.25437091,138.28490499,623511631700492287,,,,,> ~5 km / none found,False,8158.9618680216545,8158.9618680216545,8.16
88859,PAPUA BARAT DAYA,KAB. SORONG,Sayosa Timur,-1.05111959,131.87135974,623530527278399487,,,,,> ~5 km / none found,False,8158.242898047468,8158.242898047468,8.16
88358,PAPUA,KAB. KEEROM,Arso,-3.08648562,140.5716386,623516832381599743,,,,,> ~5 km / none found,False,8154.851983789674,8154.851983789674,8.15
513,BENGKULU,KAB. KAUR,Muara Sahung,-4.4439918,103.3868703,623976452933124095,25.0,,3.3,,> ~5 km / none found,True,2918.259048015834,8154.233571235366,8.15
3044,SUMATERA SELATAN,KAB. LAHAT,Muarapayang,-3.8549781,103.2241492,623976205467615231,,,,,> ~5 km / none found,False,8152.940250592142,8152.940250592142,8.15
94071,PAPUA PEGUNUNGAN,KAB. TOLIKARA,Dundu,-3.44824485,138.36334344,623511649292222463,,,,,> ~5 km / none found,False,8151.90642631377,8151.90642631377,8.15
93304,PAPUA PEGUNUNGAN,KAB. NDUGA,Mbua Tengah,-4.46435587,138.46919436,623511862107832319,,,,,> ~5 km / none found,False,7615.6017954379,8151.229194313642,8.15
90169,PAPUA,KAB. WAROPEN,Oudate,-2.58273511,136.43891076,623511170309128191,,,,,> ~5 km / none found,False,8151.16974787514,8151.16974787514,8.15
59433,SULAWESI TENGGARA,KAB. KONAWE UTARA,Lasolo Kepulauan,-3.45426749,122.3708306,624120820221116415,,,,,> ~5 km / none found,False,8150.732434960608,8150.732434960608,8.15
73837,JAMBI,KAB. KERINCI,Danau Kerinci,-2.04230167,101.6118622,623974233020203007,,,,,> ~5 km / none found,False,6683.607098682597,8149.045546061747,8.15
88374,PAPUA SELATAN,KAB. ASMAT,Koroway Buluanop,-5.26431166,139.85744451,624256133040865279,,,,,> ~5 km / none found,False,8147.862063694385,8147.862063694385,8.15
87299,MALUKU UTARA,KAB. PULAU TALIABU,Taliabu Barat Laut,-1.84175644,124.4194508,623341399603216383,,,,,> ~5 km / none found,False,6460.207156209876,8145.856434668217,8.15
55181,PAPUA BARAT DAYA,KAB. RAJA AMPAT,Teluk Mayalibit,-0.3237436,130.8220708,623530481896030207,33.0,,4.356,,> ~5 km / none found,True,4041.644305733925,8143.511627653073,8.14
84801,PAPUA TENGAH,KAB. PUNCAK,Pogoma,-3.73233591,137.7943598,623511658409525247,,,,,> ~5 km / none found,False,8142.476876143479,8142.476876143479,8.14
27101,PAPUA,KAB. BIAK NUMFOR,Biak Timur,-1.25122116,136.20462969,623514246272286719,,,,,> ~5 km / none found,False,8135.417078814207,8135.417078814207,8.14
2314,SUMATERA SELATAN,KAB. MUSI RAWAS UTARA,Karang Dapo,-2.80720069,102.9613459,623976284892266495,27.0,,3.564,,> ~5 km / none found,True,3435.8161442163073,8134.031410109555,8.13
89384,MALUKU UTARA,KAB. HALMAHERA SELATAN,Bacan Timur,-0.42175622,127.73389785,623529886458150911,,,,,> ~5 km / none found,False,8123.764376551063,8123.764376551063,8.12
61756,SUMATERA BARAT,KAB. PASAMAN,Rao,0.49294615,99.95021208,623276654537965567,,,,,> ~5 km / none found,False,7625.256714320742,8113.208656018019,8.11
44480,SUMATERA BARAT,KAB. PESISIR SELATAN,Batang Kapas,-1.2968718,100.7175648,623974038547431423,,,,,> ~5 km / none found,False,7152.896691583955,8111.072871755871,8.11
67711,ACEH,KAB. ACEH TENGGARA,Ketambe,3.62027141,97.6067405,623274228013367295,,,,,> ~5 km / none found,False,7554.61299774402,8105.859547557153,8.11
27013,SULAWESI TENGGARA,KAB. KONAWE,Routa,-3.10853489,121.7270461,624120779309383679,,,,,> ~5 km / none found,False,8104.1218953496245,8104.1218953496245,8.1
17245,KALIMANTAN TIMUR,KAB. KUTAI KARTANEGARA,Tabang,1.0376646,115.9740986,623335248340516863,32.0,,4.224,,> ~5 km / none found,True,3599.4241714379086,8094.240925506968,8.09
88127,MALUKU UTARA,KAB. HALMAHERA TIMUR,Maba Tengah,1.07318371,128.43685049,623529872916348927,,,,,> ~5 km / none found,False,8089.472852962096,8089.472852962096,8.09
22751,SULAWESI TENGAH,KAB. BANGGAI,Simpang Raya,-1.01240674,122.3013391,623341637459410943,,,,,> ~5 km / none found,False,8088.217038725446,8088.217038725446,8.09
93661,PAPUA PEGUNUNGAN,KAB. NDUGA,Gearek,-4.59516419,138.79968192,623511810636611583,,,,,> ~5 km / none found,False,8086.488539327625,8086.488539327625,8.09
86267,JAMBI,KAB. KERINCI,Keliling Danau,-2.23216774,101.3759124,623974346783883263,,,,,> ~5 km / none found,False,5807.147305208595,8086.382343244129,8.09
82905,MALUKU,KAB. BURU SELATAN,Namrole,-3.65822995,126.6860732,624122672669425663,17.0,,2.244,,> ~5 km / none found,True,2419.074310035726,8085.816466952055,8.09
60972,KEPULAUAN RIAU,KAB. LINGGA,Kepulauan Posek,-0.34169736,104.231657,623969147939127295,,,,,> ~5 km / none found,False,8083.544572909222,8083.544572909222,8.08
48153,SULAWESI SELATAN,KAB. LUWU UTARA,Sukamaju,-2.46622707,120.5146235,624121014454943743,,,,,> ~5 km / none found,False,7844.549532501115,8082.837503315829,8.08
903,SUMATERA SELATAN,KAB. MUSI RAWAS UTARA,Nibung,-2.37168289,102.9801403,623976317190242303,1.0,,0.132,,> ~5 km / none found,True,145.23928315774043,8078.777194763956,8.08
58122,PAPUA BARAT DAYA,KAB. RAJA AMPAT,Meos Mansar,-0.4920489,130.5301997,623530471038058495,,,,,> ~5 km / none found,False,8072.258080434577,8072.258080434577,8.07
88490,PAPUA BARAT,KAB. MANOKWARI SELATAN,Oransbari,-1.24875954,134.10237205,623513405018963967,,,,,> ~5 km / none found,False,8071.812247908855,8071.812247908855,8.07
93822,PAPUA PEGUNUNGAN,KAB. NDUGA,Kegayem,-4.292396,138.29928248,623511866244300799,,,,,> ~5 km / none found,False,8071.096897348921,8071.096897348921,8.07
78569,GORONTALO,KAB. POHUWATO,Patilanggio,0.68506002,121.9529614,623339683075031039,,,,,> ~5 km / none found,False,7482.161497934836,8067.881466104424,8.07
24954,DKI JAKARTA,KAB. ADM. KEP. SERIBU,Kepulauan Seribu Selatan.,-5.8579416,106.6189223,623961018471219199,8.0,,1.056,,> ~5 km / none found,True,949.78584505758,8062.930607754547,8.06
89550,PAPUA PEGUNUNGAN,KAB. MAMBERAMO TENGAH,Eragayam,-3.62400515,138.95778067,623511694596210687,,,,,> ~5 km / none found,False,8062.460921812474,8062.460921812474,8.06
88893,PAPUA PEGUNUNGAN,KAB. MAMBERAMO TENGAH,Eragayam,-3.62588139,138.90870928,623511727422013439,,,,,> ~5 km / none found,False,8058.33622145515,8058.33622145515,8.06
84309,MALUKU,KAB. MALUKU TENGAH,Telutih,-3.25185476,129.8407123,624125367375167487,35.0,,4.62,,> ~5 km / none found,True,4589.993711928695,8048.452623669687,8.05
90044,PAPUA BARAT DAYA,KAB. SORONG,Bagun,-1.29988412,131.62695878,623514676114259967,32.0,,4.224,,> ~5 km / none found,True,3900.961804145394,8044.353742977126,8.04
93803,PAPUA PEGUNUNGAN,KAB. NDUGA,Kegayem,-4.26899521,138.28870557,623511631691644927,,,,,> ~5 km / none found,False,8042.023940272175,8042.023940272175,8.04
69316,SULAWESI SELATAN,KAB. LUWU UTARA,Rampi,-2.14592088,120.4058674,624121045357920255,,,,,> ~5 km / none found,False,8029.598091282611,8037.383248030532,8.04
79568,MALUKU,KAB. BURU SELATAN,Namrole,-3.70310332,126.7282381,624122668535480319,,,,,> ~5 km / none found,False,5915.1567536477805,8036.9433072205675,8.04
87546,PAPUA BARAT DAYA,KAB. MAYBRAT,Aifat Selatan,-1.52297734,132.47533378,623514696722907135,36.0,,4.752,,> ~5 km / none found,True,4595.234030098399,8034.895826366979,8.03
93401,PAPUA PEGUNUNGAN,KAB. TOLIKARA,Bogonuk,-3.61546782,138.28340831,623511605310193663,,,,,> ~5 km / none found,False,8033.351987981476,8033.351987981476,8.03
55092,MALUKU,KAB. KEPULAUAN TANIMBAR,Nirunmas,-7.53681674,131.5703564,624107035445067775,,,,,> ~5 km / none found,False,8031.794676599147,8031.794676599147,8.03
85060,MALUKU UTARA,KAB. PULAU TALIABU,Taliabu Utara,-1.74297343,124.7276255,624125000946057215,8.0,,1.056,,> ~5 km / none found,True,1121.8609734782772,8027.834188452346,8.03
9239,KALIMANTAN TIMUR,KAB. KUTAI BARAT,Nyuatan,-0.41291813,115.4531554,623335339092803583,22.0,,2.904,,> ~5 km / none found,True,2458.8461251058084,8020.862472577621,8.02
90925,PAPUA,KAB. MAMBERAMO RAYA,Benuki,-2.01167244,137.50110126,623514026077650943,,,,,> ~5 km / none found,False,8018.062089308785,8018.062089308785,8.02
59503,RIAU,KAB. INDRAGIRI HILIR,Teluk Belengkong,0.24785355,103.4473313,623276160423395327,,,,,> ~5 km / none found,False,8015.853861324176,8015.853861324176,8.02
70161,RIAU,KAB. INDRAGIRI HILIR,Kuala Indragiri,-0.34716961,103.6201401,623969236732215295,13.0,,1.716,,> ~5 km / none found,True,1671.8018156587748,8007.132169885625,8.01
93135,PAPUA SELATAN,KAB. MERAUKE,Ngguti,-7.86316654,139.59346056,624256296239955967,,,,,> ~5 km / none found,False,8007.051547085515,8007.051547085515,8.01
10353,SULAWESI TENGGARA,KAB. KOLAKA TIMUR,Tinondo,-3.89236958,121.8806676,624120976447766527,38.0,,5.016,,> ~5 km / none found,True,5109.190887471901,8006.857675821972,8.01
83589,MALUKU UTARA,KAB. HALMAHERA SELATAN,Obi Selatan,-1.6177258,127.7853993,624125583798108159,3.0,,0.396,,> ~5 km / none found,True,288.19659426567796,7999.390010107816,8.0
92053,PAPUA PEGUNUNGAN,KAB. PEGUNUNGAN BINTANG,Okbape,-4.83578289,140.2810052,623516993376616447,,,,,> ~5 km / none found,False,7997.513519944205,7997.513519944205,8.0
18088,SULAWESI TENGGARA,KAB. BUTON,Siotapina,-5.31248852,122.9954689,624118909287596031,,,,,> ~5 km / none found,False,7165.561224095065,7992.998674991797,7.99
93708,PAPUA BARAT DAYA,KAB. RAJA AMPAT,Warwarbomi,-0.15467004,131.22695456,623530322514214911,,,,,> ~5 km / none found,False,5565.89970274516,7989.858875636472,7.99
52057,PAPUA TENGAH,KAB. NABIRE,Napan,-3.05402335,135.8177072,623511176450703359,,,,,> ~5 km / none found,False,7985.2032095528375,7985.2032095528375,7.99
75779,MALUKU UTARA,KAB. HALMAHERA TIMUR,Maba Utara,1.35698783,128.6094559,623530118884163583,,,,,> ~5 km / none found,False,7984.232070043877,7984.232070043877,7.98
10967,SULAWESI TENGAH,KAB. TOJO UNA UNA,Ampana Tete,-1.06917933,121.8129847,623341644853936127,,,,,> ~5 km / none found,False,5984.5533449674695,7981.174449735656,7.98
70345,SUMATERA BARAT,KAB. PESISIR SELATAN,Silaut,-2.30765365,101.2487191,623974299037171711,,,,,> ~5 km / none found,False,6193.056747948679,7981.156383659933,7.98
65479,SUMATERA UTARA,KAB. MANDAILING NATAL,Panyabungan,0.89390057,99.68940227,623276680346697727,,,,,> ~5 km / none found,False,7977.734472013342,7977.734472013342,7.98
25081,KALIMANTAN TIMUR,KAB. PASER,Tanjung Harapan,-2.14929246,116.4194653,623336904049459199,,,,,> ~5 km / none found,False,7971.295303760939,7971.295303760939,7.97
90988,PAPUA SELATAN,KAB. BOVEN DIGOEL,Arimop,-5.81636451,140.38725693,623516708478615551,,,,,> ~5 km / none found,False,7968.24747976642,7968.24747976642,7.97
22792,KALIMANTAN UTARA,KAB. TANA TIDUNG,Muruk Rian,3.64098982,116.7745072,623338227442581503,,,,,> ~5 km / none found,False,6952.581206730351,7965.623802460357,7.97
64661,SULAWESI TENGAH,KAB. PARIGI MOUTONG,Tomini,0.59506907,120.4823382,623341025979072511,,,,,> ~5 km / none found,False,4910.793777912143,7964.872779125136,7.96
70799,SULAWESI TENGAH,KAB. SIGI,Pipikoro,-1.7582357,119.8923525,623340769680850943,,,,,> ~5 km / none found,False,7958.048087421058,7958.048087421058,7.96
82963,MALUKU,KAB. MALUKU BARAT DAYA,Kepulauan Luang Sermata,-8.18144859,128.7860851,624124244648951807,,,,,> ~5 km / none found,False,4951.314549053346,7954.83355877496,7.95
38007,KALIMANTAN TIMUR,KAB. PENAJAM PASER UTARA,Waru,-1.31939016,116.3967494,623337140261683199,,,,,> ~5 km / none found,False,7580.043892611521,7951.3627848767765,7.95
38123,MALUKU,KAB. KEPULAUAN ARU,Aru Tengah Selatan,-6.70520595,134.6600402,623513134829076479,24.0,,3.168,,> ~5 km / none found,True,2957.649258629697,7950.894423962747,7.95
90607,PAPUA BARAT DAYA,KAB. SORONG SELATAN,Kokoda,-2.17086429,132.37197587,623514401216167935,,,,,> ~5 km / none found,False,7943.837473292305,7943.837473292305,7.94
89596,PAPUA PEGUNUNGAN,KAB. PEGUNUNGAN BINTANG,Oksebang,-4.73868961,140.65790317,623516728651513855,,,,,> ~5 km / none found,False,7942.4827741954905,7942.4827741954905,7.94
93287,PAPUA PEGUNUNGAN,KAB. NDUGA,Iniye,-4.31389409,138.58216837,623511847207075839,,,,,> ~5 km / none found,False,7940.8575344524115,7940.8575344524115,7.94
83513,MALUKU,KAB. SERAM BAGIAN TIMUR,Pulau Panjang,-4.01933022,131.229727,623514514150752255,,,,,> ~5 km / none found,False,7938.13924997604,7938.13924997604,7.94
87520,PAPUA BARAT DAYA,KAB. MAYBRAT,Aifat Timur Tengah,-1.21253417,132.61826074,623514745631801343,,,,,> ~5 km / none found,False,7935.557749068842,7935.557749068842,7.94
6279,LAMPUNG,KAB. PESISIR BARAT,Ngambur,-5.35115997,104.2419237,623961441787641855,,,,,> ~5 km / none found,False,6854.16003322865,7935.375671688314,7.94
84510,SUMATERA UTARA,KAB. NIAS SELATAN,Pulau-Pulau Batu Utara,-0.02135237,98.37706978,623974649067667455,,,,,> ~5 km / none found,False,7933.841442408772,7933.841442408772,7.93
59870,SULAWESI SELATAN,KAB. LUWU TIMUR,Towuti,-2.74052157,121.4231461,624121096055619583,,,,,> ~5 km / none found,False,7009.331800541979,7933.782612354429,7.93
88572,MALUKU UTARA,KAB. HALMAHERA SELATAN,Obi Selatan,-1.61233237,127.71586744,624124662398681087,10.0,,1.32,,> ~5 km / none found,True,1253.4660836659698,7933.188133902967,7.93
15145,SULAWESI TENGAH,KAB. PARIGI MOUTONG,Moutong,0.56723239,121.1967877,623340983459479551,,,,,> ~5 km / none found,False,6885.937157781491,7930.131018984531,7.93
92992,PAPUA PEGUNUNGAN,KAB. NDUGA,Mugi,-4.551452,138.733175,623511817018376191,,,,,> ~5 km / none found,False,7760.717281620931,7929.24148769944,7.93
90735,PAPUA TENGAH,KAB. PANIAI,Topiyai,-3.81149676,136.63054487,623512067648880639,,,,,> ~5 km / none found,False,7928.318788685566,7928.318788685566,7.93
93920,PAPUA PEGUNUNGAN,KAB. TOLIKARA,Telenggeme,-3.56077385,138.2712588,623511609188843519,,,,,> ~5 km / none found,False,7927.924303251929,7927.924303251929,7.93
94113,PAPUA SELATAN,KAB. MERAUKE,Ulilin,-1.2067761,134.06612623,623513404848537599,,,,,> ~5 km / none found,False,6581.765996179985,7923.386701382881,7.92
54152,PAPUA BARAT,KAB. MANOKWARI,Tanah Rubuh,-1.2067761,134.06612623,623513404848537599,,,,,> ~5 km / none found,False,6581.765996179985,7923.386701382881,7.92
10486,SULAWESI TENGGARA,KAB. KOLAKA UTARA,Ngapa,-3.34213024,121.101547,624120787980910591,3.0,,0.396,,> ~5 km / none found,True,439.8955998166438,7921.724630792738,7.92
90367,PAPUA BARAT,KAB. KAIMANA,Teluk Arguni Atas,-2.94346663,133.80410293,623511500803342335,,,,,> ~5 km / none found,False,6622.2262043546925,7920.013871455773,7.92
93438,PAPUA PEGUNUNGAN,KAB. TOLIKARA,Gundagi,-3.44903482,138.33187637,623511649273413631,,,,,> ~5 km / none found,False,7919.357308676367,7919.357308676367,7.92
63770,KALIMANTAN TENGAH,KAB. KAPUAS,Mandau Talawang,-0.62963167,114.0054369,623335325613883391,13.0,,1.716,,> ~5 km / none found,True,1589.7610990512057,7914.299439912483,7.91
91181,PAPUA PEGUNUNGAN,KAB. YALIMO,Abenaho,-3.91469449,139.19887367,623511705484754943,,,,,> ~5 km / none found,False,7913.084356244272,7913.084356244272,7.91
82175,KALIMANTAN BARAT,KAB. KAPUAS HULU,Putussibau Selatan,0.81970866,113.7659738,623335428680220671,,,,,> ~5 km / none found,False,7912.6750151416845,7912.6750151416845,7.91
54961,JAMBI,KAB. TEBO,Muara Tabir,-1.81393163,102.5855547,623974245333270527,,,,,> ~5 km / none found,False,4975.924112079535,7911.739620776113,7.91
29953,MALUKU,KAB. KEPULAUAN ARU,Aru Selatan Utara,-6.2454303,134.1461455,623512373051195391,,,,,> ~5 km / none found,False,7911.263823928184,7911.263823928184,7.91
74268,PAPUA TENGAH,KAB. PUNCAK,Lambewi,-3.94204459,137.9394414,623511626649894911,,,,,> ~5 km / none found,False,7905.276792747935,7905.276792747935,7.91
14874,KALIMANTAN TIMUR,KAB. KUTAI KARTANEGARA,Tabang,0.71105376,115.6630236,623335253561671679,,,,,> ~5 km / none found,False,7191.825847878349,7904.281355037819,7.9
66970,KALIMANTAN TIMUR,KAB. KUTAI TIMUR,Rantau Pulung,0.55440847,117.1920479,623335967715131391,23.0,,3.036,,> ~5 km / none found,True,2889.9286598540198,7903.747813782392,7.9
88987,PAPUA TENGAH,KAB. PANIAI,Aweida,-3.67870066,136.55501206,623512073138175999,38.0,,5.016,,> ~5 km / none found,True,5344.903750459159,7901.689829557731,7.9
27099,PAPUA,KAB. KEPULAUAN YAPEN,Poom,-1.6509193,135.7461827,623511441061216255,,,,,> ~5 km / none found,False,7899.025562727589,7899.025562727589,7.9
79761,MALUKU,KAB. MALUKU BARAT DAYA,Damer,-7.14441068,128.5822922,624124044728795135,,,,,> ~5 km / none found,False,6778.515546362265,7898.94582174693,7.9
59114,KALIMANTAN TENGAH,KAB. KOTAWARINGIN TIMUR,Telawang,-2.33732712,112.5288042,623336652463276031,37.0,,4.884,,> ~5 km / none found,True,4152.546351856831,7888.95612281449,7.89
91094,PAPUA PEGUNUNGAN,KAB. JAYAWIJAYA,Trikora,-4.21782229,138.71788606,623511844666146815,,,,,> ~5 km / none found,False,7885.137195179322,7885.137195179322,7.89
29666,SULAWESI TENGAH,KAB. POSO,Poso Pesisir Utara,-1.26630018,120.4944244,623340894472994815,,,,,> ~5 km / none found,False,7444.017096194496,7883.176598332791,7.88
33335,MALUKU,KAB. KEPULAUAN ARU,Aru Selatan Utara,-6.47113967,134.3885979,623512369591189503,,,,,> ~5 km / none found,False,7876.627959709246,7876.627959709246,7.88
11472,SULAWESI TENGGARA,KAB. KOLAKA,Iwoimendaa,-3.72762351,121.2015066,624120753488953343,,,,,> ~5 km / none found,False,6193.016583565117,7875.971423345652,7.88
9767,MALUKU,KAB. SERAM BAGIAN TIMUR,Bula,-3.14738329,130.4142461,623514789188272127,,,,,> ~5 km / none found,False,7875.497628045578,7875.497628045578,7.88
27046,SULAWESI TENGGARA,KAB. KOLAKA UTARA,Katoi,-3.4795347,120.9948363,624120754552930303,,,,,> ~5 km / none found,False,5641.464574833699,7873.418800301272,7.87
41342,KALIMANTAN TENGAH,KAB. KOTAWARINGIN TIMUR,Telaga Antang,-1.42822059,112.3803023,623336508659367935,,,,,> ~5 km / none found,False,7183.142230478125,7871.834230199405,7.87
82518,SULAWESI TENGAH,KAB. MOROWALI,Menui Kepulauan,-3.21965711,122.4161034,624120804640718847,,,,,> ~5 km / none found,False,5730.043813903574,7871.049589250483,7.87
66132,MALUKU,KAB. BURU,Air Buaya,-3.26867573,126.4873285,624122706933121023,,,,,> ~5 km / none found,False,7870.047322881763,7870.047322881763,7.87
93871,PAPUA PEGUNUNGAN,KAB. NDUGA,Paro,-4.43774888,138.18652741,623511785598320639,,,,,> ~5 km / none found,False,7868.275119691279,7868.275119691279,7.87
68274,JAMBI,KOTA SUNGAI PENUH,Kumun Debai,-2.17159612,101.3251625,623974315165712383,,,,,> ~5 km / none found,False,6651.708524028481,7867.929950557369,7.87
77054,PAPUA BARAT,KAB. TELUK BINTUNI,Biscoop,-1.81335554,133.5915639,623513422605746175,,,,,> ~5 km / none found,False,7859.060910772768,7859.060910772768,7.86
21679,KALIMANTAN TENGAH,KAB. MURUNG RAYA,Laung Tuhup,-0.21908965,114.6204224,623335317285797887,7.0,,0.924,,> ~5 km / none found,True,876.737190005925,7858.807207635446,7.86
93799,PAPUA PEGUNUNGAN,KAB. NDUGA,Moba,-4.56970267,138.76663355,623511816958574591,,,,,> ~5 km / none found,False,7858.250737013627,7858.250737013627,7.86
80564,SULAWESI UTARA,KAB. BOLAANG MONGONDOW SELATAN,Pinolosian,0.51079951,124.1435119,623340521643606015,29.0,,3.828,,> ~5 km / none found,True,3685.398590211142,7856.012052660101,7.86
11347,SULAWESI UTARA,KAB. BOLAANG MONGONDOW SELATAN,Pinolosian,0.52954719,124.1596305,623340521620963327,,,,,> ~5 km / none found,False,6392.844592884006,7855.8125602712535,7.86
89555,PAPUA PEGUNUNGAN,KAB. TOLIKARA,Wari/Taiyeve II,-3.34405936,138.62216799,623511647901286399,,,,,> ~5 km / none found,False,7852.607500327336,7852.607500327336,7.85
77866,PAPUA BARAT,KAB. TELUK BINTUNI,Aroba,-2.58777328,133.3231567,623514424595349503,,,,,> ~5 km / none found,False,7849.41109257421,7849.41109257421,7.85
89531,PAPUA TENGAH,KAB. PUNCAK JAYA,Fawi,-3.14980052,137.70263888,623511905434959871,,,,,> ~5 km / none found,False,7849.3313513011435,7849.3313513011435,7.85
80830,JAMBI,KAB. KERINCI,Bukit Kerman,-2.30141914,101.448272,623974347384979455,30.0,,3.96,,> ~5 km / none found,True,3764.3249609830746,7848.693967345347,7.85
11827,SULAWESI UTARA,KAB. BOLAANG MONGONDOW SELATAN,Tomini,0.39848289,123.6947675,623341566760681471,,,,,> ~5 km / none found,False,7354.683868369863,7848.587667483434,7.85
93605,PAPUA,KAB. SARMI,Pantai Barat,-1.87042847,138.44455167,623519187210993663,32.0,,4.224,,> ~5 km / none found,True,3978.9458818125804,7844.484066309234,7.84
88274,PAPUA BARAT DAYA,KAB. TAMBRAUW,Ases,-0.86284916,132.380974,623513689127550975,,,,,> ~5 km / none found,False,6220.956412065904,7843.714901048692,7.84
75919,ACEH,KAB. ACEH JAYA,Jaya,5.17250996,95.50612723,623279318999728127,35.0,,4.62,,> ~5 km / none found,True,4645.102168895772,7842.833430241644,7.84
70571,SULAWESI TENGAH,KAB. SIGI,Sigi Biromaru,-0.93656001,120.0319019,623340649588031487,,,,,> ~5 km / none found,False,5680.540354496572,7842.554946447663,7.84
76825,SUMATERA BARAT,KOTA PADANG,Pauh,-0.82101376,100.5183276,623974202188365823,,,,,> ~5 km / none found,False,6510.742686743381,7837.1096376706855,7.84
55736,MALUKU,KAB. MALUKU BARAT DAYA,Wetar Selatan,-7.85900074,126.2884658,624123714936864767,,,,,> ~5 km / none found,False,6197.609627635705,7834.684351674971,7.83
86224,PAPUA TENGAH,KAB. MIMIKA,Mimika Tengah,-4.7811696,136.68880919,623513052343631871,,,,,> ~5 km / none found,False,7833.066597020607,7833.066597020607,7.83
77837,MALUKU,KAB. BURU SELATAN,Kepala Madan,-3.31441541,126.0824013,624122714303889407,,,,,> ~5 km / none found,False,7832.526635238152,7832.526635238152,7.83
91545,PAPUA TENGAH,KAB. PUNCAK JAYA,Kiyage,-3.52548431,138.09434754,623511608654921727,,,,,> ~5 km / none found,False,7829.144166338847,7829.144166338847,7.83
72252,PAPUA BARAT DAYA,KAB. SORONG,Segun,-1.42094943,131.2362815,623514664943386623,,,,,> ~5 km / none found,False,7826.408883420144,7826.408883420144,7.83
85831,MALUKU UTARA,KAB. HALMAHERA SELATAN,Kasiruta Timur,-0.28317784,127.2000533,623529938387369983,24.0,,3.168,,> ~5 km / none found,True,2959.636203980139,7825.2557591734485,7.83
87171,ACEH,KAB. ACEH JAYA,Indra Jaya,5.03976175,95.45278664,623279086018297855,37.0,,4.884,,> ~5 km / none found,True,5366.3116479098335,7822.7556399978475,7.82
87586,PAPUA BARAT DAYA,KAB. SORONG,Beraur,-1.35138839,131.65136282,623514672222896127,,,,,> ~5 km / none found,False,7818.797132723692,7818.797132723692,7.82
64194,MALUKU,KAB. KEPULAUAN TANIMBAR,Kormomolin,-7.62249042,131.5103073,624107035724447743,,,,,> ~5 km / none found,False,6833.898411828016,7817.148788330257,7.82
75095,PAPUA TENGAH,KAB. NABIRE,Wapoga,-2.7871994,135.9993669,623511159432216575,,,,,> ~5 km / none found,False,7815.179943798793,7815.179943798793,7.82
30816,PAPUA,KAB. KEPULAUAN YAPEN,Yapen Utara,-1.74862829,136.51874809,623513944464162815,,,,,> ~5 km / none found,False,7810.022826358382,7810.022826358382,7.81
34288,SULAWESI TENGAH,KAB. POSO,Lore Tengah,-1.5802941,120.1852137,623340782673559551,,,,,> ~5 km / none found,False,6970.637279912065,7809.499479715366,7.81
90747,PAPUA BARAT,KAB. PEGUNUNGAN ARFAK,Testega,-1.34883939,133.51673077,623513391249817599,,,,,> ~5 km / none found,False,7808.725118138554,7808.725118138554,7.81
90564,PAPUA PEGUNUNGAN,KAB. YAHUKIMO,Sela,-4.70066908,139.72055848,623516981015052287,,,,,> ~5 km / none found,False,7798.794466602334,7798.794466602334,7.8
36180,KALIMANTAN BARAT,KAB. KETAPANG,Matan Hilir Utara,-1.54174542,110.122742,623971775776063487,,,,,> ~5 km / none found,False,7798.669155373345,7798.669155373345,7.8
65551,JAMBI,KAB. KERINCI,Air Hangat Timur,-1.99207045,101.5361033,623974316240895999,,,,,> ~5 km / none found,False,6824.331201512806,7798.474432066033,7.8
28895,KALIMANTAN TIMUR,KAB. MAHAKAM ULU,Long Pahangai,1.0418406,114.7223568,623335500114264063,36.0,,4.752,,> ~5 km / none found,True,4573.459911982645,7796.7428068826775,7.8
15445,ACEH,KAB. ACEH TENGAH,Ketol,4.89790474,96.59736901,623279484281683967,35.0,,4.62,,> ~5 km / none found,True,5073.980025173279,7790.739123811188,7.79
18110,SULAWESI TENGGARA,KAB. BUTON SELATAN,Siompu,-5.6801926,122.3927111,624118569783558143,,,,,> ~5 km / none found,False,7787.89630465417,7787.89630465417,7.79
55259,SUMATERA UTARA,KAB. PADANG LAWAS,Sosopan,1.24651362,99.58405617,623276435016056831,,,,,> ~5 km / none found,False,7517.3288769645515,7787.115351385746,7.79
83088,PAPUA TENGAH,KAB. PUNCAK,Mabugi,-3.84876285,137.6245229,623512026372341759,,,,,> ~5 km / none found,False,7785.181935745639,7785.181935745639,7.79
12786,KALIMANTAN TENGAH,KAB. SUKAMARA,Jelai,-2.90601202,110.9266534,623972073757704191,,,,,> ~5 km / none found,False,7783.525868223665,7783.525868223665,7.78
11018,SUMATERA UTARA,KAB. TAPANULI SELATAN,Batang Toru,1.59548636,99.11523347,623276395565842431,,,,,> ~5 km / none found,False,7158.741403384492,7780.16110619785,7.78
30449,MALUKU UTARA,KAB. PULAU MOROTAI,Morotai Selatan Barat,2.2167788,128.3644869,623530139447590911,,,,,> ~5 km / none found,False,6984.627394001997,7778.844546263545,7.78
7571,SULAWESI TENGAH,KAB. TOJO UNA UNA,Tojo,-1.18978841,121.3446014,623340882009653247,,,,,> ~5 km / none found,False,7776.497768696514,7776.497768696514,7.78
42651,KALIMANTAN TIMUR,KAB. MAHAKAM ULU,Long Pahangai,0.93798321,114.6416222,623335419182874623,27.0,,3.564,,> ~5 km / none found,True,3642.2475008523265,7774.302254777152,7.77
88036,SULAWESI UTARA,KAB. KEPULAUAN SANGIHE,Tatoareng,3.18189676,125.5133485,623532374852534271,,,,,> ~5 km / none found,False,7774.074982173952,7774.074982173952,7.77
11540,SULAWESI BARAT,KAB. MAMASA,Tabulahan,-2.74083885,119.3317149,624120275507183615,,,,,> ~5 km / none found,False,7771.704067735852,7771.704067735852,7.77
17357,KALIMANTAN TENGAH,KAB. MURUNG RAYA,Sungai Babuat,-0.4775887,114.3772805,623335306110074879,,,,,> ~5 km / none found,False,7770.764376271408,7770.764376271408,7.77
64485,ACEH,KAB. ACEH SELATAN,Kota Bahagia,3.05407241,97.58382345,623281415954300927,,,,,> ~5 km / none found,False,7616.872865728462,7769.947784602038,7.77
15408,SULAWESI BARAT,KAB. MAMUJU,Bonehau,-2.67739506,119.3008077,624120307089244159,,,,,> ~5 km / none found,False,7769.435915158581,7769.435915158581,7.77
30340,MALUKU,KAB. KEPULAUAN ARU,Aru Tengah,-6.09397656,134.3913921,623513173990211583,,,,,> ~5 km / none found,False,7769.412963629852,7769.412963629852,7.77
38138,PAPUA BARAT,KAB. MANOKWARI SELATAN,Oransbari,-1.35687815,134.1370517,623513400646926335,,,,,> ~5 km / none found,False,7224.0441150968,7769.283334585616,7.77
93520,PAPUA PEGUNUNGAN,KAB. JAYAWIJAYA,Welesi,-4.2271982,138.91177078,623511860067598335,,,,,> ~5 km / none found,False,7769.127836243779,7769.127836243779,7.77
23648,KALIMANTAN SELATAN,KAB. HULU SUNGAI UTARA,Amuntai Selatan,-2.34498698,115.1671698,623337240080547839,,,,,> ~5 km / none found,False,7769.098759549921,7769.098759549921,7.77
40160,MALUKU,KAB. KEPULAUAN ARU,Aru Selatan,-6.46390049,134.247508,623512369002283007,,,,,> ~5 km / none found,False,7735.005117178864,7768.096371384248,7.77
46954,BENGKULU,KAB. MUKOMUKO,V Koto,-2.39343322,101.3299114,623974344648523775,22.0,,2.904,,> ~5 km / none found,True,2780.4786923438737,7767.24689240795,7.77
61046,ACEH,KAB. ACEH SELATAN,Samadua,3.3692768,97.2238402,623281421980598271,,,,,> ~5 km / none found,False,7767.043617908814,7767.043617908814,7.77
8770,ACEH,KAB. BENER MERIAH,Syiah Utama,4.68903064,97.28182114,623279526662307839,,,,,> ~5 km / none found,False,5934.15236155627,7760.909546260801,7.76
90701,PAPUA PEGUNUNGAN,KAB. PEGUNUNGAN BINTANG,Pepera,-4.89596315,140.7952184,623516724725186559,,,,,> ~5 km / none found,False,7758.969589253923,7758.969589253923,7.76
28186,KALIMANTAN SELATAN,KAB. HULU SUNGAI UTARA,Danau Panggang,-2.49458231,115.0405585,623337195167580159,,,,,> ~5 km / none found,False,7758.382528301343,7758.382528301343,7.76
63529,NUSA TENGGARA BARAT,KAB. SUMBAWA,Lunyuk,-9.01032503,117.3098802,624119240816099327,,,,,> ~5 km / none found,False,7757.462089260131,7757.462089260131,7.76
88770,PAPUA,KAB. JAYAPURA,Raveni Rara,-2.48175995,140.60883344,623518974549327871,,,,,> ~5 km / none found,False,7734.0123165485265,7734.0123165485265,7.73
91244,PAPUA BARAT DAYA,KAB. SORONG SELATAN,Matemani,-2.00179059,132.22850042,623514717242654719,,,,,> ~5 km / none found,False,5998.229035477129,7733.029270437653,7.73
1987,SUMATERA SELATAN,KAB. MUSI RAWAS,STL Ulu Terawas,-3.05920536,102.6468594,623976331122278399,,,,,> ~5 km / none found,False,7730.863594108595,7730.863594108595,7.73
91580,PAPUA PEGUNUNGAN,KAB. YAHUKIMO,Sumo,-4.68030928,139.34537177,623511818882121727,,,,,> ~5 km / none found,False,7721.228584955268,7721.228584955268,7.72
92377,PAPUA SELATAN,KAB. MAPPI,Ti  Zain,-5.4676176,139.68915349,624256111354445823,,,,,> ~5 km / none found,False,7517.505081915456,7712.12045557706,7.71
89087,PAPUA BARAT DAYA,KAB. SORONG SELATAN,Kokoda,-2.14323309,132.43840468,623514400877805567,,,,,> ~5 km / none found,False,7711.552927823482,7711.552927823482,7.71
81843,JAMBI,KAB. BATANG HARI,Maro Sebo Ulu,-1.77148315,102.8214485,623969079748100095,2.0,,0.264,,> ~5 km / none found,True,167.30727224020652,7709.141989175584,7.71
57134,KALIMANTAN UTARA,KAB. BULUNGAN,Tanjung Palas Utara,3.03509276,117.1197774,623338001705107455,,,,,> ~5 km / none found,False,7707.6392413543235,7707.6392413543235,7.71
78234,KALIMANTAN BARAT,KAB. KAPUAS HULU,Bunut Hulu,0.40248286,112.5694362,623338442419470335,,,,,> ~5 km / none found,False,4561.7308359370945,7705.190969349791,7.71
23888,SULAWESI TENGGARA,KAB. KONAWE UTARA,Lasolo,-3.71013902,122.1324974,624120987386183679,,,,,> ~5 km / none found,False,6986.25587852361,7700.62656917256,7.7
39945,PAPUA BARAT,KAB. MANOKWARI,Sidey,-0.96811991,133.61392332,623513426191646719,,,,,> ~5 km / none found,False,7700.543180642035,7700.543180642035,7.7
26780,SULAWESI TENGAH,KAB. TOJO UNA UNA,Tojo Barat,-1.53571399,121.0146637,623340838028279807,,,,,> ~5 km / none found,False,7195.153456102596,7696.825694672105,7.7
90793,PAPUA BARAT DAYA,KAB. TAMBRAUW,Tobouw,-0.37994318,132.57541238,623513718310993919,,,,,> ~5 km / none found,False,7693.779006243922,7693.779006243922,7.69
78159,SULAWESI TENGGARA,KAB. KOLAKA UTARA,Pakue,-3.27790594,121.1324368,624120740402298879,,,,,> ~5 km / none found,False,6933.026239449152,7693.025468994489,7.69
30404,SUMATERA UTARA,KAB. TAPANULI SELATAN,Sayur Matinggi,1.15709815,99.3011976,623276429537214463,30.0,,3.96,,> ~5 km / none found,True,3808.0276804530254,7692.047142607549,7.69
81291,MALUKU,KAB. MALUKU BARAT DAYA,Pulau-pulau Babar Timur,-7.93508882,129.7616016,624107456973537279,,,,,> ~5 km / none found,False,7690.50706232006,7690.50706232006,7.69
55134,MALUKU,KAB. KEPULAUAN TANIMBAR,Kormomolin,-7.64443648,131.4988569,624107002689847295,,,,,> ~5 km / none found,False,6873.525056360046,7685.773236835204,7.69
20553,KALIMANTAN BARAT,KAB. KETAPANG,Manis Mata,-2.73447898,111.0734876,623972030343774207,18.0,,2.376,,> ~5 km / none found,True,2152.7317277389247,7685.771685147018,7.69
84342,PAPUA,KAB. BIAK NUMFOR,Swandiwe,-0.79723947,135.81632651,623514220052512767,,,,,> ~5 km / none found,False,7685.057316032103,7685.057316032103,7.69
84803,PAPUA TENGAH,KAB. PUNCAK,Sinak Barat,-3.82853018,137.7585922,623511625667051519,,,,,> ~5 km / none found,False,7684.246900702149,7684.246900702149,7.68
44710,SUMATERA BARAT,KAB. PESISIR SELATAN,Airpura,-1.97249294,101.0680208,623974322447024127,27.0,,3.564,,> ~5 km / none found,True,3525.666221262756,7684.07839563283,7.68
73497,KALIMANTAN TIMUR,KAB. KUTAI TIMUR,Karangan,1.15608338,117.5076032,623336077468794879,,,,,> ~5 km / none found,False,7684.019276972075,7684.019276972075,7.68
82115,MALUKU UTARA,KAB. HALMAHERA SELATAN,Obi Timur,-1.66297467,128.0500858,624125427242729471,30.0,,3.96,,> ~5 km / none found,True,4268.681852052748,7677.018015377298,7.68
41148,RIAU,KAB. INDRAGIRI HILIR,Mandah,-0.09963647,103.5485688,623969234551209983,,,,,> ~5 km / none found,False,7676.182216144586,7676.182216144586,7.68
8147,KALIMANTAN TIMUR,KAB. KUTAI KARTANEGARA,Muara Muntai,-0.45835896,116.27949444,623336111853305855,,,,,> ~5 km / none found,False,7680.947099488428,7673.247490903131,7.67
86094,MALUKU UTARA,KAB. HALMAHERA SELATAN,Kasiruta Barat,-0.2478689,127.0664693,623529934900985855,,,,,> ~5 km / none found,False,7672.621239182605,7672.621239182605,7.67
82457,MALUKU,KAB. MALUKU TENGAH,Tehoru,-3.19943384,129.559195,624125360331128831,,,,,> ~5 km / none found,False,7670.34966866872,7670.34966866872,7.67
42473,SUMATERA UTARA,KAB. MANDAILING NATAL,Panyabungan,0.90968328,99.67399175,623276680377335807,,,,,> ~5 km / none found,False,7669.918438794118,7669.918438794118,7.67
34426,MALUKU,KAB. SERAM BAGIAN TIMUR,Bula Barat,-3.16046208,130.317425,624125349811552255,,,,,> ~5 km / none found,False,7668.257759146596,7668.257759146596,7.67
8716,SULAWESI BARAT,KAB. MAMUJU TENGAH,Karossa,-1.81470177,119.5447609,623340791260315647,,,,,> ~5 km / none found,False,7667.063638276805,7667.063638276805,7.67
91041,PAPUA BARAT,KAB. PEGUNUNGAN ARFAK,Minyambaouw,-1.10585445,133.79502705,623513435986100223,,,,,> ~5 km / none found,False,7190.721151396229,7665.208423384403,7.67
75239,JAMBI,KAB. KERINCI,Gunung Raya,-2.36203492,101.5372314,623974344123416575,,,,,> ~5 km / none found,False,6941.260358381299,7664.656282110037,7.66
21194,KALIMANTAN TENGAH,KAB. PULANG PISAU,Kahayan Tengah,-2.1191714,114.0392888,623336318810783743,29.0,,3.828,,> ~5 km / none found,True,3301.636914403133,7664.314363085049,7.66
68124,ACEH,KAB. NAGAN RAYA,Seunagan Timur,4.39165722,96.41473558,623279513469943807,,,,,> ~5 km / none found,False,7663.026425848885,7663.026425848885,7.66
88634,PAPUA BARAT DAYA,KAB. TAMBRAUW,Yembun,-0.83815612,132.32331832,623513689685295103,,,,,> ~5 km / none found,False,7661.793794799448,7661.793794799448,7.66
43415,SUMATERA UTARA,KAB. SAMOSIR,Sianjar Mula Mula,2.71325373,98.61413811,623274488981323775,,,,,> ~5 km / none found,False,7317.250408040738,7659.79228483134,7.66
89936,PAPUA TENGAH,KAB. PANIAI,Siriwo,-3.72080439,136.30530784,623511304559165439,,,,,> ~5 km / none found,False,7658.454751880297,7658.454751880297,7.66
26700,SULAWESI TENGGARA,KAB. BUTON,Kapontori,-5.31597967,122.8789908,624118907879981055,,,,,> ~5 km / none found,False,7479.9241754435025,7656.082371829176,7.66
79264,PAPUA,KAB. JAYAPURA,Kemtuk Gresi,-2.7363624,140.29033772,623516866854158335,,,,,> ~5 km / none found,False,7655.564475724189,7655.564475724189,7.66
87523,PAPUA BARAT DAYA,KAB. RAJA AMPAT,Salawati Tengah,-1.13616475,131.03933891,623514666732158975,27.0,,3.564,,> ~5 km / none found,True,3818.5913007719987,7655.177394108836,7.66
92118,PAPUA PEGUNUNGAN,KAB. YAHUKIMO,Dekai,-1.13616475,131.0393389,623514666732158975,27.0,,3.564,,> ~5 km / none found,True,3818.590736329294,7655.176905476317,7.66
70769,SULAWESI TENGAH,KAB. MOROWALI,Bahodopi,-2.99477084,122.1191346,624120855301881855,,,,,> ~5 km / none found,False,7652.599401582281,7652.599401582281,7.65
88756,PAPUA TENGAH,KAB. PANIAI,Teluk Deya,-3.74891226,136.28786762,623511304476721151,,,,,> ~5 km / none found,False,6360.497204786097,7650.296757199403,7.65
93061,PAPUA BARAT DAYA,KAB. RAJA AMPAT,Misool Timur,-1.86796513,130.34934012,624125201628233727,,,,,> ~5 km / none found,False,7650.023005554529,7650.023005554529,7.65
45192,SULAWESI TENGAH,KAB. PARIGI MOUTONG,Taopa,0.57037331,121.0772087,623340987402813439,,,,,> ~5 km / none found,False,7559.527835277413,7647.167806245591,7.65
75634,KALIMANTAN TENGAH,KAB. KATINGAN,Katingan Hulu,-1.20658571,112.1510562,623336559888596991,,,,,> ~5 km / none found,False,6073.331551513388,7646.230495388965,7.65
84162,KALIMANTAN UTARA,KAB. BULUNGAN,Sekatak,3.1086241,116.7682046,623337924310892543,,,,,> ~5 km / none found,False,7641.985386627249,7641.985386627249,7.64
25944,KALIMANTAN BARAT,KAB. SINTANG,Ketungau Hulu,0.98874367,111.0327061,623338722957590527,,,,,> ~5 km / none found,False,5610.309410137616,7636.8788690119,7.64
74299,KALIMANTAN TENGAH,KAB. BARITO UTARA,Lahei,-0.65559494,115.2111709,623335359673663487,,,,,> ~5 km / none found,False,7633.862907538851,7633.862907538851,7.63
3355,SUMATERA SELATAN,KAB. OGAN KOMERING ILIR,Cengal,-3.60168242,105.796886,623971220136329215,,,,,> ~5 km / none found,False,5322.991372021271,7633.8382603797845,7.63
66351,LAMPUNG,KAB. PESAWARAN,Punduh Pidada,-5.82411216,105.2681754,623961733440602111,,,,,> ~5 km / none found,False,7629.682481280917,7629.682481280917,7.63
40547,KALIMANTAN SELATAN,KAB. BANJAR,Aranio,-3.5909618,114.9978281,623987336142356479,8.0,,1.056,,> ~5 km / none found,True,1042.1109121679965,7625.318603910438,7.63
36308,SUMATERA UTARA,KAB. TAPANULI UTARA,Purbatua,1.69535967,99.00761002,623276409553190911,14.0,,1.848,,> ~5 km / none found,True,1810.7586953327454,7622.398636340755,7.62
85231,KALIMANTAN TENGAH,KAB. BARITO SELATAN,Gn. Bintang Awai,-1.32285207,115.3571475,623337101531381759,,,,,> ~5 km / none found,False,6766.378133567158,7621.593990481121,7.62
26752,SULAWESI SELATAN,KAB. TANA TORAJA,Masanda,-2.85327082,119.6261453,624120282219937791,,,,,> ~5 km / none found,False,7620.588935663165,7620.588935663165,7.62
54706,JAMBI,KAB. TANJUNG JABUNG BARAT,Renah Mendaluh,-1.21982675,102.7606219,623974397781278719,31.0,,4.092,,> ~5 km / none found,True,4108.272883446881,7618.100038254537,7.62
69504,MALUKU UTARA,KAB. HALMAHERA TENGAH,Weda Utara,0.53775839,128.1124645,623529777538367487,30.0,,3.96,,> ~5 km / none found,True,4061.470853063718,7616.134675186103,7.62
86544,PAPUA TENGAH,KAB. PANIAI,Wegee Muka,-3.9113132,136.5543676,623512071632814079,,,,,> ~5 km / none found,False,6826.545552158134,7615.8033088752145,7.62
79827,KALIMANTAN UTARA,KAB. NUNUKAN,Lumbis Ogong,3.93869845,116.4496255,623338280458747903,,,,,> ~5 km / none found,False,7283.259439254272,7608.917382312221,7.61
57062,SULAWESI TENGAH,KAB. PARIGI MOUTONG,Palasa,0.58905662,120.3951704,623341026073804799,31.0,,4.092,,> ~5 km / none found,True,4016.9313078150876,7605.614657363543,7.61
7760,SULAWESI TENGGARA,KAB. KOLAKA,Iwoimendaa,-3.7236893,121.2301729,624120753693458431,,,,,> ~5 km / none found,False,7526.794125971605,7603.613427772004,7.6
7205,SUMATERA SELATAN,KAB. MUSI RAWAS UTARA,Rupit,-2.73415904,102.7883488,623976299873501183,,,,,> ~5 km / none found,False,7380.14950196847,7602.758245491395,7.6
17155,KALIMANTAN UTARA,KAB. NUNUKAN,Krayan Tengah,3.57066859,115.901506,623338161485611007,,,,,> ~5 km / none found,False,7601.121316110176,7601.121316110176,7.6
30349,SULAWESI TENGAH,KAB. POSO,Poso Pesisir Utara,-1.21186167,120.4847378,623340891864760319,,,,,> ~5 km / none found,False,6336.000575406716,7600.155755195968,7.6
85961,PAPUA BARAT DAYA,KAB. RAJA AMPAT,Waigeo Selatan,-0.27616009,130.6002203,623530314945396735,,,,,> ~5 km / none found,False,7599.162850902403,7599.162850902403,7.6
57068,SULAWESI TENGAH,KAB. PARIGI MOUTONG,Palasa,0.54542707,120.2596405,623341025218199551,,,,,> ~5 km / none found,False,7265.205036515274,7596.385206457295,7.6
48893,PAPUA TENGAH,KAB. NABIRE,Siriwo,-3.44100721,135.9530885,623511142653951999,,,,,> ~5 km / none found,False,7592.971309610845,7592.971309610845,7.59
87373,PAPUA SELATAN,KAB. ASMAT,Fayit,-6.00705353,138.4333311,624256215046389759,,,,,> ~5 km / none found,False,7587.947186980232,7587.947186980232,7.59
85735,PAPUA TENGAH,KAB. PUNCAK,Gome Utara,-3.97394174,137.7387415,623511628012748799,,,,,> ~5 km / none found,False,7585.502386265029,7585.502386265029,7.59
93307,PAPUA SELATAN,KAB. MAPPI,Bamgi,-6.83127684,139.51415613,624256014258241535,,,,,> ~5 km / none found,False,7582.3383987701245,7582.3383987701245,7.58
90946,PAPUA BARAT,KAB. MANOKWARI SELATAN,Dataran Isim,-1.55326737,133.72879227,623513394024251391,,,,,> ~5 km / none found,False,7581.54862817287,7581.54862817287,7.58
93976,PAPUA PEGUNUNGAN,KAB. TOLIKARA,Egiam,-3.50367834,138.55924564,623511650304131071,,,,,> ~5 km / none found,False,7575.728233418947,7575.728233418947,7.58
12549,KALIMANTAN TENGAH,KAB. MURUNG RAYA,Uut Murung,0.03018203,114.2388458,623335553173487615,,,,,> ~5 km / none found,False,7575.417617516567,7575.417617516567,7.58
8706,JAWA TIMUR,KAB. PROBOLINGGO,Gading,-7.91553592,113.5892144,623986359484874751,,,,,> ~5 km / none found,False,5495.8526207341865,7575.295620286088,7.58
67561,PAPUA BARAT,KAB. FAK FAK,Fak-Fak Timur,-3.07272245,132.63351957,623514593709293567,,,,,> ~5 km / none found,False,7574.6276584901925,7574.6276584901925,7.57
84467,PAPUA TENGAH,KAB. INTAN JAYA,Sugapa,-3.80294703,136.9944512,623512016702767103,,,,,> ~5 km / none found,False,7045.084450502337,7573.99174035669,7.57
2997,KALIMANTAN TENGAH,KAB. MURUNG RAYA,Seribu Riam,-0.04437352,114.0617774,623335559843151871,,,,,> ~5 km / none found,False,7571.8262922419135,7571.8262922419135,7.57
23687,KALIMANTAN BARAT,KAB. BENGKAYANG,Jagoi Babang,1.40380251,109.6967953,623969727777832959,,,,,> ~5 km / none found,False,5970.3306017898685,7571.752987115083,7.57
81775,JAMBI,KAB. TANJUNG JABUNG TIMUR,S a d u,-1.2382506,104.3052763,623969032512798719,,,,,> ~5 km / none found,False,7571.751289031292,7571.751289031292,7.57
78730,SULAWESI TENGGARA,KAB. KOLAKA TIMUR,Uluiwoi,-3.81065361,121.6012653,624120762067910655,,,,,> ~5 km / none found,False,5540.403195470335,7567.7831785633325,7.57
9370,SULAWESI TENGGARA,KAB. KOLAKA UTARA,Porehu,-3.08827574,121.2673664,624120770962685951,19.0,,2.508,,> ~5 km / none found,True,2507.914852397704,7564.268880243582,7.56
38902,MALUKU,KAB. KEPULAUAN ARU,Pulau-Pulau Aru,-5.80154235,134.4179715,623512250784907263,22.0,,2.904,,> ~5 km / none found,True,3111.9118176097295,7559.100736446868,7.56
90715,PAPUA BARAT DAYA,KAB. SORONG,Salawati Selatan,-1.16500212,130.87304767,623530460401270783,,,,,> ~5 km / none found,False,6639.836063882168,7558.816237713449,7.56
46632,KEPULAUAN RIAU,KAB. LINGGA,Bakung Serumpun,0.11002987,104.4686364,623969167579643903,,,,,> ~5 km / none found,False,7558.3275283439425,7558.3275283439425,7.56
88783,PAPUA BARAT DAYA,KAB. SORONG,Bagun,-1.27089652,131.61753307,623514675906248703,9.0,,1.188,,> ~5 km / none found,True,1356.197337312939,7551.358511868501,7.55
6621,SUMATERA SELATAN,KAB. OGAN KOMERING ULU,Lengkiti,-4.31322177,104.1752562,623971276845678591,,,,,> ~5 km / none found,False,5325.6057812420595,7551.284050352568,7.55
86050,MALUKU UTARA,KAB. HALMAHERA SELATAN,Obi Selatan,-1.62479078,127.6824342,624124662187261951,12.0,,1.584,,> ~5 km / none found,True,1512.514250223492,7549.374810360602,7.55
45081,PAPUA TENGAH,KAB. MIMIKA,Amar,-4.52518711,136.1113712,623511289767362559,,,,,> ~5 km / none found,False,7549.173480611875,7549.173480611875,7.55
65545,RIAU,KAB. KUANTAN SINGINGI,Singingi,-0.4267521,101.1921838,623974212646043647,,,,,> ~5 km / none found,False,6408.159394849081,7546.104442358637,7.55
83957,KALIMANTAN BARAT,KAB. KAPUAS HULU,Badau,0.9266586,112.0208323,623338466307112959,,,,,> ~5 km / none found,False,6932.24227091599,7545.854677600878,7.55
76846,MALUKU UTARA,KAB. HALMAHERA SELATAN,Kayoa,-0.01565799,127.1760921,623529940482031615,,,,,> ~5 km / none found,False,7544.1107118418695,7544.1107118418695,7.54
59669,PAPUA,KAB. KEEROM,Senggi,-3.30326544,140.6023688,623516827423309823,,,,,> ~5 km / none found,False,7539.542286395168,7539.542286395168,7.54
39237,SULAWESI TENGAH,KAB. POSO,Poso Pesisir Selatan,-1.47648681,120.5388557,623340889469452287,,,,,> ~5 km / none found,False,6190.442768625892,7539.246471810868,7.54
48999,PAPUA BARAT,KAB. TELUK WONDAMA,Wasior,-2.71525827,134.5793982,623511358370185215,,,,,> ~5 km / none found,False,7535.603875670572,7535.603875670572,7.54
35260,MALUKU,KAB. BURU,Waeapo,-3.24598348,126.9059413,624122784497991679,33.0,,4.356,,> ~5 km / none found,True,4122.235489164187,7535.274724338162,7.54
87055,SULAWESI SELATAN,KAB. LUWU UTARA,Rampi,-2.18622239,120.25391572,624121065671393279,,,,,> ~5 km / none found,False,7039.015395301255,7533.619310528785,7.53
83925,SULAWESI TENGAH,KAB. MOROWALI UTARA,Mori Atas,-2.11762059,120.8566337,624121051251965951,,,,,> ~5 km / none found,False,5808.2852683183555,7530.912264818229,7.53
59792,MALUKU,KAB. SERAM BAGIAN TIMUR,Teluk Waru,-3.40241745,130.5559138,624123311805005823,,,,,> ~5 km / none found,False,7526.863980208879,7526.863980208879,7.53
88283,PAPUA,KAB. JAYAPURA,Raveni Rara,-2.47660579,140.54901829,623518974414028799,,,,,> ~5 km / none found,False,7546.288657887213,7521.331117812636,7.52
63783,SULAWESI TENGAH,KAB. TOJO UNA UNA,Ampana Tete,-1.05967499,121.7092528,623341643955208191,26.0,,3.432,,> ~5 km / none found,True,3310.055070316598,7519.905021757536,7.52
72447,SULAWESI TENGAH,KAB. SIGI,Pipikoro,-1.78013368,119.9550992,623340797722951679,26.0,,3.432,,> ~5 km / none found,True,3095.1227727478463,7519.718171774067,7.52
70709,SULAWESI TENGAH,KAB. SIGI,Kulawi,-1.40911234,119.9067701,623340772038639615,,,,,> ~5 km / none found,False,7518.597076530359,7518.597076530359,7.52
39116,KALIMANTAN TENGAH,KAB. KAPUAS,Mantangai,-2.40288009,114.4355425,623337249612365823,,,,,> ~5 km / none found,False,7517.621799255243,7517.621799255243,7.52
47192,PAPUA,KAB. BIAK NUMFOR,Biak Timur,-1.23990072,136.22039726,623514226049253375,,,,,> ~5 km / none found,False,7517.141662659591,7517.141662659591,7.52
12503,KALIMANTAN UTARA,KAB. MALINAU,Malinau Selatan Hilir,3.21780767,116.6018601,623338244132863999,,,,,> ~5 km / none found,False,7516.706683575446,7516.706683575446,7.52
17154,KALIMANTAN BARAT,KAB. KAPUAS HULU,Embaloh Hulu,1.20225414,112.6677739,623338803925811199,9.0,,1.188,,> ~5 km / none found,True,1302.3928764452005,7516.108846618798,7.52
25020,SULAWESI TENGAH,KAB. BANGGAI,Bualemo,-0.6844306,123.073935,623341217462255615,,,,,> ~5 km / none found,False,4663.178284806975,7504.199219197348,7.5
57267,PAPUA,KAB. KEEROM,Yaffi,-3.55582471,140.97915564,623516838414352383,,,,,> ~5 km / none found,False,7503.403511281628,7503.403511281628,7.5
25532,KALIMANTAN BARAT,KAB. SINTANG,Serawai,-0.456667,112.446111,623338658240888831,2.0,,0.264,,> ~5 km / none found,True,229.07262021403454,7502.715855346002,7.5
74648,MALUKU,KAB. SERAM BAGIAN TIMUR,Werinama,-3.47824921,130.2517118,624123316727119871,,,,,> ~5 km / none found,False,7498.744349688531,7498.744349688531,7.5
49238,RIAU,KAB. KAMPAR,Kampar Kiri Hulu,-0.23463632,101.1147912,623974208523370495,,,,,> ~5 km / none found,False,7495.904694396095,7495.904694396095,7.5
54865,JAMBI,KAB. TANJUNG JABUNG BARAT,Batang Asam,-1.17905089,102.8859519,623974397984604159,,,,,> ~5 km / none found,False,6647.248578300095,7494.311384787601,7.49
84454,PAPUA TENGAH,KAB. INTAN JAYA,Sugapa,-3.65090757,136.9126373,623512053862694911,,,,,> ~5 km / none found,False,7490.415544648693,7490.415544648693,7.49
89546,PAPUA TENGAH,KAB. PUNCAK JAYA,Tingginambut,-3.78050655,138.09635731,623511606525919231,,,,,> ~5 km / none found,False,7488.794114494454,7488.794114494454,7.49
80166,MALUKU,KAB. MALUKU BARAT DAYA,Pulau-pulau Babar Timur,-7.9464468,129.7575748,624107456977371135,,,,,> ~5 km / none found,False,7485.924770726521,7485.924770726521,7.49
13075,BENGKULU,KAB. BENGKULU SELATAN,Pino Raya,-4.19529954,102.9591582,623976184437571583,,,,,> ~5 km / none found,False,5703.356840665186,7485.560107846182,7.49
89435,PAPUA BARAT,KAB. TELUK WONDAMA,Wondiboy,-2.78965981,134.59816016,623511357756866559,,,,,> ~5 km / none found,False,7482.21710984492,7482.21710984492,7.48
90935,PAPUA BARAT,KAB. KAIMANA,Teluk Arguni Atas,-3.200297,133.85061141,623511470519418879,,,,,> ~5 km / none found,False,7481.628662558013,7481.628662558013,7.48
89789,PAPUA,KAB. SARMI,Apawer Hulu,-1.98268956,138.29937497,623511986452594687,,,,,> ~5 km / none found,False,7481.169125282041,7481.169125282041,7.48
87493,PAPUA BARAT,KAB. TELUK BINTUNI,Biscoop,-1.5402264,133.38326716,623513412911202303,,,,,> ~5 km / none found,False,7480.636777589076,7480.636777589076,7.48
76754,RIAU,KAB. SIAK,Dayun,0.65310646,102.1277664,623275865366233087,2.0,,0.264,,> ~5 km / none found,True,285.8454242030957,7478.631104713546,7.48
27169,MALUKU UTARA,KAB. PULAU MOROTAI,Morotai Timur,2.22100525,128.5177891,623530133039153151,32.0,,4.224,,> ~5 km / none found,True,4244.235918599856,7478.20788987917,7.48
27528,SULAWESI TENGAH,KAB. PARIGI MOUTONG,Parigi Selatan,-0.97080555,120.1568612,623340649984950271,,,,,> ~5 km / none found,False,5647.707329303997,7476.861849033208,7.48
68740,ACEH,KAB. NAGAN RAYA,Beutong,4.29414426,96.57328654,623279517620043775,,,,,> ~5 km / none found,False,7476.133135461587,7476.133135461587,7.48
67172,PAPUA BARAT,KAB. TELUK BINTUNI,Tembuni,-1.99591563,133.2075984,623514456597823487,,,,,> ~5 km / none found,False,7473.999682583979,7473.999682583979,7.47
24381,MALUKU UTARA,KAB. PULAU MOROTAI,Morotai Timur,2.23779449,128.5326532,623530132999634943,31.0,,4.092,,> ~5 km / none found,True,3865.2752633924842,7473.507603069324,7.47
83867,SULAWESI UTARA,KAB. MINAHASA UTARA,Wori,1.79016027,124.7940425,623340118660972543,,,,,> ~5 km / none found,False,7470.871449790498,7470.871449790498,7.47
33338,MALUKU,KAB. KEPULAUAN ARU,Aru Selatan Utara,-6.1050098,134.1581387,623512402903269375,,,,,> ~5 km / none found,False,7467.674016050428,7467.674016050428,7.47
18433,MALUKU,KAB. MALUKU BARAT DAYA,Kepulauan Roma,-7.52497079,127.3938202,624124459385520127,,,,,> ~5 km / none found,False,7464.7517454939825,7464.7517454939825,7.46
78867,PAPUA TENGAH,KAB. PUNCAK,Agandugume,-3.97223139,137.9077176,623511621508038655,,,,,> ~5 km / none found,False,7463.4346987149165,7463.4346987149165,7.46
50999,SUMATERA BARAT,KAB. SOLOK SELATAN,Sangir Jujuan,-1.41157867,101.2736615,623973993480093695,,,,,> ~5 km / none found,False,5901.095069065473,7462.366754625518,7.46
91167,PAPUA PEGUNUNGAN,KAB. PEGUNUNGAN BINTANG,Murkim,-4.01384046,140.93861628,623516588248956927,,,,,> ~5 km / none found,False,7461.528905561602,7461.528905561602,7.46
46832,KALIMANTAN TENGAH,KAB. KOTAWARINGIN TIMUR,Mentaya Hilir Utara,-2.68527742,112.8031605,623336404444971007,,,,,> ~5 km / none found,False,6919.793995958415,7460.82014453018,7.46
71383,KALIMANTAN UTARA,KAB. BULUNGAN,Tanjung Palas Timur,2.60004442,117.5680075,623337979881553919,12.0,,1.584,,> ~5 km / none found,True,1461.4481940895437,7460.747820843889,7.46
72746,SULAWESI TENGGARA,KAB. KOLAKA UTARA,Porehu,-3.02553611,121.2906263,624120770701197311,25.0,,3.3,,> ~5 km / none found,True,3263.3910938871577,7460.350568624419,7.46
40786,PAPUA,KAB. KEEROM,Waris,-3.15666883,140.7894776,623516872796831743,,,,,> ~5 km / none found,False,4894.821452375261,7451.977360299524,7.45
78506,BENGKULU,KAB. BENGKULU UTARA,Napal Putih,-3.05453693,102.0974068,623976359903789055,,,,,> ~5 km / none found,False,5828.476981649112,7445.345039367151,7.45
92685,PAPUA PEGUNUNGAN,KAB. YAHUKIMO,Ukha,-4.26166657,138.96153818,623511860014448639,,,,,> ~5 km / none found,False,5696.72453558566,7443.062073250931,7.44
4657,SULAWESI TENGAH,KAB. BANGGAI,Batui,-1.1647554,122.4179008,623341604780834815,,,,,> ~5 km / none found,False,5141.924275652569,7441.798045103344,7.44
14510,KALIMANTAN SELATAN,KAB. TANAH BUMBU,Teluk Kepayang,-3.13603532,115.4762507,623336923041464319,,,,,> ~5 km / none found,False,7188.81667220331,7438.493174122884,7.44
21246,SUMATERA UTARA,KAB. PADANG LAWAS,Ulu Barumun,1.00110368,99.62885057,623276433250615295,,,,,> ~5 km / none found,False,7433.963965512172,7433.963965512172,7.43
91264,PAPUA BARAT,KAB. TELUK WONDAMA,Rumberpon,-1.78341665,134.18203074,623511363670638591,,,,,> ~5 km / none found,False,7430.433992546056,7430.433992546056,7.43
91263,PAPUA BARAT,KAB. TELUK WONDAMA,Rumberpon,-1.78341665,134.18203074,623511363670638591,,,,,> ~5 km / none found,False,7430.433992546056,7430.433992546056,7.43
93200,PAPUA PEGUNUNGAN,KAB. NDUGA,Geselma,-4.21493608,138.29909971,623511633545330687,,,,,> ~5 km / none found,False,7430.259548376425,7430.259548376425,7.43
84041,KALIMANTAN BARAT,KAB. KAPUAS HULU,Badau,1.00949133,111.9912143,623338466880815103,4.0,,0.528,,> ~5 km / none found,True,458.4297783823754,7428.899984958751,7.43
78665,SUMATERA BARAT,KAB. PESISIR SELATAN,Basa Ampek Balai Tapan,-2.14451143,100.9854648,623974295516905471,,,,,> ~5 km / none found,False,6240.571039962348,7426.879227307119,7.43
8721,SULAWESI BARAT,KAB. PASANGKAYU,Dapurang,-1.65269321,119.5318372,623340821197979647,,,,,> ~5 km / none found,False,6724.880306675919,7425.691847009561,7.43
94041,PAPUA PEGUNUNGAN,KAB. TOLIKARA,Wina,-3.43497677,138.07672927,623511641512804351,,,,,> ~5 km / none found,False,7421.536614230576,7421.536614230576,7.42
84321,MALUKU,KAB. SERAM BAGIAN TIMUR,Tutuk Tolu,-3.63714991,130.7669866,624123321556991999,,,,,> ~5 km / none found,False,5749.570011967017,7419.971824450726,7.42
18244,KALIMANTAN TIMUR,KAB. KUTAI KARTANEGARA,Tabang,0.68730198,115.8227187,623335201355399167,,,,,> ~5 km / none found,False,7418.526840230024,7418.526840230024,7.42
9122,MALUKU UTARA,KAB. PULAU MOROTAI,Morotai Utara,2.39036766,128.558638,623530137106939903,,,,,> ~5 km / none found,False,7417.278435555502,7417.278435555502,7.42
41165,RIAU,KAB. INDRAGIRI HILIR,Mandah,-0.02758368,103.3797132,623276158517575679,,,,,> ~5 km / none found,False,7416.714209252633,7416.714209252633,7.42
27471,RIAU,KAB. INDRAGIRI HILIR,Pelangiran,0.18420503,103.5762519,623276160880541695,,,,,> ~5 km / none found,False,7415.619069716636,7415.619069716636,7.42
27513,SULAWESI TENGAH,KAB. TOJO UNA UNA,Tojo Barat,-1.5404823,121.0323878,623340838034472959,,,,,> ~5 km / none found,False,6881.055213578194,7414.16571724704,7.41
22989,SUMATERA SELATAN,KAB. OGAN KOMERING ULU,Muara Jaya,-4.14455461,103.8659499,623976442342572031,,,,,> ~5 km / none found,False,7413.958131565776,7413.958131565776,7.41
89888,PAPUA BARAT DAYA,KAB. SORONG,Sunook,-1.04123222,132.17042531,623514734954971135,,,,,> ~5 km / none found,False,7402.096945920276,7402.096945920276,7.4
60093,KALIMANTAN BARAT,KAB. SINTANG,Serawai,-0.54009692,112.6280194,623338655313461247,,,,,> ~5 km / none found,False,6154.2427214943355,7401.59768422436,7.4
65417,SUMATERA UTARA,KAB. MANDAILING NATAL,Panyabungan,0.87553698,99.69726145,623276680401289215,,,,,> ~5 km / none found,False,7400.545112418708,7400.545112418708,7.4
48304,KALIMANTAN BARAT,KAB. MELAWI,Sayan,-0.55044963,111.6875627,623338568267497471,,,,,> ~5 km / none found,False,7396.748125455909,7396.748125455909,7.4
5507,KEPULAUAN BANGKA BELITUNG,KAB. BANGKA SELATAN,Simpang Rimba,-2.71221298,105.96825,623971367294173183,7.0,,0.924,,> ~5 km / none found,True,896.245510082368,7396.321050890249,7.4
93469,PAPUA BARAT DAYA,KAB. TAMBRAUW,Senopi,-0.72855861,132.88448205,623513695294095359,,,,,> ~5 km / none found,False,7394.765084413509,7394.765084413509,7.39
88841,PAPUA TENGAH,KAB. INTAN JAYA,Sugapa,-3.66263846,136.87335854,623512020870037503,,,,,> ~5 km / none found,False,7394.294126661108,7394.294126661108,7.39
23928,SULAWESI TENGAH,KAB. TOLI-TOLI,Dako Pemean,1.22013744,120.9247494,623339961081790463,35.0,,4.62,,> ~5 km / none found,True,4292.000991884058,7392.15654158935,7.39
91318,PAPUA BARAT,KAB. TELUK BINTUNI,Dataran Beimes,-1.54572695,133.65345615,623513393876533247,,,,,> ~5 km / none found,False,7391.756633850934,7391.756633850934,7.39
54150,PAPUA BARAT,KAB. MANOKWARI,Tanah Rubuh,-1.10352901,134.0101845,623513437187768319,,,,,> ~5 km / none found,False,7388.530913676052,7388.530913676052,7.39
75782,PAPUA SELATAN,KAB. ASMAT,Suru-suru,-4.81692022,138.88644724,623511840442613759,,,,,> ~5 km / none found,False,6172.311237060221,7385.371446261421,7.39
88455,PAPUA BARAT DAYA,KAB. TAMBRAUW,Kebar,-0.89314154,133.14308886,623513692353101823,,,,,> ~5 km / none found,False,7380.859490309911,7380.859490309911,7.38
15555,GORONTALO,KAB. BONE BOLANGO,Bone,0.40962876,123.5052254,623341558655483903,,,,,> ~5 km / none found,False,4956.4503896412125,7374.838252559792,7.37
90292,PAPUA BARAT,KAB. TELUK BINTUNI,Merdey,-1.59356313,133.1861686,623513411855646719,,,,,> ~5 km / none found,False,7373.861737014087,7373.861737014087,7.37
89509,PAPUA BARAT DAYA,KAB. SORONG,Sunook,-0.86316457,132.14359668,623530512447569919,30.0,,3.96,,> ~5 km / none found,True,3755.603672889173,7368.984213151078,7.37
89815,PAPUA SELATAN,KAB. BOVEN DIGOEL,Fofi,-6.01693257,139.90215937,624256149933555711,,,,,> ~5 km / none found,False,5547.538310352018,7368.901167180213,7.37
72424,KALIMANTAN TENGAH,KAB. LAMANDAU,Batang Kawa,-1.50499434,111.15380135,623972176680615935,,,,,> ~5 km / none found,False,7368.505509669414,7368.505509669414,7.37
10080,SULAWESI TENGGARA,KAB. BUTON UTARA,Kulisusu Utara,-4.5464128,123.0814274,624118926064418815,,,,,> ~5 km / none found,False,7367.379060928067,7367.379060928067,7.37
67528,SUMATERA SELATAN,KAB. OGAN KOMERING ILIR,Tulung Selapan,-3.21109098,105.81938157,623971382041542655,,,,,> ~5 km / none found,False,7367.082571443637,7367.082571443637,7.37
88652,PAPUA TENGAH,KAB. PANIAI,Bogabaida,-3.67307956,136.48623601,623512071934541823,,,,,> ~5 km / none found,False,7362.0145758778,7362.0145758778,7.36
29346,MALUKU,KAB. KEPULAUAN ARU,Aru Tengah,-6.05715214,134.1770368,623512402735071231,,,,,> ~5 km / none found,False,7170.899389552625,7361.978270044675,7.36
78412,MALUKU UTARA,KAB. HALMAHERA SELATAN,Kasiruta Timur,-0.41001424,127.240739,623529938193514495,,,,,> ~5 km / none found,False,6815.535414231033,7361.8484623011655,7.36
53768,MALUKU,KAB. KEPULAUAN TANIMBAR,Wuar Labobar,-7.25954954,131.5208293,624107037593632767,,,,,> ~5 km / none found,False,7361.631974142623,7361.631974142623,7.36
31231,SULAWESI TENGAH,KAB. PARIGI MOUTONG,Torue,-1.06081714,120.2725759,623340815420686335,,,,,> ~5 km / none found,False,6503.707452828177,7360.185694526627,7.36
86459,PAPUA BARAT DAYA,KAB. RAJA AMPAT,Salawati Utara,-0.92161241,131.1267693,623530442726244351,,,,,> ~5 km / none found,False,7360.03282447623,7360.03282447623,7.36
87169,KALIMANTAN TENGAH,KAB. SERUYAN,Suling Tambun,-1.39087644,111.8040651,623972215748853759,18.0,,2.376,,> ~5 km / none found,True,2227.7901964038742,7358.491595015548,7.36
22744,MALUKU,KAB. MALUKU TENGAH,Seram Utara Barat,-2.93505107,128.7891971,624125318409617407,30.0,,3.96,,> ~5 km / none found,True,4074.583144588979,7357.994020905514,7.36
22892,MALUKU,KAB. BURU SELATAN,Kepala Madan,-3.37948857,126.1072322,624122710669426687,,,,,> ~5 km / none found,False,7357.8599402295795,7357.8599402295795,7.36
32206,KALIMANTAN TENGAH,KAB. PULANG PISAU,Kahayan Hilir,-2.71751857,114.1877833,623336450811592703,,,,,> ~5 km / none found,False,5358.20470762749,7353.261292349956,7.35
67826,KALIMANTAN TENGAH,KAB. LAMANDAU,Belantikan Raya,-1.47475484,111.3088675,623972165363531775,,,,,> ~5 km / none found,False,7352.974126530776,7352.974126530776,7.35
90646,PAPUA TENGAH,KAB. INTAN JAYA,Wandai,-3.6574059,136.61103893,623512072923480063,6.0,,0.792,,> ~5 km / none found,True,727.0241592135577,7352.323542617775,7.35
92256,PAPUA PEGUNUNGAN,KAB. YAHUKIMO,Kwelamdua,-4.60030177,139.59470743,623516986086227967,,,,,> ~5 km / none found,False,7346.940713165355,7346.940713165355,7.35
54061,SULAWESI TENGAH,KAB. TOJO UNA UNA,Walea Kepulauan,-0.26235817,122.1202431,623341509475926015,,,,,> ~5 km / none found,False,7343.564720108919,7343.564720108919,7.34
93837,PAPUA PEGUNUNGAN,KAB. NDUGA,Mbulmu Yalma,-4.30964822,138.43481589,623511633085923327,,,,,> ~5 km / none found,False,7342.617518624631,7342.617518624631,7.34
17962,SUMATERA UTARA,KAB. MANDAILING NATAL,Batang Natal,0.76997515,99.3296446,623276415966576639,,,,,> ~5 km / none found,False,7342.225324964495,7342.225324964495,7.34
78067,SULAWESI TENGGARA,KAB. KOLAKA UTARA,Pakue Tengah,-3.2144257,121.1436267,624120785867079679,35.0,,4.62,,> ~5 km / none found,True,4104.330549690199,7337.384279304566,7.34
91282,PAPUA PEGUNUNGAN,KAB. YALIMO,Abenaho,-3.65833297,139.32072247,623511674653933567,,,,,> ~5 km / none found,False,7333.003724375307,7333.003724375307,7.33
79449,SULAWESI UTARA,KAB. BOLAANG MONGONDOW,Dumoga Tenggara,0.67290252,124.000333,623340518269124607,,,,,> ~5 km / none found,False,7149.738246369446,7331.346417065222,7.33
91729,PAPUA TENGAH,KAB. PUNCAK JAYA,Kiyage,-3.42194014,138.0233507,623511642062127103,,,,,> ~5 km / none found,False,7330.406673782496,7330.406673782496,7.33
89676,MALUKU UTARA,KAB. HALMAHERA SELATAN,Gane Barat,-0.63817303,128.03553637,624125444740710399,,,,,> ~5 km / none found,False,7234.90556093204,7327.22350040557,7.33
88500,PAPUA,KAB. SARMI,Tor Atas,-2.18818877,138.72925242,623511994992558079,,,,,> ~5 km / none found,False,7319.706299315034,7319.706299315034,7.32
59945,RIAU,KAB. KUANTAN SINGINGI,Kuantan Tengah,-0.60931369,101.622575,623974132983398399,5.0,,0.66,,> ~5 km / none found,True,649.5980622038344,7315.845163841567,7.32
114,SULAWESI UTARA,KAB. BOLAANG MONGONDOW SELATAN,Posigadan,0.39084766,123.573558,623341572959961087,,,,,> ~5 km / none found,False,7315.604883729558,7315.604883729558,7.32
86119,MALUKU,KAB. SERAM BAGIAN BARAT,Elpaputih,-3.22619217,128.7129704,624125272321589247,37.0,,4.884,,> ~5 km / none found,True,4607.919519374451,7314.583114808009,7.31
83297,SULAWESI TENGGARA,KAB. KONAWE,Routa,-3.09342871,121.677201,624120779357519871,,,,,> ~5 km / none found,False,7312.746853017269,7312.746853017269,7.31
91615,PAPUA PEGUNUNGAN,KAB. YAHUKIMO,Talambo,-3.73822657,139.9084098,623517004098535423,,,,,> ~5 km / none found,False,7312.740591184421,7312.740591184421,7.31
44454,KALIMANTAN BARAT,KAB. MELAWI,Sokan,-1.00629229,111.5685575,623338588910714879,,,,,> ~5 km / none found,False,7312.517974265553,7312.517974265553,7.31
27693,MALUKU UTARA,KAB. HALMAHERA UTARA,Tobelo Tengah,1.64501649,127.8692591,623530030340177919,17.0,,2.244,,> ~5 km / none found,True,2237.5142633856044,7310.016905727353,7.31
77319,ACEH,KAB. NAGAN RAYA,Beutong Ateuh Banggalang,4.53934665,96.51020583,623279515498741759,,,,,> ~5 km / none found,False,7306.166938107217,7306.166938107217,7.31
60708,KALIMANTAN SELATAN,KAB. HULU SUNGAI SELATAN,Daha Barat,-2.63093432,114.979845,623337196879478783,,,,,> ~5 km / none found,False,7305.842370328595,7305.842370328595,7.31
9819,RIAU,KAB. BENGKALIS,Rupat,1.85724543,101.4873691,623276727269949439,,,,,> ~5 km / none found,False,7308.414480593651,7304.194252483996,7.3
93431,PAPUA SELATAN,KAB. MERAUKE,Ulilin,-7.21499842,140.66966174,624255501109395455,,,,,> ~5 km / none found,False,7303.514372842389,7303.514372842389,7.3
27267,PAPUA,KAB. KEPULAUAN YAPEN,Windesi,-1.67396437,135.9321545,623511442093735935,,,,,> ~5 km / none found,False,7301.749049984422,7301.749049984422,7.3
34424,SULAWESI TENGGARA,KAB. KONAWE SELATAN,Laonti,-4.35831035,122.875917,624126110846058495,,,,,> ~5 km / none found,False,7293.897820639176,7293.897820639176,7.29
90126,PAPUA TENGAH,KAB. DEIYAI,Tigi Barat,-4.14627796,136.12198199,623511275098898431,,,,,> ~5 km / none found,False,7292.998213795108,7292.998213795108,7.29
30623,SUMATERA UTARA,KAB. TAPANULI SELATAN,Sayur Matinggi,1.16054978,99.29972325,623276429536231423,30.0,,3.96,,> ~5 km / none found,True,3717.1597946582124,7292.644891032619,7.29
80549,MALUKU,KAB. MALUKU TENGAH,Teluk Elpaputih,-3.10924942,128.9501255,624125281448329215,,,,,> ~5 km / none found,False,5879.295227449641,7287.51290238017,7.29
93291,PAPUA,KAB. BIAK NUMFOR,Aimando Padaido,-1.15749087,136.60858446,623513826282373119,,,,,> ~5 km / none found,False,7287.246833193793,7287.246833193793,7.29
60560,SULAWESI TENGAH,KAB. BANGGAI,Batui,-1.13369239,122.461283,623341606456459263,,,,,> ~5 km / none found,False,7282.4957703082055,7282.4957703082055,7.28
89107,PAPUA BARAT,KAB. TELUK WONDAMA,Soug Jaya,-1.8755256,134.08110731,623511369705652223,,,,,> ~5 km / none found,False,7280.00872955482,7280.00872955482,7.28
82259,SULAWESI TENGGARA,KAB. KONAWE UTARA,Oheo,-3.32359797,121.9787927,624120824184143871,,,,,> ~5 km / none found,False,4904.6693670168,7268.735601465253,7.27
30413,SUMATERA UTARA,KAB. TAPANULI SELATAN,Sayur Matinggi,1.12852773,99.34356397,623276429551566847,,,,,> ~5 km / none found,False,6025.148385149443,7255.569607605226,7.26
90289,PAPUA,KAB. SARMI,Apawer Hulu,-2.05904784,138.46236834,623511987440451583,,,,,> ~5 km / none found,False,7250.280445018607,7250.280445018607,7.25
71353,SULAWESI TENGGARA,KAB. KONAWE SELATAN,Laonti,-4.11832553,122.8421232,624126148423483391,30.0,,3.96,,> ~5 km / none found,True,3979.596015687214,7248.8772405408035,7.25
84969,MALUKU,KAB. SERAM BAGIAN TIMUR,Siwalalat,-3.30239159,130.10182,624125364863565823,,,,,> ~5 km / none found,False,7240.065838000578,7240.065838000578,7.24
83428,PAPUA TENGAH,KAB. PUNCAK,Wangbe,-3.89827684,137.4076461,623512025138233343,,,,,> ~5 km / none found,False,7239.1015474042315,7239.1015474042315,7.24
93560,PAPUA BARAT,KAB. TELUK BINTUNI,Moskona Barat,-1.65774767,132.89416018,623514705073733631,,,,,> ~5 km / none found,False,7236.38933447383,7236.38933447383,7.24
78243,SULAWESI TENGGARA,KAB. KOLAKA UTARA,Pakue Tengah,-3.22731189,121.1368372,624120786179817471,37.0,,4.884,,> ~5 km / none found,True,4582.271599110296,7236.019168753415,7.24
81255,BENGKULU,KAB. BENGKULU UTARA,Marga Sakti Sebelat,-3.06309582,101.7251261,623976369391730687,,,,,> ~5 km / none found,False,7235.474685113336,7235.474685113336,7.24
91373,PAPUA BARAT,KAB. PEGUNUNGAN ARFAK,Minyambaouw,-1.07970549,133.81461075,623513433603080191,,,,,> ~5 km / none found,False,6731.031195227314,7232.473439132044,7.23
90556,PAPUA TENGAH,KAB. INTAN JAYA,Homeyo,-3.77212872,136.75888766,623512068773871615,,,,,> ~5 km / none found,False,7231.740816304088,7231.740816304088,7.23
29579,MALUKU UTARA,KAB. HALMAHERA SELATAN,Bacan Timur Tengah,-0.75653763,127.7604768,623529909215887359,38.0,,5.016,,> ~5 km / none found,True,4920.660274043832,7230.611833449124,7.23
26918,SULAWESI TENGAH,KAB. MOROWALI UTARA,Bungku Utara,-1.67052334,121.6780845,623341611884052479,,,,,> ~5 km / none found,False,7230.500921296091,7230.500921296091,7.23
34942,JAWA TIMUR,KAB. SUMENEP,Sapeken,-7.0546492,115.6567633,623989393342627839,20.0,,2.64,,> ~5 km / none found,True,2498.335745409867,7224.793220183236,7.22
88624,PAPUA TENGAH,KAB. INTAN JAYA,Biandoga,-3.58123503,136.65933068,623512073558065151,,,,,> ~5 km / none found,False,7042.798210780545,7224.598605261814,7.22
24495,KALIMANTAN UTARA,KAB. TANA TIDUNG,Betayau,3.45275295,116.8751015,623338254797701119,,,,,> ~5 km / none found,False,7224.5118026823075,7224.5118026823075,7.22
90758,PAPUA BARAT DAYA,KAB. RAJA AMPAT,Kofiau,-1.17620633,129.90927749,624125487116648447,,,,,> ~5 km / none found,False,7224.504738476398,7224.504738476398,7.22
26975,MALUKU UTARA,KAB. PULAU MOROTAI,Morotai Selatan,2.0894925,128.1898232,623530125870301183,,,,,> ~5 km / none found,False,7222.965049454952,7222.965049454952,7.22
31578,SUMATERA UTARA,KAB. LANGKAT,Sei Lepan,3.8272055,98.05330039,623274231074095103,,,,,> ~5 km / none found,False,7221.172020502918,7221.172020502918,7.22
88413,PAPUA SELATAN,KAB. ASMAT,Betcbamu,-5.91433706,138.3232743,624256229050089471,,,,,> ~5 km / none found,False,7218.179110674287,7218.179110674287,7.22
46541,KEPULAUAN RIAU,KAB. LINGGA,Singkep Selatan,-0.5131,104.2429,623969261224067071,19.0,,2.508,,> ~5 km / none found,True,2627.132744064953,7215.9459255002885,7.22
2744,GORONTALO,KAB. GORONTALO,Tolangohula,0.8411086,122.5621161,623339791140454399,24.0,,3.168,,> ~5 km / none found,True,3005.091192749747,7214.106641344208,7.21
86753,SULAWESI UTARA,KAB. BOLAANG MONGONDOW SELATAN,Tomini,0.39525651,123.70692685,623341566763532287,,,,,> ~5 km / none found,False,6575.96993715457,7210.882875955369,7.21
90774,PAPUA PEGUNUNGAN,KAB. YALIMO,Benawa,-3.70359933,139.83105191,623511684170219519,,,,,> ~5 km / none found,False,7208.066494290204,7208.066494290204,7.21
83609,JAMBI,KAB. SAROLANGUN,Batang Asai,-2.62603581,102.1097833,623976374715711487,,,,,> ~5 km / none found,False,7206.779021869258,7206.779021869258,7.21
88297,PAPUA SELATAN,KAB. ASMAT,Tomor Birip,-4.82041063,138.83312795,623511812383539199,,,,,> ~5 km / none found,False,7206.304509502683,7206.304509502683,7.21
82950,RIAU,KAB. ROKAN HILIR,Kubu Babussalam,1.98329803,100.5501115,623276332227461119,7.0,,0.924,,> ~5 km / none found,True,934.4119899206883,7204.757494032548,7.2
85094,PAPUA TENGAH,KAB. PUNCAK JAYA,Fawi,-3.23614264,137.8358528,623511645180854271,,,,,> ~5 km / none found,False,7196.282049546349,7196.282049546349,7.2
93237,PAPUA PEGUNUNGAN,KAB. NDUGA,Koroptak,-4.31442047,138.3473736,623511866183843839,,,,,> ~5 km / none found,False,7192.747008702048,7192.747008702048,7.19
20978,MALUKU,KAB. KEPULAUAN ARU,Aru Selatan Timur,-6.71231866,134.3412033,624107921279188991,,,,,> ~5 km / none found,False,6773.825901917079,7192.643928589548,7.19
13034,PAPUA PEGUNUNGAN,KAB. PEGUNUNGAN BINTANG,Oksop,-4.74324476,140.55349251,623516727737122815,,,,,> ~5 km / none found,False,7191.99830917458,7191.99830917458,7.19
23875,SULAWESI TENGGARA,KAB. KONAWE KEPULAUAN,Wawonii Selatan,-4.14560024,123.0949399,624126095361703935,,,,,> ~5 km / none found,False,7190.067967374001,7190.067967374001,7.19
74569,ACEH,KAB. BIREUEN,Pandrah,5.07401554,96.45382453,623279480389926911,,,,,> ~5 km / none found,False,6000.590955693608,7186.377187980125,7.19
5049,SUMATERA SELATAN,KAB. OGAN KOMERING ILIR,Pampangan,-3.41689768,105.1166747,623971410864078847,,,,,> ~5 km / none found,False,5512.488012553182,7185.863248320988,7.19
81976,KALIMANTAN UTARA,KAB. BULUNGAN,Peso Hilir,2.9162059,116.9520698,623337927123337215,,,,,> ~5 km / none found,False,7180.7587243385115,7180.7587243385115,7.18
38150,MALUKU UTARA,KAB. HALMAHERA UTARA,Galela Selatan,1.74153455,127.8037484,623530143131009023,,,,,> ~5 km / none found,False,7179.720286374255,7179.720286374255,7.18
91817,SULAWESI TENGAH,KAB. BUOL,Bunobogu,0.92716997,121.5417471,623339704502910975,,,,,> ~5 km / none found,False,5815.724132935395,7178.884326615723,7.18
93098,PAPUA PEGUNUNGAN,KAB. NDUGA,Yenggelo,-4.3152659,138.35988421,623511866373799935,,,,,> ~5 km / none found,False,7175.938701149299,7175.938701149299,7.18
73672,SULAWESI TENGGARA,KAB. KOLAKA,Iwoimendaa,-3.72899376,121.2512073,624120753682153471,,,,,> ~5 km / none found,False,6309.848639047733,7172.085982301011,7.17
65887,KALIMANTAN TENGAH,KAB. KATINGAN,Bukit Raya,-1.0754439,112.2362263,623336543394889727,6.0,,0.792,,> ~5 km / none found,True,750.9080442186329,7170.667785685738,7.17
60970,PAPUA,KAB. BIAK NUMFOR,Biak Timur,-1.24340232,136.19830099,623514246265831423,,,,,> ~5 km / none found,False,7167.587822863825,7167.587822863825,7.17
85608,MALUKU UTARA,KAB. HALMAHERA SELATAN,Obi Barat,-1.19864296,127.4265437,624124695393402879,,,,,> ~5 km / none found,False,7163.798017609501,7163.798017609501,7.16
7817,MALUKU,KAB. MALUKU TENGAH,Seram Utara Barat,-2.96544056,128.8514836,624125313748926463,8.0,,1.056,,> ~5 km / none found,True,1033.0241097396065,7162.7998544093425,7.16
78852,JAMBI,KAB. KERINCI,Gunung Raya,-2.34980562,101.5017302,623974343636484095,,,,,> ~5 km / none found,False,5040.184330998208,7160.776923231912,7.16
33782,ACEH,KAB. GAYO LUES,Kutapanjang,3.92198895,97.23585869,623274192123854847,,,,,> ~5 km / none found,False,6015.135748251254,7157.069880600007,7.16
49915,RIAU,KAB. INDRAGIRI HULU,Rengat Barat,-0.255105,102.4303624,623276146740101119,,,,,> ~5 km / none found,False,7156.554889185387,7156.554889185387,7.16
41461,PAPUA BARAT DAYA,KAB. RAJA AMPAT,Meos Mansar,-0.50086892,130.6260128,623530482985959423,35.0,,4.62,,> ~5 km / none found,True,4439.861294513238,7148.516132407903,7.15
83193,KALIMANTAN UTARA,KAB. NUNUKAN,Tulin Onsoi,4.16086561,116.7489039,623338259460521983,,,,,> ~5 km / none found,False,7144.296939574664,7144.296939574664,7.14
19350,JAMBI,KAB. MERANGIN,Tiang Pumpung,-2.32336523,102.1866886,623974272645890047,,,,,> ~5 km / none found,False,5815.168391560619,7143.461130390449,7.14
76829,PAPUA TENGAH,KAB. PUNCAK,Mabugi,-3.88770212,137.5867569,623512025707905023,,,,,> ~5 km / none found,False,6424.203559727812,7141.746413155653,7.14
88543,PAPUA BARAT DAYA,KAB. TAMBRAUW,Amberbaken Barat,-0.59011198,133.02740943,623513668596957183,,,,,> ~5 km / none found,False,7141.1734165927555,7141.1734165927555,7.14
89017,PAPUA PEGUNUNGAN,KAB. YAHUKIMO,Mugi,-4.29750051,139.14255035,623511853073760255,,,,,> ~5 km / none found,False,7137.1733637153175,7137.1733637153175,7.14
87198,KALIMANTAN TENGAH,KAB. SERUYAN,Suling Tambun,-1.31718894,111.6049604,623972184415404031,6.0,,0.792,,> ~5 km / none found,True,667.4645666445327,7135.002883310278,7.14
86452,MALUKU UTARA,KAB. PULAU TALIABU,Taliabu Timur Selatan,-1.84753905,125.0390743,624124996980277247,,,,,> ~5 km / none found,False,5800.138717598645,7132.377191243686,7.13
25691,SULAWESI TENGAH,KAB. MOROWALI,Bahodopi,-2.93828158,122.1135788,624120858880081919,,,,,> ~5 km / none found,False,7129.494418322813,7129.494418322813,7.13
24850,SULAWESI TENGAH,KAB. TOJO UNA UNA,Ulubongka,-1.18764311,121.4686288,623341649970298879,,,,,> ~5 km / none found,False,6015.209504443254,7124.235503439443,7.12
91327,PAPUA PEGUNUNGAN,KAB. PEGUNUNGAN BINTANG,Oksop,-4.72332819,140.51399712,623516727620206591,,,,,> ~5 km / none found,False,7120.606424366443,7120.606424366443,7.12
84475,SUMATERA UTARA,KAB. NIAS SELATAN,Pulau-Pulau Batu Utara,-0.00258887,98.36617151,623974648565530623,,,,,> ~5 km / none found,False,7120.011311170905,7120.011311170905,7.12
84118,MALUKU UTARA,KAB. HALMAHERA TIMUR,Wasile Selatan,0.77439348,127.9210672,623529745685348351,30.0,,3.96,,> ~5 km / none found,True,4076.1773558861005,7112.115602077851,7.11
28443,MALUKU UTARA,KOTA TIDORE KEPULAUAN,Oba Tengah,0.55628175,127.7075868,623529768410873855,,,,,> ~5 km / none found,False,7110.5834112535285,7110.5834112535285,7.11
59171,KALIMANTAN TIMUR,KAB. BERAU,Kelay,1.61942607,117.1100514,623338105808584703,,,,,> ~5 km / none found,False,7107.069865397279,7107.069865397279,7.11
70533,KALIMANTAN UTARA,KAB. NUNUKAN,Sembakung,3.7531394,116.9720497,623338225834491903,,,,,> ~5 km / none found,False,4593.38779520057,7106.409439709226,7.11
41384,SULAWESI TENGAH,KAB. POSO,Lore Barat,-1.81294479,120.183354,623340798402232319,,,,,> ~5 km / none found,False,7101.869914290465,7101.869914290465,7.1
30470,MALUKU UTARA,KAB. PULAU MOROTAI,Morotai Selatan Barat,2.19948148,128.3672865,623530139445231615,,,,,> ~5 km / none found,False,5856.990687501801,7101.042850408646,7.1
35980,ACEH,KAB. GAYO LUES,Blangjerango,3.95855537,97.16813844,623274188322537471,37.0,,4.884,,> ~5 km / none found,True,5257.346267725156,7100.861371326869,7.1
39347,PAPUA TENGAH,KAB. MIMIKA,Jita,-4.90193764,137.6403936,623511743294013439,,,,,> ~5 km / none found,False,7099.897114147426,7099.897114147426,7.1
91559,PAPUA BARAT,KAB. MANOKWARI,Manokwari Selatan,-1.07710464,134.00277492,623513437251960831,,,,,> ~5 km / none found,False,7099.331786690334,7099.331786690334,7.1
90949,PAPUA BARAT,KAB. PEGUNUNGAN ARFAK,Didohu,-1.47874446,133.72780511,623513393583063039,,,,,> ~5 km / none found,False,7098.62256777849,7098.62256777849,7.1
49016,GORONTALO,KAB. BONE BOLANGO,Bone,0.38742978,123.4109924,623341557720154111,,,,,> ~5 km / none found,False,6249.641716569505,7094.544658885708,7.09
62357,BENGKULU,KAB. LEBONG,Topos,-3.12317069,102.3988419,623976405854978047,,,,,> ~5 km / none found,False,7093.298150142305,7093.298150142305,7.09
93671,PAPUA PEGUNUNGAN,KAB. YAHUKIMO,Tangma,-4.32792036,139.06377279,623511855502491647,,,,,> ~5 km / none found,False,7088.67559335034,7088.67559335034,7.09
30266,SUMATERA UTARA,KAB. TAPANULI SELATAN,Sayur Matinggi,1.15282856,99.32957079,623276429522042879,,,,,> ~5 km / none found,False,6356.312568574731,7088.1076563097595,7.09
90744,PAPUA,KAB. MAMBERAMO RAYA,Waropen Atas,-2.2312306,136.93092438,623513967524249599,,,,,> ~5 km / none found,False,7087.640327922945,7087.640327922945,7.09
59487,MALUKU,KAB. KEPULAUAN TANIMBAR,Kormomolin,-7.61676557,131.5203839,624107035626504191,,,,,> ~5 km / none found,False,6461.236144070582,7086.775599906634,7.09
81593,KALIMANTAN TENGAH,KAB. SERUYAN,Seruyan Hulu,-1.39855465,111.8392898,623972215739088895,19.0,,2.508,,> ~5 km / none found,True,2220.6043971248046,7086.000778324855,7.09
87308,ACEH,KAB. ACEH JAYA,Krueng Sabee,4.77093118,95.72508268,623279087887548415,,,,,> ~5 km / none found,False,7084.025786182544,7084.025786182544,7.08
91005,PAPUA,KAB. MAMBERAMO RAYA,Benuki,-2.27829573,137.51154278,623511926655254527,,,,,> ~5 km / none found,False,7083.589051173287,7083.589051173287,7.08
86930,SULAWESI UTARA,KAB. KEPULAUAN SANGIHE,Nusa Tabukan,3.7567952,125.5618141,623532394104356863,,,,,> ~5 km / none found,False,7076.038092230546,7076.038092230546,7.08
88233,PAPUA,KAB. JAYAPURA,Raveni Rara,-2.46878672,140.50235309,623518978585985023,23.0,,3.036,,> ~5 km / none found,True,2905.3784496734197,7072.956097409951,7.07
17237,KALIMANTAN SELATAN,KAB. HULU SUNGAI UTARA,Paminggir,-2.45298751,114.9965192,623337194787241983,,,,,> ~5 km / none found,False,7067.886167512134,7067.886167512134,7.07
34257,KALIMANTAN TIMUR,KAB. BERAU,Biatan,1.57058399,117.9357073,623343260281143295,,,,,> ~5 km / none found,False,7063.520662726239,7063.520662726239,7.06
38301,KALIMANTAN TENGAH,KAB. GUNUNG MAS,Miri Manasa,-0.63816854,113.5660291,623336625115987967,,,,,> ~5 km / none found,False,7063.304210133527,7063.304210133527,7.06
86047,MALUKU UTARA,KAB. HALMAHERA SELATAN,Bacan Barat,-0.40610299,127.3637051,623529906313265151,,,,,> ~5 km / none found,False,7061.58714486851,7061.58714486851,7.06
88914,PAPUA BARAT,KAB. TELUK BINTUNI,Dataran Beimes,-1.59189155,133.60159329,623513420986089471,,,,,> ~5 km / none found,False,7057.255799512871,7057.255799512871,7.06
93782,PAPUA PEGUNUNGAN,KAB. YAHUKIMO,Kurima,-4.24388458,138.93664929,623511860079099903,,,,,> ~5 km / none found,False,7057.1096665075065,7057.1096665075065,7.06
75128,ACEH,KAB. PIDIE,Tangse,4.91466981,95.91834805,623279077942427647,28.0,,3.696,,> ~5 km / none found,True,4101.8052126376815,7055.118503951608,7.06
31616,KALIMANTAN TENGAH,KAB. MURUNG RAYA,Tanah Siang,-0.38062413,114.5645757,623335319741693951,,,,,> ~5 km / none found,False,5623.007318402138,7050.473131382827,7.05
34294,SULAWESI TENGAH,KAB. PARIGI MOUTONG,Ongka Malino,0.62505637,120.8747385,623341018715652095,,,,,> ~5 km / none found,False,7047.139891760179,7047.139891760179,7.05
76123,KALIMANTAN TENGAH,KAB. SERUYAN,Batu Ampar,-2.15253345,112.2679404,623336689807196159,,,,,> ~5 km / none found,False,7044.1022417829445,7044.1022417829445,7.04
76990,NUSA TENGGARA BARAT,KAB. SUMBAWA,Ropang,-8.95251252,117.5083104,624119254270509055,,,,,> ~5 km / none found,False,7042.642497629554,7042.642497629554,7.04
60977,MALUKU,KAB. SERAM BAGIAN BARAT,Amalatu,-3.33529373,128.5835332,624125270765371391,,,,,> ~5 km / none found,False,7040.366000205956,7040.366000205956,7.04
81978,SULAWESI TENGGARA,KAB. KONAWE UTARA,Oheo,-3.40216223,121.9947698,624120826046251007,,,,,> ~5 km / none found,False,6453.593935339152,7037.954787601164,7.04
18448,SULAWESI TENGAH,KAB. PARIGI MOUTONG,Moutong,0.56024618,121.2159454,623340983403282431,,,,,> ~5 km / none found,False,6968.067708501207,7034.617301932995,7.03
29206,KALIMANTAN TENGAH,KAB. KAPUAS,Kapuas Hulu,-0.80194966,113.7684223,623336621679935487,36.0,,4.752,,> ~5 km / none found,True,4728.852446715113,7034.472054809544,7.03
78342,KALIMANTAN UTARA,KAB. BULUNGAN,Peso,2.8111868,116.7966331,623337894263685119,,,,,> ~5 km / none found,False,7034.070147552445,7034.070147552445,7.03
28013,ACEH,KAB. ACEH SELATAN,Trumon,2.55214995,97.75486604,623281434703331327,,,,,> ~5 km / none found,False,7034.0629070703235,7034.0629070703235,7.03
82195,KALIMANTAN BARAT,KAB. KAPUAS HULU,Silat Hulu,0.14567837,112.2968371,623338460093448191,25.0,,3.3,,> ~5 km / none found,True,3411.7579831645944,7033.240894390326,7.03
83313,SULAWESI UTARA,KAB. BOLAANG MONGONDOW SELATAN,Tomini,0.38756194,123.7541481,623341565955407871,,,,,> ~5 km / none found,False,6625.619109844927,7030.674023635514,7.03
80573,KALIMANTAN UTARA,KAB. NUNUKAN,Tulin Onsoi,4.17596735,116.8856632,623338259846823935,,,,,> ~5 km / none found,False,7014.623307980175,7027.702145561438,7.03
42610,SUMATERA BARAT,KAB. PESISIR SELATAN,IV Jurai,-1.21334552,100.6922345,623974038974595071,,,,,> ~5 km / none found,False,6848.473823189668,7023.969885358959,7.02
83950,SULAWESI TENGGARA,KAB. KONAWE UTARA,Wiwirano,-3.27264586,122.0728511,624120824055169023,,,,,> ~5 km / none found,False,7027.476792379886,7023.82282465821,7.02
26770,SULAWESI SELATAN,KAB. TAKALAR,Kepulauan Tanakeke,-5.45573874,119.2303847,624118036240138239,,,,,> ~5 km / none found,False,7023.009379990306,7023.009379990306,7.02
47041,KEPULAUAN RIAU,KAB. LINGGA,Bakung Serumpun,0.09827987,104.4452668,623969167590883327,,,,,> ~5 km / none found,False,7022.402383430059,7022.402383430059,7.02
55804,ACEH,KAB. ACEH SELATAN,Labuhanhaji Barat,3.61093899,97.06080872,623279383923785727,,,,,> ~5 km / none found,False,6626.151740595458,7019.821831005318,7.02
92933,PAPUA SELATAN,KAB. MERAUKE,Muting,-7.4851265,140.38718227,624256299537203199,,,,,> ~5 km / none found,False,7019.42886539371,7019.42886539371,7.02
42006,KALIMANTAN TIMUR,KAB. KUTAI TIMUR,Muara Ancalong,0.30346483,116.5374077,623336130148106239,,,,,> ~5 km / none found,False,7018.890863963097,7018.890863963097,7.02
90956,PAPUA BARAT,KAB. PEGUNUNGAN ARFAK,Sururey,-1.45797067,133.84248978,623513405485547519,,,,,> ~5 km / none found,False,7018.499767239867,7018.499767239867,7.02
90779,PAPUA PEGUNUNGAN,KAB. PEGUNUNGAN BINTANG,Pepera,-4.9398966,140.77348307,623516727139237887,,,,,> ~5 km / none found,False,7010.897268336622,7010.897268336622,7.01
20182,KALIMANTAN TENGAH,KAB. KATINGAN,Mendawai,-2.95619731,113.2134378,623336383739920383,,,,,> ~5 km / none found,False,7010.779461628197,7010.779461628197,7.01
81467,MALUKU,KAB. MALUKU TENGAH,Telutih,-3.25035156,129.7184196,624125368262492159,,,,,> ~5 km / none found,False,7002.052121069704,7002.052121069704,7.0
73209,ACEH,KAB. BIREUEN,Simpang Mamplam,5.07659953,96.37883129,623279233615462399,29.0,,3.828,,> ~5 km / none found,True,3785.259389420744,7001.384324738236,7.0
88153,PAPUA BARAT DAYA,KAB. TAMBRAUW,Sausapor,-0.63302683,132.07924454,623530510698905599,,,,,> ~5 km / none found,False,7000.343615328038,7000.343615328038,7.0
87648,PAPUA SELATAN,KAB. MERAUKE,Okaba,-8.01830898,139.64949612,624254550504275967,,,,,> ~5 km / none found,False,6997.672538986777,6997.672538986777,7.0
88327,PAPUA SELATAN,KAB. ASMAT,Aswi,-6.13237933,138.5954714,624256214272933887,,,,,> ~5 km / none found,False,6996.993900460312,6996.993900460312,7.0
29618,SULAWESI TENGAH,KAB. PARIGI MOUTONG,Torue,-1.07640811,120.3087227,623340815537995775,,,,,> ~5 km / none found,False,6990.77783760905,6990.77783760905,6.99
63210,ACEH,KAB. ACEH JAYA,Indra Jaya,5.00569165,95.44776877,623279085995524095,,,,,> ~5 km / none found,False,5646.176025552104,6989.926211199831,6.99
79067,MALUKU,KAB. MALUKU TENGAH,Tehoru,-3.22635139,129.5014634,624125360142942207,,,,,> ~5 km / none found,False,6866.476035386437,6986.802257608465,6.99
88525,PAPUA BARAT DAYA,KAB. TAMBRAUW,Yembun,-0.82859122,132.2780316,623530513512103935,,,,,> ~5 km / none found,False,6983.238794556439,6983.238794556439,6.98
32019,KALIMANTAN SELATAN,KAB. BARITO KUALA,Bakumpai,-2.88197019,114.8132072,623337226691608575,7.0,,0.924,,> ~5 km / none found,True,851.3191236597289,6980.548441871326,6.98
67735,KEPULAUAN RIAU,KAB. BINTAN,Teluk Bintan,0.8226065,104.35918,623276057615466495,,,,,> ~5 km / none found,False,6980.27125647356,6980.27125647356,6.98
30996,PAPUA,KAB. KEPULAUAN YAPEN,Raimbawi,-1.78157085,136.82476093,623513985502773247,,,,,> ~5 km / none found,False,5545.348038327435,6978.36876363386,6.98
57149,ACEH,KAB. ACEH SELATAN,Trumon Timur,2.90849509,97.84960359,623281447831666687,,,,,> ~5 km / none found,False,6976.132879266343,6976.132879266343,6.98
86342,MALUKU UTARA,KAB. HALMAHERA SELATAN,Obi Selatan,-1.6473385,127.5968148,624125582707490815,,,,,> ~5 km / none found,False,6032.334946859874,6974.626540672786,6.97
93400,PAPUA PEGUNUNGAN,KAB. TOLIKARA,Bogonuk,-3.62455976,138.26617903,623511605284831231,,,,,> ~5 km / none found,False,6973.854458686412,6973.854458686412,6.97
38499,SULAWESI TENGAH,KAB. POSO,Poso Pesisir,-1.41686094,120.548475,623340890010615807,,,,,> ~5 km / none found,False,4875.110301688016,6973.496336323262,6.97
35309,MALUKU UTARA,KAB. HALMAHERA UTARA,Galela Selatan,1.74454309,127.8230848,623530143159582719,,,,,> ~5 km / none found,False,6970.731901370907,6970.731901370907,6.97
22070,KALIMANTAN SELATAN,KAB. HULU SUNGAI UTARA,Danau Panggang,-2.39479241,115.0980023,623337207371530239,,,,,> ~5 km / none found,False,6966.903456995918,6966.903456995918,6.97
43623,BENGKULU,KAB. REJANG LEBONG,Bermani Ulu Raya,-3.29736649,102.5072071,623976409833308159,,,,,> ~5 km / none found,False,6646.318478313157,6964.42454390372,6.96
88961,MALUKU UTARA,KAB. HALMAHERA SELATAN,Obi Selatan,-1.62856928,127.49942,624124661189640191,1.0,,0.132,,> ~5 km / none found,True,56.96857917878312,6963.687936122523,6.96
86442,KALIMANTAN TENGAH,KAB. BARITO SELATAN,Gn. Bintang Awai,-1.42011362,115.3265275,623337057347272703,,,,,> ~5 km / none found,False,6962.575084278919,6962.575084278919,6.96
53745,SULAWESI TENGGARA,KAB. KONAWE UTARA,Wiwirano,-3.26232584,122.0458667,624120823811604479,,,,,> ~5 km / none found,False,6960.459281169842,6960.459281169842,6.96
88411,PAPUA SELATAN,KAB. MERAUKE,Naukenjerai,-8.6961975,140.6351983,624254496636239871,19.0,,2.508,,> ~5 km / none found,True,2403.316570329609,6959.985422300256,6.96
89663,PAPUA BARAT,KAB. TELUK WONDAMA,Wasior,-2.70070189,134.5707145,623511354712457215,,,,,> ~5 km / none found,False,6958.508115921059,6958.508115921059,6.96
48650,KALIMANTAN BARAT,KAB. MELAWI,Sayan,-0.92745846,111.6430788,623338588623962111,,,,,> ~5 km / none found,False,6956.808966102009,6956.808966102009,6.96
86072,MALUKU UTARA,KAB. PULAU TALIABU,Taliabu Barat,-1.76746974,124.297491,623341399996825599,,,,,> ~5 km / none found,False,6953.862132001914,6953.862132001914,6.95
57603,SULAWESI TENGAH,KAB. POSO,Lore Selatan,-1.96277589,120.2109867,623340794136985599,38.0,,5.016,,> ~5 km / none found,True,4586.864791026854,6951.480551372089,6.95
82003,PAPUA TENGAH,KAB. PUNCAK,Lambewi,-3.89515657,137.9353854,623511626680238079,,,,,> ~5 km / none found,False,6581.0252063969665,6951.359561602013,6.95
41981,KEPULAUAN RIAU,KAB. LINGGA,Lingga,-0.17131263,104.4912992,623969149566517247,,,,,> ~5 km / none found,False,6948.80667033074,6948.80667033074,6.95
22375,KALIMANTAN TENGAH,KAB. LAMANDAU,Lamandau,-1.8539213,111.0411121,623972208301867007,16.0,,2.112,,> ~5 km / none found,True,1910.638001860318,6948.2775163990045,6.95
85623,ACEH,KAB. ACEH JAYA,Panga,4.65026446,95.80738817,623279059149127679,,,,,> ~5 km / none found,False,6947.254172750174,6947.254172750174,6.95
75028,GORONTALO,KAB. GORONTALO UTARA,Sumalata Timur,0.88482226,122.5444368,623339791709831167,,,,,> ~5 km / none found,False,6066.4284719789375,6946.9127913252405,6.95
13790,KALIMANTAN UTARA,KAB. TANA TIDUNG,Sesayap,3.66873902,116.8843424,623338224838148095,,,,,> ~5 km / none found,False,6554.525784792081,6942.227997976817,6.94
85470,SULAWESI TENGGARA,KAB. KONAWE UTARA,Wiwirano,-3.1641073,122.2250876,624120809101000703,10.0,,1.32,,> ~5 km / none found,True,1283.0603920290112,6941.727207503923,6.94
86729,PAPUA BARAT,KAB. FAK FAK,Furwagi,-2.79979784,132.14665058,623514356109770751,,,,,> ~5 km / none found,False,5798.916512023854,6940.887139439754,6.94
89343,PAPUA BARAT DAYA,KAB. SORONG,Salawati Selatan,-1.19574311,130.81408859,623530460432007167,,,,,> ~5 km / none found,False,5521.4364115486205,6938.409146416425,6.94
84053,PAPUA BARAT,KAB. TELUK BINTUNI,Tomu,-1.89341116,132.8988065,623514459860205567,,,,,> ~5 km / none found,False,6938.161630020898,6938.161630020898,6.94
84064,MALUKU,KAB. BURU SELATAN,Fena Fafan,-3.4600928,126.4466945,624122657895514111,27.0,,3.564,,> ~5 km / none found,True,3504.977783712804,6936.872855624485,6.94
78098,KALIMANTAN BARAT,KAB. KAPUAS HULU,Batang Lupar,1.04660519,112.1181994,623338478676377599,37.0,,4.884,,> ~5 km / none found,True,4541.769037025777,6933.185298073969,6.93
73303,SULAWESI UTARA,KAB. KEPULAUAN SANGIHE,Tabukan Selatan Tengah,3.4806434,125.7318316,623532357511086079,,,,,> ~5 km / none found,False,6932.191253822615,6932.191253822615,6.93
85761,PAPUA TENGAH,KAB. PUNCAK,Omukia,-3.98246406,137.4709845,623512024717131775,,,,,> ~5 km / none found,False,6739.356071005103,6931.637924804353,6.93
83975,BENGKULU,KAB. BENGKULU UTARA,Enggano,-5.45948558,102.3092167,623976538788626431,,,,,> ~5 km / none found,False,6924.149625812514,6924.149625812514,6.92
44782,KALIMANTAN TENGAH,KAB. KOTAWARINGIN BARAT,Arut Utara,-1.75555474,111.9044724,623972217970458623,,,,,> ~5 km / none found,False,5013.090316612026,6919.761819798853,6.92
93165,PAPUA PEGUNUNGAN,KAB. YAHUKIMO,Werima,-4.32883346,139.09841899,623511855453306879,,,,,> ~5 km / none found,False,6914.297941748571,6914.297941748571,6.91
50546,MALUKU,KAB. KEPULAUAN TANIMBAR,Tanimbar Selatan,-8.06435047,131.2046128,624107019602460671,,,,,> ~5 km / none found,False,6913.33162317554,6913.33162317554,6.91
56199,PAPUA BARAT,KAB. MANOKWARI,Tanah Rubuh,-1.17629123,134.0505124,623513436698542079,,,,,> ~5 km / none found,False,6904.20221909594,6904.20221909594,6.9
90505,PAPUA SELATAN,KAB. BOVEN DIGOEL,Ambatkwi,-5.31786267,140.65736179,623516695458938879,,,,,> ~5 km / none found,False,6898.400353338641,6898.400353338641,6.9
82653,PAPUA TENGAH,KAB. PUNCAK,Sinak Barat,-3.83934807,137.7121395,623511625750478847,,,,,> ~5 km / none found,False,6896.910119185293,6896.910119185293,6.9
71875,KALIMANTAN SELATAN,KAB. TAPIN,Candi Laras Utara,-2.74040539,114.8698068,623337224484913151,,,,,> ~5 km / none found,False,6894.661455864202,6894.661455864202,6.89
2448,MALUKU,KAB. SERAM BAGIAN BARAT,Seram Barat,-3.11165638,128.3099986,624125321548431359,,,,,> ~5 km / none found,False,6892.754677432695,6892.754677432695,6.89
91342,PAPUA BARAT,KAB. FAK FAK,Wartutin,-2.86148356,132.14776165,623514383171387391,,,,,> ~5 km / none found,False,6892.373731669549,6892.373731669549,6.89
80760,KALIMANTAN BARAT,KAB. KETAPANG,Simpang Hulu,-0.65102118,110.1134788,623971898528956415,,,,,> ~5 km / none found,False,6891.428911103298,6891.428911103298,6.89
81961,JAMBI,KAB. KERINCI,Danau Kerinci,-2.0260879,101.5752435,623974232973443071,,,,,> ~5 km / none found,False,6000.75294817638,6887.697832104525,6.89
74628,SULAWESI TENGAH,KAB. SIGI,Pipikoro,-1.85585471,120.0634567,623340797250797567,,,,,> ~5 km / none found,False,6817.3819614060485,6887.311609713603,6.89
88647,MALUKU UTARA,KAB. HALMAHERA BARAT,Sahu Timur,1.14939869,127.56462438,623529787220852735,,,,,> ~5 km / none found,False,6393.848253001527,6877.064714627694,6.88
89484,PAPUA BARAT DAYA,KAB. SORONG,Sayosa Timur,-1.04520591,131.9485095,623530529180319743,,,,,> ~5 km / none found,False,6876.713030168824,6876.713030168824,6.88
36792,KALIMANTAN BARAT,KAB. MELAWI,Sokan,-1.09128227,111.3591864,623972194184298495,31.0,,4.092,,> ~5 km / none found,True,4142.696352269585,6876.102750747094,6.88
41448,MALUKU,KAB. KEPULAUAN ARU,Aru Tengah,-6.07490226,134.4229381,623513171607388159,,,,,> ~5 km / none found,False,6875.077425234946,6875.077425234946,6.88
14478,LAMPUNG,KAB. PESISIR BARAT,Pesisir Selatan,-5.21799323,104.0736392,623961472543457279,,,,,> ~5 km / none found,False,6749.555263907778,6872.3366694235665,6.87
73767,SULAWESI TENGGARA,KAB. KOLAKA UTARA,Lambai,-3.56791367,121.0537958,624120751156428799,,,,,> ~5 km / none found,False,6871.301716250281,6871.301716250281,6.87
17881,KALIMANTAN BARAT,KAB. KAPUAS HULU,Jongkong,0.72136357,112.3228774,623338444045811711,,,,,> ~5 km / none found,False,6869.48450075356,6869.48450075356,6.87
34146,JAWA TIMUR,KAB. SUMENEP,Sapeken,-6.9775191,115.6196509,623989395816808447,36.0,,4.752,,> ~5 km / none found,True,4245.241827199874,6866.677575810626,6.87
89583,PAPUA TENGAH,KAB. DOGIYAI,Mapia,-3.93593348,135.81700518,623511264486096895,,,,,> ~5 km / none found,False,6866.277379097636,6866.277379097636,6.87
91220,PAPUA PEGUNUNGAN,KAB. YALIMO,Benawa,-3.76025116,139.82959258,623511684670685183,,,,,> ~5 km / none found,False,6864.885208591238,6864.885208591238,6.86
85084,MALUKU UTARA,KAB. HALMAHERA BARAT,Sahu Timur,1.18239419,127.6028733,623529786459619327,,,,,> ~5 km / none found,False,5215.597211503296,6860.962582795564,6.86
28248,SUMATERA SELATAN,KAB. EMPAT LAWANG,Muara Pinang,-3.7741053,103.0737832,623976202424385535,,,,,> ~5 km / none found,False,6859.596513568465,6859.596513568465,6.86
93436,PAPUA PEGUNUNGAN,KAB. TOLIKARA,Bewani,-3.60683811,138.65875003,623511617616936959,,,,,> ~5 km / none found,False,6855.887281066054,6855.887281066054,6.86
57300,KEPULAUAN RIAU,KAB. LINGGA,Kepulauan Posek,-0.37803877,104.2190439,623969147645231103,,,,,> ~5 km / none found,False,6854.085457574103,6854.085457574103,6.85
90771,PAPUA BARAT DAYA,KAB. SORONG SELATAN,Inanwatan,-2.08923806,132.11169354,623514715755806719,,,,,> ~5 km / none found,False,6852.840865161938,6852.840865161938,6.85
60001,NUSA TENGGARA BARAT,KAB. LOMBOK TIMUR,Sembalun,-8.39736355,116.459822,624129361471537151,,,,,> ~5 km / none found,False,4709.8351560873225,6849.266259054494,6.85
34172,JAWA TIMUR,KAB. SUMENEP,Sapeken,-7.00847584,115.5287127,623989396759183359,,,,,> ~5 km / none found,False,6848.832842647972,6848.832842647972,6.85
83241,MALUKU,KAB. SERAM BAGIAN TIMUR,Siwalalat,-3.31160138,130.0061431,624125368882528255,,,,,> ~5 km / none found,False,4879.924309714891,6846.59914785221,6.85
78580,SULAWESI TENGAH,KAB. BANGGAI,Bualemo,-0.67823486,123.0699729,623341217520091135,34.0,,4.488,,> ~5 km / none found,True,4030.9938650457348,6845.302426704483,6.85
34250,KALIMANTAN TIMUR,KAB. BERAU,Pulau Derawan,2.13978294,117.7625272,623343293363945471,,,,,> ~5 km / none found,False,6844.286382476898,6844.286382476898,6.84
16022,ACEH,KAB. ACEH TENGGARA,Darul Hasanah,3.55292493,97.66531669,623274213469749247,,,,,> ~5 km / none found,False,6322.108131206247,6842.693010183323,6.84
86805,SUMATERA UTARA,KAB. NIAS SELATAN,Tanah Masa,-0.37446743,98.39784365,623974684281667583,4.0,,0.528,,> ~5 km / none found,True,562.5643425642941,6841.431735877896,6.84
59622,MALUKU,KAB. SERAM BAGIAN TIMUR,Teluk Waru,-3.45877712,130.6173166,624123323284062207,,,,,> ~5 km / none found,False,6841.262796596691,6841.262796596691,6.84
18664,KALIMANTAN TIMUR,KAB. KUTAI KARTANEGARA,Kembang Janggut,0.26261843,115.9374432,623335227385217023,,,,,> ~5 km / none found,False,6839.87390265114,6839.87390265114,6.84
92995,PAPUA PEGUNUNGAN,KAB. NDUGA,Pasir Putih,-4.66824799,138.82020929,623511812494655487,,,,,> ~5 km / none found,False,6838.341616048078,6838.341616048078,6.84
73098,ACEH,KAB. ACEH BARAT,Pante Ceureumen,4.5137559,96.39949445,623279115743330303,,,,,> ~5 km / none found,False,6838.092793649582,6838.092793649582,6.84
60892,ACEH,KAB. ACEH TENGGARA,Ketambe,3.69968353,97.73318684,623274215568080895,,,,,> ~5 km / none found,False,5664.586685700177,6834.494816176334,6.83
56436,ACEH,KAB. ACEH TENGGARA,Ketambe,3.65546083,97.79036202,623274216210006015,,,,,> ~5 km / none found,False,6018.889249608463,6831.254120148453,6.83
17208,KALIMANTAN TIMUR,KAB. KUTAI KARTANEGARA,Tabang,0.47573451,115.9472283,623335204253138943,,,,,> ~5 km / none found,False,6096.440291551431,6828.985945165354,6.83
6135,RIAU,KAB. INDRAGIRI HILIR,Kateman,0.32363788,103.5266514,623276047238201343,,,,,> ~5 km / none found,False,6127.516740799076,6823.82604171675,6.82
90776,PAPUA PEGUNUNGAN,KAB. TOLIKARA,Nunggawi,-3.75951117,138.34271864,623511619562471423,,,,,> ~5 km / none found,False,6822.386265677861,6822.386265677861,6.82
89904,PAPUA PEGUNUNGAN,KAB. MAMBERAMO TENGAH,Eragayam,-3.66923512,138.77629305,623511614059544575,,,,,> ~5 km / none found,False,6820.714121686599,6820.714121686599,6.82
42417,SULAWESI TENGGARA,KAB. KOLAKA TIMUR,Ueesi,-3.61253767,121.4760526,624120759453024255,,,,,> ~5 km / none found,False,6816.745733124331,6816.745733124331,6.82
57554,SULAWESI TENGAH,KAB. POSO,Lore Selatan,-1.97616341,120.2651343,623340794276052991,,,,,> ~5 km / none found,False,5152.102970934348,6816.0647668832,6.82
89545,PAPUA TENGAH,KAB. PANIAI,Teluk Deya,-3.76600881,136.2223516,623511304363769855,30.0,,3.96,,> ~5 km / none found,True,4161.629986474735,6815.648109471018,6.82
60835,MALUKU UTARA,KOTA TIDORE KEPULAUAN,Oba Tengah,0.52902283,127.623286,623529763370795007,20.0,,2.64,,> ~5 km / none found,True,2642.3656690347243,6807.914212418103,6.81
80620,SULAWESI TENGAH,KAB. BANGGAI,Pagimana,-0.91010466,122.5681484,623341237941960703,,,,,> ~5 km / none found,False,6522.424650992887,6807.067926609637,6.81
28608,MALUKU UTARA,KAB. PULAU MOROTAI,Morotai Timur,2.16849787,128.515213,623530138723319807,25.0,,3.3,,> ~5 km / none found,True,3227.5849805932603,6805.763096178089,6.81
31625,KALIMANTAN TIMUR,KAB. PASER,Long Kali,-1.41390247,116.0694005,623337147863465983,,,,,> ~5 km / none found,False,5657.686777685213,6803.182731152713,6.8
67370,KALIMANTAN SELATAN,KAB. TAPIN,Candi Laras Utara,-2.6865098,114.9347171,623337224419737599,,,,,> ~5 km / none found,False,6800.526004335231,6800.526004335231,6.8
11855,MALUKU UTARA,KAB. HALMAHERA TENGAH,Weda Timur,0.47469241,128.316527,623529756763291647,,,,,> ~5 km / none found,False,5408.442887201016,6795.556041358596,6.8
91035,PAPUA BARAT,KAB. TELUK WONDAMA,Rumberpon,-1.90767293,134.15938503,623511363446669311,,,,,> ~5 km / none found,False,6794.391526294885,6794.391526294885,6.79
90523,PAPUA BARAT DAYA,KAB. SORONG SELATAN,Kokoda,-2.14731714,132.47901085,623514724269490175,,,,,> ~5 km / none found,False,6790.485367174238,6790.485367174238,6.79
17728,SULAWESI TENGAH,KAB. BANGGAI,Toili Barat,-1.49153301,122.1469355,623341621963259903,,,,,> ~5 km / none found,False,5586.067036254891,6790.1136369786545,6.79
42184,SULAWESI UTARA,KAB. MINAHASA UTARA,Wori,1.78370419,124.7926744,623340118665461759,,,,,> ~5 km / none found,False,6789.639300602404,6789.639300602404,6.79
46810,RIAU,KAB. INDRAGIRI HULU,Rengat Barat,-0.25023786,102.3630076,623974141910450175,,,,,> ~5 km / none found,False,6787.0981907407395,6787.0981907407395,6.79
32900,KALIMANTAN BARAT,KAB. KAPUAS HULU,Bunut Hilir,0.76299766,112.6113557,623338553860882431,,,,,> ~5 km / none found,False,6220.440688518359,6785.495335401846,6.79
27813,KALIMANTAN SELATAN,KAB. HULU SUNGAI UTARA,Amuntai Selatan,-2.37461563,115.1410896,623337207070392319,,,,,> ~5 km / none found,False,6785.194664000774,6785.194664000774,6.79
16424,KALIMANTAN TENGAH,KAB. SUKAMARA,Permata Kecubung,-2.19523267,111.2305285,623972045109952511,38.0,,5.016,,> ~5 km / none found,True,4627.856000905556,6784.8324615289885,6.78
26687,SULAWESI TENGAH,KAB. TOLI-TOLI,Tolitoli Utara,1.19512386,121.1224337,623339968978878463,2.0,,0.264,,> ~5 km / none found,True,219.72431177040832,6782.110759659954,6.78
83399,MALUKU UTARA,KAB. HALMAHERA SELATAN,Mandioli Selatan,-0.72289147,127.1975676,623529902890156031,,,,,> ~5 km / none found,False,6781.699827939072,6781.699827939072,6.78
90753,PAPUA,KAB. JAYAPURA,Airu,-3.6233981,140.05394024,623516850631376895,,,,,> ~5 km / none found,False,6780.864086267426,6780.864086267426,6.78
84280,MALUKU,KAB. SERAM BAGIAN TIMUR,Kian Darat,-3.70788453,130.7587827,624123321041747967,7.0,,0.924,,> ~5 km / none found,True,944.2249122230368,6780.678777450475,6.78
45107,SULAWESI TENGGARA,KAB. BOMBANA,Kabaena Tengah,-5.34087458,121.9699634,624118824378597375,,,,,> ~5 km / none found,False,6389.844356284269,6780.155103104015,6.78
89943,PAPUA BARAT DAYA,KAB. SORONG SELATAN,Kokoda,-2.18614395,132.5329477,623514397203005439,,,,,> ~5 km / none found,False,6779.621872916422,6779.621872916422,6.78
93176,PAPUA PEGUNUNGAN,KAB. YAHUKIMO,Dekai,-4.81529269,139.42921735,623511822074839039,,,,,> ~5 km / none found,False,6529.200380531572,6778.9661163699375,6.78
26069,ACEH,KAB. GAYO LUES,Terangun,3.98958022,96.99245463,623279353650085887,,,,,> ~5 km / none found,False,6778.490820961371,6778.490820961371,6.78
83051,PAPUA TENGAH,KAB. PUNCAK,Gome,-4.05737821,137.5924953,623512027982692351,,,,,> ~5 km / none found,False,6776.136443492062,6776.136443492062,6.78
71754,KALIMANTAN UTARA,KAB. BULUNGAN,Peso,2.48136154,116.6212659,623337911598120959,31.0,,4.092,,> ~5 km / none found,True,3681.0357997169817,6776.013198088918,6.78
55164,KALIMANTAN BARAT,KAB. SINTANG,Ambalau,-0.11131533,112.7516059,623338642463555583,21.0,,2.772,,> ~5 km / none found,True,2631.63897015629,6774.062291736293,6.77
88565,PAPUA BARAT DAYA,KAB. SORONG,Bagun,-1.28030193,131.62917506,623514676084506623,14.0,,1.848,,> ~5 km / none found,True,1726.4366584974473,6773.627030731295,6.77
49922,MALUKU UTARA,KAB. HALMAHERA SELATAN,Gane Timur Selatan,-0.66663452,128.1670006,624125446023380991,,,,,> ~5 km / none found,False,6772.948039593517,6772.948039593517,6.77
93346,PAPUA SELATAN,KAB. MERAUKE,Ulilin,-7.33757494,140.90474845,624255537381769215,,,,,> ~5 km / none found,False,6057.3229752354155,6772.815833483013,6.77
59024,KALIMANTAN BARAT,KAB. KUBU RAYA,Teluk Pakedai,-0.516972,109.132972,623969931212914687,,,,,> ~5 km / none found,False,6772.6774371464535,6772.6774371464535,6.77
29886,KALIMANTAN BARAT,KAB. KUBU RAYA,Teluk Pakedai,-0.516972,109.132972,623969931212914687,,,,,> ~5 km / none found,False,6772.6774371464535,6772.6774371464535,6.77
90932,PAPUA BARAT,KAB. KAIMANA,Kaimana,-3.69628318,133.96397522,623511499173232639,,,,,> ~5 km / none found,False,6770.313955244838,6770.313955244838,6.77
64645,JAMBI,KAB. KERINCI,Danau Kerinci,-2.03582793,101.58934,623974232979832831,,,,,> ~5 km / none found,False,5894.95599312707,6769.673270336774,6.77
37701,MALUKU,KAB. KEPULAUAN TANIMBAR,Wertamrian,-7.69493226,131.406003,624106990943633407,,,,,> ~5 km / none found,False,6139.063089516167,6764.281126358228,6.76
87600,MALUKU UTARA,KAB. PULAU TALIABU,Taliabu Utara,-1.74926672,124.7743748,624125000199143423,3.0,,0.396,,> ~5 km / none found,True,484.62904265748716,6762.527558648023,6.76
81577,SUMATERA UTARA,KAB. NIAS SELATAN,Pulau-Pulau Batu Barat,-0.1056283,98.2189635,623974762497572863,,,,,> ~5 km / none found,False,6761.972132231714,6761.972132231714,6.76
88322,PAPUA SELATAN,KAB. ASMAT,Pantai Kasuari,-6.24874868,138.6302658,624255985275961343,,,,,> ~5 km / none found,False,6759.811167419908,6759.811167419908,6.76
53518,KALIMANTAN TENGAH,KAB. KATINGAN,Bukit Raya,-1.03378579,112.2237975,623336542986534911,5.0,,0.66,,> ~5 km / none found,True,672.978214945029,6757.780643258824,6.76
21431,ACEH,KAB. ACEH TENGGARA,Lawe Sumur,3.48224526,97.93321669,623274217954738175,,,,,> ~5 km / none found,False,6151.764210840752,6754.555180073524,6.75
64156,SULAWESI TENGGARA,KAB. MUNA BARAT,Maginti,-4.87074611,122.2666303,624118933959016447,,,,,> ~5 km / none found,False,6753.600046614618,6753.600046614618,6.75
15009,KALIMANTAN BARAT,KAB. KETAPANG,Hulu Sungai,-0.88545071,110.8874817,623971940016947199,,,,,> ~5 km / none found,False,6752.011925958213,6752.011925958213,6.75
25144,SULAWESI TENGGARA,KAB. KOLAKA,Samaturu,-3.89021885,121.5107787,624120995678355455,,,,,> ~5 km / none found,False,5746.546790533262,6749.436731356765,6.75
4380,SUMATERA SELATAN,KAB. OGAN KOMERING ILIR,Pampangan,-3.32213834,104.9501566,623971405734838271,,,,,> ~5 km / none found,False,4659.381397413251,6748.720967746974,6.75
44365,RIAU,KAB. KEPULAUAN MERANTI,Tebing Tinggi Timur,0.82405357,102.7579433,623275803107098623,,,,,> ~5 km / none found,False,6747.98015327813,6747.98015327813,6.75
26079,ACEH,KAB. GAYO LUES,Puteri Betung,3.82514884,97.41638884,623274191352889343,,,,,> ~5 km / none found,False,6747.388296575579,6747.388296575579,6.75
64841,MALUKU UTARA,KAB. HALMAHERA TIMUR,Wasile Selatan,0.69659308,127.8758729,623529748352270335,27.0,,3.564,,> ~5 km / none found,True,3729.384036928782,6743.181750150655,6.74
90562,MALUKU UTARA,KAB. HALMAHERA SELATAN,Kasiruta Timur,-0.38216888,127.26827945,623529938274189311,,,,,> ~5 km / none found,False,6702.846313195299,6742.671456185452,6.74
58525,BENGKULU,KAB. MUKOMUKO,Selagan Raya,-2.46533635,101.3758388,623974345248636927,30.0,,3.96,,> ~5 km / none found,True,3943.2247009080334,6741.410181614581,6.74
33439,SULAWESI TENGAH,KAB. POSO,Lore Utara,-1.45588183,120.2480792,623340780499599359,,,,,> ~5 km / none found,False,6740.821698683364,6740.821698683364,6.74
61579,RIAU,KAB. PELALAWAN,Kerumutan,-0.10116056,102.4114881,623974144553943039,,,,,> ~5 km / none found,False,6739.730102750143,6739.730102750143,6.74
90852,PAPUA SELATAN,KAB. ASMAT,Sawa Erma,-5.09581858,138.2005051,624256208192569343,,,,,> ~5 km / none found,False,6733.307049739579,6733.307049739579,6.73
82002,JAMBI,KAB. BATANG HARI,Batin XXIV,-1.79748584,102.9369777,623969083521564671,3.0,,0.396,,> ~5 km / none found,True,364.506418253849,6729.844984676922,6.73
25434,KALIMANTAN BARAT,KAB. SINTANG,Ketungau Hulu,0.96747009,110.9624766,623338729290203135,19.0,,2.508,,> ~5 km / none found,True,2231.169388586106,6729.811404488788,6.73
39794,PAPUA TENGAH,KAB. NABIRE,Yaur,-3.40082938,134.9822326,623511072884588543,,,,,> ~5 km / none found,False,6728.34290735698,6728.34290735698,6.73
69546,KALIMANTAN BARAT,KAB. KETAPANG,Hulu Sungai,-1.10589357,110.8342015,623971921342726143,,,,,> ~5 km / none found,False,6725.817644855227,6725.817644855227,6.73
82889,GORONTALO,KAB. GORONTALO UTARA,Sumalata Timur,0.89498308,122.4997822,623339791756918783,,,,,> ~5 km / none found,False,6724.182967737904,6724.182967737904,6.72
63895,KALIMANTAN TENGAH,KAB. KATINGAN,Bukit Raya,-1.050308,112.226738,623336542929125375,8.0,,1.056,,> ~5 km / none found,True,1070.8349506676852,6723.84413368541,6.72
44856,SULAWESI TENGGARA,KAB. KONAWE UTARA,Lasolo Kepulauan,-3.39024246,122.3434815,624120820766212095,,,,,> ~5 km / none found,False,6723.811797132582,6723.811797132582,6.72
90620,PAPUA TENGAH,KAB. PUNCAK JAYA,Lumo,-3.63867355,137.83103369,623511656523431935,,,,,> ~5 km / none found,False,6720.038190519201,6720.038190519201,6.72
81096,MALUKU,KAB. BURU,Fena Leisela,-3.31646409,126.6200208,624122702411235327,31.0,,4.092,,> ~5 km / none found,True,3752.741245924724,6719.7588113916645,6.72
65999,SULAWESI TENGAH,KAB. SIGI,Lindu,-1.40262272,120.1792275,623340812609421311,,,,,> ~5 km / none found,False,6265.305550023455,6719.395125356357,6.72
56962,MALUKU UTARA,KAB. HALMAHERA SELATAN,Kayoa,0.02984031,127.2237812,623529924109565951,,,,,> ~5 km / none found,False,6718.617830801933,6718.617830801933,6.72
20294,SUMATERA UTARA,KAB. TAPANULI SELATAN,Sayur Matinggi,1.16608323,99.29814022,623276429979779071,31.0,,4.092,,> ~5 km / none found,True,3745.735614006807,6714.10119308773,6.71
32620,GORONTALO,KAB. BONE BOLANGO,Bone,0.39754038,123.4233497,623341561124945919,,,,,> ~5 km / none found,False,5703.621447912873,6713.547983995549,6.71
14863,KALIMANTAN TIMUR,KAB. KUTAI KARTANEGARA,Muara Kaman,0.09483888,116.75853728,623336137340256255,,,,,> ~5 km / none found,False,6712.558660611184,6712.558660611184,6.71
21779,KALIMANTAN SELATAN,KAB. TANAH BUMBU,Sungai Loban,-3.57736849,115.5952354,623336951697604607,,,,,> ~5 km / none found,False,6712.001711761837,6712.001711761837,6.71
82927,JAMBI,KAB. SAROLANGUN,Batang Asai,-2.57866206,102.2984278,623976373622964223,,,,,> ~5 km / none found,False,6711.184740498213,6711.184740498213,6.71
82879,PAPUA TENGAH,KAB. PUNCAK,Mabugi,-3.87291967,137.6107588,623512026299858943,,,,,> ~5 km / none found,False,6710.0835571903835,6710.0835571903835,6.71
38182,SULAWESI UTARA,KAB. BOLAANG MONGONDOW SELATAN,Tomini,0.39122042,123.7271558,623341566771757055,,,,,> ~5 km / none found,False,5966.87888175799,6709.048163162761,6.71
90462,SULAWESI UTARA,KAB. KEPULAUAN SANGIHE,Tatoareng,3.16630519,125.50934909,623532374780149759,,,,,> ~5 km / none found,False,6708.647008027579,6708.647008027579,6.71
29340,RIAU,KAB. KAMPAR,XIII Koto Kampar,0.13748327,100.9257139,623974174251384831,,,,,> ~5 km / none found,False,6708.338168999031,6708.338168999031,6.71
50083,RIAU,KAB. INDRAGIRI HILIR,Concong,-0.26259291,103.5333783,623969232473456639,,,,,> ~5 km / none found,False,6703.4821805485335,6703.4821805485335,6.7
42790,SULAWESI TENGAH,KAB. BANGGAI,Batui Selatan,-1.26324239,122.3250276,623341607272775679,,,,,> ~5 km / none found,False,6071.176740935463,6703.211933499367,6.7
71958,JAMBI,KAB. KERINCI,Bukit Kerman,-2.3199284,101.4676249,623974344861581311,14.0,,1.848,,> ~5 km / none found,True,2007.6177274741501,6700.526103284134,6.7
5012,SULAWESI TENGGARA,KAB. BUTON UTARA,Kambowa,-5.05512676,122.8733289,624118878994333695,,,,,> ~5 km / none found,False,6303.562675394398,6698.034619497924,6.7
59546,SULAWESI UTARA,KAB. BOLAANG MONGONDOW,Bolaang Timur,0.880835,124.2210503,623340502984851455,,,,,> ~5 km / none found,False,4760.937081549463,6697.682807282179,6.7
77816,MALUKU,KAB. BURU SELATAN,Namrole,-3.70666887,126.767344,624122668053528575,,,,,> ~5 km / none found,False,6696.839691858747,6696.839691858747,6.7
972,SUMATERA SELATAN,KAB. LAHAT,Tanjungsakti Pumu,-4.04979306,103.0610721,623976204447383551,,,,,> ~5 km / none found,False,6696.4546697624855,6696.4546697624855,6.7
76368,SUMATERA BARAT,KAB. PESISIR SELATAN,Lengayang,-1.49947671,100.8003618,623974068833091583,,,,,> ~5 km / none found,False,6696.125603950756,6696.125603950756,6.7
32032,KALIMANTAN SELATAN,KAB. BARITO KUALA,Bakumpai,-2.88368254,114.7805238,623337214705991679,28.0,,3.696,,> ~5 km / none found,True,3213.404880850745,6695.6024676655825,6.7
93619,PAPUA PEGUNUNGAN,KAB. YALIMO,Benawa,-3.73025293,139.82671098,623511684206067711,,,,,> ~5 km / none found,False,6695.244749768192,6695.244749768192,6.7
78725,SULAWESI TENGGARA,KAB. KOLAKA TIMUR,Loea,-4.09552695,121.8054352,624120992319438847,26.0,,3.432,,> ~5 km / none found,True,3165.034380905366,6689.991354422359,6.69
59372,SULAWESI SELATAN,KAB. LUWU UTARA,Seko,-2.4924954,119.7735984,624120253861691391,,,,,> ~5 km / none found,False,6530.147215675071,6689.4817484935265,6.69
80082,SULAWESI TENGAH,KAB. MOROWALI,Bungku Tengah,-2.65286137,121.8206019,624121103311142911,7.0,,0.924,,> ~5 km / none found,True,828.7420757135546,6683.046258814892,6.68
14041,MALUKU UTARA,KOTA TIDORE KEPULAUAN,Oba Tengah,0.58948615,127.6632585,623529768967766015,24.0,,3.168,,> ~5 km / none found,True,3010.56614419847,6682.907205609698,6.68
88689,PAPUA BARAT DAYA,KAB. SORONG,Buk,-1.40440432,131.77698249,623514671804973055,,,,,> ~5 km / none found,False,5252.81848626797,6681.924206925721,6.68
87804,MALUKU UTARA,KAB. HALMAHERA SELATAN,Obi,-1.43489713,127.71276421,624124660608434175,,,,,> ~5 km / none found,False,6043.93874581569,6680.919881691639,6.68
25614,SULAWESI TENGAH,KAB. BANGGAI,Balantak Utara,-0.79496123,123.356507,623341224986378239,,,,,> ~5 km / none found,False,5903.2208265827885,6679.552859475444,6.68
86698,PAPUA TENGAH,KAB. PUNCAK,Gome Utara,-4.00476126,137.7237149,623511627932991487,,,,,> ~5 km / none found,False,6677.131008624495,6677.131008624495,6.68
93523,PAPUA PEGUNUNGAN,KAB. YALIMO,Benawa,-3.77557464,139.82587249,623517003176083455,,,,,> ~5 km / none found,False,6676.024388204946,6676.024388204946,6.68
21854,KALIMANTAN TENGAH,KAB. SUKAMARA,Pantai Lunci,-2.86333908,111.2750715,623972061229285375,,,,,> ~5 km / none found,False,6063.067901496949,6675.1499689952725,6.68
85297,KALIMANTAN TIMUR,KAB. KUTAI BARAT,Muara Pahu,-0.27143085,116.1203203,623336147838861311,,,,,> ~5 km / none found,False,6674.607219742777,6674.607219742777,6.67
93295,PAPUA PEGUNUNGAN,KAB. NDUGA,Mbua Tengah,-4.4832346,138.54797358,623511863276666879,,,,,> ~5 km / none found,False,6674.075301791818,6674.075301791818,6.67
88124,PAPUA BARAT DAYA,KAB. TAMBRAUW,Amberbaken Barat,-0.55635655,132.94338011,623513668519133183,,,,,> ~5 km / none found,False,6670.228178917415,6670.228178917415,6.67
51314,KALIMANTAN TENGAH,KAB. KAPUAS,Pasak Talawang,-1.02714562,114.2276171,623335287473799167,,,,,> ~5 km / none found,False,6670.2008121797435,6670.2008121797435,6.67
82492,MALUKU,KAB. SERAM BAGIAN TIMUR,Teluk Waru,-3.30337947,130.5319171,623514784164806655,,,,,> ~5 km / none found,False,5998.006785676257,6669.058163583851,6.67
72051,RIAU,KAB. INDRAGIRI HILIR,Kuala Indragiri,-0.39953601,103.4413505,623969237830041599,,,,,> ~5 km / none found,False,6669.042195633563,6669.042195633563,6.67
42472,MALUKU,KAB. SERAM BAGIAN TIMUR,Siritaun Wida Timur,-3.73965358,130.7674018,624123320967069695,34.0,,4.488,,> ~5 km / none found,True,4579.5119604037545,6669.0280907181705,6.67
70285,SULAWESI TENGAH,KAB. BANGGAI,Toili,-1.38025638,122.2078806,623341595303280639,,,,,> ~5 km / none found,False,5290.59621746584,6668.523179594862,6.67
49230,BENGKULU,KAB. LEBONG,Lebong Selatan,-3.32876838,102.3314218,623976410952925183,26.0,,3.432,,> ~5 km / none found,True,3162.9427829790275,6668.3884330748815,6.67
5967,ACEH,KAB. BENER MERIAH,Syiah Utama,4.79408462,97.15020373,623279522271330303,,,,,> ~5 km / none found,False,6408.697289595612,6661.356312768312,6.66
25766,SUMATERA SELATAN,KAB. EMPAT LAWANG,Lintang Kanan,-3.96477696,102.9985537,623976199921270783,,,,,> ~5 km / none found,False,5898.17410722347,6661.073447170642,6.66
44911,SULAWESI SELATAN,KAB. TORAJA UTARA,Baruppu,-2.78956502,119.7040138,624120282862419967,,,,,> ~5 km / none found,False,5448.286281160129,6658.11625760746,6.66
61516,MALUKU UTARA,KAB. HALMAHERA SELATAN,Bacan Timur Selatan,-0.70915247,127.5768644,623529915932934143,,,,,> ~5 km / none found,False,5307.503561815855,6657.026922444586,6.66
92330,PAPUA PEGUNUNGAN,KAB. YALIMO,Abenaho,-3.90311697,139.19785193,623511705440911359,,,,,> ~5 km / none found,False,6656.825601026606,6656.825601026606,6.66
91250,PAPUA,KAB. BIAK NUMFOR,Biak Timur,-1.23401627,136.2146496,623514226558533631,,,,,> ~5 km / none found,False,6655.006242157011,6655.006242157011,6.66
56914,SULAWESI TENGAH,KAB. SIGI,Kulawi Selatan,-1.6282866,120.1016843,623340770938126335,,,,,> ~5 km / none found,False,5624.369220847826,6654.073721130454,6.65
86677,PAPUA TENGAH,KAB. PUNCAK,Ogamanim,-3.79892255,137.5218114,623512030156259327,30.0,,3.96,,> ~5 km / none found,True,3743.568595812196,6652.246348003425,6.65
83086,PAPUA TENGAH,KAB. PUNCAK,Gome,-4.03142321,137.7139118,623511627285823487,,,,,> ~5 km / none found,False,6649.510391589109,6649.510391589109,6.65
22004,RIAU,KAB. KEPULAUAN MERANTI,Tebing Tinggi Barat,0.83878718,102.4985154,623275884310364159,,,,,> ~5 km / none found,False,6647.597971256285,6647.597971256285,6.65
75847,ACEH,KAB. PIDIE,Tangse,5.0210738,95.83113719,623279077568937983,,,,,> ~5 km / none found,False,6611.591437399544,6646.475064104634,6.65
83045,PAPUA TENGAH,KAB. PUNCAK,Sinak,-3.85053497,137.7895594,623511625787408383,,,,,> ~5 km / none found,False,6639.415638523127,6639.415638523127,6.64
88957,PAPUA PEGUNUNGAN,KAB. PEGUNUNGAN BINTANG,Ok Aom,-4.79595072,140.57125638,623516727952867327,,,,,> ~5 km / none found,False,6638.735354646586,6638.735354646586,6.64
5188,JAWA TIMUR,KAB. SITUBONDO,Sumbermalang,-7.9389051,113.6346576,623988406724919295,24.0,,3.168,,> ~5 km / none found,True,2977.9375581105364,6634.835102439904,6.63
46761,SULAWESI TENGAH,KAB. PARIGI MOUTONG,Tinombo Selatan,0.05997001,120.0239573,623340668871606271,,,,,> ~5 km / none found,False,6590.843198822965,6634.80730600132,6.63
53898,ACEH,KOTA SUBULUSSALAM,Sultan Daulat,2.91622437,97.93373328,623281447686471679,,,,,> ~5 km / none found,False,5786.610306992778,6634.582748342284,6.63
54240,KALIMANTAN SELATAN,KAB. TABALONG,Bintang Ara,-1.62293077,115.4573485,623337087990824959,,,,,> ~5 km / none found,False,6634.113038487208,6634.113038487208,6.63
53734,SULAWESI TENGGARA,KAB. BUTON,Pasarwajo,-5.4063159,122.7996652,624118910537596927,,,,,> ~5 km / none found,False,5540.60429732842,6633.924195971863,6.63
66220,ACEH,KAB. ACEH SINGKIL,Pulau Banyak Barat,2.1871407,97.2853423,623281277240442879,,,,,> ~5 km / none found,False,6632.0257740390425,6632.0257740390425,6.63
25586,KALIMANTAN BARAT,KAB. SINTANG,Ambalau,0.01487132,112.7255803,623338674763300863,,,,,> ~5 km / none found,False,5823.246972846688,6631.749428785112,6.63
81501,KALIMANTAN UTARA,KAB. NUNUKAN,Sembakung,3.8109619,117.1299065,623338237389733887,,,,,> ~5 km / none found,False,6631.25524456814,6631.25524456814,6.63
88298,PAPUA SELATAN,KAB. ASMAT,Tomor Birip,-4.8219722,138.78725761,623511828793032703,,,,,> ~5 km / none found,False,6629.596654196467,6629.596654196467,6.63
92599,PAPUA SELATAN,KAB. MERAUKE,Merauke,-1.6270483,135.7746883,623511446167420927,,,,,> ~5 km / none found,False,6627.060959706188,6627.060959706188,6.63
88365,PAPUA SELATAN,KAB. MERAUKE,Okaba,-8.09795388,139.34864797,624254556382658559,,,,,> ~5 km / none found,False,6623.871882324129,6623.871882324129,6.62
60362,KALIMANTAN BARAT,KAB. KETAPANG,Matan Hilir Utara,-1.59489222,110.1126282,623971780869324799,,,,,> ~5 km / none found,False,6623.481906566368,6623.481906566368,6.62
91208,PAPUA PEGUNUNGAN,KAB. YALIMO,Apalapsili,-3.96993358,139.3364196,623511704742363135,,,,,> ~5 km / none found,False,6622.54984979249,6622.54984979249,6.62
59712,ACEH,KAB. ACEH SELATAN,Kluet Timur,3.16106996,97.48884055,623281411730145279,,,,,> ~5 km / none found,False,5648.296702575351,6620.358207450922,6.62
91686,PAPUA SELATAN,KAB. MAPPI,Kaibar,-5.52569025,139.68612807,624256115203670015,18.0,,2.376,,> ~5 km / none found,True,2210.4825602676074,6619.961534137443,6.62
45075,PAPUA TENGAH,KAB. MIMIKA,Mimika Barat Tengah,-4.35114621,135.8925205,623511290163789823,19.0,,2.508,,> ~5 km / none found,True,2409.531151696575,6617.1446150684005,6.62
79743,SULAWESI TENGGARA,KAB. KOLAKA TIMUR,Tinondo,-3.79294107,121.8200592,624120980202782719,31.0,,4.092,,> ~5 km / none found,True,3671.8142078333744,6616.864983402644,6.62
31243,SUMATERA SELATAN,KAB. EMPAT LAWANG,Sikap Dalam,-3.96751773,102.8998448,623976200072888319,38.0,,5.016,,> ~5 km / none found,True,5182.758673879323,6615.975872866057,6.62
25327,SUMATERA UTARA,KAB. TAPANULI SELATAN,Tano Tombangan Angkola,1.03236527,99.36411618,623276433969217535,,,,,> ~5 km / none found,False,6613.88544186284,6613.88544186284,6.61
74001,KALIMANTAN TENGAH,KAB. KATINGAN,Tewang Sangalang Garing,-1.85271179,113.228509,623336237614792703,,,,,> ~5 km / none found,False,6613.501597958676,6613.501597958676,6.61
22730,SULAWESI TENGAH,KAB. BANGGAI,Batui,-1.21238005,122.3655429,623341605051793407,13.0,,1.716,,> ~5 km / none found,True,1557.2338055114,6613.016076480631,6.61
89446,PAPUA PEGUNUNGAN,KAB. TOLIKARA,Gika,-3.50262662,138.4469869,623511648895467519,,,,,> ~5 km / none found,False,6609.76710749136,6609.76710749136,6.61
48775,JAMBI,KAB. SAROLANGUN,Limun,-2.61490053,102.3951314,623974263440211967,,,,,> ~5 km / none found,False,6249.059012715474,6608.18117177987,6.61
17718,KALIMANTAN TIMUR,KAB. KUTAI KARTANEGARA,Muara Kaman,-0.0067151,116.7706416,623336139391565823,,,,,> ~5 km / none found,False,6522.854057891327,6606.938968031258,6.61
61461,MALUKU,KAB. KEPULAUAN TANIMBAR,Kormomolin,-7.64098341,131.5167794,624107035661729791,,,,,> ~5 km / none found,False,5141.821234194189,6606.797365012614,6.61
93378,PAPUA PEGUNUNGAN,KAB. TOLIKARA,Gika,-3.50453427,138.45829955,623511650155692031,,,,,> ~5 km / none found,False,6605.440284958106,6605.440284958106,6.61
75608,KALIMANTAN BARAT,KAB. KETAPANG,Kendawangan,-2.84263651,110.8230103,623972069904449535,,,,,> ~5 km / none found,False,6602.986509931713,6602.986509931713,6.6
3666,SUMATERA UTARA,KAB. MANDAILING NATAL,Panyabungan Timur,0.84236203,99.70048122,623276677789712383,,,,,> ~5 km / none found,False,6595.841337498824,6595.841337498824,6.6
89070,PAPUA TENGAH,KAB. PANIAI,Paniai Timur,-3.92956388,136.55090638,623512069865701375,,,,,> ~5 km / none found,False,5201.972897039909,6591.252526500123,6.59
79491,JAMBI,KAB. BATANG HARI,Mersam,-1.56434279,103.0246087,623969080760664063,4.0,,0.528,,> ~5 km / none found,True,442.11041018293486,6590.972516644092,6.59
89894,PAPUA PEGUNUNGAN,KAB. TOLIKARA,Aweku,-3.75238371,138.36996211,623511619243147263,,,,,> ~5 km / none found,False,6590.311605478308,6590.311605478308,6.59
2805,SULAWESI BARAT,KAB. MAMASA,Mamasa,-2.85180552,119.3781554,624120270002651135,,,,,> ~5 km / none found,False,5533.5962911311935,6588.96893280647,6.59
80433,MALUKU,KAB. BURU SELATAN,Waesama,-3.60228518,127.1592546,624122747827224575,21.0,,2.772,,> ~5 km / none found,True,2748.307720838516,6588.122012115299,6.59
91341,PAPUA BARAT,KAB. PEGUNUNGAN ARFAK,Testega,-1.45743358,133.57083732,623513393169301503,,,,,> ~5 km / none found,False,6586.827364029163,6586.827364029163,6.59
37992,NUSA TENGGARA BARAT,KAB. SUMBAWA,Labuhan Badas,-8.25712658,117.5488151,624119259508834303,,,,,> ~5 km / none found,False,6580.626205269949,6580.626205269949,6.58
92279,PAPUA PEGUNUNGAN,KAB. YAHUKIMO,Werima,-4.31354579,139.12327728,623511853048201215,,,,,> ~5 km / none found,False,6579.974324177555,6579.974324177555,6.58
90357,PAPUA BARAT DAYA,KAB. TAMBRAUW,Kebar Timur,-0.78170609,133.22801565,623513692762898431,,,,,> ~5 km / none found,False,6579.925765007431,6579.925765007431,6.58
53575,SULAWESI TENGAH,KAB. PARIGI MOUTONG,Parigi Selatan,-0.89291278,120.0996224,623340647183613951,,,,,> ~5 km / none found,False,6579.0035081988,6579.0035081988,6.58
93228,PAPUA PEGUNUNGAN,KAB. NDUGA,Iniye,-4.31185138,138.51866204,623511867480997887,,,,,> ~5 km / none found,False,6577.199363287516,6577.199363287516,6.58
26093,ACEH,KAB. GAYO LUES,Terangun,3.99747457,97.05839354,623274187687362559,36.0,,4.752,,> ~5 km / none found,True,4519.624237565386,6574.046774446439,6.57
91039,PAPUA BARAT,KAB. TELUK WONDAMA,Soug Jaya,-1.89601374,134.07199727,623511369738715135,,,,,> ~5 km / none found,False,6571.753248846293,6571.753248846293,6.57
50655,SUMATERA UTARA,KAB. SAMOSIR,Harian,2.49186348,98.46971311,623281688295112703,,,,,> ~5 km / none found,False,6568.647874034301,6568.647874034301,6.57
89403,PAPUA TENGAH,KAB. DOGIYAI,Piyaiye,-4.03249722,135.67278635,623511267260891135,,,,,> ~5 km / none found,False,6566.014460991716,6566.014460991716,6.57
88380,PAPUA SELATAN,KAB. ASMAT,Pantai Kasuari,-6.17993345,138.57356842,624256218933264383,,,,,> ~5 km / none found,False,6565.5250753246355,6565.5250753246355,6.57
12262,KALIMANTAN UTARA,KAB. TANA TIDUNG,Betayau,3.45050501,117.0984512,623338255998681087,,,,,> ~5 km / none found,False,6563.29694540268,6563.29694540268,6.56
85402,KALIMANTAN TENGAH,KAB. BARITO SELATAN,Dusun Utara,-1.36581388,114.7655835,623337112428937215,,,,,> ~5 km / none found,False,6555.336421866828,6555.336421866828,6.56
4433,PAPUA TENGAH,KAB. MIMIKA,Jila,-4.30197122,137.6253862,623511776134234111,,,,,> ~5 km / none found,False,6553.382205800592,6553.382205800592,6.55
89898,PAPUA BARAT DAYA,KAB. TAMBRAUW,Bamusbama,-0.67802707,132.22502003,623530511973548031,,,,,> ~5 km / none found,False,6546.134741057826,6546.134741057826,6.55
70753,RIAU,KAB. INDRAGIRI HILIR,Kempas,-0.38905521,102.7886299,623974380110381055,,,,,> ~5 km / none found,False,6542.925627737719,6542.925627737719,6.54
85360,PAPUA BARAT,KAB. TELUK BINTUNI,Tuhiba,-1.85267691,133.3766914,623513411100147711,,,,,> ~5 km / none found,False,6542.09423414537,6542.09423414537,6.54
56988,MALUKU,KAB. KEPULAUAN TANIMBAR,Kormomolin,-7.65746546,131.4786496,624107002616119295,,,,,> ~5 km / none found,False,6541.59074580233,6541.59074580233,6.54
83120,PAPUA TENGAH,KAB. PUNCAK,Sinak Barat,-3.83657081,137.7355816,623511625649651711,,,,,> ~5 km / none found,False,6541.002622629611,6541.002622629611,6.54
38900,MALUKU,KAB. KEPULAUAN ARU,Aru Tengah Selatan,-6.71683541,134.6988395,623513135277965311,7.0,,0.924,,> ~5 km / none found,True,921.2699373637034,6540.003123756405,6.54
94072,PAPUA PEGUNUNGAN,KAB. TOLIKARA,Dundu,-3.46050426,138.34059207,623511649333575679,,,,,> ~5 km / none found,False,6539.80874211632,6539.80874211632,6.54
28087,KALIMANTAN TIMUR,KAB. MAHAKAM ULU,Long Pahangai,0.7190935,114.5793899,623335173500141567,,,,,> ~5 km / none found,False,6539.441523615304,6539.441523615304,6.54
89144,PAPUA BARAT DAYA,KAB. TAMBRAUW,Tobouw,-0.48592426,132.59611618,623513672514371583,,,,,> ~5 km / none found,False,6535.512190942502,6535.512190942502,6.54
88636,PAPUA PEGUNUNGAN,KAB. PEGUNUNGAN BINTANG,Pepera,-4.84725109,140.77279539,623516724315717631,,,,,> ~5 km / none found,False,6534.3757111249515,6534.3757111249515,6.53
63685,NUSA TENGGARA TIMUR,KAB. KUPANG,Amfoang Timur,-9.47075712,123.9751692,624102834212470783,,,,,> ~5 km / none found,False,5535.740922060885,6531.832064550817,6.53
86182,MALUKU UTARA,KAB. HALMAHERA BARAT,Jailolo,1.09209026,127.5619345,623529803109466111,,,,,> ~5 km / none found,False,6531.524852696326,6531.524852696326,6.53
83218,MALUKU,KAB. SERAM BAGIAN TIMUR,Siwalalat,-3.31599753,130.0491578,624125364666400767,,,,,> ~5 km / none found,False,5363.002103220689,6529.828242906381,6.53
64380,SULAWESI TENGAH,KAB. BANGGAI,Kintom,-1.06661313,122.6084698,623341233901076479,,,,,> ~5 km / none found,False,6528.381812266459,6528.381812266459,6.53
13464,KALIMANTAN TENGAH,KAB. PULANG PISAU,Jabiren Raya,-2.57570372,114.2690173,623336484046405631,,,,,> ~5 km / none found,False,4811.611317241186,6519.810970985143,6.52
88720,PAPUA PEGUNUNGAN,KAB. YAHUKIMO,Mugi,-4.30915751,139.12723448,623511853075365887,,,,,> ~5 km / none found,False,6517.6673448644415,6517.6673448644415,6.52
88088,PAPUA PEGUNUNGAN,KAB. JAYAWIJAYA,Walaik,-4.20219006,138.82634082,623511845603016703,,,,,> ~5 km / none found,False,6514.454112299945,6514.454112299945,6.51
72300,SULAWESI TENGGARA,KAB. KONAWE KEPULAUAN,Wawonii Selatan,-4.13871465,123.0798441,624126095435366399,,,,,> ~5 km / none found,False,6514.310862620981,6514.310862620981,6.51
75648,KALIMANTAN TIMUR,KAB. MAHAKAM ULU,Long Bagun,0.64284873,115.1255375,623335175396851711,30.0,,3.96,,> ~5 km / none found,True,3394.2193719952957,6512.262238583012,6.51
27065,KALIMANTAN TIMUR,KAB. PASER,Kuaro,-1.79514631,116.4034473,623336906394107903,,,,,> ~5 km / none found,False,6512.259213525032,6512.259213525032,6.51
34328,SULAWESI BARAT,KAB. MAMUJU,Kalumpang,-2.68589104,119.6561147,624120256157745151,,,,,> ~5 km / none found,False,6510.0280781967285,6510.0280781967285,6.51
90937,PAPUA BARAT,KAB. KAIMANA,Teluk Arguni Atas,-2.94720526,133.78869972,623511500606308351,34.0,,4.488,,> ~5 km / none found,True,4933.605125616693,6508.490104101784,6.51
85343,MALUKU UTARA,KAB. PULAU TALIABU,Taliabu Selatan,-1.83632325,124.7226266,624125016858394623,,,,,> ~5 km / none found,False,6507.014866665714,6507.014866665714,6.51
22448,KALIMANTAN TENGAH,KAB. KOTAWARINGIN TIMUR,Antang Kalang,-1.25848555,112.6226208,623336507971829759,,,,,> ~5 km / none found,False,6504.4750821025955,6504.4750821025955,6.5
50482,MALUKU,KAB. KEPULAUAN TANIMBAR,Wertamrian,-7.71037372,131.4013846,624106990978007039,,,,,> ~5 km / none found,False,5276.962736340384,6504.4531486141095,6.5
6005,ACEH,KAB. BENER MERIAH,Syiah Utama,4.61668056,97.18130957,623279506090065919,23.0,,3.036,,> ~5 km / none found,True,2900.1161521629497,6502.402270502163,6.5
82833,SULAWESI TENGGARA,KAB. KONAWE KEPULAUAN,Wawonii Utara,-4.09761517,123.1209114,624126096045047807,35.0,,4.62,,> ~5 km / none found,True,4115.109335645959,6502.2015316244815,6.5
22220,MALUKU UTARA,KAB. PULAU MOROTAI,Morotai Selatan Barat,2.28202006,128.3314094,623530124649103359,,,,,> ~5 km / none found,False,6501.772192492306,6501.772192492306,6.5
7299,KALIMANTAN TENGAH,KAB. KOTAWARINGIN TIMUR,Antang Kalang,-1.27828487,112.3657228,623336507320926207,31.0,,4.092,,> ~5 km / none found,True,3733.128082740328,6501.519068756989,6.5
52019,NUSA TENGGARA BARAT,KAB. SUMBAWA,Ropang,-8.95455471,117.4526697,624119242354360319,,,,,> ~5 km / none found,False,6498.453797829372,6498.453797829372,6.5
88221,MALUKU UTARA,KAB. HALMAHERA TIMUR,Maba Selatan,0.53083382,128.48044024,623529757864198143,,,,,> ~5 km / none found,False,6259.468793822258,6497.629657219543,6.5
89819,PAPUA,KAB. SARMI,Tor Atas,-2.26400371,138.79457653,623511991049093119,12.0,,1.584,,> ~5 km / none found,True,1771.789108743104,6496.84043663798,6.5
41551,SUMATERA UTARA,KAB. TAPANULI UTARA,Adiankoting,1.7904598,98.91969519,623276405139275775,,,,,> ~5 km / none found,False,6495.321455583672,6495.321455583672,6.5
88381,PAPUA SELATAN,KAB. ASMAT,Pantai Kasuari,-6.229651,138.68453206,624256218493059071,,,,,> ~5 km / none found,False,6494.023169419723,6494.023169419723,6.49
86800,MALUKU UTARA,KAB. HALMAHERA SELATAN,Kepulauan Joronga,-0.88928103,128.4140705,624125455414362111,,,,,> ~5 km / none found,False,6489.338057851183,6489.338057851183,6.49
38388,KALIMANTAN TENGAH,KAB. PULANG PISAU,Kahayan Tengah,-2.08830712,114.0287445,623336318882316287,18.0,,2.376,,> ~5 km / none found,True,2266.0126866998953,6487.630101383402,6.49
49391,SULAWESI TENGGARA,KAB. KOLAKA,Iwoimendaa,-3.7342336,121.1857874,624120753582112767,36.0,,4.752,,> ~5 km / none found,True,4515.568982769105,6486.702458706218,6.49
86356,KALIMANTAN TENGAH,KAB. SERUYAN,Seruyan Hulu,-1.45686168,112.0386877,623336528533815295,2.0,,0.264,,> ~5 km / none found,True,251.58374158408083,6484.127903121027,6.48
46959,BENGKULU,KAB. MUKOMUKO,V Koto,-2.35948757,101.2775158,623974296487264255,38.0,,5.016,,> ~5 km / none found,True,5028.61907851716,6482.554157034413,6.48
85867,SULAWESI TENGGARA,KAB. KONAWE UTARA,Wiwirano,-3.19329116,122.2336285,624120808510750719,1.0,,0.132,,> ~5 km / none found,True,116.12320850297913,6480.95395798536,6.48
86477,PAPUA BARAT DAYA,KAB. RAJA AMPAT,Salawati Utara,-0.92535052,131.1192575,623530442706255871,,,,,> ~5 km / none found,False,6480.765649070489,6480.765649070489,6.48
71671,KALIMANTAN SELATAN,KAB. TAPIN,Candi Laras Utara,-2.61825409,114.8632226,623337196457721855,28.0,,3.696,,> ~5 km / none found,True,3194.0454411381966,6480.26364994716,6.48
83457,NUSA TENGGARA BARAT,KAB. SUMBAWA,Tarano,-8.65324173,117.9779298,624119229857202175,,,,,> ~5 km / none found,False,6473.2721760860795,6473.2721760860795,6.47
23167,SULAWESI TENGGARA,KAB. KOLAKA TIMUR,Uluiwoi,-3.8231575,121.65598,624120762202750975,,,,,> ~5 km / none found,False,5232.643247833066,6471.69208410559,6.47
68321,RIAU,KAB. INDRAGIRI HILIR,Kuala Indragiri,-0.33254628,103.3745505,623969234055888895,,,,,> ~5 km / none found,False,6470.80654660053,6470.80654660053,6.47
50399,SULAWESI TENGAH,KAB. POSO,Lore Barat,-1.83684219,120.1420908,623340798450761727,,,,,> ~5 km / none found,False,6466.272727851867,6466.272727851867,6.47
14489,SUMATERA SELATAN,KAB. MUARA ENIM,Muara Belida,-3.07692848,104.4087505,623969383462797311,,,,,> ~5 km / none found,False,6465.528998319995,6465.528998319995,6.47
90512,PAPUA BARAT,KAB. KAIMANA,Teluk Arguni Bawah,-3.13648152,133.57186246,623511523161505791,33.0,,4.356,,> ~5 km / none found,True,4037.574811783555,6465.060218474579,6.47
49008,NUSA TENGGARA BARAT,KAB. DOMPU,Pekat,-8.37930584,117.9971802,624119348818575359,,,,,> ~5 km / none found,False,6463.584029501399,6463.584029501399,6.46
92285,PAPUA PEGUNUNGAN,KAB. YAHUKIMO,Werima,-4.32021553,139.11102044,623511853053018111,,,,,> ~5 km / none found,False,6463.56635901228,6463.56635901228,6.46
81847,PAPUA TENGAH,KAB. PUNCAK,Beoga Timur,-3.77158277,137.3540667,623512029511647231,,,,,> ~5 km / none found,False,6460.882727804475,6460.882727804475,6.46
42480,MALUKU,KAB. SERAM BAGIAN TIMUR,Siritaun Wida Timur,-3.75205774,130.7689886,624123321225117695,,,,,> ~5 km / none found,False,5948.167829647485,6457.228972146369,6.46
42235,KEPULAUAN RIAU,KAB. KEPULAUAN ANAMBAS,Jemaja Barat,3.10394002,105.6541347,623277136474570751,,,,,> ~5 km / none found,False,6456.2736772309445,6456.2736772309445,6.46
12306,SULAWESI TENGGARA,KAB. KOLAKA UTARA,Rante Angin,-3.59291093,121.0852912,624120750324711423,,,,,> ~5 km / none found,False,5717.64998054362,6456.059422643378,6.46
71557,MALUKU,KAB. BURU SELATAN,Waesama,-3.68910406,126.9444278,624122669119733759,2.0,,0.264,,> ~5 km / none found,True,312.6441713942477,6455.791937966225,6.46
53466,KALIMANTAN BARAT,KAB. MELAWI,Sayan,-0.8964188,111.7166353,623338600279736319,,,,,> ~5 km / none found,False,6455.008653349766,6455.008653349766,6.46
3729,SUMATERA UTARA,KAB. LANGKAT,Besitang,3.92309298,98.03511367,623274231318642687,,,,,> ~5 km / none found,False,6451.804706859928,6451.804706859928,6.45
1578,SUMATERA SELATAN,KAB. MUSI BANYUASIN,Sanga Desa,-2.802917,103.4668651,623976336759619583,2.0,,0.264,,> ~5 km / none found,True,279.0387969790486,6449.750714896929,6.45
44986,KALIMANTAN TIMUR,KAB. PASER,Batu Engau,-2.08574042,116.3013048,623336795811807231,,,,,> ~5 km / none found,False,6217.125088831964,6446.181166176357,6.45
23995,SULAWESI TENGAH,KAB. TOJO UNA UNA,Ulubongka,-1.29079254,121.646936,623341645573029887,,,,,> ~5 km / none found,False,6446.059950844512,6446.059950844512,6.45
92254,PAPUA PEGUNUNGAN,KAB. YAHUKIMO,Kwelamdua,-4.73433139,139.71708749,623516981039038463,,,,,> ~5 km / none found,False,6445.855199730046,6445.855199730046,6.45
88079,SUMATERA UTARA,KAB. NIAS SELATAN,Hibala,-0.53491959,98.42577282,623974530600796159,,,,,> ~5 km / none found,False,5090.285322903784,6444.896028029454,6.44
2106,LAMPUNG,KAB. TULANG BAWANG,Dente Teladas,-4.65027431,105.8740996,623971486610817023,,,,,> ~5 km / none found,False,6443.709936926821,6443.709936926821,6.44
89593,PAPUA TENGAH,KAB. PANIAI,Paniai Timur,-3.97082827,136.57310475,623512071095681023,,,,,> ~5 km / none found,False,6442.761108997701,6442.761108997701,6.44
90429,PAPUA TENGAH,KAB. PANIAI,Paniai Timur,-3.97082827,136.57310475,623512071095681023,,,,,> ~5 km / none found,False,6442.761108997701,6442.761108997701,6.44
2417,SUMATERA UTARA,KAB. LANGKAT,Bahorok,3.33838968,98.158198,623274463533236223,3.0,,0.396,,> ~5 km / none found,True,400.4649065653976,6438.704690350724,6.44
65992,SULAWESI TENGAH,KAB. DONGGALA,Sindue,-0.56362247,119.9201757,623340685248593919,,,,,> ~5 km / none found,False,6434.1110536812985,6434.1110536812985,6.43
90993,PAPUA SELATAN,KAB. BOVEN DIGOEL,Fofi,-6.18916678,139.98993468,624256396689113087,,,,,> ~5 km / none found,False,6430.748598195988,6430.748598195988,6.43
89303,PAPUA BARAT,KAB. KAIMANA,Kaimana,-3.61593023,133.9054591,623511497071558655,,,,,> ~5 km / none found,False,6429.291638705185,6429.291638705185,6.43
45760,SULAWESI TENGAH,KAB. BANGGAI LAUT,Bokan Kepulauan,-2.05818235,123.8706132,623341387861786623,,,,,> ~5 km / none found,False,6419.331380398389,6419.331380398389,6.42
86504,MALUKU UTARA,KAB. PULAU TALIABU,Taliabu Utara,-1.78608632,124.526176,624125048098848767,14.0,,1.848,,> ~5 km / none found,True,1698.1795573580478,6417.17461096908,6.42
89963,PAPUA SELATAN,KAB. BOVEN DIGOEL,Kouh,-5.78363248,140.09978987,624256414355718143,,,,,> ~5 km / none found,False,6416.2596063151195,6416.2596063151195,6.42
12858,SULAWESI TENGAH,KAB. TOLI-TOLI,Basidondo,0.75577905,120.8315185,623341018850656255,,,,,> ~5 km / none found,False,5606.742064301844,6416.099453666037,6.42
65934,KALIMANTAN UTARA,KAB. NUNUKAN,Lumbis Ogong,3.8720802,116.5266397,623338276692066303,32.0,,4.224,,> ~5 km / none found,True,4138.200094831086,6415.674392302617,6.42
52483,JAMBI,KAB. MUARO JAMBI,Kumpeh,-1.6352674,103.9907937,623969127482687487,,,,,> ~5 km / none found,False,6415.41087655446,6415.41087655446,6.42
45897,MALUKU,KAB. MALUKU BARAT DAYA,Kepulauan Roma,-7.57508936,127.4284431,624124455490224127,,,,,> ~5 km / none found,False,6415.387062115679,6415.387062115679,6.42
21227,ACEH,KAB. ACEH TENGAH,Ketol,4.73771725,96.55607022,623279482134822911,,,,,> ~5 km / none found,False,6379.339206500922,6414.886668809338,6.41
27739,MALUKU UTARA,KAB. PULAU MOROTAI,Morotai Selatan Barat,2.34436029,128.3373648,623530125197934591,,,,,> ~5 km / none found,False,6413.9561196485065,6413.9561196485065,6.41
91423,PAPUA PEGUNUNGAN,KAB. PEGUNUNGAN BINTANG,Okbape,-4.87119475,140.30383668,623516993526333439,,,,,> ~5 km / none found,False,6411.9724431384975,6411.9724431384975,6.41
48995,MALUKU,KAB. BURU,Air Buaya,-3.17821766,126.4505735,624122707507773439,,,,,> ~5 km / none found,False,5295.130407349179,6409.71208857222,6.41
12083,KALIMANTAN UTARA,KAB. TANA TIDUNG,Tana Lia,3.65884496,117.6258072,623328140405112831,,,,,> ~5 km / none found,False,6406.620170959949,6406.620170959949,6.41
87672,PAPUA SELATAN,KAB. ASMAT,Fayit,-6.07829055,138.44401284,624256214601793535,,,,,> ~5 km / none found,False,6405.507480118868,6405.507480118868,6.41
70744,MALUKU,KAB. BURU,Air Buaya,-3.16327645,126.4886746,624122707215745023,,,,,> ~5 km / none found,False,5168.34321938319,6405.372915586162,6.41
90985,PAPUA SELATAN,KAB. BOVEN DIGOEL,Waropko,-5.61270415,140.76227902,623516719252865023,,,,,> ~5 km / none found,False,6404.08153830543,6404.08153830543,6.4
27103,KALIMANTAN BARAT,KAB. KETAPANG,Sungai Laur,-0.87237673,110.5906361,623971892466057215,37.0,,4.884,,> ~5 km / none found,True,4477.981622980834,6403.75152787149,6.4
87272,MALUKU UTARA,KAB. HALMAHERA TIMUR,Maba,0.88759988,128.1925905,623529791127060479,,,,,> ~5 km / none found,False,6402.888026360202,6402.888026360202,6.4
12337,KEPULAUAN RIAU,KAB. NATUNA,Serasan,2.49061094,108.9488199,623354061586530303,3.0,,0.396,,> ~5 km / none found,True,440.4575555322044,6401.489230415252,6.4
91491,PAPUA SELATAN,KAB. BOVEN DIGOEL,Waropko,-5.41192211,140.9168861,623516692343554047,,,,,> ~5 km / none found,False,6397.13939610612,6397.13939610612,6.4
49743,SULAWESI TENGAH,KAB. BANGGAI LAUT,Bokan Kepulauan,-1.93012704,123.72355,623341391952019455,,,,,> ~5 km / none found,False,6397.050022093434,6397.050022093434,6.4
12998,LAMPUNG,KAB. PESISIR BARAT,Bangkunat,-5.67649311,104.5299194,623961478407618559,,,,,> ~5 km / none found,False,5339.282197172781,6396.156415329427,6.4
92635,PAPUA PEGUNUNGAN,KAB. YAHUKIMO,Dekai,-4.81276309,139.65794823,623516983632560127,,,,,> ~5 km / none found,False,6394.832729384158,6394.832729384158,6.39
9798,KALIMANTAN TENGAH,KOTA PALANGKARAYA,Sabangau,-2.32719136,113.8246989,623336473660686335,,,,,> ~5 km / none found,False,6394.453022190701,6394.453022190701,6.39
84759,SUMATERA BARAT,KAB. KEPULAUAN MENTAWAI,Sipora Utara,-2.15203933,99.59286427,623974813819764735,1.0,,0.132,,> ~5 km / none found,True,89.31578175485775,6394.376794045947,6.39
34462,ACEH,KAB. ACEH BARAT DAYA,Lembah Sabil,3.64192331,97.03630703,623279383418437631,,,,,> ~5 km / none found,False,6393.583477282563,6393.583477282563,6.39
93642,PAPUA PEGUNUNGAN,KAB. TOLIKARA,Nunggawi,-3.75557702,138.34113251,623511619542351871,,,,,> ~5 km / none found,False,6390.041021232258,6390.041021232258,6.39
73938,SULAWESI UTARA,KAB. BOLAANG MONGONDOW SELATAN,Pinolosian,0.46747992,124.0820972,623340273693786111,30.0,,3.96,,> ~5 km / none found,True,4015.119801704417,6389.959964049576,6.39
43255,ACEH,KAB. ACEH TENGGARA,Darul Hasanah,3.58949469,97.66422575,623274227841859583,33.0,,4.356,,> ~5 km / none found,True,4196.292827629987,6389.655214640948,6.39
92334,PAPUA PEGUNUNGAN,KAB. YAHUKIMO,Ninia,-0.5352333,130.580325,623530470573408255,,,,,> ~5 km / none found,False,6384.978454425733,6387.915670747908,6.39
81587,JAMBI,KAB. TANJUNG JABUNG TIMUR,S a d u,-1.61915504,104.3916733,623969006546518015,,,,,> ~5 km / none found,False,6384.629938856131,6384.629938856131,6.38
88308,PAPUA SELATAN,KAB. MERAUKE,Padua,-7.49042914,138.72472359,624256320656834559,,,,,> ~5 km / none found,False,6384.45542513101,6384.45542513101,6.38
50518,GORONTALO,KAB. BONE BOLANGO,Bulango Ulu,0.63432014,123.2401161,623341562210058239,,,,,> ~5 km / none found,False,6383.872382023696,6383.872382023696,6.38
93712,PAPUA BARAT DAYA,KAB. RAJA AMPAT,Waigeo Utara,-0.13623552,131.02832797,623530322019450879,,,,,> ~5 km / none found,False,6383.68991145274,6383.68991145274,6.38
54975,ACEH,KAB. ACEH TIMUR,Serbajadi,4.50704317,97.4536523,623274207691112447,,,,,> ~5 km / none found,False,6381.994816910522,6381.994816910522,6.38
29341,RIAU,KAB. KEPULAUAN MERANTI,Tasik Putri Puyu,1.33172364,102.2592434,623275844444651519,,,,,> ~5 km / none found,False,6379.903352883,6379.903352883,6.38
87322,PAPUA BARAT,KAB. FAK FAK,Fakfak Timur Tengah,-3.03793302,132.56832644,623514597647122431,,,,,> ~5 km / none found,False,6378.1861540886775,6378.1861540886775,6.38
63803,KALIMANTAN BARAT,KAB. KETAPANG,Hulu Sungai,-0.88899056,110.7275232,623971891228737535,3.0,,0.396,,> ~5 km / none found,True,498.7181917618062,6376.904025531787,6.38
32958,KALIMANTAN TENGAH,KAB. GUNUNG MAS,Tewah,-0.99698902,113.8251595,623336584534982655,17.0,,2.244,,> ~5 km / none found,True,2334.031419344925,6371.403927303682,6.37
51136,KEPULAUAN RIAU,KAB. KARIMUN,Sugie Besar,0.82983144,103.8760799,623276059869642751,,,,,> ~5 km / none found,False,6371.007099311233,6371.007099311233,6.37
11709,SULAWESI BARAT,KAB. MAMUJU,Bonehau,-2.63933631,119.3289318,624120306863570943,,,,,> ~5 km / none found,False,6367.726292106504,6367.726292106504,6.37
58072,RIAU,KAB. INDRAGIRI HILIR,Tempuling,-0.38677542,102.9274469,623974380255412223,,,,,> ~5 km / none found,False,6366.937162592328,6366.937162592328,6.37
92283,PAPUA PEGUNUNGAN,KAB. YAHUKIMO,Werima,-4.32175021,139.06592128,623511855495413759,,,,,> ~5 km / none found,False,6365.9506623964635,6365.9506623964635,6.37
22306,RIAU,KAB. KEPULAUAN MERANTI,Merbau,1.09664186,102.310268,623275833868287999,,,,,> ~5 km / none found,False,6365.497495074534,6365.497495074534,6.37
29248,KEPULAUAN RIAU,KOTA BATAM,Belakang Padang,0.94113502,103.7730893,623276063155453951,32.0,,4.224,,> ~5 km / none found,True,3869.0453439346593,6364.835569626877,6.36
90088,PAPUA BARAT DAYA,KAB. TAMBRAUW,Ireres,-0.91260418,132.86433271,623513697671806975,,,,,> ~5 km / none found,False,6363.30580474313,6363.30580474313,6.36
90907,PAPUA PEGUNUNGAN,KAB. YALIMO,Welarek,-3.88450715,139.65666662,623511699443843071,,,,,> ~5 km / none found,False,6363.121899543821,6363.121899543821,6.36
84308,GORONTALO,KAB. BONE BOLANGO,Bone Raya,0.39790959,123.3652897,623341557760720895,19.0,,2.508,,> ~5 km / none found,True,2450.9163784728953,6361.640222868678,6.36
53694,SULAWESI SELATAN,KAB. PANGKAJENE KEPULAUAN,Liukang Tupabbiring,-4.96751677,119.2874221,624118023800848383,,,,,> ~5 km / none found,False,6361.437636107608,6361.437636107608,6.36
30370,RIAU,KAB. ROKAN HULU,Tambusai,1.19573871,100.5291607,623276349235527679,,,,,> ~5 km / none found,False,5376.776686429516,6359.7493250423595,6.36
55266,SUMATERA UTARA,KAB. PADANG LAWAS,Sosopan,1.1921328,99.61892751,623276435566264319,18.0,,2.376,,> ~5 km / none found,True,2242.241315378964,6358.69950812469,6.36
30206,JAMBI,KAB. MERANGIN,Muara Siau,-2.32307665,102.14494,623974272607092735,,,,,> ~5 km / none found,False,6358.50653007235,6358.50653007235,6.36
87081,PAPUA BARAT,KAB. MANOKWARI,Warmare,-0.99518649,133.82729696,623513434121666559,,,,,> ~5 km / none found,False,6354.629727347199,6354.629727347199,6.35
86025,GORONTALO,KAB. BONE BOLANGO,Pinogu,0.44152436,123.424527,623341557515517951,,,,,> ~5 km / none found,False,6327.846208053889,6352.927410225511,6.35
28706,ACEH,KAB. ACEH SELATAN,Trumon,2.62931886,97.72356389,623281430809214975,,,,,> ~5 km / none found,False,6350.734307735097,6350.734307735097,6.35
88791,PAPUA,KAB. WAROPEN,Wapoga,-2.75079969,136.22742086,623511160603312127,,,,,> ~5 km / none found,False,6349.075941428867,6349.075941428867,6.35
36205,SULAWESI TENGAH,KAB. POSO,Poso Pesisir Utara,-1.18595271,120.4991516,623340891575549951,,,,,> ~5 km / none found,False,5128.780971660401,6348.240857894611,6.35
58335,ACEH,KAB. ACEH TENGGARA,Tanoh Alas,3.34193263,97.79568461,623281417446621183,33.0,,4.356,,> ~5 km / none found,True,4025.7930696267194,6346.894410709632,6.35
59899,ACEH,KAB. GAYO LUES,Terangun,4.05998868,96.84245564,623279349086945279,,,,,> ~5 km / none found,False,6346.071629232005,6346.071629232005,6.35
65743,NUSA TENGGARA TIMUR,KAB. KUPANG,Amfoang Timur,-9.45660349,124.0315842,624102833992859647,,,,,> ~5 km / none found,False,6342.744698349424,6342.744698349424,6.34
82159,PAPUA TENGAH,KAB. PUNCAK,Ilaga Utara,-3.85423199,137.6472331,623511657763110911,,,,,> ~5 km / none found,False,6341.917580253914,6341.917580253914,6.34
82966,SULAWESI UTARA,KAB. MINAHASA UTARA,Wori,1.77898708,124.7923234,623340114795528191,,,,,> ~5 km / none found,False,6341.480744637822,6341.480744637822,6.34
76596,KALIMANTAN SELATAN,KAB. TAPIN,Tapin Tengah,-3.06675412,114.9736312,623337222024298495,,,,,> ~5 km / none found,False,4838.758636440758,6340.744649991219,6.34
48864,PAPUA TENGAH,KAB. NABIRE,Dipa,-3.84394751,135.9213128,623511266086027263,,,,,> ~5 km / none found,False,6339.930937333228,6339.930937333228,6.34
18177,SUMATERA UTARA,KAB. MANDAILING NATAL,Batang Natal,0.77813641,99.38482494,623276415823773695,,,,,> ~5 km / none found,False,6338.248760161659,6338.248760161659,6.34
65956,KALIMANTAN TENGAH,KAB. BARITO UTARA,Lahei Barat,-0.76527887,114.8141606,623335284633174015,,,,,> ~5 km / none found,False,5038.79385872377,6335.21768102182,6.34
19970,SULAWESI UTARA,KAB. BOLAANG MONGONDOW,Poigar,0.90641212,124.242459,623340503469162495,18.0,,2.376,,> ~5 km / none found,True,2284.710804221344,6334.911196980886,6.33
90431,PAPUA BARAT DAYA,KAB. SORONG,Sayosa,-1.16049774,131.67767274,623514676366704639,16.0,,2.112,,> ~5 km / none found,True,2014.8397270655805,6330.466625622059,6.33
90172,PAPUA PEGUNUNGAN,KAB. YAHUKIMO,Hilipuk,-4.55728692,139.46107856,623511820004524031,,,,,> ~5 km / none found,False,6329.865798441518,6329.865798441518,6.33
52190,SUMATERA UTARA,KAB. PADANG LAWAS,Barumun Selatan,0.96288776,99.68865368,623276679714471935,,,,,> ~5 km / none found,False,6327.068236534646,6327.068236534646,6.33
80462,SUMATERA BARAT,KAB. PESISIR SELATAN,Basa Ampek Balai Tapan,-2.13040658,100.9988982,623974295540137983,,,,,> ~5 km / none found,False,5341.731195869457,6326.772439002151,6.33
16195,SUMATERA UTARA,KAB. MANDAILING NATAL,Batang Natal,0.77200563,99.34791073,623276416029065215,,,,,> ~5 km / none found,False,6324.222024779974,6324.222024779974,6.32
74138,KALIMANTAN UTARA,KAB. NUNUKAN,Lumbis,3.87366843,116.7334698,623338229557821439,,,,,> ~5 km / none found,False,5589.335913512001,6323.461828964227,6.32
37066,SUMATERA UTARA,KAB. MANDAILING NATAL,Muara Batang Gadis,1.0549631,99.15382002,623276381938810879,,,,,> ~5 km / none found,False,5246.68579753937,6322.529339110103,6.32
44476,MALUKU UTARA,KAB. HALMAHERA TENGAH,Patani Barat,0.38704078,128.5693581,623529991972519935,38.0,,5.016,,> ~5 km / none found,True,5284.4520894277575,6320.2503604479925,6.32
50769,SULAWESI TENGGARA,KAB. KONAWE UTARA,Andowia,-3.59084375,122.0505015,624120821935472639,,,,,> ~5 km / none found,False,5514.487410094109,6319.640679360878,6.32
64074,SULAWESI TENGGARA,KAB. KONAWE UTARA,Lasolo,-3.65116017,122.141292,624120821548548095,,,,,> ~5 km / none found,False,4993.195528629018,6319.075904699717,6.32
2922,LAMPUNG,KAB. TULANG BAWANG,Gedung Meneng,-4.38605575,105.4756705,623971242801758207,,,,,> ~5 km / none found,False,5115.588877260035,6317.7022168261,6.32
86377,GORONTALO,KAB. BONE BOLANGO,Pinogu,0.50908915,123.4884781,623341558905536511,,,,,> ~5 km / none found,False,6149.467758511068,6315.2582498000775,6.32
91635,PAPUA PEGUNUNGAN,KAB. YALIMO,Abenaho,-3.92702385,139.1309522,623511692851347455,,,,,> ~5 km / none found,False,6315.189478677061,6315.189478677061,6.32
47029,JAMBI,KAB. KERINCI,Siulak Mukai,-1.75641392,101.468388,623974311468138495,25.0,,3.3,,> ~5 km / none found,True,2931.816556956822,6315.118421747186,6.32
4074,SULAWESI TENGAH,KAB. POSO,Poso Pesisir Selatan,-1.44678673,120.5465895,623340889432424447,,,,,> ~5 km / none found,False,5535.548750608466,6312.821828277575,6.31
87601,PAPUA BARAT DAYA,KAB. MAYBRAT,Aifat Timur Tengah,-1.26116407,132.70878157,623514739478527999,,,,,> ~5 km / none found,False,6310.511199462759,6310.511199462759,6.31
22560,MALUKU UTARA,KAB. PULAU MOROTAI,Morotai Jaya,2.43162864,128.38659,623529077750333439,,,,,> ~5 km / none found,False,6309.590529884863,6309.590529884863,6.31
87159,KALIMANTAN TENGAH,KAB. SERUYAN,Suling Tambun,-1.22194949,111.8109817,623972185740738559,13.0,,1.716,,> ~5 km / none found,True,1458.4880755341364,6307.540599364396,6.31
93519,PAPUA PEGUNUNGAN,KAB. JAYAWIJAYA,Welesi,-4.21174951,138.87398205,623511845548687359,,,,,> ~5 km / none found,False,6303.545036819708,6303.545036819708,6.3
58138,NUSA TENGGARA BARAT,KAB. SUMBAWA,Rhee,-8.52086338,117.2055547,624119273279324159,28.0,,3.696,,> ~5 km / none found,True,3066.3399603853472,6303.544793585762,6.3
13212,SUMATERA UTARA,KAB. TAPANULI SELATAN,Batang Toru,1.5695084,99.08386405,623276395548082175,,,,,> ~5 km / none found,False,6297.526542588585,6297.526542588585,6.3
58158,MALUKU UTARA,KAB. HALMAHERA SELATAN,Mandioli Selatan,-0.70506494,127.2232575,623529900511035391,38.0,,5.016,,> ~5 km / none found,True,4695.498214150679,6297.070591521355,6.3
77789,KALIMANTAN UTARA,KAB. BULUNGAN,Peso,2.59882679,116.6556592,623337884038103039,14.0,,1.848,,> ~5 km / none found,True,1621.2302094159904,6296.701750204515,6.3
69453,MALUKU UTARA,KAB. HALMAHERA TENGAH,Weda Utara,0.53596734,128.0750374,623529777624940543,,,,,> ~5 km / none found,False,6295.206850204413,6295.206850204413,6.3
93747,PAPUA SELATAN,KAB. MAPPI,Mambioman Bapai,-6.5479321,139.08635008,624255974937034751,,,,,> ~5 km / none found,False,6293.88256909191,6293.88256909191,6.29
86424,KALIMANTAN TENGAH,KAB. SERUYAN,Seruyan Hilir,-2.92184627,112.2228145,623987853546913791,,,,,> ~5 km / none found,False,6289.63393910189,6289.63393910189,6.29
89556,PAPUA TENGAH,KAB. PUNCAK JAYA,Wanwi,-3.62711997,138.06826649,623511608395137023,,,,,> ~5 km / none found,False,5836.024773211704,6288.406019384405,6.29
89713,PAPUA BARAT,KAB. KAIMANA,Yamor,-3.77923388,135.00250145,623511239678132223,23.0,,3.036,,> ~5 km / none found,True,2874.275246696704,6286.132404751528,6.29
78567,SULAWESI TENGAH,KAB. MOROWALI UTARA,Mamosalato,-1.46033894,121.9677739,623341610689265663,,,,,> ~5 km / none found,False,5547.000833188899,6285.354774052049,6.29
89679,PAPUA PEGUNUNGAN,KAB. TOLIKARA,Gilubandu,-3.60596041,138.29943176,623511605307998207,,,,,> ~5 km / none found,False,6285.137952128676,6285.137952128676,6.29
58190,SUMATERA SELATAN,KAB. OGAN KOMERING ILIR,Cengal,-3.38882633,105.7957916,623971380454555647,,,,,> ~5 km / none found,False,6283.414411749175,6283.414411749175,6.28
92813,PAPUA PEGUNUNGAN,KAB. YAHUKIMO,Kurima,-0.14756385,130.22979382,623530718588469247,,,,,> ~5 km / none found,False,6283.352749169087,6283.352749169087,6.28
93057,PAPUA BARAT DAYA,KAB. RAJA AMPAT,Waigeo Barat,-0.14756385,130.22979382,623530718588469247,,,,,> ~5 km / none found,False,6283.352749169087,6283.352749169087,6.28
78762,NUSA TENGGARA BARAT,KAB. LOMBOK UTARA,Kayangan,-8.36180133,116.3709414,624129360142696447,,,,,> ~5 km / none found,False,4961.1230018968945,6282.450139466434,6.28
22927,NUSA TENGGARA TIMUR,KAB. SUMBA TENGAH,Katiku Tana Selatan,-9.71971333,119.5808671,624129900043436031,,,,,> ~5 km / none found,False,5701.974850748607,6280.180475147302,6.28
19262,RIAU,KAB. BENGKALIS,Bandar Laksamana,1.54582105,101.7899684,623275856608165887,,,,,> ~5 km / none found,False,6278.570904622679,6278.570904622679,6.28
44317,KALIMANTAN UTARA,KAB. NUNUKAN,Lumbis,3.89190496,116.7209306,623338229586362367,,,,,> ~5 km / none found,False,6278.317213719746,6278.317213719746,6.28
46022,ACEH,KAB. ACEH TENGGARA,Badar,3.58307995,97.84809439,623274212345806847,,,,,> ~5 km / none found,False,6246.189647272094,6274.784265923568,6.27
82426,ACEH,KAB. ACEH JAYA,Pasie Raya,4.60248832,95.98217576,623279111845412863,,,,,> ~5 km / none found,False,6273.28808069112,6273.28808069112,6.27
35546,KALIMANTAN TENGAH,KAB. BARITO UTARA,Lahei Barat,-0.63610996,114.9627741,623335283832356863,,,,,> ~5 km / none found,False,6270.847504578944,6270.847504578944,6.27
50623,SULAWESI SELATAN,KAB. LUWU UTARA,Tana Lili,-2.52884313,120.5810211,624121010676236287,,,,,> ~5 km / none found,False,5085.134480630338,6268.2450225413395,6.27
62987,RIAU,KAB. PELALAWAN,Ukui,-0.28486817,102.0433698,623974122525851647,19.0,,2.508,,> ~5 km / none found,True,2335.5071476272747,6265.96265292702,6.27
93558,PAPUA BARAT,KAB. TELUK BINTUNI,Fafurwar,-2.92551851,133.62608705,623511507093061631,,,,,> ~5 km / none found,False,6265.68628820196,6265.68628820196,6.27
71775,SULAWESI TENGAH,KAB. BANGGAI,Toili Barat,-1.37747521,122.0298376,623341593848053759,,,,,> ~5 km / none found,False,6264.706361113381,6264.706361113381,6.26
91168,PAPUA PEGUNUNGAN,KAB. PEGUNUNGAN BINTANG,Murkim,-4.02321765,140.7516989,623516608718602239,,,,,> ~5 km / none found,False,6261.251752567994,6261.251752567994,6.26
87943,MALUKU,KAB. SERAM BAGIAN BARAT,Inamosol,-3.22481131,128.54785226,624125275197276159,,,,,> ~5 km / none found,False,6259.103690485533,6259.103690485533,6.26
77638,MALUKU,KAB. BURU SELATAN,Leksula,-3.53712233,126.3828368,624122657517273087,,,,,> ~5 km / none found,False,6258.761158063601,6258.761158063601,6.26
29732,RIAU,KAB. INDRAGIRI HILIR,Pelangiran,0.22177658,103.4514334,623276160403406847,,,,,> ~5 km / none found,False,6258.184794685214,6258.184794685214,6.26
73193,KALIMANTAN BARAT,KAB. MEMPAWAH,Sungai Kunyit,0.49790717,108.8533498,623969597010542591,8.0,,1.056,,> ~5 km / none found,True,929.5771570663105,6257.5824815026035,6.26
89486,PAPUA BARAT DAYA,KAB. SORONG,Salawati Selatan,-1.18534962,130.89744395,623530460321579007,,,,,> ~5 km / none found,False,6153.491628651713,6255.00638706132,6.26
17631,JAWA TIMUR,KAB. SITUBONDO,Asembagus,-7.89684169,114.2313034,623988403178143743,,,,,> ~5 km / none found,False,5346.4804385644275,6251.819363777017,6.25
25880,BALI,KAB. JEMBRANA,Jembrana,-8.24216664,114.6583038,623989728445235199,,,,,> ~5 km / none found,False,6065.3573763200875,6251.438827517212,6.25
91328,PAPUA PEGUNUNGAN,KAB. PEGUNUNGAN BINTANG,Oksop,-4.81457049,140.55660664,623516727987339263,,,,,> ~5 km / none found,False,6248.956631049424,6248.956631049424,6.25
84682,PAPUA SELATAN,KAB. BOVEN DIGOEL,Kombay,-5.69682994,139.9801534,624256167384940543,,,,,> ~5 km / none found,False,6248.862714389345,6248.862714389345,6.25
82216,PAPUA TENGAH,KAB. PUNCAK,Lambewi,-3.9198196,137.9303876,623511626587471871,,,,,> ~5 km / none found,False,6166.155865692626,6244.652965254117,6.24
11357,SUMATERA SELATAN,KAB. EMPAT LAWANG,Tebing Tinggi,-3.63016076,102.9552081,623976170178805759,,,,,> ~5 km / none found,False,6241.539360369335,6241.539360369335,6.24
87396,SUMATERA UTARA,KAB. NIAS SELATAN,Pulau-Pulau Batu Timur,0.12359211,98.80050025,623974636313772031,,,,,> ~5 km / none found,False,6240.457761232575,6240.457761232575,6.24
93895,PAPUA PEGUNUNGAN,KAB. NDUGA,Mbuwa,-4.14703649,138.51355577,623511851241209855,,,,,> ~5 km / none found,False,6239.588690940089,6239.588690940089,6.24
88877,PAPUA BARAT,KAB. KAIMANA,Teluk Arguni Atas,-3.01654317,134.0385526,623511515657535487,,,,,> ~5 km / none found,False,6238.864806877164,6238.864806877164,6.24
33766,KEPULAUAN RIAU,KAB. NATUNA,Bunguran Barat,3.89550745,108.0613217,623353873715462143,23.0,,3.036,,> ~5 km / none found,True,3077.10575969475,6238.708539932831,6.24
55415,SULAWESI TENGGARA,KAB. KONAWE UTARA,Lembo,-3.81371581,122.315206,624120982277685247,,,,,> ~5 km / none found,False,5159.2709079916785,6234.132398135495,6.23
81844,NUSA TENGGARA BARAT,KAB. SUMBAWA,Empang,-8.8586433,117.9674324,624129843252461567,,,,,> ~5 km / none found,False,6233.70211385671,6233.70211385671,6.23
75802,KALIMANTAN TENGAH,KAB. KOTAWARINGIN TIMUR,Cempaga Hulu,-2.11482001,113.1432269,623336234433576959,,,,,> ~5 km / none found,False,6232.4077422018945,6232.4077422018945,6.23
89674,PAPUA BARAT DAYA,KAB. SORONG SELATAN,Inanwatan,-2.15394695,132.21825237,623514399669518335,,,,,> ~5 km / none found,False,6230.608787537578,6230.608787537578,6.23
90550,PAPUA BARAT DAYA,KAB. TAMBRAUW,Manekar,-0.91169165,133.04941118,623513691420459007,,,,,> ~5 km / none found,False,6230.153704432683,6230.153704432683,6.23
17740,SUMATERA UTARA,KAB. MANDAILING NATAL,Batang Natal,0.64242654,99.54502505,623276683076337663,,,,,> ~5 km / none found,False,6228.667652586089,6228.667652586089,6.23
35222,MALUKU,KAB. KEPULAUAN ARU,Aru Selatan,-6.54675828,134.2634922,623512371031277567,,,,,> ~5 km / none found,False,6222.796240211044,6222.796240211044,6.22
75620,KALIMANTAN TENGAH,KAB. KATINGAN,Tasik Payawan,-2.06804134,113.5257312,623336240221880319,,,,,> ~5 km / none found,False,6220.893356479649,6220.893356479649,6.22
56407,SULAWESI TENGAH,KAB. SIGI,Dolo Selatan,-1.32512761,119.8832837,623340804887478271,,,,,> ~5 km / none found,False,5216.098477478257,6220.186914084728,6.22
89738,PAPUA BARAT,KAB. TELUK WONDAMA,Kuri Wamesa,-2.89174065,134.38385506,623511356977741823,19.0,,2.508,,> ~5 km / none found,True,2332.6199855797054,6217.634618714053,6.22
92326,PAPUA PEGUNUNGAN,KAB. YAHUKIMO,Talambo,-3.76793853,140.01715148,623516846527709183,,,,,> ~5 km / none found,False,6215.853606407855,6215.853606407855,6.22
77508,KALIMANTAN TENGAH,KAB. GUNUNG MAS,Tewah,-0.90196782,113.6587522,623336576876871679,,,,,> ~5 km / none found,False,4736.581113242248,6214.389264740754,6.21
38818,KEPULAUAN RIAU,KOTA BATAM,Belakang Padang,0.99946185,103.8262889,623276061330407423,7.0,,0.924,,> ~5 km / none found,True,769.1748755966763,6212.143768153432,6.21
62194,SULAWESI SELATAN,KAB. LUWU UTARA,Rongkong,-2.64306472,119.9430851,624120261445058559,,,,,> ~5 km / none found,False,6211.958733510099,6211.958733510099,6.21
89363,PAPUA BARAT,KAB. KAIMANA,Teluk Arguni Bawah,-3.1289701,133.5756247,623511523158228991,,,,,> ~5 km / none found,False,4800.427653470598,6207.455294138339,6.21
20765,KALIMANTAN BARAT,KAB. KETAPANG,Jelai Hulu,-1.99444243,110.6846951,623971806637883391,,,,,> ~5 km / none found,False,6200.570132028003,6200.570132028003,6.2
62215,SULAWESI TENGAH,KAB. BANGGAI,Nuhon,-1.02249814,122.0156904,623341596706635775,,,,,> ~5 km / none found,False,6200.363847678071,6200.363847678071,6.2
74560,ACEH,KOTA SUBULUSSALAM,Sultan Daulat,2.79736401,97.99956185,623281452122505215,,,,,> ~5 km / none found,False,6200.215838463619,6200.215838463619,6.2
22993,KALIMANTAN BARAT,KAB. SAMBAS,Galing,1.64981251,109.4219289,623969693799088127,,,,,> ~5 km / none found,False,5229.368532460906,6197.220007055199,6.2
93242,PAPUA,KAB. BIAK NUMFOR,Aimando Padaido,-1.16740647,136.60157408,623513826324054015,,,,,> ~5 km / none found,False,6194.0703509330315,6194.0703509330315,6.19
91222,PAPUA PEGUNUNGAN,KAB. YALIMO,Benawa,-3.74267117,139.82254755,623511684454580223,,,,,> ~5 km / none found,False,6193.116023349028,6193.116023349028,6.19
17467,KALIMANTAN SELATAN,KAB. TAPIN,Tapin Tengah,-3.0226281,114.9449538,623337221882413055,,,,,> ~5 km / none found,False,6190.818602654295,6190.818602654295,6.19
91224,PAPUA PEGUNUNGAN,KAB. YALIMO,Benawa,-3.57713773,139.77204149,623511681189904383,,,,,> ~5 km / none found,False,6190.335004133973,6190.335004133973,6.19
93691,PAPUA TENGAH,KAB. DEIYAI,Bowobado,-4.12574429,136.49404929,623511269842681855,,,,,> ~5 km / none found,False,6189.478267095385,6189.478267095385,6.19
90328,MALUKU UTARA,KAB. HALMAHERA SELATAN,Obi Selatan,-1.62660215,127.90226062,624125425980407807,34.0,,4.488,,> ~5 km / none found,True,4244.33730522455,6189.184128988862,6.19
57276,SUMATERA SELATAN,KAB. OGAN KOMERING ILIR,Kayu Agung,-3.34674181,104.9451851,623971406197719039,26.0,,3.432,,> ~5 km / none found,True,3312.3655834075166,6187.989856840347,6.19
64207,MALUKU,KAB. KEPULAUAN TANIMBAR,Kormomolin,-7.56918622,131.582068,624107035374780415,,,,,> ~5 km / none found,False,6184.992378446488,6184.992378446488,6.18
34176,JAWA TIMUR,KAB. SUMENEP,Sapeken,-7.18199279,115.882144,623989797887279103,,,,,> ~5 km / none found,False,6183.729090889377,6183.729090889377,6.18
52527,BENGKULU,KAB. MUKOMUKO,Penarik,-2.59763719,101.4891486,623974332966502399,,,,,> ~5 km / none found,False,6178.930106100134,6178.930106100134,6.18
93734,PAPUA SELATAN,KAB. MAPPI,Obaa,-6.53449131,139.40333891,624255980025741311,,,,,> ~5 km / none found,False,6177.4024311912535,6177.4024311912535,6.18
86018,ACEH,KAB. ACEH JAYA,Jaya,5.1942946,95.35887993,623279320335319039,,,,,> ~5 km / none found,False,5869.634144652582,6177.384452363763,6.18
91145,PAPUA PEGUNUNGAN,KAB. PEGUNUNGAN BINTANG,Kalomdol,-4.96472163,140.57920993,623516726126936063,,,,,> ~5 km / none found,False,6176.5083432887295,6176.5083432887295,6.18
88216,MALUKU UTARA,KAB. HALMAHERA SELATAN,Kepulauan Botanglomang,-0.63277099,127.32178234,623529900401426431,,,,,> ~5 km / none found,False,6066.119835223378,6173.272282285314,6.17
60073,KALIMANTAN BARAT,KAB. KAPUAS HULU,Bunut Hilir,0.69290385,112.4713812,623338445340803071,,,,,> ~5 km / none found,False,6172.049862482159,6172.049862482159,6.17
28142,KALIMANTAN TIMUR,KAB. PASER,Long Ikis,-1.69034619,116.2412908,623337157553192959,16.0,,2.112,,> ~5 km / none found,True,1740.6428179968004,6170.846464856405,6.17
4047,SUMATERA UTARA,KAB. LANGKAT,Bahorok,3.47221866,98.09833828,623274217346269183,36.0,,4.752,,> ~5 km / none found,True,4601.6543830285555,6169.823235047419,6.17
35259,SULAWESI TENGGARA,KAB. KONAWE UTARA,Oheo,-3.40609652,122.0033234,624120825973538815,,,,,> ~5 km / none found,False,5449.5253989701,6169.410105410671,6.17
92536,PAPUA PEGUNUNGAN,KAB. YAHUKIMO,Ukha,-4.31588,139.04193287,623511859617300479,,,,,> ~5 km / none found,False,6169.294428573016,6169.294428573016,6.17
26053,ACEH,KAB. GAYO LUES,Rikit Gaib,4.14417892,97.3063619,623274188674859007,,,,,> ~5 km / none found,False,6168.984581746664,6168.984581746664,6.17
88705,PAPUA BARAT DAYA,KAB. TAMBRAUW,Fef,-0.77463253,132.53587331,623513683223805951,,,,,> ~5 km / none found,False,6166.858638199449,6166.858638199449,6.17
88819,PAPUA BARAT DAYA,KAB. MAYBRAT,Aifat Timur,-1.78809258,132.6943942,623514727364362239,33.0,,4.356,,> ~5 km / none found,True,4643.741139394953,6165.9818127748,6.17
27183,PAPUA,KAB. KEPULAUAN YAPEN,Yapen Barat,-1.73904199,135.7687282,623511440430956543,,,,,> ~5 km / none found,False,6165.9060381426925,6165.9060381426925,6.17
88658,PAPUA TENGAH,KAB. INTAN JAYA,Hitadipa,-3.68606084,137.14518516,623512061860839423,,,,,> ~5 km / none found,False,5129.425006031898,6162.907526670747,6.16
78101,KALIMANTAN TIMUR,KAB. KUTAI BARAT,Jempang,-0.65246864,116.0670484,623337165509230591,,,,,> ~5 km / none found,False,6162.564363372557,6162.564363372557,6.16
5667,SUMATERA SELATAN,KAB. OGAN KOMERING ILIR,Pampangan,-3.30084298,105.0005445,623971406560231423,36.0,,4.752,,> ~5 km / none found,True,4290.052976760341,6161.030972279478,6.16
59919,RIAU,KAB. ROKAN HILIR,Pujud,1.36442997,100.650994,623276364175278079,,,,,> ~5 km / none found,False,6155.284425184154,6155.284425184154,6.16
62266,KALIMANTAN UTARA,KAB. NUNUKAN,Lumbis Pansiangan,4.28913346,116.4609664,623327669060665343,,,,,> ~5 km / none found,False,5233.081131914703,6153.201757287751,6.15
38859,MALUKU,KAB. KEPULAUAN ARU,Aru Selatan Utara,-6.2997816,134.1918643,623512372531101695,,,,,> ~5 km / none found,False,6147.016043600098,6147.016043600098,6.15
6335,SUMATERA SELATAN,KAB. MUSI BANYUASIN,Lais,-2.80583511,103.9780106,623969393646960639,,,,,> ~5 km / none found,False,6147.007026895557,6147.007026895557,6.15
3420,KEPULAUAN BANGKA BELITUNG,KAB. BANGKA SELATAN,Toboali,-2.8301585,106.560309,623968808469168127,,,,,> ~5 km / none found,False,6146.5306396460455,6146.5306396460455,6.15
56862,SULAWESI SELATAN,KAB. ENREKANG,Curio,-3.36588662,120.0048749,624121198354595839,,,,,> ~5 km / none found,False,6146.237597767224,6146.237597767224,6.15
24400,SULAWESI TENGGARA,KAB. KONAWE,Routa,-3.06715646,121.6175143,624120778865180671,,,,,> ~5 km / none found,False,6145.695409515619,6145.695409515619,6.15
89993,PAPUA BARAT DAYA,KAB. SORONG,Maudus,-0.98993637,132.12050572,623514735475195903,,,,,> ~5 km / none found,False,6144.896820957073,6144.896820957073,6.14
29343,KALIMANTAN TIMUR,KAB. KUTAI TIMUR,Muara Ancalong,0.69654259,116.3918371,623336010655793151,34.0,,4.488,,> ~5 km / none found,True,3776.3082276350506,6144.208143901196,6.14
81957,SULAWESI TENGAH,KAB. PARIGI MOUTONG,Tinombo,0.40169488,120.1693588,623341027134865407,13.0,,1.716,,> ~5 km / none found,True,1651.9335650879705,6143.165751381763,6.14
49651,MALUKU UTARA,KAB. HALMAHERA UTARA,Kao Barat,1.40975622,127.7320953,623530032769826815,,,,,> ~5 km / none found,False,6142.819929252638,6142.819929252638,6.14
27268,PAPUA,KAB. KEPULAUAN YAPEN,Windesi,-1.66455769,135.90174462,623511442079580159,,,,,> ~5 km / none found,False,6141.619633076781,6141.619633076781,6.14
24070,KALIMANTAN TIMUR,KAB. PASER,Batu Sopang,-1.88382185,115.8588904,623336817043570687,36.0,,4.752,,> ~5 km / none found,True,4431.655018681426,6140.8881966751815,6.14
48964,RIAU,KAB. KAMPAR,Kampar Kiri Hulu,-0.14354804,100.8459214,623974177419263999,,,,,> ~5 km / none found,False,6135.234257413179,6135.234257413179,6.14
19226,ACEH,KAB. GAYO LUES,Puteri Betung,3.75790303,97.52105996,623274223018311679,,,,,> ~5 km / none found,False,6134.503071403647,6134.503071403647,6.13
66128,MALUKU,KAB. SERAM BAGIAN BARAT,Huamual Belakang,-3.01741322,127.8920969,624122770307088383,,,,,> ~5 km / none found,False,6133.090591901981,6133.090591901981,6.13
69282,SULAWESI SELATAN,KAB. TANA TORAJA,Bittuang,-2.87538646,119.6726432,624120282163380223,,,,,> ~5 km / none found,False,5673.038156349192,6127.912374403764,6.13
91748,PAPUA PEGUNUNGAN,KAB. TOLIKARA,Aweku,-3.7441174,138.3535491,623511619565387775,,,,,> ~5 km / none found,False,6126.684665458925,6126.684665458925,6.13
11134,SULAWESI TENGAH,KAB. TOJO UNA UNA,Ulubongka,-1.12573898,121.366202,623340882462638079,,,,,> ~5 km / none found,False,6124.513776065129,6124.513776065129,6.12
22711,SUMATERA SELATAN,KAB. OGAN KOMERING ILIR,Sungai Menang,-4.1052844,105.8239815,623971206688276479,,,,,> ~5 km / none found,False,6124.208104547499,6124.208104547499,6.12
21953,KALIMANTAN UTARA,KAB. MALINAU,Mentarang Hulu,3.73067824,116.1767477,623338201859457023,,,,,> ~5 km / none found,False,5217.765457723975,6120.150501575819,6.12
80531,MALUKU,KAB. MALUKU BARAT DAYA,Babar Barat,-7.84765781,129.6889549,624107453180837887,,,,,> ~5 km / none found,False,6116.4890629600395,6116.4890629600395,6.12
74943,BENGKULU,KAB. SELUMA,Seluma Utara,-3.88689388,102.6383538,623976147449348095,23.0,,3.036,,> ~5 km / none found,True,2601.0301701006565,6116.484111803369,6.12
302,SUMATERA UTARA,KAB. MANDAILING NATAL,Panyabungan Timur,0.79508094,99.74149561,623276678361350143,,,,,> ~5 km / none found,False,6113.854476958849,6113.854476958849,6.11
83792,KALIMANTAN TIMUR,KAB. BERAU,Gunung Tabur,2.3872606,117.4199491,623337970358353919,37.0,,4.884,,> ~5 km / none found,True,4642.76051726261,6111.729072051034,6.11
32129,SUMATERA SELATAN,KAB. OGAN KOMERING ILIR,Tulung Selapan,-3.12996818,105.9431976,623971342803042303,,,,,> ~5 km / none found,False,6109.925126189793,6109.925126189793,6.11
87496,PAPUA BARAT DAYA,KAB. RAJA AMPAT,Salawati Utara,-1.0052963,131.12204428,623530445287587839,,,,,> ~5 km / none found,False,6109.533537412117,6109.533537412117,6.11
24918,MALUKU UTARA,KAB. PULAU MOROTAI,Morotai Selatan,2.12396409,128.1917946,623530125846315007,,,,,> ~5 km / none found,False,6106.955040122299,6106.955040122299,6.11
92865,PAPUA PEGUNUNGAN,KAB. YALIMO,Abenaho,-3.92302316,139.14026229,623511693469777919,,,,,> ~5 km / none found,False,6106.025837655187,6106.025837655187,6.11
22904,MALUKU,KAB. MALUKU TENGAH,Seram Utara,-3.01488301,129.2814653,624125391753412607,31.0,,4.092,,> ~5 km / none found,True,3919.9229558493075,6104.6102077764735,6.1
78082,KALIMANTAN UTARA,KAB. NUNUKAN,Lumbis Ogong,4.0407669,116.5862733,623338265605931007,,,,,> ~5 km / none found,False,6102.624114337854,6102.624114337854,6.1
12421,KALIMANTAN UTARA,KAB. MALINAU,Kayan Hulu,1.79370789,114.7746159,623337564557311999,,,,,> ~5 km / none found,False,6102.106129777814,6102.106129777814,6.1
53561,KALIMANTAN TIMUR,KAB. BERAU,Sambaliung,1.86961286,117.334301,623338088324857855,,,,,> ~5 km / none found,False,5013.670287428229,6101.864588604351,6.1
94101,PAPUA BARAT,KAB. MANOKWARI,Tanah Rubuh,-1.18871752,134.0695302,623513404930129919,,,,,> ~5 km / none found,False,5356.946069269088,6097.130230991495,6.1
91719,PAPUA BARAT,KAB. MANOKWARI,Tanah Rubuh,-1.18871752,134.0695302,623513404930129919,,,,,> ~5 km / none found,False,5356.946069269088,6097.130230991495,6.1
25353,SUMATERA SELATAN,KAB. EMPAT LAWANG,Pendopo,-3.89756125,102.927336,623976154379223039,3.0,,0.396,,> ~5 km / none found,True,387.52916382870046,6095.914428170358,6.1
21169,ACEH,KAB. ACEH TENGGARA,Darul Hasanah,3.50910257,97.69652945,623274214003474431,37.0,,4.884,,> ~5 km / none found,True,5323.4344898563595,6095.208382907779,6.1
93872,PAPUA PEGUNUNGAN,KAB. NDUGA,Paro,-4.37195407,138.22836145,623511785819111423,,,,,> ~5 km / none found,False,6093.376449501369,6093.376449501369,6.09
90686,PAPUA TENGAH,KAB. PUNCAK JAYA,Lumo,-3.66772316,137.81614769,623511658960388095,,,,,> ~5 km / none found,False,6093.09308069609,6093.09308069609,6.09
86789,SULAWESI UTARA,KAB. BOLAANG MONGONDOW UTARA,Bolangitang Barat,0.76058695,123.3273768,623339748817862655,,,,,> ~5 km / none found,False,6092.349658298195,6092.349658298195,6.09
81401,ACEH,KAB. ACEH BARAT DAYA,Babah Rot,4.01818218,96.73204417,623279350908256255,,,,,> ~5 km / none found,False,6091.403964785197,6091.403964785197,6.09
90598,PAPUA BARAT DAYA,KAB. TAMBRAUW,Ases,-0.90979509,132.34703058,623514736293904383,,,,,> ~5 km / none found,False,6090.699777429924,6090.699777429924,6.09
78959,SULAWESI TENGAH,KAB. PARIGI MOUTONG,Tinombo,0.51257579,120.2066294,623341027422601215,,,,,> ~5 km / none found,False,5614.107309376198,6086.853542342932,6.09
66758,ACEH,KAB. NAGAN RAYA,Beutong Ateuh Banggalang,4.38371963,96.62809825,623279512748326911,28.0,,3.696,,> ~5 km / none found,True,3873.1088074919626,6086.718513389017,6.09
17185,SUMATERA UTARA,KAB. MANDAILING NATAL,Batang Natal,0.75414413,99.25981939,623276411771191295,,,,,> ~5 km / none found,False,6083.956855625427,6083.956855625427,6.08
88447,PAPUA SELATAN,KAB. MERAUKE,Jagebob,-8.22386106,140.7023399,624254461449961471,,,,,> ~5 km / none found,False,4902.471519552847,6082.858751829482,6.08
41869,SUMATERA UTARA,KAB. LABUHANBATU UTARA,Aek Natas,2.16662561,99.47356882,623276519190822911,,,,,> ~5 km / none found,False,5102.680219296577,6082.399192852678,6.08
69855,SUMATERA UTARA,KAB. PADANG LAWAS UTARA,Halongonan,1.69996414,99.62561602,623276320243449855,27.0,,3.564,,> ~5 km / none found,True,3365.1946697916496,6081.978066450174,6.08
15366,KALIMANTAN TIMUR,KAB. KUTAI KARTANEGARA,Muara Kaman,-0.02132743,116.9481455,623336140454625279,9.0,,1.188,,> ~5 km / none found,True,1124.0545416338625,6077.3943131481965,6.08
88478,PAPUA BARAT DAYA,KAB. TAMBRAUW,Kebar,-0.8764078,133.11116696,623513692404908031,,,,,> ~5 km / none found,False,6076.224692700928,6076.224692700928,6.08
74107,ACEH,KAB. PIDIE,Tangse,5.03749356,96.06198808,623279076365336575,,,,,> ~5 km / none found,False,5855.755814839954,6074.42327771775,6.07
69491,SULAWESI TENGAH,KAB. SIGI,Pipikoro,-1.70091813,119.849613,623340769975599103,15.0,,1.98,,> ~5 km / none found,True,1804.9557259433536,6073.914287650817,6.07
93828,PAPUA PEGUNUNGAN,KAB. NDUGA,Mam,-4.25180466,138.30355841,623511631717040127,,,,,> ~5 km / none found,False,6072.673912392665,6072.673912392665,6.07
85142,SUMATERA UTARA,KAB. NIAS SELATAN,Pulau-Pulau Batu Utara,0.0590508,98.23305414,623974649869467647,,,,,> ~5 km / none found,False,6071.413838662063,6071.413838662063,6.07
87100,MALUKU UTARA,KAB. HALMAHERA BARAT,Sahu Timur,1.15707407,127.5645685,623529787248967679,,,,,> ~5 km / none found,False,6083.50973405822,6070.434715389032,6.07
60898,MALUKU UTARA,KOTA TIDORE KEPULAUAN,Tidore Selatan,0.56874885,127.3897197,623530167636721663,,,,,> ~5 km / none found,False,6070.22295032072,6070.22295032072,6.07
69494,SUMATERA UTARA,KAB. PADANG LAWAS UTARA,Halongonan,1.68015614,99.62694177,623276319997067263,9.0,,1.188,,> ~5 km / none found,True,1316.406912408047,6069.090342264695,6.07
63956,PAPUA BARAT DAYA,KAB. SORONG,Salawati,-1.19471271,131.3438047,623530521148588031,19.0,,2.508,,> ~5 km / none found,True,2437.8004453687604,6068.8096712573615,6.07
89688,PAPUA,KAB. WAROPEN,Urei Faisei,-2.25066796,136.53479815,623513958864846847,,,,,> ~5 km / none found,False,6068.495009606227,6068.495009606227,6.07
88709,PAPUA PEGUNUNGAN,KAB. PEGUNUNGAN BINTANG,Oksebang,-4.7626567,140.6854381,623516729081036799,,,,,> ~5 km / none found,False,6068.033737214802,6068.033737214802,6.07
87180,JAMBI,KAB. SAROLANGUN,Batang Asai,-2.53989276,102.3408948,623974263058759679,,,,,> ~5 km / none found,False,6066.924886320757,6066.924886320757,6.07
67763,MALUKU UTARA,KAB. HALMAHERA SELATAN,Kayoa,-0.01576178,127.1896415,623529940484554751,,,,,> ~5 km / none found,False,6066.774284036727,6066.774284036727,6.07
40728,SULAWESI TENGAH,KAB. POSO,Pamona Timur,-1.86283727,120.713756,623340855122427903,38.0,,5.016,,> ~5 km / none found,True,4445.843034611742,6066.469386976989,6.07
83021,SULAWESI UTARA,KAB. BOLAANG MONGONDOW UTARA,Bolangitang Timur,0.79855911,123.4475925,623340516300521471,,,,,> ~5 km / none found,False,5530.368298518967,6061.094693205983,6.06
86397,SUMATERA UTARA,KAB. NIAS SELATAN,Pulau-Pulau Batu Utara,0.05023911,98.29801143,623974649743179775,,,,,> ~5 km / none found,False,6058.517168441206,6058.517168441206,6.06
94024,PAPUA PEGUNUNGAN,KAB. TOLIKARA,Gilubandu,-3.58446115,138.30285023,623511605271101439,,,,,> ~5 km / none found,False,6056.940917191701,6056.940917191701,6.06
39343,PAPUA TENGAH,KAB. MIMIKA,Jita,-4.94876413,137.7823269,623511744568721407,,,,,> ~5 km / none found,False,6054.775509528147,6054.775509528147,6.05
87963,MALUKU UTARA,KAB. HALMAHERA SELATAN,Gane Timur Selatan,-0.59125718,128.11040148,624125446610911231,,,,,> ~5 km / none found,False,5946.712824999933,6054.389407765613,6.05
88148,PAPUA,KAB. SARMI,Bonggo Timur,-2.45311665,139.69977707,623518888187035647,,,,,> ~5 km / none found,False,6053.878841237468,6053.878841237468,6.05
65505,SUMATERA UTARA,KAB. PADANG LAWAS,Batang Lubu Sutam,0.82966974,100.0396003,623276673046315007,,,,,> ~5 km / none found,False,6053.642943769016,6053.642943769016,6.05
59415,SULAWESI TENGAH,KAB. PARIGI MOUTONG,Tomini,0.5962181,120.5351179,623340977788256255,32.0,,4.224,,> ~5 km / none found,True,4161.758133269396,6051.909753698088,6.05
25552,KALIMANTAN BARAT,KAB. SINTANG,Serawai,-0.20721418,112.5298807,623338689770258431,,,,,> ~5 km / none found,False,6051.8431554067265,6051.8431554067265,6.05
93586,PAPUA PEGUNUNGAN,KAB. NDUGA,Gearek,-4.59036442,138.7679969,623511816448704511,,,,,> ~5 km / none found,False,6051.2847050212395,6051.2847050212395,6.05
77659,KALIMANTAN TENGAH,KAB. KOTAWARINGIN TIMUR,Seranau,-2.56773974,113.0736116,623336417863041023,,,,,> ~5 km / none found,False,6048.41315109252,6048.41315109252,6.05
23189,SULAWESI TENGGARA,KAB. BUTON SELATAN,Batauga,-5.57096132,122.6628031,624118583263952895,31.0,,4.092,,> ~5 km / none found,True,3572.5727355373265,6048.257113938729,6.05
88890,MALUKU UTARA,KAB. HALMAHERA SELATAN,Obi,-1.43887544,127.67882652,624124660590215167,,,,,> ~5 km / none found,False,5905.9571111437945,6046.905074958197,6.05
71041,SUMATERA UTARA,KAB. PADANG LAWAS,Barumun,0.99424136,99.6536403,623276680082915327,,,,,> ~5 km / none found,False,6043.660802175576,6043.660802175576,6.04
89669,PAPUA BARAT,KAB. MANOKWARI SELATAN,Dataran Isim,-1.55026112,133.87102857,623513405815128063,,,,,> ~5 km / none found,False,6041.521182089418,6041.521182089418,6.04
82087,KALIMANTAN TIMUR,KAB. MAHAKAM ULU,Long Bagun,0.56317655,115.5581645,623335255567400959,11.0,,1.452,,> ~5 km / none found,True,1345.8239519073416,6040.961733805894,6.04
68887,SULAWESI TENGGARA,KAB. KONAWE,Asinua,-3.63113901,121.8137883,624120977920524287,30.0,,3.96,,> ~5 km / none found,True,4174.780218848026,6040.773167570236,6.04
65821,KALIMANTAN SELATAN,KAB. KOTABARU,Pulau Laut Timur,-3.65203494,116.2204186,624121593144049663,,,,,> ~5 km / none found,False,6040.598783112165,6040.598783112165,6.04
88876,MALUKU UTARA,KAB. HALMAHERA SELATAN,Bacan,-0.55324668,127.42851447,623529901809369087,,,,,> ~5 km / none found,False,6040.522305228561,6040.522305228561,6.04
71444,SULAWESI TENGAH,KAB. DONGGALA,Dampelas,0.27561421,119.9947037,623340913147576319,30.0,,3.96,,> ~5 km / none found,True,3956.5085789983473,6038.64147498214,6.04
92142,PAPUA SELATAN,KAB. MAPPI,Bamgi,-6.95327657,139.36803949,624256007433912319,,,,,> ~5 km / none found,False,6038.158781272436,6038.158781272436,6.04
94117,PAPUA PEGUNUNGAN,KAB. TOLIKARA,Tagineri,-3.74089588,138.57395653,623511612313206783,14.0,,1.848,,> ~5 km / none found,True,1947.0663020662128,6037.807406403187,6.04
60184,MALUKU,KAB. KEPULAUAN TANIMBAR,Tanimbar Selatan,-7.9022704,131.1529558,624106991357984767,,,,,> ~5 km / none found,False,6035.486599288469,6035.486599288469,6.04
91261,PAPUA BARAT,KAB. TELUK WONDAMA,Roon,-2.42659123,134.55452998,623511344092708863,,,,,> ~5 km / none found,False,6034.530698337877,6034.530698337877,6.03
90676,PAPUA BARAT DAYA,KAB. TAMBRAUW,Mawabuan,-0.9058677,132.94411337,623513691331657727,,,,,> ~5 km / none found,False,6034.223089396081,6034.223089396081,6.03
31278,BENGKULU,KAB. REJANG LEBONG,Padang Ulak Tanding,-3.38783874,102.6721656,623976176096935935,,,,,> ~5 km / none found,False,5324.997654156923,6034.034321904858,6.03
61354,KALIMANTAN UTARA,KAB. BULUNGAN,Sekatak,3.23588139,117.0290029,623338252541263871,,,,,> ~5 km / none found,False,6032.173499536001,6032.173499536001,6.03
39382,MALUKU,KAB. MALUKU BARAT DAYA,Wetar Selatan,-7.76982387,126.5661625,624103524833722367,,,,,> ~5 km / none found,False,6031.0349053130985,6031.0349053130985,6.03
63967,MALUKU UTARA,KAB. HALMAHERA SELATAN,Kayoa,-0.09095926,127.2519108,623529940118274047,3.0,,0.396,,> ~5 km / none found,True,396.68035812448124,6030.980706236395,6.03
85733,PAPUA TENGAH,KAB. PUNCAK,Kembru,-3.72189193,137.825551,623511658422566911,,,,,> ~5 km / none found,False,6029.002903972636,6029.002903972636,6.03
84720,SULAWESI TENGGARA,KAB. KOLAKA UTARA,Pakue Tengah,-3.20138619,121.1462784,624120785837588479,29.0,,3.828,,> ~5 km / none found,True,3778.167586317117,6028.4975574406235,6.03
19717,KALIMANTAN BARAT,KAB. KETAPANG,Matan Hilir Selatan,-2.25233914,110.1729445,623971796972765183,,,,,> ~5 km / none found,False,6027.672943383723,6027.672943383723,6.03
51360,SULAWESI TENGAH,KAB. MOROWALI,Menui Kepulauan,-3.18004003,122.473166,624120805626806271,14.0,,1.848,,> ~5 km / none found,True,1638.7653921753001,6027.069513734613,6.03
35608,SUMATERA SELATAN,KAB. EMPAT LAWANG,Sikap Dalam,-3.9742291,102.885746,623976151937122303,,,,,> ~5 km / none found,False,6026.464708727841,6026.464708727841,6.03
85773,KALIMANTAN TIMUR,KAB. KUTAI BARAT,Bentian Besar,-1.11039033,115.7705656,623337181171613695,4.0,,0.528,,> ~5 km / none found,True,476.8271854733872,6025.370789852177,6.03
91623,PAPUA PEGUNUNGAN,KAB. YALIMO,Abenaho,-3.68875388,139.3472736,623511675886993407,,,,,> ~5 km / none found,False,6020.841599785998,6020.841599785998,6.02
55261,BENGKULU,KAB. MUKOMUKO,Penarik,-2.53989888,101.4685121,623974349512474623,,,,,> ~5 km / none found,False,6020.48477757278,6020.48477757278,6.02
51891,SUMATERA UTARA,KAB. PADANG LAWAS,Barumun Selatan,0.95553586,99.70579706,623276679668563967,,,,,> ~5 km / none found,False,6020.221648893238,6020.221648893238,6.02
40530,SULAWESI TENGAH,KAB. BUOL,Gadung,0.97381233,121.687553,623339705142935551,,,,,> ~5 km / none found,False,5342.055397786528,6017.47553171714,6.02
5793,ACEH,KAB. BENER MERIAH,Syiah Utama,4.6264604,97.24930164,623279526386925567,36.0,,4.752,,> ~5 km / none found,True,4987.464992344566,6016.765721077253,6.02
27475,RIAU,KAB. INDRAGIRI HILIR,Pelangiran,0.20478812,103.3008897,623276153974947839,,,,,> ~5 km / none found,False,5637.418229016789,6016.017372858504,6.02
93301,PAPUA PEGUNUNGAN,KAB. NDUGA,Yigi,-4.17571659,138.42697232,623511633310613503,,,,,> ~5 km / none found,False,6015.950408092608,6015.950408092608,6.02
81057,NUSA TENGGARA TIMUR,KAB. ALOR,Alor Timur,-8.18556919,125.0441928,624123647424659455,32.0,,4.224,,> ~5 km / none found,True,3882.7213063115423,6015.569496115576,6.02
25361,KALIMANTAN TENGAH,KAB. MURUNG RAYA,Sumber Barito,-0.35385953,113.9694534,623335570621005823,,,,,> ~5 km / none found,False,6014.780450588181,6014.780450588181,6.01
89398,PAPUA BARAT,KAB. TELUK WONDAMA,Soug Jaya,-1.84343268,134.06358839,623511370294198271,30.0,,3.96,,> ~5 km / none found,True,4162.181823070242,6014.705296450448,6.01
31016,PAPUA,KAB. KEPULAUAN YAPEN,Raimbawi,-1.77580244,136.80896324,623513941794029567,35.0,,4.62,,> ~5 km / none found,True,4791.966274032671,6009.657754013385,6.01
25110,MALUKU UTARA,KAB. PULAU MOROTAI,Morotai Jaya,2.52030277,128.5698112,623529079502241791,29.0,,3.828,,> ~5 km / none found,True,3587.573792555884,6007.899249232996,6.01
23529,MALUKU,KAB. MALUKU TENGAH,Seram Utara,-3.0828319,129.6434886,624125344188497919,,,,,> ~5 km / none found,False,6007.4591777820115,6007.4591777820115,6.01
89427,PAPUA BARAT,KAB. TELUK WONDAMA,Teluk Duairi,-2.53749352,134.61090259,623511360036896767,,,,,> ~5 km / none found,False,6005.441248047915,6005.441248047915,6.01
14032,KALIMANTAN UTARA,KAB. MALINAU,Kayan Selatan,1.68333387,114.9170529,623335516851273727,,,,,> ~5 km / none found,False,6001.7642999790705,6001.7642999790705,6.0
2742,RIAU,KAB. INDRAGIRI HILIR,Gaung Anak Serka,-0.2302048,102.9765957,623276137770221567,,,,,> ~5 km / none found,False,6001.707557836264,6001.707557836264,6.0
91625,PAPUA PEGUNUNGAN,KAB. YALIMO,Abenaho,-3.89259829,139.2345785,623511705466732543,,,,,> ~5 km / none found,False,5995.442503315483,5995.442503315483,6.0
34393,SULAWESI TENGGARA,KAB. KOLAKA UTARA,Rante Angin,-3.60449891,121.0943787,624120750257963007,,,,,> ~5 km / none found,False,5010.367630313397,5993.679143194399,5.99
63997,MALUKU,KAB. KEPULAUAN TANIMBAR,Kormomolin,-7.59366941,131.567243,624107035388870655,,,,,> ~5 km / none found,False,5993.329278761661,5993.329278761661,5.99
89649,PAPUA PEGUNUNGAN,KAB. TOLIKARA,Gika,-3.50494098,138.42969017,623511648877379583,,,,,> ~5 km / none found,False,5992.785969630729,5992.785969630729,5.99
70725,SULAWESI TENGAH,KAB. MOROWALI,Bungku Barat,-2.37763571,121.7652209,624121080760303615,28.0,,3.696,,> ~5 km / none found,True,3424.590444841462,5992.774541239186,5.99
53527,KALIMANTAN TIMUR,KAB. PASER,Muara Samu,-2.30396335,115.8656019,623336784114941951,,,,,> ~5 km / none found,False,5990.47600195227,5990.47600195227,5.99
53845,KALIMANTAN TENGAH,KAB. KAPUAS,Kapuas Kuala,-3.36543485,114.1860303,623987290620592127,,,,,> ~5 km / none found,False,5988.592007544762,5988.592007544762,5.99
89217,PAPUA BARAT,KAB. FAK FAK,Furwagi,-2.76164172,131.9828826,623514354651070463,,,,,> ~5 km / none found,False,5988.527861551206,5988.527861551206,5.99
31425,SUMATERA SELATAN,KAB. MUSI BANYUASIN,Batang Hari Leko,-2.48093779,103.6622836,623969352798404607,33.0,,4.356,,> ~5 km / none found,True,4033.0288154019195,5985.935349592456,5.99
91215,PAPUA PEGUNUNGAN,KAB. YALIMO,Apalapsili,-3.90307131,139.37352138,623511698935513087,,,,,> ~5 km / none found,False,5983.843844605347,5983.843844605347,5.98
4735,SULAWESI TENGAH,KAB. BANGGAI,Toili Barat,-1.44324401,122.1572269,623341622391865343,,,,,> ~5 km / none found,False,5231.885903546805,5983.742346589244,5.98
8687,SULAWESI TENGAH,KAB. BANGGAI,Balantak Utara,-0.71292984,123.33999763,623341223125155839,,,,,> ~5 km / none found,False,5982.1693923000075,5982.1693923000075,5.98
40952,SULAWESI TENGAH,KAB. DONGGALA,Sindue Tobata,-0.37872405,119.8784908,623340681667411967,,,,,> ~5 km / none found,False,5359.91380100488,5980.181044514328,5.98
25067,KALIMANTAN BARAT,KAB. SINTANG,Serawai,-0.2254145,112.4558559,623338692101570559,,,,,> ~5 km / none found,False,5980.035386817826,5980.035386817826,5.98
75741,SULAWESI TENGGARA,KAB. KONAWE UTARA,Oheo,-3.41866787,122.009118,624120825979273215,,,,,> ~5 km / none found,False,4769.865537684073,5975.206198569121,5.98
51465,MALUKU,KAB. MALUKU BARAT DAYA,Pulau-pulau Babar Timur,-7.90835244,129.7949322,624107454553718783,,,,,> ~5 km / none found,False,5974.828487840771,5974.828487840771,5.97
26738,MALUKU,KAB. KEPULAUAN ARU,Sir-Sir,-5.54959261,134.6485302,623512232854880255,,,,,> ~5 km / none found,False,5973.087512726341,5973.087512726341,5.97
87107,MALUKU UTARA,KAB. HALMAHERA SELATAN,Obi,1.3411607,127.6306073,623529785127960575,,,,,> ~5 km / none found,False,5970.8270614994735,5970.8270614994735,5.97
42634,KALIMANTAN SELATAN,KAB. TABALONG,Banua Lawas,-2.307523,115.2024675,623337240070553599,,,,,> ~5 km / none found,False,5969.553048136513,5969.553048136513,5.97
87953,SUMATERA UTARA,KAB. NIAS SELATAN,Hibala,-0.50946879,98.4277596,623974530556297215,27.0,,3.564,,> ~5 km / none found,True,3389.6447797189367,5968.804356069068,5.97
54885,ACEH,KAB. ACEH TIMUR,Serbajadi,4.56809787,97.52763274,623274206257577983,,,,,> ~5 km / none found,False,5968.170756274375,5968.170756274375,5.97
52456,RIAU,KAB. KUANTAN SINGINGI,Singingi,-0.4929096,101.1835474,623974210714337279,36.0,,4.752,,> ~5 km / none found,True,4924.929299231651,5967.681105631886,5.97
60770,KALIMANTAN TIMUR,KAB. PASER,Muara Samu,-2.07372973,115.8563391,623336787568951295,,,,,> ~5 km / none found,False,4828.660603579204,5966.424023525873,5.97
11964,SULAWESI TENGGARA,KAB. KOLAKA UTARA,Pakue Utara,-3.17901474,121.2044122,624120738232598527,29.0,,3.828,,> ~5 km / none found,True,3696.73194482407,5965.367803992423,5.97
91401,PAPUA TENGAH,KAB. PUNCAK JAYA,Nume,-3.76753399,138.3131711,623511607550738431,,,,,> ~5 km / none found,False,5964.809289096823,5964.809289096823,5.96
81261,BENGKULU,KAB. BENGKULU UTARA,Enggano,-5.38855331,102.2359122,623976538379419647,37.0,,4.884,,> ~5 km / none found,True,4616.9146323118475,5964.023822210557,5.96
46840,KEPULAUAN RIAU,KAB. LINGGA,Katang Bidare,0.44468714,104.4033516,623276085051228159,,,,,> ~5 km / none found,False,5963.571896964415,5963.571896964415,5.96
11414,SUMATERA UTARA,KAB. PADANG LAWAS,Ulu Barumun,1.03030279,99.62238866,623276433274011647,,,,,> ~5 km / none found,False,5962.249825782552,5962.249825782552,5.96
19093,SULAWESI UTARA,KAB. BOLAANG MONGONDOW SELATAN,Pinolosian Timur,0.50978818,124.33906,623340254666489855,4.0,,0.528,,> ~5 km / none found,True,623.1992433486186,5957.401690370792,5.96
88100,PAPUA BARAT DAYA,KAB. SORONG SELATAN,Kokoda,-2.1993495,132.35971619,623514401249132543,,,,,> ~5 km / none found,False,5949.173384933582,5949.173384933582,5.95
48982,MALUKU,KAB. MALUKU TENGGARA,Kei Kecil Barat,-5.84910662,132.6000566,623512177864802303,,,,,> ~5 km / none found,False,5946.128275338134,5946.128275338134,5.95
32070,SULAWESI TENGAH,KAB. PARIGI MOUTONG,Bolano Lambunu,0.60576523,121.0162922,623340986291126271,,,,,> ~5 km / none found,False,5797.326369064909,5945.990985575149,5.95
48468,MALUKU,KAB. MALUKU TENGGARA,Kei Kecil Barat,-5.89946631,132.5271475,623512577999208447,,,,,> ~5 km / none found,False,5786.4687226514725,5945.516643628339,5.95
16408,SULAWESI TENGGARA,KAB. KOLAKA UTARA,Katoi,-3.45385403,120.9511832,624120755448610815,23.0,,3.036,,> ~5 km / none found,True,2771.214860132527,5945.294193271499,5.95
87986,PAPUA TENGAH,KAB. PANIAI,Paniai Timur,-4.01292433,136.56754314,623512037972803583,,,,,> ~5 km / none found,False,5944.659223033414,5944.659223033414,5.94
33287,KALIMANTAN TENGAH,KAB. KATINGAN,Pulau Malan,-1.4784571,113.2271111,623336594702106623,,,,,> ~5 km / none found,False,5944.0846187309035,5944.0846187309035,5.94
5365,KALIMANTAN TENGAH,KAB. MURUNG RAYA,Seribu Riam,-0.28611918,114.0873655,623335571532873727,,,,,> ~5 km / none found,False,5943.318672163259,5943.318672163259,5.94
41363,SULAWESI TENGAH,KAB. POSO,Pamona Barat,-1.97542382,120.4914013,624121042910248959,,,,,> ~5 km / none found,False,4712.466009192185,5942.801529761825,5.94
13992,LAMPUNG,KAB. PESISIR BARAT,Pesisir Selatan,-5.25055933,104.0756071,623961473069154303,,,,,> ~5 km / none found,False,5938.3435135852815,5938.3435135852815,5.94
36291,MALUKU,KAB. KEPULAUAN ARU,Aru Tengah,-6.48929637,134.5573234,623513139652132863,,,,,> ~5 km / none found,False,5938.143554239342,5938.143554239342,5.94
93859,PAPUA PEGUNUNGAN,KAB. NDUGA,Mam,-4.22306503,138.31019232,623511633538547711,,,,,> ~5 km / none found,False,5933.4155618348495,5933.4155618348495,5.93
85413,JAMBI,KAB. MERANGIN,Lembah Masurai,-2.43280508,102.1028316,623974270814060543,,,,,> ~5 km / none found,False,5932.555214773131,5932.555214773131,5.93
87271,MALUKU UTARA,KAB. PULAU TALIABU,Taliabu Timur Selatan,-1.85325506,125.0069798,624124997733548031,,,,,> ~5 km / none found,False,5932.53619694195,5932.53619694195,5.93
46084,ACEH,KAB. ACEH TENGAH,Linge,4.51054073,97.25714692,623279510334603263,,,,,> ~5 km / none found,False,5930.6817770328325,5930.6817770328325,5.93
21176,KALIMANTAN BARAT,KAB. SINTANG,Serawai,-0.20773338,112.4971636,623338689644888063,,,,,> ~5 km / none found,False,5928.6950643674345,5928.6950643674345,5.93
94103,PAPUA PEGUNUNGAN,KAB. TOLIKARA,Tagineri,-3.73380514,138.56990163,623511612321660927,8.0,,1.056,,> ~5 km / none found,True,1073.9207687660967,5928.196327670563,5.93
5170,SUMATERA UTARA,KAB. ASAHAN,Bandar Pulau,2.58756209,99.24351068,623276544572424191,,,,,> ~5 km / none found,False,5927.590969142931,5927.590969142931,5.93
62002,SULAWESI TENGAH,KAB. DONGGALA,Labuan,-0.61303055,119.9298901,623340683459657727,,,,,> ~5 km / none found,False,4564.376241382117,5927.503249957097,5.93
39792,MALUKU,KAB. KEPULAUAN ARU,Pulau-Pulau Aru,-5.96555328,134.3849736,623513172183482367,,,,,> ~5 km / none found,False,5926.508709883893,5926.508709883893,5.93
18228,JAWA TIMUR,KAB. PROBOLINGGO,Pakuniran,-7.85622041,113.592064,623988408509693951,14.0,,1.848,,> ~5 km / none found,True,1632.049695135675,5925.490209816105,5.93
16712,SULAWESI TENGGARA,KAB. KONAWE,Latoma,-3.56850952,121.6368832,624120744188608511,,,,,> ~5 km / none found,False,5708.33781881652,5922.67308530279,5.92
86116,KALIMANTAN TIMUR,KAB. KUTAI BARAT,Siluq Ngurai,-0.7770002,115.9946741,623337164005572607,37.0,,4.884,,> ~5 km / none found,True,4684.632715305869,5920.683268666074,5.92
40156,SULAWESI TENGAH,KAB. POSO,Pamona Timur,-1.82806822,120.8873253,623340856381210623,,,,,> ~5 km / none found,False,5919.859273868336,5919.859273868336,5.92
63132,RIAU,KAB. KUANTAN SINGINGI,Kuantan Tengah,-0.61249579,101.7226796,623974133835137023,27.0,,3.564,,> ~5 km / none found,True,3736.4107284368665,5917.534795688368,5.92
89974,PAPUA BARAT DAYA,KAB. SORONG,Saengkeduk,-0.82144872,132.15405882,623530514179260415,7.0,,0.924,,> ~5 km / none found,True,878.1067873677451,5916.826123433597,5.92
40627,NUSA TENGGARA BARAT,KAB. SUMBAWA,Buer,-8.52699549,117.1017346,624119279420276735,,,,,> ~5 km / none found,False,5914.773002904584,5914.773002904584,5.91
42399,SUMATERA UTARA,KAB. TAPANULI UTARA,Sipahutar,2.10697901,99.24276027,623276520365228031,,,,,> ~5 km / none found,False,5913.522525872885,5913.522525872885,5.91
21092,MALUKU,KAB. KEPULAUAN ARU,Aru Utara,-5.50137987,134.596538,623512233748398079,,,,,> ~5 km / none found,False,5912.476024470585,5912.476024470585,5.91
89059,PAPUA,KAB. WAROPEN,Soyoi Mambai,-2.40241384,136.62418276,623511171681386495,,,,,> ~5 km / none found,False,5911.939859030888,5911.939859030888,5.91
7682,SULAWESI TENGGARA,KAB. BUTON UTARA,Bonegunu,-4.77273981,122.91708125,624118927211266047,,,,,> ~5 km / none found,False,5172.217322601847,5911.899387409662,5.91
5346,SUMATERA SELATAN,KAB. MUARA ENIM,Semende Darat Ulu,-4.31795385,103.5266856,623976454993084415,,,,,> ~5 km / none found,False,5767.677304134587,5911.396298236982,5.91
89369,PAPUA PEGUNUNGAN,KAB. YALIMO,Benawa,-3.70003017,139.69029018,623511683809771519,,,,,> ~5 km / none found,False,5910.67798421415,5910.67798421415,5.91
91632,PAPUA PEGUNUNGAN,KAB. YALIMO,Abenaho,-3.88843844,139.2434366,623511705147211775,,,,,> ~5 km / none found,False,5910.179669776043,5910.179669776043,5.91
44833,MALUKU,KAB. KEPULAUAN ARU,Aru Selatan Utara,-6.3957898,134.1739893,623512375346266111,,,,,> ~5 km / none found,False,5909.652142681167,5909.652142681167,5.91
88392,PAPUA SELATAN,KAB. BOVEN DIGOEL,Kombut,-5.91676753,140.95642696,624255641691521023,29.0,,3.828,,> ~5 km / none found,True,3526.7668565054596,5908.945782020084,5.91
89759,PAPUA BARAT,KAB. KAIMANA,Yamor,-3.4668214,134.74032625,623511071952535551,35.0,,4.62,,> ~5 km / none found,True,4721.137367136871,5908.645009468489,5.91
60417,KALIMANTAN BARAT,KAB. MELAWI,Sokan,-1.19204254,111.32005,623972194475638783,,,,,> ~5 km / none found,False,5908.286576976522,5908.286576976522,5.91
69805,SULAWESI TENGAH,KAB. SIGI,Pipikoro,-1.73560138,119.9560888,623340769332035583,,,,,> ~5 km / none found,False,5907.805383238321,5907.805383238321,5.91
87872,PAPUA BARAT,KAB. TELUK BINTUNI,Manimeri,-1.91170375,133.76441434,623513418480025599,,,,,> ~5 km / none found,False,5906.930070746757,5906.930070746757,5.91
79092,MALUKU,KAB. MALUKU TENGAH,Telutih,-3.25703688,129.7501074,624125368152653823,,,,,> ~5 km / none found,False,5904.050129609272,5904.050129609272,5.9
80152,SULAWESI TENGGARA,KAB. BUTON,Kapontori,-5.32616621,122.794316,624118907761917951,,,,,> ~5 km / none found,False,5558.619411393311,5902.0989148011,5.9
85828,MALUKU UTARA,KAB. PULAU TALIABU,Taliabu Utara,-1.77033104,124.8477609,624125000274477055,29.0,,3.828,,> ~5 km / none found,True,3513.2745373747384,5901.664790463439,5.9
82770,JAMBI,KAB. SAROLANGUN,Limun,-2.5888185,102.4442302,623974263779360767,,,,,> ~5 km / none found,False,5897.269885773069,5897.269885773069,5.9
31029,SUMATERA SELATAN,KAB. OGAN KOMERING ILIR,Sungai Menang,-3.73963427,105.432277,623971227187773439,,,,,> ~5 km / none found,False,5014.660525788537,5896.123036143994,5.9
85723,NUSA TENGGARA BARAT,KAB. BIMA,Langgudu,-8.795081,118.939726,624129912335138815,0.0,,0.0,,> ~5 km / none found,True,11.969612529538013,5895.325781843786,5.9
17393,KALIMANTAN TIMUR,KAB. KUTAI BARAT,Linggang Bigung,-0.00936261,115.4088216,623335373312163839,11.0,,1.452,,> ~5 km / none found,True,1370.2717433224402,5895.112408061422,5.9
34432,MALUKU UTARA,KAB. HALMAHERA UTARA,Galela Selatan,1.75401567,127.7983259,623530143200641023,,,,,> ~5 km / none found,False,5894.617108614246,5894.617108614246,5.89
68645,SULAWESI TENGAH,KAB. TOLI-TOLI,Dondo,0.74142548,120.3692044,623341030224560127,,,,,> ~5 km / none found,False,5608.750618284557,5894.351351876827,5.89
1695,SUMATERA UTARA,KAB. LANGKAT,Bahorok,3.50873623,98.0824846,623274216838070271,,,,,> ~5 km / none found,False,5113.676643619701,5893.459082523138,5.89
23245,SUMATERA UTARA,KAB. TAPANULI SELATAN,Sayur Matinggi,1.10008741,99.35257954,623276430051344383,,,,,> ~5 km / none found,False,5893.412550649445,5893.412550649445,5.89
27979,ACEH,KAB. ACEH SELATAN,Trumon,2.69993653,97.71821135,623281446616170495,,,,,> ~5 km / none found,False,5892.123022162945,5892.123022162945,5.89
186,KALIMANTAN TIMUR,KAB. BERAU,Tabalar,1.70845248,117.8405638,623343264540262399,28.0,,3.696,,> ~5 km / none found,True,3333.103669392689,5891.897260219136,5.89
90601,PAPUA TENGAH,KAB. PUNCAK JAYA,Yamo,-3.60918206,137.95865178,623511608312594431,,,,,> ~5 km / none found,False,5891.381817200669,5891.381817200669,5.89
87815,MALUKU UTARA,KAB. HALMAHERA TIMUR,Wasile Selatan,1.02829844,128.07103552,623529795376316415,,,,,> ~5 km / none found,False,5891.160217412552,5891.160217412552,5.89
76794,MALUKU,KAB. SERAM BAGIAN BARAT,Huamual Belakang,-3.22505738,127.7115052,624122771359694847,,,,,> ~5 km / none found,False,5890.189104623772,5890.189104623772,5.89
78335,JAMBI,KAB. MERANGIN,Jangkat Timur,-2.51680178,101.8753284,623974271667240959,26.0,,3.432,,> ~5 km / none found,True,3321.7244746792994,5889.7299436130725,5.89
24343,KALIMANTAN TENGAH,KAB. MURUNG RAYA,Seribu Riam,0.40482274,113.9566012,623335594449338367,,,,,> ~5 km / none found,False,5881.2347816915735,5881.2347816915735,5.88
30980,PAPUA,KAB. KEPULAUAN YAPEN,Raimbawi,-1.75684735,136.72433645,623513945523290111,,,,,> ~5 km / none found,False,5881.096279066831,5881.096279066831,5.88
84182,MALUKU,KAB. MALUKU BARAT DAYA,Pulau-pulau Babar Timur,-7.98632946,129.75424,624107456312803327,,,,,> ~5 km / none found,False,5880.437073203168,5880.437073203168,5.88
72889,SUMATERA UTARA,KAB. PADANG LAWAS,Barumun,0.98178373,99.67020112,623276680150646783,,,,,> ~5 km / none found,False,5876.963450905208,5876.963450905208,5.88
81362,SULAWESI SELATAN,KAB. TORAJA UTARA,Baruppu,-2.68916994,119.7929703,624120267922898943,,,,,> ~5 km / none found,False,5233.075442974253,5876.25596648628,5.88
48471,PAPUA,KAB. JAYAPURA,Kemtuk Gresi,-2.71935385,140.2688709,623516866959572991,,,,,> ~5 km / none found,False,5875.155319146154,5875.155319146154,5.88
45024,KALIMANTAN BARAT,KAB. KAPUAS HULU,Kalis,0.56076255,113.0408679,623338517741731839,,,,,> ~5 km / none found,False,5566.783289474391,5874.340062139076,5.87
54311,PAPUA BARAT DAYA,KAB. RAJA AMPAT,Teluk Mayalibit,-0.27593441,131.0071724,623530324141670399,,,,,> ~5 km / none found,False,5874.136182285568,5874.136182285568,5.87
91217,PAPUA PEGUNUNGAN,KAB. YALIMO,Benawa,-3.75382493,139.82030036,623511684682776575,,,,,> ~5 km / none found,False,5871.96167480584,5871.96167480584,5.87
84004,SULAWESI TENGGARA,KAB. KOLAKA TIMUR,Uluiwoi,-3.81250425,121.6523861,624120762212220927,,,,,> ~5 km / none found,False,4588.037475552852,5871.274654412113,5.87
89083,PAPUA PEGUNUNGAN,KAB. TOLIKARA,Wakuwo,-3.75953177,138.39404639,623511618746613759,,,,,> ~5 km / none found,False,5871.0591628165785,5871.0591628165785,5.87
70810,KALIMANTAN TENGAH,KAB. PULANG PISAU,Banama Tingang,-1.69862107,113.8606751,623336353715421183,,,,,> ~5 km / none found,False,5868.792451356664,5868.792451356664,5.87
89000,PAPUA TENGAH,KAB. DOGIYAI,Mapia Tengah,-4.16257329,135.83916406,623511262875680767,,,,,> ~5 km / none found,False,5868.518961881632,5868.518961881632,5.87
17231,SUMATERA UTARA,KAB. MANDAILING NATAL,Batang Natal,0.75428335,99.44158424,623276678729302015,,,,,> ~5 km / none found,False,5868.441157390977,5868.441157390977,5.87
56055,MALUKU,KAB. SERAM BAGIAN TIMUR,Pulau Panjang,-4.04209392,131.2328767,623514514186371071,,,,,> ~5 km / none found,False,5865.742856674095,5865.742856674095,5.87
91360,PAPUA BARAT,KAB. FAK FAK,Fak-Fak Timur,-3.12249232,132.49157814,623514600087322623,,,,,> ~5 km / none found,False,5865.35656397852,5865.35656397852,5.87
82516,MALUKU,KAB. MALUKU TENGAH,Telutih,-3.26676257,129.8174845,624125367348854783,38.0,,5.016,,> ~5 km / none found,True,4617.533979813777,5865.19846189234,5.87
75582,KALIMANTAN BARAT,KAB. SINTANG,Ketungau Hulu,0.99347271,111.0544889,623338722975252479,,,,,> ~5 km / none found,False,5862.989959648255,5862.989959648255,5.86
39788,MALUKU,KAB. BURU,Lolong Guba,-3.31203883,126.9066494,624122784278740991,23.0,,3.036,,> ~5 km / none found,True,3102.6584947540164,5861.271182533191,5.86
77351,JAMBI,KAB. KERINCI,Air Hangat Timur,-1.97316335,101.5101557,623974316176375807,,,,,> ~5 km / none found,False,5356.977560138107,5859.700127043471,5.86
59690,ACEH,KAB. ACEH SELATAN,Bakongan,3.00206908,97.4592666,623281395606323199,,,,,> ~5 km / none found,False,5575.7949112002,5858.261750024718,5.86
58458,RIAU,KAB. ROKAN HILIR,Batu Hampar,1.93226096,101.000051,623276735904120831,,,,,> ~5 km / none found,False,5857.296906249006,5857.296906249006,5.86
34417,SULAWESI TENGGARA,KAB. KONAWE UTARA,Molawe,-3.62577402,122.1196674,624120821604089855,,,,,> ~5 km / none found,False,4871.137812934705,5856.170415759835,5.86
88882,PAPUA BARAT,KAB. TELUK WONDAMA,Wamesa,-2.0696096,134.08702526,623511365596348415,,,,,> ~5 km / none found,False,5854.075558937875,5854.075558937875,5.85
26967,KALIMANTAN TENGAH,KAB. MURUNG RAYA,Tanah Siang,-0.35342364,114.4714841,623335305205088255,27.0,,3.564,,> ~5 km / none found,True,3312.277966940548,5850.902098198783,5.85
50483,KALIMANTAN BARAT,KAB. KAPUAS HULU,Boyan Tanjung,0.2724214,112.4854254,623338675476463615,,,,,> ~5 km / none found,False,5850.025256577364,5850.025256577364,5.85
33551,SUMATERA UTARA,KAB. KARO,Merek,2.941453,98.3916378,623274498634383359,,,,,> ~5 km / none found,False,5850.02051629622,5850.02051629622,5.85
85583,MALUKU UTARA,KAB. HALMAHERA UTARA,Tobelo Utara,1.72466267,127.9226921,623530111196004351,,,,,> ~5 km / none found,False,5847.82477287547,5847.82477287547,5.85
51482,SULAWESI TENGGARA,KAB. KONAWE KEPULAUAN,Wawonii Tenggara,-4.14558093,123.1484526,624126095564603391,,,,,> ~5 km / none found,False,5847.065062452378,5847.065062452378,5.85
48590,KALIMANTAN UTARA,KAB. MALINAU,Malinau Selatan Hilir,3.3621458,116.4447081,623338248382578687,,,,,> ~5 km / none found,False,5846.916772127728,5846.916772127728,5.85
45217,MALUKU,KAB. MALUKU BARAT DAYA,Damer,-7.18519112,128.6183899,624124045939605503,,,,,> ~5 km / none found,False,5845.776560274817,5845.776560274817,5.85
12391,KEPULAUAN BANGKA BELITUNG,KAB. BANGKA BARAT,Jebus,-1.64372925,105.4123954,623969460812644351,28.0,,3.696,,> ~5 km / none found,True,3440.204823882343,5844.845467509236,5.84
15259,SULAWESI TENGAH,KAB. MOROWALI UTARA,Soyo Jaya,-1.70660488,121.2457875,623340867330637823,,,,,> ~5 km / none found,False,5771.023973116594,5835.611214112258,5.84
82108,SULAWESI TENGGARA,KAB. KONAWE UTARA,Oheo,-3.37631336,121.993929,624120823644454911,,,,,> ~5 km / none found,False,5050.772509729642,5833.375524613384,5.83
45806,SUMATERA UTARA,KAB. HUMBANG HASUNDUTAN,Parlilitan,2.36694585,98.33758966,623281686628106239,,,,,> ~5 km / none found,False,5827.998768767698,5827.998768767698,5.83
73977,JAMBI,KAB. KERINCI,Siulak,-2.00207002,101.240245,623974310138216447,27.0,,3.564,,> ~5 km / none found,True,3857.643496041889,5822.524123848802,5.82
88483,MALUKU UTARA,KAB. HALMAHERA SELATAN,Bacan,-0.56775021,127.5226198,623529913997099007,21.0,,2.772,,> ~5 km / none found,True,2591.550718025053,5821.690842928133,5.82
83359,PAPUA,KAB. KEEROM,Kaisenar,-3.98194571,140.5022443,623517008553279487,,,,,> ~5 km / none found,False,5819.598805583478,5819.598805583478,5.82
74422,NUSA TENGGARA TIMUR,KAB. KUPANG,Fatuleu Barat,-9.81638407,123.7668112,624102819343138815,,,,,> ~5 km / none found,False,5819.019601195274,5819.019601195274,5.82
28057,SULAWESI TENGAH,KAB. MOROWALI UTARA,Petasia Timur,-2.22648253,121.4704099,624121129725100031,,,,,> ~5 km / none found,False,5817.482441074152,5817.482441074152,5.82
45191,SUMATERA UTARA,KAB. MANDAILING NATAL,Siabu,0.98328155,99.38745765,623276434508873727,,,,,> ~5 km / none found,False,5816.611008523249,5816.611008523249,5.82
32834,SULAWESI TENGAH,KAB. BANGGAI,Toili Barat,-1.54834204,122.0704225,623341622017949695,,,,,> ~5 km / none found,False,5814.7484983969725,5814.7484983969725,5.81
89106,PAPUA TENGAH,KAB. PUNCAK JAYA,Ilamburawi,-3.62670414,137.88559227,623511656740814847,,,,,> ~5 km / none found,False,5813.35175678462,5813.35175678462,5.81
72568,SUMATERA UTARA,KAB. TAPANULI TENGAH,Manduamas,2.28244165,98.21102379,623281699221471231,,,,,> ~5 km / none found,False,5203.3265107488205,5812.223032352835,5.81
4821,SUMATERA SELATAN,KAB. OGAN KOMERING ILIR,Pangkalan Lampam,-3.0616702,105.1238657,623971428678074367,,,,,> ~5 km / none found,False,5810.880303234555,5810.880303234555,5.81
19729,SUMATERA SELATAN,KAB. EMPAT LAWANG,Lintang Kanan,-3.90970697,102.9741707,623976200323825663,25.0,,3.3,,> ~5 km / none found,True,3022.0546091229085,5806.964438156545,5.81
83288,PAPUA,KAB. BIAK NUMFOR,Biak Barat,-1.092139,135.811744,623514217702424575,21.0,,2.772,,> ~5 km / none found,True,2605.0471617604567,5805.449396513434,5.81
31676,SULAWESI UTARA,KAB. MINAHASA UTARA,Likupang Barat,1.76802087,125.0540399,623340127981502463,,,,,> ~5 km / none found,False,5804.848196227935,5804.848196227935,5.8
81192,JAMBI,KAB. SAROLANGUN,Batang Asai,-2.45975484,102.3791871,623974258201755647,,,,,> ~5 km / none found,False,5804.512506606093,5804.512506606093,5.8
2945,LAMPUNG,KAB. TULANG BAWANG,Gedung Meneng,-4.38969514,105.4154418,623971242933452799,,,,,> ~5 km / none found,False,5803.602449623937,5803.602449623937,5.8
79384,MALUKU,KAB. MALUKU BARAT DAYA,Wetar Utara,-7.7483606,126.2097136,624123719243399167,23.0,,3.036,,> ~5 km / none found,True,3108.188852495724,5801.846326308937,5.8
27893,SULAWESI TENGAH,KAB. BANGGAI,Kintom,-1.12556773,122.6052841,623341605768953855,10.0,,1.32,,> ~5 km / none found,True,1218.0468303118896,5801.740976043913,5.8
67092,SULAWESI TENGAH,KAB. BANGGAI,Nuhon,-1.12179539,122.0237647,623341596119007231,,,,,> ~5 km / none found,False,5801.03802586682,5801.03802586682,5.8
53947,SUMATERA BARAT,KAB. PESISIR SELATAN,Koto XI Tarusan,-1.09340021,100.5572007,623974034640928767,,,,,> ~5 km / none found,False,5799.992806961888,5799.992806961888,5.8
41406,SULAWESI TENGAH,KAB. BANGGAI,Nuhon,-1.01904316,122.2341581,623341637569445887,,,,,> ~5 km / none found,False,5732.643019174946,5799.290356392029,5.8
27379,SULAWESI TENGGARA,KAB. KONAWE,Abuki,-3.61808486,122.0020735,624120979171508223,,,,,> ~5 km / none found,False,5799.0306115183685,5799.0306115183685,5.8
91767,SUMATERA UTARA,KAB. TAPANULI SELATAN,Sayur Matinggi,1.13044457,99.50059081,623276428949913599,,,,,> ~5 km / none found,False,5797.232550609014,5797.232550609014,5.8
69702,KALIMANTAN TIMUR,KAB. MAHAKAM ULU,Long Bagun,0.40787227,115.2194479,623335146359750655,25.0,,3.3,,> ~5 km / none found,True,2872.9342014758536,5793.648816516467,5.79
58489,JAMBI,KAB. SAROLANGUN,Mandiangin Timur,-2.18069386,103.1665836,623969116575563775,21.0,,2.772,,> ~5 km / none found,True,2625.0750800677224,5792.211205442133,5.79
38841,SUMATERA UTARA,KAB. HUMBANG HASUNDUTAN,Parlilitan,2.40169583,98.57191364,623281686357639167,23.0,,3.036,,> ~5 km / none found,True,3187.2231594511445,5790.4138628591945,5.79
56123,PAPUA,KAB. BIAK NUMFOR,Swandiwe,-0.91733005,135.83678651,623514219735121919,,,,,> ~5 km / none found,False,5786.535054710533,5786.535054710533,5.79
74394,ACEH,KAB. PIDIE,Geumpang,4.80952959,96.32388237,623279479774019583,,,,,> ~5 km / none found,False,5785.923191400882,5785.923191400882,5.79
59399,SULAWESI SELATAN,KAB. PANGKAJENE KEPULAUAN,Liukang Tupabbiring,-4.88678676,119.3401249,624118023582482431,,,,,> ~5 km / none found,False,5783.249824003967,5783.249824003967,5.78
84536,MALUKU UTARA,KAB. HALMAHERA SELATAN,Gane Timur,0.09066532,127.826311,623529926525648895,32.0,,4.224,,> ~5 km / none found,True,4130.535560864026,5779.851264717596,5.78
29218,GORONTALO,KAB. GORONTALO UTARA,Gentuma Raya,0.79753953,123.0467406,623339751301283839,,,,,> ~5 km / none found,False,5466.7869026307235,5779.751770087904,5.78
92646,PAPUA PEGUNUNGAN,KAB. YAHUKIMO,Ninia,-0.5284598,130.6031256,623530483004833791,,,,,> ~5 km / none found,False,5778.30085032722,5778.30085032722,5.78
92190,PAPUA SELATAN,KAB. MAPPI,Citak-Mitak,-3.60751144,138.00165082,623511608201379839,38.0,,5.016,,> ~5 km / none found,True,5161.842342137071,5777.842491365252,5.78
71322,SULAWESI TENGGARA,KAB. KONAWE KEPULAUAN,Wawonii Utara,-4.09126288,123.1190874,624126096104783871,30.0,,3.96,,> ~5 km / none found,True,3535.376233894411,5777.762234700412,5.78
77516,KALIMANTAN BARAT,KAB. KAPUAS HULU,Batang Lupar,0.9159233,112.2399855,623338474309287935,,,,,> ~5 km / none found,False,5775.418898006608,5775.418898006608,5.78
30017,SULAWESI SELATAN,KAB. KEPULAUAN SELAYAR,Bontosikuyu,-6.48017641,120.4271141,624118193913724927,3.0,,0.396,,> ~5 km / none found,True,440.52899401448684,5774.414256377147,5.77
12880,LAMPUNG,KAB. PESISIR BARAT,Karya Penggawa,-5.05261632,103.9663706,623961468463874047,,,,,> ~5 km / none found,False,5774.017698716377,5774.017698716377,5.77
85455,PAPUA BARAT DAYA,KAB. MAYBRAT,Aifat,-1.19598456,132.5455031,623514745995296767,,,,,> ~5 km / none found,False,5770.650005804039,5770.650005804039,5.77
43610,BENGKULU,KAB. MUKOMUKO,Malin Deman,-2.90575842,101.6108423,623976365035814911,19.0,,2.508,,> ~5 km / none found,True,2304.5305981925317,5769.625305250721,5.77
51462,PAPUA SELATAN,KAB. ASMAT,Safan,-6.11706928,138.39098365,624256215331536895,,,,,> ~5 km / none found,False,5768.850383491597,5768.850383491597,5.77
53989,SUMATERA BARAT,KAB. PESISIR SELATAN,Sutera,-1.38186194,100.7891958,623974070928965631,,,,,> ~5 km / none found,False,5764.935821227402,5764.935821227402,5.76
55507,SULAWESI TENGGARA,KAB. KONAWE KEPULAUAN,Wawonii Timur,-4.11499476,123.1717349,624126097225908223,,,,,> ~5 km / none found,False,5764.3638660641345,5764.3638660641345,5.76
11418,SUMATERA UTARA,KAB. PADANG LAWAS,Ulu Barumun,1.04973431,99.59798611,623276432709550079,,,,,> ~5 km / none found,False,5764.324063932495,5764.324063932495,5.76
90658,PAPUA TENGAH,KAB. PUNCAK JAYA,Yambi,-3.80838014,137.92582459,623511626965221375,,,,,> ~5 km / none found,False,5758.350298396463,5758.350298396463,5.76
54082,KALIMANTAN UTARA,KAB. NUNUKAN,Tulin Onsoi,4.08542989,117.1164104,623338267375435775,,,,,> ~5 km / none found,False,4833.555192255182,5755.296426652302,5.76
11440,SUMATERA SELATAN,KAB. OGAN KOMERING ULU,Ulu Ogan,-4.17459133,103.7158317,623976441662767103,,,,,> ~5 km / none found,False,5138.645253498178,5755.071727149701,5.76
90162,PAPUA PEGUNUNGAN,KAB. PEGUNUNGAN BINTANG,Ok Aom,-4.77093023,140.60464634,623516728979193855,,,,,> ~5 km / none found,False,5753.963225098721,5753.963225098721,5.75
89236,PAPUA TENGAH,KAB. PUNCAK JAYA,Dagai,-3.17451529,138.00838024,623511643638595583,,,,,> ~5 km / none found,False,5753.8114878450715,5753.8114878450715,5.75
8417,SULAWESI TENGGARA,KAB. KOLAKA,Iwoimendaa,-3.73103206,121.1723274,624120753587617791,33.0,,4.356,,> ~5 km / none found,True,4197.319355289579,5753.21749110592,5.75
3452,SUMATERA SELATAN,KAB. OGAN KOMERING ILIR,Sungai Menang,-3.77037929,105.4933316,623971226003767295,,,,,> ~5 km / none found,False,5751.247827645459,5751.247827645459,5.75
85222,PAPUA TENGAH,KAB. NABIRE,Dipa,-3.69354934,135.5221356,623511300897701887,,,,,> ~5 km / none found,False,5749.464859662357,5749.464859662357,5.75
93570,PAPUA BARAT,KAB. TELUK BINTUNI,Aranday,-2.02680103,133.13192225,623514456912691199,,,,,> ~5 km / none found,False,5749.328156447952,5749.328156447952,5.75
78828,SULAWESI UTARA,KAB. BOLAANG MONGONDOW,Dumoga Tenggara,0.63775351,123.9698455,623340518281248767,,,,,> ~5 km / none found,False,5418.378312313495,5748.4304173717765,5.75
84339,NUSA TENGGARA BARAT,KAB. LOMBOK BARAT,Narmada,-8.46689029,116.279636,624129380158111743,,,,,> ~5 km / none found,False,4746.458357877444,5747.249432204433,5.75
65902,KALIMANTAN TENGAH,KAB. KATINGAN,Marikit,-1.2277326,112.7836316,623336519724761087,14.0,,1.848,,> ~5 km / none found,True,1530.4176177672293,5746.729508260446,5.75
69165,SULAWESI TENGAH,KAB. BANGGAI KEPULAUAN,Bulagi Selatan,-1.37614151,122.9677991,623341197969293311,30.0,,3.96,,> ~5 km / none found,True,3950.2229498927627,5744.646343462599,5.74
89004,PAPUA BARAT,KAB. MANOKWARI SELATAN,Oransbari,-1.26343297,134.14203959,623513404532457471,,,,,> ~5 km / none found,False,5742.421132181419,5742.421132181419,5.74
84453,SUMATERA UTARA,KAB. NIAS SELATAN,Pulau-Pulau Batu Barat,-0.1189994,98.32937617,623974682136477695,,,,,> ~5 km / none found,False,5741.354529188526,5741.354529188526,5.74
61383,SULAWESI TENGAH,KAB. MOROWALI,Menui Kepulauan,-3.526689,123.059907,624126133378547711,,,,,> ~5 km / none found,False,5741.172730496284,5741.172730496284,5.74
52419,RIAU,KAB. INDRAGIRI HULU,Batang Gansal,-0.73220898,102.4004368,623974392630312959,4.0,,0.528,,> ~5 km / none found,True,499.01585611679525,5740.20824402452,5.74
46219,SULAWESI TENGGARA,KAB. KOLAKA UTARA,Lasusua,-3.50568427,120.9867923,624120754590908415,29.0,,3.828,,> ~5 km / none found,True,3279.316642032803,5738.103994438808,5.74
89519,PAPUA PEGUNUNGAN,KAB. TOLIKARA,Goyage,-3.77741814,138.46370043,623511618871033855,,,,,> ~5 km / none found,False,5736.860632661023,5736.860632661023,5.74
72399,SULAWESI TENGAH,KAB. SIGI,Kulawi Selatan,-1.5801017,120.0833209,623340768379666431,32.0,,4.224,,> ~5 km / none found,True,3973.0675638945186,5735.084541291154,5.74
48947,SUMATERA UTARA,KAB. HUMBANG HASUNDUTAN,Parlilitan,2.36230152,98.60468609,623281692656467967,5.0,,0.66,,> ~5 km / none found,True,576.7164282731896,5734.634932462626,5.73
27110,SULAWESI TENGAH,KAB. PARIGI MOUTONG,Balinggi,-1.10718968,120.3778938,623340657765548031,,,,,> ~5 km / none found,False,5733.877742986535,5733.877742986535,5.73
81377,MALUKU UTARA,KAB. PULAU TALIABU,Taliabu Barat,-2.01145152,124.3451275,623341394266750975,,,,,> ~5 km / none found,False,5732.021140097809,5732.021140097809,5.73
79678,KALIMANTAN BARAT,KAB. KAPUAS HULU,Semitau,0.62619954,111.8973054,623338435221520383,,,,,> ~5 km / none found,False,5688.979543002285,5730.211117164827,5.73
86610,PAPUA BARAT,KAB. FAK FAK,Kayauni,-2.76623006,132.25697025,623514367789268991,,,,,> ~5 km / none found,False,5730.011785114363,5730.011785114363,5.73
54080,SUMATERA UTARA,KAB. PADANG LAWAS,Sosopan,1.17449225,99.62870322,623276435620102143,20.0,,2.64,,> ~5 km / none found,True,2928.7606924093116,5726.64549380384,5.73
30637,SUMATERA SELATAN,KAB. MUSI BANYUASIN,Lalan,-2.36575337,104.3004266,623969367348019199,36.0,,4.752,,> ~5 km / none found,True,4996.643693358865,5725.593402204018,5.73
20531,SULAWESI SELATAN,KAB. LUWU,Walenrang Utara,-2.68867552,120.1058305,624120261978587135,,,,,> ~5 km / none found,False,5472.520389966852,5725.207147136385,5.73
91333,PAPUA PEGUNUNGAN,KAB. TOLIKARA,Goyage,-3.77961539,138.44292459,623511618881945599,,,,,> ~5 km / none found,False,5723.97666559241,5723.97666559241,5.72
40375,MALUKU,KAB. BURU,Waelata,-3.50398456,127.0042464,624122667631968255,34.0,,4.488,,> ~5 km / none found,True,4296.232147101771,5721.646391162942,5.72
16636,MALUKU UTARA,KAB. HALMAHERA TENGAH,Weda Timur,0.45710116,128.3366669,623529991263715327,31.0,,4.092,,> ~5 km / none found,True,4026.317961877894,5719.441502922187,5.72
78264,MALUKU,KAB. SERAM BAGIAN BARAT,Taniwel,-2.92466216,128.3854202,624125305431916543,,,,,> ~5 km / none found,False,5718.674708243257,5718.674708243257,5.72
17179,SULAWESI UTARA,KAB. BOLAANG MONGONDOW SELATAN,Posigadan,0.38334592,123.5099998,623341561277218815,34.0,,4.488,,> ~5 km / none found,True,4120.376408577297,5718.193660271404,5.72
32853,SUMATERA UTARA,KAB. TAPANULI UTARA,Purbatua,1.7347013,99.03768565,623276563362152447,19.0,,2.508,,> ~5 km / none found,True,2603.7199296472677,5713.203865686999,5.71
30490,SULAWESI BARAT,KAB. MAMASA,Bambang,-2.86440747,119.2448697,624120276423671807,,,,,> ~5 km / none found,False,5712.295610174494,5712.295610174494,5.71
30109,KALIMANTAN TIMUR,KAB. KUTAI TIMUR,Telen,1.05432655,116.6313738,623335993496436735,,,,,> ~5 km / none found,False,5711.730886790581,5711.730886790581,5.71
93381,PAPUA PEGUNUNGAN,KAB. TOLIKARA,Gika,-3.49158237,138.41647824,623511648937082879,,,,,> ~5 km / none found,False,5710.095926779028,5710.095926779028,5.71
53753,MALUKU UTARA,KAB. HALMAHERA UTARA,Loloda Kepulauan,2.11763557,127.7772937,623530145553022975,,,,,> ~5 km / none found,False,5707.859586831965,5707.859586831965,5.71
42047,SULAWESI TENGGARA,KAB. KONAWE SELATAN,Kolono Timur,-4.36307285,122.8464716,624126110662885375,,,,,> ~5 km / none found,False,5618.6744210234965,5707.196156239736,5.71
56311,KALIMANTAN UTARA,KAB. BULUNGAN,Bunyu,3.6432932,117.5980904,623328140646711295,,,,,> ~5 km / none found,False,5699.682683456126,5699.682683456126,5.7
21701,MALUKU UTARA,KAB. PULAU MOROTAI,Morotai Utara,2.39797205,128.5731816,623530138379190271,,,,,> ~5 km / none found,False,5699.271583865612,5699.271583865612,5.7
84940,PAPUA TENGAH,KAB. MIMIKA,Agimuga,-4.713295,137.55014312,623511748140040191,,,,,> ~5 km / none found,False,5698.475892428041,5698.475892428041,5.7
66169,MALUKU UTARA,KAB. HALMAHERA SELATAN,Kepulauan Botanglomang,-0.65264461,127.34332249,623529900336381951,,,,,> ~5 km / none found,False,5696.913895771724,5696.913895771724,5.7
24354,SULAWESI TENGAH,KAB. TOLI-TOLI,Dampal Selatan,0.66896139,120.2726151,623341025465597951,,,,,> ~5 km / none found,False,5696.677461090003,5696.677461090003,5.7
89912,PAPUA TENGAH,KAB. DOGIYAI,Dogiyai,-4.04464975,135.95082724,623511261473243135,,,,,> ~5 km / none found,False,5696.085741023053,5696.085741023053,5.7
4953,KEPULAUAN BANGKA BELITUNG,KAB. BANGKA SELATAN,Pulau Besar,-2.8116274,106.0887281,623971339361714175,27.0,,3.564,,> ~5 km / none found,True,3169.7635211519378,5693.222044184708,5.69
86458,PAPUA BARAT DAYA,KAB. RAJA AMPAT,Salawati Tengah,-1.07781756,130.9743541,623530443686313983,,,,,> ~5 km / none found,False,5689.988106033953,5689.988106033953,5.69
93617,PAPUA PEGUNUNGAN,KAB. YALIMO,Benawa,-3.61770481,139.74456528,623511681356660735,,,,,> ~5 km / none found,False,5688.835060624629,5688.835060624629,5.69
47848,GORONTALO,KAB. BONE BOLANGO,Bulango Ulu,0.71226455,123.2222746,623339748945068031,,,,,> ~5 km / none found,False,5686.925867982758,5686.925867982758,5.69
87024,PAPUA BARAT,KAB. FAK FAK,Pariwari,-2.97405002,132.23876912,623514378946904063,26.0,,3.432,,> ~5 km / none found,True,3710.4100323933053,5685.143590676612,5.69
87500,MALUKU UTARA,KAB. HALMAHERA SELATAN,Bacan Timur,-0.52645385,127.57975838,623529913618366463,29.0,,3.828,,> ~5 km / none found,True,3546.4275446750653,5681.724110004312,5.68
93704,PAPUA BARAT DAYA,KAB. RAJA AMPAT,Supnin,-0.02111605,130.94386914,623530326210052095,,,,,> ~5 km / none found,False,5529.341248565367,5681.204424425305,5.68
5014,KEPULAUAN BANGKA BELITUNG,KAB. BANGKA SELATAN,Pulau Besar,-2.7571026,106.1078719,623971355748106239,36.0,,4.752,,> ~5 km / none found,True,4223.7455080063155,5679.737616929201,5.68
70813,KALIMANTAN TENGAH,KAB. KAPUAS,Pasak Talawang,-1.04863768,114.2655391,623335286641917951,,,,,> ~5 km / none found,False,5679.711747929339,5679.711747929339,5.68
14828,KALIMANTAN TENGAH,KAB. MURUNG RAYA,Laung Tuhup,-0.27115841,114.6985691,623335316880162815,34.0,,4.488,,> ~5 km / none found,True,3817.884636610828,5678.914892201642,5.68
21561,MALUKU,KAB. KEPULAUAN ARU,Aru Utara,-5.46035305,134.5522821,623512237554925567,,,,,> ~5 km / none found,False,5673.931679721958,5673.931679721958,5.67
60393,RIAU,KAB. PELALAWAN,Kerumutan,0.07648611,102.3898939,623276116435107839,,,,,> ~5 km / none found,False,5667.40870772788,5667.40870772788,5.67
86478,PAPUA BARAT DAYA,KAB. RAJA AMPAT,Batanta Selatan,-0.78789079,130.8882461,623530445719928831,,,,,> ~5 km / none found,False,5667.257322835887,5667.257322835887,5.67
38163,SUMATERA UTARA,KAB. MANDAILING NATAL,Muara Batang Gadis,1.18851909,98.96343815,623276377087836159,,,,,> ~5 km / none found,False,5666.589904628356,5666.589904628356,5.67
92345,PAPUA TENGAH,KAB. PANIAI,Siriwo,-3.66881017,136.061731,623511303625736191,,,,,> ~5 km / none found,False,5666.481958173335,5666.481958173335,5.67
93283,PAPUA PEGUNUNGAN,KAB. JAYAWIJAYA,Siepkosi,-4.00080363,139.09107435,623511693053689855,,,,,> ~5 km / none found,False,5664.439003400099,5664.439003400099,5.66
84507,ACEH,KAB. ACEH BARAT DAYA,Tangan-Tangan,3.69619964,96.96950748,623279383764172799,,,,,> ~5 km / none found,False,5662.40947078068,5662.40947078068,5.66
93448,PAPUA BARAT,KAB. TELUK BINTUNI,Bintuni,-2.13107214,133.4378241,623514464438812671,,,,,> ~5 km / none found,False,5661.3553265550945,5661.3553265550945,5.66
15080,SULAWESI BARAT,KAB. MAMASA,Mambi,-3.04982864,119.1094081,624120430023835647,,,,,> ~5 km / none found,False,5659.275852288206,5659.275852288206,5.66
50601,MALUKU,KAB. BURU,Waplau,-3.1227716,126.7481627,624122702119075839,,,,,> ~5 km / none found,False,5658.189293513567,5658.189293513567,5.66
24244,MALUKU UTARA,KAB. PULAU MOROTAI,Morotai Selatan,2.13296926,128.3886917,623530138849083391,33.0,,4.356,,> ~5 km / none found,True,4462.97782258902,5657.49664082827,5.66
87627,PAPUA BARAT DAYA,KAB. MAYBRAT,Aifat Selatan,-1.45939465,132.54017399,623514701844250623,,,,,> ~5 km / none found,False,5656.893461175375,5656.893461175375,5.66
83480,MALUKU UTARA,KAB. PULAU TALIABU,Taliabu Timur Selatan,-1.87314867,124.954229,624124996064182271,,,,,> ~5 km / none found,False,5656.750818038126,5656.750818038126,5.66
59502,RIAU,KAB. INDRAGIRI HILIR,Teluk Belengkong,0.32338534,103.4391383,623276156024619007,,,,,> ~5 km / none found,False,5655.811493186806,5655.811493186806,5.66
39032,SULAWESI SELATAN,KAB. SIDENRENG RAPPANG,Pitu Riase,-3.60694044,120.2135611,624121148399484927,,,,,> ~5 km / none found,False,4577.0372521446725,5654.826169274933,5.65
26186,RIAU,KAB. ROKAN HULU,Rambah,0.80784403,100.2234955,623276675602186239,25.0,,3.3,,> ~5 km / none found,True,2999.0000966343873,5653.556348329968,5.65
62631,NUSA TENGGARA BARAT,KAB. SUMBAWA,Buer,-8.39784612,117.0311995,624119277453148159,,,,,> ~5 km / none found,False,5651.280596030073,5651.280596030073,5.65
5761,SULAWESI TENGAH,KAB. TOJO UNA UNA,Ampana Tete,-1.11202364,121.6306645,623341644022480895,,,,,> ~5 km / none found,False,5648.993229340491,5648.993229340491,5.65
84644,KALIMANTAN TIMUR,KAB. KUTAI BARAT,Damai,-0.46746051,115.5095044,623335338449108991,16.0,,2.112,,> ~5 km / none found,True,1964.2801522484983,5648.94158400663,5.65
28139,MALUKU,KAB. SERAM BAGIAN BARAT,Seram Barat,-3.03327095,128.28374,624125322053320703,,,,,> ~5 km / none found,False,5647.8584596136325,5647.8584596136325,5.65
64586,JAMBI,KAB. KERINCI,Batang Merangin,-2.09013682,101.6038334,623974233504448511,13.0,,1.716,,> ~5 km / none found,True,1586.527134962868,5647.700292692085,5.65
13214,SUMATERA BARAT,KAB. SIJUNJUNG,Tanjung Gadang,-0.9203849,101.1079652,623973975895506943,,,,,> ~5 km / none found,False,5647.164295249789,5647.164295249789,5.65
1330,JAWA BARAT,KAB. SUKABUMI,Kadudampit,-6.78567016,106.9520862,623960759108567039,,,,,> ~5 km / none found,False,5645.062558624062,5645.062558624062,5.65
5020,SUMATERA SELATAN,KAB. OGAN KOMERING ULU,Lengkiti,-4.3552527,104.1733275,623971276893814783,11.0,,1.452,,> ~5 km / none found,True,1350.0326617998962,5644.836491001386,5.64
53849,SULAWESI TENGAH,KAB. PARIGI MOUTONG,Parigi Selatan,-0.99282632,120.2050258,623340650146791423,32.0,,4.224,,> ~5 km / none found,True,3856.557766761175,5644.653033140415,5.64
91253,PAPUA BARAT,KAB. TELUK BINTUNI,Bintuni,-2.18386787,133.56875709,623514467903700991,,,,,> ~5 km / none found,False,5641.558962019768,5641.558962019768,5.64
9138,SUMATERA UTARA,KAB. LANGKAT,Batang Serangan,3.74632825,98.02473921,623274215258587135,,,,,> ~5 km / none found,False,5640.835801399141,5640.835801399141,5.64
36202,SULAWESI TENGGARA,KAB. KONAWE UTARA,Asera,-3.57321094,122.018841,624120979654410239,,,,,> ~5 km / none found,False,5575.479059439241,5639.803508615533,5.64
29169,KALIMANTAN TIMUR,KAB. BERAU,Biatan,1.3452622,118.0546935,623336069235507199,,,,,> ~5 km / none found,False,5636.421400586683,5636.421400586683,5.64
27254,SULAWESI BARAT,KAB. MAMASA,Tabulahan,-2.81086821,119.2773486,624120274016075775,,,,,> ~5 km / none found,False,5634.862164140706,5634.862164140706,5.63
50082,RIAU,KAB. INDRAGIRI HULU,Batang Gansal,-0.9027881,102.3832513,623974362130841599,30.0,,3.96,,> ~5 km / none found,True,3726.028860051075,5633.067430955001,5.63
87461,SUMATERA UTARA,KAB. NIAS SELATAN,Hibala,-0.3467282,98.481046,623974684098723839,9.0,,1.188,,> ~5 km / none found,True,1123.9972517768203,5632.262065752043,5.63
86096,PAPUA BARAT DAYA,KAB. RAJA AMPAT,Salawati Tengah,-1.09375554,131.0163787,623514666576052223,,,,,> ~5 km / none found,False,5631.22863300988,5631.22863300988,5.63
63915,KALIMANTAN BARAT,KAB. MELAWI,Sokan,-0.90806356,111.5621137,623338588994830335,,,,,> ~5 km / none found,False,5630.965841815808,5630.965841815808,5.63
4836,SUMATERA SELATAN,KAB. OGAN KOMERING ILIR,Pangkalan Lampam,-3.3187402,105.1360102,623971458694381567,,,,,> ~5 km / none found,False,5630.234681967566,5630.234681967566,5.63
9261,SULAWESI TENGGARA,KAB. BUTON UTARA,Kulisusu Utara,-4.5080011,123.064139,624118926535983103,,,,,> ~5 km / none found,False,5629.515725461048,5629.515725461048,5.63
12607,SULAWESI TENGAH,KAB. MOROWALI UTARA,Soyo Jaya,-1.76709646,121.1433768,623340861578739711,29.0,,3.828,,> ~5 km / none found,True,3424.7156351704093,5628.322197927845,5.63
93956,PAPUA PEGUNUNGAN,KAB. TOLIKARA,Telenggeme,-3.5015402,138.28400826,623511649580679167,,,,,> ~5 km / none found,False,5627.65391605861,5627.65391605861,5.63
69191,ACEH,KAB. ACEH BARAT DAYA,Lembah Sabil,3.66924595,96.99741044,623279383397302271,,,,,> ~5 km / none found,False,5513.77596620212,5625.549746826119,5.63
61642,JAMBI,KAB. MERANGIN,Jangkat Timur,-2.61731161,102.02921,623976374038921215,24.0,,3.168,,> ~5 km / none found,True,2969.0348791812607,5623.967224756995,5.62
90232,PAPUA BARAT,KAB. MANOKWARI SELATAN,Dataran Isim,-1.5680884,133.7693031,623513422058815487,,,,,> ~5 km / none found,False,5623.399246416973,5623.399246416973,5.62
9883,ACEH,KAB. ACEH UTARA,Tanah Luas,4.90274564,96.97728315,623279471994798079,,,,,> ~5 km / none found,False,5623.164060301241,5623.164060301241,5.62
90020,PAPUA BARAT DAYA,KAB. SORONG,Saengkeduk,-0.82897338,132.13650379,623530512923426815,7.0,,0.924,,> ~5 km / none found,True,950.3646553314323,5621.689249958314,5.62
91921,SUMATERA UTARA,KAB. TAPANULI TENGAH,Sibabangun,1.66711451,99.04166575,623276409441452031,6.0,,0.792,,> ~5 km / none found,True,794.6341333470201,5621.586254171772,5.62
22898,SULAWESI TENGAH,KAB. BANGGAI,Balantak Utara,-0.7662477,123.3568745,623341222585499647,,,,,> ~5 km / none found,False,5620.415615528506,5620.415615528506,5.62
30526,ACEH,KAB. ACEH SELATAN,Trumon,2.79236488,97.68097073,623281446008225791,,,,,> ~5 km / none found,False,5619.114758422352,5619.114758422352,5.62
85845,PAPUA TENGAH,KAB. PUNCAK,Gome Utara,-3.98020266,137.8099983,623511621399674879,,,,,> ~5 km / none found,False,5615.252796083194,5615.252796083194,5.62
10822,KALIMANTAN UTARA,KAB. BULUNGAN,Sekatak,3.36865218,116.9694106,623338250991992831,,,,,> ~5 km / none found,False,5614.957165141421,5614.957165141421,5.61
11169,KALIMANTAN BARAT,KAB. KAYONG UTARA,Simpang Hilir,-1.15717696,110.0817431,623972011648286719,,,,,> ~5 km / none found,False,5611.8912961092,5611.8912961092,5.61
27166,PAPUA,KAB. KEPULAUAN YAPEN,Poom,-1.6478735,135.7710547,623511446111191039,,,,,> ~5 km / none found,False,5608.6144921337145,5608.6144921337145,5.61
92340,PAPUA TENGAH,KAB. PANIAI,Siriwo,-3.42753248,133.60503491,623511521435877375,,,,,> ~5 km / none found,False,5605.795379017173,5605.795379017173,5.61
77870,MALUKU UTARA,KAB. HALMAHERA SELATAN,Bacan Timur Selatan,-0.76143229,127.5465294,623529915264761855,,,,,> ~5 km / none found,False,5603.193820402853,5603.193820402853,5.6
27068,PAPUA,KAB. KEPULAUAN YAPEN,Teluk Ampimoi,-1.80425181,136.56057718,623513944803442687,,,,,> ~5 km / none found,False,5601.937533668809,5601.937533668809,5.6
51063,KALIMANTAN TENGAH,KAB. PULANG PISAU,Kahayan Kuala,-3.33187016,114.1222427,623336467123732479,,,,,> ~5 km / none found,False,5598.572388489311,5598.572388489311,5.6
75862,PAPUA SELATAN,KAB. MERAUKE,Elikobal,-7.48696799,140.6243876,624255536437329919,,,,,> ~5 km / none found,False,5595.277053443063,5595.277053443063,5.6
88592,PAPUA BARAT,KAB. TELUK WONDAMA,Wasior,-2.77360503,134.57577364,623511357824335871,,,,,> ~5 km / none found,False,5593.297957967308,5593.297957967308,5.59
24219,RIAU,KAB. KAMPAR,Kampar Kiri,0.02673147,101.1316026,623974178434121727,4.0,,0.528,,> ~5 km / none found,True,486.9724184428986,5592.883626987663,5.59
50459,MALUKU,KAB. BURU,Lolong Guba,-3.30245257,126.8540483,624122784767377407,22.0,,2.904,,> ~5 km / none found,True,2881.166829519136,5592.585029759135,5.59
86637,PAPUA BARAT DAYA,KAB. MAYBRAT,Mare Selatan,-1.15751234,132.3744864,623514730558324735,,,,,> ~5 km / none found,False,5592.15845220327,5592.15845220327,5.59
90555,PAPUA,KAB. SARMI,Pantai Timur,-2.14108417,139.19910295,623518944474529791,,,,,> ~5 km / none found,False,5591.291560090443,5591.291560090443,5.59
59106,KALIMANTAN TENGAH,KAB. LAMANDAU,Delang,-1.55441302,111.0889658,623972177356292095,30.0,,3.96,,> ~5 km / none found,True,3605.0362723511903,5591.174021711182,5.59
30056,SULAWESI TENGGARA,KAB. KONAWE UTARA,Lasolo,-3.69001822,122.1876844,624120986556465151,30.0,,3.96,,> ~5 km / none found,True,3537.2131513964705,5587.176934474421,5.59
39002,SULAWESI TENGAH,KAB. POSO,Poso Pesisir Selatan,-1.53223335,120.556162,623340889872924671,37.0,,4.884,,> ~5 km / none found,True,4298.063526031731,5587.1411202456065,5.59
94062,PAPUA PEGUNUNGAN,KAB. TOLIKARA,Dundu,-3.47709977,138.3883376,623511649438498815,,,,,> ~5 km / none found,False,5586.57833489458,5586.57833489458,5.59
25083,PAPUA,KAB. BIAK NUMFOR,Biak Utara,-1.05701805,136.10303309,623514230882598911,,,,,> ~5 km / none found,False,5382.245790500669,5583.248434119377,5.58
1103,PAPUA SELATAN,KAB. MAPPI,Mambioman Bapai,-6.89561907,139.1597688,624256008849850367,,,,,> ~5 km / none found,False,5022.449811492724,5582.262689991556,5.58
92585,PAPUA SELATAN,KAB. MAPPI,Assue,-5.99601339,139.31043072,624256159408521215,,,,,> ~5 km / none found,False,5581.878872953536,5581.878872953536,5.58
21102,JAWA TIMUR,KAB. JEMBER,Tempurejo,-8.44120115,113.8088809,623988384893468671,,,,,> ~5 km / none found,False,5580.034935858293,5580.034935858293,5.58
88208,MALUKU UTARA,KAB. HALMAHERA TIMUR,Maba Selatan,0.54878947,128.45755041,623529757426515967,,,,,> ~5 km / none found,False,5578.845615020845,5578.845615020845,5.58
12529,KALIMANTAN BARAT,KAB. SEKADAU,Nanga Taman,-0.38148554,110.9647479,623971904240418815,,,,,> ~5 km / none found,False,5577.835006229847,5577.835006229847,5.58
94040,PAPUA PEGUNUNGAN,KAB. TOLIKARA,Wina,-3.5627092,138.30178898,623511649107935231,,,,,> ~5 km / none found,False,5574.810794454862,5574.810794454862,5.57
91362,PAPUA BARAT,KAB. FAK FAK,Wartutin,-2.8762559,132.13406454,623514383213363199,,,,,> ~5 km / none found,False,5573.878807186512,5573.878807186512,5.57
76638,KALIMANTAN SELATAN,KAB. KOTABARU,Pamukan Utara,-2.41239201,116.1385113,623336792939528191,,,,,> ~5 km / none found,False,5573.3460363304,5573.3460363304,5.57
75178,ACEH,KAB. ACEH BARAT DAYA,Kuala Batee,3.88908192,96.81021753,623279354461880319,,,,,> ~5 km / none found,False,5571.485082026736,5571.485082026736,5.57
42643,SULAWESI TENGAH,KAB. TOLI-TOLI,Lampasio,0.81635536,120.8837007,623341016394694655,37.0,,4.884,,> ~5 km / none found,True,4514.902395273995,5569.629550765607,5.57
22606,KALIMANTAN UTARA,KAB. TANA TIDUNG,Muruk Rian,3.43177798,116.7472945,623338243004465151,,,,,> ~5 km / none found,False,5568.710600447681,5568.710600447681,5.57
45439,KALIMANTAN SELATAN,KAB. TABALONG,Banua Lawas,-2.32256853,115.2039254,623337240291246079,,,,,> ~5 km / none found,False,5568.645397989589,5568.645397989589,5.57
69487,ACEH,KAB. SIMEULUE,Simeulue Barat,2.74951895,95.93554949,623281473651867647,37.0,,4.884,,> ~5 km / none found,True,4687.5030693506815,5568.088041780212,5.57
75755,PAPUA TENGAH,KAB. NABIRE,Teluk Umar,-3.01297126,134.7396945,623511111248412671,33.0,,4.356,,> ~5 km / none found,True,4127.912498131157,5567.71019995209,5.57
87462,PAPUA BARAT,KAB. TELUK BINTUNI,Babo,-2.59779777,133.44310806,623514436457824255,,,,,> ~5 km / none found,False,5567.392973563226,5567.392973563226,5.57
93715,PAPUA BARAT DAYA,KAB. RAJA AMPAT,Batanta Utara,-0.84730357,130.58608635,623530433010794495,,,,,> ~5 km / none found,False,5565.98286314514,5565.98286314514,5.57
90490,PAPUA BARAT,KAB. KAIMANA,Teluk Arguni Bawah,-3.09773183,133.58032035,623511523133063167,,,,,> ~5 km / none found,False,5564.820515595789,5564.820515595789,5.56
77359,MALUKU UTARA,KAB. PULAU TALIABU,Taliabu Barat,-1.98364015,124.3408527,623341394305581055,,,,,> ~5 km / none found,False,5563.877939107825,5563.877939107825,5.56
91370,PAPUA BARAT,KAB. PEGUNUNGAN ARFAK,Didohu,-1.42968422,133.6451479,623513394201985023,,,,,> ~5 km / none found,False,5563.75251698298,5563.75251698298,5.56
83101,SUMATERA BARAT,KAB. PESISIR SELATAN,Ranah Ampek Hulu Tapan,-2.18824675,100.9726432,623974295231758335,27.0,,3.564,,> ~5 km / none found,True,3518.287241953971,5562.078029195927,5.56
76694,SULAWESI TENGAH,KAB. SIGI,Dolo Selatan,-1.26171886,119.8717369,623340805430149119,15.0,,1.98,,> ~5 km / none found,True,1966.4404562476527,5561.633226678137,5.56
30617,PAPUA,KAB. KEPULAUAN YAPEN,Nusawani,-1.96231769,136.3202073,623513994894114815,38.0,,5.016,,> ~5 km / none found,True,4999.81788323979,5560.797256900567,5.56
69891,MALUKU UTARA,KAB. HALMAHERA SELATAN,Kayoa Barat,-0.22237042,127.1050204,623529934668333055,,,,,> ~5 km / none found,False,5560.325156209833,5560.325156209833,5.56
24393,KALIMANTAN SELATAN,KAB. HULU SUNGAI TENGAH,Batang Alai Timur,-2.66958167,115.5991168,623336800711376895,,,,,> ~5 km / none found,False,5558.757034183386,5558.757034183386,5.56
86245,PAPUA BARAT,KAB. MANOKWARI,Warmare,-1.04028543,133.8486613,623513433647022079,,,,,> ~5 km / none found,False,5557.099540875407,5557.099540875407,5.56
94099,PAPUA SELATAN,KAB. MERAUKE,Ilwayab,-1.04028543,133.8486613,623513433647022079,,,,,> ~5 km / none found,False,5557.099540875407,5557.099540875407,5.56
30943,SULAWESI TENGGARA,KAB. BOMBANA,Mata Usu,-4.56984699,121.8040729,624120959259803647,34.0,,4.488,,> ~5 km / none found,True,4330.818975860013,5556.640883915753,5.56
68099,RIAU,KAB. ROKAN HILIR,Bagan Sinembah Raya,1.91561851,100.5198466,623276331910594559,,,,,> ~5 km / none found,False,5555.961298216816,5555.961298216816,5.56
28797,KALIMANTAN TIMUR,KAB. KUTAI TIMUR,Telen,0.83542957,116.9242454,623335956795654143,,,,,> ~5 km / none found,False,5555.6422842813345,5555.6422842813345,5.56
89413,PAPUA BARAT DAYA,KAB. TAMBRAUW,Bamusbama,-0.87998857,132.27386422,623530513791090687,,,,,> ~5 km / none found,False,4945.994864020036,5555.079792497196,5.56
88169,SUMATERA UTARA,KAB. NIAS SELATAN,Hibala,-0.4881536,98.4370897,623974530549317631,23.0,,3.036,,> ~5 km / none found,True,3287.489544053766,5555.060716027036,5.56
89589,PAPUA,KAB. MAMBERAMO RAYA,Waropen Atas,-2.24682226,137.22960568,623511918591115263,,,,,> ~5 km / none found,False,5553.2070153790455,5553.2070153790455,5.55
86214,NUSA TENGGARA BARAT,KAB. BIMA,Tambora,-8.224914,117.8819566,624119266144452607,37.0,,4.884,,> ~5 km / none found,True,4454.152666276561,5549.512998452639,5.55
71094,SULAWESI TENGAH,KAB. DONGGALA,Sindue,-0.54282108,119.8857418,623340683948490751,32.0,,4.224,,> ~5 km / none found,True,4069.0575229851097,5548.632045615811,5.55
89657,PAPUA TENGAH,KAB. PUNCAK JAYA,Kiyage,-3.53676598,138.04632109,623511608016699391,,,,,> ~5 km / none found,False,5546.630048845382,5546.630048845382,5.55
91366,PAPUA BARAT,KAB. TELUK BINTUNI,Babo,-2.58078415,133.4842498,623514436652531711,,,,,> ~5 km / none found,False,5546.489802484991,5546.489802484991,5.55
56126,PAPUA,KAB. BIAK NUMFOR,Swandiwe,-0.90627984,135.82852046,623514219703828479,,,,,> ~5 km / none found,False,5545.625145234134,5545.625145234134,5.55
88713,PAPUA TENGAH,KAB. INTAN JAYA,Homeyo,-3.78747646,136.87879262,623512020721270783,,,,,> ~5 km / none found,False,5208.344269674386,5545.018478706373,5.55
82456,MALUKU,KAB. MALUKU TENGAH,Teluk Elpaputih,-3.14885375,128.8282719,624125269872050175,37.0,,4.884,,> ~5 km / none found,True,4890.036225688603,5544.2074894945345,5.54
253,PAPUA SELATAN,KAB. ASMAT,Agats,-5.51373579,138.1953199,624256194680356863,,,,,> ~5 km / none found,False,5543.050987642066,5543.050987642066,5.54
88164,MALUKU,KAB. SERAM BAGIAN BARAT,Taniwel Timur,-2.90901688,128.68037581,624125318324060159,30.0,,3.96,,> ~5 km / none found,True,4020.689216346787,5542.2276903268175,5.54
15136,JAWA TIMUR,KAB. PROBOLINGGO,Krucil,-7.9576748,113.5510728,623986359208411135,,,,,> ~5 km / none found,False,4626.765865623855,5541.53847671838,5.54
44983,SUMATERA SELATAN,KAB. MUSI BANYUASIN,Bayung Lencir,-2.2043484,103.52539,623969109195751423,1.0,,0.132,,> ~5 km / none found,True,128.73771238181953,5540.664485155689,5.54
20421,SULAWESI TENGAH,KAB. POSO,Poso Pesisir,-1.37301149,120.533623,623340890056228863,,,,,> ~5 km / none found,False,5539.35243010796,5539.35243010796,5.54
85005,SUMATERA UTARA,KAB. NIAS SELATAN,Pulau-Pulau Batu Utara,0.05425459,98.23435599,623974649876807679,,,,,> ~5 km / none found,False,5538.838567229015,5538.838567229015,5.54
87906,PAPUA,KOTA JAYAPURA,Abepura,-2.67004843,140.66075208,623518977844772863,37.0,,4.884,,> ~5 km / none found,True,4566.455591402469,5538.614158114306,5.54
73675,SUMATERA SELATAN,KAB. OKU SELATAN,Tiga Dihaji,-4.64021196,103.9567264,623976473986990079,11.0,,1.452,,> ~5 km / none found,True,1316.7562490645028,5536.727155212215,5.54
86695,PAPUA BARAT DAYA,KAB. TAMBRAUW,Kwesefo,-0.49189945,132.4043755,623513719636656127,13.0,,1.716,,> ~5 km / none found,True,1691.665432162839,5533.788645661565,5.53
85627,MALUKU UTARA,KAB. HALMAHERA UTARA,Kao Barat,1.44896943,127.7911985,623530032444309503,,,,,> ~5 km / none found,False,5529.484697572528,5529.484697572528,5.53
89175,MALUKU UTARA,KAB. HALMAHERA SELATAN,Bacan,-0.55923232,127.50499224,623529901958168575,38.0,,5.016,,> ~5 km / none found,True,4659.630864134764,5528.955136221362,5.53
71354,KALIMANTAN TIMUR,KAB. KUTAI TIMUR,Teluk Pandan,0.23840186,117.3476137,623335718295797759,,,,,> ~5 km / none found,False,5528.140263082115,5528.140263082115,5.53
51873,SUMATERA UTARA,KAB. PADANG LAWAS,Barumun Selatan,0.94457423,99.73219899,623276679773192191,,,,,> ~5 km / none found,False,5526.063749844466,5526.063749844466,5.53
61445,KALIMANTAN TENGAH,KAB. KATINGAN,Marikit,-1.10786733,112.5505105,623336512003178495,20.0,,2.64,,> ~5 km / none found,True,2419.2011394654132,5525.042124329213,5.53
21767,MALUKU,KAB. KEPULAUAN TANIMBAR,Wermaktian,-7.58072764,131.2516424,624106995327074303,,,,,> ~5 km / none found,False,5524.510755073854,5524.510755073854,5.52
91954,PAPUA PEGUNUNGAN,KAB. JAYAWIJAYA,Asotipo,-4.21176669,138.932136,623511845690540031,,,,,> ~5 km / none found,False,5523.054110136973,5523.054110136973,5.52
34746,BENGKULU,KAB. REJANG LEBONG,Sindang Beliti Ulu,-3.51999878,102.8342699,623976165879447551,,,,,> ~5 km / none found,False,5520.608579934946,5520.608579934946,5.52
86358,MALUKU UTARA,KAB. HALMAHERA UTARA,Kao Barat,1.35775499,127.724561,623529784963203071,,,,,> ~5 km / none found,False,5520.007798440743,5520.007798440743,5.52
59713,ACEH,KAB. ACEH SELATAN,Kota Bahagia,3.00820129,97.60684627,623281416497397759,33.0,,4.356,,> ~5 km / none found,True,4768.24920447184,5519.656579986795,5.52
86731,PAPUA BARAT,KAB. FAK FAK,Fak-Fak,-2.98206292,132.28700167,623514380132188159,12.0,,1.584,,> ~5 km / none found,True,1617.756845731349,5519.638880389442,5.52
87654,PAPUA BARAT,KAB. MANOKWARI,Manokwari Utara,-0.7790428,133.8767618,623513273733775359,,,,,> ~5 km / none found,False,4907.752402316372,5518.567349570639,5.52
47332,KEPULAUAN RIAU,KOTA BATAM,Bulang,0.91510447,103.9562004,623276065978777599,36.0,,4.752,,> ~5 km / none found,True,4355.547864692392,5517.494910250658,5.52
89866,PAPUA TENGAH,KAB. INTAN JAYA,Homeyo,-3.77397488,136.93322555,623512020417806335,,,,,> ~5 km / none found,False,5514.825505709795,5514.825505709795,5.51
74210,MALUKU UTARA,KAB. HALMAHERA TENGAH,Weda Timur,0.50346163,128.249659,623529756684845055,,,,,> ~5 km / none found,False,4847.110994388641,5512.664646245652,5.51
27435,MALUKU,KAB. KEPULAUAN ARU,Sir-Sir,-5.64994691,134.4716737,623512248635949055,31.0,,4.092,,> ~5 km / none found,True,3831.3085090104387,5511.713158383238,5.51
80984,NUSA TENGGARA BARAT,KAB. SUMBAWA,Maronge,-8.69701169,117.6368241,624119224575229951,21.0,,2.772,,> ~5 km / none found,True,2513.0474343853944,5510.649703929798,5.51
89739,PAPUA TENGAH,KAB. PUNCAK JAYA,Irimuli,-3.77064312,137.99862679,623511610483867647,,,,,> ~5 km / none found,False,5510.419149413451,5510.419149413451,5.51
48899,MALUKU UTARA,KAB. HALMAHERA TENGAH,Patani Timur,0.36953387,128.6162416,623529991924154367,30.0,,3.96,,> ~5 km / none found,True,3810.297802813558,5509.446092397209,5.51
85908,PAPUA BARAT,KAB. TELUK BINTUNI,Kuri,-2.5956774,133.8873962,623511352477089791,,,,,> ~5 km / none found,False,5508.537169474358,5508.537169474358,5.51
68158,ACEH,KAB. BIREUEN,Juli,5.00099146,96.62882905,623279501164281855,25.0,,3.3,,> ~5 km / none found,True,3288.163199928033,5508.494298191312,5.51
51025,SULAWESI UTARA,KAB. MINAHASA SELATAN,Amurang Timur,1.14765998,124.6542554,623340102051561471,,,,,> ~5 km / none found,False,5505.160800447409,5505.160800447409,5.51
38895,MALUKU,KAB. KEPULAUAN ARU,Pulau-Pulau Aru,-5.785108,134.4792035,623512251740127231,18.0,,2.376,,> ~5 km / none found,True,2524.7743432941224,5504.988029561528,5.5
72092,BENGKULU,KAB. LEBONG,Topos,-3.22429104,102.4718771,623976409326714879,,,,,> ~5 km / none found,False,5503.722447334099,5503.722447334099,5.5
79018,KALIMANTAN BARAT,KAB. KETAPANG,Nanga Tayap,-1.63334971,110.7473441,623971771609546751,,,,,> ~5 km / none found,False,5502.284285610158,5502.284285610158,5.5
20992,ACEH,KAB. ACEH TENGGARA,Lawe Bulan,3.51797646,97.89792945,623274212954046463,13.0,,1.716,,> ~5 km / none found,True,1645.0708370429145,5501.951991956284,5.5
92641,PAPUA PEGUNUNGAN,KAB. YAHUKIMO,Obio,-4.71598667,139.1522817,623511825295835135,,,,,> ~5 km / none found,False,5500.677194061348,5500.677194061348,5.5
83084,PAPUA TENGAH,KAB. PUNCAK,Gome,-4.06604898,137.655025,623511627618910207,,,,,> ~5 km / none found,False,5499.8327479453865,5499.8327479453865,5.5
41150,RIAU,KAB. INDRAGIRI HILIR,Mandah,-0.04691788,103.4558297,623276158390304767,,,,,> ~5 km / none found,False,5498.928147785285,5498.928147785285,5.5
89213,PAPUA PEGUNUNGAN,KAB. NDUGA,Inikgal,-4.29691623,138.37619014,623511866393198591,,,,,> ~5 km / none found,False,5498.464515717408,5498.464515717408,5.5
93281,PAPUA SELATAN,KAB. BOVEN DIGOEL,Ninati,-5.65472693,140.97195058,623516715372150783,1.0,,0.132,,> ~5 km / none found,True,108.3305871295171,5498.3640258287205,5.5
38041,SULAWESI TENGAH,KAB. BANGGAI,Balantak Utara,-0.7430915,123.3539158,623341222564691967,,,,,> ~5 km / none found,False,5496.64438933303,5496.64438933303,5.5
26232,MALUKU UTARA,KAB. PULAU MOROTAI,Morotai Timur,2.14905954,128.5138275,623530138756513791,25.0,,3.3,,> ~5 km / none found,True,3302.145009987164,5496.033120112975,5.5
92370,PAPUA SELATAN,KAB. MAPPI,Ti  Zain,-5.48944352,139.57945302,624256111150956543,,,,,> ~5 km / none found,False,5495.907811026568,5495.907811026568,5.5
71075,GORONTALO,KAB. GORONTALO,Asparaga,0.83712572,122.3936648,623339790134640639,29.0,,3.828,,> ~5 km / none found,True,3866.784263299737,5495.85041771092,5.5
70615,MALUKU,KAB. SERAM BAGIAN BARAT,Taniwel Timur,-2.91724598,128.720141,624125318274646015,,,,,> ~5 km / none found,False,5495.755484152052,5495.755484152052,5.5
89200,PAPUA BARAT DAYA,KAB. SORONG,Sayosa,-0.92957503,131.73612214,623530531560325119,,,,,> ~5 km / none found,False,5493.528122459284,5493.528122459284,5.49
16925,SUMATERA UTARA,KAB. TAPANULI SELATAN,Batang Toru,1.58036492,99.13071659,623276395632918527,,,,,> ~5 km / none found,False,4863.415306247135,5493.45147388148,5.49
20722,KALIMANTAN TENGAH,KAB. LAMANDAU,Lamandau,-1.9397885,111.1021311,623972205196115967,,,,,> ~5 km / none found,False,5492.358746120763,5492.358746120763,5.49
68192,MALUKU,KAB. MALUKU TENGAH,Teluk Elpaputih,-3.12762153,128.9042758,624125282307833855,15.0,,1.98,,> ~5 km / none found,True,2120.637512677597,5488.103774242298,5.49
70231,ACEH,KAB. ACEH TIMUR,Peunaron,4.69143657,97.5974512,623274359331192831,,,,,> ~5 km / none found,False,5487.45566996585,5487.45566996585,5.49
80342,ACEH,KAB. ACEH TIMUR,Peunaron,4.69143657,97.5974512,623274359331192831,,,,,> ~5 km / none found,False,5487.45566996585,5487.45566996585,5.49
51238,KALIMANTAN BARAT,KAB. KETAPANG,Kendawangan,-2.60516447,110.358401,623972114644828159,,,,,> ~5 km / none found,False,5485.359292512918,5485.359292512918,5.49
50141,SUMATERA BARAT,KAB. PESISIR SELATAN,Basa Ampek Balai Tapan,-2.17801072,101.0014832,623974295589257215,,,,,> ~5 km / none found,False,5484.747563142139,5484.747563142139,5.48
70797,SUMATERA BARAT,KAB. PESISIR SELATAN,Basa Ampek Balai Tapan,-2.17801072,101.0014832,623974295589257215,,,,,> ~5 km / none found,False,5484.747563142139,5484.747563142139,5.48
75210,SUMATERA UTARA,KAB. PADANG LAWAS UTARA,Halongonan,1.6905013,99.6375008,623276320316784639,21.0,,2.772,,> ~5 km / none found,True,2930.281460561648,5483.75335396144,5.48
87605,PAPUA BARAT DAYA,KAB. TAMBRAUW,Miyah Selatan,-0.81804174,132.73188812,623513683986907135,,,,,> ~5 km / none found,False,5482.270660920627,5482.270660920627,5.48
25553,SULAWESI TENGAH,KAB. BANGGAI,Bualemo,-0.6631081,123.0707732,623341213883596799,20.0,,2.64,,> ~5 km / none found,True,2376.1531330274497,5481.90677392186,5.48
11145,SULAWESI TENGAH,KAB. DONGGALA,Dampelas,0.32159412,119.9624082,623340913945837567,13.0,,1.716,,> ~5 km / none found,True,1628.3500107412626,5479.6017931373235,5.48
35866,SULAWESI TENGAH,KAB. BANGGAI,Bunta,-0.89974204,122.3398106,623341634650603519,,,,,> ~5 km / none found,False,5479.369055724082,5479.369055724082,5.48
57862,SUMATERA UTARA,KAB. ASAHAN,Pulau Rakyat,2.74294501,99.76567919,623276537991462911,,,,,> ~5 km / none found,False,5478.456571914336,5478.456571914336,5.48
29257,KALIMANTAN TENGAH,KAB. PULANG PISAU,Jabiren Raya,-2.42782421,114.2269254,623336481758707711,,,,,> ~5 km / none found,False,5476.379652728761,5476.379652728761,5.48
85791,MALUKU UTARA,KAB. PULAU TALIABU,Taliabu Barat Laut,-1.80163715,124.4140527,624125048182046719,34.0,,4.488,,> ~5 km / none found,True,4058.2063194509055,5476.1178294929,5.48
17889,KALIMANTAN TIMUR,KAB. KUTAI KARTANEGARA,Tabang,0.54545269,116.0959538,623335215873589247,,,,,> ~5 km / none found,False,5475.919066349474,5475.919066349474,5.48
24564,SUMATERA UTARA,KAB. PADANG LAWAS,Ulu Barumun,1.02723306,99.63366126,623276433272963071,,,,,> ~5 km / none found,False,5475.601427859537,5475.601427859537,5.48
90680,PAPUA,KAB. SUPIORI,Kepulauan Aruri,-0.81117808,135.49147059,623514272211238911,,,,,> ~5 km / none found,False,5475.036707739766,5475.036707739766,5.48
78566,KALIMANTAN TENGAH,KAB. GUNUNG MAS,Miri Manasa,-0.65731261,113.5416044,623336625095933951,,,,,> ~5 km / none found,False,5473.554372946045,5473.554372946045,5.47
91744,PAPUA BARAT,KAB. FAK FAK,Tomage,-2.60748745,132.9938176,623514444394790911,,,,,> ~5 km / none found,False,5473.136390324091,5473.136390324091,5.47
94014,PAPUA PEGUNUNGAN,KAB. TOLIKARA,Wunim,-3.60559446,138.58526573,623511618461466623,,,,,> ~5 km / none found,False,5470.7881813830845,5470.7881813830845,5.47
63856,SULAWESI TENGAH,KAB. POSO,Lore Selatan,-1.86695362,120.3876096,624121047202463743,,,,,> ~5 km / none found,False,5470.251527745283,5470.251527745283,5.47
46991,SULAWESI TENGAH,KAB. BUOL,Gadung,0.98726782,121.7361379,623339705222692863,,,,,> ~5 km / none found,False,4864.502124513593,5466.295055087024,5.47
87970,SUMATERA UTARA,KAB. NIAS SELATAN,Tanah Masa,-0.38317461,98.55370745,623974682928676863,,,,,> ~5 km / none found,False,5464.5355829996015,5464.5355829996015,5.46
74790,BENGKULU,KAB. SELUMA,Seluma Utara,-3.91064862,102.678463,623976147508854783,38.0,,5.016,,> ~5 km / none found,True,5047.983109608663,5462.119766043123,5.46
45221,KALIMANTAN TIMUR,KAB. PASER,Batu Sopang,-1.5783675,115.9894173,623337142471000063,31.0,,4.092,,> ~5 km / none found,True,4052.9942493217136,5460.40516275615,5.46
53740,GORONTALO,KAB. POHUWATO,Lemito,0.69304365,121.537561,623339674059964415,,,,,> ~5 km / none found,False,5381.221547159104,5458.2577098220845,5.46
35971,JAMBI,KAB. TANJUNG JABUNG BARAT,Bram Itam,-1.05576179,103.2875145,623969250732638207,34.0,,4.488,,> ~5 km / none found,True,4093.755170155128,5457.794437216334,5.46
15852,RIAU,KAB. ROKAN HULU,Rambah,0.83037185,100.1895938,623276671686115327,29.0,,3.828,,> ~5 km / none found,True,3697.507878379824,5456.7406282649445,5.46
94079,PAPUA PEGUNUNGAN,KAB. TOLIKARA,Dundu,-3.47353732,138.37239892,623511648828194815,,,,,> ~5 km / none found,False,5454.64361146581,5454.64361146581,5.45
90185,PAPUA BARAT DAYA,KAB. TAMBRAUW,Bamusbama,-0.6935039,132.24667362,623530512011886591,,,,,> ~5 km / none found,False,5454.249896635,5454.249896635,5.45
90333,PAPUA,KAB. SARMI,Pantai Barat,-1.82802126,138.60601714,623519180836601855,,,,,> ~5 km / none found,False,5454.083242490558,5454.083242490558,5.45
35300,KALIMANTAN TENGAH,KAB. KOTAWARINGIN TIMUR,Mentaya Hulu,-2.03968121,112.4805894,623336690701893631,23.0,,3.036,,> ~5 km / none found,True,2843.5897240470144,5452.474804118108,5.45
84206,PAPUA,KAB. JAYAPURA,Nimboran,-2.65609854,140.10867499,623518898689572863,,,,,> ~5 km / none found,False,5449.885211842376,5449.885211842376,5.45
20472,SULAWESI TENGAH,KAB. DONGGALA,Sojol,0.63409192,120.1045997,623341031714553855,,,,,> ~5 km / none found,False,5448.261639934873,5448.261639934873,5.45
24649,SULAWESI TENGGARA,KAB. KOLAKA,Polinggona,-4.41656366,121.6988518,624120961213988863,8.0,,1.056,,> ~5 km / none found,True,885.6939198560283,5447.733639900297,5.45
38196,KALIMANTAN TENGAH,KAB. KAPUAS,Pasak Talawang,-1.22396791,114.1794536,623335289124454399,16.0,,2.112,,> ~5 km / none found,True,1873.9718129923808,5444.799832889576,5.44
6280,BENGKULU,KAB. BENGKULU SELATAN,Air Nipis,-4.30795066,103.1249683,623976449200685055,34.0,,4.488,,> ~5 km / none found,True,4187.094476915933,5444.2697370065325,5.44
46208,SUMATERA SELATAN,KAB. MUSI BANYUASIN,Batang Hari Leko,-2.4543574,103.5042987,623976309257011199,20.0,,2.64,,> ~5 km / none found,True,2474.556018783006,5443.794573797334,5.44
93938,PAPUA PEGUNUNGAN,KAB. TOLIKARA,Nunggawi,-3.74049008,138.34198897,623511605168242687,,,,,> ~5 km / none found,False,5442.535085276748,5442.535085276748,5.44
38875,BENGKULU,KAB. BENGKULU UTARA,Kota Arga Makmur,-3.34798233,102.2376436,623976390835961855,,,,,> ~5 km / none found,False,5439.913183709407,5439.913183709407,5.44
58542,BENGKULU,KAB. REJANG LEBONG,Sindang Beliti Ilir,-3.51713408,102.8870458,623976164664967167,,,,,> ~5 km / none found,False,5439.52122528699,5439.52122528699,5.44
68972,KALIMANTAN TENGAH,KAB. SERUYAN,Danau Sembuluh,-2.74177974,112.3280199,623336673487716351,,,,,> ~5 km / none found,False,5216.529584708453,5437.967950997172,5.44
45872,ACEH,KAB. ACEH SELATAN,Sawang,3.44114452,97.15308766,623279388270821375,27.0,,3.564,,> ~5 km / none found,True,3731.0394719667565,5437.789930677222,5.44
91673,PAPUA TENGAH,KAB. PUNCAK JAYA,Nume,-3.75407827,138.3299061,623511619540025343,,,,,> ~5 km / none found,False,5433.191164540619,5433.191164540619,5.43
90498,MALUKU UTARA,KAB. HALMAHERA BARAT,Jailolo,1.11303861,127.55140651,623529786761445375,,,,,> ~5 km / none found,False,5432.6836133928255,5432.6836133928255,5.43
20594,SULAWESI BARAT,KAB. MAMUJU,Kalumpang,-2.61999693,119.549042,624120252380905471,,,,,> ~5 km / none found,False,5432.651088982995,5432.651088982995,5.43
91179,PAPUA PEGUNUNGAN,KAB. YALIMO,Abenaho,-3.89899353,139.16352843,623511693518569471,,,,,> ~5 km / none found,False,5432.635505301416,5432.635505301416,5.43
88000,PAPUA BARAT DAYA,KAB. RAJA AMPAT,Batanta Utara,-0.83483512,130.72508322,623530434326331391,,,,,> ~5 km / none found,False,5431.915918702472,5431.915918702472,5.43
59393,SULAWESI TENGGARA,KAB. KOLAKA UTARA,Pakue Tengah,-3.19768256,121.1576207,624120785825824767,,,,,> ~5 km / none found,False,4912.174731659913,5428.1340062531135,5.43
25143,PAPUA TENGAH,KAB. MIMIKA,Mimika Timur,-4.83615811,136.7277417,623513048450007039,,,,,> ~5 km / none found,False,5425.111983507259,5425.111983507259,5.43
64176,ACEH,KAB. ACEH SELATAN,Samadua,3.34317101,97.21212637,623281422067761151,,,,,> ~5 km / none found,False,5424.760421921394,5424.760421921394,5.42
7028,LAMPUNG,KAB. PESISIR BARAT,Ngambur,-5.38975347,104.2371477,623961441759330303,22.0,,2.904,,> ~5 km / none found,True,2640.0575348915536,5424.604109357574,5.42
62759,KALIMANTAN TENGAH,KAB. KOTAWARINGIN TIMUR,Mentaya Hulu,-2.14282193,112.6313691,623336286094557183,,,,,> ~5 km / none found,False,5423.605287703849,5423.605287703849,5.42
80947,KALIMANTAN TIMUR,KAB. BERAU,Segah,2.18661892,116.9531558,623338128191848447,,,,,> ~5 km / none found,False,5423.012455763682,5423.012455763682,5.42
70830,SULAWESI TENGAH,KAB. BANGGAI KEPULAUAN,Buko,-1.30792851,122.8783027,623341197108510719,17.0,,2.244,,> ~5 km / none found,True,2000.3559896202573,5418.574794307442,5.42
12897,SULAWESI BARAT,KAB. MAMASA,Aralle,-2.89521414,119.0493833,624120195671785471,,,,,> ~5 km / none found,False,5418.297495246476,5418.297495246476,5.42
61410,MALUKU,KAB. KEPULAUAN TANIMBAR,Kormomolin,-7.61663756,131.5388675,624107035643543551,,,,,> ~5 km / none found,False,5354.69344827306,5417.44163836735,5.42
18268,SULAWESI TENGGARA,KAB. KOLAKA,Latambaga,-3.93765528,121.5831302,624120995782262783,20.0,,2.64,,> ~5 km / none found,True,2521.156281688882,5414.857583953961,5.41
41580,RIAU,KAB. KUANTAN SINGINGI,Kuantan Tengah,-0.62990424,101.7002923,623974133856698367,7.0,,0.924,,> ~5 km / none found,True,829.0920731382745,5413.209605677638,5.41
73730,ACEH,KAB. PIDIE,Tangse,4.98988426,95.86751244,623279077357355007,19.0,,2.508,,> ~5 km / none found,True,2408.0888237841114,5411.352976769589,5.41
90577,PAPUA BARAT,KAB. KAIMANA,Teluk Arguni Bawah,-3.07621625,133.57442797,623511523882827775,,,,,> ~5 km / none found,False,5410.195113649738,5410.195113649738,5.41
90599,PAPUA BARAT DAYA,KAB. TAMBRAUW,Ases,-0.96991524,132.41620864,623514735964389375,,,,,> ~5 km / none found,False,5409.6282624386195,5409.6282624386195,5.41
51842,ACEH,KAB. ACEH TENGGARA,Ketambe,3.66808275,97.75443289,623274216139587583,,,,,> ~5 km / none found,False,5409.627575845476,5409.627575845476,5.41
12522,KALIMANTAN TIMUR,KAB. KUTAI KARTANEGARA,Tabang,0.71033898,116.029002,623335202594258943,,,,,> ~5 km / none found,False,5408.665627091116,5408.665627091116,5.41
10410,SUMATERA SELATAN,KAB. LAHAT,Gumay Talang,-3.81377219,103.436283,623976605838934015,,,,,> ~5 km / none found,False,4812.380069861638,5407.957070569985,5.41
33685,SUMATERA UTARA,KAB. MANDAILING NATAL,Muara Batang Gadis,0.86155596,99.20866773,623276411698642943,,,,,> ~5 km / none found,False,5407.912324248907,5407.912324248907,5.41
86935,MALUKU UTARA,KAB. PULAU TALIABU,Taliabu Utara,-1.74530873,124.5449271,624125045665333247,26.0,,3.432,,> ~5 km / none found,True,3056.39642130142,5405.865905401384,5.41
90439,PAPUA BARAT,KAB. TELUK BINTUNI,Weriagar,-1.89825197,132.77937747,623514723573432319,,,,,> ~5 km / none found,False,5405.455522377313,5405.455522377313,5.41
64027,KALIMANTAN BARAT,KAB. MEMPAWAH,Segedong,0.19613714,109.32189,623969590583197695,,,,,> ~5 km / none found,False,5404.3067448840575,5404.3067448840575,5.4
87120,ACEH,KAB. ACEH JAYA,Sampoi Niet,4.95949469,95.48270248,623279086534197247,28.0,,3.696,,> ~5 km / none found,True,3639.286603594526,5403.914252128184,5.4
91728,PAPUA PEGUNUNGAN,KAB. NDUGA,Inikgal,-4.27973864,138.3976326,623511633140449279,,,,,> ~5 km / none found,False,5401.544921701394,5401.544921701394,5.4
48493,KEPULAUAN RIAU,KAB. KARIMUN,Sugie Besar,0.86507232,103.8517512,623276059085799423,,,,,> ~5 km / none found,False,5401.045030189633,5401.045030189633,5.4
30856,MALUKU UTARA,KOTA TIDORE KEPULAUAN,Oba Tengah,0.49978477,127.6850868,623529763540271103,,,,,> ~5 km / none found,False,5400.050571955706,5400.050571955706,5.4
23709,JAWA TIMUR,KAB. BONDOWOSO,Sumberwringin,-8.07249734,114.0499323,623988398233321471,,,,,> ~5 km / none found,False,5395.913609937378,5395.913609937378,5.4
39748,SULAWESI TENGAH,KAB. BUOL,Paleleh,0.97956056,121.9276625,623339710761631743,33.0,,4.356,,> ~5 km / none found,True,4347.510595605097,5395.328524993151,5.4
87445,MALUKU UTARA,KAB. PULAU TALIABU,Taliabu Timur Selatan,-1.86266807,125.28671815,624125008901799935,,,,,> ~5 km / none found,False,5144.994423628862,5393.556858244013,5.39
79204,MALUKU,KAB. MALUKU TENGAH,Telutih,-3.27984639,129.8487616,624125367581474815,11.0,,1.452,,> ~5 km / none found,True,1378.3246117642716,5393.405146703004,5.39
27742,KALIMANTAN TENGAH,KAB. MURUNG RAYA,Sumber Barito,-0.44149052,114.0481904,623335573682028543,,,,,> ~5 km / none found,False,4935.369580615946,5392.509648641901,5.39
91924,MALUKU UTARA,KAB. HALMAHERA SELATAN,Bacan Timur,-0.50333726,127.6137455,623529886546788351,34.0,,4.488,,> ~5 km / none found,True,4482.525210607199,5391.676575460898,5.39
48979,KALIMANTAN TIMUR,KAB. KUTAI BARAT,Muara Pahu,-0.39247968,116.0536745,623335347919224831,,,,,> ~5 km / none found,False,5390.505759751074,5390.505759751074,5.39
83366,SUMATERA UTARA,KAB. NIAS SELATAN,Hibala,-0.6176151,98.50538743,623974516791574527,,,,,> ~5 km / none found,False,5390.08897780397,5390.08897780397,5.39
23740,SUMATERA UTARA,KAB. MANDAILING NATAL,Siabu,1.10908352,99.50633413,623276429031276543,,,,,> ~5 km / none found,False,5388.659646293154,5388.659646293154,5.39
86210,PAPUA TENGAH,KAB. MIMIKA,Mimika Barat,-4.39584157,136.14879991,623511287666278399,,,,,> ~5 km / none found,False,5388.143682531689,5388.143682531689,5.39
15219,SULAWESI TENGAH,KAB. PARIGI MOUTONG,Moutong,0.54174128,121.2344265,623340983620698111,35.0,,4.62,,> ~5 km / none found,True,4619.931933391427,5387.804983331784,5.39
86496,KALIMANTAN TENGAH,KAB. BARITO SELATAN,Jenamas,-2.34611249,114.8665352,623337199777579007,,,,,> ~5 km / none found,False,5387.0799516176185,5387.0799516176185,5.39
91438,PAPUA PEGUNUNGAN,KAB. YALIMO,Apalapsili,-3.94957781,139.3502114,623511704760975359,,,,,> ~5 km / none found,False,5385.81490197207,5385.81490197207,5.39
50781,ACEH,KAB. ACEH TENGGARA,Babul Makmur,3.34541959,97.99509961,623274464826458111,,,,,> ~5 km / none found,False,5050.939721388886,5383.874734434551,5.38
48665,SULAWESI TENGAH,KAB. DONGGALA,Dampelas,0.18406894,119.9833462,623340915937640447,32.0,,4.224,,> ~5 km / none found,True,4057.890275955117,5383.813183131374,5.38
88463,PAPUA BARAT DAYA,KAB. SORONG SELATAN,Kokoda,-2.24715865,132.34343375,623514396137979903,,,,,> ~5 km / none found,False,5382.623797212606,5382.623797212606,5.38
91969,PAPUA SELATAN,KAB. BOVEN DIGOEL,Ki,-6.78214196,140.1658753,624256432632299519,,,,,> ~5 km / none found,False,5381.776414348915,5381.776414348915,5.38
84271,MALUKU,KAB. SERAM BAGIAN TIMUR,Werinama,-3.59656329,130.3938263,624123314090967039,12.0,,1.584,,> ~5 km / none found,True,1752.552766329197,5381.163866510891,5.38
94116,PAPUA PEGUNUNGAN,KAB. TOLIKARA,Tagineri,-3.73905288,138.56107063,623511612292399103,14.0,,1.848,,> ~5 km / none found,True,1823.249034085239,5381.10512426514,5.38
76069,SULAWESI TENGGARA,KAB. KOLAKA TIMUR,Uluiwoi,-3.7945916,121.6240914,624120762777698303,28.0,,3.696,,> ~5 km / none found,True,3583.7823881888658,5380.94366367524,5.38
67007,SULAWESI TENGAH,KAB. SIGI,Palolo,-1.09799278,120.1673756,623340814479327231,,,,,> ~5 km / none found,False,4802.012490021905,5380.878492495038,5.38
84105,KALIMANTAN TENGAH,KAB. SERUYAN,Seruyan Hilir,-3.09690412,112.2548307,623336427063115775,,,,,> ~5 km / none found,False,5380.562608411923,5380.562608411923,5.38
22546,SUMATERA UTARA,KAB. LABUHANBATU,Panai Tengah,2.53300482,100.2294185,623276459276566527,,,,,> ~5 km / none found,False,5378.109692192856,5378.109692192856,5.38
63181,ACEH,KAB. PIDIE JAYA,Bandar Dua,5.0958357,96.28793143,623279235006136319,19.0,,2.508,,> ~5 km / none found,True,2331.641985600335,5374.159515478242,5.37
91858,KALIMANTAN TENGAH,KAB. KATINGAN,Katingan Hulu,-1.12909467,112.5235045,623336512012845055,36.0,,4.752,,> ~5 km / none found,True,4402.091637492832,5369.119668958063,5.37
56920,SULAWESI SELATAN,KAB. LUWU TIMUR,Nuha,-2.4553939,121.3980201,624121098394697727,,,,,> ~5 km / none found,False,5369.055321139834,5369.055321139834,5.37
26986,KALIMANTAN UTARA,KAB. NUNUKAN,Lumbis Pansiangan,4.35276437,116.3802703,623327672831180799,25.0,,3.3,,> ~5 km / none found,True,3050.3263222127057,5368.830264219652,5.37
84773,KALIMANTAN TENGAH,KAB. SERUYAN,Suling Tambun,-1.2312825,111.6017156,623972179458949119,6.0,,0.792,,> ~5 km / none found,True,663.2926035235369,5368.185991814517,5.37
58302,ACEH,KAB. SIMEULUE,Salang,2.71024693,95.83422666,623281473523908607,30.0,,3.96,,> ~5 km / none found,True,3924.3739909292267,5367.918663676851,5.37
88560,PAPUA SELATAN,KAB. BOVEN DIGOEL,Ambatkwi,-5.35922364,140.49266606,623516743805075455,,,,,> ~5 km / none found,False,5367.912661883998,5367.912661883998,5.37
28112,MALUKU,KAB. KEPULAUAN TANIMBAR,Wermaktian,-7.65757966,131.0907177,624106993528406015,10.0,,1.32,,> ~5 km / none found,True,1242.9469756008427,5364.617211590446,5.36
91630,PAPUA PEGUNUNGAN,KAB. YALIMO,Abenaho,-3.76764326,139.1383798,623511691191517183,,,,,> ~5 km / none found,False,5363.809916024384,5363.809916024384,5.36
73772,ACEH,KAB. GAYO LUES,Teripe Jaya,4.1999007,97.03148767,623279509752872959,,,,,> ~5 km / none found,False,5362.748941168267,5362.748941168267,5.36
79473,KALIMANTAN TENGAH,KAB. KATINGAN,Katingan Hulu,-1.20241743,112.2523201,623336559159377919,,,,,> ~5 km / none found,False,5358.617230961912,5358.617230961912,5.36
61514,MALUKU,KAB. KEPULAUAN TANIMBAR,Wertamrian,-7.75500164,131.3557913,624106990314586111,16.0,,2.112,,> ~5 km / none found,True,2134.126765453272,5358.51590964634,5.36
17077,KALIMANTAN BARAT,KAB. KAPUAS HULU,Mentebah,0.59095246,112.7601131,623338521227231231,,,,,> ~5 km / none found,False,5358.158000612109,5358.158000612109,5.36
30513,MALUKU UTARA,KAB. PULAU MOROTAI,Morotai Selatan Barat,2.16854631,128.3624991,623530139418558463,31.0,,4.092,,> ~5 km / none found,True,4120.017731962182,5355.386508746756,5.36
31382,KEPULAUAN RIAU,KAB. LINGGA,Katang Bidare,0.46921043,104.4045059,623276085241643007,,,,,> ~5 km / none found,False,5354.6214057960815,5354.6214057960815,5.35
30992,KALIMANTAN BARAT,KAB. SINTANG,Ambalau,-0.26740545,112.8885263,623338640676290559,,,,,> ~5 km / none found,False,5353.6411749450735,5353.6411749450735,5.35
89889,PAPUA BARAT DAYA,KAB. SORONG,Salawati Selatan,-1.16522762,130.94654353,623514666862575615,,,,,> ~5 km / none found,False,5353.102798927508,5353.102798927508,5.35
93969,PAPUA PEGUNUNGAN,KAB. TOLIKARA,Wunim,-3.60829088,138.52706825,623511617248002047,,,,,> ~5 km / none found,False,5352.857999026449,5352.857999026449,5.35
84807,PAPUA TENGAH,KAB. PUNCAK,Sinak Barat,-3.8520867,137.7647864,623511625889153023,,,,,> ~5 km / none found,False,5351.679523731283,5351.679523731283,5.35
90484,PAPUA BARAT,KAB. KAIMANA,Teluk Arguni Bawah,-3.1579283,133.6907848,623511503029501951,30.0,,3.96,,> ~5 km / none found,True,3698.0114247440365,5350.656828299443,5.35
28006,LAMPUNG,KAB. PESAWARAN,Padang Cermin,-5.51372027,105.1571858,623971586622062591,,,,,> ~5 km / none found,False,5349.671486058918,5349.671486058918,5.35
1266,SUMATERA SELATAN,KAB. PENUKAL ABAB LEMATANG ILIR,Penukal,-3.06238868,104.0980666,623976579442868223,38.0,,5.016,,> ~5 km / none found,True,4846.803772050491,5348.498294128434,5.35
77613,KALIMANTAN TENGAH,KAB. KATINGAN,Tasik Payawan,-2.08973414,113.3421497,623336247380312063,,,,,> ~5 km / none found,False,5347.834095738739,5347.834095738739,5.35
92716,PAPUA PEGUNUNGAN,KAB. TOLIKARA,Bogonuk,-3.63057569,138.31858757,623511604803993599,,,,,> ~5 km / none found,False,5347.396791708881,5347.396791708881,5.35
41570,RIAU,KAB. KEPULAUAN MERANTI,Tebing Tinggi Timur,0.88693079,102.8077806,623275802459308031,,,,,> ~5 km / none found,False,5347.130950889545,5347.130950889545,5.35
74244,KALIMANTAN BARAT,KAB. KAPUAS HULU,Kalis,0.64083743,113.0697804,623338501836505087,23.0,,3.036,,> ~5 km / none found,True,2700.3708609835076,5346.830219223026,5.35
89353,PAPUA BARAT DAYA,KAB. SORONG,Sayosa,-1.16644456,131.62230826,623514676177960959,5.0,,0.66,,> ~5 km / none found,True,725.2736556429226,5346.68733015371,5.35
91045,PAPUA BARAT,KAB. PEGUNUNGAN ARFAK,Catubouw,-1.15784895,133.74730282,623513436245098495,,,,,> ~5 km / none found,False,5346.226163875556,5346.226163875556,5.35
60068,KALIMANTAN TIMUR,KAB. BERAU,Sambaliung,2.12484525,117.6400128,623343299793289215,,,,,> ~5 km / none found,False,5342.2254671449455,5342.2254671449455,5.34
12906,SULAWESI TENGGARA,KAB. KOLAKA UTARA,Pakue,-3.22650044,121.117534,624120786162483199,29.0,,3.828,,> ~5 km / none found,True,3698.950238125075,5341.972448245023,5.34
85182,PAPUA BARAT DAYA,KAB. MAYBRAT,Aifat Selatan,-1.45499675,132.5812202,623514697622290431,11.0,,1.452,,> ~5 km / none found,True,1637.2187207555123,5340.161859378923,5.34
12390,KALIMANTAN UTARA,KAB. MALINAU,Malinau Utara,3.64304,116.5270602,623338279536001023,23.0,,3.036,,> ~5 km / none found,True,2712.8817962678504,5336.040332417371,5.34
92718,PAPUA PEGUNUNGAN,KAB. YAHUKIMO,Kurima,-0.34321137,130.39464737,623530467693559807,,,,,> ~5 km / none found,False,5333.176513796169,5333.176513796169,5.33
93111,PAPUA BARAT DAYA,KAB. RAJA AMPAT,Waigeo Barat,-0.34321137,130.39464737,623530467693559807,,,,,> ~5 km / none found,False,5333.176513796169,5333.176513796169,5.33
93550,PAPUA PEGUNUNGAN,KAB. NDUGA,Gearek,-4.61058933,138.77995796,623511816381202431,,,,,> ~5 km / none found,False,5331.248976920495,5331.248976920495,5.33
79670,MALUKU,KAB. BURU SELATAN,Waesama,-3.64626564,127.0166748,624122667346821119,,,,,> ~5 km / none found,False,5329.112959245185,5329.112959245185,5.33
12003,ACEH,KAB. ACEH BARAT,Pante Ceureumen,4.49789379,96.25713038,623279109304516607,,,,,> ~5 km / none found,False,5327.759000024429,5327.759000024429,5.33
18728,PAPUA,KAB. JAYAPURA,Sentani Barat,-2.53198727,140.3104618,623518898013306879,27.0,,3.564,,> ~5 km / none found,True,3653.4045383376324,5327.530012742948,5.33
85854,MALUKU UTARA,KAB. HALMAHERA SELATAN,Bacan Barat,-0.4837665,127.3478014,623529905587191807,38.0,,5.016,,> ~5 km / none found,True,4827.855685905234,5327.462973515641,5.33
45367,SULAWESI TENGGARA,KAB. KOLAKA UTARA,Pakue Tengah,-3.1846435,121.1918872,624120737717518335,,,,,> ~5 km / none found,False,4746.914982043201,5325.465668085663,5.33
83544,RIAU,KAB. ROKAN HILIR,Bangko,2.02983608,100.9658613,623276731540865023,,,,,> ~5 km / none found,False,5324.46999704687,5324.46999704687,5.32
59481,PAPUA BARAT DAYA,KAB. SORONG,Bagun,-1.22595041,131.640958,623514675640827903,0.0,,0.0,,> ~5 km / none found,True,22.40572068485537,5318.787692513138,5.32
88237,PAPUA BARAT DAYA,KAB. SORONG,Bagun,-1.22595041,131.64095802,623514675640827903,0.0,,0.0,,> ~5 km / none found,True,22.403888174755973,5318.785771332219,5.32
69045,SULAWESI TENGGARA,KAB. BUTON,Siotapina,-5.36905592,123.0502502,624118905094766591,,,,,> ~5 km / none found,False,5317.1589149962565,5317.1589149962565,5.32
9300,SULAWESI TENGGARA,KAB. KOLAKA,Wundulako,-4.10086389,121.7378645,624120992227721215,,,,,> ~5 km / none found,False,5071.702883045898,5317.0921687625105,5.32
89330,PAPUA BARAT,KAB. PEGUNUNGAN ARFAK,Testega,-1.4241578,133.54163243,623513390643609599,,,,,> ~5 km / none found,False,5314.95730957783,5314.95730957783,5.31
15109,KALIMANTAN BARAT,KAB. KAYONG UTARA,Simpang Hilir,-0.94968105,109.9463441,623972010506190847,,,,,> ~5 km / none found,False,5313.673793049233,5313.673793049233,5.31
83677,BENGKULU,KAB. BENGKULU UTARA,Enggano,-5.40461521,102.2647382,623976538147553279,24.0,,3.168,,> ~5 km / none found,True,3071.1809008475548,5313.322356149292,5.31
52130,ACEH,KAB. ACEH TENGGARA,Deleng Pokhkisen,3.5424733,97.87849145,623274212917051391,14.0,,1.848,,> ~5 km / none found,True,1717.3190673469253,5312.196660026307,5.31
45052,PAPUA,KAB. JAYAPURA,Yapsi,-2.92192073,140.1279085,623516867119054847,,,,,> ~5 km / none found,False,5311.672350545558,5311.672350545558,5.31
89211,PAPUA BARAT DAYA,KAB. TAMBRAUW,Kebar,-0.75879594,133.07381683,623513696770064383,,,,,> ~5 km / none found,False,5309.032381355277,5309.032381355277,5.31
33397,RIAU,KAB. KAMPAR,Kampar Kiri Hulu,-0.23349774,101.0137539,623974176689291263,,,,,> ~5 km / none found,False,5308.787020835335,5308.787020835335,5.31
88988,PAPUA BARAT,KAB. TELUK WONDAMA,Wasior,-2.7406094,134.56343346,623511358298292223,,,,,> ~5 km / none found,False,5308.357447614559,5308.357447614559,5.31
86026,MALUKU UTARA,KAB. HALMAHERA SELATAN,Gane Barat Utara,-0.06364354,127.7463491,623529928650686463,30.0,,3.96,,> ~5 km / none found,True,3665.356710023585,5305.47899117832,5.31
49675,MALUKU,KAB. KEPULAUAN TANIMBAR,Wermaktian,-7.7068863,130.9962789,624106996259028991,21.0,,2.772,,> ~5 km / none found,True,2805.3210866524987,5304.991513348344,5.3
45958,KALIMANTAN BARAT,KAB. SINTANG,Kayan Hulu,0.07270362,112.2108928,623338459193114623,,,,,> ~5 km / none found,False,5303.88365591037,5303.88365591037,5.3
90631,PAPUA BARAT DAYA,KAB. RAJA AMPAT,Kofiau,-1.18708976,129.80885788,624125486241480703,,,,,> ~5 km / none found,False,5303.257990674631,5303.257990674631,5.3
61454,SULAWESI TENGGARA,KAB. KOLAKA TIMUR,Tirawuta,-3.95006833,121.9102907,624120975912992767,,,,,> ~5 km / none found,False,4949.054145500996,5302.410526605205,5.3
90459,PAPUA,KAB. SARMI,Pantai Barat,-1.81735937,138.56068654,623519187081592831,,,,,> ~5 km / none found,False,5302.129605707504,5302.129605707504,5.3
90099,PAPUA BARAT,KAB. KAIMANA,Teluk Arguni Atas,-3.29498473,134.05439862,623511468101140479,,,,,> ~5 km / none found,False,5301.234593998368,5301.234593998368,5.3
8446,SUMATERA SELATAN,KAB. MUARA ENIM,Lawang Kidul,-3.74934081,103.863057,623976565890547711,7.0,,0.924,,> ~5 km / none found,True,834.9405497603365,5299.8799396110635,5.3
70714,SULAWESI TENGAH,KAB. SIGI,Kulawi,-1.66166435,119.7854861,623340790304800767,24.0,,3.168,,> ~5 km / none found,True,3162.7447392872027,5299.60051115,5.3
13549,SUMATERA SELATAN,KAB. BANYUASIN,Rambutan,-3.03861889,105.0291937,623971424503824383,25.0,,3.3,,> ~5 km / none found,True,3294.580967887519,5299.396658753434,5.3
12451,SUMATERA SELATAN,KAB. MUSI RAWAS UTARA,Karang Jaya,-2.89279549,102.8398438,623976286545969151,,,,,> ~5 km / none found,False,4947.554669025005,5296.949301904125,5.3
30438,SUMATERA UTARA,KAB. TAPANULI SELATAN,Sayur Matinggi,1.17154726,99.28442897,623276429966934015,22.0,,2.904,,> ~5 km / none found,True,2836.84486268112,5296.82824424911,5.3
27834,KALIMANTAN UTARA,KAB. MALINAU,Malinau Selatan Hulu,3.07281185,116.2936326,623337921832189951,9.0,,1.188,,> ~5 km / none found,True,1097.8306308209644,5293.689308199452,5.29
74463,SULAWESI SELATAN,KAB. TORAJA UTARA,Baruppu,-2.78270188,119.7548873,624120283820883967,4.0,,0.528,,> ~5 km / none found,True,417.2981285396656,5293.385842831318,5.29
4458,SULAWESI UTARA,KAB. MINAHASA UTARA,Likupang Barat,1.78045611,125.0560564,623340127950831615,,,,,> ~5 km / none found,False,5020.456354135606,5290.960453942584,5.29
88643,PAPUA BARAT DAYA,KAB. RAJA AMPAT,Kofiau,-1.2015825,129.85208757,624125486152908799,,,,,> ~5 km / none found,False,5290.19256024385,5290.19256024385,5.29
90138,PAPUA,KAB. WAROPEN,Wapoga,-2.88580229,136.36323463,623511124321435647,,,,,> ~5 km / none found,False,5289.859978781545,5289.859978781545,5.29
56832,KALIMANTAN TIMUR,KAB. MAHAKAM ULU,Long Bagun,0.54132106,115.0610883,623335177133064191,,,,,> ~5 km / none found,False,5289.275835985003,5289.275835985003,5.29
23618,SULAWESI UTARA,KAB. KEP. SIAU TAGULANDANG BIARO,Siau Timur Selatan,2.65397386,125.4704136,623340472866275327,,,,,> ~5 km / none found,False,5287.96976362446,5287.96976362446,5.29
55220,MALUKU UTARA,KAB. HALMAHERA TENGAH,Weda Utara,0.52102807,128.1575751,623529776718151679,11.0,,1.452,,> ~5 km / none found,True,1382.7040922437275,5286.383237222081,5.29
22577,SULAWESI TENGGARA,KAB. KONAWE,Tongauna Utara,-3.69181536,122.0327894,624120975210119167,30.0,,3.96,,> ~5 km / none found,True,3679.0147435776353,5286.297901282053,5.29
85826,SULAWESI TENGGARA,KAB. KONAWE SELATAN,Laonti,-4.21964696,122.7895457,624126115167010815,38.0,,5.016,,> ~5 km / none found,True,4911.281985764675,5286.28013874529,5.29
88235,PAPUA BARAT DAYA,KAB. MAYBRAT,Aifat,-1.25995982,132.43840415,623514733800751103,31.0,,4.092,,> ~5 km / none found,True,4158.098508159533,5286.248035983107,5.29
67016,SULAWESI SELATAN,KAB. LUWU UTARA,Seko,-2.38251674,119.9694747,624120298237198335,2.0,,0.264,,> ~5 km / none found,True,261.98296986351636,5282.496564001695,5.28
10166,SULAWESI TENGGARA,KAB. KOLAKA UTARA,Lasusua,-3.48899125,120.9724065,624120754657853439,26.0,,3.432,,> ~5 km / none found,True,3305.6311489582395,5281.308672135196,5.28
93144,PAPUA,KAB. BIAK NUMFOR,Aimando Padaido,-1.28030642,136.59958014,623513980561096703,24.0,,3.168,,> ~5 km / none found,True,3019.6082410045387,5279.902129639565,5.28
93012,PAPUA SELATAN,KAB. MAPPI,Assue,-1.28030642,136.59958014,623513980561096703,24.0,,3.168,,> ~5 km / none found,True,3019.6082410045387,5279.902129639565,5.28
66263,SUMATERA UTARA,KAB. PADANG LAWAS UTARA,Halongonan,1.72274572,99.63257989,623276320276971519,,,,,> ~5 km / none found,False,5276.281047233273,5276.281047233273,5.28
88719,PAPUA TENGAH,KAB. PUNCAK JAYA,Yamo,-3.61467861,137.97264791,623511608305844223,,,,,> ~5 km / none found,False,5276.128033947221,5276.128033947221,5.28
87348,SUMATERA BARAT,KAB. PASAMAN,Rao Selatan,0.44977173,99.94547794,623276658327846911,,,,,> ~5 km / none found,False,5275.52603669241,5275.52603669241,5.28
53765,MALUKU UTARA,KAB. HALMAHERA UTARA,Galela Selatan,1.76141242,127.7924823,623530143209062399,,,,,> ~5 km / none found,False,5274.109912676513,5274.109912676513,5.27
89075,PAPUA TENGAH,KAB. INTAN JAYA,Ugimba,-3.8082775,137.06912783,623512017910136831,,,,,> ~5 km / none found,False,5272.329429273222,5272.329429273222,5.27
72612,SULAWESI TENGGARA,KAB. KOLAKA UTARA,Ngapa,-3.35722685,121.0268472,624120788201373695,0.0,,0.0,,> ~5 km / none found,True,43.55258038133647,5270.843731364429,5.27
64487,SUMATERA UTARA,KAB. MANDAILING NATAL,Siabu,1.05731922,99.53327493,623276432843735039,,,,,> ~5 km / none found,False,5269.217957927345,5269.217957927345,5.27
41355,KALIMANTAN TIMUR,KAB. BERAU,Sambaliung,1.95501094,117.6121612,623338101029240831,,,,,> ~5 km / none found,False,5266.985269645446,5266.985269645446,5.27
55603,SULAWESI SELATAN,KAB. BONE,Lappariaja,-4.7478258,119.3834808,624118271620874239,,,,,> ~5 km / none found,False,5266.385419765395,5266.385419765395,5.27
3193,SUMATERA SELATAN,KAB. MUSI BANYUASIN,Sanga Desa,-2.80757705,103.4394023,623976336763551743,18.0,,2.376,,> ~5 km / none found,True,2471.375365446683,5265.762133309307,5.27
78197,KALIMANTAN TENGAH,KAB. GUNUNG MAS,Kahayan Hulu Utara,-0.97602331,113.5293897,623336575331762175,33.0,,4.356,,> ~5 km / none found,True,4011.989808301502,5264.985533269517,5.26
60851,ACEH,KAB. ACEH TENGGARA,Deleng Pokhkisen,3.55143162,97.87101682,623274212910596095,21.0,,2.772,,> ~5 km / none found,True,2905.1564586638374,5264.959746710267,5.26
30942,SUMATERA UTARA,KAB. TAPANULI SELATAN,Tano Tombangan Angkola,1.06916255,99.36684174,623276430087880703,,,,,> ~5 km / none found,False,5261.0496966400515,5261.0496966400515,5.26
16393,SUMATERA UTARA,KAB. MANDAILING NATAL,Naga Juang,0.9281166,99.41689202,623276418000650239,,,,,> ~5 km / none found,False,5258.836963374159,5258.836963374159,5.26
71282,KALIMANTAN TIMUR,KAB. KUTAI BARAT,Mook Manaar Bulatn,-0.13236414,115.9206347,623335385046122495,,,,,> ~5 km / none found,False,5258.610664935502,5258.610664935502,5.26
90247,PAPUA,KAB. WAROPEN,Wonti,-2.3544052,136.69543345,623513972488339455,,,,,> ~5 km / none found,False,5256.537294374175,5256.537294374175,5.26
71074,NUSA TENGGARA TIMUR,KAB. KUPANG,Amfoang Barat Laut,-9.58813296,123.8820238,624102850261286911,,,,,> ~5 km / none found,False,5256.418876682334,5256.418876682334,5.26
87071,PAPUA SELATAN,KAB. ASMAT,Fayit,-6.00165312,138.40227634,624256215054942207,,,,,> ~5 km / none found,False,5251.782843150825,5251.782843150825,5.25
19814,SULAWESI TENGAH,KAB. BANGGAI,Nambo,-1.01163569,122.6828597,623341231183790079,,,,,> ~5 km / none found,False,5247.814191819243,5247.814191819243,5.25
93729,PAPUA PEGUNUNGAN,KAB. NDUGA,Dal,-4.18671386,138.44959201,623511633356783615,,,,,> ~5 km / none found,False,5246.824362749938,5246.824362749938,5.25
89775,PAPUA BARAT,KAB. FAK FAK,Fak-Fak Tengah,-2.90255363,132.38994427,623514363450228735,26.0,,3.432,,> ~5 km / none found,True,3527.5606690717204,5245.923430507138,5.25
23241,SULAWESI TENGAH,KAB. PARIGI MOUTONG,Kasimbar,-0.24509308,119.9518672,623340687084552191,31.0,,4.092,,> ~5 km / none found,True,3839.6497220299625,5245.289580401303,5.25
80595,KALIMANTAN UTARA,KAB. NUNUKAN,Tulin Onsoi,4.28761382,116.7675576,623338264123736063,,,,,> ~5 km / none found,False,5244.898672117969,5244.898672117969,5.24
69942,ACEH,KAB. ACEH TENGGARA,Babul Makmur,3.34109401,97.99692314,623274464825737215,35.0,,4.62,,> ~5 km / none found,True,4543.7480934259875,5244.4440315002685,5.24
56334,SULAWESI TENGAH,KAB. SIGI,Dolo Selatan,-1.20483434,119.8415667,623340801808990207,,,,,> ~5 km / none found,False,4639.527637030661,5243.8957241824955,5.24
9331,SUMATERA SELATAN,KAB. OGAN KOMERING ULU,Lengkiti,-4.25823101,104.159025,623971277246169087,31.0,,4.092,,> ~5 km / none found,True,3573.8393081919826,5238.548896172562,5.24
34477,ACEH,KAB. BENER MERIAH,Mesidah,4.84458503,97.10423911,623279476521533439,,,,,> ~5 km / none found,False,5238.423659644905,5238.423659644905,5.24
62992,MALUKU UTARA,KOTA TIDORE KEPULAUAN,Oba Utara,0.75225222,127.7195674,623529752831590399,4.0,,0.528,,> ~5 km / none found,True,540.0263620111905,5234.34869768007,5.23
18151,KALIMANTAN TIMUR,KAB. KUTAI KARTANEGARA,Tabang,0.6716852,116.1513274,623335213663191039,,,,,> ~5 km / none found,False,5233.076113970214,5233.076113970214,5.23
77699,SULAWESI TENGGARA,KAB. KONAWE SELATAN,Laonti,-4.38399924,122.8801703,624126110784487423,,,,,> ~5 km / none found,False,5232.9613188887915,5232.9613188887915,5.23
12358,LAMPUNG,KAB. PESISIR BARAT,Karya Penggawa,-5.0194019,103.9097477,623976463861907455,29.0,,3.828,,> ~5 km / none found,True,3295.4667632008623,5232.405039432669,5.23
88579,PAPUA BARAT DAYA,KAB. MAYBRAT,Aifat Timur Tengah,-1.23192376,132.6517957,623514739311050751,,,,,> ~5 km / none found,False,5232.019421439271,5232.019421439271,5.23
31803,SULAWESI TENGAH,KAB. PARIGI MOUTONG,Bolano Lambunu,0.61256909,120.9688525,623340986144522239,37.0,,4.884,,> ~5 km / none found,True,4377.882382297667,5230.563659850043,5.23
47106,BENGKULU,KAB. MUKOMUKO,Selagan Raya,-2.47474779,101.3511381,623974328825085951,21.0,,2.772,,> ~5 km / none found,True,2529.643095054237,5228.780819707548,5.23
55484,KALIMANTAN TENGAH,KAB. KOTAWARINGIN TIMUR,Pulau Hanaut,-2.78059867,113.0252739,623336412196798463,32.0,,4.224,,> ~5 km / none found,True,4022.5176410233744,5228.4208646777915,5.23
89917,PAPUA BARAT DAYA,KAB. SORONG,Klayili,-0.98155254,131.59913225,623530520245075967,,,,,> ~5 km / none found,False,4806.539101944636,5226.749383565084,5.23
73511,JAMBI,KAB. SAROLANGUN,Mandiangin,-2.12767493,103.0092939,623969114023657471,11.0,,1.452,,> ~5 km / none found,True,1414.6500614077302,5225.134691107546,5.23
39818,MALUKU,KAB. BURU,Fena Leisela,-3.4371943,126.6906123,624122670188527615,,,,,> ~5 km / none found,False,5224.24341537163,5224.24341537163,5.22
32102,SUMATERA SELATAN,KAB. MUSI BANYUASIN,Batang Hari Leko,-2.57506407,103.5486485,623969354505715711,30.0,,3.96,,> ~5 km / none found,True,3779.2120821554545,5223.573486368153,5.22
28712,MALUKU UTARA,KAB. PULAU MOROTAI,Morotai Jaya,2.49627553,128.4538032,623529078434398207,31.0,,4.092,,> ~5 km / none found,True,4041.773732630834,5221.981816258201,5.22
89240,PAPUA BARAT DAYA,KAB. RAJA AMPAT,Misool (Misool Utara),-1.86778011,129.79535572,624125251571187711,,,,,> ~5 km / none found,False,5221.736367121877,5221.736367121877,5.22
84824,SUMATERA BARAT,KAB. KEPULAUAN MENTAWAI,Siberut Barat,-1.46263603,98.80499711,623974799917055999,,,,,> ~5 km / none found,False,5220.396883368837,5220.396883368837,5.22
64388,KALIMANTAN TENGAH,KAB. PULANG PISAU,Banama Tingang,-1.80986335,113.8690124,623336355086860287,,,,,> ~5 km / none found,False,5218.136841934992,5218.136841934992,5.22
77466,JAMBI,KAB. KERINCI,Siulak Mukai,-1.89526886,101.5191205,623974315989434367,29.0,,3.828,,> ~5 km / none found,True,4039.1380681029527,5217.253629887215,5.22
64955,KALIMANTAN SELATAN,KAB. TAPIN,Candi Laras Utara,-2.77841177,114.8589571,623337224511881215,,,,,> ~5 km / none found,False,5214.121818357281,5214.121818357281,5.21
81423,BENGKULU,KAB. REJANG LEBONG,Bermani Ulu Raya,-3.35312255,102.5907131,623976175215673343,,,,,> ~5 km / none found,False,5213.37761930554,5213.37761930554,5.21
84437,MALUKU,KAB. SERAM BAGIAN TIMUR,Siwalalat,-3.29015801,129.9380416,624125368692506623,,,,,> ~5 km / none found,False,5212.3205438978175,5212.3205438978175,5.21
89033,PAPUA,KAB. SUPIORI,Kepulauan Aruri,-0.83589165,135.52187282,623514267271954431,,,,,> ~5 km / none found,False,5212.181548627456,5212.181548627456,5.21
67529,BENGKULU,KAB. MUKOMUKO,Pondok Suguh,-2.74733833,101.4437455,623974331042594815,21.0,,2.772,,> ~5 km / none found,True,2712.272403273985,5211.72113681704,5.21
78991,SULAWESI SELATAN,KAB. LUWU,Latimojong,-3.39678708,120.0589571,624121198483800063,,,,,> ~5 km / none found,False,5211.358179571981,5211.358179571981,5.21
74316,KALIMANTAN TENGAH,KAB. KATINGAN,Bukit Raya,-1.01723208,112.2261725,623336543510167551,5.0,,0.66,,> ~5 km / none found,True,560.4670284712547,5206.831544628868,5.21
77068,KALIMANTAN UTARA,KAB. NUNUKAN,Lumbis Ogong,4.1091277,116.5652377,623338265271631871,,,,,> ~5 km / none found,False,5205.088196439864,5205.088196439864,5.21
34641,RIAU,KAB. PELALAWAN,Ukui,-0.23573362,101.8936624,623974090015997951,9.0,,1.188,,> ~5 km / none found,True,1093.9166612834488,5204.343801895508,5.2
78275,ACEH,KAB. ACEH BARAT,Sungai Mas,4.56885622,96.03154218,623279112394768383,,,,,> ~5 km / none found,False,5119.33259526421,5202.717842352001,5.2
59149,KALIMANTAN TIMUR,KAB. KUTAI TIMUR,Muara Wahau,1.01335324,116.772172,623335961505366015,,,,,> ~5 km / none found,False,5202.68200264858,5202.68200264858,5.2
35648,KALIMANTAN SELATAN,KAB. TANAH BUMBU,Satui,-3.60791415,115.3419189,623336936397111295,29.0,,3.828,,> ~5 km / none found,True,3756.5543396759413,5201.242883178043,5.2
12960,SULAWESI UTARA,KAB. BOLAANG MONGONDOW SELATAN,Helumo,0.40463292,123.8891582,623341567776784383,20.0,,2.64,,> ~5 km / none found,True,2762.919618198285,5197.812698698777,5.2
49220,RIAU,KAB. INDRAGIRI HULU,Rengat Barat,-0.27886428,102.4622577,623276146786893823,,,,,> ~5 km / none found,False,5196.376612846773,5196.376612846773,5.2
40563,PAPUA BARAT,KAB. MANOKWARI,Tanah Rubuh,-1.20368375,134.1046718,623513405047308287,29.0,,3.828,,> ~5 km / none found,True,3520.1507665703184,5194.966743519627,5.19
67495,PAPUA BARAT,KAB. FAK FAK,Teluk Patipi,-2.76138972,132.1769716,623514355879280639,,,,,> ~5 km / none found,False,5194.805573787058,5194.805573787058,5.19
25129,SULAWESI TENGGARA,KAB. KOLAKA,Pomalaa,-4.25833608,121.6460128,624120993091190783,13.0,,1.716,,> ~5 km / none found,True,1711.439659675476,5194.79107883632,5.19
57766,BENGKULU,KAB. REJANG LEBONG,Sindang Beliti Ilir,-3.47099934,102.8575332,623976168484831231,,,,,> ~5 km / none found,False,5194.116964410588,5194.116964410588,5.19
30775,SUMATERA SELATAN,KAB. OGAN KOMERING ILIR,Tulung Selapan,-3.30676969,105.2718222,623971457383596031,,,,,> ~5 km / none found,False,5193.499076210458,5193.499076210458,5.19
90174,PAPUA,KAB. SARMI,Pantai Barat,-1.73826831,138.28484406,623514018122137599,,,,,> ~5 km / none found,False,5189.2469904015625,5189.2469904015625,5.19
37276,ACEH,KAB. SIMEULUE,Teupah Barat,2.5315088,96.2086634,623281462835445759,28.0,,3.696,,> ~5 km / none found,True,3626.250753213798,5188.114088582879,5.19
20273,SULAWESI UTARA,KAB. BOLAANG MONGONDOW,Poigar,0.91326136,124.2699361,623340503650140159,19.0,,2.508,,> ~5 km / none found,True,2519.4612919008027,5186.911416472969,5.19
61076,SULAWESI UTARA,KAB. BOLAANG MONGONDOW SELATAN,Helumo,0.39006688,123.8183332,623341566614700031,,,,,> ~5 km / none found,False,5186.677949412433,5186.677949412433,5.19
15040,SUMATERA SELATAN,KAB. EMPAT LAWANG,Tebing Tinggi,-3.58775734,103.0104849,623976165117460479,,,,,> ~5 km / none found,False,5185.7145723744625,5185.7145723744625,5.19
47871,KALIMANTAN TENGAH,KAB. KATINGAN,Tewang Sangalang Garing,-1.65248065,113.3845848,623336275068747775,15.0,,1.98,,> ~5 km / none found,True,1714.0307991298537,5184.125427709547,5.18
60934,MALUKU UTARA,KAB. HALMAHERA SELATAN,Obi,-1.45693059,127.5753168,624124658779717631,13.0,,1.716,,> ~5 km / none found,True,1545.9102624097736,5180.624465480029,5.18
91939,SUMATERA UTARA,KAB. NIAS SELATAN,Hibala,-0.46870326,98.45790014,623974684325478399,12.0,,1.584,,> ~5 km / none found,True,1552.5065277266272,5178.918460028562,5.18
60917,MALUKU UTARA,KOTA TIDORE KEPULAUAN,Oba Selatan,0.00432443,127.75222028,623529932562300927,,,,,> ~5 km / none found,False,5177.570203745399,5177.570203745399,5.18
11580,SUMATERA SELATAN,KAB. LAHAT,Gumay Ulu,-3.91280362,103.388641,623976604077850623,38.0,,5.016,,> ~5 km / none found,True,4936.866195206336,5176.704125067925,5.18
89336,PAPUA,KAB. MAMBERAMO RAYA,Mamberamo Hilir,-2.2004615,137.85962848,623514037383135231,,,,,> ~5 km / none found,False,5176.328434315606,5176.328434315606,5.18
36319,MALUKU UTARA,KAB. HALMAHERA TENGAH,Weda Tengah,0.52726217,127.827094,623529764388732927,,,,,> ~5 km / none found,False,5174.6165910172185,5174.6165910172185,5.17
63983,SULAWESI TENGGARA,KAB. BUTON,Pasarwajo,-5.42026345,122.7850029,624118910576721919,36.0,,4.752,,> ~5 km / none found,True,4167.148439494002,5173.248952444049,5.17
80704,KALIMANTAN BARAT,KAB. KETAPANG,Sungai Laur,-0.7329851,110.615638,623971887110815743,,,,,> ~5 km / none found,False,5172.767189421822,5172.767189421822,5.17
91163,PAPUA PEGUNUNGAN,KAB. PEGUNUNGAN BINTANG,Teiraplu,-4.04220677,140.44289406,623517008140107775,,,,,> ~5 km / none found,False,5171.5283967057,5171.5283967057,5.17
44829,SULAWESI SELATAN,KAB. WAJO,Sabangparu,-4.11785255,119.9690083,624118363735752703,,,,,> ~5 km / none found,False,5170.350380345689,5170.350380345689,5.17
30211,RIAU,KAB. INDRAGIRI HILIR,Pelangiran,0.19109757,103.4384625,623276160147718143,,,,,> ~5 km / none found,False,5168.283202602171,5168.283202602171,5.17
53587,SULAWESI TENGAH,KAB. SIGI,Dolo Selatan,-1.13871437,119.8303659,623340802084503551,,,,,> ~5 km / none found,False,5168.2327501228065,5168.2327501228065,5.17
61413,KALIMANTAN TIMUR,KAB. BERAU,Kelay,1.76379443,117.2705123,623338091000594431,,,,,> ~5 km / none found,False,5168.013830472292,5168.013830472292,5.17
93385,PAPUA SELATAN,KAB. MERAUKE,Ngguti,-7.53021923,139.75706828,624256293258625023,,,,,> ~5 km / none found,False,5167.390279920763,5167.390279920763,5.17
52356,SUMATERA UTARA,KAB. PADANG LAWAS,Sosopan,1.19781143,99.4469852,623276428645400575,,,,,> ~5 km / none found,False,5161.975840462923,5166.385035841537,5.17
88228,PAPUA BARAT DAYA,KAB. TAMBRAUW,Wilhem Roumbouts,-0.81739289,132.65677261,623513683855507455,,,,,> ~5 km / none found,False,5166.337439967578,5166.337439967578,5.17
59495,BENGKULU,KAB. MUKOMUKO,Penarik,-2.56354259,101.4750337,623974349477642239,,,,,> ~5 km / none found,False,5166.183314915588,5166.183314915588,5.17
89875,PAPUA BARAT DAYA,KAB. SORONG,Saengkeduk,-0.82168571,132.09226503,623530513011343359,,,,,> ~5 km / none found,False,5112.61894060831,5165.916990162822,5.17
90480,PAPUA PEGUNUNGAN,KAB. MAMBERAMO TENGAH,Kobakma,-3.61783207,139.16046138,623511675385479167,32.0,,4.224,,> ~5 km / none found,True,3942.998030086842,5165.064334013383,5.17
19954,JAWA TIMUR,KAB. PROBOLINGGO,Krucil,-7.91944271,113.551407,623986358659121151,,,,,> ~5 km / none found,False,5164.863264313368,5164.863264313368,5.16
23524,SUMATERA UTARA,KAB. TAPANULI SELATAN,Aek Bilah,2.00505213,99.55385901,623276551576944639,,,,,> ~5 km / none found,False,5164.292068021146,5164.292068021146,5.16
79377,KALIMANTAN TENGAH,KAB. BARITO SELATAN,Dusun Selatan,-1.54875532,114.7333341,623337110430580735,,,,,> ~5 km / none found,False,5163.606278731425,5163.606278731425,5.16
18265,MALUKU,KAB. MALUKU TENGAH,Seram Utara Barat,-2.95645527,128.9152818,624125314383347711,25.0,,3.3,,> ~5 km / none found,True,2994.5511053106784,5161.927802962972,5.16
15651,SULAWESI BARAT,KAB. MAMUJU,Kalumpang,-2.56144338,119.7008472,624120253983653887,,,,,> ~5 km / none found,False,5160.796824273805,5160.796824273805,5.16
64443,SULAWESI TENGAH,KAB. PARIGI MOUTONG,Ongka Malino,0.6437881,120.7434748,623340979036127231,,,,,> ~5 km / none found,False,4933.080968943216,5153.291821632066,5.15
57195,KALIMANTAN SELATAN,KAB. BALANGAN,Tebing Tinggi,-2.47835405,115.7233021,623336800424001535,,,,,> ~5 km / none found,False,4615.578104205989,5152.766330357735,5.15
77858,MALUKU,KAB. SERAM BAGIAN BARAT,Taniwel,-2.89959878,128.5965637,624125306193674239,36.0,,4.752,,> ~5 km / none found,True,4882.19665921433,5151.438942048005,5.15
45420,PAPUA PEGUNUNGAN,KAB. TOLIKARA,Wakuwo,-3.74222791,138.38895774,623511619268968447,,,,,> ~5 km / none found,False,5151.383357353487,5151.383357353487,5.15
84992,KALIMANTAN TIMUR,KAB. KUTAI TIMUR,Batu Ampar,0.62061869,116.7912462,623335959108714495,30.0,,3.96,,> ~5 km / none found,True,3368.49199626051,5150.235504896633,5.15
58879,SULAWESI TENGAH,KAB. PARIGI MOUTONG,Taopa,0.58142683,121.0374181,623340986211893247,,,,,> ~5 km / none found,False,5017.431502963481,5147.6112039869095,5.15
76421,KALIMANTAN SELATAN,KAB. TABALONG,Muara Uya,-1.93698436,115.7005834,623336818545917951,,,,,> ~5 km / none found,False,4593.966197974254,5144.350514830488,5.14
88860,PAPUA BARAT DAYA,KAB. TAMBRAUW,Amberbaken,-0.60310622,133.09799131,623513680544432127,,,,,> ~5 km / none found,False,5143.430069141431,5143.430069141431,5.14
41625,BENGKULU,KAB. MUKOMUKO,Selagan Raya,-2.4745581,101.3326055,623974328841175039,6.0,,0.792,,> ~5 km / none found,True,835.5917126528753,5140.180041364235,5.14
6880,KALIMANTAN TENGAH,KAB. KAPUAS,Kapuas Tengah,-1.47448352,114.3585207,623336345976668159,36.0,,4.752,,> ~5 km / none found,True,3946.2582941702794,5136.768942323671,5.14
61359,SULAWESI TENGAH,KAB. PARIGI MOUTONG,Parigi Selatan,-0.91182716,120.1333666,623340650522869759,,,,,> ~5 km / none found,False,5136.312161738124,5136.312161738124,5.14
89293,PAPUA TENGAH,KAB. INTAN JAYA,Sugapa,-3.66438659,136.94428749,623512053970305023,,,,,> ~5 km / none found,False,5132.4993856619585,5132.4993856619585,5.13
77594,KALIMANTAN TENGAH,KAB. KATINGAN,Tasik Payawan,-1.95904952,113.558313,623336245757509631,2.0,,0.264,,> ~5 km / none found,True,142.0484677182922,5131.772806190503,5.13
63805,KALIMANTAN UTARA,KAB. BULUNGAN,Tanjung Palas Barat,2.6692721,117.0564768,623337890466725887,,,,,> ~5 km / none found,False,5130.832545338113,5130.832545338113,5.13
54300,KALIMANTAN TENGAH,KAB. KOTAWARINGIN TIMUR,Mentaya Hulu,-1.97596654,112.4482047,623336688211787775,14.0,,1.848,,> ~5 km / none found,True,1888.4682009151247,5130.169084251147,5.13
93903,PAPUA BARAT DAYA,KAB. RAJA AMPAT,Supnin,-0.02270534,130.94973655,623530326261628927,,,,,> ~5 km / none found,False,4986.206784040895,5127.865028404826,5.13
31262,PAPUA TENGAH,KAB. MIMIKA,Jila,-4.23788723,137.6571626,623511781289066495,,,,,> ~5 km / none found,False,5125.395541588525,5125.395541588525,5.13
89640,PAPUA,KAB. SARMI,Pantai Barat,-1.79592309,138.46936214,623519187017072639,,,,,> ~5 km / none found,False,5124.978439607962,5124.978439607962,5.12
86793,SUMATERA UTARA,KAB. NIAS SELATAN,Hibala,-0.47496629,98.4520141,623974684335833087,18.0,,2.376,,> ~5 km / none found,True,2151.686215045768,5122.282376726455,5.12
30111,MALUKU UTARA,KAB. HALMAHERA SELATAN,Gane Barat Utara,-0.25349341,127.7870128,623529884319612927,,,,,> ~5 km / none found,False,5122.096806873181,5122.096806873181,5.12
83220,GORONTALO,KAB. GORONTALO UTARA,Sumalata Timur,0.9013568,122.5466433,623339791679782911,35.0,,4.62,,> ~5 km / none found,True,4221.72125021046,5119.653607500711,5.12
49871,SULAWESI TENGAH,KAB. BANGGAI,Luwuk Selatan,-0.93820367,122.7302592,623341230941929471,17.0,,2.244,,> ~5 km / none found,True,1937.1002130153695,5116.629070129017,5.12
87532,PAPUA TENGAH,KAB. PUNCAK JAYA,Tingginambut,-3.75924789,138.0995678,623511606530572287,,,,,> ~5 km / none found,False,5114.460399170827,5114.460399170827,5.11
19488,KALIMANTAN UTARA,KAB. BULUNGAN,Tanjung Palas Barat,2.68035377,117.200823,623337971033112575,,,,,> ~5 km / none found,False,5113.152344980123,5113.152344980123,5.11
47302,NUSA TENGGARA TIMUR,KAB. MANGGARAI BARAT,Komodo,-8.3882764,119.853471,624120061699227647,,,,,> ~5 km / none found,False,4625.36258324178,5113.118446492755,5.11
80407,ACEH,KAB. ACEH SINGKIL,Singkil,2.37557841,97.77777283,623281695271288831,,,,,> ~5 km / none found,False,5111.312733381867,5111.312733381867,5.11
90007,PAPUA BARAT,KAB. TELUK BINTUNI,Bintuni,-1.9169112,133.54530101,623514470166790143,1.0,,0.132,,> ~5 km / none found,True,72.58709613727594,5106.987200788653,5.11
88457,MALUKU UTARA,KAB. HALMAHERA SELATAN,Gane Barat Utara,-0.15768701,127.7504888,623529928407449599,28.0,,3.696,,> ~5 km / none found,True,3386.6555574776608,5106.840549867859,5.11
21555,KALIMANTAN TENGAH,KAB. LAMANDAU,Bulik Timur,-1.79390658,111.6103224,623972198143688703,,,,,> ~5 km / none found,False,5106.485069543915,5106.485069543915,5.11
73013,SULAWESI TENGAH,KAB. BANGGAI,Pagimana,-0.87484289,122.6464494,623341235579617279,38.0,,5.016,,> ~5 km / none found,True,4471.506110975256,5105.358734203532,5.11
90253,MALUKU UTARA,KAB. HALMAHERA TIMUR,Maba Selatan,0.55722944,128.44212641,623529757741711359,,,,,> ~5 km / none found,False,5102.37293004268,5102.37293004268,5.1
56187,PAPUA BARAT,KAB. MANOKWARI,Tanah Rubuh,-1.15531373,134.0601722,623513436664070143,,,,,> ~5 km / none found,False,5102.291191885983,5102.291191885983,5.1
80466,MALUKU,KAB. BURU,Fena Leisela,-3.39292744,126.5024904,624122662763036671,,,,,> ~5 km / none found,False,5062.424086840628,5097.086418323985,5.1
25156,SULAWESI TENGGARA,KAB. KOLAKA UTARA,Katoi,-3.4574211,120.9394606,624120755446644735,18.0,,2.376,,> ~5 km / none found,True,2216.9217040649833,5096.85151627627,5.1
12204,SUMATERA SELATAN,KAB. LAHAT,Pseksu,-3.82333626,103.2904103,623976205696598015,,,,,> ~5 km / none found,False,5094.882338394149,5094.882338394149,5.09
93297,PAPUA BARAT DAYA,KAB. TAMBRAUW,Kebar,-0.87677383,133.16012652,623513692545384447,,,,,> ~5 km / none found,False,5093.689114940689,5093.689114940689,5.09
33300,SULAWESI TENGGARA,KAB. KOLAKA TIMUR,Mowewe,-3.88641395,121.6738412,624120996685348863,,,,,> ~5 km / none found,False,5092.962299777469,5092.962299777469,5.09
90581,PAPUA TENGAH,KAB. PUNCAK JAYA,Kiyage,-3.45983381,138.07164123,623511641545605119,,,,,> ~5 km / none found,False,5090.84771238536,5090.84771238536,5.09
22104,SULAWESI UTARA,KAB. BOLAANG MONGONDOW SELATAN,Pinolosian Tengah,0.48961147,124.1920567,623340274810454015,11.0,,1.452,,> ~5 km / none found,True,1470.3495778355125,5090.529500827123,5.09
90870,PAPUA TENGAH,KAB. PUNCAK JAYA,Yamo,-3.61608514,137.9970965,623511608262852607,36.0,,4.752,,> ~5 km / none found,True,4589.123621818063,5090.1448667875275,5.09
68656,KALIMANTAN UTARA,KAB. NUNUKAN,Lumbis Ogong,3.89360439,116.5148454,623338281821044735,11.0,,1.452,,> ~5 km / none found,True,1423.7103003919865,5089.979882186316,5.09
77357,SUMATERA UTARA,KAB. TOBA,Pintu Pohan Meranti,2.51516071,99.36340567,623276516950507519,28.0,,3.696,,> ~5 km / none found,True,3427.096097800688,5089.156516278993,5.09
34652,RIAU,KAB. INDRAGIRI HILIR,Enok,-0.43593091,103.2254762,623969217561821183,,,,,> ~5 km / none found,False,5086.231110171335,5086.231110171335,5.09
88886,PAPUA PEGUNUNGAN,KAB. NDUGA,Mugi,-4.22001373,138.32049989,623511633474781183,,,,,> ~5 km / none found,False,5081.959840773787,5081.959840773787,5.08
27092,KALIMANTAN TIMUR,KAB. PASER,Muara Komam,-1.5749424,115.7017906,623337068061425663,17.0,,2.244,,> ~5 km / none found,True,1867.2029651514217,5081.655059472715,5.08
89418,PAPUA BARAT,KAB. TELUK BINTUNI,Tuhiba,-1.95754049,133.45299277,623514470292324351,,,,,> ~5 km / none found,False,5076.401178400202,5076.401178400202,5.08
13854,KALIMANTAN UTARA,KAB. MALINAU,Kayan Selatan,1.77829358,115.0230318,623335509985001471,,,,,> ~5 km / none found,False,5074.929117797637,5074.929117797637,5.07
93982,PAPUA PEGUNUNGAN,KAB. TOLIKARA,Anawi,-3.72921632,138.55694272,623511612300886015,9.0,,1.188,,> ~5 km / none found,True,1153.986155698716,5074.827698139963,5.07
11327,ACEH,KAB. ACEH BARAT,Pante Ceureumen,4.56038717,96.29115406,623279115082825727,,,,,> ~5 km / none found,False,5074.3346774652855,5074.3346774652855,5.07
23258,SULAWESI TENGGARA,KAB. BUTON SELATAN,Batauga,-5.56274544,122.6539105,624118583270440959,27.0,,3.564,,> ~5 km / none found,True,3485.0852959949552,5069.891915066879,5.07
84253,MALUKU,KAB. SERAM BAGIAN TIMUR,Wakate,-4.44198601,131.6241936,624123045179850751,,,,,> ~5 km / none found,False,5069.328793927754,5069.328793927754,5.07
22102,SULAWESI UTARA,KAB. BOLAANG MONGONDOW,Bolaang,0.76775724,124.1592865,623340519561756671,5.0,,0.66,,> ~5 km / none found,True,555.1944906721376,5068.115534998305,5.07
23952,SULAWESI TENGAH,KAB. TOLI-TOLI,Dampal Selatan,0.72662613,120.2969134,623341030121177087,35.0,,4.62,,> ~5 km / none found,True,3927.314900789149,5067.863575846653,5.07
29053,KALIMANTAN TENGAH,KAB. PULANG PISAU,Jabiren Raya,-2.32405747,114.1749632,623336486504529919,,,,,> ~5 km / none found,False,5066.510034258006,5066.510034258006,5.07
57585,RIAU,KAB. KEPULAUAN MERANTI,Tasik Putri Puyu,1.19268097,102.379124,623275850498998271,,,,,> ~5 km / none found,False,5065.703392928628,5065.703392928628,5.07
61363,SULAWESI SELATAN,KAB. LUWU UTARA,Baebunta,-2.5219603,120.1848386,624121061936857087,21.0,,2.772,,> ~5 km / none found,True,2672.84554491517,5064.147262783122,5.06
68965,NUSA TENGGARA BARAT,KAB. BIMA,Sanggar,-8.32736963,118.1611774,624119342078853119,28.0,,3.696,,> ~5 km / none found,True,3125.9338170282194,5058.33469834035,5.06
90931,PAPUA,KAB. MAMBERAMO RAYA,Waropen Atas,-2.19579541,136.99298696,623513967687696383,,,,,> ~5 km / none found,False,5058.122861664189,5058.122861664189,5.06
88409,PAPUA SELATAN,KAB. MERAUKE,Tanah Miring,-8.38796145,140.64378144,624254466906488831,,,,,> ~5 km / none found,False,5056.994856710682,5056.994856710682,5.06
87156,KALIMANTAN TENGAH,KAB. SERUYAN,Danau Sembuluh,-2.70370188,112.1002398,623336676651663359,,,,,> ~5 km / none found,False,5056.275110530592,5056.275110530592,5.06
53627,SULAWESI TENGAH,KAB. MOROWALI,Menui Kepulauan,-3.54764255,123.0399348,624126128254386175,,,,,> ~5 km / none found,False,5053.959261044961,5053.959261044961,5.05
86490,MALUKU UTARA,KAB. PULAU TALIABU,Taliabu Barat,-1.92017426,124.5220966,624125015965728767,,,,,> ~5 km / none found,False,5050.715733612375,5050.715733612375,5.05
93395,PAPUA PEGUNUNGAN,KAB. TOLIKARA,Bogonuk,-3.64482809,138.28736688,623511604783349759,,,,,> ~5 km / none found,False,5050.5733337455285,5050.5733337455285,5.05
22483,KALIMANTAN TENGAH,KAB. KOTAWARINGIN TIMUR,Mentaya Hulu,-2.12095792,112.5624176,623336289815330815,37.0,,4.884,,> ~5 km / none found,True,4317.964817381263,5049.191030234734,5.05
35912,LAMPUNG,KAB. LAMPUNG TIMUR,Labuhan Ratu,-5.0807531,105.7611984,623971595071356927,32.0,,4.224,,> ~5 km / none found,True,3812.1535457460745,5048.955736080471,5.05
20026,SULAWESI TENGAH,KAB. BANGGAI,Pagimana,-0.89787191,122.6082737,623341235486719999,34.0,,4.488,,> ~5 km / none found,True,4660.498227585082,5048.579734893019,5.05
90726,MALUKU UTARA,KAB. HALMAHERA SELATAN,Kepulauan Botanglomang,-0.63996112,127.30700694,623529900218908671,32.0,,4.224,,> ~5 km / none found,True,4448.570328385454,5046.754159574076,5.05
83827,SULAWESI TENGAH,KAB. PARIGI MOUTONG,Sausu,-1.12640634,120.4451594,623340657957797887,3.0,,0.396,,> ~5 km / none found,True,390.7446721389486,5046.4034260233375,5.05
56979,SULAWESI SELATAN,KAB. LUWU TIMUR,Malili,-2.73526879,121.1720408,624120773711396863,32.0,,4.224,,> ~5 km / none found,True,3880.469682042989,5044.602852342554,5.04
29801,SULAWESI TENGAH,KAB. POSO,Poso Pesisir Utara,-1.15259249,120.4834478,623340891646492671,18.0,,2.376,,> ~5 km / none found,True,2158.9569728979714,5043.4001120340945,5.04
16730,ACEH,KAB. ACEH TENGAH,Linge,4.3431062,96.86055432,623279505403969535,,,,,> ~5 km / none found,False,4775.285744197215,5039.057561593181,5.04
83786,KALIMANTAN TENGAH,KAB. SERUYAN,Suling Tambun,-1.39803589,111.7803875,623972183656923135,24.0,,3.168,,> ~5 km / none found,True,3115.901693643395,5035.608130057883,5.04
90724,MALUKU UTARA,KAB. HALMAHERA BARAT,Ibu Utara,1.55417435,127.70997611,623530032899850239,,,,,> ~5 km / none found,False,5029.908144810587,5029.908144810587,5.03
59426,SULAWESI TENGGARA,KAB. KONAWE KEPULAUAN,Wawonii Timur,-4.08699494,123.2034924,624126096999088127,,,,,> ~5 km / none found,False,5029.292498438613,5029.292498438613,5.03
89038,PAPUA TENGAH,KAB. DEIYAI,Tigi Barat,-4.12176673,136.10993416,623511275846828031,,,,,> ~5 km / none found,False,5028.847722694249,5028.847722694249,5.03
44254,KALIMANTAN BARAT,KAB. MELAWI,Pinoh Selatan,-0.5827798,111.83387,623338571298045951,16.0,,2.112,,> ~5 km / none found,True,1869.1817092592776,5026.247689087946,5.03
67109,BENGKULU,KAB. MUKOMUKO,Pondok Suguh,-2.75806964,101.4650082,623974330797293567,,,,,> ~5 km / none found,False,5025.132222326324,5025.132222326324,5.03
72682,KALIMANTAN SELATAN,KAB. TABALONG,Banua Lawas,-2.3000901,115.2120472,623337240252874751,,,,,> ~5 km / none found,False,5022.776930285927,5022.776930285927,5.02
82256,PAPUA TENGAH,KAB. PUNCAK,Gome,-4.05748963,137.6319083,623511628118261759,,,,,> ~5 km / none found,False,5019.963194359942,5019.963194359942,5.02
62325,SULAWESI TENGAH,KAB. POSO,Lore Selatan,-1.90537982,120.3398887,624121047459528703,,,,,> ~5 km / none found,False,5018.186607599404,5018.186607599404,5.02
27924,KALIMANTAN SELATAN,KAB. HULU SUNGAI UTARA,Danau Panggang,-2.45074517,115.0593894,623337194885709823,,,,,> ~5 km / none found,False,5015.050109831248,5015.050109831248,5.02
59158,KALIMANTAN UTARA,KAB. BULUNGAN,Sekatak,3.16571105,117.2274817,623338007199547391,35.0,,4.62,,> ~5 km / none found,True,4212.635736206132,5014.635819514862,5.01
7607,SUMATERA SELATAN,KAB. LAHAT,Tanjung Sakti Pumi,-4.1476273,103.134963,623976451358195711,,,,,> ~5 km / none found,False,5012.479023884955,5012.479023884955,5.01
68141,SUMATERA UTARA,KAB. PADANG LAWAS,Ulu Sosa,0.90949217,99.79526865,623276680543633407,,,,,> ~5 km / none found,False,5009.121862592255,5009.121862592255,5.01
23337,KALIMANTAN BARAT,KAB. SINTANG,Ambalau,-0.31781849,113.0317469,623338652214657023,,,,,> ~5 km / none found,False,5007.335098180039,5007.335098180039,5.01
33777,RIAU,KAB. KAMPAR,Kampar Kiri Hulu,-0.14282856,100.9574025,623974172225339391,,,,,> ~5 km / none found,False,5006.691979585125,5006.691979585125,5.01
37469,JAMBI,KOTA SUNGAI PENUH,Pondok Tinggi,-2.10866707,101.3287729,623974314479517695,34.0,,4.488,,> ~5 km / none found,True,4686.814293989185,5004.711748078231,5.0
46517,KEPULAUAN RIAU,KAB. KEPULAUAN ANAMBAS,Jemaja Timur,2.97913448,105.8290814,623277133127024639,,,,,> ~5 km / none found,False,5003.755220667549,5003.755220667549,5.0
16836,SUMATERA UTARA,KAB. TAPANULI SELATAN,Tano Tombangan Angkola,1.08940237,99.36223452,623276430119895039,,,,,> ~5 km / none found,False,5002.711269087177,5002.711269087177,5.0
27146,SULAWESI BARAT,KAB. MAMASA,Tabulahan,-2.77065983,119.2949136,624120273730240511,,,,,> ~5 km / none found,False,5001.485911759986,5001.485911759986,5.0
86453,MALUKU UTARA,KAB. HALMAHERA BARAT,Sahu Timur,1.26201819,127.5883821,623530047488557055,,,,,> ~5 km / none found,False,5000.4731709102525,5000.4731709102525,5.0
86513,MALUKU UTARA,KAB. PULAU TALIABU,Taliabu Barat,-2.05353108,124.3814174,623341397859762175,26.0,,3.432,,> ~5 km / none found,True,3328.6472450911087,5000.377634253006,5.0
54962,ACEH,KAB. ACEH TENGGARA,Babul Rahmah,3.32986861,97.81736996,623281417519235071,11.0,,1.452,,> ~5 km / none found,True,1343.4419467698822,4999.302897835303,5.0
89370,PAPUA TENGAH,KAB. PUNCAK JAYA,Gubume,-3.64121632,138.25734614,623511605543829503,,,,,> ~5 km / none found,False,4999.066233243246,4999.066233243246,5.0
85824,PAPUA BARAT DAYA,KAB. MAYBRAT,Aifat Selatan,-1.46704545,132.5102132,623514701816430591,,,,,> ~5 km / none found,False,4999.008906688814,4999.008906688814,5.0
92737,PAPUA PEGUNUNGAN,KAB. YAHUKIMO,Obio,-0.0270026,130.9466373,623530326265987071,38.0,,5.016,,> ~5 km / none found,True,4837.9391305976515,4994.942970903344,4.99
47919,KALIMANTAN TENGAH,KAB. KAPUAS,Mantangai,-2.03368607,114.1958548,623336330680172543,,,,,> ~5 km / none found,False,4994.125621721465,4994.125621721465,4.99
75699,SULAWESI UTARA,KAB. BOLAANG MONGONDOW,Bolaang Timur,0.89126097,124.1957513,623340503711219711,37.0,,4.884,,> ~5 km / none found,True,4781.5444225533565,4994.108919939442,4.99
54347,ACEH,KAB. ACEH TENGGARA,Bambel,3.45934833,97.93041357,623274216660008959,37.0,,4.884,,> ~5 km / none found,True,4593.005885591475,4990.798295618415,4.99
33310,SUMATERA UTARA,KAB. TAPANULI UTARA,Purbatua,1.75596356,99.03530788,623276563307921407,31.0,,4.092,,> ~5 km / none found,True,4327.935938395148,4988.746511076725,4.99
92644,PAPUA PEGUNUNGAN,KAB. YAHUKIMO,Obio,-0.0247616,130.9491914,623530326262087679,38.0,,5.016,,> ~5 km / none found,True,4841.714361696791,4988.639259312593,4.99
71188,RIAU,KAB. INDRAGIRI HILIR,Kemuning,-1.00524866,102.6671348,623974365359177727,,,,,> ~5 km / none found,False,4987.623529215086,4987.623529215086,4.99
89332,PAPUA,KAB. WAROPEN,Soyoi Mambai,-2.26286242,136.61539284,623513972847706111,,,,,> ~5 km / none found,False,4985.940644830814,4985.940644830814,4.99
92955,PAPUA BARAT,KAB. TELUK BINTUNI,Masyeta,-3.7591231,138.10829006,623511603958841343,,,,,> ~5 km / none found,False,4984.822175436414,4984.822175436414,4.98
14881,KALIMANTAN TENGAH,KAB. KATINGAN,Katingan Kuala,-3.03351258,113.3340794,623336379210956799,,,,,> ~5 km / none found,False,4984.737433907999,4984.737433907999,4.98
17767,KALIMANTAN TIMUR,KAB. PASER,Muara Samu,-2.03086092,115.8874543,623336787555713023,7.0,,0.924,,> ~5 km / none found,True,786.7251348910199,4982.7442952621,4.98
64430,SUMATERA SELATAN,KAB. OGAN KOMERING ILIR,Cengal,-3.69314456,105.7199963,623971232608190463,13.0,,1.716,,> ~5 km / none found,True,1709.7697665565088,4981.983389497492,4.98
90197,PAPUA BARAT DAYA,KAB. MAYBRAT,Aifat Timur,-1.41932974,132.72709979,623514709505540095,,,,,> ~5 km / none found,False,4980.14100241269,4980.14100241269,4.98
25042,KALIMANTAN UTARA,KAB. MALINAU,Mentarang Hulu,3.67157075,116.0381221,623338200809701375,,,,,> ~5 km / none found,False,4978.358630552472,4978.358630552472,4.98
64093,SULAWESI TENGGARA,KAB. BUTON TENGAH,Talaga Raya,-5.45862355,122.0025871,624118819950034943,4.0,,0.528,,> ~5 km / none found,True,452.6283795852719,4974.8039389631585,4.97
39830,SUMATERA UTARA,KAB. KARO,Merek,2.93847834,98.41780481,623274498695135231,34.0,,4.488,,> ~5 km / none found,True,4699.287549269059,4968.600047469437,4.97
60387,KALIMANTAN BARAT,KAB. MELAWI,Menukung,-0.25858512,112.2872119,623338691014393855,,,,,> ~5 km / none found,False,4968.480578793998,4968.480578793998,4.97
85953,PAPUA,KAB. KEEROM,Towe,-3.99113278,140.7421373,623516609190920191,,,,,> ~5 km / none found,False,4967.576998786626,4967.576998786626,4.97
59471,MALUKU,KAB. KEPULAUAN TANIMBAR,Selaru,-8.11980003,131.0300696,624107007748997119,,,,,> ~5 km / none found,False,4966.4072917870535,4966.4072917870535,4.97
78217,RIAU,KAB. ROKAN HILIR,Tanah Putih,1.39216348,100.8471192,623276764694183935,5.0,,0.66,,> ~5 km / none found,True,656.8766207776468,4964.354816701532,4.96
79093,MALUKU,KAB. MALUKU TENGAH,Tehoru,-3.2665659,129.6486303,624125355632328703,,,,,> ~5 km / none found,False,4962.09276476759,4962.09276476759,4.96
94095,PAPUA PEGUNUNGAN,KAB. TOLIKARA,Tagineri,-3.73434671,138.59046367,623511612312289279,9.0,,1.188,,> ~5 km / none found,True,1321.1420915486524,4962.012295517943,4.96
71842,KALIMANTAN BARAT,KAB. KAPUAS HULU,Batang Lupar,1.15268853,112.1839825,623338795398201343,,,,,> ~5 km / none found,False,4956.10499574489,4956.10499574489,4.96
74057,KALIMANTAN TIMUR,KAB. KUTAI TIMUR,Rantau Pulung,0.53220901,117.2555999,623335721320185855,32.0,,4.224,,> ~5 km / none found,True,3948.856460418656,4955.609302732964,4.96
6865,KALIMANTAN TENGAH,KAB. KAPUAS,Kapuas Tengah,-1.50914808,114.3835385,623336346127859711,1.0,,0.132,,> ~5 km / none found,True,125.37934789415038,4955.476366955719,4.96
90445,PAPUA BARAT DAYA,KAB. TAMBRAUW,Mubrani,-0.74549204,133.25828162,623513676382011391,,,,,> ~5 km / none found,False,4954.96797450906,4954.96797450906,4.95
54292,KALIMANTAN TENGAH,KAB. KOTAWARINGIN TIMUR,Pulau Hanaut,-2.74617564,113.002976,623336412769910783,,,,,> ~5 km / none found,False,4954.207048968216,4954.207048968216,4.95
43453,SUMATERA UTARA,KAB. PAKPAK BHARAT,Salak,2.41628633,98.26797249,623281686984720383,,,,,> ~5 km / none found,False,4952.289960839974,4952.289960839974,4.95
2925,LAMPUNG,KAB. LAMPUNG TENGAH,Bandar Mataram,-4.57246801,105.5145979,623971247419097087,,,,,> ~5 km / none found,False,4951.151092087293,4951.151092087293,4.95
9349,KALIMANTAN TENGAH,KOTA PALANGKARAYA,Rakumpit,-1.78619675,113.5948716,623336358578126847,33.0,,4.356,,> ~5 km / none found,True,3837.0551663993165,4951.116990238452,4.95
11160,KALIMANTAN BARAT,KAB. KAYONG UTARA,Sukadana,-1.20450095,110.0688906,623972011491360767,37.0,,4.884,,> ~5 km / none found,True,4407.103581855067,4948.779489907273,4.95
81969,MALUKU,KAB. SERAM BAGIAN BARAT,Kepulauan Manipa,-3.29881743,127.5892665,624122727922696191,,,,,> ~5 km / none found,False,4943.107723491768,4943.107723491768,4.94
19630,BENGKULU,KAB. KAUR,Nasal,-4.83484097,103.6665108,623976459104780287,,,,,> ~5 km / none found,False,4941.145578971202,4941.145578971202,4.94
23117,KALIMANTAN TENGAH,KAB. KOTAWARINGIN BARAT,Arut Selatan,-2.81914337,111.4408189,623972081608261631,,,,,> ~5 km / none found,False,4935.810668952213,4935.810668952213,4.94
82172,JAMBI,KAB. TANJUNG JABUNG TIMUR,S a d u,-1.32763695,104.3638144,623969003702419455,35.0,,4.62,,> ~5 km / none found,True,4366.33735807798,4931.647764522484,4.93
5562,SULAWESI BARAT,KAB. MAJENE,Malunda,-2.94871477,118.9618123,624120194785017855,,,,,> ~5 km / none found,False,4931.20341775352,4931.20341775352,4.93
90748,PAPUA BARAT,KAB. FAK FAK,Fak-Fak Tengah,-2.88708241,132.35553683,623514363488763903,16.0,,2.112,,> ~5 km / none found,True,2158.821696888243,4930.925852822074,4.93
90403,PAPUA BARAT,KAB. MANOKWARI,Masni,-0.77372773,133.89667396,623513439275679743,31.0,,4.092,,> ~5 km / none found,True,3828.499327182187,4929.239789720225,4.93
53727,SULAWESI TENGGARA,KAB. BOMBANA,Kabaena Timur,-5.36019811,122.0204281,624118820219256831,38.0,,5.016,,> ~5 km / none found,True,4297.460254696989,4928.435803780897,4.93
64725,SULAWESI TENGAH,KAB. PARIGI MOUTONG,Tinombo,0.41219108,120.2058574,623341027337076735,25.0,,3.3,,> ~5 km / none found,True,3066.0103093683556,4926.9668184814345,4.93
88963,PAPUA BARAT,KAB. KAIMANA,Kambrau,-3.38280176,133.6426984,623511521159512063,,,,,> ~5 km / none found,False,4920.9532499234465,4920.9532499234465,4.92
22492,SUMATERA SELATAN,KAB. OGAN KOMERING ILIR,Sungai Menang,-3.68438242,105.2727123,623971447000563711,,,,,> ~5 km / none found,False,4919.081752258528,4919.081752258528,4.92
29836,JAWA BARAT,KAB. SUKABUMI,Kadudampit,-6.78774556,106.9390311,623960759123640319,,,,,> ~5 km / none found,False,4918.737008569868,4918.737008569868,4.92
14126,SULAWESI TENGAH,KAB. PARIGI MOUTONG,Moutong,0.53990054,121.2512583,623340983509483519,34.0,,4.488,,> ~5 km / none found,True,4025.0309009036037,4916.109185549985,4.92
18127,KALIMANTAN BARAT,KAB. KETAPANG,Simpang Hulu,-0.60625742,110.3748143,623971898345291775,,,,,> ~5 km / none found,False,4915.295040353172,4915.295040353172,4.92
76306,SULAWESI TENGAH,KAB. BANGGAI,Kintom,-1.10782805,122.6306245,623341233889411071,17.0,,2.244,,> ~5 km / none found,True,2090.616614158864,4914.1534749143175,4.91
58333,ACEH,KAB. ACEH TENGAH,Linge,4.32854845,96.79625367,623279517314449407,25.0,,3.3,,> ~5 km / none found,True,3165.622922832807,4913.852230316758,4.91
75641,KALIMANTAN TIMUR,KAB. KUTAI BARAT,Muara Pahu,-0.30962259,115.9818545,623335352194859007,38.0,,5.016,,> ~5 km / none found,True,4267.770248165707,4911.674883181482,4.91
88192,MALUKU UTARA,KAB. HALMAHERA BARAT,Jailolo,1.04069339,127.56708684,623529803079679999,,,,,> ~5 km / none found,False,4910.066995316591,4910.066995316591,4.91
88458,PAPUA TENGAH,KAB. INTAN JAYA,Homeyo,-3.78241427,136.82995821,623512020523810815,29.0,,3.828,,> ~5 km / none found,True,3758.075574712078,4902.652996760671,4.9
11883,SULAWESI SELATAN,KAB. LUWU TIMUR,Wasuponda,-2.3608696,120.9773459,624121020867051519,,,,,> ~5 km / none found,False,4853.064447008313,4899.336937009265,4.9
28286,KALIMANTAN SELATAN,KAB. HULU SUNGAI UTARA,Danau Panggang,-2.40708559,115.1121869,623337207303897087,,,,,> ~5 km / none found,False,4896.568352578154,4896.568352578154,4.9
82941,SULAWESI UTARA,KAB. KEPULAUAN TALAUD,Gemeh,4.44502389,126.8111433,623532312385126399,32.0,,4.224,,> ~5 km / none found,True,4255.48958054451,4895.713553698206,4.9
50825,KALIMANTAN TENGAH,KAB. GUNUNG MAS,Miri Manasa,-0.61700637,113.5765893,623336625085186047,,,,,> ~5 km / none found,False,4894.574010404681,4894.574010404681,4.89
13999,SULAWESI UTARA,KAB. BOLAANG MONGONDOW UTARA,Bolangitang Timur,0.828738,123.4526188,623340516392599551,18.0,,2.376,,> ~5 km / none found,True,2200.422019256684,4894.307649431208,4.89
31248,PAPUA,KAB. KEPULAUAN YAPEN,Yapen Utara,-1.72169285,136.20482683,623513992269070335,,,,,> ~5 km / none found,False,4893.431595462159,4893.431595462159,4.89
91136,PAPUA PEGUNUNGAN,KAB. PEGUNUNGAN BINTANG,Alemsom,-4.96119431,140.12077834,623516991717081087,,,,,> ~5 km / none found,False,4892.197385829974,4892.197385829974,4.89
67499,SULAWESI TENGGARA,KAB. BOMBANA,Mata Usu,-4.45504414,121.8674603,624120958399971327,31.0,,4.092,,> ~5 km / none found,True,3699.3300120344675,4889.294426388505,4.89
91076,PAPUA TENGAH,KAB. PUNCAK JAYA,Fawi,-3.21973747,137.57606403,623511904523452415,,,,,> ~5 km / none found,False,4888.147682955208,4888.147682955208,4.89
69664,KALIMANTAN BARAT,KAB. KUBU RAYA,Batu Ampar,-0.86432526,109.6360063,623971958031745023,0.0,,0.0,,> ~5 km / none found,True,98.53047939172966,4885.136197897201,4.89
84288,NUSA TENGGARA TIMUR,KAB. SIKKA,Alok Timur,-8.42444035,122.5089617,624102885532762111,,,,,> ~5 km / none found,False,4884.947905473527,4884.947905473527,4.88
81409,PAPUA BARAT DAYA,KAB. SORONG,Segun,-1.27912791,131.4548565,623514674571411455,38.0,,5.016,,> ~5 km / none found,True,4883.332485586491,4883.332485586491,4.88
8778,NUSA TENGGARA TIMUR,KAB. KUPANG,Amfoang Tengah,-9.55497035,124.0823223,624102801836900351,,,,,> ~5 km / none found,False,4882.434711985468,4882.434711985468,4.88
64113,MALUKU UTARA,KOTA TIDORE KEPULAUAN,Tidore Selatan,0.57800182,127.40117998,623530168151212031,,,,,> ~5 km / none found,False,4882.012352689664,4882.012352689664,4.88
71598,MALUKU UTARA,KAB. HALMAHERA TIMUR,Wasile Selatan,1.02812125,128.03861254,623529795485466623,29.0,,3.828,,> ~5 km / none found,True,3634.2836008933805,4878.137991415127,4.88
53824,MALUKU UTARA,KAB. HALMAHERA SELATAN,Bacan Timur Tengah,-0.76248818,127.8455681,623529912775639039,34.0,,4.488,,> ~5 km / none found,True,4175.312510870021,4877.820530384988,4.88
93944,PAPUA PEGUNUNGAN,KAB. TOLIKARA,Nunggawi,-3.74455741,138.33274512,623511619551526911,,,,,> ~5 km / none found,False,4877.521919216212,4877.521919216212,4.88
48555,RIAU,KAB. PELALAWAN,Langgam,0.23538277,101.8097,623974118542835711,,,,,> ~5 km / none found,False,4877.423159675887,4877.423159675887,4.88
82718,RIAU,KAB. ROKAN HILIR,Bangko,2.14970932,100.8782117,623276747471421439,12.0,,1.584,,> ~5 km / none found,True,1608.3763179740754,4876.5965114127575,4.88
88464,PAPUA,KAB. SARMI,Pantai Timur Bagian Barat,-2.08924922,139.03074913,623519190800629759,20.0,,2.64,,> ~5 km / none found,True,2526.1240262137026,4876.459160681987,4.88
6906,SUMATERA SELATAN,KAB. MUARA ENIM,Semende Darat Ulu,-4.26121453,103.4404027,623976454590431231,,,,,> ~5 km / none found,False,4875.7826790008085,4875.7826790008085,4.88
85840,MALUKU UTARA,KAB. PULAU TALIABU,Taliabu Selatan,-1.90692406,124.6485264,624125015883022335,31.0,,4.092,,> ~5 km / none found,True,3926.526033782995,4871.2043338423155,4.87
52054,MALUKU UTARA,KAB. KEPULAUAN SULA,Mangoli Utara Timur,-1.84289255,126.2231796,624124612864180223,,,,,> ~5 km / none found,False,4870.715321729622,4870.715321729622,4.87
57677,KALIMANTAN UTARA,KAB. BULUNGAN,Sekatak,3.29326118,117.2009903,623337991213776895,,,,,> ~5 km / none found,False,4870.624255744428,4870.624255744428,4.87
92647,PAPUA PEGUNUNGAN,KAB. YAHUKIMO,Obio,-0.7962435,130.8989313,623530445709606911,,,,,> ~5 km / none found,False,4870.335063466017,4870.335063466017,4.87
92730,PAPUA SELATAN,KAB. MERAUKE,Muting,-7.34773948,140.36901943,624256302300135423,,,,,> ~5 km / none found,False,4868.947858422624,4868.947858422624,4.87
68469,RIAU,KAB. ROKAN HILIR,Pujud,1.52401321,100.6160799,623276359977861119,,,,,> ~5 km / none found,False,4864.015280977607,4864.015280977607,4.86
86486,PAPUA BARAT DAYA,KAB. SORONG,Segun,-1.36492578,131.430339,623514677466398719,34.0,,4.488,,> ~5 km / none found,True,4480.296590277061,4862.292700594331,4.86
74574,PAPUA BARAT DAYA,KAB. SORONG,Segun,-1.36492578,131.430339,623514677466398719,34.0,,4.488,,> ~5 km / none found,True,4480.296590277061,4862.292700594331,4.86
13832,MALUKU,KAB. KEPULAUAN ARU,Aru Selatan,-6.5759706,134.1989243,623512370861867007,,,,,> ~5 km / none found,False,4861.438517740794,4861.438517740794,4.86
74454,MALUKU,KAB. SERAM BAGIAN BARAT,Kepulauan Manipa,-3.3025506,127.5148633,624122726034997247,,,,,> ~5 km / none found,False,4858.44121511936,4858.44121511936,4.86
36174,NUSA TENGGARA TIMUR,KAB. SUMBA TIMUR,Katala Hamu Lingu,-9.7977489,119.8573233,624129632446644223,21.0,,2.772,,> ~5 km / none found,True,2439.6283520976945,4856.78849751562,4.86
73623,SULAWESI TENGAH,KAB. DONGGALA,Pinembani,-1.12254392,119.6624536,623340808375566335,19.0,,2.508,,> ~5 km / none found,True,2479.9610220352197,4854.114138774061,4.85
73458,KALIMANTAN BARAT,KAB. SANGGAU,Jangkang,0.63737098,110.7777658,623338877566910463,,,,,> ~5 km / none found,False,4840.578348049773,4840.578348049773,4.84
6684,SUMATERA UTARA,KAB. PADANG LAWAS,Ulu Barumun,1.02347352,99.64277298,623276433285021695,,,,,> ~5 km / none found,False,4836.75787371579,4836.75787371579,4.84
6944,KALIMANTAN TENGAH,KAB. KATINGAN,Tewang Sangalang Garing,-1.76363902,113.1001351,623336269200359423,25.0,,3.3,,> ~5 km / none found,True,3139.645406209476,4834.1341926430205,4.83
90770,PAPUA BARAT DAYA,KAB. MAYBRAT,Aifat,-1.2818021,132.44329466,623514733768966143,34.0,,4.488,,> ~5 km / none found,True,4213.6678599534225,4833.989085630354,4.83
64271,KALIMANTAN TENGAH,KAB. PULANG PISAU,Banama Tingang,-1.76333464,113.8826549,623336355572842495,,,,,> ~5 km / none found,False,4584.637626875009,4830.77783393366,4.83
7826,KALIMANTAN TENGAH,KAB. SUKAMARA,Permata Kecubung,-2.11788812,111.1620445,623972044963741695,27.0,,3.564,,> ~5 km / none found,True,3357.9055062482844,4830.004576554102,4.83
88167,SUMATERA UTARA,KAB. NIAS SELATAN,Pulau-Pulau Batu,-0.00735042,98.34596215,623974649082740735,,,,,> ~5 km / none found,False,4829.743744305989,4829.743744305989,4.83
59828,SULAWESI SELATAN,KAB. LUWU,Basse Sangtempe,-3.23156899,120.1278793,624121182396678143,37.0,,4.884,,> ~5 km / none found,True,4483.26737129148,4827.405774760695,4.83
18649,JAWA TIMUR,KAB. SITUBONDO,Banyuputih,-7.79933275,114.3586178,623989449963307007,23.0,,3.036,,> ~5 km / none found,True,2551.1591223693968,4826.465827896359,4.83
54153,KALIMANTAN SELATAN,KAB. BALANGAN,Paringin,-2.23950732,115.5178941,623336833230110719,,,,,> ~5 km / none found,False,4822.262043995147,4822.262043995147,4.82
66960,KALIMANTAN BARAT,KAB. KUBU RAYA,Batu Ampar,-0.83168921,109.3128344,623971986688999423,27.0,,3.564,,> ~5 km / none found,True,3604.31250399122,4821.254728890156,4.82
93214,PAPUA BARAT,KAB. TELUK BINTUNI,Moskona Barat,-6.00155301,138.39786222,624256229200068607,,,,,> ~5 km / none found,False,4814.269622139681,4814.269622139681,4.81
60916,SULAWESI TENGGARA,KAB. BOMBANA,Lantari Jaya,-4.5484521,121.9692037,624120972333678591,34.0,,4.488,,> ~5 km / none found,True,4269.862046326266,4811.176362248206,4.81
4067,KALIMANTAN TENGAH,KAB. MURUNG RAYA,Barito Tuhup Raya,-0.32393479,114.8876525,623335313495392255,17.0,,2.244,,> ~5 km / none found,True,2095.565991982419,4811.146538537184,4.81
91503,PAPUA PEGUNUNGAN,KAB. JAYAWIJAYA,Ibele,-4.03452537,138.71357542,623511850368761855,,,,,> ~5 km / none found,False,4803.197793208694,4803.197793208694,4.8
4429,KALIMANTAN TENGAH,KAB. KOTAWARINGIN TIMUR,Antang Kalang,-1.48163515,112.5688407,623336538463436799,,,,,> ~5 km / none found,False,4802.335304878821,4802.335304878821,4.8
61472,SULAWESI TENGAH,KAB. SIGI,Gumbasa,-1.27658763,120.0026055,623340816752869375,,,,,> ~5 km / none found,False,4796.292130576166,4796.292130576166,4.8
51812,SULAWESI TENGAH,KAB. DONGGALA,Sirenja,-0.22300354,119.9026203,623340933873041407,,,,,> ~5 km / none found,False,4796.156993782787,4796.156993782787,4.8
92650,PAPUA PEGUNUNGAN,KAB. YAHUKIMO,Obio,-0.84488345,132.24924375,623530513324408831,,,,,> ~5 km / none found,False,4792.331103955921,4792.331103955921,4.79
92651,PAPUA PEGUNUNGAN,KAB. YAHUKIMO,Wusama,-0.84488345,132.24924375,623530513324408831,,,,,> ~5 km / none found,False,4792.331103955921,4792.331103955921,4.79
80223,JAMBI,KAB. BATANG HARI,Batin XXIV,-1.7713966,102.9679068,623969078387834879,7.0,,0.924,,> ~5 km / none found,True,784.0305631135537,4791.983042421442,4.79
74986,JAMBI,KAB. BUNGO,Pelepat,-1.80417308,102.0754958,623974255125725183,21.0,,2.772,,> ~5 km / none found,True,2619.973646882802,4787.838802493205,4.79
74436,KALIMANTAN BARAT,KAB. SINTANG,Serawai,-0.37968836,112.419889,623338658749546495,,,,,> ~5 km / none found,False,4787.605624715836,4787.605624715836,4.79
74410,KALIMANTAN TENGAH,KAB. BARITO UTARA,Lahei,-0.71004493,115.1601516,623335359965855743,24.0,,3.168,,> ~5 km / none found,True,3221.0079909076458,4782.686459315227,4.78
69460,SUMATERA BARAT,KAB. PESISIR SELATAN,Lunang,-2.19591235,101.1867494,623974294608740351,,,,,> ~5 km / none found,False,4773.405873174495,4773.405873174495,4.77
48613,SULAWESI TENGAH,KAB. BUOL,Bunobogu,0.98203593,121.6661666,623339705130844159,,,,,> ~5 km / none found,False,4773.216622645553,4773.216622645553,4.77
84741,KALIMANTAN UTARA,KAB. NUNUKAN,Sebuku,4.02068315,116.8762178,623338262122299391,,,,,> ~5 km / none found,False,4764.3442768190525,4764.3442768190525,4.76
48230,KALIMANTAN BARAT,KAB. MELAWI,Tanah Pinoh Barat,-0.65558599,111.2979287,623338622172758015,,,,,> ~5 km / none found,False,4763.4785964969005,4763.4785964969005,4.76
90208,PAPUA PEGUNUNGAN,KAB. TOLIKARA,Goyage,-3.78899765,138.46689348,623511618811035647,,,,,> ~5 km / none found,False,4760.469106143049,4760.469106143049,4.76
53492,KALIMANTAN BARAT,KAB. MELAWI,Belimbing,-0.47637009,111.4357478,623338620877242367,,,,,> ~5 km / none found,False,4758.702434576261,4758.702434576261,4.76
86403,ACEH,KAB. ACEH JAYA,Indra Jaya,5.06627948,95.43569667,623279085957185535,18.0,,2.376,,> ~5 km / none found,True,2485.9291819035157,4758.191916115504,4.76
74289,KALIMANTAN UTARA,KAB. NUNUKAN,Sebuku,4.01271282,116.9234496,623338274065580031,,,,,> ~5 km / none found,False,4757.710376993186,4757.710376993186,4.76
74786,SULAWESI TENGAH,KAB. PARIGI MOUTONG,Tomini,0.57769586,120.5239231,623340980367949823,29.0,,3.828,,> ~5 km / none found,True,3600.719835837838,4757.674855624067,4.76
2229,SUMATERA SELATAN,KAB. MUSI RAWAS,STL Ulu Terawas,-3.11226857,102.70366,623976331456118783,,,,,> ~5 km / none found,False,4753.954531509369,4753.954531509369,4.75
4031,LAMPUNG,KAB. PESISIR BARAT,Pesisir Tengah,-5.15477687,104.0258888,623961472873758719,,,,,> ~5 km / none found,False,4751.8934165047185,4751.8934165047185,4.75
12461,KALIMANTAN TIMUR,KAB. KUTAI TIMUR,Muara Bengkal,0.42577135,116.8079471,623335989713240063,,,,,> ~5 km / none found,False,4742.127479629075,4742.127479629075,4.74
25421,SULAWESI TENGGARA,KAB. KOLAKA,Pomalaa,-4.22534186,121.6927413,624120994341748735,19.0,,2.508,,> ~5 km / none found,True,2315.538650268665,4739.274952590368,4.74
87525,PAPUA BARAT DAYA,KAB. SORONG,Sunook,-0.91215914,132.19623835,623530513607720959,,,,,> ~5 km / none found,False,4737.979244921631,4737.979244921631,4.74
74183,NUSA TENGGARA BARAT,KAB. SUMBAWA,Plampang,-8.79115986,117.7072187,624119253203648511,,,,,> ~5 km / none found,False,4732.511164453348,4732.511164453348,4.73
22812,KALIMANTAN UTARA,KAB. MALINAU,Malinau Selatan Hulu,3.11066495,116.3945148,623337915241857023,,,,,> ~5 km / none found,False,4728.047438506214,4728.047438506214,4.73
64013,SULAWESI SELATAN,KAB. LUWU UTARA,Rampi,-2.09177402,120.3427934,624121049045860351,38.0,,5.016,,> ~5 km / none found,True,4526.068145955466,4726.622572711122,4.73
45129,KALIMANTAN BARAT,KAB. KETAPANG,Jelai Hulu,-1.82032524,110.7979563,623971801168969727,,,,,> ~5 km / none found,False,4719.5313276996785,4719.5313276996785,4.72
10294,SUMATERA SELATAN,KAB. LAHAT,Mulak Ulu,-4.10532464,103.5465373,623976608004603903,,,,,> ~5 km / none found,False,4712.253477985664,4712.253477985664,4.71
35431,GORONTALO,KAB. POHUWATO,Popayato Timur,0.70197784,121.4354998,623339723044061183,23.0,,3.036,,> ~5 km / none found,True,3076.999563292053,4707.318282364454,4.71
78099,KALIMANTAN BARAT,KAB. KAPUAS HULU,Bunut Hulu,0.57282548,112.6756917,623338440354037759,,,,,> ~5 km / none found,False,4706.981187570612,4706.981187570612,4.71
88383,PAPUA SELATAN,KAB. ASMAT,Sirets,-5.63711629,138.4611947,624256179209961471,,,,,> ~5 km / none found,False,4696.89069999843,4696.89069999843,4.7
78346,SULAWESI TENGGARA,KAB. KONAWE SELATAN,Laonti,-4.13945194,122.8749804,624126116637409279,38.0,,5.016,,> ~5 km / none found,True,4691.305331325225,4691.305331325225,4.69
35694,KEPULAUAN RIAU,KAB. NATUNA,Bunguran Utara,3.93861687,108.0094247,623353859173810175,25.0,,3.3,,> ~5 km / none found,True,3308.1482721473917,4684.744785240058,4.68
49465,KALIMANTAN TIMUR,KAB. PASER,Muara Samu,-2.15695557,115.8748211,623336781852999679,38.0,,5.016,,> ~5 km / none found,True,4366.044000871529,4680.611921280558,4.68
30875,KALIMANTAN TIMUR,KAB. PASER,Muara Komam,-1.71608461,115.7702989,623336821121908735,,,,,> ~5 km / none found,False,4675.861665635753,4675.861665635753,4.68
57209,SULAWESI TENGAH,KAB. BANGGAI LAUT,Bangkurung,-1.84093632,123.1192649,623341363544129535,14.0,,1.848,,> ~5 km / none found,True,1746.68877027801,4675.680748769081,4.68
57292,KEPULAUAN RIAU,KAB. LINGGA,Senayang,0.15635759,104.5806907,623969167811051519,8.0,,1.056,,> ~5 km / none found,True,1001.244255181805,4670.741450442959,4.67
41585,RIAU,KAB. INDRAGIRI HILIR,Mandah,0.07317959,103.5159933,623276077487587327,,,,,> ~5 km / none found,False,4665.766773284309,4665.766773284309,4.67
11099,KALIMANTAN BARAT,KAB. KAYONG UTARA,Seponti,-0.79847206,109.9957572,623971977220292607,1.0,,0.132,,> ~5 km / none found,True,127.7313052579239,4660.917815984967,4.66
14441,KALIMANTAN SELATAN,KAB. TANAH LAUT,Jorong,-3.89619396,114.9848398,623987581947412479,24.0,,3.168,,> ~5 km / none found,True,2437.1548864349907,4660.6273741796895,4.66
26910,SULAWESI TENGAH,KAB. MOROWALI UTARA,Petasia Barat,-2.05266153,121.2228685,624121132530040831,8.0,,1.056,,> ~5 km / none found,True,1015.4841710665886,4650.674477682964,4.65
22405,KALIMANTAN TENGAH,KAB. KOTAWARINGIN TIMUR,Mentaya Hulu,-2.03785973,112.3862233,623336687259647999,23.0,,3.036,,> ~5 km / none found,True,2665.330962473186,4646.503281837348,4.65
89433,SULAWESI TENGGARA,KAB. KONAWE,Padangguni,-3.60605663,121.92401195,624120979789578239,,,,,> ~5 km / none found,False,4641.448907097555,4641.448907097555,4.64
70528,SULAWESI TENGAH,KAB. SIGI,Pipikoro,-1.73141679,119.9091959,623340769642446847,,,,,> ~5 km / none found,False,4640.6826920761205,4640.6826920761205,4.64
58460,JAMBI,KAB. SAROLANGUN,Limun,-2.53078497,102.4684184,623974262028140543,,,,,> ~5 km / none found,False,4631.071949773268,4631.071949773268,4.63
84209,NUSA TENGGARA BARAT,KAB. SUMBAWA,Lunyuk,-8.90428862,117.1315798,624119245210976255,,,,,> ~5 km / none found,False,4626.9338235888445,4626.9338235888445,4.63
62933,SULAWESI TENGAH,KAB. DONGGALA,Sindue Tombusabora,-0.50391898,119.8748075,623340681448423423,32.0,,4.224,,> ~5 km / none found,True,4042.831055692799,4625.451747529998,4.63
80325,SULAWESI TENGAH,KAB. MOROWALI UTARA,Petasia Barat,-2.07787077,121.2542936,624121132685787135,11.0,,1.452,,> ~5 km / none found,True,1342.0411928183735,4622.794267973605,4.62
82549,KALIMANTAN TENGAH,KAB. KOTAWARINGIN TIMUR,Cempaga Hulu,-2.13868022,113.115531,623336234451042303,,,,,> ~5 km / none found,False,4622.175799488409,4622.175799488409,4.62
25556,KALIMANTAN BARAT,KAB. SINTANG,Ambalau,-0.23361387,113.0210625,623338652343664639,,,,,> ~5 km / none found,False,4618.247996014021,4618.247996014021,4.62
80096,KALIMANTAN TIMUR,KAB. MAHAKAM ULU,Long Hubung,0.28424922,115.5396843,623335218837848063,,,,,> ~5 km / none found,False,4278.281288414996,4616.769953882084,4.62
54076,BENGKULU,KAB. KAUR,Padang Guci Hilir,-4.49519701,103.1395716,623976432987701247,9.0,,1.188,,> ~5 km / none found,True,1021.3325203458608,4604.489697904797,4.6
17882,KALIMANTAN BARAT,KAB. KAYONG UTARA,Sukadana,-1.30738632,110.1845174,623971777416724479,28.0,,3.696,,> ~5 km / none found,True,3798.6910214005325,4600.147302271202,4.6
57299,KALIMANTAN BARAT,KAB. SINTANG,Kayan Hilir,0.04290498,112.0498835,623338616988467199,,,,,> ~5 km / none found,False,4599.592933454783,4599.592933454783,4.6
34293,SULAWESI TENGAH,KAB. DONGGALA,Pinembani,-1.12687494,119.7525373,623340802270494719,3.0,,0.396,,> ~5 km / none found,True,324.76878196247355,4579.249688384251,4.58
7670,SUMATERA SELATAN,KAB. LAHAT,Tanjung Sakti Pumi,-4.20772234,103.120176,623976188950020095,,,,,> ~5 km / none found,False,4574.717476311501,4574.717476311501,4.57
86845,SULAWESI TENGGARA,KAB. KOLAKA UTARA,Ngapa,-3.30895976,121.0935692,624120788572504063,20.0,,2.64,,> ~5 km / none found,True,2671.365312663229,4564.43745360173,4.56
9352,KALIMANTAN TENGAH,KOTA PALANGKARAYA,Sabangau,-2.23149158,114.0690448,623336321145569279,,,,,> ~5 km / none found,False,4557.863026182494,4557.863026182494,4.56
1845,KEPULAUAN BANGKA BELITUNG,KAB. BANGKA TENGAH,Koba,-2.4994524,106.2496549,623971356403335167,29.0,,3.828,,> ~5 km / none found,True,3840.525369649223,4557.250926856701,4.56
13802,JAWA TIMUR,KAB. SITUBONDO,Sumbermalang,-7.91694349,113.6393024,623988409111379967,8.0,,1.056,,> ~5 km / none found,True,941.8590619775864,4540.659447301856,4.54
74626,SULAWESI TENGAH,KAB. SIGI,Pipikoro,-1.73390824,120.0519352,623340770740568063,30.0,,3.96,,> ~5 km / none found,True,3542.076567717175,4522.0022468597,4.52
27863,KALIMANTAN UTARA,KAB. BULUNGAN,Sekatak,3.26710908,117.1392397,623338254094663679,,,,,> ~5 km / none found,False,4513.717277678116,4513.717277678116,4.51
44786,KALIMANTAN BARAT,KAB. MELAWI,Sokan,-1.13268814,111.5084199,623972182687776767,29.0,,3.828,,> ~5 km / none found,True,3673.485208157629,4484.7220055492335,4.48
86697,KALIMANTAN TENGAH,KAB. BARITO SELATAN,Dusun Selatan,-1.75221794,114.7654084,623336310090727423,,,,,> ~5 km / none found,False,4436.9936997387385,4436.9936997387385,4.44
51723,KALIMANTAN SELATAN,KAB. HULU SUNGAI SELATAN,Kalumpang,-2.76935449,115.1386738,623337220988927999,12.0,,1.584,,> ~5 km / none found,True,1469.6788928422525,4400.927574876329,4.4
57699,SULAWESI TENGAH,KAB. DONGGALA,Labuan,-0.64304317,119.922546,623340651663425535,10.0,,1.32,,> ~5 km / none found,True,1212.0993067343115,4398.229033164994,4.4
70393,KALIMANTAN UTARA,KAB. BULUNGAN,Peso,2.65391459,116.7091228,623337896714076159,20.0,,2.64,,> ~5 km / none found,True,2341.263514690048,4385.988336889897,4.39
53594,SULAWESI TENGAH,KAB. SIGI,Dolo Barat,-1.0567849,119.8178987,623340807013498879,35.0,,4.62,,> ~5 km / none found,True,3928.9991674036005,4331.262541408161,4.33
82869,NUSA TENGGARA BARAT,KAB. SUMBAWA,Empang,-8.74801811,118.0913271,624119233782022143,,,,,> ~5 km / none found,False,4245.209043814319,4245.209043814319,4.25
55900,JAWA TIMUR,KAB. BONDOWOSO,Maesan,-8.0026169,113.6853862,623988407025762303,13.0,,1.716,,> ~5 km / none found,True,1675.1046628465888,4217.353616124956,4.22
27859,KALIMANTAN SELATAN,KAB. HULU SUNGAI SELATAN,Daha Barat,-2.65771507,114.9923437,623337197227081727,,,,,> ~5 km / none found,False,4216.604396763558,4216.604396763558,4.22
22842,JAWA TIMUR,KAB. PASURUAN,Winongan,7.754873,112.952672,623330101188231167,,,,,> ~5 km / none found,False,,,
33961,JAWA TIMUR,KAB. JEMBER,Gumukmas,8.33106662,113.4317051,623329929126313983,,,,,> ~5 km / none found,False,,,
50977,JAWA TIMUR,KAB. LAMONGAN,Kalitengah,7.042843,112.391402,623355707068973055,,,,,> ~5 km / none found,False,,,
42157,JAWA TIMUR,KAB. MADIUN,Balerejo,7.491285,111.601297,623355657058025471,,,,,> ~5 km / none found,False,,,
7520,JAWA TIMUR,KAB. PACITAN,Sudimoro,8.175135,111.389583,623355495954939903,,,,,> ~5 km / none found,False,,,
280,JAWA BARAT,KAB. SUKABUMI,Lengkong,7.126233,106.689856,623356388657528831,,,,,> ~5 km / none found,False,,,
25760,JAWA TENGAH,KAB. BOYOLALI,Ampel,7.437952,110.563805,623353112002494463,,,,,> ~5 km / none found,False,,,
17643,JAWA TENGAH,KAB. MAGELANG,Mungkid,7.593689,110.240355,623353115643871231,,,,,> ~5 km / none found,False,,,
3270,JAWA TENGAH,KAB. KUDUS,Kaliwungu,6.8007133,110.8268084,623352832815759359,,,,,> ~5 km / none found,False,,,
32989,JAWA TENGAH,KAB. KUDUS,Dawe,6.703496,110.860025,623352828453584895,,,,,> ~5 km / none found,False,,,
37573,JAWA TENGAH,KAB. WONOGIRI,Kismantoro,7.92234,111.249453,623355492341317631,,,,,> ~5 km / none found,False,,,
38266,JAWA TENGAH,KAB. WONOGIRI,Kismantoro,7.890454,111.249993,623355492792958975,,,,,> ~5 km / none found,False,,,
43712,JAWA TENGAH,KAB. KENDAL,Plantungan,7.100643,109.966976,623353074983469055,,,,,> ~5 km / none found,False,,,
69774,JAWA TENGAH,KAB. KEBUMEN,Buayan,7.701004,109.465172,623355160150900735,,,,,> ~5 km / none found,False,,,
73914,JAWA TENGAH,KAB. PURWOREJO,Purwodadi,7.883067,110.027627,623355907145662463,,,,,> ~5 km / none found,False,,,
86850,NUSA TENGGARA TIMUR,KAB. MALAKA,Weliman,9.634751,124.862069,623330783529041919,,,,,> ~5 km / none found,False,,,
50792,MALUKU,KAB. MALUKU TENGGARA,Kei Besar,5.659069,132.985992,623531466402660351,,,,,> ~5 km / none found,False,,,
72363,SULAWESI TENGGARA,KAB. MUNA BARAT,Wadaga,4.876832,122.513414,623341812630814719,,,,,> ~5 km / none found,False,,,
64703,PAPUA,KAB. BIAK NUMFOR,Swandiwe,85.05112878,-180.0,621591891007963135,,,,,> ~5 km / none found,False,,,
