cluster_id,size,province,n_districts,centroid_lat,centroid_lon,median_m_to_nearest_other,n_linked,sum_transaction_value,n_reporting
88728b8695fffff,17,PAPUA PEGUNUNGAN,1,-4.094640682352941,138.94576414117648,5.399136128319094,0,0.0,0
88728b86ddfffff,12,PAPUA PEGUNUNGAN,1,-4.073160933333333,138.9289505,0.24358157172611686,0,0.0,0
8865541b6bfffff,8,ACEH,1,3.7204971675,96.81959705625,214.06874737488135,6,0.0,0
888cd542adfffff,7,JAMBI,1,-1.9894386771428572,101.37207515714285,253.7285043888047,7,0.0,0
8868c81243fffff,6,SULAWESI UTARA,1,1.4911361550000002,124.84741533333333,299.2627298237272,1,0.0,0
888cd54253fffff,6,JAMBI,1,-2.0362766716666667,101.40348026666668,151.056158195756,5,0.0,0
88728b868bfffff,6,PAPUA PEGUNUNGAN,1,-4.086364933333333,138.93777431666666,0.26875293734655964,0,0.0,0
888cd540c5fffff,6,JAMBI,1,-1.9665766666666666,101.35191793333333,175.8626876615919,6,0.0,0
88728b86b9fffff,5,PAPUA PEGUNUNGAN,2,-4.10153543,138.93861479,0.4119367298732519,0,0.0,0
8895008125fffff,5,SULAWESI SELATAN,1,-5.162356632,119.40678957999998,226.45292061850603,4,100583750.0,2
886552b999fffff,5,ACEH,1,5.365124698000001,95.918586938,267.9211505245667,1,0.0,0
889500810bfffff,5,SULAWESI SELATAN,1,-5.129077447999999,119.42236313999999,225.06856251997112,4,44000000.0,1
887390d9d7fffff,5,MALUKU UTARA,1,0.783481132,127.38530659999999,310.2738388850603,1,0.0,0
8865295623fffff,5,SUMATERA UTARA,1,1.37624274,99.27157883800001,301.6843537621506,5,726140000.0,2
88728831c7fffff,5,PAPUA PEGUNUNGAN,1,-3.676858894,138.474471394,151.62065308633376,1,0.0,0
8872883185fffff,5,PAPUA PEGUNUNGAN,1,-3.692987212,138.482776328,232.6435581466158,2,0.0,0
888cab6203fffff,5,SUMATERA SELATAN,1,-2.9809329460000002,104.764562914,229.82115930134285,1,0.0,0
888d808f43fffff,5,JAWA TIMUR,1,-7.1546130660000005,112.65497596,275.2111179736587,4,130662000.0,2
88650dd281fffff,5,SUMATERA UTARA,1,2.9473356859999997,99.061869824,285.5380579759992,3,0.0,0
888cf061c7fffff,5,BENGKULU,1,-3.464648544,102.53033293399999,343.5169637436348,5,0.0,0
888cf2b0c9fffff,5,SUMATERA SELATAN,1,-3.293450644,102.86385576,371.8260401803751,4,2748000.0,1
888cf021b1fffff,5,BENGKULU,1,-3.78911786,102.25288716,339.4506944699379,5,0.0,0
8865099435fffff,4,ACEH,1,3.4464373025,97.8510185675,394.7078766624452,1,0.0,0
886509842dfffff,4,ACEH,1,3.56277906,97.75936862500001,360.01970511000434,2,0.0,0
8895008139fffff,4,SULAWESI SELATAN,1,-5.1440368425,119.4301267825,328.4024332332701,3,302280000.0,1
8895008143fffff,4,SULAWESI SELATAN,1,-5.11880564,119.412773075,262.63572700266195,1,10490000.0,1
886552b8e7fffff,4,ACEH,1,5.34198221,95.92150300750001,358.51405400896243,3,0.0,0
8865099439fffff,4,ACEH,1,3.4309983849999997,97.84801623749999,385.7578033921044,1,0.0,0
8895008155fffff,4,SULAWESI SELATAN,1,-5.1217538925,119.42001942499999,265.06219026451856,3,0.0,0
8865560201fffff,4,ACEH,1,4.75635328,96.9143346675,289.34254307160774,2,0.0,0
886554d531fffff,4,ACEH,1,3.55964419,96.9929849,257.98526090466646,4,0.0,0
886553c9c1fffff,4,ACEH,1,5.515919925,95.389711375,417.67282904697663,4,0.0,0
886553c9bbfffff,4,ACEH,2,5.5406749975,95.3506248875,443.59450384389845,4,0.0,0
8895008107fffff,4,SULAWESI SELATAN,1,-5.14330845,119.421152625,313.32381150755344,2,126500000.0,1
886553c91bfffff,4,ACEH,1,5.5116087325,95.40912281749999,512.0928432937101,3,0.0,0
8895008101fffff,4,SULAWESI SELATAN,1,-5.1360644825,119.419313775,293.0835814987861,1,6668000.0,1
8895008103fffff,4,SULAWESI SELATAN,1,-5.1364414175,119.42736115,330.50242067058394,3,0.0,0
886553c839fffff,4,ACEH,1,5.4818654075,95.38675648,350.12713429438986,4,0.0,0
88655291e3fffff,4,ACEH,1,5.1917485575,96.3538788325,275.7186242754228,4,0.0,0
88650995ddfffff,4,ACEH,1,3.4544939375,97.8353879,199.93893051494086,4,0.0,0
886553c849fffff,4,ACEH,1,5.4492273775,95.42248991,385.5655900013172,4,0.0,0
886553c805fffff,4,ACEH,1,5.4811441075,95.4077550625,356.9117303415083,4,0.0,0
886552b9e1fffff,4,ACEH,1,5.3860517525,95.9618840375,322.284734063765,1,0.0,0
886552b9bbfffff,4,ACEH,1,5.3886421625,95.9163962625,458.38275810996385,3,0.0,0
886552b9d1fffff,4,ACEH,1,5.3566548075,95.9314846625,353.3747353699208,2,0.0,0
8865095181fffff,4,ACEH,1,4.2824632225,98.05856462,415.38195891670216,4,0.0,0
886552b857fffff,4,ACEH,1,5.3066145075,95.9566630775,462.65253149820296,4,0.0,0
887288318dfffff,4,PAPUA PEGUNUNGAN,1,-3.6882505775,138.4779046775,212.0816536210632,1,0.0,0
88728831e7fffff,4,PAPUA PEGUNUNGAN,1,-3.7016955649999996,138.4693949675,173.97035069716875,0,0.0,0
8868c85697fffff,4,SULAWESI UTARA,1,1.15106839,124.8307920125,141.68143279866823,4,0.0,0
88689e3547fffff,4,KALIMANTAN SELATAN,1,-2.41598312,115.261631075,251.10825310071033,2,17280000.0,1
88728b86d5fffff,4,PAPUA PEGUNUNGAN,1,-4.07844625,138.93282375,116.31577568039833,0,0.0,0
8872880087fffff,4,PAPUA TENGAH,2,-3.70250443,138.2025072875,278.2533666620636,3,0.0,0
88728831ebfffff,4,PAPUA PEGUNUNGAN,1,-3.68616884,138.471670055,226.7654022846955,0,0.0,0
8868c8030dfffff,4,SULAWESI UTARA,1,1.300978,124.90826945,313.70197730730797,1,0.0,0
88652d6e31fffff,4,SUMATERA UTARA,1,0.8613800549999999,99.5622264525,299.3840540702093,1,0.0,0
886552831bfffff,4,ACEH,1,5.2274302125,96.28386153,285.1149849157441,2,0.0,0
8865726e69fffff,4,ACEH,1,3.3113447525,97.148216475,292.2487859373945,3,0.0,0
8865565231fffff,4,ACEH,1,5.0195190775,97.270214365,363.77348991348043,3,0.0,0
88655226d7fffff,4,ACEH,1,5.5662029125,95.3970259075,256.5972729631828,2,0.0,0
88655664e5fffff,4,ACEH,1,5.1884878075,96.495567185,332.3396996466189,4,0.0,0
88650dd2a9fffff,4,SUMATERA UTARA,1,2.9629366299999997,99.072599665,253.90425203717024,1,0.0,0
887390d981fffff,4,MALUKU UTARA,1,0.768776025,127.37361225000001,466.3528938320916,2,0.0,0
88739080a5fffff,4,MALUKU UTARA,1,1.153933345,127.8313650425,359.6249104595818,2,0.0,0
888d8558e3fffff,4,JAWA TIMUR,1,-7.518591495,112.55884865,280.47142954992904,4,0.0,0
888d816891fffff,4,JAWA TENGAH,1,-6.70014032,111.3222891,284.3710366764727,4,0.0,0
888d843195fffff,4,JAWA TIMUR,1,-7.633786499999999,112.906877,289.27396115257733,4,828000.0,1
8872b240b3fffff,4,MALUKU,1,-4.0650407875,131.44475325000002,405.73683004012184,2,0.0,0
8872aa40cbfffff,4,PAPUA,2,-2.2116139974999998,136.4169052525,15.126076013948616,1,0.0,0
88728b8683fffff,4,PAPUA PEGUNUNGAN,2,-4.093783855,138.93891922,283.25594023767394,1,0.0,0
88650dd285fffff,4,SUMATERA UTARA,1,2.954394705,99.06801638,248.61884944697496,1,0.0,0
888cf3c5ebfffff,4,BENGKULU,1,-3.121877965,102.19870900000001,303.00713531068277,4,0.0,0
888cf6a895fffff,4,SUMATERA SELATAN,1,-3.785602775,103.542276775,350.39561051993576,2,13750000.0,1
888cf6ade7fffff,4,SUMATERA SELATAN,1,-3.7639911625,103.4566689,168.00879090070947,4,0.0,0
888cab620bfffff,4,SUMATERA SELATAN,1,-2.9883748875,104.767355675,289.9300031818756,1,0.0,0
888cadb80bfffff,4,LAMPUNG,1,-5.4420727675,105.26941815,428.615727461573,2,0.0,0
888cab621dfffff,4,SUMATERA SELATAN,1,-2.9886940975,104.75770295,365.53567743392847,2,0.0,0
888cadb9cbfffff,4,LAMPUNG,1,-5.4060664175,105.262388775,291.1209578072619,1,0.0,0
888d808f55fffff,4,JAWA TIMUR,1,-7.154022765000001,112.64972159999999,227.10755037862987,4,34800000.0,1
888cf6ada9fffff,4,SUMATERA SELATAN,1,-3.7613856500000002,103.450167775,83.68282174232156,3,0.0,0
888cd542e1fffff,4,JAMBI,1,-2.0052631775,101.3792329,349.9472614801154,4,0.0,0
888cd542e7fffff,4,JAMBI,1,-1.99471026,101.37588769,292.0029111184898,4,0.0,0
888cded9adfffff,4,SUMATERA BARAT,1,-0.622840625,100.122722575,412.91946585922585,4,0.0,0
888cf02187fffff,4,BENGKULU,1,-3.7958210775,102.264780175,301.2949612011224,2,0.0,0
88650c34edfffff,4,SUMATERA UTARA,1,3.3308340475,99.1575390875,395.52895647737967,4,0.0,0
88650c95a1fffff,4,SUMATERA UTARA,1,2.968661065,99.7992748975,344.2083161359758,4,0.0,0
88650c95adfffff,4,SUMATERA UTARA,1,2.96834984,99.80602011,362.7859322876241,2,0.0,0
889500815dfffff,4,SULAWESI SELATAN,1,-5.113952687499999,119.41939729500001,269.9295202512336,2,0.0,0
8895216421fffff,4,SULAWESI SELATAN,1,-2.9750186425,119.895100375,436.94153385474806,4,0.0,0
8895761811fffff,4,SULAWESI TENGGARA,1,-4.0237002275,122.992634375,318.6304068613365,4,0.0,0
886552b8e9fffff,4,ACEH,1,5.324417365,95.9314350275,372.67348182880295,4,0.0,0
886552b81dfffff,4,ACEH,1,5.3157225025,95.9520922775,318.4371296481306,4,0.0,0
8865098759fffff,4,ACEH,1,3.5043846725,97.8045827025,303.91307335995714,1,0.0,0
8895008151fffff,3,SULAWESI SELATAN,1,-5.112723576666666,119.42665056666668,266.33189822059876,1,3956400.0,1
886552b8e5fffff,3,ACEH,1,5.340693703333333,95.92945682666668,477.0400073192398,3,0.0,0
886552b981fffff,3,ACEH,1,5.378063826666666,95.94027171333335,480.2150453368973,2,0.0,0
886552b95dfffff,3,ACEH,1,5.35014065,96.00490595333333,541.1233364528744,3,0.0,0
886552b95bfffff,3,ACEH,1,5.344373569999999,95.99132971333334,406.88879786131776,2,0.0,0
886552b959fffff,3,ACEH,1,5.34387099,96.000043,403.93381148013395,0,0.0,0
889500811dfffff,3,SULAWESI SELATAN,1,-5.1300096533333335,119.43039273333333,323.2707417638122,2,0.0,0
8895008121fffff,3,SULAWESI SELATAN,1,-5.155178046666666,119.41150416666666,408.1961236344476,2,0.0,0
8865099595fffff,3,ACEH,1,3.482201463333334,97.81667664666666,488.16424146503334,0,0.0,0
886509959dfffff,3,ACEH,1,3.4738534600000004,97.82100740999999,406.7185301534689,0,0.0,0
88650995b1fffff,3,ACEH,1,3.4954554266666666,97.81628744333334,359.34777445919786,1,0.0,0
8895008127fffff,3,SULAWESI SELATAN,1,-5.161926636666667,119.41661698,222.15833922185638,1,0.0,0
889500813dfffff,3,SULAWESI SELATAN,1,-5.15148263,119.42443653333333,412.57375136114194,2,670955000.0,1
889576da6dfffff,3,SULAWESI TENGGARA,1,-3.89010927,122.51169233333333,472.4912791781043,2,0.0,0
886552b99bfffff,3,ACEH,1,5.363908336666667,95.91018930666667,360.5957273524021,1,0.0,0
886552b9d5fffff,3,ACEH,1,5.364775576666666,95.93718784333333,474.999818301986,3,0.0,0
886552b9dbfffff,3,ACEH,1,5.3511815433333325,95.92722653666665,339.85516286795706,2,0.0,0
886552b9ebfffff,3,ACEH,1,5.377866386666667,95.95677185333334,501.3923202835527,1,0.0,0
886552ba2dfffff,3,ACEH,1,5.287470290000001,96.01013919333333,597.4184887142956,3,0.0,0
886552ba87fffff,3,ACEH,1,5.277645256666666,95.92704197,238.6518982465712,3,0.0,0
886552baa5fffff,3,ACEH,1,5.300483726666667,95.94188078666667,384.4872563664433,3,0.0,0
886552aa65fffff,3,ACEH,1,5.398438106666667,95.90434972999999,397.96725341307337,3,0.0,0
88650d4e01fffff,3,SUMATERA UTARA,1,3.577332836666667,98.69935285333334,452.58090544003,2,0.0,0
888cd55563fffff,3,JAMBI,1,-2.061106066666667,101.39575486666666,318.89430414174757,1,0.0,0
888cda371bfffff,3,SUMATERA UTARA,1,-0.04518915666666667,98.27705915666667,210.9303023065115,0,0.0,0
888cded9a9fffff,3,SUMATERA BARAT,1,-0.6270566733333333,100.1187737,225.06579030104785,3,0.0,0
888cded9e7fffff,3,SUMATERA BARAT,1,-0.63023398,100.12548206666666,471.38727282801483,3,0.0,0
888cf02181fffff,3,BENGKULU,1,-3.805589653333333,102.26979846666666,481.21485389218526,3,0.0,0
88650c3413fffff,3,SUMATERA UTARA,1,3.315405903333333,99.15704775,468.29595561690417,3,0.0,0
88650c84dbfffff,3,SUMATERA UTARA,1,2.9803923,99.62670882666667,492.9765125012227,1,0.0,0
88650c95a9fffff,3,SUMATERA UTARA,1,2.95955859,99.80139082666666,390.3794466909542,0,0.0,0
888cf021b9fffff,3,BENGKULU,1,-3.7963010633333334,102.25677266666666,409.2428022001153,3,0.0,0
888cf021bdfffff,3,BENGKULU,1,-3.7911723100000003,102.2617591,335.38602066891843,2,0.0,0
888cf05409fffff,3,SUMATERA SELATAN,1,-3.6988629866666667,102.92770780000001,325.70774509288145,3,0.0,0
8895008157fffff,3,SULAWESI SELATAN,1,-5.123792173333333,119.42935891666667,220.0082447840626,2,0.0,0
889509a2d9fffff,3,SULAWESI TENGGARA,1,-5.522959656666667,123.76725053333332,252.8387779233076,2,0.0,0
88950d4c43fffff,3,SULAWESI TENGGARA,1,-5.458761193333333,122.59791613333334,359.9409704605562,1,0.0,0
88950d4c55fffff,3,SULAWESI TENGGARA,1,-5.46129595,122.60675906666665,411.8589928374712,2,0.0,0
88650d4e15fffff,3,SUMATERA UTARA,1,3.57739233,98.68335450333332,334.0031511811419,3,0.0,0
88650d4e35fffff,3,SUMATERA UTARA,1,3.5998959866666667,98.69042463333334,452.18984607580506,2,0.0,0
88650d4e37fffff,3,SUMATERA UTARA,1,3.60258701,98.68238542333334,478.28607781025414,3,0.0,0
88650d4e39fffff,3,SUMATERA UTARA,1,3.5852791566666666,98.68758803666667,617.2322395360007,3,0.0,0
88650d4e51fffff,3,SUMATERA UTARA,1,3.55295929,98.69435907999998,358.9256433656621,3,0.0,0
888cd54211fffff,3,JAMBI,1,-2.0202948166666665,101.39521923666666,356.5045642931355,0,0.0,0
888cd54213fffff,3,JAMBI,1,-2.0227535766666667,101.38518692000001,443.40612566836097,2,0.0,0
888cd5421dfffff,3,JAMBI,1,-2.0222725633333334,101.40451363333334,370.02549421862966,3,0.0,0
888cd54257fffff,3,JAMBI,2,-2.0319111166666666,101.40703382333334,203.43663229602885,3,0.0,0
888cd542c9fffff,3,JAMBI,1,-2.0361313766666664,101.37643106666667,138.18375246635136,3,0.0,0
888cd5509dfffff,3,JAMBI,1,-2.0765267233333335,101.43070523333334,287.0869094480209,1,0.0,0
888cd552b7fffff,3,JAMBI,2,-2.10037204,101.44834861333334,493.2265453824206,3,0.0,0
888cd55505fffff,3,JAMBI,1,-2.057569066666667,101.38914519999999,378.0329228080789,3,0.0,0
888cd5550dfffff,3,JAMBI,1,-2.066184556666667,101.39144533333332,369.1313171658732,3,0.0,0
888cd55525fffff,3,JAMBI,1,-2.0361520766666668,101.39422669999999,227.02028470340184,3,0.0,0
88650d2c81fffff,3,ACEH,1,3.3092183466666665,97.91797695333334,433.2632653849742,3,0.0,0
888cf0ced7fffff,3,SUMATERA SELATAN,1,-3.868067423333333,102.99073573333332,562.6607697607485,3,0.0,0
888cf4a929fffff,3,BENGKULU,1,-4.791347906666666,103.34765586666667,397.0138186518968,3,0.0,0
888cf624c1fffff,3,SUMATERA SELATAN,1,-3.6194469333333337,103.19587476666668,296.89504070156585,3,0.0,0
888cf6c993fffff,3,SUMATERA SELATAN,1,-3.4230866666666664,104.2389351,209.35601651002574,3,0.0,0
888d801097fffff,3,JAWA TIMUR,1,-6.990338173333334,112.5621296,249.7896439528672,3,0.0,0
888d803241fffff,3,JAWA TIMUR,1,-7.043782963333332,112.28278842333333,377.9968817220254,3,0.0,0
888d808f5dfffff,3,JAWA TIMUR,1,-7.160418320000001,112.65142800000001,448.4882435710893,3,0.0,0
88650ba999fffff,3,ACEH,1,4.95041036,97.77447362,651.7035339058222,1,0.0,0
888cadb9d9fffff,3,LAMPUNG,1,-5.412926233333334,105.24828129999999,326.47062777839943,3,0.0,0
888cadb9ddfffff,3,LAMPUNG,1,-5.406366393333333,105.25198126666668,414.2953925604912,3,0.0,0
888cd38f3dfffff,3,SUMATERA BARAT,1,-0.6793809999999999,100.7829289,695.4646375228551,1,0.0,0
888cd3b403fffff,3,SUMATERA BARAT,1,-0.9289466733333334,100.35611290000001,436.73051622389596,3,0.0,0
888cd3b45dfffff,3,SUMATERA BARAT,1,-0.9554314533333333,100.36504663333334,409.0847192326138,3,0.0,0
888cd5401bfffff,3,JAMBI,1,-1.9731173233333335,101.36207313333334,293.0693845594944,2,0.0,0
888cd540c9fffff,3,JAMBI,1,-1.9801990033333332,101.3498168,444.0530167619729,2,0.0,0
88650d4e05fffff,3,SUMATERA UTARA,1,3.5850221500000004,98.70659287666666,279.2931994224915,3,0.0,0
887390d9d9fffff,3,MALUKU UTARA,1,0.7992793800000001,127.37945481999999,406.2413138234592,3,0.0,0
888c100e5dfffff,3,JAWA BARAT,1,-6.604491286666668,106.80017034666668,360.59402867397563,3,0.0,0
888c147957fffff,3,JAWA BARAT,1,-6.93795934,107.64060146666667,372.7876751410431,3,0.0,0
888c14d959fffff,3,JAWA BARAT,1,-7.327063760000001,108.22129393333334,612.8846969043868,3,0.0,0
888c161a11fffff,3,JAWA BARAT,1,-6.354263266666667,108.10549322000001,116.61004991082467,3,0.0,0
888c81a817fffff,3,KEPULAUAN BANGKA BELITUNG,1,-2.1310276233333334,106.11124326666668,455.1123189171766,1,0.0,0
888c92b29bfffff,3,KALIMANTAN BARAT,1,1.3573757966666669,109.3039258,386.15665080496495,0,0.0,0
888cab6205fffff,3,SUMATERA SELATAN,2,-2.9765218,104.77666786666667,246.7550528901913,2,1480000.0,1
888cab6219fffff,3,SUMATERA SELATAN,1,-2.994875886666667,104.75424190000001,290.4894769249708,2,0.0,0
888cadb835fffff,3,LAMPUNG,1,-5.411345183333334,105.26637664666667,248.9733543879574,2,0.0,0
88650d4e5dfffff,3,SUMATERA UTARA,1,3.5520499933333336,98.70471212666666,121.19733025693668,3,87388000.0,1
88650d4ee7fffff,3,SUMATERA UTARA,1,3.5957874766666666,98.65862941333334,375.07449292206826,3,0.0,0
88650d7831fffff,3,SUMATERA UTARA,1,3.609171866666667,98.49418213333333,297.92005164569605,3,0.0,0
88650d78edfffff,3,SUMATERA UTARA,1,3.6025856933333333,98.48300443000001,490.64092420188155,3,0.0,0
88650dc8bbfffff,3,SUMATERA UTARA,1,3.2941932433333334,98.94167916666667,463.994106874875,3,0.0,0
888cadb9c3fffff,3,LAMPUNG,1,-5.398867683333333,105.25685153333332,474.451250569597,1,0.0,0
888d8529b5fffff,3,JAWA TIMUR,1,-7.6728338,111.83596033333333,108.7237973009966,3,0.0,0
888d854829fffff,3,JAWA TIMUR,1,-7.41370234,112.50826493,16.266754253356392,3,45884000.0,2
888d854f69fffff,3,JAWA TIMUR,1,-7.470118393333333,112.43488924,279.8038685233709,3,303166000.0,3
888d85ad2bfffff,3,JAWA TIMUR,1,-8.069101886666667,111.91142380000001,393.5146108377109,3,0.0,0
888d85c255fffff,3,JAWA TIMUR,1,-7.979658246666666,112.62662733333333,111.04363915613388,1,0.0,0
888d88065dfffff,3,JAWA TENGAH,1,-6.888977873333334,109.62107323333333,532.4326335549804,3,0.0,0
888d88d2b7fffff,3,JAWA TENGAH,1,-6.920238423333333,110.20194236666667,387.3550284948093,3,0.0,0
888d88d71dfffff,3,JAWA TENGAH,1,-6.947873633333333,110.14954703333335,520.4608390402627,3,0.0,0
888d8935a5fffff,3,JAWA BARAT,1,-7.122411146666667,108.22604799999999,30.17382797896738,3,0.0,0
888d896311fffff,3,JAWA BARAT,1,-6.725940583333333,108.56470813333333,393.42814964475724,1,0.0,0
8872b242d3fffff,3,MALUKU,1,-3.9646430266666663,131.4160318,263.3664116256202,0,0.0,0
8872b51085fffff,3,PAPUA PEGUNUNGAN,1,-1.4297153333333334,132.38945373333334,183.09244969451598,0,0.0,0
8872b5842dfffff,3,PAPUA PEGUNUNGAN,1,-1.1225282666666667,132.4297805,0.20045525129179895,0,0.0,0
8872b58863fffff,3,PAPUA PEGUNUNGAN,2,-1.2898865666666668,132.21181258666667,0.004446668153678732,1,0.0,0
8872b58b13fffff,3,PAPUA PEGUNUNGAN,2,-1.2729070733333334,132.19537821666668,197.08844591380443,0,0.0,0
887390d98bfffff,3,MALUKU UTARA,1,0.7775904166666666,127.38111564666667,386.371917824372,0,0.0,0
8872897ac5fffff,3,PAPUA PEGUNUNGAN,1,-3.8735734166666664,139.29750978666667,345.535885063248,0,0.0,0
88728b0de1fffff,3,PAPUA SELATAN,1,-4.762398706666667,138.97963910666667,156.34866125347108,0,0.0,0
88728b11cdfffff,3,PAPUA PEGUNUNGAN,1,-4.48735506,138.76834454333334,447.51964114630374,0,0.0,0
8865296f31fffff,3,SUMATERA UTARA,1,1.7338058233333333,98.78572763333334,331.05558928190084,3,0.0,0
886529cca3fffff,3,SUMATERA UTARA,1,1.3230347599999999,99.30064687333333,569.1771838570112,3,0.0,0
88652b0c91fffff,3,SUMATERA UTARA,1,2.4433420599999995,99.15573344333332,478.1429161920075,1,0.0,0
88728b86bdfffff,3,PAPUA PEGUNUNGAN,1,-4.111661223333333,138.9355596833333,538.7571813547693,0,0.0,0
8872ae2885fffff,3,PAPUA,2,-1.22881267,136.33855968999998,330.1236044104977,2,0.0,0
8872ae76e3fffff,3,PAPUA,2,-1.19800265,136.14176109333334,0.003335121859963178,1,0.0,0
8872b0233bfffff,3,PAPUA BARAT,2,-2.70402182,132.43118405333334,283.02477196512115,2,0.0,0
886528b5edfffff,3,SUMATERA UTARA,1,1.04505638,99.87716870000001,258.3734761334111,1,0.0,0
88652941ddfffff,3,SUMATERA UTARA,1,1.6040237466666667,99.27081011333333,347.326973810905,3,24800000.0,1
8865295449fffff,3,SUMATERA UTARA,1,1.3872126333333334,99.26938519666668,428.48100073079394,3,0.0,0
888d814d5bfffff,3,JAWA TENGAH,1,-6.7388532733333335,111.67264813333333,270.85275734759733,3,0.0,0
888d843191fffff,3,JAWA TIMUR,1,-7.64113945,112.90388413333334,345.06206507292205,3,0.0,0
888d84a031fffff,3,JAWA TIMUR,1,-7.91581383,112.98540948333334,189.11204021501015,3,0.0,0
8868c850e7fffff,3,SULAWESI UTARA,1,1.0571068433333333,124.65140007000001,247.45992892110573,3,0.0,0
8868c85139fffff,3,SULAWESI UTARA,1,1.0269382666666667,124.58440293333332,158.7978682847712,3,0.0,0
8868c8a83dfffff,3,SULAWESI UTARA,1,1.4528230166666667,125.1972731,295.56489488830147,3,0.0,0
8868c8a94dfffff,3,SULAWESI UTARA,1,1.4415343966666665,125.12828776666667,567.3957328432136,2,0.0,0
8868c8c42bfffff,3,SULAWESI UTARA,1,1.3737918,124.71443373333334,58.84612614851224,3,27217200.0,1
887288048dfffff,3,PAPUA PEGUNUNGAN,1,-3.66680774,138.35486448666666,503.14500758281173,2,0.0,0
88652baec7fffff,3,SUMATERA UTARA,1,2.0206694333333335,98.96419375,397.87533695917216,1,0.0,0
88728835a5fffff,3,PAPUA PEGUNUNGAN,1,-3.688976223333333,138.63785681333334,125.79035621861074,0,0.0,0
8872883ad3fffff,3,PAPUA PEGUNUNGAN,1,-3.716060883333333,138.46408863666667,228.96983465768687,0,0.0,0
8872886c29fffff,3,PAPUA PEGUNUNGAN,1,-4.235265373333333,138.38335986666667,263.1939874968885,0,0.0,0
8872886f35fffff,3,PAPUA PEGUNUNGAN,1,-4.234724336666667,138.34023999,587.4981552052963,0,0.0,0
8872887693fffff,3,PAPUA PEGUNUNGAN,1,-3.887813963333333,138.42081807333332,453.1116808840679,0,0.0,0
8872892893fffff,3,PAPUA PEGUNUNGAN,1,-3.732468173333333,139.76498115333334,440.0638035256443,0,0.0,0
8872897089fffff,3,PAPUA PEGUNUNGAN,1,-3.7796540566666668,139.39691261666667,323.7189017178364,0,0.0,0
88728972b7fffff,3,PAPUA PEGUNUNGAN,1,-3.75658241,139.39717035,518.1932685218092,0,0.0,0
8872897a85fffff,3,PAPUA PEGUNUNGAN,1,-3.890419436666667,139.31407317333333,318.62579219523747,0,0.0,0
888daa433bfffff,3,JAWA TIMUR,1,-7.866528793333334,111.4620598,570.726671076754,3,0.0,0
886574666dfffff,3,SUMATERA UTARA,1,1.2151891499999998,97.61999186666667,551.2178534311417,1,0.0,0
8868985223fffff,3,KALIMANTAN SELATAN,1,-2.41106822,115.5290139,272.0994368356854,1,0.0,0
886898cb65fffff,3,KALIMANTAN SELATAN,1,-2.3440198999999997,115.37031716666667,319.0180933673809,1,0.0,0
88689b500bfffff,3,KALIMANTAN SELATAN,1,-3.241224646666667,116.22450293333334,334.8503993522168,3,0.0,0
88689e3089fffff,3,KALIMANTAN SELATAN,1,-2.4133018733333333,115.21289927999999,414.950956396893,3,0.0,0
88689e3509fffff,3,KALIMANTAN SELATAN,1,-2.415860626666667,115.27133570000001,300.0076099217641,2,0.0,0
88689e3545fffff,3,KALIMANTAN SELATAN,1,-2.41545637,115.25290253333333,244.6162031825231,3,0.0,0
88689e39e5fffff,3,KALIMANTAN SELATAN,1,-2.6267674199999997,115.11188156666667,350.89323073899806,0,0.0,0
8868c3660dfffff,3,GORONTALO,1,0.59330543,123.07014963333332,440.3701680820674,3,0.0,0
88652cd091fffff,3,RIAU,1,0.5366978433333333,101.4430317,417.34815417549595,3,0.0,0
88652cd099fffff,3,RIAU,1,0.5278011666666667,101.4490364,534.8961987911907,3,0.0,0
88652cd725fffff,3,RIAU,1,0.5220886166666666,101.4419135,324.03753909148946,3,0.0,0
8868c81255fffff,3,SULAWESI UTARA,1,1.4891641233333335,124.8548154,304.68577120819504,3,0.0,0
8868c81263fffff,3,SULAWESI UTARA,1,1.4686579833333333,124.83862263333333,371.9081219842634,3,0.0,0
8868c84a8dfffff,3,SULAWESI UTARA,1,0.8539995666666668,124.69008853333334,147.49155125465953,3,0.0,0
886550984dfffff,3,ACEH,1,4.13804365,96.12779906666667,325.9391883427316,1,0.0,0
888d89c9c7fffff,3,JAWA TENGAH,1,-6.901383563333333,109.13226726666666,306.59416971844325,3,0.0,0
888d8c6b25fffff,3,JAWA TENGAH,1,-6.973550713333334,110.42638256666667,459.9687312342513,3,109890000.0,1
888d8c8f35fffff,3,JAWA TENGAH,1,-7.720799013333334,110.57286233666667,383.7122045513051,3,0.0,0
888d8cc29dfffff,3,JAWA TENGAH,1,-7.5657536033333335,110.82010559999999,422.8401471410815,0,0.0,0
888d8cc2d5fffff,3,JAWA TENGAH,1,-7.571623743333333,110.8342627,367.56799167689684,2,33085200.0,2
888d8cc2dbfffff,3,JAWA TENGAH,1,-7.5854597733333335,110.82428156666667,586.72903250373,2,8485200.0,1
888d8e8523fffff,3,JAWA TENGAH,1,-6.800828163333333,110.83766830333333,402.90681322561665,3,0.0,0
888d8e8529fffff,3,JAWA TENGAH,1,-6.80774174,110.84989733666667,338.1010960768029,3,0.0,0
888d8e853dfffff,3,JAWA TENGAH,1,-6.806806203333333,110.83213176666668,332.5333601490914,3,0.0,0
888d8e9925fffff,3,JAWA TENGAH,1,-6.707833943333334,111.14797053333332,640.8704881926922,3,0.0,0
888d9209e9fffff,3,KALIMANTAN SELATAN,1,-3.3327364933333334,114.5923486,473.49969758172307,3,0.0,0
888d9209edfffff,3,KALIMANTAN SELATAN,1,-3.3266875033333334,114.59907346666667,316.68312234238743,3,0.0,0
888d92cd11fffff,3,KALIMANTAN SELATAN,1,-3.40508793,114.8474077,320.5403398324402,2,0.0,0
888d92cde1fffff,3,KALIMANTAN SELATAN,1,-3.3890523466666664,114.83476023333333,494.34272826675226,3,0.0,0
888da2ca01fffff,3,JAWA TIMUR,1,-8.208130126666667,114.37757553333334,300.5419572246131,1,81092500.0,1
8865522699fffff,3,ACEH,1,5.56891219,95.38912646666667,449.51842514500737,1,0.0,0
88655226d1fffff,3,ACEH,1,5.55945072,95.40161559666667,432.99164622874025,2,0.0,0
88655226d9fffff,3,ACEH,1,5.5525559033333325,95.40776795,266.5312931474528,1,0.0,0
88655652c7fffff,3,ACEH,1,4.998583526666667,97.23840532666667,308.2393349534265,2,0.0,0
886556600bfffff,3,ACEH,1,5.20569516,96.69074629666666,681.0248307467336,2,0.0,0
886556600dfffff,3,ACEH,1,5.211733486666667,96.70094639666667,267.4837751516171,2,0.0,0
886556604bfffff,3,ACEH,1,5.188637183333333,96.70439169333333,499.090132681096,3,0.0,0
8865566333fffff,3,ACEH,1,5.225203213333334,96.73218284000001,382.38883725691437,3,0.0,0
8865566365fffff,3,ACEH,1,5.219478733333333,96.78875246666666,258.55571814240517,3,0.0,0
8865566367fffff,3,ACEH,1,5.2213374733333335,96.77795242333333,413.20782556585334,2,0.0,0
88655664e3fffff,3,ACEH,1,5.180966730000001,96.48150669333334,615.8726230207951,3,0.0,0
88655678c5fffff,3,ACEH,1,5.249793736666667,96.81656604,510.37413895246254,3,0.0,0
8865567a93fffff,3,ACEH,1,5.198399936666667,96.78972711,230.82264420167954,3,0.0,0
8865567ab9fffff,3,ACEH,1,5.212687186666667,96.80750072333335,422.33942487824737,3,0.0,0
8865726193fffff,3,ACEH,1,3.3058890899999995,97.15076520333332,261.01740221460966,1,0.0,0
886572721bfffff,3,ACEH,1,3.0636826266666666,97.32859758333332,410.34459883593337,3,0.0,0
8865564209fffff,3,ACEH,1,5.11504811,97.16968195,499.91162126439446,0,0.0,0
8865565005fffff,3,ACEH,1,5.06620351,97.26450837333334,286.3854787642402,3,0.0,0
8865565007fffff,3,ACEH,1,5.070686616666666,97.25541632666666,385.9696491224299,2,0.0,0
886552801bfffff,3,ACEH,1,5.23200464,96.22081453,660.3480286924897,1,0.0,0
886556502bfffff,3,ACEH,1,5.075266063333333,97.25977684666667,546.5918727640525,0,0.0,0
886556504bfffff,3,ACEH,1,5.035686983333334,97.27079894333333,467.07086060811537,2,0.0,0
8865565063fffff,3,ACEH,1,5.066381473333333,97.27370748333334,470.50543051834853,1,0.0,0
88655650a5fffff,3,ACEH,1,5.09469984,97.20755043333334,458.474837134207,3,0.0,0
88655650a9fffff,3,ACEH,1,5.079722013333334,97.20569155999999,559.1005679142617,3,0.0,0
88655650adfffff,3,ACEH,1,5.08611847,97.21029057,488.0808874035385,2,0.0,0
8865565193fffff,3,ACEH,1,5.110862383333333,97.19859768333333,406.99363453020186,3,0.0,0
886556519dfffff,3,ACEH,1,5.110389153333333,97.21655767666668,517.080122171292,1,0.0,0
88655651b9fffff,3,ACEH,1,5.12555214,97.21856355,533.8616497718344,2,0.0,0
88655651c1fffff,3,ACEH,1,5.098798073333334,97.24688932,478.83778501406516,3,0.0,0
8865565233fffff,3,ACEH,1,5.01931776,97.26043338,525.145960529516,2,0.0,0
8865565235fffff,3,ACEH,1,5.026321326666667,97.27492935666668,455.90888737307097,1,0.0,0
886553d641fffff,3,ACEH,1,5.076427663333333,95.35916425,368.5859907019808,3,0.0,0
886553d959fffff,3,ACEH,1,5.376523753333333,95.55358574,479.3843483778745,1,0.0,0
886553d95bfffff,3,ACEH,1,5.3767039966666665,95.54494502333334,474.39785732666314,1,0.0,0
886553d9bbfffff,3,ACEH,1,5.420088803333333,95.47238805333332,400.03890557142927,3,0.0,0
8865528349fffff,3,ACEH,1,5.2140170433333335,96.33411239000002,434.58865745608074,1,0.0,0
886552834bfffff,3,ACEH,1,5.21614988,96.32562872,410.2313187126197,2,0.0,0
886552834dfffff,3,ACEH,2,5.223354463333333,96.33810453333332,538.4386735323689,1,0.0,0
8865528587fffff,3,ACEH,1,5.26893461,96.05399073333332,605.0926220580174,3,0.0,0
8865546d41fffff,3,ACEH,1,4.235714743333333,96.31637928666667,376.5552857940797,3,0.0,0
8865546d43fffff,3,ACEH,1,4.234848286666667,96.30758545333333,390.06800608300443,3,0.0,0
886554ce91fffff,3,ACEH,1,3.7105963366666668,96.84215115,713.3914481837543,3,0.0,0
886554ceb3fffff,3,ACEH,1,3.735372573333333,96.83910719,458.2080224130015,1,0.0,0
8865561459fffff,3,ACEH,1,4.620998080000001,96.84225083333332,240.84500186011493,2,0.0,0
8865561637fffff,3,ACEH,1,4.620765443333333,96.84969357,324.45595980977214,3,0.0,0
8865561683fffff,3,ACEH,1,4.596064823333333,96.79864976333333,257.48121180566545,1,0.0,0
886556400dfffff,3,ACEH,1,5.179864073333333,97.14996982333334,448.12951412305904,3,0.0,0
886553c8c5fffff,3,ACEH,1,5.469392103333334,95.36068937666666,380.615995141316,0,0.0,0
886553c8ebfffff,3,ACEH,1,5.477151843333334,95.35448545333333,370.97941769121906,3,0.0,0
886553c983fffff,3,ACEH,1,5.530134393333333,95.36360948,533.8944155149693,3,0.0,0
886553c9a5fffff,3,ACEH,1,5.560255496666667,95.38534539666666,440.610972775087,1,0.0,0
8865528599fffff,3,ACEH,2,5.2445275533333335,96.03604003666668,268.0582007096183,2,0.0,0
886552859dfffff,3,ACEH,1,5.254404643333333,96.04588940999999,325.1856512044008,1,0.0,0
88655285a9fffff,3,ACEH,1,5.27441104,96.06662089000001,548.885822262952,3,0.0,0
88655285b1fffff,3,ACEH,1,5.275990266666667,96.04295984,567.3013391522737,3,0.0,0
88655285b7fffff,3,ACEH,1,5.28499038,96.03637079333333,489.47218295411625,3,0.0,0
886553c9c9fffff,3,ACEH,1,5.506649346666667,95.39397998,589.9241051889583,3,0.0,0
886553c9d7fffff,3,ACEH,1,5.5140236300000005,95.36394335333334,98.94527632428226,3,0.0,0
886553c9e3fffff,3,ACEH,1,5.537051333333333,95.38667326333332,329.9666952388891,0,0.0,0
886553c9e9fffff,3,ACEH,1,5.52992964,95.40009125666666,383.8766736258051,1,0.0,0
886553ca25fffff,3,ACEH,1,5.447853293333334,95.43771887999999,466.88188019058737,3,0.0,0
886553ca67fffff,3,ACEH,1,5.43004224,95.44715547,208.59810130064142,3,0.0,0
886553cd39fffff,3,ACEH,1,5.490689343333333,95.2604452,448.8151515546297,1,0.0,0
886553c831fffff,3,ACEH,1,5.491170576666666,95.38553585333334,480.50681920824275,2,0.0,0
888db5134bfffff,3,BALI,1,-8.1072,115.08719726666668,286.92814726209554,1,0.0,0
888db58987fffff,3,BALI,1,-8.12580588,115.09759993333334,336.0300703694335,2,0.0,0
88940490e7fffff,3,NUSA TENGGARA TIMUR,1,-10.168816896666668,123.58080923333334,320.0520532964548,2,0.0,0
889421863dfffff,3,NUSA TENGGARA TIMUR,1,-8.216003899999999,124.51318366666665,310.2559547352429,2,0.0,0
88650995b3fffff,3,ACEH,1,3.4939788000000003,97.80852113666667,479.4016945127822,0,0.0,0
88650995b5fffff,3,ACEH,1,3.502748953333333,97.82392995,321.67293587268614,0,0.0,0
88650995b7fffff,3,ACEH,1,3.5041013700000003,97.81538535,489.84019952026074,1,0.0,0
88650995bdfffff,3,ACEH,1,3.4943690833333334,97.82468213,257.3548119268739,2,0.0,0
88650995cbfffff,3,ACEH,1,3.456995773333334,97.84691484,412.04492022981344,3,0.0,0
88942e9a6bfffff,3,NUSA TENGGARA TIMUR,1,-9.106437786666667,124.89510245000001,302.7298413636608,2,0.0,0
8895008109fffff,3,SULAWESI SELATAN,1,-5.127231883333333,119.41563073333333,405.50989416507184,2,0.0,0
886553c84bfffff,3,ACEH,1,5.449293143333333,95.41258782666667,535.7475972921742,1,0.0,0
886553c851fffff,3,ACEH,1,5.4500063800000005,95.39426644999999,487.09910473415965,2,0.0,0
886553c885fffff,3,ACEH,1,5.486392403333333,95.34246538333333,437.61301898196507,3,0.0,0
886553c8a1fffff,3,ACEH,1,5.503009656666666,95.34430603,506.95686438797475,3,0.0,0
886552aa1dfffff,3,ACEH,1,5.374291240000001,95.86014030000001,494.1842552131848,1,0.0,0
886552aa51fffff,3,ACEH,1,5.360022143333334,95.86883083,285.5731505317468,3,0.0,0
8865535239fffff,3,ACEH,1,5.54566551,95.29643112666668,565.3564895334638,3,0.0,0
8865535255fffff,3,ACEH,2,5.519699963333333,95.30884748333334,534.8436137495692,1,0.0,0
886553525dfffff,3,ACEH,1,5.511743993333333,95.31335926666667,429.5403740246476,3,0.0,0
8865535263fffff,3,ACEH,1,5.54224619,95.32532478,320.28758817227373,2,0.0,0
886553526bfffff,3,ACEH,1,5.533222706666667,95.32761431333331,344.9087436942212,1,0.0,0
8865535355fffff,3,ACEH,1,5.5729269,95.34511121666667,645.1762855745915,1,0.0,0
886553c80dfffff,3,ACEH,1,5.471008696666668,95.41202391000002,397.79826318089596,2,0.0,0
886553c813fffff,3,ACEH,1,5.468353453333333,95.36797850666666,412.41298991152934,0,0.0,0
886553c817fffff,3,ACEH,1,5.4736817900000005,95.37309931666665,404.6990261562509,2,0.0,0
886553c821fffff,3,ACEH,1,5.497475250000001,95.40745642333333,349.22733540946666,3,0.0,0
8865529191fffff,3,ACEH,1,5.17730682,96.31564719333333,431.4193880160732,2,0.0,0
88655291a7fffff,3,ACEH,1,5.216205826666666,96.34443999,457.48809729310534,2,0.0,0
88655291bbfffff,3,ACEH,1,5.193823376666667,96.31754879333334,558.413700843821,1,0.0,0
886553c82bfffff,3,ACEH,1,5.489437593333332,95.40129241333334,456.60875300089845,3,0.0,0
886552b805fffff,3,ACEH,1,5.33003229,95.97333521333333,421.12149950082113,2,0.0,0
886552b807fffff,3,ACEH,1,5.328771150000001,95.96067352,434.7834357375625,2,0.0,0
886552bb01fffff,3,ACEH,1,5.3177937066666665,96.02905932,487.33206391270096,1,0.0,0
886552bb05fffff,3,ACEH,1,5.324564036666667,96.03392361333333,348.6384466382469,3,0.0,0
886552bb15fffff,3,ACEH,1,5.317260493333333,96.01203742,352.48869668776615,3,0.0,0
886552bb19fffff,3,ACEH,1,5.30196248,96.01152058000001,488.2266018739864,2,0.0,0
886552bb37fffff,3,ACEH,1,5.342235939999999,96.00861592,463.65940607178806,3,0.0,0
886552bb53fffff,3,ACEH,1,5.29557219,96.01516778666667,382.63573313702375,1,0.0,0
8865535201fffff,3,ACEH,1,5.534840536666667,95.30878339333333,449.0818364125033,0,0.0,0
8865535223fffff,3,ACEH,1,5.559048799999999,95.30874037000001,465.6542702315908,3,0.0,0
886553522dfffff,3,ACEH,1,5.55858752,95.32589703999999,517.8045625905905,2,815045.0,1
88655291ebfffff,3,ACEH,1,5.18252112,96.35888442,527.5989599854656,3,0.0,0
8865529adbfffff,3,ACEH,1,5.205101846666667,96.36426177999999,373.94229485133616,3,0.0,0
886552a125fffff,3,ACEH,1,5.362207003333334,95.84949022,404.678745676547,3,0.0,0
886552a127fffff,3,ACEH,1,5.3637843,95.84149218333334,545.8640624536988,3,0.0,0
886552aa19fffff,3,ACEH,1,5.366997130000001,95.85525513333334,428.332621756706,1,0.0,0
886552b957fffff,3,ACEH,1,5.356949196666666,95.99414891666667,305.3763657632767,1,0.0,0
886552b8cdfffff,3,ACEH,1,5.30986293,95.92932129333333,347.09262860181207,3,0.0,0
8865094a87fffff,3,ACEH,1,4.4628281266666665,97.97279561,523.9902372913986,3,73623000.0,1
889cd8034dfffff,3,PAPUA SELATAN,1,-6.562064033333333,139.287795,0.21837095589524527,0,0.0,0
889cdb8aa3fffff,3,PAPUA SELATAN,1,-5.925836666666666,138.63472333333334,183.59732265418728,0,0.0,0
886552b84dfffff,3,ACEH,1,5.302775356666667,95.99197020999999,394.5461680031836,1,0.0,0
886552b851fffff,3,ACEH,1,5.297644640000001,95.95956437333332,412.5161514646141,3,0.0,0
886552b863fffff,3,ACEH,1,5.326689556666667,95.98129504,31.382184445609052,3,0.0,0
886552b865fffff,3,ACEH,1,5.336551256666667,95.99381484666667,628.326918066199,3,0.0,0
886552b86dfffff,3,ACEH,1,5.32707959,95.99836212999999,465.0356756147104,1,0.0,0
886552b8a3fffff,3,ACEH,1,5.349720323333333,95.90026984666667,394.15815528729246,2,0.0,0
886552b8adfffff,3,ACEH,1,5.3505437633333335,95.91733339,342.9870303812787,0,0.0,0
886552b8c1fffff,3,ACEH,1,5.309997096666667,95.92091498666666,431.67361225567953,3,0.0,0
886552b98dfffff,3,ACEH,1,5.377219256666667,95.94898690000001,298.86994173045383,3,0.0,0
8895008115fffff,3,SULAWESI SELATAN,1,-5.13980262,119.43526426,316.88388072747443,1,0.0,0
8895008119fffff,3,SULAWESI SELATAN,1,-5.123516633333334,119.43860716666666,388.62350942659145,1,783265000.0,1
88952364b1fffff,3,SULAWESI SELATAN,1,-4.00489272,119.62411293666666,210.2648801560815,3,0.0,0
88952e15a3fffff,3,SULAWESI SELATAN,1,-3.3825412433333333,120.36932406333334,171.26778693301563,3,0.0,0
88952e82d7fffff,3,SULAWESI SELATAN,2,-2.99574938,120.19369325666668,350.22835253812127,3,0.0,0
88954195dbfffff,3,MALUKU,1,-3.697800673333333,128.17958563333335,458.81038671054904,0,0.0,0
8895724815fffff,3,SULAWESI TENGGARA,1,-5.346834673333333,123.54055166666667,163.28234763468194,2,0.0,0
8865098743fffff,3,ACEH,1,3.52048633,97.81647853333334,410.51131645238974,0,0.0,0
889576c329fffff,3,SULAWESI TENGGARA,1,-3.925848,122.64855933333332,129.70268035890547,3,0.0,0
886509875dfffff,3,ACEH,1,3.513395056666667,97.80954622333333,520.751420907994,0,0.0,0
8865092343fffff,3,ACEH,1,3.9943432866666666,97.34174149333334,367.9603361893888,3,0.0,0
886552b811fffff,3,ACEH,1,5.316528993333333,95.94201664,621.243126730802,3,0.0,0
886552b819fffff,3,ACEH,1,5.308446233333334,95.94687907000001,247.09827638681017,3,0.0,0
886552b823fffff,3,ACEH,1,5.345638466666666,95.96506101666667,511.40358804504484,2,0.0,0
886552b825fffff,3,ACEH,1,5.352955966666667,95.97907438,545.8970083775458,3,0.0,0
886552b835fffff,3,ACEH,1,5.347842063333334,95.95484989666666,496.50853869198096,0,0.0,0
886552b839fffff,3,ACEH,1,5.330038143333334,95.95325129999999,359.54186345584674,2,0.0,0
886552b841fffff,3,ACEH,1,5.3052850466666674,95.98388811,405.6297423527579,3,0.0,0
889576721dfffff,2,SULAWESI TENGGARA,1,-4.211969,123.1623825,487.42037820971353,1,0.0,0
8865082593fffff,2,ACEH,1,4.3194464,98.18880869,673.4385403831654,2,0.0,0
8865092341fffff,2,ACEH,1,3.993339875,97.350370115,595.7782506827316,2,0.0,0
8865094a41fffff,2,ACEH,1,4.4365081,98.0579561,455.6940954114802,2,0.0,0
8865094aabfffff,2,ACEH,1,4.471003475,97.97624286499999,315.35449746994027,2,0.0,0
8865094ab5fffff,2,ACEH,1,4.477513355,97.96478231,561.0159091795251,2,0.0,0
8865094abbfffff,2,ACEH,1,4.466601375,97.95563833,561.5211366404676,2,23600000.0,1
8865094abdfffff,2,ACEH,1,4.4721946500000005,97.97067519000001,209.17608358872712,2,0.0,0
8865094ac1fffff,2,ACEH,1,4.43820692,97.99459468500001,631.5585062892147,2,0.0,0
8865095183fffff,2,ACEH,1,4.28331557,98.050506175,391.40487183397056,2,0.0,0
8865095887fffff,2,ACEH,1,4.403979855,98.064939895,540.6269638095173,2,0.0,0
88650958b5fffff,2,ACEH,1,4.418520365,98.05856134999999,926.2345714210546,1,0.0,0
88650958bbfffff,2,ACEH,1,4.40009919,98.047880595,514.9963408801094,0,0.0,0
889cde5825fffff,2,PAPUA BARAT,2,-5.95961345,140.813846695,0.0011059396075102726,1,0.0,0
8865098769fffff,2,ACEH,1,3.532249075,97.83271063000001,541.646271261384,0,0.0,0
8865098751fffff,2,ACEH,1,3.5147837500000003,97.80176218,319.693598274957,0,0.0,0
886509874bfffff,2,ACEH,1,3.5105904150000002,97.82052089000001,500.72652643223364,0,0.0,0
8865098719fffff,2,ACEH,1,3.521850085,97.78710146,676.3826555760376,2,0.0,0
8865098709fffff,2,ACEH,1,3.526694585,97.80986793,404.6335916175984,0,0.0,0
886509866dfffff,2,ACEH,1,3.487988215,97.80219076,489.0600075209155,0,0.0,0
8865098667fffff,2,ACEH,1,3.497192845,97.79338509,527.574804815491,1,0.0,0
88650985e9fffff,2,ACEH,1,3.59337231,97.742992705,440.80360571548874,2,0.0,0
886509846bfffff,2,ACEH,1,3.5389401549999997,97.764693525,547.6823198508883,2,0.0,0
8865098469fffff,2,ACEH,1,3.53936972,97.771966855,482.4993704752386,2,0.0,0
8865098467fffff,2,ACEH,1,3.556613855,97.765301155,454.3368320985559,1,0.0,0
8895a53a95fffff,2,NUSA TENGGARA BARAT,1,-8.7430318,116.85250199999999,142.7548008465712,2,0.0,0
88957618edfffff,2,SULAWESI TENGGARA,1,-4.037007474999999,122.99909009999999,603.7901951474676,2,0.0,0
88957618cdfffff,2,SULAWESI TENGGARA,1,-4.0161698050000005,123.0079607,247.87022712638296,2,0.0,0
8895760e43fffff,2,SULAWESI TENGGARA,1,-4.05372153,123.19707645,867.2553321178026,0,0.0,0
8895724ae7fffff,2,SULAWESI TENGGARA,1,-5.309752855,123.54113195,725.4480458667522,2,0.0,0
886552b815fffff,2,ACEH,1,5.3246883149999995,95.95092016000001,416.5899572227822,2,0.0,0
886552b953fffff,2,ACEH,1,5.350554365000001,95.987338925,502.2091966144395,1,0.0,0
886552b8e3fffff,2,ACEH,1,5.3327206149999995,95.91892472,587.6613172872235,2,0.0,0
886552b8e1fffff,2,ACEH,1,5.331556285,95.92829997999999,519.1126462557579,2,0.0,0
886552b8cbfffff,2,ACEH,1,5.299738395,95.91338568,436.66689340523396,2,0.0,0
886552b8c3fffff,2,ACEH,1,5.3113649899999995,95.911803795,743.8662357316589,2,0.0,0
886552b8bdfffff,2,ACEH,1,5.34419155,95.89384627999999,456.70500516709933,1,0.0,0
886552b8b9fffff,2,ACEH,1,5.335965535,95.89129500499999,623.668427736182,1,0.0,0
886552b8b5fffff,2,ACEH,1,5.351686875,95.89429745,446.4842754804763,1,0.0,0
886552b8abfffff,2,ACEH,1,5.3421135,95.901700945,443.88293410982965,0,0.0,0
886552b8a9fffff,2,ACEH,1,5.338171545,95.91483362,534.7396341598738,1,0.0,0
886552b8a7fffff,2,ACEH,1,5.35686183,95.90447387,413.71589600379383,0,0.0,0
886552b8a1fffff,2,ACEH,1,5.3491357399999995,95.90912564000001,648.7803490012643,0,0.0,0
886552b867fffff,2,ACEH,1,5.3366063,95.984433645,385.27309855722126,2,0.0,0
886552b861fffff,2,ACEH,1,5.326567219999999,95.987435205,377.9236600278697,2,0.0,0
886552b85dfffff,2,ACEH,1,5.3001297,95.96870483000001,544.6759855666896,2,0.0,0
886552b9cdfffff,2,ACEH,1,5.36120386,95.96304254500001,500.09397409059056,0,0.0,0
886552b9c9fffff,2,ACEH,1,5.354293305,95.95873584,463.7357541375457,0,0.0,0
886552b9c7fffff,2,ACEH,1,5.36883672,95.95059674000001,634.903489524537,2,0.0,0
886552b9c3fffff,2,ACEH,1,5.3604463550000006,95.947700175,404.5442221647596,0,0.0,0
886552b9b3fffff,2,ACEH,1,5.39627138,95.91255815,636.9444545671079,2,0.0,0
886552b99dfffff,2,ACEH,1,5.37086107,95.92623042,403.1546589687755,0,0.0,0
886552b995fffff,2,ACEH,1,5.3803289,95.921313465,596.4721684227592,2,0.0,0
886552b989fffff,2,ACEH,1,5.370905135,95.94230657,477.66658641065953,2,0.0,0
886552b985fffff,2,ACEH,1,5.387771730000001,95.94574768999999,650.8070354282036,1,0.0,0
886552b843fffff,2,ACEH,1,5.307841355,95.97643673,601.215982443193,2,0.0,0
886552b83dfffff,2,ACEH,1,5.338264255,95.958482955,593.2957001601546,0,0.0,0
886552b83bfffff,2,ACEH,1,5.330948875,95.944578055,489.063610433166,2,0.0,0
886552b831fffff,2,ACEH,1,5.336309755,95.94956762000001,294.34818929468696,2,0.0,0
886552b829fffff,2,ACEH,1,5.338219675,95.97893097,490.0321983949543,2,0.0,0
886552b827fffff,2,ACEH,1,5.35398588,95.96944986,455.76847615383184,1,0.0,0
886552b81bfffff,2,ACEH,1,5.307300065,95.939992655,373.7502348185104,2,0.0,0
886552ba39fffff,2,ACEH,1,5.275888845,95.98251666,477.2731009988921,2,0.0,0
886552ba31fffff,2,ACEH,1,5.2823451949999995,95.97720341,458.3756388768413,2,0.0,0
886552ba2bfffff,2,ACEH,1,5.2830551450000005,95.99469499,445.8069462004768,2,0.0,0
886552ba29fffff,2,ACEH,1,5.28094873,96.003518165,461.1237099401742,2,0.0,0
886552ba23fffff,2,ACEH,1,5.289410415000001,95.99047584499999,553.892630417246,2,0.0,0
886552ba21fffff,2,ACEH,1,5.286951005000001,96.00083388,413.370415728195,2,0.0,0
886552ba13fffff,2,ACEH,1,5.26032414,95.962104495,673.7386913904512,2,0.0,0
886552ba0bfffff,2,ACEH,1,5.25795966,95.98736554999999,481.9830518799355,2,0.0,0
886552ba09fffff,2,ACEH,1,5.257025205,95.998896945,643.7976597453259,1,0.0,0
886552ba07fffff,2,ACEH,1,5.27317226,95.98934427,594.0229533927604,2,0.0,0
886552ba05fffff,2,ACEH,1,5.26992001,95.99971721,528.3064704392963,1,0.0,0
886552ba01fffff,2,ACEH,1,5.265722305,95.994937625,413.62279727356264,2,0.0,0
886552b9e9fffff,2,ACEH,1,5.3782232699999994,95.967012075,583.2184636429745,1,0.0,0
886552b9ddfffff,2,ACEH,1,5.3557942149999995,95.941373805,597.2316477543361,1,0.0,0
886552b9d9fffff,2,ACEH,1,5.346646574999999,95.93639886,626.6924375394758,2,0.0,0
886552b9d7fffff,2,ACEH,1,5.36441653,95.92723165000001,504.177010916192,1,0.0,0
886552bacbfffff,2,ACEH,1,5.2476005400000005,95.941044025,520.3288993144654,2,0.0,0
886552bac5fffff,2,ACEH,1,5.26028432,95.9494756,543.8532494134456,1,0.0,0
886552babbfffff,2,ACEH,1,5.277803905,95.90744098,706.8116005924427,2,0.0,0
886552bab9fffff,2,ACEH,1,5.27795476,95.91668539,750.0233390287118,2,0.0,0
886552baa7fffff,2,ACEH,1,5.30215602,95.931729535,508.85663426670465,2,0.0,0
886552ba8dfffff,2,ACEH,1,5.268217979999999,95.94026207499999,673.9157601117042,0,0.0,0
886552ba81fffff,2,ACEH,1,5.268513825,95.93187115,529.1091907345162,2,0.0,0
886552ba6bfffff,2,ACEH,1,5.263613115,96.01240313,748.3466930735733,2,0.0,0
886552ba65fffff,2,ACEH,1,5.276965455,96.02176299999999,603.7963043776633,2,0.0,0
886552ba61fffff,2,ACEH,1,5.272702725,96.018350905,593.2908056489352,2,0.0,0
886552ba5dfffff,2,ACEH,1,5.24050588,95.99874703,573.5123898935161,2,0.0,0
886552ba5bfffff,2,ACEH,1,5.231062845,95.981840605,576.2689387969785,2,0.0,0
886552ba55fffff,2,ACEH,1,5.248160485,95.99332868,570.7224339878998,2,0.0,0
886552ba53fffff,2,ACEH,1,5.242881000000001,95.98132,341.29810263394086,2,0.0,0
886552ba51fffff,2,ACEH,1,5.2429090249999994,95.98881722499999,503.53264468283254,2,0.0,0
886552ba3bfffff,2,ACEH,1,5.273010514999999,95.97212475500001,587.3095916033526,1,0.0,0
886552b801fffff,2,ACEH,1,5.32243218,95.96724023,454.60783495256084,2,0.0,0
886552b1bdfffff,2,ACEH,1,5.233366504999999,95.8856068,570.7861861100178,1,0.0,0
886552b137fffff,2,ACEH,1,5.23900948,95.938433835,641.4809754795385,1,0.0,0
886552b131fffff,2,ACEH,1,5.22846278,95.93996453,631.692395101763,0,0.0,0
886552b12dfffff,2,ACEH,1,5.2339787,95.970451755,693.9862045678992,2,0.0,0
886552ab5bfffff,2,ACEH,1,5.40460808,95.89920749500001,578.4636180236816,2,0.0,0
886552ab59fffff,2,ACEH,1,5.404210995,95.90753291,334.2819107988282,2,0.0,0
886552ab51fffff,2,ACEH,1,5.413382609999999,95.905121385,530.0419352489307,2,0.0,0
886552ab4bfffff,2,ACEH,1,5.41105847,95.922652075,972.6687994896356,2,0.0,0
886552ab19fffff,2,ACEH,1,5.41896283,95.89311466000001,561.2091565266891,2,0.0,0
886552baedfffff,2,ACEH,1,5.27351644,95.962925625,680.5900788620761,0,0.0,0
886552bae9fffff,2,ACEH,1,5.2652862,95.95659291000001,560.947434919339,0,0.0,0
886552bae1fffff,2,ACEH,1,5.27604565,95.95368494499999,735.6140596356914,1,0.0,0
886552badbfffff,2,ACEH,1,5.23884389,95.92098613,738.4161724272615,2,0.0,0
886552bad9fffff,2,ACEH,1,5.237055785,95.930875395,397.3365166472586,2,0.0,0
886552bacdfffff,2,ACEH,1,5.251882545,95.95311269,350.836160642402,2,0.0,0
886553520dfffff,2,ACEH,1,5.536376049999999,95.31567268,567.9284329440583,0,0.0,0
8865535205fffff,2,ACEH,1,5.5446507149999995,95.315201205,564.1708463159962,1,0.0,0
886552bb57fffff,2,ACEH,1,5.303998325,96.019710345,466.26952802165897,1,0.0,0
886552bb51fffff,2,ACEH,1,5.29420685,96.025011535,614.431467799817,1,0.0,0
886552bb39fffff,2,ACEH,1,5.3232099250000005,96.01850761,488.6149952833506,2,0.0,0
886552bb33fffff,2,ACEH,1,5.33351406,96.004107,477.08427399891195,2,0.0,0
886552bb31fffff,2,ACEH,1,5.332368615,96.011953885,608.4547839011323,1,0.0,0
886552bb1dfffff,2,ACEH,1,5.310802705,96.014085595,443.62696906211517,2,0.0,0
886552bb1bfffff,2,ACEH,1,5.3048553599999995,96.004123685,398.9664456907391,2,0.0,0
886552bb13fffff,2,ACEH,1,5.313154295,95.99999308,456.31462909085474,2,0.0,0
886552bb11fffff,2,ACEH,1,5.30983611,96.00750601,374.48884307217156,2,0.0,0
886552bb07fffff,2,ACEH,1,5.325572879999999,96.02746712,499.81251008202594,1,0.0,0
886552bb03fffff,2,ACEH,1,5.31618269,96.02240986999999,428.2565612180189,2,0.0,0
886552b80dfffff,2,ACEH,1,5.320584625,95.973684015,399.56195895836396,2,0.0,0
886552b80bfffff,2,ACEH,1,5.314371765000001,95.959438225,484.7508307741774,2,0.0,0
886552b803fffff,2,ACEH,1,5.322330389999999,95.95860108,466.856990987916,2,0.0,0
886552aa1bfffff,2,ACEH,1,5.370547895,95.847661825,453.3507790647189,2,0.0,0
886552a5ebfffff,2,ACEH,1,5.29217991,95.630101025,271.0084095414898,2,0.0,0
886552a12dfffff,2,ACEH,1,5.35247864,95.85619409,528.8225345741711,2,0.0,0
8865529ad9fffff,2,ACEH,1,5.204864925,96.37455396499999,747.8108640350981,2,0.0,0
8865529ad3fffff,2,ACEH,1,5.21295777,96.361943595,511.54581317893025,2,0.0,0
88655291e7fffff,2,ACEH,1,5.198350254999999,96.35930511,369.504378887966,2,0.0,0
8865535235fffff,2,ACEH,1,5.56192065,95.298860035,493.91225532870595,2,0.0,0
8865535233fffff,2,ACEH,1,5.5515498,95.284298385,614.0385014443855,0,0.0,0
8865535231fffff,2,ACEH,1,5.5538151,95.292167135,431.7107668986352,1,0.0,0
8865535229fffff,2,ACEH,1,5.55023264,95.31948528000001,574.6033239415628,0,0.0,0
8865535221fffff,2,ACEH,1,5.557996605,95.31703743,408.82573931878323,1,0.0,0
886553521dfffff,2,ACEH,1,5.531211,95.29580339,525.0786305619574,2,0.0,0
886553521bfffff,2,ACEH,1,5.52277535,95.28055528499999,681.6076756813627,2,0.0,0
8865535217fffff,2,ACEH,1,5.5395667,95.284423505,495.42349055866947,2,0.0,0
8865535215fffff,2,ACEH,1,5.535762805,95.291169345,537.6194610883865,2,0.0,0
8865535213fffff,2,ACEH,1,5.530307025,95.280957615,303.85149082647587,2,0.0,0
88655352e3fffff,2,ACEH,1,5.544259865,95.25850546000001,590.1281151106849,2,0.0,0
88655352e1fffff,2,ACEH,1,5.54392535,95.26808084,510.2871283050572,2,0.0,0
88655352d9fffff,2,ACEH,1,5.5073804200000005,95.24225422,502.4839481380455,2,0.0,0
88655352cdfffff,2,ACEH,1,5.52262462,95.27121819999999,619.8026882320712,2,0.0,0
8865535269fffff,2,ACEH,1,5.532497129999999,95.33812392,575.2742991575977,2,0.0,0
8865535267fffff,2,ACEH,1,5.548680640000001,95.32872074,417.771488758121,1,0.0,0
8865535265fffff,2,ACEH,1,5.5487624449999995,95.33552172,478.99345835170914,2,0.0,0
8865535261fffff,2,ACEH,1,5.542814205,95.3346981,550.1861403718433,2,0.0,0
8865535257fffff,2,ACEH,2,5.522077965,95.299323945,471.2357257023704,2,0.0,0
886553524bfffff,2,ACEH,1,5.5104126749999995,95.321988405,510.16931034149457,2,0.0,0
8865535241fffff,2,ACEH,1,5.516274695,95.32705720999999,389.97697508575885,2,0.0,0
886553523dfffff,2,ACEH,1,5.553654735,95.30158286,554.2142972640968,2,0.0,0
8865535237fffff,2,ACEH,1,5.560603915,95.29027693500001,363.86246322380885,2,0.0,0
886552aa61fffff,2,ACEH,1,5.38856427,95.89847947,687.7964223075666,2,0.0,0
886552aa53fffff,2,ACEH,1,5.35862899,95.858271025,406.64380003267195,2,0.0,0
886552aa45fffff,2,ACEH,1,5.37389059,95.898954995,735.4947938871911,2,0.0,0
88655291adfffff,2,ACEH,1,5.206848835000001,96.35733607,348.8267040717017,2,0.0,0
88655291abfffff,2,ACEH,1,5.19745962,96.34409006,368.84959828846456,2,0.0,0
88655291a3fffff,2,ACEH,1,5.20696625,96.338722805,477.1214425426548,2,0.0,0
8865529199fffff,2,ACEH,1,5.1720076200000005,96.322260435,479.7645705496185,2,0.0,0
8865529195fffff,2,ACEH,1,5.183619535,96.324152865,392.5811096941993,0,0.0,0
8865529193fffff,2,ACEH,1,5.178089105,96.30651236,929.0922456612054,0,0.0,0
886552918dfffff,2,ACEH,1,5.18291785,96.34851498,526.1998572476493,2,0.0,0
886552918bfffff,2,ACEH,2,5.174638665,96.33461313000001,675.7484530597252,2,0.0,0
886553c81dfffff,2,ACEH,1,5.466279385,95.38718546000001,601.1507665068942,0,0.0,0
886553c815fffff,2,ACEH,1,5.4730188349999995,95.38338788499999,536.775952330465,0,0.0,0
886553c809fffff,2,ACEH,1,5.467721245,95.403959905,341.33902487674095,2,0.0,0
886553c807fffff,2,ACEH,1,5.482073789999999,95.397728555,547.9545186629956,2,0.0,0
886553535dfffff,2,ACEH,1,5.5636435849999994,95.34877288000001,612.9101963563423,1,0.0,0
886553531bfffff,2,ACEH,1,5.573411289999999,95.31542727,673.5384225408026,2,0.0,0
88655352edfffff,2,ACEH,1,5.54481002,95.277075955,508.0159254755457,2,0.0,0
88655352e9fffff,2,ACEH,1,5.536069250000001,95.27297363,645.7864073412513,2,0.0,0
886553c853fffff,2,ACEH,1,5.449398329999999,95.38542197999999,532.3785802777318,1,0.0,0
886553c84dfffff,2,ACEH,1,5.45654676,95.42852704,462.25408724652607,2,0.0,0
886553c847fffff,2,ACEH,1,5.46463453,95.414455355,482.36896767660124,2,0.0,0
886553c845fffff,2,ACEH,1,5.463823335000001,95.424112125,430.20261352482436,2,0.0,0
886553c841fffff,2,ACEH,1,5.458663700000001,95.41922417,478.57070900040696,2,0.0,0
886553c83dfffff,2,ACEH,1,5.488974855,95.39347051,425.12873521271865,2,0.0,0
886553c83bfffff,2,ACEH,1,5.481522330000001,95.378755755,530.5675947270868,1,0.0,0
886553c837fffff,2,ACEH,1,5.49966327,95.380216605,595.0255449119925,0,0.0,0
886553c835fffff,2,ACEH,1,5.49677043,95.39121013,454.7415174268584,0,0.0,0
886553c82dfffff,2,ACEH,1,5.495614829999999,95.417558395,586.8747536007552,1,0.0,0
886553c827fffff,2,ACEH,1,5.503586135,95.405284135,499.34237834777116,1,0.0,0
886553c823fffff,2,ACEH,1,5.497431499999999,95.397086,382.02282356446915,2,0.0,0
88655291c3fffff,2,ACEH,1,5.16759435,96.34868890000001,892.8171972377437,2,0.0,0
88655291bdfffff,2,ACEH,1,5.200138245,96.333500005,501.06785127541866,0,0.0,0
88655291b7fffff,2,ACEH,1,5.209170565000001,96.319562065,685.041544129331,2,0.0,0
88655291b1fffff,2,ACEH,1,5.1998460600000005,96.323626,568.7351888828359,1,0.0,0
886553c98bfffff,2,ACEH,1,5.52064531,95.36888587499999,267.090606070888,2,0.0,0
886553c989fffff,2,ACEH,1,5.525391235,95.376792925,537.4441349736672,2,0.0,0
886553c987fffff,2,ACEH,1,5.536995360000001,95.36827782,397.1767135291318,2,0.0,0
886553c8edfffff,2,ACEH,1,5.484489065,95.37023948000001,577.7332561636902,0,0.0,0
886553c8e5fffff,2,ACEH,1,5.494107035,95.367364905,600.7308228276628,2,0.0,0
886553c8e3fffff,2,ACEH,1,5.48699392,95.35229931500001,601.6848453289538,2,0.0,0
886553c8c7fffff,2,ACEH,1,5.470040805,95.35186529500001,567.9703798629912,2,0.0,0
886553c8bdfffff,2,ACEH,1,5.49288149,95.32983547500001,515.6756087783281,2,0.0,0
886553c8b5fffff,2,ACEH,1,5.50215048,95.32503337,519.6964395319588,2,0.0,0
886553c8abfffff,2,ACEH,1,5.494698339999999,95.338183455,563.3540558244362,2,0.0,0
886553c8a7fffff,2,ACEH,1,5.50846273,95.338229375,492.9316545816386,2,0.0,0
886553c899fffff,2,ACEH,1,5.46317166,95.320378155,503.47134774269887,2,0.0,0
886553c88dfffff,2,ACEH,1,5.477044435,95.346122905,460.44063806356917,2,0.0,0
886553c887fffff,2,ACEH,1,5.48536697,95.332659045,484.1862146855468,2,0.0,0
886553c869fffff,2,ACEH,1,5.472998605,95.427289895,700.0682846267016,2,0.0,0
886553c85bfffff,2,ACEH,1,5.443818815,95.389435755,437.1388661225935,2,0.0,0
8865529139fffff,2,ACEH,1,5.189397755,96.39011188,518.8859197721595,2,0.0,0
886552912bfffff,2,ACEH,1,5.19421382,96.40530625,401.09805141163747,2,0.0,0
8865529123fffff,2,ACEH,1,5.201582849999999,96.39924549,527.928625807663,2,0.0,0
8865529105fffff,2,ACEH,1,5.188705994999999,96.41070209,424.24439508315214,2,0.0,0
88655285e9fffff,2,ACEH,1,5.256476725,96.08295297999999,445.0872214934939,2,0.0,0
88655285d5fffff,2,ACEH,1,5.2446672450000005,96.05386428,446.95682546873974,2,0.0,0
88655285b9fffff,2,ACEH,2,5.26747533,96.044821465,327.1468206330964,2,0.0,0
88655285b3fffff,2,ACEH,1,5.2778662999999995,96.03267678,558.0948738632906,1,0.0,0
88655285abfffff,2,ACEH,1,5.27738821,96.057086625,494.6651858945879,2,0.0,0
886553c9b1fffff,2,ACEH,1,5.548964765,95.35502156000001,617.2188318495985,2,0.0,0
886553c9adfffff,2,ACEH,1,5.553287735,95.387771915,505.85805563507455,1,0.0,0
886553c9a7fffff,2,ACEH,1,5.561844425,95.374550355,516.0554476042753,2,0.0,0
886553c99dfffff,2,ACEH,1,5.52323701,95.35733984999999,464.7573328130794,2,0.0,0
886553c99bfffff,2,ACEH,1,5.5170278150000005,95.34789155499999,640.9063904704877,2,0.0,0
886553c995fffff,2,ACEH,1,5.53140241,95.35222963000001,292.3984655210087,2,0.0,0
886553c98dfffff,2,ACEH,1,5.53006538,95.38182299,363.3092602517543,2,0.0,0
886553caa5fffff,2,ACEH,1,5.45004975,95.37430855,438.7354133066386,2,0.0,0
886553ca61fffff,2,ACEH,1,5.42448649,95.453018735,544.2857346460454,1,0.0,0
886553ca29fffff,2,ACEH,1,5.43342821,95.439876675,542.2323312187458,2,0.0,0
886553ca27fffff,2,ACEH,1,5.4482533449999995,95.43013969,460.28956581907096,2,0.0,0
886553c9e1fffff,2,ACEH,1,5.53885972,95.39444678999999,569.9798431264263,1,0.0,0
886553c9d9fffff,2,ACEH,1,5.499687465,95.37412929999999,532.0664059988006,1,0.0,0
886553c9d3fffff,2,ACEH,1,5.5084707250000005,95.35879247,564.1944136371133,2,0.0,0
886553c9d1fffff,2,ACEH,1,5.50711893,95.36697612,515.8717876623325,1,0.0,0
886553c9cbfffff,2,ACEH,1,5.505461355,95.38542630500001,548.2556804815342,2,0.0,0
886553c9c7fffff,2,ACEH,1,5.52239169,95.38620683,671.3771563601331,2,0.0,0
886553c9c3fffff,2,ACEH,1,5.5134977,95.382388255,543.1500157657993,2,0.0,0
886553c9bdfffff,2,ACEH,1,5.547502545,95.36461454,477.1541452285761,2,0.0,0
886553c9b7fffff,2,ACEH,1,5.555129645,95.352814325,592.5167191929595,2,0.0,0
886553c9b5fffff,2,ACEH,1,5.5552734,95.3633945,471.93952550738493,2,0.0,0
8865529183fffff,2,ACEH,1,5.185582585,96.329228375,302.73404852800985,0,0.0,0
8865529181fffff,2,ACEH,1,5.1837751,96.339450175,690.4515257915433,2,0.0,0
886553db07fffff,2,ACEH,1,5.35964136,95.58105406,485.4700777389053,2,0.0,0
886553d997fffff,2,ACEH,1,5.414278125,95.46941477,212.0906880830637,2,0.0,0
886553d995fffff,2,ACEH,1,5.41533457,95.476149465,398.99475846509597,2,0.0,0
886553d993fffff,2,ACEH,1,5.4087626150000006,95.462630615,426.4415901617084,2,0.0,0
886553d98dfffff,2,ACEH,1,5.407748915,95.50021736,420.27008584599804,2,0.0,0
886553d951fffff,2,ACEH,1,5.38458313,95.549839315,619.842441152164,0,0.0,0
886553d867fffff,2,ACEH,1,5.368233555,95.53766084,658.8574167700286,1,0.0,0
886553d825fffff,2,ACEH,1,5.38604769,95.53022383999999,735.3228447312497,2,0.0,0
886553d65dfffff,2,ACEH,1,5.070631535,95.344234105,580.9222372076591,1,0.0,0
886553d655fffff,2,ACEH,1,5.075951585,95.33958355,606.3736790009299,1,0.0,0
886553d645fffff,2,ACEH,1,5.083975985,95.36262263,398.9054578733254,2,0.0,0
886553d619fffff,2,ACEH,1,5.078685835,95.32158905,464.7496077631519,2,0.0,0
886553cde5fffff,2,ACEH,1,5.4997007700000005,95.23827323500001,627.1103709213403,2,0.0,0
886553cd13fffff,2,ACEH,1,5.480234825,95.240902165,530.7500458030221,2,0.0,0
886553caadfffff,2,ACEH,1,5.4442463199999995,95.382321705,471.55833350063267,2,0.0,0
886553caa7fffff,2,ACEH,1,5.4548234,95.3676203,285.0711186356315,2,0.0,0
8865528593fffff,2,ACEH,1,5.2534976449999995,96.02453505,672.8141183858827,0,0.0,0
8865528591fffff,2,ACEH,1,5.256143965,96.035467825,477.2822379096183,2,0.0,0
886552858dfffff,2,ACEH,1,5.262225405000001,96.06519976499999,541.1920736698585,2,0.0,0
886552858bfffff,2,ACEH,2,5.25277616,96.05044004999999,424.0672354806255,2,0.0,0
8865528589fffff,2,ACEH,1,5.25216877,96.06418754,522.3015412804085,2,0.0,0
886552852dfffff,2,ACEH,1,5.27607432,96.13593353499999,748.1777542972443,2,0.0,0
8865528355fffff,2,ACEH,1,5.226180235,96.31305449999999,424.5209009597654,1,0.0,0
8865528351fffff,2,ACEH,1,5.21880863,96.304802515,841.091913541261,2,0.0,0
8865528343fffff,2,ACEH,1,5.22568004,96.320675345,606.3660274231952,1,0.0,0
8865528341fffff,2,ACEH,1,5.22525303,96.32720447,434.104196117097,1,0.0,0
886552831dfffff,2,ACEH,1,5.23384298,96.295965165,750.7389148670304,1,0.0,0
8865541b69fffff,2,ACEH,1,3.7209993199999998,96.826256855,329.1823073448422,2,0.0,0
8865541b65fffff,2,ACEH,1,3.7376307,96.83070149,489.86244533429317,1,0.0,0
8865541b63fffff,2,ACEH,1,3.729020395,96.81779239,406.9301795524781,1,0.0,0
8865541b61fffff,2,ACEH,1,3.72941256,96.82556088000001,502.609830997878,2,0.0,0
886553db3dfffff,2,ACEH,1,5.366445165,95.57734902,669.8753251231171,2,0.0,0
886554c705fffff,2,ACEH,1,3.610408035,96.926764925,575.7888364145978,2,0.0,0
886554c547fffff,2,ACEH,1,3.65038856,96.90491078,780.4897174850474,2,0.0,0
886554c2dbfffff,2,ACEH,1,3.567069085,96.97364564,772.9882985157303,2,0.0,0
886554c2d1fffff,2,ACEH,1,3.5771613650000003,96.9787059,632.4397466652058,2,0.0,0
8865546f33fffff,2,ACEH,1,4.215154515,96.30307953,488.45787221155496,2,0.0,0
8865546f31fffff,2,ACEH,1,4.21479597,96.310463065,525.3941168572942,2,0.0,0
8865546d47fffff,2,ACEH,1,4.24414719,96.31089385,574.2346920771109,2,0.0,0
8865546c65fffff,2,ACEH,1,4.21220951,96.29328959,568.4491059058507,2,0.0,0
88655468d7fffff,2,ACEH,1,4.2317380149999995,96.35407259499999,770.6582027153572,1,0.0,0
88655468b9fffff,2,ACEH,1,4.25360286,96.35174629,386.39563652988085,1,0.0,0
88655468b5fffff,2,ACEH,1,4.271400460000001,96.35297993500001,658.004255729959,2,0.0,0
88655468a5fffff,2,ACEH,1,4.275542685,96.37761652,584.547527631246,2,0.0,0
8865546893fffff,2,ACEH,1,4.241928645,96.333520835,687.2825894941907,2,0.0,0
8865546885fffff,2,ACEH,1,4.257900235,96.368565875,680.3573978187677,1,0.0,0
8865541b6dfffff,2,ACEH,1,3.728870545,96.83371345,482.77977753467457,0,0.0,0
8865528595fffff,2,ACEH,1,5.263520105,96.03830249,387.64189327982183,1,0.0,0
8865560447fffff,2,ACEH,1,4.762399065,96.74032722999999,459.6783664783208,0,0.0,0
886556040bfffff,2,ACEH,1,4.76170109,96.721682055,762.0731338599851,0,0.0,0
8865560269fffff,2,ACEH,1,4.755621595,96.941431435,578.1169286248098,1,0.0,0
8865560263fffff,2,ACEH,1,4.76275648,96.930204545,927.6320689523543,0,0.0,0
8865560253fffff,2,ACEH,1,4.736971445,96.89801755,466.4866526942226,0,0.0,0
8865560209fffff,2,ACEH,1,4.7498252149999995,96.91967292000001,692.4056098518183,0,0.0,0
886554d741fffff,2,ACEH,1,3.469512515,97.05433352,635.2602646744772,0,0.0,0
886554d721fffff,2,ACEH,1,3.50829693,97.04725999,507.2495901583336,2,0.0,0
886554d549fffff,2,ACEH,1,3.516173465,97.03375728,499.0858119285517,2,0.0,0
886554d539fffff,2,ACEH,1,3.550795665,96.996501645,482.58057016648036,1,0.0,0
886554d533fffff,2,ACEH,1,3.560060635,96.9835879,394.58557477981765,2,0.0,0
886554ccd9fffff,2,ACEH,1,3.74180171,96.83705357,421.2187803789425,1,0.0,0
886554cc97fffff,2,ACEH,1,3.777375215,96.81434628,336.13803491330697,2,0.0,0
886554c769fffff,2,ACEH,1,3.601878405,96.945561255,659.9080837476575,2,0.0,0
886554c767fffff,2,ACEH,1,3.61707411,96.938951955,398.5319286144944,2,0.0,0
886554c74dfffff,2,ACEH,2,3.584457265,96.946352695,657.0587611235853,2,0.0,0
8865561527fffff,2,ACEH,1,4.73295806,96.87964453000001,547.3890743329282,2,0.0,0
8865561515fffff,2,ACEH,1,4.70347419,96.85952923,460.8475664158353,2,0.0,0
88655614b7fffff,2,ACEH,1,4.679948345,96.75785049999999,144.6731428583444,2,0.0,0
8865561487fffff,2,ACEH,1,4.66431062,96.77636027,744.3283700408824,0,0.0,0
8865561455fffff,2,ACEH,1,4.634114535,96.84199665,553.215154817161,1,0.0,0
8865561451fffff,2,ACEH,1,4.628555475,96.837662975,597.3888432461185,1,0.0,0
886556144bfffff,2,ACEH,1,4.628142155,96.85459684,604.951096565904,1,0.0,0
8865561443fffff,2,ACEH,1,4.63659758,96.851128145,304.4162754736657,1,0.0,0
886556141dfffff,2,ACEH,1,4.64403934,96.83011203000001,417.14164357207903,1,0.0,0
886556141bfffff,2,ACEH,1,4.634255575,96.815776475,589.3337662091049,2,0.0,0
8865561407fffff,2,ACEH,1,4.66022889,96.84008886999999,732.5406991872773,2,0.0,0
886556075dfffff,2,ACEH,1,4.739280335,96.789809065,707.5044456703193,0,0.0,0
886556071dfffff,2,ACEH,1,4.75775294,96.77613743500001,471.95178033967284,0,0.0,0
8865560713fffff,2,ACEH,1,4.759645385,96.75636354,796.6927708510111,0,0.0,0
8865560669fffff,2,ACEH,1,4.70998817,96.78180354,381.26492272706446,1,0.0,0
886556062dfffff,2,ACEH,1,4.736083925000001,96.76621291500001,847.1524188156434,0,0.0,0
8865564207fffff,2,ACEH,1,5.130219485,97.16520288000001,480.4668242102264,0,0.0,0
8865564009fffff,2,ACEH,1,5.17123697,97.144201425,472.3393844057471,1,0.0,0
8865564007fffff,2,ACEH,1,5.1868770049999995,97.13730286,635.2999646335545,2,0.0,0
8865564005fffff,2,ACEH,1,5.187598725,97.1452781,535.5849912840366,2,0.0,0
8865564003fffff,2,ACEH,1,5.177752835,97.12870914499999,668.1297507800375,0,0.0,0
8865564001fffff,2,ACEH,1,5.177933355,97.14060111,566.475244369662,2,0.0,0
88655616cbfffff,2,ACEH,1,4.5712741,96.8176084,599.3355438463096,2,0.0,0
88655616c1fffff,2,ACEH,1,4.581697325,96.823368975,892.2773928353072,2,0.0,0
88655616abfffff,2,ACEH,1,4.61233922,96.809529965,378.29426792293845,1,0.0,0
8865561661fffff,2,ACEH,1,4.600891000000001,96.8933955,179.37528002794872,2,0.0,0
8865561633fffff,2,ACEH,1,4.6100688949999995,96.847212385,515.1238751576665,2,0.0,0
88655615c1fffff,2,ACEH,1,4.69282103,96.83215168,684.8217387857785,0,0.0,0
8865561599fffff,2,ACEH,1,4.694140025,96.79251107,433.65708620579176,2,0.0,0
8865561591fffff,2,ACEH,2,4.70300135,96.79106057999999,654.5888973252161,1,0.0,0
886556153dfffff,2,ACEH,1,4.718145485,96.87148124000001,490.52625758078,0,0.0,0
8865561535fffff,2,ACEH,1,4.725281245,96.86776558,266.6221813619843,0,0.0,0
886556476dfffff,2,ACEH,1,5.134795085,97.07223894,588.1358926197369,2,0.0,0
8865564761fffff,2,ACEH,1,5.137151675,97.0622163,537.7038896713285,2,0.0,0
8865564727fffff,2,ACEH,1,5.16494591,97.04234625000001,617.2134189710184,0,0.0,0
88655645a1fffff,2,ACEH,1,5.216874085000001,96.95397964,796.3166275288515,1,0.0,0
88655644a5fffff,2,ACEH,1,5.17181334,96.92386849,899.5356720407858,1,0.0,0
88655642ddfffff,2,ACEH,1,5.10182425,97.107505125,697.5280278902742,2,0.0,0
88655642b3fffff,2,ACEH,1,5.14412979,97.078465875,857.9714480899213,2,0.0,0
8865564299fffff,2,ACEH,1,5.110921945,97.083632275,254.01796545194276,2,0.0,0
8865564293fffff,2,ACEH,1,5.12182197,97.07369536,701.5965580464219,1,0.0,0
886556426dfffff,2,ACEH,1,5.1280562750000005,97.20028686,508.54757781222503,2,0.0,0
8865564269fffff,2,ACEH,1,5.117550825,97.19429954,421.4041620674966,2,0.0,0
8865564261fffff,2,ACEH,1,5.125031375,97.19019652,571.3185204334247,2,0.0,0
886556424dfffff,2,ACEH,1,5.104846674999999,97.19296574500001,479.4086156792897,2,0.0,0
8865564241fffff,2,ACEH,1,5.10274785,97.18663154000001,462.91456948017776,2,0.0,0
886556422bfffff,2,ACEH,1,5.13690917,97.1718352,576.0768479407502,2,0.0,0
886556420dfffff,2,ACEH,2,5.1211530100000004,97.17642083999999,599.1003817721819,2,0.0,0
88655282a5fffff,2,ACEH,1,5.22333128,96.22240948,447.93899829191764,2,0.0,0
886552826bfffff,2,ACEH,1,5.186563045,96.29476357499999,598.8163369023921,2,0.0,0
88655280d5fffff,2,ACEH,1,5.2359552350000005,96.18537422,687.914168081689,2,0.0,0
8865528081fffff,2,ACEH,1,5.250218925,96.18443135,413.7444889204704,0,0.0,0
8865528063fffff,2,ACEH,1,5.252675645,96.2654216,662.9031183970501,1,0.0,0
886552801dfffff,2,ACEH,1,5.239821324999999,96.23508469,621.8513621170468,2,0.0,0
886552800dfffff,2,ACEH,1,5.24753671,96.25661210999999,485.32883039500945,2,0.0,0
886552800bfffff,2,ACEH,1,5.23940525,96.24295140000001,611.5628468501794,2,0.0,0
8865528009fffff,2,ACEH,1,5.23790464,96.25139028,440.8729310885615,2,0.0,0
8865528007fffff,2,ACEH,1,5.255483314999999,96.24293194,577.9752893910519,2,0.0,0
8865528005fffff,2,ACEH,1,5.25396286,96.252880175,584.5353309111933,2,0.0,0
8865528003fffff,2,ACEH,1,5.248151135,96.24072355999999,209.73252303757312,2,0.0,0
8865528001fffff,2,ACEH,1,5.245414504999999,96.250882185,451.0119951455114,2,0.0,0
8865565001fffff,2,ACEH,1,5.0571519,97.25967758,650.4274690513166,1,0.0,0
8865564ee3fffff,2,ACEH,1,5.254121865,96.99951825,803.2094242824688,2,0.0,0
8865564ed1fffff,2,ACEH,1,5.2241154000000005,96.978357285,877.5224126050249,1,0.0,0
886556506dfffff,2,ACEH,1,5.063452795,97.29237828000001,425.95706562972197,2,0.0,0
8865565069fffff,2,ACEH,1,5.055181449999999,97.28637477999999,405.83799346679945,1,0.0,0
8865565061fffff,2,ACEH,1,5.066622755,97.28283769000001,768.0814992422266,0,0.0,0
886556505bfffff,2,ACEH,1,5.0299125,97.248423135,592.5388540748904,2,0.0,0
8865565057fffff,2,ACEH,1,5.044758,97.24937157,363.2475303285164,0,0.0,0
886556504dfffff,2,ACEH,1,5.039358205,97.283245885,527.6428267829684,2,0.0,0
8865565049fffff,2,ACEH,1,5.03683454,97.27707483,276.4130943615945,2,0.0,0
8865565047fffff,2,ACEH,1,5.050946225000001,97.27105829,722.3923654893669,1,0.0,0
8865565043fffff,2,ACEH,1,5.04246044,97.265210965,544.7809920782489,1,0.0,0
8865565037fffff,2,ACEH,1,5.084417204999999,97.24001573999999,653.8618795027166,2,0.0,0
8865565035fffff,2,ACEH,1,5.083358655,97.2506054,400.62897171974043,2,0.0,0
8865565033fffff,2,ACEH,1,5.07687627,97.23174841,450.56780430989943,2,0.0,0
8865565031fffff,2,ACEH,1,5.0751721750000005,97.24251152,756.6599105989819,1,0.0,0
8865565027fffff,2,ACEH,1,5.08980489,97.260138305,467.86742032346535,2,0.0,0
886556500bfffff,2,ACEH,1,5.048641985,97.25400966999999,485.01201538341155,2,0.0,0
8865528319fffff,2,ACEH,1,5.225680985,96.29014387,416.8438161860867,2,0.0,0
886556518dfffff,2,ACEH,1,5.118584715,97.240655175,444.6239586223155,2,0.0,0
8865565189fffff,2,ACEH,1,5.108864705,97.234892825,516.6180945981259,2,0.0,0
8865565181fffff,2,ACEH,1,5.11666056,97.23138151500001,279.80701874212406,1,0.0,0
8865565159fffff,2,ACEH,1,5.07879012,97.29179377,596.1173319383919,0,0.0,0
8865565135fffff,2,ACEH,1,5.1376507700000005,97.28151110499999,661.9389718828706,2,0.0,0
8865565105fffff,2,ACEH,1,5.118744305,97.30079743,822.8092539591206,2,0.0,0
88655650ebfffff,2,ACEH,1,5.062242475,97.21319088499999,686.0777664900243,2,0.0,0
88655650e9fffff,2,ACEH,1,5.0629739,97.222309435,633.4704998178643,1,0.0,0
88655650e3fffff,2,ACEH,1,5.071754445,97.20974223,571.6206577683165,2,0.0,0
88655650c9fffff,2,ACEH,1,5.04003784,97.21492307,640.2999982384869,2,0.0,0
88655650c7fffff,2,ACEH,1,5.055671585000001,97.206633285,425.6400962538474,1,0.0,0
88655650b5fffff,2,ACEH,1,5.090394815,97.18270726,640.817635512333,2,0.0,0
88655650a3fffff,2,ACEH,1,5.087551619999999,97.190278745,679.5179092172822,2,0.0,0
8865565089fffff,2,ACEH,1,5.056870815,97.19982808500001,569.0702686547554,2,0.0,0
8865565087fffff,2,ACEH,1,5.0718099,97.19051409,675.6547012960438,2,0.0,0
8865565083fffff,2,ACEH,1,5.064947184999999,97.185946065,679.6600796135701,2,0.0,0
88655651e7fffff,2,ACEH,1,5.12942793,97.24800769000001,260.4432349735665,2,0.0,0
88655651e5fffff,2,ACEH,1,5.131072665,97.259434715,637.5964966888905,2,0.0,0
88655651e3fffff,2,ACEH,1,5.125742175,97.247115885,466.2703043860135,2,0.0,0
88655651ddfffff,2,ACEH,1,5.09334877,97.23124343500001,560.494200651851,2,0.0,0
88655651dbfffff,2,ACEH,1,5.086027415,97.220491225,381.8037814975467,2,0.0,0
88655651d7fffff,2,ACEH,1,5.102582945,97.22116842,576.6084896139965,0,0.0,0
88655651cdfffff,2,ACEH,1,5.09771059,97.25808130499999,518.1398644516981,2,0.0,0
88655651cbfffff,2,ACEH,1,5.091297235,97.24459039999999,539.7490027720983,2,0.0,0
88655651c5fffff,2,ACEH,1,5.107688265,97.252684595,400.0281652149148,2,0.0,0
88655651bdfffff,2,ACEH,1,5.13228121,97.22480807,523.7111790376545,1,0.0,0
88655651bbfffff,2,ACEH,1,5.12365396,97.209083225,485.9860721006681,0,0.0,0
88655651b3fffff,2,ACEH,1,5.13369684,97.203219155,538.4460621419723,2,0.0,0
88655651a9fffff,2,ACEH,1,5.131850979999999,97.24176703,572.2096615638836,1,0.0,0
886556519bfffff,2,ACEH,1,5.10125129,97.202714505,509.3333654685404,1,0.0,0
8865565199fffff,2,ACEH,1,5.101285675,97.21036698500001,483.86660774540724,2,0.0,0
8865565191fffff,2,ACEH,1,5.109471494999999,97.20823640500001,569.1558926302496,1,0.0,0
88655226ddfffff,2,ACEH,1,5.557079,95.410566205,403.1164870214605,1,0.0,0
88655226dbfffff,2,ACEH,1,5.55326976,95.396899445,482.05738155894295,2,0.0,0
88655226d3fffff,2,ACEH,1,5.560999195,95.393827095,383.1668536007767,0,0.0,0
88655226b5fffff,2,ACEH,1,5.60801883,95.39766285,592.1940619688119,1,0.0,0
88655226a3fffff,2,ACEH,1,5.606544075,95.40665767499999,678.1748794179275,1,0.0,0
886552269dfffff,2,ACEH,1,5.575768545,95.39493759499999,537.3756105503891,0,0.0,0
8865522697fffff,2,ACEH,1,5.583946585,95.382880345,768.0971558324034,2,0.0,0
8865522691fffff,2,ACEH,1,5.575950915,95.38524035500001,520.3088212636637,1,0.0,0
8865522683fffff,2,ACEH,1,5.58380378,95.40229345,608.4715361451881,2,0.0,0
886550d759fffff,2,ACEH,1,4.28389314,96.20722941,764.0266031652297,2,0.0,0
886550d659fffff,2,ACEH,1,4.231706085,96.1732513,586.0015966448925,2,0.0,0
886550c703fffff,2,ACEH,1,4.43226238,96.081850875,669.4537626500207,1,0.0,0
8865565229fffff,2,ACEH,1,5.017790740000001,97.2961407,594.8216424317066,1,0.0,0
8865565225fffff,2,ACEH,1,5.03256678,97.296853545,549.8847561755997,1,0.0,0
8865565213fffff,2,ACEH,1,4.99746722,97.25670563,749.0917435115501,1,0.0,0
88655651e9fffff,2,ACEH,1,5.116828635,97.26057425,689.6086785911052,2,0.0,0
8865565317fffff,2,ACEH,1,5.0565238699999995,97.29890714999999,502.4204085120521,1,0.0,0
8865565313fffff,2,ACEH,1,5.050129705,97.29388773,367.86345297955717,1,0.0,0
8865565309fffff,2,ACEH,1,5.046347605,97.325935165,674.5536634265305,1,0.0,0
8865565303fffff,2,ACEH,1,5.05437213,97.31235685,576.8690534710379,1,0.0,0
88655652edfffff,2,ACEH,1,5.010368445,97.253159705,510.930639151829,2,0.0,0
88655652e7fffff,2,ACEH,1,5.02258303,97.24244536500001,584.6401804136082,0,0.0,0
88655652e5fffff,2,ACEH,1,5.02087199,97.250609875,589.4735523718255,2,0.0,0
88655652e3fffff,2,ACEH,1,5.0122414850000006,97.238046325,676.7345319557774,2,0.0,0
88655652ddfffff,2,ACEH,1,4.98495983,97.22729816500001,380.5541908980571,0,0.0,0
88655652c5fffff,2,ACEH,1,4.99720632,97.24530204999999,642.1246925227574,2,0.0,0
88655652c3fffff,2,ACEH,1,4.99285754,97.2314221,411.0370940907456,2,0.0,0
88655652b3fffff,2,ACEH,1,5.02358477,97.197157355,599.9372492169681,1,0.0,0
88655652adfffff,2,ACEH,1,5.029783295,97.23729052499999,707.710993414159,0,0.0,0
8865565295fffff,2,ACEH,1,5.00904533,97.20428152,769.4161575002757,2,0.0,0
8865565291fffff,2,ACEH,1,5.000889505,97.19643009,668.7716771872819,1,0.0,0
886556523dfffff,2,ACEH,1,5.02120589,97.27828976,460.6115335856828,1,0.0,0
886556602dfffff,2,ACEH,1,5.236817495,96.712440415,626.1061283869911,0,0.0,0
886556602bfffff,2,ACEH,1,5.22945505,96.696612595,485.9315907494418,2,0.0,0
886556601dfffff,2,ACEH,1,5.206899345,96.67881292999999,553.0502355817562,1,0.0,0
886556601bfffff,2,ACEH,1,5.1971903600000005,96.66733639,457.48384074390214,1,0.0,0
8865566009fffff,2,ACEH,1,5.20566024,96.70012317,368.3100097141657,2,0.0,0
8865566003fffff,2,ACEH,1,5.213770525,96.686662815,529.3649384555927,2,0.0,0
8865565ad9fffff,2,ACEH,1,5.1389984900000005,97.262861865,531.2166570043738,2,0.0,0
886556535dfffff,2,ACEH,1,5.03068897,97.32633253,590.0104978289714,1,0.0,0
8865565359fffff,2,ACEH,1,5.022976959999999,97.31904660000001,671.6500790911479,0,0.0,0
8865565353fffff,2,ACEH,1,5.032236405,97.306780465,710.708313161618,1,0.0,0
8865565343fffff,2,ACEH,1,5.04030579,97.32824972,462.42129950270544,0,0.0,0
8865565339fffff,2,ACEH,1,5.0616185,97.3099536,555.8834441229299,2,0.0,0
8865565337fffff,2,ACEH,1,5.081643835,97.303205245,547.6853174679745,2,0.0,0
8865565331fffff,2,ACEH,1,5.0739971950000005,97.305254115,434.63576176009633,2,0.0,0
886556531bfffff,2,ACEH,1,5.04149325,97.291588275,660.5283612907466,2,0.0,0
8865565319fffff,2,ACEH,1,5.04295016,97.302921875,590.5468889472312,1,0.0,0
8865566237fffff,2,ACEH,1,5.17866954,96.70133275500001,752.2015668779015,2,0.0,0
8865566151fffff,2,ACEH,1,5.24117558,96.72446277,1019.04533937758,2,0.0,0
88655660e9fffff,2,ACEH,1,5.214729634999999,96.66013556,546.8475237988398,2,0.0,0
88655660ddfffff,2,ACEH,1,5.1928917000000006,96.635347285,553.5057704220792,2,0.0,0
88655660d7fffff,2,ACEH,1,5.200293459999999,96.62186813,541.2066658107004,2,0.0,0
88655660d5fffff,2,ACEH,1,5.20467276,96.628976615,340.96272054991977,2,0.0,0
88655660d3fffff,2,ACEH,1,5.19382214,96.613827375,418.64066210561066,2,0.0,0
88655660cdfffff,2,ACEH,1,5.1985521949999995,96.657439695,640.3501454714833,1,0.0,0
88655660c7fffff,2,ACEH,1,5.2098135800000005,96.64456871,707.4859745550086,2,0.0,0
88655660c5fffff,2,ACEH,1,5.208994575,96.65344855000001,564.5166869586969,2,0.0,0
8865566099fffff,2,ACEH,1,5.20256905,96.61302678499999,563.652063167398,1,0.0,0
886556606dfffff,2,ACEH,1,5.219888640000001,96.72619133,427.3464772211742,0,0.0,0
886556605dfffff,2,ACEH,1,5.18822917,96.69601935,751.9663793552227,2,0.0,0
8865566045fffff,2,ACEH,1,5.20387139,96.71768352500001,719.1795151999243,2,0.0,0
8865566043fffff,2,ACEH,1,5.198740315,96.70281004,509.9390537818816,2,0.0,0
8865566039fffff,2,ACEH,1,5.223371815,96.681244225,599.938509582043,2,0.0,0
8865566419fffff,2,ACEH,1,5.154896815,96.51236989,541.5258794141579,2,0.0,0
8865566409fffff,2,ACEH,1,5.16154908,96.53522257,839.6715779232657,2,0.0,0
8865566401fffff,2,ACEH,1,5.17002966,96.527765195,412.49071399797447,1,0.0,0
886556636dfffff,2,ACEH,1,5.212024545,96.79192898,453.22474031930074,2,0.0,0
8865566363fffff,2,ACEH,1,5.21479038,96.77084396999999,596.7535050007441,2,0.0,0
8865566357fffff,2,ACEH,1,5.193432715,96.75054779499999,555.8769622531288,1,0.0,0
8865566351fffff,2,ACEH,1,5.183627325,96.75248024999999,772.4779944290243,2,0.0,0
8865566339fffff,2,ACEH,1,5.216142189999999,96.744715095,832.9805966610518,2,0.0,0
8865566329fffff,2,ACEH,1,5.223817425,96.768778205,647.2838955401812,2,0.0,0
8865566325fffff,2,ACEH,1,5.239788219999999,96.770255655,511.83617409075595,2,0.0,0
8865566323fffff,2,ACEH,1,5.231359255,96.75352608,343.4681587820664,2,0.0,0
8865566321fffff,2,ACEH,1,5.23250214,96.76677617,763.7672234118097,2,0.0,0
886556631bfffff,2,ACEH,1,5.1963671399999996,96.73017492,772.2976972697406,2,0.0,0
8865566301fffff,2,ACEH,1,5.2073260999999995,96.75884643,693.6260891894897,2,0.0,0
88655662b7fffff,2,ACEH,1,5.18433593,96.637785485,661.5711264432543,2,0.0,0
88655662a9fffff,2,ACEH,1,5.178630445,96.67053686,561.7060919606105,2,0.0,0
88655665dbfffff,2,ACEH,1,5.19581795,96.48938638,469.2722462924289,2,0.0,0
88655665d9fffff,2,ACEH,1,5.196907325,96.50038809,499.29920223946135,0,0.0,0
8865566551fffff,2,ACEH,1,5.198149635,96.561384625,720.8626532856824,2,0.0,0
886556654dfffff,2,ACEH,1,5.205105555,96.595743285,723.0466743127129,2,0.0,0
8865566549fffff,2,ACEH,1,5.19686188,96.58986035000001,507.2277862402765,2,0.0,0
8865566541fffff,2,ACEH,1,5.20615092,96.583577065,696.2183291062931,2,0.0,0
88655664e7fffff,2,ACEH,1,5.1894586050000004,96.48964180499999,361.8158802340997,2,0.0,0
88655664c7fffff,2,ACEH,1,5.163492055000001,96.482484145,704.5025607827316,2,0.0,0
88655664c1fffff,2,ACEH,1,5.156427949999999,96.48653039999999,562.4007395647026,2,0.0,0
88655664abfffff,2,ACEH,1,5.189220655,96.470012655,666.9061794059714,2,0.0,0
886556648bfffff,2,ACEH,1,5.170946315,96.46080261,132.65079591676727,2,0.0,0
8865566489fffff,2,ACEH,1,5.1665127250000005,96.473255245,731.3299360055703,2,0.0,0
8865566485fffff,2,ACEH,1,5.184339485,96.47382812500001,148.55288669076413,2,0.0,0
886556643dfffff,2,ACEH,1,5.185338464999999,96.5217579,555.8312454105082,2,0.0,0
8865566433fffff,2,ACEH,1,5.186408139999999,96.503267695,574.8557146701932,2,0.0,0
886556642bfffff,2,ACEH,1,5.18432179,96.532360825,607.4943299704415,2,0.0,0
88655678d9fffff,2,ACEH,1,5.22802353,96.791897665,501.86535430702816,2,0.0,0
88655678d7fffff,2,ACEH,1,5.2474013799999994,96.785736195,584.3274720334463,2,0.0,0
88655678d3fffff,2,ACEH,1,5.240205775,96.7788093,622.4775271106188,2,0.0,0
88655678d1fffff,2,ACEH,1,5.235833234999999,96.787972775,581.9222573969499,2,0.0,0
88655678cdfffff,2,ACEH,1,5.24044695,96.81967928,584.1322336438961,2,0.0,0
88655678c3fffff,2,ACEH,1,5.24248967,96.803680875,319.5977875016914,2,0.0,0
886556789dfffff,2,ACEH,1,5.2533211,96.779232105,671.5322240407102,2,0.0,0
886556788bfffff,2,ACEH,1,5.25377318,96.78901192000001,429.2719612948664,2,0.0,0
8865567859fffff,2,ACEH,1,5.2237868899999995,96.8545874,515.9327211823831,2,0.0,0
8865567853fffff,2,ACEH,1,5.2325047399999995,96.84241370500001,462.1541418169953,2,0.0,0
8865567843fffff,2,ACEH,1,5.240188905,96.86744405499999,563.338220724744,2,0.0,0
886556781bfffff,2,ACEH,1,5.242573419999999,96.83113019000001,590.4989613410795,2,0.0,0
8865566765fffff,2,ACEH,1,5.17796158,96.622662705,639.7604756792497,2,0.0,0
886556672dfffff,2,ACEH,1,5.18707813,96.611324245,463.70721363142684,1,0.0,0
8865566725fffff,2,ACEH,1,5.1948764700000005,96.60488332,538.0038064254379,2,0.0,0
8865566723fffff,2,ACEH,1,5.189112305,96.59276352500001,462.10469987952354,2,0.0,0
8865567ae1fffff,2,ACEH,1,5.207105065,96.84644492999999,608.8950368639427,2,0.0,0
8865567addfffff,2,ACEH,1,5.179422175,96.8228781,777.8035953887775,2,0.0,0
8865567abbfffff,2,ACEH,1,5.211590205,96.797935255,372.46343179405045,2,0.0,0
8865567ab3fffff,2,ACEH,1,5.219861985,96.796332565,536.2711401951836,2,0.0,0
8865567ab1fffff,2,ACEH,1,5.219667935,96.804447455,696.8347313659381,2,0.0,0
8865567aabfffff,2,ACEH,1,5.217737545,96.82248207500001,579.5607354004338,2,0.0,0
8865567aa9fffff,2,ACEH,1,5.217696675,96.83168617999999,474.28608661990995,2,0.0,0
8865567aa7fffff,2,ACEH,1,5.23199886,96.82540047,602.4834643538778,2,0.0,0
8865567aa3fffff,2,ACEH,1,5.225799005,96.817687605,471.193732035846,2,0.0,0
8865567aa1fffff,2,ACEH,1,5.224181935000001,96.82826223500001,464.6231240902945,2,0.0,0
8865567a91fffff,2,ACEH,1,5.19552974,96.80218543000001,436.8981446493405,2,0.0,0
8865567a85fffff,2,ACEH,1,5.210700685000001,96.825911435,499.804594117638,2,0.0,0
8865567a3dfffff,2,ACEH,1,5.21333249,96.879542905,653.9801119422777,2,0.0,0
8865567a2dfffff,2,ACEH,1,5.220224829999999,96.901225875,863.1319998597457,2,0.0,0
8865567a17fffff,2,ACEH,1,5.200525745,96.85673733,754.0165418646073,2,0.0,0
88655678ddfffff,2,ACEH,1,5.236533905,96.79508176,509.69856026019943,2,0.0,0
886556c989fffff,2,ACEH,1,4.988222665,97.35452362999999,464.23756648644957,2,0.0,0
886556c831fffff,2,ACEH,1,4.9577468200000006,97.362377335,602.6793654644113,0,0.0,0
886556c807fffff,2,ACEH,1,4.947441899999999,97.37197237000001,480.2712701089818,0,0.0,0
886556bb49fffff,2,ACEH,1,4.4607746850000005,96.883719405,406.71385399188813,2,0.0,0
886556ab69fffff,2,ACEH,1,4.601361375,96.767963545,699.2333149683903,1,0.0,0
886556ab47fffff,2,ACEH,1,4.59590176,96.755769205,660.9102369986745,2,0.0,0
886556ab23fffff,2,ACEH,1,4.6264112399999995,96.737840205,344.7024961880209,2,0.0,0
886556ab21fffff,2,ACEH,1,4.626767285,96.751146425,816.3314039245349,2,0.0,0
886556aa3dfffff,2,ACEH,1,4.5660157550000005,96.70029972,675.1267963356913,2,0.0,0
8865567b6bfffff,2,ACEH,1,5.24837876,96.93868569,513.1963760965137,2,0.0,0
8865567b69fffff,2,ACEH,1,5.246849060000001,96.94673115,469.46221828074385,1,0.0,0
8865567b49fffff,2,ACEH,1,5.22692825,96.94427368000001,644.9604442358279,0,0.0,0
8865567b1dfffff,2,ACEH,2,5.245712790000001,96.909470045,600.5081461301849,2,0.0,0
8865567b19fffff,2,ACEH,1,5.235442859999999,96.902466205,748.6457379718607,2,0.0,0
8865567b11fffff,2,ACEH,1,5.242352485,96.89655834000001,594.8111618813917,2,0.0,0
8865567b0dfffff,2,ACEH,1,5.2474866250000005,96.928931495,442.6922099033286,1,0.0,0
8865740547fffff,2,SUMATERA UTARA,2,0.91959217,97.80108765,436.91750048850014,2,0.0,0
88657404a1fffff,2,SUMATERA UTARA,1,0.900857735,97.69440231499999,829.7978574659588,1,0.0,0
8865733a95fffff,2,ACEH,1,2.58544211,95.935567865,777.6214910516951,2,0.0,0
88657311c9fffff,2,ACEH,1,2.4731436999999996,96.37993047,642.2947989878384,2,0.0,0
886572d245fffff,2,ACEH,1,2.638752155,98.010565595,813.7511322169936,0,0.0,0
886572d20dfffff,2,ACEH,1,2.645829795,98.00056919,666.3516939659017,2,0.0,0
88657272cdfffff,2,ACEH,1,3.0639432749999997,97.32052116,537.7116601160158,2,0.0,0
8865727219fffff,2,ACEH,1,3.0651849650000003,97.33640672499999,587.9107311113607,2,0.0,0
8865727213fffff,2,ACEH,1,3.070413345,97.326108355,545.3974216320752,2,0.0,0
88657271b5fffff,2,ACEH,1,3.2161446600000003,97.290615875,815.9737450290758,1,0.0,0
8865726e61fffff,2,ACEH,1,3.32146349,97.14586746,632.6239744179771,2,0.0,0
88657261b3fffff,2,ACEH,1,3.327128395,97.158962565,659.3608160199537,0,0.0,0
88657260edfffff,2,ACEH,1,3.26023841,97.18269633,177.99880039138506,0,0.0,0
88657260e9fffff,2,ACEH,1,3.2553824000000002,97.17728935,430.6934297962886,1,0.0,0
886556cde1fffff,2,ACEH,1,4.96052742,97.208251255,896.1466019324045,2,0.0,0
886556cd25fffff,2,ACEH,1,4.980843699999999,97.26180273,944.3199729164244,0,0.0,0
886550c605fffff,2,ACEH,1,4.388215239999999,96.06114185,560.0979430595795,1,0.0,0
886550c601fffff,2,ACEH,1,4.3806925,96.055329835,344.4546008078351,1,0.0,0
8865509b31fffff,2,ACEH,1,4.17018384,96.150524185,885.7089514644437,0,0.0,0
8865509b23fffff,2,ACEH,1,4.17582355,96.162779765,352.5425482429391,2,0.0,0
8865509b1dfffff,2,ACEH,1,4.147164480000001,96.15156838,709.6315063456818,2,0.0,0
8865509a27fffff,2,ACEH,1,4.132952695,96.130072005,493.8236019308746,1,0.0,0
8865509959fffff,2,ACEH,1,4.17972166,96.134821595,174.80772843465002,2,0.0,0
8865509845fffff,2,ACEH,1,4.149335395,96.12464495,547.8109623607144,1,0.0,0
88655089c7fffff,2,ACEH,1,4.32476854,95.970508895,677.1726243498474,2,0.0,0
8865508911fffff,2,ACEH,1,4.321760319999999,95.99711384,618.9235659256597,1,0.0,0
8865508907fffff,2,ACEH,1,4.33723965,96.01388268,658.9170661340711,2,0.0,0
8865508825fffff,2,ACEH,1,4.30694406,95.99493158,245.64334497265335,2,0.0,0
88652e1313fffff,2,RIAU,1,1.6700179400000001,101.4451732,357.904383690492,2,0.0,0
88652d6eb5fffff,2,SUMATERA UTARA,1,0.872903625,99.504195805,356.5655374737381,2,0.0,0
88652d6ea7fffff,2,SUMATERA UTARA,1,0.88034586,99.51638854000001,623.3508548694856,1,0.0,0
886574143bfffff,2,SUMATERA UTARA,1,0.7669047950000001,97.84669259,663.8109536318368,0,0.0,0
8865760813fffff,2,SUMATERA UTARA,1,2.185969645,98.234491735,353.9337284204275,0,0.0,0
886574ab0bfffff,2,SUMATERA UTARA,1,0.70348133,97.76461671,405.2291909502657,0,0.0,0
88657476e7fffff,2,SUMATERA UTARA,2,1.1121159999999999,97.66188775,350.5266517601529,1,0.0,0
8865746edbfffff,2,SUMATERA UTARA,1,1.3467052,97.56002075,657.1650069097536,2,0.0,0
886574674bfffff,2,SUMATERA UTARA,1,1.2395664000000002,97.6334647,291.3589151983356,1,0.0,0
8865746747fffff,2,SUMATERA UTARA,1,1.2530490250000001,97.637109705,675.3556304751436,1,0.0,0
886574673dfffff,2,SUMATERA UTARA,1,1.28052842,97.61485217,215.1121494858981,0,0.0,0
8865746739fffff,2,SUMATERA UTARA,1,1.2695526,97.60977249999999,721.7524319005613,0,0.0,0
8865746735fffff,2,SUMATERA UTARA,1,1.2861119699999999,97.61276961499999,608.0108110708921,1,0.0,0
886574660bfffff,2,SUMATERA UTARA,2,1.204026915,97.587616235,280.3920018257773,2,0.0,0
8865746501fffff,2,SUMATERA UTARA,1,1.3188631100000001,97.60074859,476.71145423844723,2,0.0,0
8865742ad3fffff,2,SUMATERA UTARA,1,1.0314831400000002,97.46606594,661.1043579753033,2,0.0,0
886574262dfffff,2,SUMATERA UTARA,1,0.87101636,97.351308175,264.70988556422,2,0.0,0
8865741631fffff,2,SUMATERA UTARA,1,0.71912843,97.87840675000001,425.4661745184876,2,0.0,0
88657415d5fffff,2,SUMATERA UTARA,1,0.7965800999999999,97.83802925,388.161526881644,1,0.0,0
88657415b1fffff,2,SUMATERA UTARA,1,0.82759074,97.825599875,184.66377195095563,0,0.0,0
8868936c43fffff,2,KALIMANTAN TENGAH,1,-3.239869625,114.09675264,667.5293311245507,2,0.0,0
88689366edfffff,2,KALIMANTAN TENGAH,1,-3.06322613,114.155255845,528.9680256877548,2,0.0,0
88688e89a1fffff,2,KALIMANTAN TIMUR,1,-0.01996801,116.36360181,685.4658886163312,2,0.0,0
88688a94c5fffff,2,KALIMANTAN TIMUR,1,-0.49805556,117.15289215,669.6289760207196,2,0.0,0
88688a532bfffff,2,KALIMANTAN TIMUR,1,-1.23486535,116.82052770000001,130.461657302361,1,1770500.0,1
8868884515fffff,2,KALIMANTAN TIMUR,1,-0.3510186,117.43458555000001,324.08117721050724,2,0.0,0
8868830f25fffff,2,KALIMANTAN TIMUR,1,-0.55495459,115.56428453999999,476.05751129165407,1,0.0,0
88688264a7fffff,2,KALIMANTAN TENGAH,1,-1.061784825,114.86107344999999,431.0242674410805,2,0.0,0
886576d5b3fffff,2,SUMATERA UTARA,1,1.9127139,98.56705465499999,751.48459569325,1,0.0,0
886576d585fffff,2,SUMATERA UTARA,1,1.9036708999999998,98.596918,489.52889033240524,0,0.0,0
8865767487fffff,2,ACEH,1,2.279006485,97.925446655,478.9225151106364,2,0.0,0
8865766765fffff,2,ACEH,1,2.393520285,97.96386182500001,558.7420388298815,1,0.0,0
886576662dfffff,2,ACEH,1,2.349030805,97.91478751,791.8821145918408,2,0.0,0
8865761a1dfffff,2,SUMATERA UTARA,1,2.01060595,98.400886285,263.00572226249426,0,0.0,0
8865761a11fffff,2,SUMATERA UTARA,1,2.0116048600000003,98.392892415,565.0420898124388,2,0.0,0
8865761809fffff,2,SUMATERA UTARA,1,2.0675265400000002,98.389446315,740.693255976873,2,0.0,0
88689e3083fffff,2,KALIMANTAN SELATAN,1,-2.421093925,115.22509405,650.9109302514555,1,0.0,0
88689e3037fffff,2,KALIMANTAN SELATAN,1,-2.43666347,115.18044505,648.7097492563823,2,0.0,0
88689e2ee3fffff,2,KALIMANTAN SELATAN,1,-2.587199485,115.3784745,607.0142219716612,0,0.0,0
88689e26c7fffff,2,KALIMANTAN SELATAN,1,-2.42509295,115.42580322,663.1222038103886,2,0.0,0
88689e2359fffff,2,KALIMANTAN SELATAN,1,-2.49192495,115.20739115,526.2070294967972,2,0.0,0
88689e2245fffff,2,KALIMANTAN SELATAN,1,-2.46426335,115.21939,509.3010177399709,2,0.0,0
88689c7355fffff,2,KALIMANTAN TENGAH,1,-1.6981144449999999,115.19757693,322.9536893114508,2,0.0,0
88689b5019fffff,2,KALIMANTAN SELATAN,1,-3.2345018349999997,116.2346161,539.3015514084436,2,0.0,0
88689a92dbfffff,2,KALIMANTAN SELATAN,2,-2.69856863,115.35682002499999,129.9439640513249,2,0.0,0
88689a2d59fffff,2,KALIMANTAN SELATAN,1,-3.4271031350000003,116.0010188,712.6371787886567,1,0.0,0
886898d03bfffff,2,KALIMANTAN SELATAN,2,-2.0852132,115.42073635,126.2440421191817,1,0.0,0
886898cb0dfffff,2,KALIMANTAN SELATAN,1,-2.327842,115.38818165,302.1079303678397,0,0.0,0
886898cb09fffff,2,KALIMANTAN SELATAN,1,-2.32580865,115.39217375,467.5192369819059,0,0.0,0
886898cab7fffff,2,KALIMANTAN SELATAN,1,-2.3079913,115.50212225,678.2172834492541,1,0.0,0
8868985091fffff,2,KALIMANTAN SELATAN,1,-2.43962685,115.62252615,450.010272102656,0,0.0,0
886896cc89fffff,2,KALIMANTAN TENGAH,1,-2.4009659,111.86302699999999,774.3187846549575,2,0.0,0
8868c2740bfffff,2,GORONTALO,1,0.47841952,121.93086155,550.0357945467113,0,0.0,0
8868c228d5fffff,2,GORONTALO,1,0.506,122.13709205,758.912290879794,2,0.0,0
8868b65243fffff,2,KALIMANTAN BARAT,1,0.12557872,110.60827185,669.5093864255714,2,0.0,0
8868b3189bfffff,2,KALIMANTAN BARAT,1,-0.24169802,112.70718033,513.7845808106102,2,0.0,0
8868b2a557fffff,2,KALIMANTAN BARAT,1,-0.1422115,112.087834,98.1511924174276,1,0.0,0
8868ad1857fffff,2,KALIMANTAN UTARA,1,3.734696405,116.72766505,512.3511209978105,2,0.0,0
8868a984adfffff,2,KALIMANTAN UTARA,1,3.29987494,117.5859987,596.8588509845947,2,85386000.0,1
88689e6e87fffff,2,KALIMANTAN SELATAN,1,-2.9242623749999996,115.15747295,822.5462117350056,1,0.0,0
88689e64a1fffff,2,KALIMANTAN SELATAN,1,-2.84171336,115.2148871,901.1139177296652,2,0.0,0
88689e3933fffff,2,KALIMANTAN SELATAN,1,-2.627512925,115.1034353,387.5768418368313,0,0.0,0
88689e356bfffff,2,KALIMANTAN SELATAN,1,-2.42202173,115.2584703,496.94989456820906,2,0.0,0
88689e350dfffff,2,KALIMANTAN SELATAN,1,-2.42180925,115.2665083,398.71664278569835,1,0.0,0
88689e31bbfffff,2,KALIMANTAN SELATAN,1,-2.4760692100000004,115.2022169,668.1285519181843,2,0.0,0
88689e319bfffff,2,KALIMANTAN SELATAN,1,-2.4563648000000002,115.20749674999999,389.9834892157156,2,0.0,0
88689e30b1fffff,2,KALIMANTAN SELATAN,1,-2.43434971,115.23068155,884.1655387830649,1,0.0,0
88689e3095fffff,2,KALIMANTAN SELATAN,1,-2.420721135,115.2328481,422.77828471376125,2,0.0,0
8868c364c7fffff,2,GORONTALO,1,0.5343167600000001,123.1470454,491.37764200444775,2,0.0,0
8868c36463fffff,2,GORONTALO,1,0.52932167,123.0870417,523.4706095191929,2,0.0,0
8868c3645dfffff,2,GORONTALO,1,0.5566717,123.0999655,797.2499544821893,2,0.0,0
8868c36449fffff,2,GORONTALO,2,0.55895482,123.08560305,469.7510117736362,2,64762750.0,1
8868c36411fffff,2,GORONTALO,1,0.537277975,123.12137530000001,122.74754428898373,2,0.0,0
8868c36409fffff,2,GORONTALO,1,0.54102702,123.10001679999999,487.94772444348814,1,0.0,0
8868c36407fffff,2,GORONTALO,1,0.5236486250000001,123.1015869,493.1898769163069,1,0.0,0
8868c35553fffff,2,GORONTALO,1,0.701552375,122.56590779999999,562.4513765651624,2,100000.0,1
8868c335b7fffff,2,SULAWESI UTARA,1,0.90729337,123.29772635,523.1129047657975,1,0.0,0
8868c335a5fffff,2,SULAWESI UTARA,1,0.904528445,123.26995815000001,387.070229073366,2,0.0,0
8868c331d7fffff,2,SULAWESI UTARA,1,0.9199045800000001,123.13708918,476.43665883632275,2,0.0,0
8868c33197fffff,2,SULAWESI UTARA,1,0.9007103599999999,123.1506867,906.8960308816032,2,0.0,0
8868c32621fffff,2,SULAWESI UTARA,1,0.90236715,123.33152369999999,590.9521272141878,2,0.0,0
8868c30ee9fffff,2,GORONTALO,1,0.837299985,122.90953255,607.5939414997193,2,0.0,0
8868c30493fffff,2,GORONTALO,1,0.9295598700000001,123.0393264,538.5455329397589,2,0.0,0
8868c29937fffff,2,SULAWESI TENGAH,1,1.02439448,121.3979132,287.6597731039687,2,0.0,0
8868c3da23fffff,2,GORONTALO,1,0.9889183699999999,122.21112645,845.6600780198298,2,0.0,0
8868c375bbfffff,2,GORONTALO,1,0.59180706,123.0441882,241.16436508395904,2,0.0,0
8868c375b7fffff,2,GORONTALO,2,0.575073575,123.0398287,622.6528614205865,2,0.0,0
8868c36769fffff,2,GORONTALO,2,0.548392315,123.0191159,593.1315763399025,2,0.0,0
8868c36755fffff,2,GORONTALO,1,0.558542385,123.0478364,522.5693615091521,2,0.0,0
8868c36749fffff,2,GORONTALO,1,0.570817295,123.023936935,698.7479703772397,2,0.0,0
8868c3673bfffff,2,GORONTALO,1,0.533926895,123.0613341,587.4911144829774,1,0.0,0
8868c36739fffff,2,GORONTALO,1,0.5346544950000001,123.05243425,376.0548826446513,2,0.0,0
8868c36711fffff,2,GORONTALO,1,0.54816166,123.06380730000001,577.0703300314627,2,0.0,0
8868c366edfffff,2,GORONTALO,1,0.58031325,123.106492,647.0111174840449,2,0.0,0
8868c366a5fffff,2,GORONTALO,1,0.55363645,123.1239915,639.1808706194901,1,0.0,0
8868c36643fffff,2,GORONTALO,1,0.60622946,123.0751279,478.4717313419341,2,0.0,0
8868c36623fffff,2,GORONTALO,2,0.56746498,123.079273,360.64421421198807,2,0.0,0
8868c36619fffff,2,GORONTALO,1,0.6040379499999999,123.0987615,345.3785601328704,2,0.0,0
8868c36609fffff,2,GORONTALO,1,0.599606865,123.0745883,464.7210069861236,2,0.0,0
8868c36601fffff,2,GORONTALO,1,0.59097288,123.07922805,684.5910650950677,2,0.0,0
88652d6c59fffff,2,SUMATERA UTARA,1,0.87181533,99.550070315,614.3760469273597,0,0.0,0
88652d6c4bfffff,2,SUMATERA UTARA,1,0.8761825400000001,99.56220791,555.8653171176767,2,0.0,0
88652d6c43fffff,2,SUMATERA UTARA,1,0.884499975,99.55879143,138.07929131835232,2,0.0,0
88652cd72dfffff,2,RIAU,2,0.514664965,101.44726105000001,431.87177377822053,2,0.0,0
88652cd727fffff,2,RIAU,1,0.52307874,101.4338056,416.1931415748861,2,0.0,0
88652cd721fffff,2,RIAU,1,0.51208823,101.4376858,692.5740429790167,2,0.0,0
88652cd0dbfffff,2,RIAU,1,0.51080318,101.45327755,501.4491812850238,2,0.0,0
88652cd09dfffff,2,RIAU,1,0.53600033,101.45370545,592.5982699841477,2,0.0,0
88652cd09bfffff,2,RIAU,1,0.5309671549999999,101.4378057,489.9497862087738,2,0.0,0
88652cd093fffff,2,RIAU,1,0.5365138949999999,101.43367955,556.2485429179727,2,0.0,0
88652c365bfffff,2,RIAU,1,0.475178525,100.5093644,665.0253041826709,2,0.0,0
8868c811adfffff,2,SULAWESI UTARA,1,1.3384756850000001,124.8791767,760.7405483614332,1,149667500.0,1
8868c81135fffff,2,SULAWESI UTARA,1,1.3433590400000002,124.84626829999999,693.6234335271153,2,0.0,0
8868c80b47fffff,2,SULAWESI UTARA,1,1.15749062,124.85514975000001,778.3579770290289,0,0.0,0
8868c80355fffff,2,SULAWESI UTARA,1,1.313514295,124.920274,602.6469309475157,1,0.0,0
8868c80061fffff,2,SULAWESI UTARA,1,1.287326405,124.953317655,608.6308468477091,2,0.0,0
8868c8192bfffff,2,SULAWESI UTARA,1,1.2004516349999999,124.783232045,300.48606762664474,2,0.0,0
8868c81907fffff,2,SULAWESI UTARA,1,1.205636085,124.787755145,316.49217166199645,0,0.0,0
8868c818e7fffff,2,SULAWESI UTARA,1,1.237606395,124.85920644999999,258.12695932928364,0,0.0,0
8868c81837fffff,2,SULAWESI UTARA,1,1.232819925,124.83980695,480.3423278235609,1,0.0,0
8868c8135bfffff,2,SULAWESI UTARA,1,1.45761208,124.8281561,620.2003803556427,2,0.0,0
8868c81345fffff,2,SULAWESI UTARA,1,1.43848061,124.79424,492.8559696288463,2,0.0,0
8868c8126bfffff,2,SULAWESI UTARA,1,1.477767725,124.83533890000001,410.6495539344331,2,0.0,0
8868c81267fffff,2,SULAWESI UTARA,1,1.46360703,124.8350758,472.1365036207106,2,0.0,0
8868c81251fffff,2,SULAWESI UTARA,1,1.493611165,124.85737675,410.28375621549986,2,0.0,0
8868c8124bfffff,2,SULAWESI UTARA,1,1.497894045,124.84346930000001,419.5449004339287,0,0.0,0
8868c81229fffff,2,SULAWESI UTARA,1,1.46028782,124.8416276,473.13364919676644,2,0.0,0
8868c81217fffff,2,SULAWESI UTARA,1,1.4708344150000001,124.87825285,787.1124166391929,1,0.0,0
8868c8120dfffff,2,SULAWESI UTARA,1,1.4772211450000001,124.8419082,458.78988445851434,1,0.0,0
8868c8120bfffff,2,SULAWESI UTARA,1,1.47911123,124.85882915,554.3443933958881,2,0.0,0
8868c81209fffff,2,SULAWESI UTARA,1,1.484092215,124.8485715,362.89406806865577,1,0.0,0
88652d6e85fffff,2,SUMATERA UTARA,1,0.857131265,99.52180557,594.3608044215998,2,34235000.0,1
8868c8568bfffff,2,SULAWESI UTARA,1,1.1630333149999998,124.80931735,629.3796613804595,2,0.0,0
8868c85583fffff,2,SULAWESI UTARA,1,1.0501225,124.79963814999999,213.81585340918588,2,0.0,0
8868c854e3fffff,2,SULAWESI UTARA,1,1.0957677000000001,124.81466879999999,358.08145282056523,2,0.0,0
8868c850adfffff,2,SULAWESI UTARA,1,1.053237995,124.654188225,297.26658909539873,2,0.0,0
8868c850abfffff,2,SULAWESI UTARA,1,1.0564196300000002,124.66954065,612.8843359813288,2,0.0,0
8868c850a9fffff,2,SULAWESI UTARA,1,1.05707598,124.65640875,274.29601276706927,2,0.0,0
8868c84845fffff,2,SULAWESI UTARA,1,0.814904565,124.6381289,261.9360800617948,1,0.0,0
8868c84549fffff,2,SULAWESI UTARA,1,0.95958875,124.8133598,568.6141220129857,2,0.0,0
8868c84405fffff,2,SULAWESI UTARA,1,0.975488735,124.86681540000001,651.5287278219995,2,0.0,0
8868c8424bfffff,2,SULAWESI UTARA,1,1.0411598199999998,124.68410275,392.5593985884619,2,0.0,0
8868c84049fffff,2,SULAWESI UTARA,1,0.9844925,124.696186,445.51410353952446,2,0.0,0
8868c81ae5fffff,2,SULAWESI UTARA,1,1.2965886000000002,124.83009155,517.9036630637015,2,0.0,0
8868c81a1dfffff,2,SULAWESI UTARA,1,1.325941125,124.81334910000001,597.7578249827593,2,0.0,0
8868c819e9fffff,2,SULAWESI UTARA,1,1.2109713850000001,124.815765495,646.0704959935986,2,0.0,0
8868c81941fffff,2,SULAWESI UTARA,1,1.23308606,124.76746655,855.6458702210908,0,0.0,0
8868c8193bfffff,2,SULAWESI UTARA,1,1.202018955,124.79966125,343.9704088473102,2,0.0,0
8868ca931bfffff,2,SULAWESI UTARA,1,0.768002415,124.31213215,439.5914566363116,2,0.0,0
8868ca9311fffff,2,SULAWESI UTARA,2,0.7616279100000001,124.30987905,542.5617724030517,2,0.0,0
8868ca91d3fffff,2,SULAWESI UTARA,1,0.710153415,124.383975535,707.5524044720398,0,0.0,0
8868ca905dfffff,2,SULAWESI UTARA,1,0.772546725,124.347751315,530.7188496577279,2,0.0,0
8868ca903bfffff,2,SULAWESI UTARA,1,0.735506505,124.36449625,492.11356750136105,0,0.0,0
8868ca9037fffff,2,SULAWESI UTARA,1,0.721727805,124.36324515000001,516.3130382207763,1,0.0,0
8868c8cf23fffff,2,SULAWESI UTARA,1,1.222057435,124.60523105,799.8699004033896,2,0.0,0
8868c8c8b1fffff,2,SULAWESI UTARA,1,1.182733105,124.58132864999999,369.20596714491387,0,0.0,0
8868c8a865fffff,2,SULAWESI UTARA,1,1.459586255,125.16172879999999,666.5631028610537,0,0.0,0
8868c8a807fffff,2,SULAWESI UTARA,1,1.46362535,125.1906239,490.4285693773431,2,0.0,0
8868c8a805fffff,2,SULAWESI UTARA,1,1.4659515349999999,125.1840139,366.5442655009706,2,0.0,0
8868c888bbfffff,2,SULAWESI UTARA,1,1.52006022,124.8499528,451.41100553471495,0,0.0,0
8868c888b1fffff,2,SULAWESI UTARA,1,1.514420855,124.84631705,563.6140175074031,1,0.0,0
8868c856bdfffff,2,SULAWESI UTARA,1,1.13956311,124.80794714999999,579.9570873896421,2,0.0,0
8868c85693fffff,2,SULAWESI UTARA,1,1.1595985149999999,124.83544855,600.4569341797526,2,0.0,0
8868c85691fffff,2,SULAWESI UTARA,1,1.16281166,124.82650394999999,574.9128862513284,2,0.0,0
8868d8c0ddfffff,2,SULAWESI TENGAH,1,-0.9445325,122.79135395,234.68113883022764,2,0.0,0
8868d8c081fffff,2,SULAWESI TENGAH,1,-0.9631971500000001,122.7898751,443.35027954858083,0,0.0,0
8868d3ce95fffff,2,SULAWESI TENGAH,1,-1.3863391950000001,120.75574415,732.2452218636674,2,0.0,0
8868d3ce93fffff,2,SULAWESI TENGAH,1,-1.3814480599999999,120.76603209999999,622.843710709275,2,0.0,0
8868d0933dfffff,2,SULAWESI TENGAH,1,0.0039774,120.00648119499999,0.0011119486494247104,1,0.0,0
8868d05947fffff,2,SULAWESI TENGAH,1,-0.8969486950000001,119.85856185,661.601341074617,2,0.0,0
8868d0446dfffff,2,SULAWESI TENGAH,1,-0.810135105,120.17648175,595.0259949280423,2,0.0,0
8868ce75b1fffff,2,SULAWESI UTARA,1,0.76978973,124.123359115,0.0033355442955126553,1,0.0,0
8868ce7361fffff,2,SULAWESI UTARA,1,0.825416095,123.84854722,837.7960916271203,2,0.0,0
8868ce50e9fffff,2,SULAWESI UTARA,1,0.88343732,123.55055795,372.2541779331664,1,0.0,0
8868ce50e1fffff,2,SULAWESI UTARA,1,0.87977279,123.552005565,417.29653420663027,2,0.0,0
8868ce5033fffff,2,SULAWESI UTARA,1,0.87569869,123.5385715,599.0543507538613,2,0.0,0
8868cdb80dfffff,2,SULAWESI UTARA,1,2.681449,125.45668775,285.33771690744186,0,0.0,0
8868cd85ebfffff,2,SULAWESI UTARA,1,2.749165125,125.36594945,505.18291355809873,0,0.0,0
8868cd01dbfffff,2,SULAWESI UTARA,1,2.3403003499999997,125.392809265,850.3154761027919,2,0.0,0
8868ca9705fffff,2,SULAWESI UTARA,1,0.77976073,124.43827705000001,591.1150095206063,0,0.0,0
887288002bfffff,2,PAPUA TENGAH,1,-3.6974997800000002,138.13116343000002,541.107177688686,0,0.0,0
8872880021fffff,2,PAPUA TENGAH,1,-3.7060533600000003,138.12538187500002,693.2241511444543,0,0.0,0
887288000dfffff,2,PAPUA TENGAH,1,-3.6831755,138.12674615,692.223168130618,0,0.0,0
88728655a5fffff,2,PAPUA BARAT,1,-3.60564668,133.71546451,0.0022194983603146807,2,0.0,0
8872847881fffff,2,PAPUA SELATAN,1,-2.70872305,134.39122405,76.55558248293823,0,0.0,0
8872833759fffff,2,PAPUA TENGAH,1,-3.93507128,136.26368555,656.2690954518729,1,0.0,0
887283374dfffff,2,PAPUA TENGAH,1,-3.94511617,136.232357095,132.15722851807283,0,0.0,0
88728335a9fffff,2,PAPUA TENGAH,1,-4.047250785,136.32883549500002,949.9669512705038,2,0.0,0
8872833527fffff,2,PAPUA TENGAH,1,-4.05433011,136.27435000999998,773.5585308886314,0,0.0,0
887283226dfffff,2,PAPUA TENGAH,1,-4.073624445,136.2065427,555.7763998183605,1,0.0,0
8872812565fffff,2,PAPUA,2,-3.08013059,136.76658609,0.0022206907442741796,0,0.0,0
8868f641c3fffff,2,KALIMANTAN TIMUR,1,1.69810907,117.99965825,290.1829787367293,2,0.0,0
8868de209bfffff,2,SULAWESI TENGAH,1,-1.280584725,122.5598943,559.016507788674,0,0.0,0
8868dd8a31fffff,2,GORONTALO,1,0.320212,123.29809800000001,737.7080893965895,0,0.0,0
8868dd8a2bfffff,2,GORONTALO,1,0.32374091000000005,123.2802248,519.2684036487356,0,0.0,0
8868d8c73bfffff,2,SULAWESI TENGAH,1,-0.92914805,122.85051555,383.06579237351053,2,0.0,0
88728804a5fffff,2,PAPUA PEGUNUNGAN,1,-3.6949520849999997,138.34918008,551.7127554550633,0,0.0,0
887288043bfffff,2,PAPUA PEGUNUNGAN,1,-3.669086175,138.321893735,616.6178591701904,1,0.0,0
8872880429fffff,2,PAPUA PEGUNUNGAN,1,-3.669596835,138.28817637,829.1137780162076,0,0.0,0
8872880337fffff,2,PAPUA TENGAH,1,-3.69873533,138.090384665,504.86555750360367,0,0.0,0
8872880323fffff,2,PAPUA SELATAN,2,-3.69809202,138.07585943499998,470.3248988099149,0,0.0,0
887288015bfffff,2,PAPUA TENGAH,1,-3.7023802999999997,138.11013461,580.6678296496314,0,0.0,0
8872880151fffff,2,PAPUA TENGAH,1,-3.708249735,138.10184828500002,530.0508410648046,0,0.0,0
8872880149fffff,2,PAPUA SELATAN,2,-3.70339326,138.07896152,271.76223646819255,0,0.0,0
8872880145fffff,2,PAPUA SELATAN,2,-3.718043305,138.07527316,351.5148908326677,0,0.0,0
8872880143fffff,2,PAPUA SELATAN,2,-3.71221315,138.087150145,369.2944077905356,0,0.0,0
88728800e7fffff,2,PAPUA TENGAH,1,-3.703700795,138.178263405,670.3073142265944,0,0.0,0
88728800e3fffff,2,PAPUA TENGAH,1,-3.698105225,138.18264864,445.3939778115338,0,0.0,0
88728800b3fffff,2,PAPUA TENGAH,1,-3.712500415,138.22125269999998,862.7754352492418,0,0.0,0
8872880085fffff,2,PAPUA TENGAH,1,-3.7038208299999997,138.19182433,497.0396323953219,0,0.0,0
8872880083fffff,2,PAPUA TENGAH,1,-3.693921535,138.20502874,473.3451724057878,0,0.0,0
887288003bfffff,2,PAPUA TENGAH,1,-3.695605225,138.155813915,580.7849710010141,0,0.0,0
887288210dfffff,2,PAPUA PEGUNUNGAN,1,-3.80578462,138.520273955,356.31358279137527,0,0.0,0
8872881b03fffff,2,PAPUA SELATAN,2,-3.700651925,137.91813652500002,699.3728268379925,1,0.0,0
8872881ab1fffff,2,PAPUA SELATAN,2,-3.683644,138.02639918,278.8804863980899,0,0.0,0
8872881897fffff,2,PAPUA TENGAH,1,-3.72313545,138.05652655,514.0009012004475,0,0.0,0
8872881855fffff,2,PAPUA TENGAH,1,-3.69514736,137.972248945,715.5027297852247,2,0.0,0
8872881837fffff,2,PAPUA TENGAH,1,-3.73526625,137.988590225,708.9357827134213,0,0.0,0
8872881627fffff,2,PAPUA PEGUNUNGAN,2,-3.5020089800000003,138.166668775,582.0842766183968,1,0.0,0
8872880b1bfffff,2,PAPUA,2,-3.82006109,138.04613752,0.004437915719887694,0,0.0,0
88728805d9fffff,2,PAPUA PEGUNUNGAN,1,-3.6808235099999997,138.32974625,44.55073540750762,0,0.0,0
88728805c5fffff,2,PAPUA PEGUNUNGAN,2,-3.70281398,138.299721255,539.0854450909278,0,0.0,0
88728805b5fffff,2,PAPUA PEGUNUNGAN,2,-3.741807135,138.33182198,645.0291329441883,0,0.0,0
8872880569fffff,2,PAPUA TENGAH,1,-3.7020331950000003,138.234482525,551.6624461030527,1,0.0,0
8872880561fffff,2,PAPUA TENGAH,1,-3.71063192,138.235653355,690.9308409123041,0,0.0,0
887288054dfffff,2,PAPUA TENGAH,1,-3.685924715,138.23550408,722.5832393500856,0,0.0,0
8872880547fffff,2,PAPUA TENGAH,1,-3.69429526,138.24753501499998,743.9873634855933,0,0.0,0
88728804a9fffff,2,PAPUA PEGUNUNGAN,1,-3.67728758,138.352612175,266.4018867281471,0,0.0,0
8872883111fffff,2,PAPUA PEGUNUNGAN,1,-3.6719906350000002,138.44912902,371.1426498795165,0,0.0,0
8872883105fffff,2,PAPUA PEGUNUNGAN,1,-3.682800555,138.41802404,556.1822198716541,0,0.0,0
8872882ee1fffff,2,PAPUA PEGUNUNGAN,1,-3.8419540249999997,138.692424135,451.82785725769617,0,0.0,0
8872882eb3fffff,2,PAPUA PEGUNUNGAN,1,-3.85933621,138.74080257,726.812953650526,0,0.0,0
8872882b2bfffff,2,PAPUA PEGUNUNGAN,1,-3.916737645,138.447663045,794.3086424130673,0,0.0,0
8872882b0dfffff,2,PAPUA PEGUNUNGAN,1,-3.900436455,138.441748185,789.6680192457738,0,0.0,0
887288275bfffff,2,PAPUA PEGUNUNGAN,1,-3.693194665,138.691945895,242.8950125716261,1,0.0,0
887288274dfffff,2,PAPUA PEGUNUNGAN,1,-3.697970635,138.65025435,459.1719589637527,0,0.0,0
88728825e7fffff,2,PAPUA PEGUNUNGAN,1,-3.80234481,138.738104755,721.2583741772175,0,0.0,0
8872882535fffff,2,PAPUA PEGUNUNGAN,2,-3.804426785,138.70857651,431.7594770758112,0,0.0,0
887288233dfffff,2,PAPUA PEGUNUNGAN,1,-3.761942545,138.51649966,664.959019003477,0,0.0,0
8872882335fffff,2,PAPUA PEGUNUNGAN,1,-3.7734369350000003,138.519673575,722.2841185065345,0,0.0,0
88728822b9fffff,2,PAPUA PEGUNUNGAN,1,-3.72058073,138.62414147,562.7779902980843,0,0.0,0
88728822b5fffff,2,PAPUA PEGUNUNGAN,1,-3.73594713,138.62180161499998,629.1412758017932,0,0.0,0
88728822b3fffff,2,PAPUA PEGUNUNGAN,1,-3.73190006,138.635834655,489.8101171823549,0,0.0,0
88728821a5fffff,2,PAPUA PEGUNUNGAN,1,-3.8452488650000003,138.57894375,830.0742534483435,0,0.0,0
88728831e5fffff,2,PAPUA PEGUNUNGAN,1,-3.7008365750000003,138.4575684,594.9361768253566,0,0.0,0
88728831e1fffff,2,PAPUA PEGUNUNGAN,1,-3.69189874,138.46456710500001,605.1391710415893,0,0.0,0
88728831d3fffff,2,PAPUA PEGUNUNGAN,1,-3.668074715,138.506264225,527.2127411247135,0,0.0,0
88728831d1fffff,2,PAPUA PEGUNUNGAN,1,-3.66635939,138.49640748000002,722.3083764310372,0,0.0,0
88728831cdfffff,2,PAPUA PEGUNUNGAN,1,-3.668966785,138.46575029000002,449.68875026091666,1,0.0,0
88728831c5fffff,2,PAPUA PEGUNUNGAN,1,-3.6788244900000002,138.466577305,509.19757128446827,1,0.0,0
88728831c3fffff,2,PAPUA PEGUNUNGAN,1,-3.6737431650000003,138.48004432,337.37304121563005,0,0.0,0
88728831bdfffff,2,PAPUA PEGUNUNGAN,1,-3.7042499400000004,138.492219525,562.6525469869545,1,0.0,0
88728831b9fffff,2,PAPUA PEGUNUNGAN,1,-3.69817073,138.499121925,578.8446652063133,1,0.0,0
88728831b1fffff,2,PAPUA PEGUNUNGAN,1,-3.7060066999999997,138.5035724,635.1506220179111,0,0.0,0
88728831a9fffff,2,PAPUA PEGUNUNGAN,1,-3.70175124,138.47574751000002,459.8582985432326,0,0.0,0
887288319dfffff,2,PAPUA PEGUNUNGAN,1,-3.683812465,138.50174231,619.7389900049611,0,0.0,0
8872883187fffff,2,PAPUA PEGUNUNGAN,1,-3.69592762,138.48851599,213.16352312590058,1,0.0,0
8872883183fffff,2,PAPUA PEGUNUNGAN,1,-3.68954532,138.497683235,613.732140172242,0,0.0,0
887288311dfffff,2,PAPUA PEGUNUNGAN,1,-3.67395975,138.44078256,609.2572423107505,0,0.0,0
8872883115fffff,2,PAPUA PEGUNUNGAN,1,-3.679455785,138.44316565000003,556.5904515099509,0,0.0,0
88652baecdfffff,2,SUMATERA UTARA,1,2.0141872750000003,98.97754452000001,460.77453015175263,2,0.0,0
88652baec3fffff,2,SUMATERA UTARA,1,2.015548145,98.95812845,459.28148285461833,2,0.0,0
88652bae53fffff,2,SUMATERA UTARA,1,2.004470385,99.001852385,240.83197566439716,1,0.0,0
88652bae13fffff,2,SUMATERA UTARA,1,2.02211327,98.983262395,703.3403679984644,2,0.0,0
88652b9647fffff,2,SUMATERA UTARA,1,1.70770883,99.537923645,214.7427318240342,2,0.0,0
88652b90b9fffff,2,SUMATERA UTARA,1,1.826563775,99.58627537999999,420.50204229610137,2,0.0,0
88652b9029fffff,2,SUMATERA UTARA,1,1.825883505,99.67148992,523.1921089631747,0,0.0,0
88652b9017fffff,2,SUMATERA UTARA,1,1.81504405,99.63370124,631.9813322787676,2,0.0,0
88652b8257fffff,2,SUMATERA UTARA,1,1.8593737,99.56194521500001,678.526965858512,2,0.0,0
88652b3b25fffff,2,SUMATERA UTARA,1,2.42437199,99.15220503,631.4727221306988,1,0.0,0
88652b3acdfffff,2,SUMATERA UTARA,1,2.3338494499999998,99.06775694999999,376.3263259746054,0,0.0,0
88652b3ac1fffff,2,SUMATERA UTARA,1,2.33258135,99.05942576,574.6081828239392,0,0.0,0
88652b3a61fffff,2,SUMATERA UTARA,1,2.351285935,99.12776568999999,506.1105204667938,2,0.0,0
88652b3a03fffff,2,SUMATERA UTARA,1,2.344886215,99.09777488,536.8772917278776,0,0.0,0
88652b3121fffff,2,SUMATERA UTARA,1,2.3195754099999997,99.075905335,450.471907337581,1,0.0,0
88728831e9fffff,2,PAPUA PEGUNUNGAN,1,-3.68390701,138.46098741,708.2075215786776,0,0.0,0
8872894519fffff,2,PAPUA PEGUNUNGAN,1,-3.840663565,139.152772515,797.8040598076332,0,0.0,0
8872894413fffff,2,PAPUA PEGUNUNGAN,1,-3.80249536,139.20672874000002,512.5323632893395,0,0.0,0
887288cec1fffff,2,PAPUA TENGAH,1,-3.671001055,137.82993919,853.5370985918273,0,0.0,0
887288a9ddfffff,2,PAPUA PEGUNUNGAN,1,-3.53478549,138.38106013,433.1746026995702,0,0.0,0
887288a831fffff,2,PAPUA PEGUNUNGAN,1,-3.5202991050000003,138.37536166,185.03013335778493,0,0.0,0
88728876d3fffff,2,PAPUA PEGUNUNGAN,1,-3.87025092,138.40399919,617.2155526463054,0,0.0,0
8872886f3dfffff,2,PAPUA PEGUNUNGAN,1,-4.22619915,138.33920116,566.9859984568232,0,0.0,0
8872886f21fffff,2,PAPUA PEGUNUNGAN,1,-4.231008545,138.32386011,584.2233643861848,1,0.0,0
8872886d49fffff,2,PAPUA PEGUNUNGAN,1,-4.242316725,138.33699108500002,296.3933186564818,0,0.0,0
8872886d41fffff,2,PAPUA PEGUNUNGAN,1,-4.247752295,138.33965264,340.5081813646682,0,0.0,0
8872886c6bfffff,2,PAPUA PEGUNUNGAN,1,-4.217886699999999,138.375932995,692.0341971071464,0,0.0,0
8872886c63fffff,2,PAPUA PEGUNUNGAN,1,-4.22748462,138.377879055,409.19353417231554,0,0.0,0
8872886c47fffff,2,PAPUA PEGUNUNGAN,1,-4.20765954,138.380903735,268.65781015008264,0,0.0,0
8872883a9bfffff,2,PAPUA PEGUNUNGAN,1,-3.7251178400000002,138.47632469,608.3706120311192,0,0.0,0
88728835a1fffff,2,PAPUA PEGUNUNGAN,1,-3.68222511,138.64370481999998,696.8940276688206,0,0.0,0
887288330dfffff,2,PAPUA PEGUNUNGAN,1,-3.616050305,138.395325375,688.9607021054803,0,0.0,0
88728b1035fffff,2,PAPUA PEGUNUNGAN,1,-4.4755813,138.78286835,91.05404916306635,0,0.0,0
88728b0623fffff,2,PAPUA BARAT DAYA,2,-4.51394579,139.022867795,688.9110556755738,0,0.0,0
8872897aebfffff,2,PAPUA PEGUNUNGAN,1,-3.8804491,139.30185548999998,330.4523509639112,0,0.0,0
8872897ac3fffff,2,PAPUA PEGUNUNGAN,1,-3.866849675,139.312981925,605.7521491692999,0,0.0,0
8872897aabfffff,2,PAPUA PEGUNUNGAN,1,-3.899216665,139.316756545,543.8159335821997,0,0.0,0
8872897a8dfffff,2,PAPUA PEGUNUNGAN,1,-3.88250027,139.310496,530.8113852195671,0,0.0,0
8872897a87fffff,2,PAPUA PEGUNUNGAN,1,-3.891783375,139.321688935,437.3794923424317,0,0.0,0
88728970cdfffff,2,PAPUA PEGUNUNGAN,1,-3.76791995,139.379068865,484.0034888327705,0,0.0,0
88728970c7fffff,2,PAPUA PEGUNUNGAN,1,-3.78016234,139.389725685,543.5513801884656,0,0.0,0
88728970c3fffff,2,PAPUA PEGUNUNGAN,1,-3.769934175,139.39470985,741.4639927896296,0,0.0,0
88728970a9fffff,2,PAPUA PEGUNUNGAN,1,-3.801913995,139.389795595,540.5634474972081,0,0.0,0
88728959bdfffff,2,PAPUA PEGUNUNGAN,1,-3.934660285,138.87280721000002,418.16407536651064,0,0.0,0
8872895815fffff,2,PAPUA PEGUNUNGAN,1,-3.8592554750000003,138.85997579000002,466.7288890199513,0,0.0,0
8872894b1dfffff,2,PAPUA PEGUNUNGAN,1,-3.9706069,138.89945883000001,27.801346448903697,0,0.0,0
8872894a8bfffff,2,PAPUA PEGUNUNGAN,1,-3.93158828,138.99660072,504.909371155667,0,0.0,0
887289483dfffff,2,PAPUA PEGUNUNGAN,1,-4.00365326,138.95461190999998,729.8238127061505,0,0.0,0
88652b0cd7fffff,2,SUMATERA UTARA,1,2.43478967,99.167821395,771.0862584834417,2,0.0,0
88652b0c39fffff,2,SUMATERA UTARA,1,2.450534325,99.22494051000001,289.61048421585593,1,0.0,0
886529d4a7fffff,2,SUMATERA UTARA,1,1.0544954400000002,99.37592051,915.3153133352052,2,0.0,0
886529c8d5fffff,2,SUMATERA UTARA,1,1.32514566,99.46193700500001,517.1442603266355,0,0.0,0
886529c8c3fffff,2,SUMATERA UTARA,1,1.326546665,99.46950398,394.8061031615226,1,0.0,0
886529c88bfffff,2,SUMATERA UTARA,1,1.331250205,99.45773168,507.2651561841002,2,0.0,0
886529c437fffff,2,SUMATERA UTARA,1,1.1588239649999998,99.300460425,417.3376619673298,1,0.0,0
886529c21bfffff,2,SUMATERA UTARA,1,1.104504415,99.47769359,320.1672055147896,0,0.0,0
8865296f49fffff,2,SUMATERA UTARA,1,1.6919108999999999,98.819876865,616.2659461683777,0,0.0,0
8865296f3dfffff,2,SUMATERA UTARA,1,1.733065635,98.792001495,411.6959676958678,2,0.0,0
8865296f37fffff,2,SUMATERA UTARA,1,1.741682655,98.77810008,377.45625446247135,2,0.0,0
8865296f07fffff,2,SUMATERA UTARA,1,1.725956595,98.79882785,328.51568295100674,2,0.0,0
88652961abfffff,2,SUMATERA UTARA,1,1.67398533,98.8310151,399.5404565027387,0,0.0,0
88728b8681fffff,2,PAPUA PEGUNUNGAN,1,-4.09650045,138.9304995,436.52465746798947,0,0.0,0
88728b84c3fffff,2,PAPUA PEGUNUNGAN,1,-4.134444050000001,138.94355415,701.9781386020378,0,0.0,0
88728b11e9fffff,2,PAPUA PEGUNUNGAN,1,-4.50265,138.76743,640.0748143642878,0,0.0,0
887290096bfffff,2,MALUKU,1,-5.681765410000001,133.0031749,881.0963636048996,1,0.0,0
887290022dfffff,2,MALUKU,1,-5.45036015,133.08233934999998,550.4546566723893,1,0.0,0
8872900149fffff,2,MALUKU,1,-5.50741202,133.0634875,829.2984281387253,1,0.0,0
88728ed88bfffff,2,PAPUA TENGAH,1,-3.827714845,136.44595573499998,565.5769099793073,1,0.0,0
88728ed885fffff,2,PAPUA TENGAH,1,-3.84272819,136.433057705,180.9031505035721,1,0.0,0
88728ed807fffff,2,PAPUA TENGAH,1,-3.828397635,136.381218245,699.5484846030735,2,0.0,0
88728ec141fffff,2,PAPUA TENGAH,1,-3.8232005300000003,136.48887183,789.8597800825688,2,0.0,0
88728bcaedfffff,2,PAPUA PEGUNUNGAN,1,-4.608508949999999,138.39240715,113.3074518428395,1,0.0,0
88728bca17fffff,2,PAPUA PEGUNUNGAN,1,-4.60450844,138.383918435,664.3854522301683,0,0.0,0
88728bbab9fffff,2,PAPUA PEGUNUNGAN,1,-4.230722625,139.04640589000002,612.357820964747,0,0.0,0
88728bb23bfffff,2,PAPUA PEGUNUNGAN,1,-4.0657572,139.05338990500002,635.8398818683886,0,0.0,0
88728ba49bfffff,2,PAPUA PEGUNUNGAN,1,-4.212949675,139.42131840000002,181.02937112595444,0,0.0,0
88728ba331fffff,2,PAPUA PEGUNUNGAN,1,-4.250013115,139.11164322000002,89.55026657288344,0,0.0,0
88728b9259fffff,2,PAPUA PEGUNUNGAN,1,-3.949822625,138.601287755,562.3178504218921,0,0.0,0
88728b869dfffff,2,PAPUA PEGUNUNGAN,1,-4.0909662,138.9429266,3.5186086371535574,0,0.0,0
88728b8699fffff,2,PAPUA PEGUNUNGAN,1,-4.082445705,138.950914065,785.1961901464042,0,0.0,0
8872a2aa97fffff,2,PAPUA BARAT,1,-1.129906155,133.877040255,504.2675176438115,0,0.0,0
8872a2a8b9fffff,2,PAPUA BARAT,1,-1.19240244,133.88456398,651.4566884865095,1,0.0,0
8872a2a629fffff,2,PAPUA BARAT,2,-0.94621885,134.0027874,453.4340973356023,2,0.0,0
8872a2a60bfffff,2,PAPUA BARAT,2,-0.9265807500000001,134.01597125,90.55411858554135,1,0.0,0
8872a2a2a5fffff,2,PAPUA BARAT,1,-0.9967891,133.89941421499998,0.0033353441068556043,0,0.0,0
8872a2910dfffff,2,PAPUA PEGUNUNGAN,1,-0.8605382500000001,133.27661285,299.33095272372503,0,0.0,0
8872a23221fffff,2,PAPUA BARAT,1,-1.264739375,133.889446395,796.2121996979681,1,0.0,0
8872a221e9fffff,2,PAPUA BARAT,1,-1.48325103,134.02292138,127.18999622959575,0,0.0,0
88729db51dfffff,2,PAPUA TENGAH,1,-4.50190413,136.8835274,531.5258250492882,2,0.0,0
8872905493fffff,2,MALUKU,1,-5.67573252,132.99303665000002,508.6676393136622,2,0.0,0
8872904883fffff,2,MALUKU,1,-5.977363779999999,132.85295265000002,344.6877959782243,1,0.0,0
8872904351fffff,2,MALUKU,1,-5.78211564,132.7876746,751.2974396069283,2,0.0,0
8872904167fffff,2,MALUKU,1,-5.875225035,132.78310655,460.80450879660776,2,0.0,0
8872901523fffff,2,MALUKU,1,-5.405276130000001,133.13693705,816.9587917528254,0,0.0,0
887290150bfffff,2,MALUKU,1,-5.375328,133.14344785,724.8476699086343,0,0.0,0
8872901447fffff,2,MALUKU,1,-5.326064264999999,133.16509745000002,268.44284028683074,1,0.0,0
8872ae2b59fffff,2,PAPUA,1,-1.1693516449999999,136.22213906000002,86.37509986362477,0,0.0,0
8872ae1455fffff,2,PAPUA,2,-0.807547005,135.96101355000002,496.12729175856043,1,0.0,0
8872ae1443fffff,2,PAPUA,1,-0.805339185,135.952957265,818.1999616320005,1,0.0,0
8872ae0dd7fffff,2,PAPUA,2,-1.1525397000000002,136.04450638,54.14795297612329,0,0.0,0
8872ae0d19fffff,2,PAPUA,2,-1.1430275,135.989414,452.5535229878551,1,0.0,0
8872ae016dfffff,2,PAPUA,1,-1.0293582,135.82931050000002,495.17446529327833,1,0.0,0
8872aacea5fffff,2,PAPUA,1,-1.919359435,136.34268278500002,546.568192291062,0,0.0,0
8872aac1a3fffff,2,PAPUA,1,-1.892082155,136.23300905,400.0654877617988,0,0.0,0
8872aac183fffff,2,PAPUA,1,-1.8704880400000001,136.2364784,260.2549133483055,2,0.0,0
8872aa925bfffff,2,PAPUA,2,-1.253620335,136.37578216,170.03142580122022,1,0.0,0
8872aa9259fffff,2,PAPUA,1,-1.2518485,136.37316558499998,369.16893753728766,2,0.0,0
8872aa7a21fffff,2,PAPUA,2,-2.28538519,136.601794205,0.0011110673164031392,2,0.0,0
8872aa40d1fffff,2,PAPUA,1,-2.2130943600000004,136.43418136000003,591.6258507979878,1,0.0,0
8872a3145bfffff,2,PAPUA,2,-0.98196109,134.8182897,574.4570269048484,1,0.0,0
8872a2b589fffff,2,PAPUA BARAT,2,-0.91046684,133.949703825,0.005559041718971632,2,0.0,0
8872a2b353fffff,2,PAPUA BARAT,1,-0.85543575,133.71415745000002,73.06941611358755,0,0.0,0
8865295441fffff,2,SUMATERA UTARA,1,1.393416325,99.264783525,464.3923073234437,2,32800000.0,1
8865291a33fffff,2,SUMATERA UTARA,1,1.2141660399999998,99.201297495,538.7379414477294,1,0.0,0
886528b563fffff,2,SUMATERA UTARA,1,1.040956875,99.92114312000001,456.1550453721099,2,0.0,0
886528b4bdfffff,2,SUMATERA UTARA,1,1.00768147,99.804206635,473.23019560036636,1,0.0,0
886528b141fffff,2,SUMATERA UTARA,1,1.06048008,100.0895376,320.9487441928334,2,0.0,0
886528a6e3fffff,2,SUMATERA UTARA,1,1.058746305,99.73693256,709.5899603794217,2,0.0,0
886528a6b5fffff,2,SUMATERA UTARA,1,1.07288413,99.710018735,465.210699192702,0,0.0,0
886528a687fffff,2,SUMATERA UTARA,1,1.0604263,99.716534975,552.3643968592371,2,0.0,0
886528a45bfffff,2,SUMATERA UTARA,1,1.0734176899999999,99.74376898,497.9722812460763,1,0.0,0
886528a455fffff,2,SUMATERA UTARA,1,1.0897360150000002,99.75598354499999,379.84535911890714,2,0.0,0
886528a29dfffff,2,SUMATERA UTARA,1,1.08752798,99.869535245,775.4525016087977,1,0.0,0
8872b0206dfffff,2,PAPUA BARAT,1,-2.70106477,132.439179865,546.6358232438128,2,0.0,0
8872ae76e1fffff,2,PAPUA,2,-1.1957094,136.12945892,0.004446828608132315,2,0.0,0
8872ae7663fffff,2,PAPUA,2,-1.182058535,136.07656328500002,376.93989731969526,0,0.0,0
8872ae7647fffff,2,PAPUA,1,-1.168499795,136.07867402,780.2203307376154,1,0.0,0
8872ae7607fffff,2,PAPUA,1,-1.1863836550000002,136.09570609000002,572.8479907872817,1,0.0,0
8872b510ebfffff,2,PAPUA BARAT DAYA,2,-1.42037269,132.37622705,712.9855742494549,1,0.0,0
8872b510e3fffff,2,PAPUA BARAT DAYA,1,-1.42928633,132.3835544,360.62688894117974,2,0.0,0
8872b5026dfffff,2,PAPUA PEGUNUNGAN,1,-1.4835949,132.3805202,401.1275530428158,0,0.0,0
8872b4b41dfffff,2,PAPUA BARAT DAYA,1,-1.22595041,131.64095801000002,0.0022233876450786253,0,0.0,0
8872b4a6c5fffff,2,PAPUA BARAT DAYA,2,-1.30196589,131.75696849000002,0.0022233233547141996,0,0.0,0
8872b49a81fffff,2,PAPUA BARAT DAYA,2,-1.295654345,131.01679834499998,7.730786274395841,0,0.0,0
8872b492edfffff,2,PAPUA BARAT DAYA,2,-1.13616475,131.039338905,0.0011117297396139865,1,0.0,0
8872b484abfffff,2,PAPUA BARAT DAYA,2,-1.31066254,131.363302475,0.0055582945796993355,1,0.0,0
8872b242dbfffff,2,MALUKU,1,-3.9570541500000003,131.41493905,365.220560205448,2,0.0,0
8872b242b3fffff,2,MALUKU,1,-4.005885335,131.42659255,294.3413109008489,2,0.0,0
8872b242a1fffff,2,MALUKU,1,-4.009439844999999,131.39218445,373.72421910030744,1,0.0,0
8872b240d9fffff,2,MALUKU,1,-4.01200225,131.42739065,386.76797511436985,2,0.0,0
8872b240bbfffff,2,MALUKU,1,-4.05584877,131.43947855,283.12157175791583,1,0.0,0
8872b15b19fffff,2,PAPUA BARAT,1,-2.78320081,132.700947515,215.42520257582825,0,0.0,0
8872b06643fffff,2,PAPUA BARAT,1,-2.937740835,132.32474451500002,408.04653333841895,0,0.0,0
88652961a3fffff,2,SUMATERA UTARA,1,1.68354632,98.82654627,520.7082804270308,0,0.0,0
8872d281c3fffff,2,PAPUA PEGUNUNGAN,1,-4.91311825,140.63108419999998,30.759366319844485,0,0.0,0
8872d04217fffff,2,PAPUA PEGUNUNGAN,1,-4.4815522649999995,140.903259585,50.40692952218954,0,0.0,0
8872b5c059fffff,2,PAPUA BARAT DAYA,1,-1.4322923099999998,132.01192681,397.25654478169065,1,0.0,0
8872b5bb5dfffff,2,PAPUA PEGUNUNGAN,1,-1.19675085,132.49455925,142.1760101295086,0,0.0,0
8872b5ab05fffff,2,PAPUA PEGUNUNGAN,1,-1.3556441499999998,132.59474914999998,3.3671707349272655,0,0.0,0
8872b5aa3bfffff,2,PAPUA PEGUNUNGAN,1,-1.311494,132.65724685,17.45247873031265,0,0.0,0
8872b5a127fffff,2,PAPUA BARAT DAYA,2,-1.28511999,132.670972695,0.001111669503656012,1,0.0,0
8872b58aadfffff,2,PAPUA BARAT DAYA,2,-1.2563277149999998,132.2476058,592.4819199990433,1,0.0,0
8872b58aa9fffff,2,PAPUA BARAT DAYA,2,-1.249007095,132.25681588499998,360.32634351440265,0,0.0,0
8872b58a85fffff,2,PAPUA PEGUNUNGAN,1,-1.2437179999999999,132.25835805000003,318.8137364374792,0,0.0,0
8872b58a29fffff,2,PAPUA BARAT DAYA,2,-1.24144318,132.195564095,0.001111686969991734,1,0.0,0
8872b58885fffff,2,PAPUA BARAT DAYA,2,-1.2998350049999998,132.2812724,591.1396791678868,1,0.0,0
8872b58869fffff,2,PAPUA PEGUNUNGAN,1,-1.2803828,132.200323,295.43755061117247,0,0.0,0
8872b58805fffff,2,PAPUA BARAT DAYA,2,-1.28671187,132.21968799500002,0.0011116656378663211,1,0.0,0
8872b58137fffff,2,PAPUA BARAT DAYA,2,-1.201061015,132.26295249999998,315.15425159771394,1,0.0,0
8872b57247fffff,2,PAPUA BARAT DAYA,1,-1.75909865,132.45443031500002,0.0033342769133267772,0,0.0,0
887390d9d1fffff,2,MALUKU UTARA,1,0.79029059,127.38232500000001,411.64164052615075,1,0.0,0
887390d989fffff,2,MALUKU UTARA,1,0.7776119699999999,127.37145295,684.003627742004,0,0.0,0
887390d8edfffff,2,MALUKU UTARA,1,0.815202765,127.3794537,419.86562571857183,2,0.0,0
887390d8e5fffff,2,MALUKU UTARA,1,0.80653183,127.38445355,496.9296339046914,0,0.0,0
887390d81dfffff,2,MALUKU UTARA,1,0.83450156,127.36709945,801.3770044309314,2,0.0,0
887390d813fffff,2,MALUKU UTARA,1,0.830872885,127.3828589,580.0253185646479,1,0.0,0
887390d541fffff,2,MALUKU UTARA,1,0.97733236,127.512524085,0.003335360231969208,2,0.0,0
887390cd4bfffff,2,MALUKU UTARA,1,0.70511454,127.56740411999999,0.004447457828678056,2,0.0,0
887390c46dfffff,2,MALUKU UTARA,2,0.88009282,127.64008076,439.88855856898493,1,0.0,0
887390c43bfffff,2,MALUKU UTARA,1,0.872488115,127.6960589,380.59769716371943,1,0.0,0
88739080adfffff,2,MALUKU UTARA,1,1.16104237,127.83064164,314.2657188430799,1,0.0,0
88739080a1fffff,2,MALUKU UTARA,1,1.15777511,127.83493426000001,325.62418283333943,2,0.0,0
8872f64083fffff,2,PAPUA,2,-1.8542727,138.7516391,90.23554003495428,0,0.0,0
8872f22f45fffff,2,PAPUA,1,-2.588720735,140.16589794,704.3046344511981,0,0.0,0
8872d281cbfffff,2,PAPUA PEGUNUNGAN,1,-4.902846515,140.63100619,725.2117184639841,1,0.0,0
8872d281c7fffff,2,PAPUA PEGUNUNGAN,1,-4.9132719,140.63092805,30.759366319844485,0,0.0,0
88739ab0e3fffff,2,PAPUA BARAT DAYA,1,-0.37466563,130.77365449,0.002223849985586571,1,0.0,0
88739a90bdfffff,2,PAPUA BARAT DAYA,2,-0.31339447,130.3597531,417.80979973269655,0,0.0,0
88739a8c31fffff,2,PAPUA BARAT DAYA,2,-0.5647859749999999,130.51666219999998,44.99816745836878,0,0.0,0
887398733dfffff,2,PAPUA BARAT DAYA,2,-0.028596700000000003,130.94665478000002,354.5329778592624,0,0.0,0
8873987339fffff,2,PAPUA BARAT DAYA,2,-0.02373347,130.94946397500001,236.54466347432913,0,0.0,0
8873981591fffff,2,PAPUA BARAT DAYA,1,0.36356958500000003,131.04974391,376.020284799855,2,0.0,0
887395d0c9fffff,2,MALUKU UTARA,1,2.0846080000000002,127.8374795,599.6188119924664,2,0.0,0
887395ca31fffff,2,MALUKU UTARA,1,1.82766415,127.83693385000001,933.6897068942825,2,0.0,0
8873955297fffff,2,MALUKU UTARA,1,1.70227957,128.0142865,600.3764617497027,2,0.0,0
8873951293fffff,2,MALUKU UTARA,1,2.0503038399999998,128.29297655,350.27205054535926,1,0.0,0
8873946dadfffff,2,MALUKU UTARA,1,1.061090265,127.46545051000001,476.6911532530658,1,0.0,0
8873946d51fffff,2,MALUKU UTARA,1,1.110821215,127.43180255,749.8284102432594,0,0.0,0
8873942a2bfffff,2,MALUKU UTARA,1,1.493591605,127.55039708,629.1213899043439,2,0.0,0
8873942a07fffff,2,MALUKU UTARA,1,1.49829875,127.55462130000001,531.3105707698875,2,0.0,0
887390da0dfffff,2,MALUKU UTARA,1,0.888519045,127.32228605,740.9117724942671,2,0.0,0
887390d9dbfffff,2,MALUKU UTARA,1,0.7974971099999999,127.38663743000001,397.27180604046794,1,0.0,0
8873b6115dfffff,2,SULAWESI UTARA,1,3.5524617,125.58870064999999,153.5840590379668,0,0.0,0
8873b54b35fffff,2,SULAWESI UTARA,1,4.23169315,126.86177695,566.4384182426745,2,0.0,0
8873b5484bfffff,2,SULAWESI UTARA,1,4.27032895,126.90705145,267.00809435835987,2,0.0,0
8873b088b9fffff,2,SULAWESI UTARA,1,3.8898298799999997,126.7137434,333.0955376856615,2,0.0,0
8873b08285fffff,2,SULAWESI UTARA,1,4.103513899999999,126.73309760000001,709.4582643687502,2,0.0,0
8873b0126dfffff,2,SULAWESI UTARA,1,3.8372164499999997,126.69431975,217.64951778448003,2,0.0,0
8873b0105bfffff,2,SULAWESI UTARA,1,3.808772435,126.76331705000001,461.3086092608081,2,0.0,0
88739bade7fffff,2,PAPUA BARAT DAYA,1,-0.500608605,132.081425505,515.7379497602523,0,0.0,0
88739b58e7fffff,2,PAPUA BARAT DAYA,1,-1.0271599249999999,131.29512265,634.1870107352223,1,0.0,0
88739b5835fffff,2,PAPUA BARAT DAYA,2,-1.02806556,131.26258511499998,0.003335312177940999,1,0.0,0
88739b5335fffff,2,PAPUA BARAT DAYA,1,-0.86011573,131.25841659999998,334.1512253307891,0,0.0,0
88739b5149fffff,2,PAPUA BARAT DAYA,1,-0.86962546,131.25136064999998,762.5768491007574,1,0.0,0
88739b5119fffff,2,PAPUA BARAT DAYA,1,-0.8829681199999999,131.28998280000002,613.7657935775235,1,0.0,0
88739b510bfffff,2,PAPUA BARAT DAYA,1,-0.887997605,131.27552895000002,494.4680131512061,0,0.0,0
88739b4d59fffff,2,PAPUA BARAT DAYA,1,-1.12159517,131.487989785,549.0578590264417,2,0.0,0
88739b2531fffff,2,PAPUA PEGUNUNGAN,1,-0.75734375,132.26490075,352.0309362985836,0,0.0,0
888c104c33fffff,2,JAWA BARAT,1,-6.17681885,106.99586830000001,457.5221200728462,1,0.0,0
888c10411bfffff,2,JAWA BARAT,1,-6.261264865,107.13585835500001,893.3693623271246,2,775000.0,1
888c10135dfffff,2,JAWA BARAT,1,-6.765531985,107.049683565,901.5824574409611,2,0.0,0
888c100ecdfffff,2,JAWA BARAT,1,-6.594288605,106.7624127,615.9516406574456,2,1638000.0,1
888c100ec9fffff,2,JAWA BARAT,1,-6.60128175,106.75787215,400.7925397733714,2,0.0,0
888c100e57fffff,2,JAWA BARAT,1,-6.594843065,106.78637355000001,442.8998861920465,2,0.0,0
888c100e53fffff,2,JAWA BARAT,1,-6.604356205,106.78534325,661.5365598503067,2,0.0,0
888c100e0bfffff,2,JAWA BARAT,1,-6.5873013,106.7939236,481.8270823879074,2,0.0,0
888c100e09fffff,2,JAWA BARAT,1,-6.58731413,106.8021432,656.5394996775328,2,0.0,0
888c100231fffff,2,JAWA BARAT,1,-6.672841875,106.8912837,820.8638822725499,2,0.0,0
888c1000bdfffff,2,JAWA BARAT,1,-6.618754895,106.81769005000001,343.60235599340757,2,18757000.0,1
888c100081fffff,2,JAWA BARAT,1,-6.630925120000001,106.82411825,441.4806953879605,2,0.0,0
8873b6c6e7fffff,2,SULAWESI UTARA,1,3.58518943,125.491806355,841.2436842515624,1,0.0,0
8873b6c689fffff,2,SULAWESI UTARA,1,3.60731643,125.50713905,647.8426610351155,1,0.0,0
8873b68995fffff,2,SULAWESI UTARA,1,3.64305405,125.56556889000001,799.1237396052379,2,0.0,0
8873b611abfffff,2,SULAWESI UTARA,1,3.5080920100000004,125.6503843,536.8946928286965,1,0.0,0
888c106ea5fffff,2,BANTEN,1,-6.18825019,106.58178935000001,597.4916759397126,2,0.0,0
888c106c47fffff,2,BANTEN,1,-6.1786124099999995,106.6189488,554.4574885449049,2,8700000.0,1
888c106c45fffff,2,BANTEN,1,-6.1778441399999995,106.6259209,793.4844269333928,0,0.0,0
888c106c13fffff,2,BANTEN,2,-6.17356832,106.5770745,351.06056589720356,2,0.0,0
888c106c09fffff,2,BANTEN,1,-6.17684542,106.60890739999999,693.5941966763613,2,8700000.0,1
888c106b5dfffff,2,DKI JAKARTA,1,-6.152598885,106.82018665000001,451.78939433808284,0,0.0,0
888c106b55fffff,2,DKI JAKARTA,1,-6.146173885,106.81492259999999,454.31022568269725,0,0.0,0
888c106b53fffff,2,DKI JAKARTA,1,-6.15201478,106.80462735,447.05033451519773,2,17400000.0,1
888c106b51fffff,2,DKI JAKARTA,1,-6.15251248,106.8123504,494.51172684835876,2,100650000.0,1
888c106b4bfffff,2,DKI JAKARTA,1,-6.153609980000001,106.83112675,447.716013933871,1,183009500.0,1
888c106b43fffff,2,DKI JAKARTA,2,-6.1441360199999995,106.8256985,646.1517212946198,1,0.0,0
888c106b1dfffff,2,DKI JAKARTA,1,-6.136859725,106.80674909999999,547.1380043201603,2,0.0,0
888c106a45fffff,2,DKI JAKARTA,1,-6.18511655,106.80346005000001,497.19524299096827,1,0.0,0
888c1061c7fffff,2,BANTEN,1,-6.232958195,106.70155059999999,551.4613135448836,1,0.0,0
888c1061adfffff,2,BANTEN,1,-6.20299182,106.70390205,919.4768791935037,1,0.0,0
888c106157fffff,2,BANTEN,1,-6.24194256,106.7382099,581.797675901026,0,0.0,0
888c10896dfffff,2,JAWA BARAT,1,-6.794416525,107.16176881999999,650.2901660163528,2,0.0,0
888c1079c9fffff,2,DKI JAKARTA,1,-6.203163635,106.860594,372.41560755503303,1,0.0,0
888c1079c7fffff,2,DKI JAKARTA,1,-6.188651325,106.85769540000001,669.4098540753623,2,0.0,0
888c1079c3fffff,2,DKI JAKARTA,1,-6.19347574,106.8496354,652.9098996171293,0,0.0,0
888c1079a9fffff,2,DKI JAKARTA,1,-6.168234995000001,106.853496,640.1850031771346,0,0.0,0
888c10799dfffff,2,DKI JAKARTA,1,-6.1884415,106.83009425,760.0983387330184,0,0.0,0
888c10799bfffff,2,DKI JAKARTA,1,-6.19367602,106.81658505,710.0523677554752,1,0.0,0
888c10798dfffff,2,DKI JAKARTA,1,-6.17950667,106.85254515,489.19648640527487,1,0.0,0
888c107981fffff,2,DKI JAKARTA,1,-6.183335085,106.84325695,625.961301412463,0,0.0,0
888c1078cdfffff,2,DKI JAKARTA,1,-6.2457861900000005,106.82893425,676.65948414243,1,0.0,0
888c107857fffff,2,DKI JAKARTA,1,-6.24711592,106.854852,492.56093532142694,0,0.0,0
888c10783dfffff,2,DKI JAKARTA,2,-6.21705025,106.85931955,604.0167957529251,1,0.0,0
888c10782bfffff,2,DKI JAKARTA,1,-6.2197536200000005,106.86884620000001,550.4322734384365,0,0.0,0
888c10780bfffff,2,DKI JAKARTA,2,-6.240236,106.86289035,421.9702255517582,1,12303600.0,1
888c1072c5fffff,2,JAWA BARAT,1,-6.438796755,106.8066489,810.6594068661802,0,0.0,0
888c106f0dfffff,2,BANTEN,1,-6.170595005,106.67520404999999,521.7235232986509,0,0.0,0
888c138edbfffff,2,BANTEN,1,-6.222420315,106.14073139999999,530.9595495557447,2,0.0,0
888c138dc7fffff,2,BANTEN,1,-6.1034549,106.1772809,616.8321756849458,2,169276600.0,2
888c132d45fffff,2,LAMPUNG,1,-5.71961138,105.65594225,389.60263915432296,2,0.0,0
888c132c09fffff,2,LAMPUNG,1,-5.7669473149999995,105.6053331,552.1794157903212,1,0.0,0
888c132825fffff,2,LAMPUNG,1,-5.68961997,105.76751475,659.8157848918923,2,0.0,0
888c13140bfffff,2,BANTEN,1,-6.048725535,106.07709037999999,583.0947220094284,2,20880000.0,1
888c12b21bfffff,2,JAWA BARAT,1,-6.1073330299999995,107.06484531000001,524.6137787744452,2,0.0,0
888c10db33fffff,2,JAWA BARAT,1,-6.60399501,107.48453286,500.90350551925616,2,0.0,0
888c10dab7fffff,2,JAWA BARAT,1,-6.64186777,107.3953287,528.9508562283772,0,0.0,0
888c10d8d1fffff,2,JAWA BARAT,1,-6.632243454999999,107.38236775499999,514.020500228132,2,0.0,0
888c10d607fffff,2,JAWA BARAT,1,-6.848458335,107.270208335,737.9450743479632,1,0.0,0
888c10d4cbfffff,2,JAWA BARAT,1,-6.8252905649999995,107.19901780000001,736.3457824717857,2,0.0,0
888c10c339fffff,2,JAWA BARAT,1,-6.649963550000001,107.34204120000001,751.3043403671895,2,0.0,0
888c108ee7fffff,2,JAWA BARAT,1,-6.923117625,106.92636805000001,655.6514419608177,1,235100000.0,1
888c108c61fffff,2,JAWA BARAT,1,-6.883069795,106.96408075,666.4490642500671,2,0.0,0
888c1089b9fffff,2,JAWA BARAT,1,-6.78705693,107.06018888,878.1734184858827,2,116300000.0,1
888c145257fffff,2,JAWA BARAT,1,-7.202787069999999,107.99216855,708.2363995608164,2,0.0,0
888c144e43fffff,2,JAWA BARAT,1,-6.997359125,107.7989567,570.7735426197763,1,0.0,0
888c144e25fffff,2,JAWA BARAT,1,-6.95176156,107.802567375,339.80572829967986,2,0.0,0
888c144cbdfffff,2,JAWA BARAT,1,-6.913018485,107.6997264,691.9670279409629,2,0.0,0
888c144c97fffff,2,JAWA BARAT,1,-6.924613734999999,107.68410524999999,757.8595547974007,2,0.0,0
888c144939fffff,2,JAWA BARAT,1,-6.832530225,107.943338915,613.3585665951059,2,0.0,0
888c144933fffff,2,JAWA BARAT,1,-6.823788905,107.93104893,888.0601382164159,2,0.0,0
888c144823fffff,2,JAWA BARAT,1,-6.86367373,107.91826101999999,181.30487318060077,1,0.0,0
888c1446a5fffff,2,JAWA BARAT,1,-7.09662924,107.69935149,764.6285437614772,2,624000.0,1
888c14425dfffff,2,JAWA BARAT,1,-7.1058338899999995,107.8978352,533.1533082244414,2,0.0,0
888c144097fffff,2,JAWA BARAT,1,-7.029484265000001,107.790002595,488.25153191740236,1,0.0,0
888c1408b3fffff,2,JAWA BARAT,1,-7.204073225,107.59153107,461.5599019430331,1,0.0,0
888c13d6e1fffff,2,BANTEN,1,-6.105924855,106.48630502500001,0.03271696305542508,2,0.0,0
888c13b441fffff,2,BANTEN,1,-6.39494765,105.8511493,532.435048294094,1,250000.0,1
888c13b407fffff,2,BANTEN,1,-6.37325455,105.83250355,524.0919292223123,2,0.0,0
888c13991dfffff,2,BANTEN,1,-6.169538705000001,106.47417519999999,533.0726096585845,0,0.0,0
888c147989fffff,2,JAWA BARAT,1,-6.9306214399999995,107.59628495,383.87827069453226,1,0.0,0
888c147939fffff,2,JAWA BARAT,1,-6.9170188800000005,107.63761075,740.004851329352,2,0.0,0
888c147931fffff,2,JAWA BARAT,1,-6.90743246,107.6356624,440.00017279921803,2,39650000.0,1
888c147929fffff,2,JAWA BARAT,1,-6.909939355,107.66025375000001,754.418402167697,2,55028000.0,2
888c147921fffff,2,JAWA BARAT,1,-6.90370373,107.65363795,315.69402805311887,2,65607000.0,1
888c147913fffff,2,JAWA BARAT,1,-6.928380435,107.62245469999999,543.6305605283751,2,0.0,0
888c147903fffff,2,JAWA BARAT,1,-6.92658315,107.6412116,358.89830176847346,2,0.0,0
888c14788bfffff,2,JAWA BARAT,1,-6.97756045,107.5511591,437.497433967173,2,17875000.0,1
888c147843fffff,2,JAWA BARAT,1,-6.985402690000001,107.62195391,315.118337148054,2,3384000.0,1
888c147815fffff,2,JAWA BARAT,1,-6.97233233,107.597755495,760.1494835287531,2,0.0,0
888c147211fffff,2,JAWA BARAT,1,-7.17449595,107.569401,482.8850448804585,0,0.0,0
888c147131fffff,2,JAWA BARAT,1,-7.059307095,107.586362235,448.97202346315623,2,0.0,0
888c146b59fffff,2,JAWA BARAT,2,-6.899115845,107.5642569,356.6236766714851,1,0.0,0
888c146b11fffff,2,JAWA BARAT,1,-6.875120015,107.54365175000001,717.7106402174281,0,0.0,0
888c146b05fffff,2,JAWA BARAT,1,-6.861516425,107.57273695,393.21447390729054,2,0.0,0
888c145969fffff,2,JAWA BARAT,1,-6.944040599999999,108.08740395000001,402.49273985226176,2,0.0,0
888c162f37fffff,2,JAWA BARAT,1,-6.19407195,107.4721393,293.5750756473339,2,0.0,0
888c160143fffff,2,JAWA BARAT,1,-6.305611885,107.995153335,454.5493563859123,2,0.0,0
888c160039fffff,2,JAWA BARAT,1,-6.329133595,107.94092741,251.03297594839583,2,0.0,0
888c14cdb5fffff,2,JAWA BARAT,1,-7.21365133,107.90155150000001,366.5308496908222,2,0.0,0
888c14c60dfffff,2,JAWA BARAT,1,-7.482963445,107.9181371,345.71252181756654,2,0.0,0
888c1479ebfffff,2,JAWA BARAT,1,-6.921207615,107.60755420000001,604.563317864473,2,0.0,0
888c1479e9fffff,2,JAWA BARAT,1,-6.921788515,107.61661129999999,528.0518186440984,2,0.0,0
888c1479c9fffff,2,JAWA BARAT,1,-6.94354605,107.61126145,619.9307385395023,0,0.0,0
888c1479c7fffff,2,JAWA BARAT,1,-6.930145395,107.60131645,159.49002035374818,2,0.0,0
888c1479c5fffff,2,JAWA BARAT,1,-6.92905386,107.6114006,386.08200987789974,1,0.0,0
888c1479b9fffff,2,JAWA BARAT,1,-6.913054635,107.57835925,533.7848526537474,2,0.0,0
888c1479abfffff,2,JAWA BARAT,1,-6.90673777,107.59367044999999,819.8429113441658,1,250000.0,1
888c1479a5fffff,2,JAWA BARAT,1,-6.89066228,107.60174420000001,502.80080719390014,2,6727500.0,1
888c14799dfffff,2,JAWA BARAT,1,-6.92622529,107.5776616,517.4940396182393,2,0.0,0
888c14798dfffff,2,JAWA BARAT,1,-6.92384294,107.59901885,598.1076015923047,1,0.0,0
888c14798bfffff,2,JAWA BARAT,1,-6.93012624,107.58644724999999,526.6991337507992,0,0.0,0
888c16c74bfffff,2,JAWA BARAT,1,-6.4274898799999995,108.28299764,115.37823379776817,2,0.0,0
888c16c56dfffff,2,JAWA BARAT,1,-6.349932115,108.27814208000001,244.2666272064723,2,0.0,0
888c16c28dfffff,2,JAWA BARAT,1,-6.40747326,108.33789617,375.6622102655637,2,24000.0,1
888c16c1d1fffff,2,JAWA BARAT,1,-6.32879592,108.33315175,476.5488344046361,2,0.0,0
888c16c043fffff,2,JAWA BARAT,1,-6.37425533,108.37168597,453.2794887304496,2,0.0,0
888c16b6d1fffff,2,JAWA BARAT,1,-6.89451262,107.6189615,732.9321746832395,2,0.0,0
888c16a5b5fffff,2,JAWA BARAT,1,-6.647219505000001,107.52230672,741.98077804577,0,0.0,0
888c16a437fffff,2,JAWA BARAT,1,-6.696430355,107.536441205,865.3843500900712,2,0.0,0
888c1696a3fffff,2,JAWA BARAT,1,-6.8740854549999995,108.03487555999999,279.618074126113,2,0.0,0
888c1690a9fffff,2,JAWA BARAT,1,-6.78607445,108.17536415000001,698.9417458186649,2,0.0,0
888c168715fffff,2,JAWA BARAT,1,-6.739855715,108.00817301500001,420.99793964019807,2,0.0,0
888c1686bbfffff,2,JAWA BARAT,1,-6.77895715,107.91224385000001,830.1059550914393,2,0.0,0
888c168653fffff,2,JAWA BARAT,1,-6.808384085,107.973636765,472.00929009315763,2,0.0,0
888c168621fffff,2,JAWA BARAT,1,-6.772223685,107.99659975,345.49863411277914,2,0.0,0
888c1636e1fffff,2,JAWA BARAT,1,-6.509918505,107.48301383500001,869.3210811733258,2,0.0,0
888c1635b9fffff,2,JAWA BARAT,1,-6.40855058,107.4592141,659.7844548912175,2,0.0,0
888c1aca61fffff,2,LAMPUNG,1,-5.35160132,104.78998695,481.5712842515668,2,0.0,0
888c1aca45fffff,2,LAMPUNG,1,-5.36342396,104.78910748999999,586.0649179298348,2,0.0,0
888c1ac855fffff,2,LAMPUNG,1,-5.316962480000001,104.74364865,515.7523173229878,2,0.0,0
888c1ac763fffff,2,LAMPUNG,1,-5.493306445,104.61634925,648.2055777460989,1,0.0,0
888c1ac46dfffff,2,LAMPUNG,1,-5.49195516,104.575168085,741.4540488254847,1,0.0,0
888c1ac443fffff,2,LAMPUNG,1,-5.510326975,104.55321885000001,686.5767619544949,2,0.0,0
888c1ac43bfffff,2,LAMPUNG,1,-5.487327125,104.52556085,648.8710601520381,2,0.0,0
888c1a661bfffff,2,LAMPUNG,1,-5.168572695,103.94268,349.04978645423455,2,0.0,0
888c1a6619fffff,2,LAMPUNG,1,-5.167060435,103.95325174999999,634.9452921265387,1,0.0,0
888c1a2b35fffff,2,LAMPUNG,1,-5.232735775,103.9505803,620.9441187161334,1,0.0,0
888c1a1a09fffff,2,LAMPUNG,1,-5.4454542,104.4636431,597.5242536095776,2,0.0,0
888c16d563fffff,2,JAWA BARAT,1,-6.455189355,108.36236577,213.85635646147054,2,0.0,0
888c16d4d7fffff,2,JAWA BARAT,1,-6.51975914,108.24957124,342.4757869534319,2,0.0,0
888c16d427fffff,2,JAWA BARAT,1,-6.47728811,108.31992942,657.7271755057293,2,0.0,0
888c16d23dfffff,2,JAWA BARAT,1,-6.4994245500000005,108.48811515,75.24935747049052,2,0.0,0
888c16c755fffff,2,JAWA BARAT,1,-6.420181475,108.269585415,86.67230558311753,1,0.0,0
88652836c5fffff,2,SUMATERA UTARA,1,1.31883391,99.67218438500001,759.0380787172259,2,0.0,0
88652835a3fffff,2,SUMATERA UTARA,1,1.457145345,99.6564305,748.6318700492686,2,0.0,0
88652831c1fffff,2,SUMATERA UTARA,1,1.4611627500000002,99.838429735,586.3127384819362,1,0.0,0
8865282da1fffff,2,SUMATERA UTARA,1,1.7311307949999999,99.59497739,528.1831972985169,2,0.0,0
886521d821fffff,2,RIAU,1,1.0080319750000002,102.70152350000001,687.7827393359565,2,0.0,0
88650dd305fffff,2,SUMATERA UTARA,1,2.99981066,99.16934806,322.5789938527381,2,0.0,0
88650dd2bdfffff,2,SUMATERA UTARA,1,2.961943755,99.05627805,437.17101823586563,0,0.0,0
88650dd2b9fffff,2,SUMATERA UTARA,1,2.956754025,99.049358895,627.8163611778942,1,0.0,0
88650dd2abfffff,2,SUMATERA UTARA,1,2.96359337,99.06433977,445.99030162758504,2,0.0,0
88650dd2a5fffff,2,SUMATERA UTARA,1,2.97710017,99.073880925,467.83530869093045,1,0.0,0
88650dd2a1fffff,2,SUMATERA UTARA,1,2.971342615,99.06716454,569.8908073792657,0,0.0,0
88650dd29dfffff,2,SUMATERA UTARA,1,2.9405869200000003,99.04880864500001,346.1086687743918,1,0.0,0
88650dd28dfffff,2,SUMATERA UTARA,1,2.94731862,99.073452675,262.5288725378189,0,0.0,0
88650dd289fffff,2,SUMATERA UTARA,1,2.938173675,99.0661046,734.0341203080591,1,0.0,0
888c1e793dfffff,2,LAMPUNG,1,-5.712567515,105.0531673,112.55676054532383,1,0.0,0
888c1e4d89fffff,2,LAMPUNG,1,-5.69259143,105.16258255,799.6191584588631,0,0.0,0
888ca981b7fffff,2,LAMPUNG,1,-4.6634845,104.72940805,576.430044338809,1,0.0,0
888ca82553fffff,2,LAMPUNG,1,-4.06195275,105.13617885,264.17049948947295,2,0.0,0
888ca80ee7fffff,2,LAMPUNG,2,-4.00484339,105.56248005,563.2889241046099,2,619880000.0,1
888c955141fffff,2,KALIMANTAN BARAT,1,-0.0088344,109.25333881,0.002223898566605612,1,0.0,0
888c9426a5fffff,2,KALIMANTAN BARAT,1,-0.022953204999999997,109.33102885,516.4858232049644,2,0.0,0
888c900c91fffff,2,KALIMANTAN BARAT,1,0.913557805,108.98665045,537.7818607691787,2,0.0,0
888c89cd93fffff,2,JAMBI,1,-1.597977975,103.623436,590.1772308064099,2,0.0,0
888c895669fffff,2,JAMBI,1,-1.5904353649999998,103.61974748,452.1030267310704,0,0.0,0
888c895663fffff,2,JAMBI,1,-1.58159483,103.60876206,532.1269387623679,0,0.0,0
888c895647fffff,2,JAMBI,1,-1.5963565800000001,103.60772885,600.8537635020218,0,0.0,0
888c895645fffff,2,JAMBI,1,-1.59473237,103.6151785,482.6564888804382,0,0.0,0
888c895641fffff,2,JAMBI,1,-1.6061741349999998,103.61052685,653.6804493528928,1,0.0,0
888c81a8e9fffff,2,KEPULAUAN BANGKA BELITUNG,1,-2.1299698850000004,106.10166835000001,610.099222370962,2,0.0,0
888c81a81bfffff,2,KEPULAUAN BANGKA BELITUNG,1,-2.145882995,106.110388,765.6562040498624,1,0.0,0
888c8196d1fffff,2,KEPULAUAN BANGKA BELITUNG,1,-2.540609025,106.42452685,145.04219580936967,2,0.0,0
8865286db1fffff,2,SUMATERA UTARA,1,2.092197015,99.825063815,237.29478293208007,2,111615000.0,1
888cada529fffff,2,LAMPUNG,1,-5.45690606,105.00841564999999,665.2077703244362,1,0.0,0
888cad116dfffff,2,LAMPUNG,1,-5.18762365,105.5421762,464.05088167502856,1,0.0,0
888cad0b65fffff,2,LAMPUNG,1,-4.975717585,105.49914157,709.1419504234944,2,0.0,0
888cab7529fffff,2,SUMATERA SELATAN,1,-3.016510885,104.74612555,751.7173216926415,1,0.0,0
888cab7131fffff,2,SUMATERA SELATAN,1,-2.96876601,104.87858231999999,0.004441825467764971,0,0.0,0
888cab6253fffff,2,SUMATERA SELATAN,1,-3.004766205,104.7555204,598.0013346370408,1,0.0,0
888cab6239fffff,2,SUMATERA SELATAN,1,-2.97223547,104.75853244999999,460.3654172967673,0,0.0,0
888cab6215fffff,2,SUMATERA SELATAN,1,-2.9820091250000003,104.7553989,508.9377306819149,2,0.0,0
888cab6211fffff,2,SUMATERA SELATAN,1,-2.98812303,104.7486963,534.5521460986051,2,74726000.0,1
888cab3a4dfffff,2,SUMATERA SELATAN,1,-3.30314802,104.7055108,681.8281657895249,2,0.0,0
888cab3011fffff,2,SUMATERA SELATAN,1,-3.39199331,104.58475505,877.9958213694252,2,0.0,0
888cab0463fffff,2,SUMATERA SELATAN,1,-3.338680465,104.77527345,449.5376390609687,2,0.0,0
888ca9ba0dfffff,2,LAMPUNG,1,-4.726795705,104.54007290000001,910.2147255890754,2,0.0,0
888ca99403fffff,2,KALIMANTAN SELATAN,2,-4.8909319700000005,104.71834095,613.3790827954343,1,0.0,0
888ca9931dfffff,2,LAMPUNG,1,-4.86026399,104.93000775,563.749689539004,2,0.0,0
888ca99027fffff,2,LAMPUNG,1,-4.8198723900000005,104.8851501,590.5839359420218,2,0.0,0
88650dcd61fffff,2,SUMATERA UTARA,1,3.2954014899999997,98.92261500000001,505.8973970408714,2,0.0,0
88650d7833fffff,2,SUMATERA UTARA,1,3.6064016800000003,98.48810663,463.9115443883714,2,0.0,0
88650d5a95fffff,2,SUMATERA UTARA,1,3.5076102149999997,98.899148485,296.04658581415515,2,0.0,0
88650d5895fffff,2,SUMATERA UTARA,1,3.561351515,98.87375821,426.75236689284384,0,0.0,0
88650d5183fffff,2,SUMATERA UTARA,1,3.45251355,98.874329185,459.69744594209743,2,0.0,0
88650d4ee9fffff,2,SUMATERA UTARA,1,3.5778361800000003,98.66459007,596.7308575724406,2,0.0,0
88650d4eabfffff,2,SUMATERA UTARA,1,3.59661964,98.6377742,517.728320866595,2,2400000.0,1
88650d4e65fffff,2,SUMATERA UTARA,1,3.59023251,98.730053755,648.5925865174106,2,0.0,0
888cadb999fffff,2,LAMPUNG,1,-5.397573469999999,105.23120750000001,576.2813967463603,0,0.0,0
888cadb857fffff,2,LAMPUNG,1,-5.450172235,105.26621845,526.8093179208931,1,0.0,0
888cadb853fffff,2,LAMPUNG,1,-5.45674503,105.25905764999999,477.67476428385476,0,0.0,0
888cadb83dfffff,2,LAMPUNG,1,-5.41998685,105.26612564999999,526.6981936668225,1,0.0,0
888cadb83bfffff,2,LAMPUNG,1,-5.427474484999999,105.253146,680.7530434472366,1,0.0,0
888cadb839fffff,2,LAMPUNG,1,-5.4281954,105.26371979999999,613.2371529382619,1,0.0,0
888cadb81dfffff,2,LAMPUNG,1,-5.44272244,105.2604134,552.9978510606882,1,0.0,0
888cadace5fffff,2,LAMPUNG,1,-5.351871595,104.974672105,345.2075212680935,0,0.0,0
888cd336d5fffff,2,SUMATERA BARAT,1,-0.6079037549999999,100.1409127,712.0541286436719,2,0.0,0
888cd336d1fffff,2,SUMATERA BARAT,1,-0.6173534549999999,100.1378571,696.406678357394,2,0.0,0
888cd336c5fffff,2,SUMATERA BARAT,1,-0.599902935,100.16253979999999,546.311631561722,2,0.0,0
888cd336bdfffff,2,SUMATERA BARAT,1,-0.575887735,100.13701764999999,691.6177924384702,2,0.0,0
888cd336bbfffff,2,SUMATERA BARAT,1,-0.586964695,100.1214386,595.7224072948658,2,0.0,0
888cd3314dfffff,2,SUMATERA BARAT,1,-0.46542110999999997,100.40146684999999,300.147480597405,1,0.0,0
888cd308b7fffff,2,SUMATERA BARAT,1,-0.23039049,100.62134105,669.9438559069351,1,0.0,0
888cd308adfffff,2,SUMATERA BARAT,1,-0.23538434,100.6573405,869.5388065114543,2,0.0,0
888cd2d2adfffff,2,RIAU,1,-0.29962458000000003,102.30456720000001,645.2541853712978,1,0.0,0
888cd2bb3bfffff,2,RIAU,1,-0.43588602,101.72873815,704.8734459801537,0,0.0,0
888cd2bb39fffff,2,RIAU,1,-0.43756478,101.73710415,314.6119393425732,2,0.0,0
888cd28e19fffff,2,RIAU,1,-0.46706829,101.85487085,777.7762609696117,2,0.0,0
888cd012d5fffff,2,SUMATERA BARAT,1,-1.40279281,101.54063269,0.002223232170779985,1,0.0,0
888cadb9c7fffff,2,LAMPUNG,1,-5.39208459,105.261482,508.7840577931289,2,0.0,0
888cadb9abfffff,2,LAMPUNG,1,-5.36851296,105.24994995,576.5234285478682,1,0.0,0
88650dd287fffff,2,SUMATERA UTARA,1,2.95499949,99.05945771,463.48148671685357,1,0.0,0
888cd3b455fffff,2,SUMATERA BARAT,1,-0.94666076,100.3628542,384.0435315553539,2,18500.0,1
888cd3b449fffff,2,SUMATERA BARAT,1,-0.95360739,100.38439844999999,602.0183920628383,2,92846500.0,1
888cd3b409fffff,2,SUMATERA BARAT,1,-0.936269705,100.36646515000001,615.392935084551,2,0.0,0
888cd38f39fffff,2,SUMATERA BARAT,1,-0.6849704299999999,100.778164,447.1661373267725,0,0.0,0
888cd3858bfffff,2,SUMATERA BARAT,1,-0.797419425,100.6508292,585.8963551310052,1,0.0,0
888cd38581fffff,2,SUMATERA BARAT,1,-0.791916735,100.65590320000001,160.44101564854108,0,0.0,0
888cd3724bfffff,2,SUMATERA BARAT,1,-0.2252565,100.62844785,350.3487744039184,0,0.0,0
888cd37249fffff,2,SUMATERA BARAT,1,-0.226746365,100.6373545,703.6511590082596,2,0.0,0
888cd37241fffff,2,SUMATERA BARAT,1,-0.21641172,100.63247989999999,742.7793433199529,2,0.0,0
888cd339cbfffff,2,SUMATERA BARAT,1,-0.31293746499999997,100.36887669999999,657.7743196074701,0,0.0,0
888cd339c9fffff,2,SUMATERA BARAT,1,-0.31287157,100.37920890000001,588.8615765797172,1,0.0,0
888cd339c3fffff,2,SUMATERA BARAT,1,-0.30469433,100.36595779999999,563.5450739964743,1,2517600.0,1
888cd339c1fffff,2,SUMATERA BARAT,1,-0.304650555,100.37478759999999,490.47463124665035,0,0.0,0
888cd3398dfffff,2,SUMATERA BARAT,1,-0.289105805,100.36886265000001,733.2305078925867,0,0.0,0
888cd3381dfffff,2,SUMATERA BARAT,1,-0.34794531,100.37220465,225.78282083399765,2,0.0,0
888cd336dbfffff,2,SUMATERA BARAT,1,-0.623813665,100.12931015000001,453.7715152209033,2,0.0,0
88650d4e3dfffff,2,SUMATERA UTARA,1,3.591797295,98.69206073000001,442.2259067559705,2,0.0,0
88650d4e31fffff,2,SUMATERA UTARA,1,3.594024555,98.68350569500001,532.6271544927793,2,0.0,0
88650d4e2bfffff,2,SUMATERA UTARA,1,3.592650625,98.701731155,540.5797291052045,2,0.0,0
88650d4e23fffff,2,SUMATERA UTARA,1,3.59842817,98.701201775,643.9130641897532,2,0.0,0
88650d4e1dfffff,2,SUMATERA UTARA,1,3.57017834,98.68582402,535.1826753505331,2,0.0,0
88650d4e0dfffff,2,SUMATERA UTARA,1,3.575575035,98.70688415000001,428.3898413053716,2,0.0,0
88650d4e0bfffff,2,SUMATERA UTARA,1,3.570630845,98.69540777,504.3755469821948,2,0.0,0
88650d4e07fffff,2,SUMATERA UTARA,1,3.584567715,98.69645252000001,316.8633650238564,2,0.0,0
88650d4e03fffff,2,SUMATERA UTARA,1,3.5761006049999997,98.69117252999999,396.0414860885961,2,0.0,0
888cd540c1fffff,2,JAMBI,1,-1.969501265,101.3477596,375.9409284453336,1,0.0,0
888cd54049fffff,2,JAMBI,1,-1.986225835,101.41087429999999,526.9458819277204,2,0.0,0
888cd54013fffff,2,JAMBI,1,-1.966788115,101.36102045,358.3413022588918,2,0.0,0
888cd4680bfffff,2,JAMBI,1,-1.48961691,102.11267131,766.8405156216387,2,0.0,0
888cd3b6e5fffff,2,SUMATERA BARAT,1,-0.96472839,100.3572403,521.9540465097107,2,0.0,0
888cd3b637fffff,2,SUMATERA BARAT,1,-0.96209207,100.3701283,429.9189082503262,2,0.0,0
888cd3b62bfffff,2,SUMATERA BARAT,1,-0.969104295,100.39112505,669.0546416221649,2,0.0,0
888cd552a1fffff,2,JAMBI,1,-2.10385666,101.47590955,704.0439543216794,2,0.0,0
888cd5529dfffff,2,JAMBI,1,-2.12907317,101.457093875,395.0703275506261,2,0.0,0
888cd550ebfffff,2,JAMBI,1,-2.07016283,101.46150423,603.1429302291725,2,0.0,0
888cd550d5fffff,2,JAMBI,1,-2.08549912,101.4414509,663.215648606698,1,0.0,0
888cd550c7fffff,2,JAMBI,1,-2.076735365,101.45694265,354.1870024310497,1,0.0,0
888cd550bbfffff,2,JAMBI,1,-2.06074164,101.42155944999999,812.6804029578367,2,0.0,0
888cd55093fffff,2,JAMBI,1,-2.0777694049999997,101.4130426,727.7970164087045,2,0.0,0
888cd55083fffff,2,JAMBI,1,-2.06837668,101.4348664,719.0671807764354,1,0.0,0
888cd55013fffff,2,JAMBI,1,-2.0810977,101.47237228,387.0523871110255,2,0.0,0
888cd542e9fffff,2,JAMBI,1,-2.011038895,101.3839769,416.28140807722195,2,0.0,0
888cd54287fffff,2,JAMBI,1,-2.0024114600000003,101.35395755,664.920878920399,2,0.0,0
888cd54233fffff,2,JAMBI,1,-1.9977578349999998,101.39093205,348.6300638900014,2,0.0,0
888cd54219fffff,2,JAMBI,2,-2.02879116,101.39675162500001,528.6514408036321,1,0.0,0
888cd540cdfffff,2,JAMBI,1,-1.9734100300000001,101.35710975,402.5732078812938,1,0.0,0
888cd540cbfffff,2,JAMBI,1,-1.9775720950000002,101.34049680000001,424.58103651937563,0,0.0,0
88650d4e55fffff,2,SUMATERA UTARA,1,3.5628377,98.70121359999999,576.4929496899201,2,22308000.0,1
88650d4719fffff,2,SUMATERA UTARA,1,3.454356495,98.675186765,641.0315968876833,2,0.0,0
88650d4625fffff,2,SUMATERA UTARA,1,3.447415325,98.67062276499999,718.5498389765906,2,0.0,0
88650d4623fffff,2,SUMATERA UTARA,1,3.442057,98.65109749999999,262.45693728852433,0,0.0,0
88650d44e9fffff,2,SUMATERA UTARA,1,3.4766999700000003,98.59410141000001,686.5533721815038,2,0.0,0
88650d436dfffff,2,SUMATERA UTARA,1,3.516151995,98.88975546500001,612.7251702417368,2,0.0,0
88650d3a49fffff,2,SUMATERA UTARA,1,3.14521145,98.30913029999999,307.0993571618226,2,0.0,0
88650d2dc9fffff,2,ACEH,1,3.3348043,97.973406515,476.7403008003985,0,0.0,0
88650d2dc3fffff,2,ACEH,1,3.3439637700000002,97.959504505,896.7193926883727,1,0.0,0
88650d2d19fffff,2,ACEH,1,3.3432568,97.996011375,521.8418888138249,0,0.0,0
88650d2cedfffff,2,ACEH,1,3.314408515,97.94899197000001,245.60048059656302,1,0.0,0
88650d0437fffff,2,SUMATERA UTARA,1,3.13388867,98.35497542499999,668.6542670970318,1,0.0,0
88650d01d5fffff,2,SUMATERA UTARA,1,3.19147787,98.51139208000001,560.6475622482162,2,0.0,0
88650cb32dfffff,2,SUMATERA UTARA,1,2.983425025,99.61912592,281.47918720292427,1,0.0,0
888cd5552dfffff,2,JAMBI,1,-2.0433732850000004,101.39730865,730.5443156509671,1,0.0,0
888cd55527fffff,2,JAMBI,1,-2.034871195,101.38595705,490.26621819779984,1,0.0,0
888cd552e5fffff,2,JAMBI,1,-2.11139221,101.49605415,314.2003677121198,2,0.0,0
888cded93bfffff,2,SUMATERA BARAT,1,-0.63988372,100.14953525,614.4026293639179,2,0.0,0
888cded923fffff,2,SUMATERA BARAT,1,-0.627437085,100.1685873,467.6010536752949,2,0.0,0
888cded907fffff,2,SUMATERA BARAT,1,-0.6411887549999999,100.16764384999999,570.5032312428925,2,0.0,0
888cdecb61fffff,2,SUMATERA BARAT,1,-0.582841645,100.10388225,537.8780390191412,2,0.0,0
888cdbccb5fffff,2,SUMATERA UTARA,1,-0.0789977,97.85389889999999,20.58883296293974,0,0.0,0
888cda3647fffff,2,SUMATERA UTARA,1,-0.08837478,98.28547660500001,602.516338366636,1,0.0,0
888cda3629fffff,2,SUMATERA UTARA,1,-0.06591831000000001,98.28141075,426.1282104972207,1,0.0,0
888cda3625fffff,2,SUMATERA UTARA,1,-0.049027854999999995,98.28037810500001,363.6612919198101,1,0.0,0
888cda3621fffff,2,SUMATERA UTARA,1,-0.05866062,98.27845587499999,450.2700652059001,0,0.0,0
888cda3519fffff,2,SUMATERA UTARA,1,0.01134075,98.25937733500001,305.8617394252165,0,0.0,0
888cda344dfffff,2,SUMATERA UTARA,1,-0.042268375,98.27015458,584.1530389546798,2,0.0,0
888cd58161fffff,2,BENGKULU,1,-2.638994085,101.3826114,679.1561367819395,2,0.0,0
888cd55765fffff,2,JAMBI,1,-2.10941008,101.4349841,562.6241066215716,2,0.0,0
888cd55725fffff,2,JAMBI,1,-2.09053283,101.4211823,704.7967997564257,0,0.0,0
888cd5556bfffff,2,JAMBI,1,-2.06498528,101.39644765,173.82089660324823,1,0.0,0
88650d4c5dfffff,2,SUMATERA UTARA,1,3.609873725,98.67886419999999,497.2033772134865,1,0.0,0
88650c34ebfffff,2,SUMATERA UTARA,1,3.32306572,99.145253795,597.799698246614,2,0.0,0
88650c343bfffff,2,SUMATERA UTARA,1,3.3301038700000003,99.167141285,555.1487210264924,2,0.0,0
88650c3417fffff,2,SUMATERA UTARA,1,3.3229097,99.16252693,554.2166863031277,2,0.0,0
88650c321dfffff,2,SUMATERA UTARA,1,3.2961998,99.36275825000001,741.4667510257879,2,0.0,0
88650c16d5fffff,2,SUMATERA UTARA,1,3.216199705,99.59106288,474.2241059800924,2,0.0,0
88650c169dfffff,2,SUMATERA UTARA,1,3.2269877549999997,99.57806737,443.07876694161604,2,0.0,0
88650c1699fffff,2,SUMATERA UTARA,1,3.22000705,99.574286365,635.3482937670303,2,0.0,0
888cf021abfffff,2,BENGKULU,1,-3.79090294,102.2676375,371.6765619562211,2,0.0,0
888cf021a3fffff,2,BENGKULU,1,-3.781967,102.2668004,538.2561397164912,2,0.0,0
888cf021a1fffff,2,BENGKULU,1,-3.7864157499999997,102.2770744,601.7225582436785,2,0.0,0
888cf0211bfffff,2,BENGKULU,1,-3.8228586,102.30117725,654.686974808545,2,0.0,0
888cf02111fffff,2,BENGKULU,1,-3.8144478,102.30865575,602.2765861122775,2,0.0,0
888cf02021fffff,2,BENGKULU,1,-3.836333985,102.30204889999999,678.5638067361298,2,0.0,0
888cf019a5fffff,2,SUMATERA SELATAN,1,-3.762069725,102.86679129999999,821.6857831578076,2,0.0,0
888cded9e5fffff,2,SUMATERA BARAT,1,-0.631226415,100.13264365,504.96545323596354,2,0.0,0
888cded9e1fffff,2,SUMATERA BARAT,1,-0.63869906,100.12941095,475.569363527476,2,0.0,0
888cf07287fffff,2,BENGKULU,1,-3.66448923,102.617434285,806.8351701679378,2,0.0,0
888cf070dbfffff,2,BENGKULU,1,-3.645774235,102.5814161,500.7987723463157,2,0.0,0
888cf061ebfffff,2,BENGKULU,1,-3.459126645,102.53586874999999,453.40221782542426,2,0.0,0
888cf061d1fffff,2,BENGKULU,1,-3.480521475,102.51226065,735.8063593061847,1,0.0,0
888cf061c3fffff,2,BENGKULU,1,-3.47298063,102.5254812,512.0881261112593,2,0.0,0
888cf061c1fffff,2,BENGKULU,1,-3.4724339750000004,102.53601434999999,530.8607794065381,2,0.0,0
888cf0618dfffff,2,BENGKULU,1,-3.459214855,102.52740555,413.92871391568383,2,0.0,0
888cf06189fffff,2,BENGKULU,1,-3.464585675,102.52247295000001,445.0221877528677,1,0.0,0
888cf060ebfffff,2,BENGKULU,1,-3.50819369,102.50110384999999,646.9235887113042,1,0.0,0
888cf060e5fffff,2,BENGKULU,2,-3.495191865,102.51181305,785.4315128068475,2,0.0,0
888cf0603bfffff,2,BENGKULU,1,-3.502532,102.52038404999999,568.7726208568664,1,0.0,0
888cf031c9fffff,2,BENGKULU,1,-3.942181025,102.3987781,456.940956742081,1,0.0,0
888cf021bbfffff,2,BENGKULU,1,-3.794797665,102.2506695,345.4712844450013,2,0.0,0
88650cad65fffff,2,SUMATERA UTARA,1,3.2667963799999997,99.3697338,807.1574173132949,2,0.0,0
88650c95e7fffff,2,SUMATERA UTARA,1,2.9603382050000002,99.811195285,542.8645764042832,0,0.0,0
88650c95a5fffff,2,SUMATERA UTARA,1,2.976070085,99.802950225,344.7837836891908,2,0.0,0
888cf0d039fffff,2,SUMATERA SELATAN,1,-4.020755845,103.24979225,439.8489631519019,2,0.0,0
888cf0d015fffff,2,SUMATERA SELATAN,1,-4.02569954,103.2442578,423.5715798757684,2,0.0,0
888cf0d003fffff,2,SUMATERA SELATAN,1,-4.025432035,103.2542388,541.7756961141115,2,0.0,0
888cf0ccbbfffff,2,SUMATERA SELATAN,1,-3.79103506,102.95527849999999,760.1831313364219,1,0.0,0
888cf0cb27fffff,2,SUMATERA SELATAN,1,-3.73894234,103.2600619,761.7494945720233,2,0.0,0
888cf0c35bfffff,2,SUMATERA SELATAN,1,-3.94921775,103.19677455,607.7193308566889,0,0.0,0
888cf0c319fffff,2,SUMATERA SELATAN,1,-3.935386085,103.19036754999999,396.0768528073202,0,0.0,0
888cf0c267fffff,2,SUMATERA SELATAN,1,-3.95646878,103.19527986,500.96740249180414,0,0.0,0
888cf0c0a1fffff,2,SUMATERA SELATAN,2,-3.8912542500000002,103.09695955000001,455.8778053582369,2,0.0,0
888cf099a5fffff,2,SUMATERA SELATAN,1,-4.1385660699999995,103.04281415,741.071254079303,1,0.0,0
888cf09917fffff,2,SUMATERA SELATAN,1,-4.167884505,103.06932649999999,730.1902241402868,0,0.0,0
888cf09669fffff,2,BENGKULU,1,-4.46921923,102.9089264,461.84283012455,2,0.0,0
888cf09239fffff,2,BENGKULU,1,-4.41791862,103.02495885,917.628704543707,2,0.0,0
888cf0921bfffff,2,BENGKULU,1,-4.439060565,103.00930735,471.4317914700794,2,0.0,0
888cf09211fffff,2,BENGKULU,1,-4.435458575,103.01701005000001,371.7779020148541,2,0.0,0
888cf072b7fffff,2,BENGKULU,1,-3.649339075,102.59864475,515.7404079885368,1,0.0,0
888cf404c3fffff,2,BENGKULU,1,-4.71499062,103.29402594999999,497.65380719515025,1,0.0,0
888cf3ced9fffff,2,BENGKULU,1,-3.100409675,102.21318885,726.4712719628686,2,0.0,0
888cf3c767fffff,2,BENGKULU,1,-3.16450196,102.28747325,630.019856971222,2,0.0,0
888cf3c5e9fffff,2,BENGKULU,1,-3.1212296850000003,102.20759720000001,559.288687282282,2,0.0,0
888cf3c533fffff,2,BENGKULU,1,-3.10789966,102.21669754999999,643.275103194024,2,0.0,0
888cf3c425fffff,2,BENGKULU,1,-3.1461175150000003,102.2152888,721.5060518119094,2,0.0,0
888cf39a31fffff,2,BENGKULU,1,-3.480924175,102.2824927,587.8389136915671,2,0.0,0
888cf39127fffff,2,BENGKULU,1,-3.51371637,102.26844245000001,629.8754506700682,1,0.0,0
888cf390c3fffff,2,BENGKULU,1,-3.6059559400000003,102.1738541,999.529600695167,2,0.0,0
888cf321a9fffff,2,BENGKULU,1,-3.00722727,101.48907545,575.6128514034369,2,0.0,0
888cf2b2b5fffff,2,SUMATERA SELATAN,1,-3.2985530699999996,102.85958225,369.3162895257038,2,22000000.0,1
888cf2b2a7fffff,2,SUMATERA SELATAN,1,-3.292559305,102.87265795,271.0121586591604,2,22000000.0,1
888cf2b127fffff,2,SUMATERA SELATAN,1,-3.19746285,102.94454605,261.08854860185437,2,0.0,0
888cf2b0cdfffff,2,SUMATERA SELATAN,1,-3.28749853,102.86995985,456.20643211757255,0,0.0,0
888cf2b0c7fffff,2,SUMATERA SELATAN,1,-3.281098005,102.85668325,532.1127851196806,0,0.0,0
888cf2b01bfffff,2,SUMATERA SELATAN,1,-3.2853528350000003,102.87570685,524.7490041122117,0,0.0,0
888cf60299fffff,2,SUMATERA SELATAN,1,-3.658612685,103.76945805,407.95521959147027,2,0.0,0
888cf4d543fffff,2,SUMATERA SELATAN,1,-4.80700503,103.9249752,547.4774661228834,2,0.0,0
888cf4c733fffff,2,SUMATERA SELATAN,1,-4.71896591,103.807610315,566.9197043179973,2,0.0,0
888cf4a967fffff,2,BENGKULU,1,-4.794433235,103.3557458,319.4382346677924,2,0.0,0
888cf49323fffff,2,LAMPUNG,1,-5.123130715,103.84894539999999,248.4317908444956,2,0.0,0
888cf49149fffff,2,LAMPUNG,1,-5.118727845,103.8442133,466.6187908115462,2,0.0,0
888cf4836bfffff,2,LAMPUNG,1,-5.0402762150000004,103.7578465,868.3576500831214,1,0.0,0
888cf47681fffff,2,BENGKULU,1,-4.49140066,103.24683935,496.37860235282176,2,0.0,0
888cf46dabfffff,2,SUMATERA SELATAN,1,-4.11361683,103.19398050999999,0.002218169463173763,1,0.0,0
888cf4692bfffff,2,SUMATERA SELATAN,1,-4.07524005,103.4074808,381.58239511746933,2,0.0,0
888cf442d5fffff,2,SUMATERA SELATAN,1,-4.382044864999999,103.7168769,145.63518128663767,2,0.0,0
888cf43ab5fffff,2,BENGKULU,1,-4.618815215,103.18744715,463.369667974495,2,0.0,0
888cf438ddfffff,2,BENGKULU,1,-4.61285478,103.180313385,0.0033250436991650385,2,0.0,0
888cf42d83fffff,2,BENGKULU,1,-4.472503185000001,102.93401915000001,520.7364289002631,2,0.0,0
888cf4166bfffff,2,BENGKULU,1,-4.86852395,103.5008021,606.924939213415,2,0.0,0
888cf4163bfffff,2,BENGKULU,1,-4.85924264,103.46458964499999,334.98622854849674,2,0.0,0
888cf6c99bfffff,2,SUMATERA SELATAN,1,-3.4314813849999997,104.24304029999999,634.4830346270054,2,0.0,0
888cf6b593fffff,2,SUMATERA SELATAN,1,-4.0490627,103.47029105,392.6124106147629,2,0.0,0
888cf6ade5fffff,2,SUMATERA SELATAN,1,-3.76306484,103.46458725,333.5803051139919,2,0.0,0
888cf6aa0bfffff,2,SUMATERA SELATAN,1,-3.84978905,103.63873785,212.8376663493633,1,0.0,0
888cf6a897fffff,2,SUMATERA SELATAN,1,-3.78541391,103.5345112,449.93283867569204,0,0.0,0
888cf6a891fffff,2,SUMATERA SELATAN,1,-3.793450535,103.53792535,433.25593151072735,0,0.0,0
888cf6a883fffff,2,SUMATERA SELATAN,1,-3.785060425,103.55200695,386.1549312057225,2,0.0,0
888cf6a659fffff,2,SUMATERA SELATAN,1,-4.0684383,103.4412873,423.9290988030622,2,0.0,0
888cf6a409fffff,2,SUMATERA SELATAN,1,-3.993798305,103.41944305,445.4707334103046,2,0.0,0
888cf6a1b1fffff,2,SUMATERA SELATAN,1,-3.8736182,103.53194690000001,405.7848030069923,1,0.0,0
888cf6a00bfffff,2,SUMATERA SELATAN,1,-3.95060815,103.5698837,520.6645771653643,2,0.0,0
888cf6926dfffff,2,SUMATERA SELATAN,1,-4.1283177349999995,104.16845828000001,541.5474224951406,1,0.0,0
888cf6524dfffff,2,SUMATERA SELATAN,1,-3.4283539899999997,104.2334482,525.355385591248,2,0.0,0
888cf64361fffff,2,SUMATERA SELATAN,1,-3.2448,104.1563,400.3475085198379,1,0.0,0
888cf62535fffff,2,SUMATERA SELATAN,1,-3.5371983,103.26638435000001,553.6824681720458,2,0.0,0
888cf60717fffff,2,SUMATERA SELATAN,1,-3.6388512,103.7026628,607.6643135157447,1,0.0,0
888d80175dfffff,2,JAWA TIMUR,1,-7.0589470599999995,112.55204194999999,365.39727354416686,2,59279000.0,1
888d801667fffff,2,JAWA TIMUR,1,-7.074533445,112.53355375000001,687.5308853440818,2,0.0,0
888d801613fffff,2,JAWA TIMUR,1,-7.091689844999999,112.48640855,762.193527820403,2,0.0,0
888d8015ebfffff,2,JAWA TIMUR,1,-6.98522947,112.48811098499999,372.06125494408457,2,0.0,0
888d801551fffff,2,JAWA TIMUR,1,-7.01016881,112.5219649,791.2623709073116,2,0.0,0
888d801499fffff,2,JAWA TIMUR,1,-7.04768699,112.421417675,485.60790694223107,2,0.0,0
888d801455fffff,2,JAWA TIMUR,1,-7.051115925,112.489182415,329.8432592080384,2,0.0,0
888d801411fffff,2,JAWA TIMUR,1,-7.042314175,112.471712025,619.8351307919352,1,0.0,0
888d801269fffff,2,JAWA TIMUR,1,-7.04379836,112.68732047,190.02546462136294,2,0.0,0
888d8010bbfffff,2,JAWA TIMUR,1,-6.98617393,112.56447855,301.9633349916514,2,0.0,0
888d80109dfffff,2,JAWA TIMUR,1,-6.99729725,112.57041770000001,284.10448554698274,2,21133000.0,1
888d801091fffff,2,JAWA TIMUR,1,-6.997063799999999,112.5628347,571.3874102102791,2,0.0,0
888d800643fffff,2,JAWA TIMUR,2,-6.998831745,112.4231224,533.7895551355815,2,95437652.0,1
888d800619fffff,2,JAWA TIMUR,1,-6.9974057,112.3968471,565.0184747413682,2,0.0,0
888d80059bfffff,2,JAWA TIMUR,1,-6.89693179,112.34673995,423.8108087227601,2,87923469.0,1
888d80056dfffff,2,JAWA TIMUR,1,-6.88242234,112.45402035000001,226.69378811794414,2,0.0,0
888d808329fffff,2,JAWA TIMUR,1,-7.225988624999999,112.7590184,703.0832492250859,0,0.0,0
888d80830dfffff,2,JAWA TIMUR,1,-7.2416795149999995,112.75710575,777.1927037871619,2,746200000.0,1
888d808307fffff,2,JAWA TIMUR,1,-7.2352818,112.7476236,385.9342254909696,2,0.0,0
888d80822bfffff,2,JAWA TIMUR,1,-7.27483635,112.71849875000001,581.8837538101128,0,0.0,0
888d808223fffff,2,JAWA TIMUR,1,-7.267309450000001,112.71668134999999,19.985408443423484,1,0.0,0
888d8081b1fffff,2,JAWA TIMUR,1,-7.17411884,112.65653025,689.452551879488,2,24865500.0,1
888d80800dfffff,2,JAWA TIMUR,1,-7.241751649999999,112.70199919999999,330.32854902283157,1,0.0,0
888d803713fffff,2,JAWA TIMUR,1,-7.029039665,112.126526565,280.1597262607413,2,0.0,0
888d803303fffff,2,JAWA TIMUR,1,-6.979343034999999,112.29350465,501.58485716400605,2,64531749.0,2
888d8032ebfffff,2,JAWA TIMUR,1,-7.026262165,112.228383985,774.6244443040459,2,0.0,0
888d803059fffff,2,JAWA TIMUR,1,-7.005810565,112.24239854999999,688.0115562633064,2,0.0,0
888d802725fffff,2,JAWA TIMUR,1,-6.8948323899999995,112.06612709999999,490.31155131679975,2,0.0,0
888d802723fffff,2,JAWA TIMUR,1,-6.90100686,112.053613,755.4389373066076,2,0.0,0
888d802707fffff,2,JAWA TIMUR,1,-6.91303946,112.05205264,218.1245487065851,2,18224728.0,1
888d80254dfffff,2,JAWA TIMUR,1,-6.8895952949999995,112.05480925,294.62358531214915,2,0.0,0
888d801763fffff,2,JAWA TIMUR,1,-7.03303485,112.56335419999999,719.2977797738466,2,0.0,0
888d80a183fffff,2,JAWA TIMUR,1,-7.174398025,112.27190499,511.7459891638538,2,0.0,0
888d8096b3fffff,2,JAWA TIMUR,1,-7.416064545,112.59001800499999,588.4641066352967,2,0.0,0
888d8095c7fffff,2,JAWA TIMUR,1,-7.34364655,112.63592009999999,500.3597414954094,2,0.0,0
888d8095a9fffff,2,JAWA TIMUR,1,-7.3226645,112.63242985,170.36795190356742,2,0.0,0
888d809545fffff,2,JAWA TIMUR,1,-7.34223146,112.70235175,469.39173029742904,0,0.0,0
888d8094d1fffff,2,JAWA TIMUR,1,-7.400289095,112.58424282,507.8726181992795,2,45449300.0,1
888d8092d9fffff,2,JAWA TIMUR,1,-7.416625825000001,112.75520904000001,585.7124223994874,2,0.0,0
888d8092c5fffff,2,JAWA TIMUR,1,-7.39429704,112.780192105,497.6498262239614,1,0.0,0
888d80909dfffff,2,JAWA TIMUR,1,-7.34260845,112.7230189,269.5356306670154,2,37000.0,1
888d809019fffff,2,JAWA TIMUR,1,-7.352058980000001,112.775790065,293.17361747091405,2,45000.0,1
888d808f53fffff,2,JAWA TIMUR,1,-7.16208673,112.63402188500001,494.08548732158624,2,0.0,0
888d808f4bfffff,2,JAWA TIMUR,1,-7.160375985,112.65864805000001,372.53300799497873,2,0.0,0
888d8085d5fffff,2,JAWA TIMUR,1,-7.245084289999999,112.52403050000001,451.26373376922885,2,64060000.0,1
888d8085a5fffff,2,JAWA TIMUR,1,-7.2062437,112.53510159999999,743.899762430959,2,0.0,0
888d808347fffff,2,JAWA TIMUR,1,-7.249433359999999,112.761788,619.2911139996827,2,0.0,0
888d808331fffff,2,JAWA TIMUR,1,-7.22627033,112.73454405000001,607.6946670921993,2,274150000.0,2
88650bad03fffff,2,ACEH,1,4.91851791,97.687927135,675.370514769945,1,0.0,0
88650ba99bfffff,2,ACEH,1,4.95003213,97.767121255,452.00734612470154,2,0.0,0
88650ba8b9fffff,2,ACEH,1,4.92038269,97.7477668,445.30942634673204,2,0.0,0
88650ba8a3fffff,2,ACEH,1,4.938204645,97.75543991,607.9973870813119,1,0.0,0
88650ba891fffff,2,ACEH,1,4.90431962,97.73549002,807.8529916508521,1,0.0,0
88650ba85dfffff,2,ACEH,1,4.884740434999999,97.825930615,818.0602761652464,1,0.0,0
88650ba839fffff,2,ACEH,1,4.914465245000001,97.80803689999999,645.2882031875945,2,0.0,0
88650ba139fffff,2,ACEH,1,4.805808320000001,97.79933205,734.8158352572844,2,0.0,0
88650b32e9fffff,2,ACEH,1,4.972442125,97.69630379,728.5703906921613,2,0.0,0
88650b32e5fffff,2,ACEH,1,4.98798251,97.6968318,479.85222912938013,2,0.0,0
88650b32bdfffff,2,ACEH,1,4.989914215,97.66065643,642.2732293574207,2,0.0,0
88650b32a1fffff,2,ACEH,1,4.99677202,97.674878785,801.3319398230149,2,0.0,0
88650b3269fffff,2,ACEH,1,4.96554931,97.75924341000001,631.3522232869516,2,0.0,0
88650b3251fffff,2,ACEH,1,4.944479715,97.725047745,732.9454552465355,2,0.0,0
88650b3247fffff,2,ACEH,1,4.96147864,97.744917875,807.7025230190251,2,0.0,0
888d80a947fffff,2,JAWA TIMUR,1,-7.04005927,112.39249212,636.9834454861254,2,0.0,0
888d816889fffff,2,JAWA TENGAH,1,-6.70500985,111.34722645,262.5818885777689,0,0.0,0
888d8158a9fffff,2,JAWA TIMUR,1,-6.802588775,111.84835196,260.23354185415855,2,0.0,0
888d814d81fffff,2,JAWA TENGAH,1,-6.706669565,111.62685099999999,592.1295391339318,2,0.0,0
888d8121a5fffff,2,JAWA TENGAH,1,-7.1000834600000005,111.0997032,886.3437448915458,2,0.0,0
888d811a45fffff,2,JAWA TIMUR,1,-7.20787315,111.69931039,734.452854756949,2,0.0,0
888d81196bfffff,2,JAWA TIMUR,1,-7.10002114,111.7069751,399.7451768256134,2,0.0,0
888d810ae1fffff,2,JAWA TENGAH,1,-7.08829959,111.54493282,0.004413803816220333,2,0.0,0
888d80c747fffff,2,JAWA TIMUR,1,-6.958562280000001,112.8539268,403.7859151815709,2,0.0,0
888d80ba29fffff,2,JAWA TIMUR,1,-7.21806855,112.47597205,398.55695303832596,2,57815440.0,1
888d80b6e5fffff,2,JAWA TIMUR,1,-7.40121287,112.24500871000001,458.0032133669831,2,0.0,0
888d80b36dfffff,2,JAWA TIMUR,1,-7.3211274500000005,112.4873932,746.2584178329898,2,0.0,0
888d80b1b7fffff,2,JAWA TIMUR,1,-7.25673562,112.35968326,614.4029662805942,2,0.0,0
888d80b149fffff,2,JAWA TIMUR,1,-7.300266000000001,112.4497415,105.85408780755684,2,0.0,0
888d80af25fffff,2,JAWA TIMUR,1,-7.09652966,112.26739805,701.2761480974216,0,0.0,0
888d80ac37fffff,2,JAWA TIMUR,1,-7.102608365,112.18258377500001,560.594009820135,2,0.0,0
888d80aa27fffff,2,JAWA TIMUR,1,-7.101327025,112.372927825,636.7690952813177,2,0.0,0
888d81bb5dfffff,2,JAWA TIMUR,1,-7.506875770000001,111.47179309,201.39632619320952,2,0.0,0
888d81b86bfffff,2,JAWA TIMUR,1,-7.485411375,111.43401196,325.7943344321763,2,0.0,0
888d81b2a1fffff,2,JAWA TIMUR,1,-7.654428855000001,111.34133969999999,769.6546187247388,2,0.0,0
888d81a56bfffff,2,JAWA TIMUR,1,-7.52208201,111.171097995,632.998962476725,2,0.0,0
888d818631fffff,2,JAWA TIMUR,1,-7.61909741,111.5259283,649.0858171793634,1,116000.0,1
888d818607fffff,2,JAWA TIMUR,2,-7.62552217,111.53534795,381.953660805518,1,0.0,0
888d8181b1fffff,2,JAWA TIMUR,1,-7.4764363,111.62858822000001,776.3082209541626,2,0.0,0
888d818021fffff,2,JAWA TIMUR,1,-7.518330735,111.67204812,773.2766053252107,2,0.0,0
888d818013fffff,2,JAWA TIMUR,1,-7.5472117700000005,111.63760839,713.2895548073699,2,0.0,0
888d817ab5fffff,2,JAWA TENGAH,1,-6.82823234,111.45741079999999,590.475956044974,2,0.0,0
888d816ee5fffff,2,JAWA TENGAH,1,-6.77735372,111.24268516500001,542.91962103775,2,0.0,0
888d816dd3fffff,2,JAWA TENGAH,1,-6.71015528,111.21342662,646.833352935528,2,0.0,0
888d816dc1fffff,2,JAWA TENGAH,2,-6.70633263,111.241554115,694.8041359461738,2,0.0,0
888d816b53fffff,2,JAWA TENGAH,1,-6.72287423,111.4404162,281.54991600987125,2,0.0,0
888d816949fffff,2,JAWA TENGAH,1,-6.67191276,111.4522624,434.78605750423264,2,0.0,0
888d8168ddfffff,2,JAWA TENGAH,1,-6.71744737,111.34338120000001,461.8382454178106,2,0.0,0
888d842535fffff,2,JAWA TIMUR,1,-7.561611615,112.724108395,279.64524973757125,2,0.0,0
888d8422d7fffff,2,JAWA TIMUR,1,-7.6444422,112.80243544999999,534.1089516578334,2,0.0,0
888d8422a7fffff,2,JAWA TIMUR,1,-7.60470635,112.81341535,344.8615580299908,1,0.0,0
888d842283fffff,2,JAWA TIMUR,1,-7.62863535,112.80594542,17.36776219669285,2,0.0,0
888d84221dfffff,2,JAWA TIMUR,1,-7.639288355,112.855010265,709.077369917511,2,0.0,0
888d842219fffff,2,JAWA TIMUR,1,-7.648808605,112.849894245,379.70988921808697,2,0.0,0
888d8420dbfffff,2,JAWA TIMUR,1,-7.6103637299999995,112.7775211,601.9815958021766,2,0.0,0
888d8420d5fffff,2,JAWA TIMUR,1,-7.59713379,112.7895894,458.85104966900866,1,0.0,0
888d84208bfffff,2,JAWA TIMUR,1,-7.5905376449999995,112.7876967,476.91110960929234,0,0.0,0
888d8416c5fffff,2,JAWA TIMUR,1,-7.79556335,113.1738048,252.94276632855886,2,0.0,0
888d84162dfffff,2,JAWA TIMUR,1,-7.7690426850000005,113.2261405,794.9326683895168,2,1004260000.0,2
888d841495fffff,2,JAWA TIMUR,1,-7.7357539850000006,113.11987084,471.8133407077717,2,0.0,0
888d823b5bfffff,2,JAWA TIMUR,1,-5.8471036949999995,112.6624923,382.9579355725051,0,0.0,0
888d81d56dfffff,2,JAWA TIMUR,1,-7.2987226,111.92284925,623.3873843619062,2,0.0,0
888d81d109fffff,2,JAWA TIMUR,1,-7.2686852,112.04318359999999,483.66068817263636,2,0.0,0
888d81cc81fffff,2,JAWA TIMUR,1,-7.10424807,111.7484829,859.3520812359263,2,0.0,0
888d848883fffff,2,JAWA TIMUR,1,-7.794504030000001,113.3725671,616.0597275620868,2,0.0,0
888d844f6dfffff,2,JAWA TIMUR,1,-7.162736245,113.46084397,724.774685924163,2,0.0,0
888d844ae3fffff,2,JAWA TIMUR,1,-7.16658372,113.50013566,544.2053589908523,2,0.0,0
888d84486dfffff,2,JAWA TIMUR,1,-7.117120890000001,113.55076829000001,485.36890924674344,2,124384100.0,1
888d844181fffff,2,JAWA TIMUR,1,-7.218933235,113.452609105,585.2661664339392,2,0.0,0
888d843727fffff,2,JAWA TIMUR,1,-7.700058795,112.85793883,334.92652956793995,2,0.0,0
888d843313fffff,2,JAWA TIMUR,1,-7.692302335,112.97238489,676.3457100082667,2,0.0,0
888d843245fffff,2,JAWA TIMUR,1,-7.740672885,112.98964725,423.33341861692895,2,0.0,0
888d8431d1fffff,2,JAWA TIMUR,1,-7.65276457,112.91620075,408.6827036101845,2,0.0,0
888d8430c3fffff,2,JAWA TIMUR,1,-7.69665349,112.89632835,804.7202480213078,2,15125000.0,1
888d8430bdfffff,2,JAWA TIMUR,2,-7.670945189999999,112.881938025,455.7023279188826,2,0.0,0
888d843053fffff,2,JAWA TIMUR,1,-7.702039375,112.9296973,408.79618254906916,2,0.0,0
888d842cc1fffff,2,JAWA TIMUR,1,-7.4953213850000004,112.70399755,588.1764020615628,2,28746225.0,2
888d842cb5fffff,2,JAWA TIMUR,1,-7.46167405,112.68103475000001,693.1458291309447,2,0.0,0
888d842c9bfffff,2,JAWA TIMUR,1,-7.49167418,112.6659459,261.4963586395135,2,0.0,0
888d842c5dfffff,2,JAWA TIMUR,1,-7.5049476550000005,112.748626245,529.5183645227698,2,0.0,0
888d853959fffff,2,JAWA TIMUR,1,-7.824973905,111.99732895,766.6720868028024,2,74320000.0,1
888d85394bfffff,2,JAWA TIMUR,1,-7.8168865499999995,112.0105085,336.10528554569487,2,0.0,0
888d853869fffff,2,JAWA TIMUR,1,-7.8444105099999994,111.991830525,298.2764753407936,2,0.0,0
888d8532c9fffff,2,JAWA TIMUR,1,-8.0559636,111.9048937,600.1085552651887,2,0.0,0
888d8532c7fffff,2,JAWA TIMUR,1,-8.042158364999999,111.8995024,419.55328672258855,2,0.0,0
888d853051fffff,2,JAWA TIMUR,1,-8.009531339999999,111.91505505,487.7061578043353,2,0.0,0
888d852423fffff,2,JAWA TIMUR,1,-7.908790885,111.670950565,539.836725960969,2,0.0,0
888d851653fffff,2,JAWA TIMUR,2,-8.114382849999998,112.1764848,661.7914020406706,2,0.0,0
888d851455fffff,2,JAWA TIMUR,1,-8.0587057,112.16622043,530.1019466014652,2,0.0,0
888d850ccbfffff,2,JAWA TIMUR,1,-7.81969548,112.06649395,108.38756943701827,2,0.0,0
888d850c17fffff,2,JAWA TIMUR,1,-7.800867224999999,112.09022060000001,618.4592729980294,2,0.0,0
888d85083dfffff,2,JAWA TIMUR,1,-7.7428136599999995,112.25570101,624.5403640199222,2,0.0,0
888d850591fffff,2,JAWA TIMUR,1,-7.902687845,112.024093135,644.0614104957136,2,0.0,0
888d84a961fffff,2,JAWA TIMUR,1,-7.73036092,113.10112795,483.75571626740566,2,0.0,0
888d848b31fffff,2,JAWA TIMUR,1,-7.784540155,113.4756058,2.241689748513767,2,0.0,0
888d8488e9fffff,2,JAWA TIMUR,1,-7.79739906,113.4015184,648.1693240201629,2,0.0,0
888d855951fffff,2,JAWA TIMUR,1,-7.4990114000000005,112.62890405,618.4790799603619,2,0.0,0
888d855933fffff,2,JAWA TIMUR,1,-7.467171705,112.61347989000001,515.1739084709754,2,0.0,0
888d8558ebfffff,2,JAWA TIMUR,1,-7.52296613,112.56201575,379.0883977080799,2,0.0,0
888d8550b3fffff,2,JAWA TIMUR,1,-7.652856025,112.47426841500001,452.3858933528456,2,0.0,0
888d854f6dfffff,2,JAWA TIMUR,1,-7.463680054999999,112.43793980000001,324.8358531502419,2,113040000.0,2
888d854f63fffff,2,JAWA TIMUR,1,-7.4646878,112.42241915,572.5461039283263,2,89550000.0,2
888d854ce7fffff,2,JAWA TIMUR,1,-7.453251655,112.317269375,764.3466828574369,2,0.0,0
888d854b41fffff,2,JAWA TIMUR,1,-7.4435127649999995,112.57140702000001,865.7012427079368,2,0.0,0
888d854acbfffff,2,JAWA TIMUR,2,-7.49461893,112.4763284,434.4973372270368,2,0.0,0
888d854ab7fffff,2,JAWA TIMUR,2,-7.4515514750000005,112.449471125,760.6934101421613,2,67125000.0,1
888d8548c5fffff,2,JAWA TIMUR,2,-7.43208805,112.4626567,416.76744154986085,2,2637600.0,1
888d854867fffff,2,JAWA TIMUR,1,-7.412212765,112.518765145,671.5817932022615,2,0.0,0
888d85431bfffff,2,JAWA TIMUR,1,-7.585683955,112.48691882,244.25290403370406,2,0.0,0
888d85412bfffff,2,JAWA TIMUR,1,-7.5115875,112.49049339999999,612.5931823944284,2,0.0,0
888d854125fffff,2,JAWA TIMUR,1,-7.495066695,112.49895152,530.5279135460049,2,0.0,0
888d853b35fffff,2,JAWA TIMUR,1,-7.82225156,112.01536924999999,307.42631904034386,2,132000000.0,1
888d85ad85fffff,2,JAWA TIMUR,1,-8.073724985,111.85718955,411.4878974287725,2,0.0,0
888d85ad83fffff,2,JAWA TIMUR,1,-8.08192028,111.84291845,601.4846090495996,2,0.0,0
888d85ad31fffff,2,JAWA TIMUR,1,-8.070887970000001,111.89434785,421.22867720891145,1,0.0,0
888d85acedfffff,2,JAWA TIMUR,1,-8.122582565,111.845698215,647.1410710968803,2,0.0,0
888d857a29fffff,2,JAWA TIMUR,1,-7.546871245,112.24056709999999,379.06037970289515,2,0.0,0
888d857a25fffff,2,JAWA TIMUR,1,-7.53625307,112.24027867999999,609.4138039100774,2,0.0,0
888d8579a9fffff,2,JAWA TIMUR,1,-7.449211930000001,112.19648624999999,250.65262359941838,2,0.0,0
888d8576c3fffff,2,JAWA TIMUR,1,-7.761571725,111.985090875,592.1490225797969,2,0.0,0
888d8572d5fffff,2,JAWA TIMUR,1,-7.715874095,112.12602050000001,567.2710768715613,2,0.0,0
888d857001fffff,2,JAWA TIMUR,1,-7.656302945,112.160429795,623.6723804121089,2,0.0,0
888d856905fffff,2,JAWA TIMUR,1,-7.35855566,112.14666815,763.0238365316185,2,0.0,0
888d8566d7fffff,2,JAWA TIMUR,1,-7.659071129999999,111.86943865,729.2653542531845,2,0.0,0
888d856417fffff,2,JAWA TIMUR,1,-7.5977991,111.88762445,732.0376293318988,2,0.0,0
888d85635bfffff,2,JAWA TIMUR,1,-7.58710075,112.1060568,663.486401642545,2,0.0,0
888d856169fffff,2,JAWA TIMUR,1,-7.50900961,112.12069568000001,400.88529487729727,2,0.0,0
888d85596dfffff,2,JAWA TIMUR,1,-7.47218273,112.66223210000001,575.6155441703776,2,0.0,0
888d8816e5fffff,2,JAWA TENGAH,2,-6.956532705,109.69291355,743.4909815917543,2,0.0,0
888d8816bbfffff,2,JAWA TENGAH,1,-6.961454225,109.645926205,598.9599699028005,2,0.0,0
888d8814cbfffff,2,JAWA TENGAH,1,-6.93825296,109.6519051,484.19467735470465,2,0.0,0
888d8814c5fffff,2,JAWA TENGAH,1,-6.9265690200000005,109.663834115,597.0418357434867,2,0.0,0
888d881463fffff,2,JAWA TENGAH,1,-6.9126501650000005,109.71562564999999,529.5916844222163,2,0.0,0
888d881453fffff,2,JAWA TENGAH,1,-6.9413957449999995,109.6845453,613.7836084683711,2,0.0,0
888d881437fffff,2,JAWA TENGAH,1,-6.89730615,109.6814819,641.1294573542904,2,0.0,0
888d880647fffff,2,JAWA TENGAH,1,-6.87418071,109.62872655000001,352.58380164286405,2,0.0,0
888d86b139fffff,2,JAWA TIMUR,2,-6.966114360000001,113.44733289999999,246.85343833780405,1,0.0,0
888d869141fffff,2,JAWA TIMUR,1,-7.00472499,113.85957020000001,419.9036362873852,2,0.0,0
888d85d657fffff,2,JAWA TIMUR,1,-8.1188045,112.57226700000001,560.3242648176861,2,50000.0,1
888d85d323fffff,2,JAWA TIMUR,1,-7.995495125,112.76112585999999,750.7020978360143,2,0.0,0
888d85d121fffff,2,JAWA TIMUR,1,-7.946142375,112.74805126999999,651.8689842490112,2,0.0,0
888d85c233fffff,2,JAWA TIMUR,1,-7.94646738,112.6089362,530.2462528137523,2,16220000.0,1
888d85c209fffff,2,JAWA TIMUR,1,-7.97041954,112.63318675,671.8913947572333,1,0.0,0
888d85adadfffff,2,JAWA TIMUR,1,-8.06231945,111.86788665,429.8614938252058,2,0.0,0
888d88aa19fffff,2,JAWA TENGAH,1,-7.02712283,109.553933945,771.5269898729862,2,0.0,0
888d88a9cdfffff,2,JAWA TENGAH,2,-6.927363659999999,109.5489122,872.8371614128442,2,0.0,0
888d88a965fffff,2,JAWA TENGAH,1,-6.901263175,109.6113589,620.3431867387088,2,25000.0,1
888d88a949fffff,2,JAWA TENGAH,1,-6.936760795,109.6043821,500.2498425016356,2,0.0,0
888d88a945fffff,2,JAWA TENGAH,1,-6.923678775,109.60793527499999,209.74991255268205,2,0.0,0
888d88a915fffff,2,JAWA TENGAH,1,-6.91469092,109.56768589999999,874.914417130071,2,0.0,0
888d88a8c1fffff,2,JAWA TENGAH,1,-6.973193875,109.50617159999999,491.92802234297676,2,0.0,0
888d88975bfffff,2,JAWA TENGAH,1,-7.30023049,109.90776875,629.6666777008339,2,0.0,0
888d889303fffff,2,JAWA TENGAH,1,-7.23252054,110.06044115,727.2976899489069,2,37000.0,1
888d888f3bfffff,2,JAWA TENGAH,1,-7.017831335,109.84392208,664.0714149944562,2,0.0,0
888d888c31fffff,2,JAWA TENGAH,1,-7.008750655,109.7892748,575.5280247561186,1,0.0,0
888d888881fffff,2,JAWA TENGAH,1,-6.97800945,109.89823092,627.301303847866,1,0.0,0
888d888847fffff,2,JAWA TENGAH,1,-6.989421025,109.9653921,768.3338414582797,0,0.0,0
888d888023fffff,2,JAWA TENGAH,1,-7.107136395,109.90622944,579.6557392464895,2,0.0,0
888d883369fffff,2,JAWA TENGAH,1,-6.86380987,109.5283192,884.0588201613922,2,0.0,0
888d881737fffff,2,JAWA TENGAH,1,-6.901959155,109.74070710000001,430.78179966423176,1,0.0,0
888d890ea3fffff,2,JAWA BARAT,1,-6.99545951,108.54845055,577.3510253259601,2,0.0,0
888d890e6bfffff,2,JAWA BARAT,1,-7.02014123,108.62533945,579.2579385646858,2,0.0,0
888d890cc1fffff,2,JAWA BARAT,1,-6.98186787,108.542749,830.5446115942993,2,0.0,0
888d890c85fffff,2,JAWA BARAT,1,-6.959304465,108.53337185000001,502.1796847832606,1,0.0,0
888d89082dfffff,2,JAWA BARAT,1,-6.90351235,108.75228905,376.5161146846056,2,0.0,0
888d890823fffff,2,JAWA BARAT,1,-6.903056100000001,108.7365902,198.35115250193726,2,0.0,0
888d890761fffff,2,JAWA BARAT,1,-7.1099561,108.6200017,236.16493992127482,1,0.0,0
888d88d74dfffff,2,JAWA TENGAH,1,-6.955598685,110.18629125,611.0178618731226,2,15660000.0,1
888d88d73dfffff,2,JAWA TENGAH,1,-6.925853395,110.15418485000001,688.2543742287783,2,0.0,0
888d88d563fffff,2,JAWA TENGAH,1,-6.886086175,110.15165325000001,444.16779972792295,1,0.0,0
888d88d561fffff,2,JAWA TENGAH,1,-6.883159735,110.1604933,589.2138279996614,2,1728500.0,1
888d88d4c7fffff,2,JAWA TENGAH,1,-6.943234685,110.0567581,517.3935032863812,2,0.0,0
888d88d409fffff,2,JAWA TENGAH,1,-6.9473217,110.1054096,358.40288214355303,2,0.0,0
888d88d2b3fffff,2,JAWA TENGAH,1,-6.930919375,110.1977335,354.1543706330131,2,0.0,0
888d88b4dbfffff,2,JAWA TENGAH,1,-7.280277765,109.38801810999999,737.4864260958966,2,0.0,0
888d88ab49fffff,2,JAWA TENGAH,1,-6.98747307,109.6256707,782.6856669155122,2,0.0,0
888d896031fffff,2,JAWA BARAT,1,-6.7021425400000005,108.5099864,460.1216318918971,2,0.0,0
888d896023fffff,2,JAWA BARAT,1,-6.695659705,108.52374904999999,562.4658328403459,2,0.0,0
888d896011fffff,2,JAWA BARAT,1,-6.72461276,108.50568195,561.9222320690009,2,0.0,0
888d8954b5fffff,2,JAWA TENGAH,1,-6.8606145099999996,108.8208123,561.925430782407,2,0.0,0
888d89522bfffff,2,JAWA TENGAH,1,-6.8773190500000005,109.06413,301.82862633868547,2,0.0,0
888d89460bfffff,2,JAWA BARAT,1,-6.83836486,108.80027845000001,687.5870040983677,2,0.0,0
888d8939dbfffff,2,JAWA BARAT,1,-6.986759915,108.39745289999999,161.77027255857945,2,0.0,0
888d893927fffff,2,JAWA BARAT,1,-6.936149755000001,108.4723193,804.4092919569148,2,0.0,0
888d893867fffff,2,JAWA BARAT,1,-6.99813847,108.4539373,792.6290809737966,2,0.0,0
888d89368bfffff,2,JAWA BARAT,1,-7.25578371,108.19803565000001,775.9176739909376,2,0.0,0
888d893151fffff,2,JAWA BARAT,1,-7.130280715,108.417567445,425.3130976650321,2,0.0,0
888d89308bfffff,2,JAWA BARAT,1,-7.160817515,108.32622559,627.7404224701479,2,0.0,0
888d8929d3fffff,2,JAWA BARAT,1,-6.87736594,108.29158145,907.5329986191932,2,114000.0,1
888d892995fffff,2,JAWA BARAT,1,-6.85590513,108.29036475000001,729.3069943751307,2,0.0,0
888d892801fffff,2,JAWA BARAT,1,-6.906194525,108.33023625,637.9038760216197,2,0.0,0
888d890f1bfffff,2,JAWA BARAT,1,-6.982865544999999,108.61810535,652.0806749769023,2,0.0,0
888d8976cbfffff,2,JAWA BARAT,1,-6.9354343400000005,108.45805535,663.4479546210218,2,0.0,0
888d897661fffff,2,JAWA BARAT,1,-6.910801125,108.52715004999999,471.77971840433014,1,0.0,0
888d8972edfffff,2,JAWA BARAT,1,-6.865985735,108.62710735,494.1203205971866,2,0.0,0
888d896e5dfffff,2,JAWA BARAT,1,-6.6840752000000005,108.44749685,683.9414671570215,2,0.0,0
888d896adbfffff,2,JAWA BARAT,1,-6.6451884450000005,108.526376,720.3413606494146,2,0.0,0
888d896739fffff,2,JAWA BARAT,1,-6.751946739999999,108.42255065,435.12914788787117,2,0.0,0
888d8966abfffff,2,JAWA BARAT,1,-6.794507575,108.3417465,495.8182214856224,2,0.0,0
888d8962adfffff,2,JAWA BARAT,1,-6.74454514,108.5071816,789.7871592181768,2,0.0,0
888d8962a9fffff,2,JAWA BARAT,1,-6.752854210000001,108.5003058,714.8375282341894,2,1587000.0,1
888d8961d5fffff,2,JAWA BARAT,1,-6.67862371,108.50418379999999,551.3213023859786,2,0.0,0
888d8961c7fffff,2,JAWA BARAT,1,-6.675104429999999,108.5174066,624.7591073995095,2,0.0,0
888d896157fffff,2,JAWA BARAT,1,-6.68305659,108.55134175,747.5465592395768,1,0.0,0
888d896111fffff,2,JAWA BARAT,1,-6.6737929000000005,108.5424656,554.6140702860132,1,0.0,0
888d896097fffff,2,JAWA BARAT,1,-6.71172465,108.44261015000001,411.2674352218989,2,0.0,0
888d896063fffff,2,JAWA BARAT,1,-6.711224939999999,108.53934045,659.7701732796966,2,0.0,0
888d89603bfffff,2,JAWA BARAT,1,-6.709112385,108.50508685,476.83394853270136,2,0.0,0
88650b3243fffff,2,ACEH,1,4.951946685,97.73774304,660.2055116719542,2,0.0,0
88650b323dfffff,2,ACEH,1,4.9843718599999995,97.72069329,484.80335807155143,2,0.0,0
88650b323bfffff,2,ACEH,1,4.975479050000001,97.708589195,544.725181150018,1,0.0,0
88650b321dfffff,2,ACEH,1,4.960652565,97.71769609,552.3208079364267,2,0.0,0
88650b30e7fffff,2,ACEH,1,5.044178864999999,97.658803395,869.8091070209982,2,0.0,0
88650b30b9fffff,2,ACEH,1,5.0404503,97.628718655,445.12416657694314,0,0.0,0
88650b30b7fffff,2,ACEH,1,5.05693395,97.619667145,881.6957551819148,1,0.0,0
88650b3095fffff,2,ACEH,1,5.0326811,97.621415325,809.7885301166423,1,0.0,0
88650b3083fffff,2,ACEH,1,5.0295511699999995,97.63132893,839.8556300053017,2,0.0,0
88650b305dfffff,2,ACEH,1,5.00071101,97.707952205,519.3541634949772,2,0.0,0
88650b3059fffff,2,ACEH,1,4.99348943,97.702773815,483.89580506779055,2,0.0,0
88650b3053fffff,2,ACEH,1,5.00382092,97.68891829,771.4568300299752,2,0.0,0
88650b2e55fffff,2,ACEH,1,5.191730215,97.493151075,847.8944372077065,2,0.0,0
88650b276bfffff,2,ACEH,1,5.094660725000001,97.504165145,596.5467597273176,2,0.0,0
88650b2731fffff,2,ACEH,1,5.11437374,97.468998395,945.9978840082895,2,0.0,0
88650b272bfffff,2,ACEH,1,5.11370282,97.48842856,725.5007071393177,2,0.0,0
888d89ca1bfffff,2,JAWA TENGAH,1,-7.007974765,109.14143931999999,712.6180661502002,2,0.0,0
888d89ca01fffff,2,JAWA TENGAH,1,-6.996233569999999,109.16891534999999,533.0328261843014,2,0.0,0
888d89c9e1fffff,2,JAWA TENGAH,2,-6.885871285,109.1423408,500.2567574874647,2,0.0,0
888d89c9c5fffff,2,JAWA TENGAH,1,-6.902390045,109.13916764999999,474.4953145465264,2,0.0,0
888d89c9a3fffff,2,JAWA TENGAH,1,-6.87283088,109.12234135,511.80967549134937,2,0.0,0
888d89c981fffff,2,JAWA TENGAH,1,-6.894221205,109.12102195,634.0711729191694,0,0.0,0
888d89c943fffff,2,JAWA TENGAH,1,-6.910522425,109.18522092,873.8337888971438,2,0.0,0
888d89c839fffff,2,JAWA TENGAH,1,-6.9356038600000005,109.13409395,489.32564586084834,2,141781500.0,1
888d89c82bfffff,2,JAWA TENGAH,1,-6.93049982,109.1462166,620.902158104101,2,0.0,0
888d89c801fffff,2,JAWA TENGAH,1,-6.945264440000001,109.1444119,575.7443175482024,2,0.0,0
888d89c163fffff,2,JAWA TENGAH,1,-7.035634249999999,109.147624675,373.8676877337456,2,0.0,0
888d89b81dfffff,2,JAWA BARAT,1,-7.37045853,108.587140215,606.675341426686,2,0.0,0
888d89aea5fffff,2,JAWA BARAT,1,-7.32434647,108.3189223,871.9242100454605,2,0.0,0
888d89950dfffff,2,JAWA TENGAH,1,-7.52374267,108.855280835,325.5097939931684,2,0.0,0
888d898111fffff,2,JAWA TENGAH,1,-7.38483325,108.869978,686.783568251279,2,0.0,0
888d8976e5fffff,2,JAWA BARAT,1,-6.899344205,108.47145415,479.3749913928552,2,100.0,1
888d8c1a3dfffff,2,JAWA TENGAH,1,-7.487498555,110.63374519999999,805.0952015917923,2,0.0,0
888d8c18e1fffff,2,JAWA TENGAH,2,-7.44484631,110.5818756,505.47327171960785,2,44000000.0,1
888d8c1343fffff,2,JAWA TENGAH,1,-7.614602625,110.63667265000001,500.6758967740476,2,30098000.0,1
888d8c1241fffff,2,JAWA TENGAH,1,-7.659637725,110.60775575,799.633188739796,2,4936000.0,1
888d8c122dfffff,2,JAWA TENGAH,1,-7.623676485000001,110.60867875,672.0772778904466,2,0.0,0
888d8c1209fffff,2,JAWA TENGAH,1,-7.653874265,110.5990162,753.2233169874763,2,0.0,0
888d8c0e83fffff,2,JAWA TENGAH,1,-7.43919256,110.32465642,602.6222074198485,2,0.0,0
888d8c0e03fffff,2,JAWA TENGAH,1,-7.44068505,110.381559765,634.2770630694403,2,0.0,0
888d8c0855fffff,2,JAWA TENGAH,2,-7.36210083,110.51338655,568.5545124577965,2,8120000.0,1
888d8c080dfffff,2,JAWA TENGAH,1,-7.350623725,110.52300445,774.8406237047799,1,0.0,0
888d89cf67fffff,2,JAWA TENGAH,2,-6.97551437,109.0718205,348.3803679684941,2,0.0,0
888d89cb17fffff,2,JAWA TENGAH,1,-6.9464774899999995,109.17646844,661.0909650597949,2,0.0,0
888d89cb03fffff,2,JAWA TENGAH,1,-6.9453838050000005,109.19516881499999,677.0262046067527,2,0.0,0
888d89cab5fffff,2,JAWA TENGAH,1,-6.970061685,109.100423295,426.02901798066057,2,0.0,0
888d89ca2bfffff,2,JAWA TENGAH,1,-6.9811292599999994,109.16993195500001,677.3802585187497,2,0.0,0
888d89ca25fffff,2,JAWA TENGAH,1,-6.970099755,109.18033479,393.4251187677356,2,0.0,0
888d8c4aa5fffff,2,JAWA TENGAH,2,-7.033395199999999,110.73862460000001,101.14600902642206,2,0.0,0
888d8c3b03fffff,2,JAWA TENGAH,1,-7.43581516,110.269618585,513.8737219225956,2,0.0,0
888d8c3a3bfffff,2,JAWA TENGAH,1,-7.47617226,110.2227032,491.78492092176606,1,0.0,0
888d8c398dfffff,2,JAWA TENGAH,2,-7.3853789800000005,110.2031524,658.4710231719989,2,0.0,0
888d8c394bfffff,2,JAWA TENGAH,1,-7.408453695,110.259178815,476.52793914122196,2,0.0,0
888d8c38d7fffff,2,JAWA TENGAH,1,-7.447915515,110.15239075,362.975852615421,2,0.0,0
888d8c31dbfffff,2,JAWA TENGAH,1,-7.55659029,110.13753953,566.5450612241775,2,0.0,0
888d8c3157fffff,2,JAWA TENGAH,1,-7.54723319,110.194056585,629.2236470692229,2,0.0,0
888d8c30a5fffff,2,JAWA TENGAH,1,-7.549758775,110.12717682,747.1675189222078,2,0.0,0
888d8c2b63fffff,2,JAWA TENGAH,1,-7.32596856,110.18613725,477.4616312916304,2,0.0,0
888d8c29d7fffff,2,JAWA TENGAH,1,-7.29559917,110.0828202,673.2826043499748,2,0.0,0
888d8c2991fffff,2,JAWA TENGAH,1,-7.289446835,110.06911855000001,704.5388514054537,2,0.0,0
888d8c2883fffff,2,JAWA TENGAH,1,-7.330168415,110.04928165000001,499.0319956566432,2,0.0,0
888d8c284bfffff,2,JAWA TENGAH,1,-7.354960139999999,110.12220865,559.4944445879687,2,0.0,0
888d8c232bfffff,2,JAWA TENGAH,1,-7.465183305,110.125228005,739.6405398638015,1,0.0,0
888d8c22a5fffff,2,JAWA TENGAH,1,-7.49660903,110.0457084,556.1819892864238,2,0.0,0
888d8c8117fffff,2,JAWA TENGAH,1,-7.7957013,110.64027775,709.9904219585626,2,7510500.0,1
888d8c7567fffff,2,JAWA TENGAH,1,-7.228066755,110.31702154999999,625.1079022093415,2,0.0,0
888d8c6de5fffff,2,JAWA TENGAH,1,-6.977267755,110.2090542,401.9340721885848,2,0.0,0
888d8c6b6bfffff,2,JAWA TENGAH,1,-6.999924125,110.4322518,579.1947037140698,2,0.0,0
888d8c6b67fffff,2,JAWA TENGAH,1,-6.989718975,110.43107044999999,450.49455391447265,2,0.0,0
888d8c6b65fffff,2,JAWA TENGAH,1,-6.98863026,110.43988845000001,474.6851256447412,2,5220000.0,1
888d8c6b43fffff,2,JAWA TENGAH,1,-7.0152684999999995,110.42193475,729.3381494412786,0,0.0,0
888d8c6b3dfffff,2,JAWA TENGAH,1,-6.987770745,110.40465655,548.6784761646925,2,15274000.0,2
888d8c6b35fffff,2,JAWA TENGAH,1,-6.9791086,110.4063903,455.92854340479425,2,19140000.0,1
888d8c6b33fffff,2,JAWA TENGAH,1,-6.9856612049999995,110.3902081,617.5725449517083,2,0.0,0
888d8c6b31fffff,2,JAWA TENGAH,1,-6.98368656,110.398446455,283.30212680334864,2,899000.0,1
888d8c6b2dfffff,2,JAWA TENGAH,1,-6.980006045,110.4286333,342.22991836293363,2,15800000.0,1
888d8c6b29fffff,2,JAWA TENGAH,1,-6.985704755,110.4247914,480.6621368843689,1,27840000.0,1
888d8c6b21fffff,2,JAWA TENGAH,1,-6.9771581099999995,110.42035675,410.98634842041054,1,0.0,0
888d8c6b03fffff,2,JAWA TENGAH,1,-7.000799485,110.4058804,675.3592579333153,2,8700000.0,1
888d8c6949fffff,2,JAWA TENGAH,1,-6.97089943,110.41111205,372.2477786511169,2,132100000.0,2
888d8ca44dfffff,2,DAERAH ISTIMEWA YOGYAKARTA,1,-7.886331595,110.10054088499999,377.8214511429681,2,0.0,0
888d8ca40bfffff,2,DAERAH ISTIMEWA YOGYAKARTA,1,-7.880218055,110.07339999999999,416.7069966148742,0,0.0,0
888d8c9a99fffff,2,DAERAH ISTIMEWA YOGYAKARTA,1,-7.85973058,110.724953975,571.4845654709493,2,0.0,0
888d8c99b7fffff,2,JAWA TENGAH,1,-7.72696619,110.73771250499999,438.2638993190998,2,0.0,0
888d8c8f25fffff,2,JAWA TENGAH,1,-7.715145175,110.595586435,503.8199409144515,2,0.0,0
888d8c8e2dfffff,2,JAWA TENGAH,1,-7.770771125,110.56352734000001,257.57973248468966,2,0.0,0
888d8c8d17fffff,2,JAWA TENGAH,1,-7.69338026,110.536200435,579.2403484824764,2,0.0,0
888d8c8c09fffff,2,JAWA TENGAH,1,-7.747254285,110.53028305000001,541.0737270414993,2,0.0,0
888d8c8a61fffff,2,JAWA TENGAH,1,-7.74251095,110.71975004999999,481.4859386489156,2,0.0,0
888d8c8a59fffff,2,JAWA TENGAH,1,-7.77563886,110.6946759,783.7590232654909,2,0.0,0
888d8c8a0bfffff,2,JAWA TENGAH,1,-7.75648416,110.694699015,262.87470089668034,2,0.0,0
888d8c89a5fffff,2,JAWA TENGAH,1,-7.62055391,110.66360055,693.6463867826249,2,0.0,0
888d8c889dfffff,2,JAWA TENGAH,1,-7.702434075,110.60365809999999,531.9264822775601,2,0.0,0
888d8c8867fffff,2,JAWA TENGAH,1,-7.6844815099999995,110.69236923,524.6257364580116,2,0.0,0
888d8c8805fffff,2,JAWA TENGAH,1,-7.691036715,110.679243465,857.4154942684473,2,0.0,0
888d8c851bfffff,2,DAERAH ISTIMEWA YOGYAKARTA,1,-7.852199284999999,110.48784272500001,737.7047572485329,2,0.0,0
888d8cc283fffff,2,JAWA TENGAH,1,-7.558554409999999,110.8266552,527.8833363462704,0,0.0,0
888d8cbae5fffff,2,DAERAH ISTIMEWA YOGYAKARTA,1,-7.820184510000001,110.36828890000001,710.9486213571494,2,0.0,0
888d8cbaa5fffff,2,DAERAH ISTIMEWA YOGYAKARTA,1,-7.80361089,110.3537712,564.9192413931139,2,0.0,0
888d8cba07fffff,2,DAERAH ISTIMEWA YOGYAKARTA,2,-7.82792242,110.39532919999999,451.634191664477,1,0.0,0
888d8cb85bfffff,2,DAERAH ISTIMEWA YOGYAKARTA,1,-7.8102612350000005,110.36649464999999,288.9934966549592,2,0.0,0
888d8cb857fffff,2,DAERAH ISTIMEWA YOGYAKARTA,1,-7.796290255000001,110.3667435,508.1659789647663,0,0.0,0
888d8cb855fffff,2,DAERAH ISTIMEWA YOGYAKARTA,1,-7.80008224,110.3757186,519.8003980312295,2,6000000.0,1
888d8cb83bfffff,2,DAERAH ISTIMEWA YOGYAKARTA,1,-7.77664018,110.3560455,721.7832260196028,1,0.0,0
888d8cb839fffff,2,DAERAH ISTIMEWA YOGYAKARTA,1,-7.776528665,110.36561209999999,647.4232612457009,1,0.0,0
888d8cb811fffff,2,DAERAH ISTIMEWA YOGYAKARTA,1,-7.79015324,110.3557136,670.8053096560084,1,0.0,0
888d8cb80dfffff,2,DAERAH ISTIMEWA YOGYAKARTA,1,-7.7856626900000006,110.38551755,604.9263813692451,1,0.0,0
888d8cb80bfffff,2,DAERAH ISTIMEWA YOGYAKARTA,1,-7.792996885,110.3733997,445.2225526593186,1,112500.0,1
888d8cb803fffff,2,DAERAH ISTIMEWA YOGYAKARTA,1,-7.7864495,110.36738734,371.4798339310964,1,0.0,0
888d8ca907fffff,2,JAWA TENGAH,1,-7.62903401,110.304509305,579.8496061751631,1,0.0,0
888d8ca4b7fffff,2,JAWA TENGAH,1,-7.84567865,110.0035824,547.6447634622591,2,0.0,0
888d8ca491fffff,2,JAWA TENGAH,1,-7.87266611,109.99756435,497.0450609837881,2,0.0,0
888d8d186dfffff,2,JAWA TENGAH,1,-7.7464819,109.60001055000001,428.4378691847351,2,26941200.0,1
888d8d0b35fffff,2,JAWA TENGAH,1,-7.631419045,109.51747069999999,731.9649275490785,2,0.0,0
888d8d0a4bfffff,2,JAWA TENGAH,1,-7.721992625,109.50130680000001,670.789906266182,2,1201200.0,1
888d8d0a27fffff,2,JAWA TENGAH,1,-7.672821385000001,109.4966925,422.59643960884677,2,0.0,0
888d8d01c3fffff,2,JAWA TENGAH,1,-7.75734535,109.4052691,356.70288893637616,2,20616000.0,2
888d8cd551fffff,2,JAWA TENGAH,1,-7.62863804,110.84770750000001,337.3612171143654,2,0.0,0
888d8cc741fffff,2,JAWA TENGAH,1,-7.56915024,110.79571145,400.6109578476441,0,0.0,0
888d8cc691fffff,2,JAWA TENGAH,1,-7.609754355,110.66711525,367.989152335605,2,0.0,0
888d8cc317fffff,2,JAWA TENGAH,1,-7.51154322,110.90149955,568.3833666794253,2,0.0,0
888d8cc2ddfffff,2,JAWA TENGAH,1,-7.578039465,110.8369686,511.5624068658377,2,50304000.0,1
888d8cc2d9fffff,2,JAWA TENGAH,1,-7.58388746,110.832153955,395.74164748516756,2,31439200.0,1
888d8cc2d7fffff,2,JAWA TENGAH,1,-7.5709751700000005,110.8271564,547.711420145159,1,0.0,0
888d8cc2d3fffff,2,JAWA TENGAH,1,-7.57723214,110.81870225,433.4771561334793,1,0.0,0
888d8cc29bfffff,2,JAWA TENGAH,1,-7.570453025,110.80912330000001,600.6283044994252,1,8485200.0,1
888d8cc295fffff,2,JAWA TENGAH,1,-7.56015153,110.82003415,343.61115871966234,1,34062400.0,1
888d8cc28bfffff,2,JAWA TENGAH,1,-7.563929605,110.83119955000001,372.7305310062269,2,0.0,0
888d8dc843fffff,2,JAWA TENGAH,1,-7.680164445000001,109.87680315,613.724976073475,2,0.0,0
888d8d7b05fffff,2,JAWA TENGAH,1,-7.39794075,109.47440915,745.5191353111228,2,0.0,0
888d8d7885fffff,2,JAWA TENGAH,1,-7.39026949,109.35722430499999,624.5251249254193,2,0.0,0
888d8d6b6dfffff,2,JAWA TENGAH,1,-7.2955267,109.39663275000001,579.6277939955404,2,0.0,0
888d8d61e9fffff,2,JAWA TENGAH,1,-7.395143325,109.26334865,900.4022283636947,2,0.0,0
888d8d6167fffff,2,JAWA TENGAH,1,-7.38179819,109.31181348999999,457.6468590314259,2,0.0,0
888d8d612bfffff,2,JAWA TENGAH,1,-7.382777745,109.29711950000001,722.8561984191723,2,0.0,0
888d8d60e3fffff,2,JAWA TENGAH,1,-7.434559634999999,109.218249,674.7893982503006,2,0.0,0
888d8d60a7fffff,2,JAWA TENGAH,1,-7.414220435,109.2057898,646.098501303138,2,0.0,0
888d8d5a05fffff,2,JAWA TENGAH,1,-7.4615846999999995,109.84015785,55.865943673970285,2,0.0,0
888d8d5491fffff,2,JAWA TENGAH,1,-7.61003453,109.5380742,678.137011419787,2,0.0,0
888d8d4a69fffff,2,JAWA TENGAH,1,-7.3666460350000005,109.75840545,765.0168463738318,2,0.0,0
888d8d4969fffff,2,JAWA TENGAH,1,-7.268152955,109.770355645,760.0176392743936,2,0.0,0
888d8d40a9fffff,2,JAWA TENGAH,1,-7.44392577,109.61732505,906.6839021459027,2,0.0,0
888d8d2b65fffff,2,JAWA TENGAH,1,-7.622574495,109.14879777,519.9540600065671,0,0.0,0
888d8d18e1fffff,2,JAWA TENGAH,1,-7.7420063,109.53410635,549.8243029230788,2,22368000.0,1
888d8e8507fffff,2,JAWA TENGAH,1,-6.8120404,110.83576009000001,364.7418573885665,2,0.0,0
888d8e8505fffff,2,JAWA TENGAH,1,-6.815397655,110.8455436,510.7139546143491,2,0.0,0
888d8e8329fffff,2,JAWA TENGAH,1,-6.817485,111.021033,275.2444436291693,2,104500000.0,1
888d8e8161fffff,2,JAWA TENGAH,1,-6.775845785,111.00965215,284.31599671473805,2,0.0,0
888d8e14b7fffff,2,JAWA TENGAH,1,-6.59730079,110.67425804999999,503.69857365406074,2,22272000.0,1
888d8e1443fffff,2,JAWA TENGAH,1,-6.634169095000001,110.75384359,463.2472159964362,2,1740000.0,1
888d8e0651fffff,2,JAWA TENGAH,1,-6.589021535,110.6604708,426.0696406414295,2,96810000.0,1
888d8ddacdfffff,2,JAWA TENGAH,1,-7.82985429,109.96500735000001,591.5828487356356,2,0.0,0
888d8dda0bfffff,2,JAWA TENGAH,1,-7.825176595,109.9940553,715.0244683426464,2,0.0,0
888d8dd995fffff,2,JAWA TENGAH,1,-7.7183370799999995,109.9364944,752.2288390897643,2,0.0,0
888d8dd8edfffff,2,JAWA TENGAH,1,-7.76027406,109.947333,608.5323792133452,2,0.0,0
888d8dcf61fffff,2,JAWA TENGAH,2,-7.704300480000001,109.7997742,510.60293482244305,2,0.0,0
888d8dcd85fffff,2,JAWA TENGAH,1,-7.65137626,109.70606785000001,829.9187017670756,1,0.0,0
888d8dcc03fffff,2,JAWA TENGAH,1,-7.708169885,109.71504545,521.5397476005853,2,0.0,0
888d8dcad9fffff,2,JAWA TENGAH,1,-7.742737345,109.8340782,508.7121804728312,2,0.0,0
888d8dc8d5fffff,2,JAWA TENGAH,1,-7.678709,109.814871,684.9413610145872,2,0.0,0
888d8e9929fffff,2,JAWA TENGAH,1,-6.7236088800000005,111.14614915,375.12297005259796,2,0.0,0
888d8e9921fffff,2,JAWA TENGAH,1,-6.716067765,111.14640130000001,281.69548566714553,2,0.0,0
888d8e9905fffff,2,JAWA TENGAH,1,-6.729257145,111.14421809999999,293.7049065556819,2,0.0,0
888d8e98d1fffff,2,JAWA TENGAH,1,-6.80169525,111.0387862,724.3650878891692,2,198000000.0,1
888d8e98a5fffff,2,JAWA TENGAH,1,-6.754214685,111.055478595,577.6278804975029,2,0.0,0
888d8e98a3fffff,2,JAWA TENGAH,1,-6.760134655,111.04097394499999,428.48967470650564,2,0.0,0
888d8e98a1fffff,2,JAWA TENGAH,1,-6.7613792,111.04978115,604.850214769534,2,0.0,0
888d8e9041fffff,2,JAWA TENGAH,1,-6.9460926,111.0706126,253.42971911967518,1,0.0,0
888d8e8ed9fffff,2,JAWA TENGAH,1,-6.800811865,110.81113471500001,848.4210994105363,2,0.0,0
888d8e8b59fffff,2,JAWA TENGAH,1,-6.712879175,111.054873215,516.7520728883972,2,216509000.0,1
888d8e8b27fffff,2,JAWA TENGAH,1,-6.656031564999999,111.06027299499999,820.9692702147927,2,0.0,0
888d8e8a4dfffff,2,JAWA TENGAH,1,-6.74741569,111.04540815,410.4212348759695,2,172070000.0,1
888d8e8a41fffff,2,JAWA TENGAH,1,-6.746166725,111.035875395,469.6369043719826,2,0.0,0
888d8e8535fffff,2,JAWA TENGAH,1,-6.8014254350000005,110.8306728,116.94833561395755,2,1368000.0,2
888d8e852dfffff,2,JAWA TENGAH,1,-6.799997075,110.85333995,478.8970100660101,2,0.0,0
888d8e852bfffff,2,JAWA TENGAH,1,-6.805953835,110.8419202,371.01955744963664,2,0.0,0
888d9252d3fffff,2,KALIMANTAN SELATAN,1,-3.36832587,114.8324571,710.92272715126,2,0.0,0
888d925259fffff,2,KALIMANTAN SELATAN,1,-3.380168255,114.9000643,533.8507756498938,1,0.0,0
888d924691fffff,2,KALIMANTAN SELATAN,1,-3.288685245,114.58244395,723.1629551468394,2,0.0,0
888d9209e1fffff,2,KALIMANTAN SELATAN,1,-3.324414365,114.5901842,368.4118045137198,2,0.0,0
888d9209a5fffff,2,KALIMANTAN SELATAN,1,-3.302973575,114.57978775000001,176.1013825349772,2,0.0,0
888d8ed6bdfffff,2,JAWA TENGAH,1,-6.6723532500000005,111.1043955,426.58938546604736,2,0.0,0
888d8ec653fffff,2,JAWA TENGAH,1,-6.60820681,111.05544320499999,655.1571021511394,2,0.0,0
888d8ec647fffff,2,JAWA TENGAH,1,-6.5933490500000005,111.07865215,698.2262168211249,2,0.0,0
888d8eb847fffff,2,JAWA TENGAH,1,-6.77469303,110.71184935,702.0127287418371,1,0.0,0
888d8eb803fffff,2,JAWA TENGAH,1,-6.7674838,110.6928095,622.5062419581623,1,0.0,0
888d8eb4dbfffff,2,JAWA TENGAH,1,-6.981809965,110.4365754,410.1896170093463,2,0.0,0
888d8eb4d7fffff,2,JAWA TENGAH,1,-6.965301525,110.43984735000001,429.0706155784561,2,32480000.0,1
888d8eb4d3fffff,2,JAWA TENGAH,1,-6.97297468,110.43415279999999,318.45345965534375,2,261140000.0,1
888d8eb1c3fffff,2,JAWA TENGAH,1,-6.87580626,110.6401519,590.0203531237689,2,0.0,0
888d8eb157fffff,2,JAWA TENGAH,1,-6.87848005,110.680136265,472.0750673088625,2,12180000.0,1
888d8e992dfffff,2,JAWA TENGAH,1,-6.715405135,111.1515299,447.578442204378,2,0.0,0
888daa436dfffff,2,JAWA TIMUR,1,-7.86790372,111.5122529,495.50290159537803,2,0.0,0
888daa431dfffff,2,JAWA TIMUR,1,-7.879320985,111.46856875,466.2031178133076,1,0.0,0
888da36ccdfffff,2,JAWA TIMUR,1,-8.171135045,112.6254078,187.74688309171242,2,108000.0,1
888da34a9dfffff,2,JAWA TIMUR,1,-8.1800765,113.14980883,562.3074215339088,2,0.0,0
888da3495bfffff,2,JAWA TIMUR,1,-8.104168245,113.21954172,486.63763560000825,1,0.0,0
888da34927fffff,2,JAWA TIMUR,1,-8.04970977,113.234962785,373.7197532997294,2,0.0,0
888da34889fffff,2,JAWA TIMUR,1,-8.13181474,113.14541709,786.417787063721,2,5597500.0,1
888da2ca3bfffff,2,JAWA TIMUR,1,-8.201356409999999,114.35650755,515.8178335291958,0,0.0,0
888da2ca03fffff,2,JAWA TIMUR,1,-8.20597345,114.3698489,427.24206479257305,1,0.0,0
888da2c5ddfffff,2,JAWA TIMUR,1,-8.316302575,114.14837153,690.8270686106029,2,0.0,0
888da2c0e5fffff,2,JAWA TIMUR,1,-8.28768351,114.27964543499999,769.7642876671415,2,0.0,0
888d92cd53fffff,2,KALIMANTAN SELATAN,1,-3.4185497099999997,114.852724,522.747541517026,0,0.0,0
888d92cd1dfffff,2,KALIMANTAN SELATAN,1,-3.405722355,114.85260840000001,285.07976788961696,1,0.0,0
888d92cd17fffff,2,KALIMANTAN SELATAN,1,-3.3971804199999998,114.84549899999999,523.9763066477258,2,0.0,0
888d92cd09fffff,2,KALIMANTAN SELATAN,1,-3.40548389,114.87094345,722.7762601154454,1,0.0,0
888d927369fffff,2,KALIMANTAN SELATAN,1,-3.28343295,114.57131505000001,619.2741325146103,2,0.0,0
88650b270bfffff,2,ACEH,2,5.09224838,97.48011041,492.89806401539045,1,0.0,0
88650b25cbfffff,2,ACEH,1,5.13576336,97.40639554500001,626.8919849021933,2,0.0,0
88650b2553fffff,2,ACEH,1,5.131487034999999,97.44401976,635.9150183877032,2,0.0,0
88650b2533fffff,2,ACEH,1,5.17215907,97.430992385,593.7788621635934,0,0.0,0
88650b248dfffff,2,ACEH,1,5.10567128,97.369967505,722.0391296811168,1,0.0,0
88650b2465fffff,2,ACEH,1,5.11478791,97.4509972,550.1814934888181,2,0.0,0
88650b2453fffff,2,ACEH,1,5.079302625,97.40804384500001,728.1065975071485,0,0.0,0
88650b2443fffff,2,ACEH,1,5.087248285,97.42806812,727.1798411254308,2,0.0,0
88650b2439fffff,2,ACEH,1,5.11149313,97.40796907000001,859.1192132396048,2,0.0,0
88650b240bfffff,2,ACEH,1,5.095485725,97.417266485,633.9546150738563,1,0.0,0
88650b22d5fffff,2,ACEH,1,5.076247235,97.54798733,810.2127169954713,2,0.0,0
88650b22d1fffff,2,ACEH,1,5.070378590000001,97.54272458,735.035892669476,2,0.0,0
88650b229bfffff,2,ACEH,1,5.078541619999999,97.52318553,699.5434435518973,2,0.0,0
886509d9d9fffff,2,SUMATERA UTARA,1,4.016636175,98.292126355,564.0539393964281,2,0.0,0
8865099755fffff,2,ACEH,1,3.4024627450000002,97.925809445,598.8122079256723,2,0.0,0
8865099665fffff,2,ACEH,1,3.37900474,97.91548632,410.76119717918664,2,0.0,0
889404908dfffff,2,NUSA TENGGARA TIMUR,1,-10.158135755,123.59193087,467.1001338658253,0,0.0,0
888db58d9bfffff,2,BALI,1,-8.18902111,114.93257685,702.5292091078821,2,0.0,0
888db589bdfffff,2,BALI,1,-8.118554,115.09414799999999,428.5184109749221,2,0.0,0
888db589b5fffff,2,BALI,1,-8.11125272,115.09217960000001,390.6716269840474,1,0.0,0
888db164c7fffff,2,JAWA TIMUR,1,-7.000941945,113.910919005,586.5951614764315,2,0.0,0
888daadb05fffff,2,JAWA TIMUR,1,-8.169563745000001,111.78878495000001,660.2354261783773,2,0.0,0
888daa7567fffff,2,JAWA TENGAH,1,-7.942320405,111.03203200499999,687.7756860697792,2,0.0,0
888daa59b7fffff,2,JAWA TIMUR,1,-7.757355155,111.53326915,508.64853878029663,2,0.0,0
888daa574dfffff,2,JAWA TIMUR,1,-8.03289305,111.45872349999999,644.7266519055956,2,0.0,0
888daa5731fffff,2,JAWA TIMUR,1,-8.006396,111.4218285,356.66547580117134,2,0.0,0
888daa51c5fffff,2,JAWA TIMUR,1,-7.9321454,111.52140485,679.5353919719004,2,0.0,0
888daa5183fffff,2,JAWA TIMUR,1,-7.9217805,111.4947448,238.42039855357464,2,0.0,0
888daa4a39fffff,2,JAWA TIMUR,1,-7.773368625,111.4809485,340.4468907217844,2,0.0,0
888daa496dfffff,2,JAWA TIMUR,1,-7.675222765,111.5347158,818.4309473834575,2,0.0,0
888daa4925fffff,2,JAWA TIMUR,1,-7.65475339,111.5136227,321.95908297060225,2,134315000.0,2
888daa48b5fffff,2,JAWA TIMUR,1,-7.704426485,111.4048981,615.2388489198196,2,0.0,0
88650995c9fffff,2,ACEH,1,3.4550775199999997,97.854082315,412.924427654994,1,0.0,0
88650995c7fffff,2,ACEH,1,3.470868815,97.847729255,596.116581527715,2,0.0,0
88650995bbfffff,2,ACEH,1,3.487194295,97.813151705,538.7289032625088,0,0.0,0
88650995b9fffff,2,ACEH,1,3.48730164,97.824554855,371.0844165195141,1,0.0,0
8894268d31fffff,2,NUSA TENGGARA TIMUR,1,-8.730904684999999,122.3116052,575.6480472849818,1,0.0,0
8894268ad1fffff,2,NUSA TENGGARA TIMUR,1,-8.624276965,122.22469355,477.49339094445014,2,0.0,0
889424609bfffff,2,NUSA TENGGARA TIMUR,1,-8.32990932,122.97781918999999,556.3583522785775,2,0.0,0
889423ae61fffff,2,NUSA TENGGARA TIMUR,1,-9.434976899999999,124.47701015,590.7877680254558,2,0.0,0
8894218631fffff,2,NUSA TENGGARA TIMUR,1,-8.21623881,124.5227618,513.6406141818827,1,0.0,0
8894208355fffff,2,NUSA TENGGARA TIMUR,1,-8.386112655,123.2421723,600.8155004604663,2,0.0,0
8894208343fffff,2,NUSA TENGGARA TIMUR,1,-8.38496863,123.23365715,546.6018009405609,2,0.0,0
88940491e9fffff,2,NUSA TENGGARA TIMUR,1,-10.19525136,123.53561055,635.0344038422771,1,105768000.0,1
88940490e5fffff,2,NUSA TENGGARA TIMUR,1,-10.167562295,123.57334795,475.1764039236863,2,216996500.0,2
88940490e3fffff,2,NUSA TENGGARA TIMUR,1,-10.16060225,123.58397285,377.57078518947696,1,0.0,0
88940490e1fffff,2,NUSA TENGGARA TIMUR,1,-10.162054829999999,123.57828864999999,385.45702464460055,2,0.0,0
88940490a9fffff,2,NUSA TENGGARA TIMUR,1,-10.172329035,123.59145665,385.1076113390357,2,0.0,0
8865099431fffff,2,ACEH,1,3.441226335,97.84582252000001,534.1454301420283,1,0.0,0
8865099423fffff,2,ACEH,1,3.4462672349999997,97.86122803500001,595.6127824301927,1,0.0,0
8865099417fffff,2,ACEH,1,3.42439175,97.833734985,576.4079565933381,1,0.0,0
8865099411fffff,2,ACEH,1,3.4166482,97.84116995,580.9587654295705,2,0.0,0
886509940bfffff,2,ACEH,1,3.415655105,97.85596172999999,609.609874042337,1,0.0,0
8895008123fffff,2,SULAWESI SELATAN,1,-5.15804823,119.42066555,406.57849452282665,2,48030000.0,1
889500810dfffff,2,SULAWESI SELATAN,1,-5.1333778500000005,119.41019935,537.0479288718865,1,0.0,0
88950024e1fffff,2,SULAWESI SELATAN,1,-5.55794415,120.18114105000001,783.945460525035,1,0.0,0
889426d185fffff,2,NUSA TENGGARA TIMUR,1,-8.78533626,121.89233239500001,0.0010989029568463375,1,0.0,0
889426d13bfffff,2,NUSA TENGGARA TIMUR,1,-8.780781325,121.862502,687.4448518204687,2,0.0,0
8865099661fffff,2,ACEH,1,3.370288275,97.91319408,454.6762863145468,2,0.0,0
886509964dfffff,2,ACEH,1,3.350832655,97.91672329,264.9453846191154,2,0.0,0
8865099649fffff,2,ACEH,1,3.341461775,97.90838104,706.0226434119622,2,0.0,0
88650995d9fffff,2,ACEH,1,3.4469012450000003,97.833363535,480.3417259894305,2,0.0,0
88650995d7fffff,2,ACEH,1,3.465918255,97.825775385,378.4259674967963,0,0.0,0
88650995d5fffff,2,ACEH,1,3.464189215,97.830518045,391.01974918173937,0,0.0,0
8895008a83fffff,2,SULAWESI SELATAN,1,-5.19352634,119.44887055000001,517.6654159700147,0,0.0,0
8895008a1bfffff,2,SULAWESI SELATAN,1,-5.169106195,119.41110965,265.5338940762455,2,282670000.0,2
8895008a13fffff,2,SULAWESI SELATAN,1,-5.177712085,119.4113129,381.88696859223455,2,0.0,0
8895008a11fffff,2,SULAWESI SELATAN,1,-5.17655432,119.40650980000001,578.6527808983105,2,0.0,0
8895008903fffff,2,SULAWESI SELATAN,1,-5.280784995,119.3787911,865.0010008522305,1,0.0,0
8895008655fffff,2,SULAWESI SELATAN,1,-5.000042165,119.58298085,506.2078977286348,2,0.0,0
8895008163fffff,2,SULAWESI SELATAN,1,-5.14024364,119.4074046,463.73586938566876,1,0.0,0
8895008153fffff,2,SULAWESI SELATAN,1,-5.11547729,119.43549515,446.16840422673397,2,1201700.0,1
8895008147fffff,2,SULAWESI SELATAN,1,-5.12448051,119.4103325,294.7682387257006,1,0.0,0
889500812bfffff,2,SULAWESI SELATAN,1,-5.147883895,119.41743745,425.7940926195362,1,0.0,0
8865099597fffff,2,ACEH,1,3.479839895,97.80800518,387.27210628316055,2,0.0,0
8865099591fffff,2,ACEH,1,3.47484778,97.81229032499999,430.7522326910325,0,0.0,0
8865099583fffff,2,ACEH,1,3.4798113649999998,97.82338533000001,344.61934843685054,0,0.0,0
8865099581fffff,2,ACEH,1,3.47709127,97.835687365,531.6038788633258,1,0.0,0
8865099445fffff,2,ACEH,1,3.413911235,97.88511019,641.1117677124832,1,0.0,0
8865099437fffff,2,ACEH,1,3.449034115,97.84149812000001,589.692596851186,2,0.0,0
88950d4c09fffff,2,SULAWESI TENGGARA,1,-5.468469884999999,122.6007725,495.31104720422087,0,0.0,0
88950d4551fffff,2,SULAWESI TENGGARA,1,-5.354095315,122.6269927,888.5574200201581,2,0.0,0
88950d12e3fffff,2,SULAWESI TENGGARA,1,-4.87088879,122.68211465,518.9414991683793,2,0.0,0
88950ca6adfffff,2,SULAWESI TENGGARA,1,-4.825324335,122.1240011,413.9226760194696,2,0.0,0
88950884b7fffff,2,SULAWESI TENGGARA,1,-5.678343165,122.47349700000001,463.8061901566694,1,0.0,0
889505d599fffff,2,SULAWESI SELATAN,1,-4.289986935,119.64288241,676.5401765596562,2,0.0,0
889505d433fffff,2,SULAWESI SELATAN,1,-4.264478145,119.626553315,489.91917296588946,1,0.0,0
889505ba07fffff,2,SULAWESI SELATAN,1,-4.13022896,120.03040325,548.136883604801,1,0.0,0
8895059a4bfffff,2,SULAWESI SELATAN,1,-4.01936305,119.62222435000001,237.57030214116054,2,0.0,0
8895059a09fffff,2,SULAWESI SELATAN,1,-4.036764,119.62762584999999,420.07535478697685,2,0.0,0
8895059531fffff,2,SULAWESI SELATAN,1,-3.996141965,119.83098122499999,452.1486030389872,1,0.0,0
8895055835fffff,2,SULAWESI SELATAN,1,-4.82569209,119.56325865,640.4911292310219,2,0.0,0
889501c9c9fffff,2,SULAWESI SELATAN,1,-5.429670529999999,120.19783635,790.8262755751717,2,0.0,0
8895008ad7fffff,2,SULAWESI SELATAN,1,-5.17788374,119.45029835,561.7006145215348,2,0.0,0
8895008ac9fffff,2,SULAWESI SELATAN,1,-5.1641791349999995,119.42176045,323.91500146502057,2,22484000.0,1
8895008ac1fffff,2,SULAWESI SELATAN,1,-5.17336113,119.42675595,739.9976275731959,2,0.0,0
88951bd615fffff,2,NUSA TENGGARA TIMUR,1,-8.782985275,120.9746851,689.8896816639084,2,0.0,0
88951bd587fffff,2,NUSA TENGGARA TIMUR,1,-8.896097269999999,121.0053095,612.2922562127444,1,0.0,0
88951bb8c7fffff,2,NUSA TENGGARA TIMUR,1,-8.7796095,121.476562395,0.0010989225043815552,1,0.0,0
88951bae29fffff,2,NUSA TENGGARA TIMUR,1,-8.842547125,121.6472936,534.5475785998974,1,0.0,0
88951ba841fffff,2,NUSA TENGGARA TIMUR,1,-8.884468094999999,121.51426135,401.5596718041751,2,0.0,0
88951b98b1fffff,2,NUSA TENGGARA TIMUR,2,-8.721369020000001,121.10079540000001,445.76488280660095,2,0.0,0
88951b8d01fffff,2,NUSA TENGGARA TIMUR,1,-8.84180332,121.24017795,282.9133823899594,2,0.0,0
88951b8827fffff,2,NUSA TENGGARA TIMUR,1,-8.84323916,121.12536165,980.6548876774162,2,0.0,0
8895186a41fffff,2,NUSA TENGGARA TIMUR,1,-8.657714115,120.694878945,237.70912888167584,2,0.0,0
88951321b5fffff,2,NUSA TENGGARA BARAT,1,-8.613754700000001,118.99240555,882.4256436178072,2,0.0,0
88951305d9fffff,2,NUSA TENGGARA BARAT,1,-8.45571876,118.74303275,679.2514085423675,2,0.0,0
889513059bfffff,2,NUSA TENGGARA BARAT,1,-8.478010155,118.7658249,689.2072358414638,2,80000.0,1
889513043dfffff,2,NUSA TENGGARA BARAT,1,-8.4479217,118.7257604,674.7831822431111,2,0.0,0
88950dd32bfffff,2,SULAWESI TENGGARA,1,-4.8351877000000005,122.1942252,404.5929372767276,2,0.0,0
88950dc6d5fffff,2,SULAWESI TENGGARA,1,-4.872795180000001,122.54443950000001,769.2887212883164,1,0.0,0
88950d4c57fffff,2,SULAWESI TENGGARA,1,-5.462659915,122.61583945000001,661.8835863783343,2,0.0,0
88952bacc1fffff,2,SULAWESI TENGGARA,1,-3.9594197099999997,122.4516713,481.0034578210296,2,0.0,0
88952bac67fffff,2,SULAWESI TENGGARA,1,-3.981394615,122.38896395,475.3389184140324,2,0.0,0
88952bac11fffff,2,SULAWESI TENGGARA,1,-3.9647767,122.43218095,645.4442269062479,2,0.0,0
88952ba913fffff,2,SULAWESI TENGGARA,1,-4.035599,122.25115650000001,656.7179773359144,2,0.0,0
88952ba59dfffff,2,SULAWESI TENGGARA,1,-3.8728076700000003,122.4974291,419.70915274122746,2,0.0,0
88952ba44bfffff,2,SULAWESI TENGGARA,1,-3.7966474650000004,122.4518781,808.2975614230701,1,0.0,0
88952b16d3fffff,2,SULAWESI TENGGARA,1,-3.95056925,122.15593727000001,434.5119213674502,2,0.0,0
88952b0d1dfffff,2,SULAWESI TENGGARA,1,-4.33039105,122.130392785,259.3666752232478,2,0.0,0
8895291525fffff,2,SULAWESI TENGAH,1,-3.050917245,122.4170776,925.4822521757981,2,0.0,0
88952364b5fffff,2,SULAWESI SELATAN,1,-4.01367165,119.62155530000001,277.9791249885176,2,0.0,0
88952364b3fffff,2,SULAWESI SELATAN,1,-4.008588895,119.631409925,205.44019759197644,2,0.0,0
8895232c37fffff,2,SULAWESI SELATAN,1,-3.8341373,119.768535,182.60896151118152,2,0.0,0
88952316bdfffff,2,SULAWESI BARAT,1,-3.432560625,119.34878995,897.5616586750436,2,0.0,0
8895216465fffff,2,SULAWESI SELATAN,1,-2.9625381099999997,119.8742303,551.1570593936219,2,0.0,0
889521642bfffff,2,SULAWESI SELATAN,1,-2.96843392,119.8994773,337.0702338149534,2,0.0,0
8895216403fffff,2,SULAWESI SELATAN,1,-2.956205645,119.90898615,739.0978106904837,0,0.0,0
8895340119fffff,2,KALIMANTAN SELATAN,1,-4.089786585,116.20542065000001,575.3529056966873,2,0.0,0
88952e82d3fffff,2,SULAWESI SELATAN,1,-2.9904581400000003,120.201893585,451.63065711848174,2,0.0,0
88952e82d1fffff,2,SULAWESI SELATAN,1,-2.98911723,120.19357142499999,393.1690426944423,1,71185020.0,1
88952e8299fffff,2,SULAWESI SELATAN,1,-2.9972484,120.202902675,451.3705234424674,1,0.0,0
88952e828bfffff,2,SULAWESI SELATAN,1,-3.00387232,120.19028935,533.986104237715,1,0.0,0
88952d6641fffff,2,SULAWESI TENGAH,1,-2.55103909,121.97228695,455.6050080754966,1,0.0,0
88952d0041fffff,2,SULAWESI TENGAH,1,-2.2357974599999997,121.69258145,193.02397941512012,2,0.0,0
88952c5b49fffff,2,SULAWESI SELATAN,1,-2.723371645,120.17445615,715.7513288986943,0,0.0,0
88952c4ae1fffff,2,SULAWESI SELATAN,1,-2.839606565,120.3627223,104.64073728135995,1,0.0,0
88952c381bfffff,2,SULAWESI SELATAN,1,-2.50785839,120.92370438,131.63924717148043,2,0.0,0
88952bc355fffff,2,SULAWESI TENGGARA,1,-4.05696542,121.59462345,598.6712008601557,2,0.0,0
88952bbb31fffff,2,SULAWESI TENGGARA,1,-3.8745230700000004,122.1126913,644.7482161141385,2,0.0,0
88952bb93bfffff,2,SULAWESI TENGGARA,1,-3.92542706,122.13954905,641.1036723136997,0,0.0,0
88952bb937fffff,2,SULAWESI TENGGARA,1,-3.935030705,122.13592675,456.5078049972451,1,0.0,0
88952bb911fffff,2,SULAWESI TENGGARA,1,-3.9097342900000003,122.14098145,778.9637416624586,2,0.0,0
88952bb2c3fffff,2,SULAWESI TENGGARA,1,-3.65645904,122.23796440000001,539.22364521972,1,0.0,0
889572481dfffff,2,SULAWESI TENGGARA,1,-5.342681284999999,123.538412,233.84142017020744,0,0.0,0
88956b11adfffff,2,MALUKU,1,-2.93785652,129.66343468000002,0.004441951954756159,1,0.0,0
88956ab821fffff,2,MALUKU,1,-2.876015605,128.73493960000002,402.3672276242835,1,0.0,0
88956a8a23fffff,2,MALUKU,1,-2.8702976,128.401140035,911.2640233151129,2,0.0,0
88956a6ad1fffff,2,MALUKU,1,-3.6501074200000003,128.7771816,740.9126289476478,2,0.0,0
88956a4b2dfffff,2,MALUKU,1,-3.65275766,128.23125872499998,442.25245956783516,0,0.0,0
88956a38a3fffff,2,MALUKU,1,-3.2975276300000003,128.95902165,658.2174796216996,2,0.0,0
88956a2311fffff,2,MALUKU,1,-3.2244055400000002,129.02012919999999,834.3166907487814,2,0.0,0
889562b649fffff,2,MALUKU UTARA,1,-2.05344624,125.95679150000001,303.0758818548576,1,0.0,0
889549aeddfffff,2,MALUKU,1,-4.4977037499999994,131.65942295,751.2227472957893,1,0.0,0
88954195d5fffff,2,MALUKU,1,-3.7098651350000003,128.1683865,605.8568124402278,0,0.0,0
88954195d1fffff,2,MALUKU,1,-3.70354635,128.1778501,377.02184650754475,0,0.0,0
88954194e7fffff,2,MALUKU,1,-3.691143825,128.1832214,529.2047689149684,2,0.0,0
88954194adfffff,2,MALUKU,1,-3.6975093250000004,128.1901529,667.1272844375703,1,0.0,0
8895349a5bfffff,2,KALIMANTAN SELATAN,1,-3.61056167,115.92868805,332.86906981786774,2,0.0,0
8895349a59fffff,2,KALIMANTAN SELATAN,1,-3.6100357450000002,115.92193165,351.19279401640716,1,0.0,0
886508a5e3fffff,2,SUMATERA UTARA,1,3.93692799,98.426422855,691.1989708950626,2,0.0,0
8895a51a01fffff,2,NUSA TENGGARA BARAT,1,-8.63935763,116.4040786,392.5221980052777,2,0.0,0
8895a50209fffff,2,NUSA TENGGARA BARAT,1,-8.61756228,116.5441898,503.6064006728157,2,0.0,0
8895a48839fffff,2,BALI,1,-8.55492199,115.40940225,533.91087137887,1,0.0,0
8895a4882bfffff,2,BALI,1,-8.562128815000001,115.3982234,464.54051282670673,0,0.0,0
8895a48819fffff,2,BALI,1,-8.536879765,115.41824625,593.9725826698332,2,0.0,0
889576db31fffff,2,SULAWESI TENGGARA,1,-3.952454995,122.51771425000001,695.5314496133767,2,141104000.0,1
889576d9dbfffff,2,SULAWESI TENGGARA,1,-3.973065695,122.59680804999999,730.3122115781723,2,0.0,0
889576d963fffff,2,SULAWESI TENGGARA,1,-3.997249305,122.51251345,684.39608658835,2,91480000.0,1
889576d835fffff,2,SULAWESI TENGGARA,1,-3.96907505,122.5736382,389.4533065435186,2,196330000.0,2
889576d817fffff,2,SULAWESI TENGGARA,1,-3.9518277,122.58814565,601.410631090124,2,0.0,0
889576d807fffff,2,SULAWESI TENGGARA,1,-3.95148867,122.56517124999999,712.1732440461803,2,0.0,0
8895767345fffff,2,SULAWESI TENGGARA,1,-4.2501925,123.09658250000001,272.90633538811034,1,0.0,0
8895a5740dfffff,2,NUSA TENGGARA BARAT,1,-8.91469904,116.749090215,201.04173935587102,2,0.0,0
8895765b59fffff,2,SULAWESI TENGGARA,1,-4.303709100000001,122.65709415,476.07030241257064,2,0.0,0
8865099409fffff,2,ACEH,1,3.41607159,97.864742645,510.39729835526555,1,0.0,0
886552b859fffff,2,ACEH,1,5.289830565000001,95.9642274,743.1559433501745,1,0.0,0
886552b855fffff,2,ACEH,1,5.3087892199999995,95.96689068,537.4941419423089,2,0.0,0
886552b84bfffff,2,ACEH,1,5.295790869999999,95.97712028999999,531.8581986397966,0,0.0,0
886552b847fffff,2,ACEH,1,5.315614175,95.97983743500001,442.9926982001891,2,0.0,0
889cdd8093fffff,2,PAPUA SELATAN,1,-7.9870139,138.84489485,574.113159872818,0,0.0,0
889cd87ab7fffff,2,PAPUA SELATAN,1,-6.122785745,139.153246955,134.10486821807547,0,0.0,0
889cd81a9bfffff,2,PAPUA SELATAN,1,-6.5635642,139.29702915000001,0.9794914119958451,0,0.0,0
8895ad6281fffff,2,NUSA TENGGARA TIMUR,1,-9.6367958,119.43458319999999,427.8060220334614,1,0.0,0
8895a5dab7fffff,2,NUSA TENGGARA BARAT,1,-8.589472205,116.10122465,756.32571936628,2,4032000.0,1
8895a5da85fffff,2,NUSA TENGGARA BARAT,1,-8.570040245,116.07970605,408.6417674870641,2,2572500.0,1
8895a5d8c3fffff,2,NUSA TENGGARA BARAT,1,-8.600363405,116.09958625,519.8883297121789,2,0.0,0
8895a5d89dfffff,2,NUSA TENGGARA BARAT,1,-8.61055395,116.11609945000001,326.29162120094276,2,0.0,0
8895a5d1a7fffff,2,NUSA TENGGARA BARAT,1,-8.550454085,116.11571725,740.4096970821861,1,56430750.0,1
8895a5c321fffff,2,NUSA TENGGARA BARAT,1,-8.59654369,116.1334535,473.9916889050063,2,0.0,0
8895a5c083fffff,2,NUSA TENGGARA BARAT,1,-8.603654835,116.25401245,797.3827442011012,2,0.0,0
8895a57447fffff,2,NUSA TENGGARA BARAT,1,-8.91132055,116.7481625,193.53078530444571,2,0.0,0
