cooperative_id,name,province,district,subdistrict,latitude,longitude,type,n_at_coord
84,KOPERASI DESA MERAH PUTIH SUMBERKOLAK,JAWA TIMUR,KAB. SITUBONDO,Panarukan,-6.2,106.8,exact_duplicate_coordinate,11
88,KOPERASI DESA MERAH PUTIH SUKAMELANG KECAMATAN KROYA,JAWA BARAT,KAB. INDRAMAYU,Kroya,-6.2,106.8,exact_duplicate_coordinate,11
91,KOPERASI DESA MERAH PUTIH MUARADUA KECAMATAN KADUDAMPIT KABUPATEN SUKABUMI,JAWA BARAT,KAB. SUKABUMI,Kadudampit,-6.2,106.8,exact_duplicate_coordinate,11
93,KOPERASI KELURAHAN MERAH PUTIH SUNGAIJAWI DALAM,KALIMANTAN BARAT,KOTA PONTIANAK,Pontianak Barat,-6.2,106.8,exact_duplicate_coordinate,11
100,KOPERASI DESA MERAH PUTIH TANJUNGSARI KECAMATAN CURUGKEMBAR,JAWA BARAT,KAB. SUKABUMI,Curugkembar,-6.2,106.8,exact_duplicate_coordinate,11
1000,KOPERASI DESA MERAH PUTIH KAHURIPAN JAYA KECAMATAN BANJAR BARU,LAMPUNG,KAB. TULANG BAWANG,Banjar Baru,-6.2,106.8,exact_duplicate_coordinate,11
1544,KOPERASI DESA MERAH PUTIH SUKARENA KECAMATAN SUKA KARYA,SUMATERA SELATAN,KAB. MUSI RAWAS,Suka Karya,-6.2,106.8,exact_duplicate_coordinate,11
10000,KOPERASI DESA MERAH PUTIH MUARA PADANG,SUMATERA SELATAN,KAB. BANYUASIN,Muara Padang,-6.2,106.8,exact_duplicate_coordinate,11
63682,KOPERASI DESA MERAH PUTIH CLAPAR KECAMATAN BAGELEN,JAWA TENGAH,KAB. PURWOREJO,Bagelen,-6.2,106.8,exact_duplicate_coordinate,11
80000,KOPERASI DESA MERAH PUTIH TALIKURAN KECAMATAN KAKAS,SULAWESI UTARA,KAB. MINAHASA,Kakas,-6.2,106.8,exact_duplicate_coordinate,11
94135,KOPERASI DESA MERAH PUTIH KAMPUNG AUKUNI DISTRIK TELENGGEME,PAPUA PEGUNUNGAN,KAB. TOLIKARA,Telenggeme,-6.2,106.8,exact_duplicate_coordinate,11
92876,KOPERASI DESA MERAH PUTIH LUAREN,PAPUA PEGUNUNGAN,KAB. NDUGA,Wutpaga,-4.042087,138.223751,exact_duplicate_coordinate,7
93154,KOPERASI DESA MERAH PUTIH MULI,PAPUA PEGUNUNGAN,KAB. NDUGA,Wutpaga,-4.042087,138.223751,exact_duplicate_coordinate,7
93155,KOPERASI DESA MERAH PUTIH TINIGELE,PAPUA PEGUNUNGAN,KAB. NDUGA,Wutpaga,-4.042087,138.223751,exact_duplicate_coordinate,7
93156,KOPERASI DESA MERAH PUTIH WUONE,PAPUA PEGUNUNGAN,KAB. NDUGA,Wutpaga,-4.042087,138.223751,exact_duplicate_coordinate,7
93157,KOPERASI DESA MERAH PUTIH WUTPAGA,PAPUA PEGUNUNGAN,KAB. NDUGA,Wutpaga,-4.042087,138.223751,exact_duplicate_coordinate,7
93202,KOPERASI DESA MERAH PUTIH MUMUGU,PAPUA PEGUNUNGAN,KAB. NDUGA,Krepkuri,-4.042087,138.223751,exact_duplicate_coordinate,7
93205,KOPERASI DESA MERAH PUTIH WANGUN KECAMATAN WUTPAGA,PAPUA PEGUNUNGAN,KAB. NDUGA,Wutpaga,-4.042087,138.223751,exact_duplicate_coordinate,7
86,KOPERASI DESA MERAH PUTIH SELIKA TIGA,BENGKULU,KAB. KAUR,Tanjung Kemuning,-7.250445,112.768845,exact_duplicate_coordinate,5
98,KOPERASI KELURAHAN MERAH PUTIH KALIJUDAN,JAWA TIMUR,KOTA SURABAYA,Mulyorejo,-7.250445,112.768845,exact_duplicate_coordinate,5
101,KOPERASI DESA MERAH PUTIH BENTENG KECAMATAN PANGKALAN BARU,KEPULAUAN BANGKA BELITUNG,KAB. BANGKA TENGAH,Pangkalan Baru,-7.250445,112.768845,exact_duplicate_coordinate,5
500,KOPERASI DESA MERAH PUTIH MEKARJAYA KECAMATAN CIEMAS,JAWA BARAT,KAB. SUKABUMI,Ciemas,-7.250445,112.768845,exact_duplicate_coordinate,5
5000,KOPERASI DESA MERAH PUTIH TETEWUA,SULAWESI TENGGARA,KAB. KOLAKA TIMUR,Dangia,-7.250445,112.768845,exact_duplicate_coordinate,5
9453,KOPERASI DESA MERAH PUTIH OJAN BUA,KALIMANTAN BARAT,KAB. KAPUAS HULU,Kalis,0.60826105,112.9592772,exact_duplicate_coordinate,3
9571,KOPERASI DESA MERAH PUTIH DESA RANTAU KALIS KECAMATAN KALIS,KALIMANTAN BARAT,KAB. KAPUAS HULU,Kalis,0.60826105,112.9592772,exact_duplicate_coordinate,3
9573,KOPERASI DESA MERAH PUTIH RANTAU KALIS,KALIMANTAN BARAT,KAB. KAPUAS HULU,Kalis,0.60826105,112.9592772,exact_duplicate_coordinate,3
13469,KOPERASI DESA MERAH PUTIH SEMELAKO ATAS,BENGKULU,KAB. LEBONG,Lebong Tengah,-3.16763466,102.2492788,exact_duplicate_coordinate,3
15654,KOPERASI DESA MERAH PUTIH SYARIAH TRANS BARU,ACEH,KAB. SIMEULUE,Teupah Selatan,2.35681714,96.4518372,exact_duplicate_coordinate,3
15784,KOPERASI DESA MERAH PUTIH SEMELAKO II,BENGKULU,KAB. LEBONG,Lebong Tengah,-3.16763466,102.2492788,exact_duplicate_coordinate,3
21002,KOPERASI DESA MERAH PUTIH SYARIAH TRANS JERNGE,ACEH,KAB. SIMEULUE,Teupah Selatan,2.35681714,96.4518372,exact_duplicate_coordinate,3
22208,KOPERASI KELURAHAN MERAH PUTIH INOBONTO,SULAWESI UTARA,KAB. BOLAANG MONGONDOW,Bolaang,0.9090916,124.0970955,exact_duplicate_coordinate,3
33512,KOPERASI DESA MERAH PUTIH SYARIAH LATIUNG,ACEH,KAB. SIMEULUE,Teupah Selatan,2.35681714,96.4518372,exact_duplicate_coordinate,3
51767,KOPERASI DESA MERAH PUTIH TANAH PUTIH KECAMATAN TELAWANG,KALIMANTAN TENGAH,KAB. KOTAWARINGIN TIMUR,Telawang,-2.4244444,112.6275833,exact_duplicate_coordinate,3
52101,KOPERASI DESA MERAH PUTIH SYARIAH GAMPONG BAROH,ACEH,KAB. PIDIE,Pidie,5.36175337,95.96727,exact_duplicate_coordinate,3
58057,KOPERASI KELURAHAN MERAH PUTIH BAGAN BATU KOTA KECAMATAN BAGAN SINEMBAH,RIAU,KAB. ROKAN HILIR,Bagansinembah,1.6892683,100.3963334,exact_duplicate_coordinate,3
67817,KOPERASI DESA MERAH PUTIH BAGAN BATU KECAMATAN BAGAN SINEMBAH,RIAU,KAB. ROKAN HILIR,Bagansinembah,1.6892683,100.3963334,exact_duplicate_coordinate,3
70771,KOPERASI DESA MERAH PUTIH BAGAN BATU BARAT KECAMATAN BAGAN SINEMBAH,RIAU,KAB. ROKAN HILIR,Bagansinembah,1.6892683,100.3963334,exact_duplicate_coordinate,3
71658,KOPERASI DESA MERAH PUTIH SYARIAH GAMPONG KAMPONG BARO,ACEH,KAB. PIDIE,Pidie,5.36175337,95.96727,exact_duplicate_coordinate,3
75288,KOPERASI DESA MERAH PUTIH SEMELAKO I,BENGKULU,KAB. LEBONG,Lebong Tengah,-3.16763466,102.2492788,exact_duplicate_coordinate,3
78518,KOPERASI DESA MERAH PUTIH BATUAH KECAMATAN SERANAU,KALIMANTAN TENGAH,KAB. KOTAWARINGIN TIMUR,Seranau,-2.4244444,112.6275833,exact_duplicate_coordinate,3
79510,KOPERASI DESA MERAH PUTIH TERANTANG KECAMATAN SERANAU,KALIMANTAN TENGAH,KAB. KOTAWARINGIN TIMUR,Seranau,-2.4244444,112.6275833,exact_duplicate_coordinate,3
80058,KOPERASI DESA MERAH PUTIH SYARIAH GAMPONG TEUNGOH KECAMATAN GRONG GRONG,ACEH,KAB. PIDIE,Grong-grong,5.36888329,95.90362405,exact_duplicate_coordinate,3
80529,KOPERASI KELURAHAN MERAH PUTIH INOBONTO I KECAMATAN BOLAANG,SULAWESI UTARA,KAB. BOLAANG MONGONDOW,Bolaang,0.9090916,124.0970955,exact_duplicate_coordinate,3
81656,KOPERASI DESA MERAH PUTIH SYARIAH GAMPONG TEUNGOH KECAMATAN GRONG GRONG KABUATEN PIDIE,ACEH,KAB. PIDIE,Grong-grong,5.36888329,95.90362405,exact_duplicate_coordinate,3
83234,KOPERASI DESA MERAH PUTIH NAUW KAMPUNG NAFASI DISTRIK MARE KABUPATEN MAYBRAT,PAPUA BARAT DAYA,KAB. MAYBRAT,Mare,-1.01558856,132.2937248,exact_duplicate_coordinate,3
84541,KOPERASI DESA MERAH PUTIH SYARIAH GAMPONG TEUNGOH KECAMATAN GRONG GRONG KABUPATEN PIDIE,ACEH,KAB. PIDIE,Grong-grong,5.36888329,95.90362405,exact_duplicate_coordinate,3
85484,KOPERASI DESA MERAH PUTIH MAYOR SIBAT KAMPUNG NAFASI DISTRIK MARE KABUPATEN MAYBRAT,PAPUA BARAT DAYA,KAB. MAYBRAT,Mare,-1.01558856,132.2937248,exact_duplicate_coordinate,3
85856,KOPERASI DESA MERAH PUTIH INOBONTO KECAMATAN BOLAANG,SULAWESI UTARA,KAB. BOLAANG MONGONDOW,Bolaang,0.9090916,124.0970955,exact_duplicate_coordinate,3
88016,KOPERASI DESA MERAH PUTIH SYARIAH GAMPONG BAROH KECAMATAN PIDIE KABUPATEN PIDIE,ACEH,KAB. PIDIE,Pidie,5.36175337,95.96727,exact_duplicate_coordinate,3
92121,KOPERASI DESA MERAH PUTIH PUAHUN,PAPUA PEGUNUNGAN,KAB. YAHUKIMO,Sobaham,-1.01558856,132.2937248,exact_duplicate_coordinate,3
194,KOPERASI DESA MERAH PUTIH PARUNG KECAMATAN PARUNG,JAWA BARAT,KAB. BOGOR,Parung,-6.42827029,106.7291248,exact_duplicate_coordinate,2
251,KOPERASI DESA MERAH PUTIH BIS AGATS,PAPUA SELATAN,KAB. ASMAT,Agats,-5.54689528,138.1492912,exact_duplicate_coordinate,2
492,KOPERASI KELURAHAN MERAH PUTIH PALABUHANRATU,JAWA BARAT,KAB. SUKABUMI,Palabuhanratu,-6.99593313,106.5546373,exact_duplicate_coordinate,2
600,KOPERASI DESA MERAH PUTIH PANGKALAN BENTENG KECAMATAN TALANG KELAPA,SUMATERA SELATAN,KAB. BANYUASIN,Talang Kelapa,-2.86407887,104.6676797,exact_duplicate_coordinate,2
1130,KOPERASI DESA MERAH PUTIH CANDI BUMI AYU,SUMATERA SELATAN,KAB. PENUKAL ABAB LEMATANG ILIR,Tanah Abang,-3.3496533,104.0862369,exact_duplicate_coordinate,2
1364,KOPERASI DESA MERAH PUTIH SINUNUKAN I,SUMATERA UTARA,KAB. MANDAILING NATAL,Sinunukan,0.51875604,99.20912034,exact_duplicate_coordinate,2
1366,KOPERASI DESA MERAH PUTIH SINUNUKAN I CENTRAL,SUMATERA UTARA,KAB. MANDAILING NATAL,Sinunukan,0.51875604,99.20912034,exact_duplicate_coordinate,2
1548,KOPERASI DESA MERAH PUTIH POPAYA,GORONTALO,KAB. POHUWATO,Dengilo,0.53762415,122.0632157,exact_duplicate_coordinate,2
2337,KOPERASI DESA MERAH PUTIH SAMBUEJA,SULAWESI SELATAN,KAB. MAROS,Simbang,-5.04275744,119.6500671,exact_duplicate_coordinate,2
2503,KOPERASI DESA MERAH PUTIH KARANGANYAR KECAMATAN PANGURAGAN,JAWA BARAT,KAB. CIREBON,Panguragan,-6.60704594,108.471633,exact_duplicate_coordinate,2
2515,KOPERASI DESA MERAH PUTIH PILANGSARI KECAMATAN KEDAWUNG,JAWA BARAT,KAB. CIREBON,Kedawung,-6.6987979,108.5369097,exact_duplicate_coordinate,2
2753,KOPERASI DESA MERAH PUTIH KAMPUNG MARTAIM,PAPUA BARAT DAYA,KAB. MAYBRAT,Aifat,-1.30149174,132.4681412,exact_duplicate_coordinate,2
3276,KOPERASI DESA MERAH PUTIH PALIPU,SULAWESI SELATAN,KAB. TANA TORAJA,Mengkendek,-3.14226818,119.864116,exact_duplicate_coordinate,2
3399,KOPERASI DESA MERAH PUTIH SIPAYO,GORONTALO,KAB. POHUWATO,Dengilo,0.53762415,122.0632157,exact_duplicate_coordinate,2
3895,KOPERASI DESA MERAH PUTIH PERKEBUNAN SEI BALAI KECAMATAN SEI BALAI,SUMATERA UTARA,KAB. BATU BARA,Sei Balai,3.12804137,99.58222915,exact_duplicate_coordinate,2
4286,KOPERASI DESA MERAH PUTIH SEI BALAI KECAMATAN SEI BALAI,SUMATERA UTARA,KAB. BATU BARA,Sei Balai,3.12804137,99.58222915,exact_duplicate_coordinate,2
5243,KOPERASI KELURAHAN MERAH PUTIH LIMA ILIR,SUMATERA SELATAN,KOTA PALEMBANG,Ilir Timur Dua,-2.9657792,104.7772728,exact_duplicate_coordinate,2
5789,KOPERASI DESA MERAH PUTIH SYARIAH MUNGKUR,ACEH,KAB. ACEH TENGAH,Linge,3.42902356,97.81916451,exact_duplicate_coordinate,2
5829,KOPERASI DESA MERAH PUTIH SUNGAI SIMBAR,RIAU,KAB. INDRAGIRI HILIR,Kateman,0.08530646,103.7228188,exact_duplicate_coordinate,2
5863,KOPERASI DESA MERAH PUTIH BOSSO TIMUR,SULAWESI SELATAN,KAB. LUWU,Walenrang Utara,-2.81561264,120.1224089,exact_duplicate_coordinate,2
5874,KOPERASI DESA MERAH PUTIH KAPUK KECAMATAN PEMULUTAN SELATAN,SUMATERA SELATAN,KAB. OGAN ILIR,Pemulutan Selatan,-3.20467922,104.7661744,exact_duplicate_coordinate,2
6025,KOPERASI DESA MERAH PUTIH SYARIAH PONDOK BARU,ACEH,KAB. BENER MERIAH,Bandar,4.75359984,96.92089304,exact_duplicate_coordinate,2
6032,KOPERASI DESA MERAH PUTIH KALIWUNGU KUDUS,JAWA TENGAH,KAB. KUDUS,Kaliwungu,-7.46441197,110.6216777,exact_duplicate_coordinate,2
6099,KOPERASI DESA MERAH PUTIH MAKMUR JAYA KECAMATAN KATEMAN,RIAU,KAB. INDRAGIRI HILIR,Kateman,0.08530646,103.7228188,exact_duplicate_coordinate,2
6834,KOPERASI DESA MERAH PUTIH NGLABAN KECAMATAN LOCERET,JAWA TIMUR,KAB. NGANJUK,Loceret,-7.62988965,111.9006931,exact_duplicate_coordinate,2
6914,KOPERASI DESA MERAH PUTIH DESA NANGA DANAU,KALIMANTAN BARAT,KAB. KAPUAS HULU,Boyan Tanjung,0.57733447,112.4997619,exact_duplicate_coordinate,2
6945,KOPERASI DESA MERAH PUTIH COKO ENAU,BENGKULU,KAB. KAUR,Kaur Utara,-4.50628713,103.2132405,exact_duplicate_coordinate,2
7589,KOPERASI DESA MERAH PUTIH MASSULOWALIE,SULAWESI SELATAN,KAB. PINRANG,Mattiro Sompe,-3.84403692,119.5618922,exact_duplicate_coordinate,2
7634,KOPERASI KELURAHAN MERAH PUTIH LANGNGA,SULAWESI SELATAN,KAB. PINRANG,Mattiro Sompe,-3.85077969,119.5299437,exact_duplicate_coordinate,2
7931,KOPERASI DESA MERAH PUTIH PERING SARI,BALI,KAB. KARANGASEM,Selat,-8.43866374,115.4796965,exact_duplicate_coordinate,2
8324,KOPERASI DESA MERAH PUTIH LAWOILA,SULAWESI TENGGARA,KAB. KONAWE SELATAN,Konda,-4.10892192,122.5181103,exact_duplicate_coordinate,2
8345,KOPERASI KELURAHAN MERAH PUTIH LILUWO,GORONTALO,KOTA GORONTALO,Kota Tengah,0.5632856,123.0565329,exact_duplicate_coordinate,2
8825,KOPERASI KELURAHAN MERAH PUTIH KELURAHAN MANARANG,SULAWESI SELATAN,KAB. PINRANG,Mattiro Bulu,-3.84359594,119.6527558,exact_duplicate_coordinate,2
8827,KOPERASI DESA MERAH PUTIH LAYWO JAYA,SULAWESI TENGGARA,KAB. KONAWE KEPULAUAN,Wawonii Timur,-4.92338155,122.3339959,exact_duplicate_coordinate,2
8905,KOPERASI KELURAHAN MERAH PUTIH KELURAHAN PEKKABATA,SULAWESI SELATAN,KAB. PINRANG,Duampanua,-3.69032743,119.5446928,exact_duplicate_coordinate,2
8958,KOPERASI KELURAHAN MERAH PUTIH KELURAHAN LALENG BATA,SULAWESI SELATAN,KAB. PINRANG,Paleteang,-3.78550365,119.6679922,exact_duplicate_coordinate,2
8964,KOPERASI DESA MERAH PUTIH SUKARESMI KECAMATAN SUKARESMI KABUPATEN CIANJUR,JAWA BARAT,KAB. CIANJUR,Sukaresmi,-6.72181847,107.12256918,exact_duplicate_coordinate,2
9586,KOPERASI DESA MERAH PUTIH NANGA DANAU,KALIMANTAN BARAT,KAB. KAPUAS HULU,Boyan Tanjung,0.57733447,112.4997619,exact_duplicate_coordinate,2
9592,KOPERASI DESA MERAH PUTIH GARUDA PUSAKA INDONESIA,JAWA BARAT,KAB. SUKABUMI,Palabuhanratu,-6.99593313,106.5546373,exact_duplicate_coordinate,2
9695,KOPERASI DESA MERAH PUTIH SUKOREJO KECAMATAN LOCERET,JAWA TIMUR,KAB. NGANJUK,Loceret,-7.62988965,111.9006931,exact_duplicate_coordinate,2
9718,KOPERASI DESA MERAH PUTIH MASSULOWALIE KECAMATAN MATTIRO SOMPE,SULAWESI SELATAN,KAB. PINRANG,Mattiro Sompe,-3.84403692,119.5618922,exact_duplicate_coordinate,2
9751,KOPERASI KELURAHAN MERAH PUTIH LANGNGA KECAMATAN MATTIRO SOMPE,SULAWESI SELATAN,KAB. PINRANG,Mattiro Sompe,-3.85077969,119.5299437,exact_duplicate_coordinate,2
9766,KOPERASI DESA MERAH PUTIH TUBYAL,MALUKU,KOTA TUAL,Pulau-Pulau Kur,-5.32762371,132.006986,exact_duplicate_coordinate,2
9777,KOPERASI DESA MERAH PUTIH FINUALEN,MALUKU,KOTA TUAL,Pulau-Pulau Kur,-5.32762371,132.006986,exact_duplicate_coordinate,2
9833,KOPERASI DESA MERAH PUTIH SYARIAH GEWAT KECAMATAN LINGE,ACEH,KAB. ACEH TENGAH,Linge,3.41892069,97.81514779,exact_duplicate_coordinate,2
9976,KOPERASI DESA MERAH PUTIH KAMPUNG BERU,SULAWESI SELATAN,KAB. TAKALAR,Galesong,-5.3129796,119.3671655,exact_duplicate_coordinate,2
10650,KOPERASI DESA MERAH PUTIH ATURAN MUMPO II,BENGKULU,KAB. BENGKULU TENGAH,Pematang Tiga,-3.61783906,102.2212829,exact_duplicate_coordinate,2
10661,KOPERASI DESA MERAH PUTIH SYARIAH KAMPONG JABI JABI BARAT,ACEH,KOTA SUBULUSSALAM,Sultan Daulat,2.80662056,97.87336666,exact_duplicate_coordinate,2
10882,KOPERASI DESA MERAH PUTIH PARANGINA,NUSA TENGGARA BARAT,KAB. BIMA,Sape,-6.94327692,109.6338638,exact_duplicate_coordinate,2
10887,KOPERASI DESA MERAH PUTIH PASIR PUTIH,SULAWESI TENGGARA,KAB. KONAWE KEPULAUAN,Wawonii Barat,-4.03220792,122.9841378,exact_duplicate_coordinate,2
10891,KOPERASI DESA MERAH PUTIH SYARIAH TENGGULUN KECAMATAN TENGGULUN KABUPATEN ACEH TAMIANG,ACEH,KAB. ACEH TAMIANG,Tenggulun,3.98210063,97.97338392,exact_duplicate_coordinate,2
11646,KOPERASI DESA MERAH PUTIH POJA,JAWA TENGAH,KAB. PEKALONGAN,Kedungwuni,-6.95957,109.66502333,exact_duplicate_coordinate,2
11710,KOPERASI DESA MERAH PUTIH SIMBANG,SULAWESI SELATAN,KAB. MAROS,Simbang,-5.04275744,119.6500671,exact_duplicate_coordinate,2
11730,KOPERASI DESA MERAH PUTIH SYARIAH SUMBER MAKMUR KECAMATAN TENGGULUN,ACEH,KAB. ACEH TAMIANG,Tenggulun,3.98210063,97.97338392,exact_duplicate_coordinate,2
11792,KOPERASI DESA MERAH PUTIH GEDUNG SAKO DUA,BENGKULU,KAB. KAUR,Kaur Selatan,-4.77029381,103.3785358,exact_duplicate_coordinate,2
11868,KOPERASI DESA MERAH PUTIH WATORUMBE,SULAWESI TENGGARA,KAB. BUTON TENGAH,Mawasangka Tengah,-5.36526008,122.3601221,exact_duplicate_coordinate,2
11870,KOPERASI DESA MERAH PUTIH TUMBU TUMBU JAYA,SULAWESI TENGGARA,KAB. KONAWE KEPULAUAN,Wawonii Tengah,-4.09822132,122.9482922,exact_duplicate_coordinate,2
12666,KOPERASI KELURAHAN MERAH PUTIH PAMOYANAN KECAMATAN CIANJUR,JAWA BARAT,KAB. CIANJUR,Cianjur,-6.82008831,107.1346177,exact_duplicate_coordinate,2
13141,KOPERASI DESA MERAH PUTIH KELURAHAN CISAUK,BANTEN,KAB. TANGERANG,Cisauk,-6.33257009,106.6254715,exact_duplicate_coordinate,2
13376,KOPERASI DESA MERAH PUTIH SYARIAH TANJUNG MULIA KECAMATAN BENDAHARA,ACEH,KAB. ACEH TAMIANG,Bendahara,5.09462621,97.20627667,exact_duplicate_coordinate,2
13411,KOPERASI DESA MERAH PUTIH DESA PANGKALAN BENTENG,SUMATERA SELATAN,KAB. BANYUASIN,Talang Kelapa,-2.86407887,104.6676797,exact_duplicate_coordinate,2
13462,KOPERASI DESA MERAH PUTIH NAGARI TANJUNG ALAI KABUPATEN SOLOK,SUMATERA BARAT,KAB. SOLOK,X Koto Singkarak,-1.24554862,100.473952,exact_duplicate_coordinate,2
13492,KOPERASI DESA MERAH PUTIH SEPANYUL,JAWA TIMUR,KAB. JOMBANG,Gudo,-7.61545122,112.1773735,exact_duplicate_coordinate,2
13617,KOPERASI DESA MERAH PUTIH KEKEA,SULAWESI TENGGARA,KAB. KONAWE KEPULAUAN,Wawonii Tenggara,-4.14751262,123.19345,exact_duplicate_coordinate,2
13625,KOPERASI DESA MERAH PUTIH SYARIAH ANTARA KECAMATAN LINGE KABUPATEN ACEH TENGAH,ACEH,KAB. ACEH TENGAH,Linge,3.47136928,97.53235525,exact_duplicate_coordinate,2
13636,KOPERASI DESA MERAH PUTIH SYARIAH GUNUNG MUSARA,ACEH,KAB. BENER MERIAH,Bener Kelipah,4.77371793,96.91734684,exact_duplicate_coordinate,2
13640,KOPERASI DESA MERAH PUTIH MEDANA,NUSA TENGGARA BARAT,KAB. LOMBOK UTARA,Tanjung,-8.38351849,116.1346719,exact_duplicate_coordinate,2
13840,KOPERASI DESA MERAH PUTIH TUMBU TUMBU JAYA BAHO PUU WULU,SULAWESI TENGGARA,KAB. KONAWE KEPULAUAN,Wawonii Tengah,-4.09822132,122.9482922,exact_duplicate_coordinate,2
14190,KOPERASI DESA MERAH PUTIH LEPPANGAN KECAMATAN PATAMPANUA,SULAWESI SELATAN,KAB. PINRANG,Patampanua,-3.72129947,119.6284045,exact_duplicate_coordinate,2
15365,KOPERASI KELURAHAN MERAH PUTIH PEKKABATA,SULAWESI SELATAN,KAB. PINRANG,Duampanua,-3.69032743,119.5446928,exact_duplicate_coordinate,2
15399,KOPERASI DESA MERAH PUTIH SYARIAH KAMPONG PENANGGALAN TIMUR,ACEH,KOTA SUBULUSSALAM,Penanggalan,2.62733413,98.01862028,exact_duplicate_coordinate,2
15427,KOPERASI DESA MERAH PUTIH BALI LOKU,NUSA TENGGARA TIMUR,KAB. SUMBA BARAT,Wanokaka,-8.41375279,124.3800828,exact_duplicate_coordinate,2
15530,KOPERASI DESA MERAH PUTIH NAGARI LUBUK GADANG SELATAN,SUMATERA BARAT,KAB. SOLOK SELATAN,Sangir,-1.63254896,101.2024111,exact_duplicate_coordinate,2
15596,KOPERASI DESA MERAH PUTIH SELAT KECAMATAN SELAT,BALI,KAB. KARANGASEM,Selat,-8.43866374,115.4796965,exact_duplicate_coordinate,2
15777,KOPERASI DESA MERAH PUTIH PLUPUH KECAMATAN PLUPUH,JAWA TENGAH,KAB. SRAGEN,Plupuh,-7.44062261,110.8893602,exact_duplicate_coordinate,2
15930,KOPERASI DESA MERAH PUTIH SYARIAH SANEHEN,ACEH,KAB. ACEH TENGAH,Silih Nara,3.30834237,97.89726981,exact_duplicate_coordinate,2
15968,KOPERASI DESA MERAH PUTIH TIK JENIAK,BENGKULU,KAB. LEBONG,Lebong Selatan,-3.24919063,102.3171954,exact_duplicate_coordinate,2
16019,KOPERASI DESA MERAH PUTIH LALOWATA,SULAWESI TENGGARA,KAB. KONAWE,Latoma,-4.03074134,122.1549885,exact_duplicate_coordinate,2
16280,KOPERASI DESA MERAH PUTIH SYARIAH BLANG CUT KECAMATAN PEUSANGAN,ACEH,KAB. BIREUEN,Peusangan Selatan,5.16849069,96.78927332,exact_duplicate_coordinate,2
16285,KOPERASI DESA MERAH PUTIH SYARIAH BLANG CUT KECAMATAN PEUSANGAN SELATAN,ACEH,KAB. BIREUEN,Peusangan Selatan,5.16849069,96.78927332,exact_duplicate_coordinate,2
16344,KOPERASI DESA MERAH PUTIH DESA BRASAU KECAMATAN TEBING TINGGI,JAMBI,KAB. TANJUNG JABUNG BARAT,Tungkal Ulu,-1.06831108,103.084054,exact_duplicate_coordinate,2
16595,KOPERASI DESA MERAH PUTIH DESA LUBUK MAYAN,JAMBI,KAB. BUNGO,Rantau Pandan,-1.61554002,101.9998165,exact_duplicate_coordinate,2
16649,KOPERASI DESA MERAH PUTIH WATORUMBE BATA,SULAWESI TENGGARA,KAB. BUTON TENGAH,Mawasangka Tengah,-5.36526008,122.3601221,exact_duplicate_coordinate,2
16669,KOPERASI DESA MERAH PUTIH KUTU KULON KECAMATAN JETIS,JAWA TIMUR,KAB. PONOROGO,Jetis,-7.96187757,111.4695986,exact_duplicate_coordinate,2
16677,KOPERASI DESA MERAH PUTIH BETON KECAMATAN SIMAN,JAWA TIMUR,KAB. PONOROGO,Siman,-7.88232884,111.4904125,exact_duplicate_coordinate,2
16691,KOPERASI DESA MERAH PUTIH NGASINAN KECAMATAN JETIS,JAWA TIMUR,KAB. PONOROGO,Jetis,-7.96187757,111.4695986,exact_duplicate_coordinate,2
16855,KOPERASI DESA MERAH PUTIH LEPPANGANG KECAMATAN PATAMPANUA,SULAWESI SELATAN,KAB. PINRANG,Patampanua,-3.72129947,119.6284045,exact_duplicate_coordinate,2
16980,KOPERASI DESA MERAH PUTIH SIMAN KECAMATAN SIMAN,JAWA TIMUR,KAB. PONOROGO,Siman,-7.88232884,111.4904125,exact_duplicate_coordinate,2
17577,KOPERASI DESA MERAH PUTIH DATENGAN,JAWA TIMUR,KAB. KEDIRI,Grogol,-7.7553085,112.0235412,exact_duplicate_coordinate,2
19125,KOPERASI DESA MERAH PUTIH SYARIAH TANJONG KECAMATAN LHOKNGA,ACEH,KAB. ACEH BESAR,Lhoknga,4.59882125,97.01300521,exact_duplicate_coordinate,2
19209,KOPERASI DESA MERAH PUTIH TENGGAYUN RAYA,RIAU,KAB. KEPULAUAN MERANTI,Rangsang Pesisir,1.1116804,102.867988,exact_duplicate_coordinate,2
19296,KOPERASI DESA MERAH PUTIH NAGARI LUBUK GADANG SELATAN SOLOK SELATAN,SUMATERA BARAT,KAB. SOLOK SELATAN,Sangir,-1.63254896,101.2024111,exact_duplicate_coordinate,2
19351,KOPERASI DESA MERAH PUTIH DESA BRASAU KECAMATAN TUNGKAL ULU,JAMBI,KAB. TANJUNG JABUNG BARAT,Tungkal Ulu,-1.06831108,103.084054,exact_duplicate_coordinate,2
19364,KOPERASI DESA MERAH PUTIH SYARIAH CALO BLANG GELE KECAMATAN BEBESEN KABUPATEN ACEH TENGAH,ACEH,KAB. ACEH TENGAH,Bebesen,4.63310874,96.79931594,exact_duplicate_coordinate,2
19382,KOPERASI DESA MERAH PUTIH HUTA BANGUN JAE,SUMATERA UTARA,KAB. MANDAILING NATAL,Bukit Malintang,0.97767343,99.56270028,exact_duplicate_coordinate,2
19549,KOPERASI DESA MERAH PUTIH GUNUNG TIGA SATU,BENGKULU,KAB. KAUR,Semidang Gumay,-4.67353266,103.2621786,exact_duplicate_coordinate,2
19776,KOPERASI KELURAHAN MERAH PUTIH CIBADUYUT WETAN,JAWA BARAT,KOTA BANDUNG,Bojongloa Kidul,-6.95326684,107.5931568,exact_duplicate_coordinate,2
19856,KOPERASI KELURAHAN MERAH PUTIH JATI BERSINAR CIPUNAGARA,JAWA BARAT,KAB. SUBANG,Cipunagara,-6.46405061,107.8343939,exact_duplicate_coordinate,2
20099,KOPERASI DESA MERAH PUTIH TILOTE KECAMATAN TILANGO,GORONTALO,KAB. GORONTALO,Tilango,0.55699379,123.0203985,exact_duplicate_coordinate,2
20419,KOPERASI DESA MERAH PUTIH MATA LANGARA,SULAWESI TENGGARA,KAB. KONAWE KEPULAUAN,Wawonii Barat,-4.03220792,122.9841378,exact_duplicate_coordinate,2
20422,KOPERASI DESA MERAH PUTIH KAMPUNG BERU KECAMATAN GALESONG,SULAWESI SELATAN,KAB. TAKALAR,Galesong,-5.3129796,119.3671655,exact_duplicate_coordinate,2
20519,KOPERASI DESA MERAH PUTIH KAMPUNG ORANSBARI,PAPUA BARAT,KAB. MANOKWARI SELATAN,Oransbari,-1.33708348,134.2587678,exact_duplicate_coordinate,2
20656,KOPERASI DESA MERAH PUTIH PLUMBON GAMBANG,JAWA TIMUR,KAB. JOMBANG,Gudo,-7.61545122,112.1773735,exact_duplicate_coordinate,2
20831,KOPERASI DESA MERAH PUTIH BONEA MAKMUR,SULAWESI SELATAN,KAB. KEPULAUAN SELAYAR,Bontomanai,-6.04732765,120.5386134,exact_duplicate_coordinate,2
20872,KOPERASI DESA MERAH PUTIH SYARIAH GARUT,ACEH,KAB. GAYO LUES,Terangun,4.07891957,97.05467944,exact_duplicate_coordinate,2
20977,KOPERASI DESA MERAH PUTIH PINANG JAWA II,BENGKULU,KAB. KAUR,Kinal,-4.59626949,103.2834502,exact_duplicate_coordinate,2
21044,KOPERASI DESA MERAH PUTIH ILE GERONG,NUSA TENGGARA TIMUR,KAB. FLORES TIMUR,Titehena,-8.40827354,122.7898207,exact_duplicate_coordinate,2
21055,KOPERASI DESA MERAH PUTIH WELU JAYA,NUSA TENGGARA TIMUR,KAB. MANGGARAI,Cibal,-8.52031073,120.5189534,exact_duplicate_coordinate,2
21145,KOPERASI DESA MERAH PUTIH OFA PADANG MAHONDANG,SUMATERA UTARA,KAB. ASAHAN,Pulau Rakyat,2.33434084,99.06486085,exact_duplicate_coordinate,2
21566,KOPERASI DESA MERAH PUTIH AMOROME UTAMA,SULAWESI TENGGARA,KAB. KONAWE UTARA,Asera,-3.46214522,122.0628927,exact_duplicate_coordinate,2
22556,KOPERASI DESA MERAH PUTIH PUCUNGROTO KECAMATAN KAJORAN,JAWA TENGAH,KAB. MAGELANG,Kajoran,-7.4612195,110.146435,exact_duplicate_coordinate,2
22705,KOPERASI DESA MERAH PUTIH DESA NGEBRAK,JAWA TIMUR,KAB. KEDIRI,Gampengrejo,-7.7553085,112.0235412,exact_duplicate_coordinate,2
23106,KOPERASI DESA MERAH PUTIH PASIRTANJUNG CIKARANG PUSAT,JAWA BARAT,KAB. BEKASI,Cikarang Pusat,-6.16169332,107.018779,exact_duplicate_coordinate,2
23230,KOPERASI DESA MERAH PUTIH SYARIAH KAMPONG JABI JABI,ACEH,KOTA SUBULUSSALAM,Sultan Daulat,2.80662056,97.87336666,exact_duplicate_coordinate,2
23732,KOPERASI DESA MERAH PUTIH BANYU URIP KECAMATAN PRAYA BARAT,NUSA TENGGARA BARAT,KAB. LOMBOK TENGAH,Praya Barat,-8.8029797,116.2374055,exact_duplicate_coordinate,2
23866,KOPERASI DESA MERAH PUTIH KATENG,NUSA TENGGARA BARAT,KAB. LOMBOK TENGAH,Praya Barat,-8.8029797,116.2374055,exact_duplicate_coordinate,2
24050,KOPERASI DESA MERAH PUTIH RANDANAN,SULAWESI SELATAN,KAB. TANA TORAJA,Mengkendek,-3.14226818,119.864116,exact_duplicate_coordinate,2
24770,KOPERASI DESA MERAH PUTIH RIGANGAN,BENGKULU,KAB. KAUR,Kelam Tengah,-4.54639715,103.1940932,exact_duplicate_coordinate,2
24818,KOPERASI KELURAHAN MERAH PUTIH PELAPIS,KALIMANTAN BARAT,KAB. KAYONG UTARA,Kepulauan Karimata,-1.2152924,109.2449573,exact_duplicate_coordinate,2
24981,KOPERASI DESA MERAH PUTIH BANJAREJO KECAMATAN KALIANGKRIK,JAWA TENGAH,KAB. MAGELANG,Kaliangkrik,-7.4612195,110.146435,exact_duplicate_coordinate,2
25121,KOPERASI DESA MERAH PUTIH AFDELING SATU,SUMATERA UTARA,KAB. LABUHANBATU,Bilah Barat,2.10833752,99.79667317,exact_duplicate_coordinate,2
25189,KOPERASI DESA MERAH PUTIH DESA MATITI II KECAMATAN DOLOKSANGGUL,SUMATERA UTARA,KAB. HUMBANG HASUNDUTAN,Dolok Sanggul,2.26354733,98.70960977,exact_duplicate_coordinate,2
25254,KOPERASI KELURAHAN MERAH PUTIH MAULAFA,NUSA TENGGARA TIMUR,KOTA KUPANG,Maulafa,-10.18769606,123.622913,exact_duplicate_coordinate,2
25459,KOPERASI DESA MERAH PUTIH SENTANGAU JAYA KECAMATAN SELUAS,KALIMANTAN BARAT,KAB. BENGKAYANG,Seluas,1.27003952,109.7906488,exact_duplicate_coordinate,2
25503,KOPERASI KELURAHAN MERAH PUTIH WATUNDEHOA,SULAWESI TENGGARA,KAB. KONAWE,Puriala,-4.03074134,122.1549885,exact_duplicate_coordinate,2
25787,KOPERASI DESA MERAH PUTIH KARUNGAN PLUPUH,JAWA TENGAH,KAB. SRAGEN,Plupuh,-7.44062261,110.8893602,exact_duplicate_coordinate,2
25862,KOPERASI DESA MERAH PUTIH DIMBA,SULAWESI TENGGARA,KAB. KONAWE KEPULAUAN,Wawonii Timur Laut,-4.0591368,123.2146397,exact_duplicate_coordinate,2
26038,KOPERASI DESA MERAH PUTIH SYARIAH GAMPONG BLANG CUT KECAMATAN MEURAH DUA,ACEH,KAB. PIDIE JAYA,Meurah Dua,5.24164753,96.26036517,exact_duplicate_coordinate,2
26168,KOPERASI DESA MERAH PUTIH HILIMBARUZO KECAMATAN MANDREHE UTARA,SUMATERA UTARA,KAB. NIAS BARAT,Mandrehe Utara,1.12411703,97.52670708,exact_duplicate_coordinate,2
27181,KOPERASI DESA MERAH PUTIH POOM II,PAPUA,KAB. KEPULAUAN YAPEN,Poom,-1.62326241,135.5585375,exact_duplicate_coordinate,2
27295,KOPERASI DESA MERAH PUTIH MANGGANIPI,NUSA TENGGARA TIMUR,KAB. SUMBA BARAT DAYA,Kodi Utara,-9.39970332,119.1985123,exact_duplicate_coordinate,2
27333,KOPERASI DESA MERAH PUTIH BABELANKOTA BABELAN,JAWA BARAT,KAB. BEKASI,Babelan,-6.16169332,107.018779,exact_duplicate_coordinate,2
27369,KOPERASI DESA MERAH PUTIH DIMBA,SULAWESI TENGGARA,KAB. KONAWE KEPULAUAN,Wawonii Timur Laut,-4.0591368,123.2146397,exact_duplicate_coordinate,2
27692,KOPERASI DESA MERAH PUTIH BOJONG PAMEUNGPEUK,JAWA BARAT,KAB. GARUT,Pameungpeuk,-7.6586428,107.7172444,exact_duplicate_coordinate,2
28273,KOPERASI DESA MERAH PUTIH WAKUMORO KECAMATAN PARIGI,SULAWESI TENGGARA,KAB. MUNA,Parigi,-5.0750377,122.4898137,exact_duplicate_coordinate,2
28338,KOPERASI DESA MERAH PUTIH KAYU DUJUNG,KALIMANTAN BARAT,KAB. SINTANG,Ketungau Tengah,0.78906839,111.672921,exact_duplicate_coordinate,2
28689,KOPERASI DESA MERAH PUTIH MANAINI,PAPUA,KAB. KEPULAUAN YAPEN,Yapen Selatan,-1.87456752,136.2584854,exact_duplicate_coordinate,2
28752,KOPERASI DESA MERAH PUTIH KARANGSETRA KECAMATAN KORONCONG,BANTEN,KAB. PANDEGLANG,Koroncong,-6.3215021,106.1428991,exact_duplicate_coordinate,2
29039,KOPERASI DESA MERAH PUTIH SINDANGHAYU KECAMATAN BANJARSARI,JAWA BARAT,KAB. CIAMIS,Banjarsari,-7.48584986,108.5991228,exact_duplicate_coordinate,2
29092,KOPERASI DESA MERAH PUTIH KERTAWANGUN KECAMATAN SEDONG,JAWA BARAT,KAB. CIREBON,Sedong,-6.86618345,108.547422,exact_duplicate_coordinate,2
29094,KOPERASI DESA MERAH PUTIH TINELO KECAMATAN TILANGO,GORONTALO,KAB. GORONTALO,Tilango,0.55699379,123.0203985,exact_duplicate_coordinate,2
29154,KOPERASI KELURAHAN MERAH PUTIH CIBADUYUT,JAWA BARAT,KOTA BANDUNG,Bojongloa Kidul,-6.95326684,107.5931568,exact_duplicate_coordinate,2
29251,KOPERASI DESA MERAH PUTIH KARANGWUNI KECAMATAN SEDONG,JAWA BARAT,KAB. CIREBON,Sedong,-6.86618345,108.547422,exact_duplicate_coordinate,2
29395,KOPERASI DESA MERAH PUTIH RIGANGAN II,BENGKULU,KAB. KAUR,Kelam Tengah,-4.54639715,103.1940932,exact_duplicate_coordinate,2
29486,KOPERASI DESA MERAH PUTIH MAKMUR JAYA GAYAU,LAMPUNG,KAB. PESAWARAN,Padang Cermin,-5.64253955,105.1692523,exact_duplicate_coordinate,2
29587,KOPERASI DESA MERAH PUTIH LOMBONG TIMUR,SULAWESI BARAT,KAB. MAJENE,Malunda,-2.98417328,118.8699768,exact_duplicate_coordinate,2
29886,KOPERASI DESA MERAH PUTIH KUALA KARANG KECAMATAN TELUK PAKEDAI,KALIMANTAN BARAT,KAB. KUBU RAYA,Teluk Pakedai,-0.516972,109.132972,exact_duplicate_coordinate,2
30069,KOPERASI DESA MERAH PUTIH SELENGEN KECAMATAN KAYANGAN,NUSA TENGGARA BARAT,KAB. LOMBOK UTARA,Kayangan,-8.38837408,116.3661395,exact_duplicate_coordinate,2
30076,KOPERASI DESA MERAH PUTIH SELENGEN,NUSA TENGGARA BARAT,KAB. LOMBOK UTARA,Kayangan,-8.38837408,116.3661395,exact_duplicate_coordinate,2
30917,KOPERASI DESA MERAH PUTIH SYARIAH GUNUNG MUSARA KECAMATAN BENER KELIPAH,ACEH,KAB. BENER MERIAH,Bener Kelipah,4.77371793,96.91734684,exact_duplicate_coordinate,2
31546,KOPERASI KELURAHAN MERAH PUTIH LALENG BATA,SULAWESI SELATAN,KAB. PINRANG,Paleteang,-3.78550365,119.6679922,exact_duplicate_coordinate,2
31567,KOPERASI KELURAHAN MERAH PUTIH MANARANG,SULAWESI SELATAN,KAB. PINRANG,Mattiro Bulu,-3.84359594,119.6527558,exact_duplicate_coordinate,2
31571,KOPERASI DESA MERAH PUTIH DESA MANGELORENG,SULAWESI SELATAN,KAB. MAROS,Bantimurung,-4.98351927,119.641816,exact_duplicate_coordinate,2
31632,KOPERASI DESA MERAH PUTIH RANOWILA,SULAWESI TENGGARA,KAB. KONAWE SELATAN,Wolasi,-4.10892192,122.5181103,exact_duplicate_coordinate,2
32097,KOPERASI DESA MERAH PUTIH SUNGAI TOMAN KECAMATAN SALATIGA,KALIMANTAN BARAT,KAB. SAMBAS,Salatiga,1.12242215,109.0394219,exact_duplicate_coordinate,2
32451,KOPERASI DESA MERAH PUTIH IWUL KECAMATAN PARUNG,JAWA BARAT,KAB. BOGOR,Parung,-6.42827029,106.7291248,exact_duplicate_coordinate,2
32573,KOPERASI DESA MERAH PUTIH LOMBANG TIMUR,SULAWESI BARAT,KAB. MAJENE,Malunda,-2.98417328,118.8699768,exact_duplicate_coordinate,2
33111,KOPERASI KELURAHAN MERAH PUTIH KARANG KECAMATAN SLOGOHIMO KABUPATEN WONOGIRI,JAWA TENGAH,KAB. WONOGIRI,Slogohimo,-7.79748987,111.176055,exact_duplicate_coordinate,2
33264,KOPERASI DESA MERAH PUTIH WELU KECAMATAN CIBAL,NUSA TENGGARA TIMUR,KAB. MANGGARAI,Cibal,-8.52031073,120.5189534,exact_duplicate_coordinate,2
33273,KOPERASI DESA MERAH PUTIH KALIANYAR KECAMATAN PANGURAGAN,JAWA BARAT,KAB. CIREBON,Panguragan,-6.60704594,108.471633,exact_duplicate_coordinate,2
33379,KOPERASI DESA MERAH PUTIH SYARIAH RUMPI,ACEH,KAB. GAYO LUES,Terangun,4.07891957,97.05467944,exact_duplicate_coordinate,2
33406,KOPERASI KELURAHAN MERAH PUTIH PEMATANG GAJAH KECAMATAN JAMBI LUAR KOTA,JAMBI,KAB. MUARO JAMBI,Jambi Luar Kota,-1.64203418,103.510488,exact_duplicate_coordinate,2
33742,KOPERASI DESA MERAH PUTIH LUBUK MAYAN,JAMBI,KAB. BUNGO,Rantau Pandan,-1.61554002,101.9998165,exact_duplicate_coordinate,2
34287,KOPERASI KELURAHAN MERAH PUTIH MAHAKERET TIMUR KECAMATAN WENANG,SULAWESI UTARA,KOTA MANADO,Wenang,1.48457005,124.8437036,exact_duplicate_coordinate,2
35116,KOPERASI DESA MERAH PUTIH PERESAK,NUSA TENGGARA BARAT,KAB. LOMBOK BARAT,Narmada,-8.59374988,116.2151459,exact_duplicate_coordinate,2
35126,KOPERASI DESA MERAH PUTIH MEDANA KECAMATAN TANJUNG,NUSA TENGGARA BARAT,KAB. LOMBOK UTARA,Tanjung,-8.38351849,116.1346719,exact_duplicate_coordinate,2
35317,KOPERASI DESA MERAH PUTIH BONEA TIMUR,SULAWESI SELATAN,KAB. KEPULAUAN SELAYAR,Bontomanai,-6.04732765,120.5386134,exact_duplicate_coordinate,2
35417,KOPERASI DESA MERAH PUTIH PASIRJAKSA KECAMATAN KORONCONG,BANTEN,KAB. PANDEGLANG,Koroncong,-6.3215021,106.1428991,exact_duplicate_coordinate,2
35419,KOPERASI DESA MERAH PUTIH PAMEUNGPEUK,JAWA BARAT,KAB. GARUT,Pameungpeuk,-7.6586428,107.7172444,exact_duplicate_coordinate,2
35562,KOPERASI DESA MERAH PUTIH KAWALELO,NUSA TENGGARA TIMUR,KAB. FLORES TIMUR,Demon Pagong,-8.40934709,122.8530893,exact_duplicate_coordinate,2
35563,KOPERASI DESA MERAH PUTIH TENGIN BARU,KALIMANTAN TIMUR,KAB. PENAJAM PASER UTARA,Sepaku,-0.85774056,116.7503277,exact_duplicate_coordinate,2
35731,KOPERASI DESA MERAH PUTIH MAKMUR JAYA CALINGCING,JAWA BARAT,KAB. SUKABUMI,Tegalbuleud,-7.38745485,106.7732395,exact_duplicate_coordinate,2
35945,KOPERASI DESA MERAH PUTIH KALURAHAN KANOMAN,DAERAH ISTIMEWA YOGYAKARTA,KAB. KULON PROGO,Panjatan,-7.9267547,110.1257998,exact_duplicate_coordinate,2
36032,KOPERASI DESA MERAH PUTIH SYARIAH PONDOK BARU KECAMATAN BANDAR,ACEH,KAB. BENER MERIAH,Bandar,4.75359984,96.92089304,exact_duplicate_coordinate,2
36055,KOPERASI DESA MERAH PUTIH SUNGAI BUAYA KECAMATAN KAYAN HILIR,KALIMANTAN BARAT,KAB. SINTANG,Kayan Hilir,0.0911416,111.9933675,exact_duplicate_coordinate,2
36306,KOPERASI DESA MERAH PUTIH DESA MATITI I KECAMATAN DOLOKSANGGUL,SUMATERA UTARA,KAB. HUMBANG HASUNDUTAN,Dolok Sanggul,2.26354733,98.70960977,exact_duplicate_coordinate,2
36532,KOPERASI DESA MERAH PUTIH DAPURANG,SULAWESI BARAT,KAB. PASANGKAYU,Dapurang,-1.71912543,119.3833805,exact_duplicate_coordinate,2
36680,KOPERASI DESA MERAH PUTIH SIDETAPA,BALI,KAB. BULELENG,Banjar,-8.21936531,114.9735847,exact_duplicate_coordinate,2
36714,KOPERASI DESA MERAH PUTIH TARATAK BARU KECAMATAN TANJUNG GADANG,SUMATERA BARAT,KAB. SIJUNJUNG,Tanjung Gadang,-0.80047201,101.0797793,exact_duplicate_coordinate,2
36754,KOPERASI KELURAHAN MERAH PUTIH KRANDON,JAWA TENGAH,KOTA TEGAL,Margadana,-6.87133747,109.0996776,exact_duplicate_coordinate,2
36831,KOPERASI KELURAHAN MERAH PUTIH BABAKAN KECAMATAN SETU,BANTEN,KOTA TANGERANG SELATAN,Setu,-6.35277877,106.6933233,exact_duplicate_coordinate,2
36896,KOPERASI DESA MERAH PUTIH CINTARAJA KECAMATAN SINGAPARNA,JAWA BARAT,KAB. TASIKMALAYA,Singaparna,-7.34714413,108.1128059,exact_duplicate_coordinate,2
36976,KOPERASI KELURAHAN MERAH PUTIH BAKTI JAYA KECAMATAN SETU,BANTEN,KOTA TANGERANG SELATAN,Setu,-6.35277877,106.6933233,exact_duplicate_coordinate,2
37101,KOPERASI DESA MERAH PUTIH PINANG JAWA,BENGKULU,KAB. KAUR,Kinal,-4.59626949,103.2834502,exact_duplicate_coordinate,2
37145,KOPERASI KELURAHAN MERAH PUTIH TELUK BELITUNG,RIAU,KAB. KEPULAUAN MERANTI,Merbau,1.0372097,102.4021853,exact_duplicate_coordinate,2
37293,KOPERASI DESA MERAH PUTIH SYARIAH GAMPONG KRUENG SEUMAYAM,ACEH,KAB. NAGAN RAYA,Darul Makmur,4.01715203,96.67851437,exact_duplicate_coordinate,2
37599,KOPERASI DESA MERAH PUTIH KALURAHAN GARONGAN,DAERAH ISTIMEWA YOGYAKARTA,KAB. KULON PROGO,Panjatan,-7.9267547,110.1257998,exact_duplicate_coordinate,2
37669,KOPERASI DESA MERAH PUTIH GUNUNG TIGA DUA,BENGKULU,KAB. KAUR,Semidang Gumay,-4.67353266,103.2621786,exact_duplicate_coordinate,2
37753,KOPERASI DESA MERAH PUTIH NAGARI LUBUK ULANG ALING SELATAN SOLOK SELATAN,SUMATERA BARAT,KAB. SOLOK SELATAN,Sangir Batang Hari,-1.24423687,101.2784727,exact_duplicate_coordinate,2
37988,KOPERASI DESA MERAH PUTIH PERESAK KECAMATAN NARMADA,NUSA TENGGARA BARAT,KAB. LOMBOK BARAT,Narmada,-8.59374988,116.2151459,exact_duplicate_coordinate,2
38147,KOPERASI DESA MERAH PUTIH BOSNIK SUP,PAPUA,KAB. BIAK NUMFOR,Biak Timur,-1.15608669,136.2197364,exact_duplicate_coordinate,2
38379,KOPERASI DESA MERAH PUTIH WATOTIKA ILE,NUSA TENGGARA TIMUR,KAB. FLORES TIMUR,Demon Pagong,-8.40934709,122.8530893,exact_duplicate_coordinate,2
38408,KOPERASI KELURAHAN MERAH PUTIH MARGADANA,JAWA TENGAH,KOTA TEGAL,Margadana,-6.87133747,109.0996776,exact_duplicate_coordinate,2
38494,KOPERASI DESA MERAH PUTIH GEDUNG SAKO,BENGKULU,KAB. KAUR,Kaur Selatan,-4.77029381,103.3785358,exact_duplicate_coordinate,2
38674,KOPERASI KELURAHAN MERAH PUTIH LABOLI TELUK BELITUNG,RIAU,KAB. KEPULAUAN MERANTI,Merbau,1.0372097,102.4021853,exact_duplicate_coordinate,2
38715,KOPERASI DESA MERAH PUTIH KAMPUNG INSROM,PAPUA,KAB. BIAK NUMFOR,Biak Kota,-1.1458184,136.0410959,exact_duplicate_coordinate,2
38753,KOPERASI DESA MERAH PUTIH MAGEPANDA,NUSA TENGGARA TIMUR,KAB. SIKKA,Magepanda,-8.57764759,122.0614735,exact_duplicate_coordinate,2
38797,KOPERASI DESA MERAH PUTIH BEGU,NUSA TENGGARA TIMUR,KAB. SIKKA,Paga,-8.78396815,122.0043147,exact_duplicate_coordinate,2
38804,KOPERASI DESA MERAH PUTIH GUNAN KECAMATAN SLOGOHIMO KABUPATEN WONOGIRI,JAWA TENGAH,KAB. WONOGIRI,Slogohimo,-7.79748987,111.176055,exact_duplicate_coordinate,2
38819,KOPERASI DESA MERAH PUTIH WODA MUDE,NUSA TENGGARA TIMUR,KAB. SIKKA,Magepanda,-8.57764759,122.0614735,exact_duplicate_coordinate,2
38849,KOPERASI DESA MERAH PUTIH PINDAHAN BARU KECAMATAN RANTAU BADAUH,KALIMANTAN SELATAN,KAB. BARITO KUALA,Rantau Badauh,-3.1294877,114.7060562,exact_duplicate_coordinate,2
38850,KOPERASI DESA MERAH PUTIH KETU API,PAPUA,KAB. KEPULAUAN YAPEN,Anotaurei,-1.86049303,136.2338601,exact_duplicate_coordinate,2
38873,KOPERASI DESA MERAH PUTIH SUNGAI BAMBAN,KALIMANTAN SELATAN,KAB. BARITO KUALA,Rantau Badauh,-3.1294877,114.7060562,exact_duplicate_coordinate,2
39384,KOPERASI DESA MERAH PUTIH MARIADERI,PAPUA,KAB. KEPULAUAN YAPEN,Anotaurei,-1.86862023,136.2308303,exact_duplicate_coordinate,2
39430,KOPERASI DESA MERAH PUTIH BU NUAPUU,NUSA TENGGARA TIMUR,KAB. SIKKA,Mego,-8.72350476,121.9381647,exact_duplicate_coordinate,2
39435,KOPERASI DESA MERAH PUTIH CISOKA,BANTEN,KAB. TANGERANG,Cisoka,-6.27064688,106.4313091,exact_duplicate_coordinate,2
39445,KOPERASI DESA MERAH PUTIH PACET KECAMATAN REBAN,JAWA TENGAH,KAB. BATANG,Reban,-7.06869948,109.8809881,exact_duplicate_coordinate,2
39642,KOPERASI DESA MERAH PUTIH KERANJI TIMUR KECAMATAN BANDAR PETALANGAN,RIAU,KAB. PELALAWAN,Bandar Petalangan,0.18077142,102.2016772,exact_duplicate_coordinate,2
40187,KOPERASI DESA MERAH PUTIH KAMPUNG WADERBO,PAPUA,KAB. BIAK NUMFOR,Biak Timur,-1.15100147,136.2514987,exact_duplicate_coordinate,2
40238,KOPERASI DESA MERAH PUTIH SUKATANI KECAMATAN CISOKA,BANTEN,KAB. TANGERANG,Cisoka,-6.27064688,106.4313091,exact_duplicate_coordinate,2
40249,KOPERASI DESA MERAH PUTIH TIRTA BUANA KECAMATAN DAPURANG,SULAWESI BARAT,KAB. PASANGKAYU,Dapurang,-1.71912543,119.3833805,exact_duplicate_coordinate,2
40253,KOPERASI KELURAHAN MERAH PUTIH LEDENG,JAWA BARAT,KOTA BANDUNG,Cidadap,-6.86174224,107.6112145,exact_duplicate_coordinate,2
40516,KOPERASI DESA MERAH PUTIH TANJUNGKARANG KECAMATAN CIGALONTANG,JAWA BARAT,KAB. TASIKMALAYA,Cigalontang,-7.30151514,107.9966313,exact_duplicate_coordinate,2
40702,KOPERASI KELURAHAN MERAH PUTIH KOPERASI DESA MERAH PUTIH BELEKA GERUNG,NUSA TENGGARA BARAT,KAB. LOMBOK BARAT,Gerung,-8.66514246,116.1284076,exact_duplicate_coordinate,2
40713,KOPERASI DESA MERAH PUTIH BELEKA GERUNG,NUSA TENGGARA BARAT,KAB. LOMBOK BARAT,Gerung,-8.66514246,116.1284076,exact_duplicate_coordinate,2
40848,KOPERASI DESA MERAH PUTIH PUHU,NUSA TENGGARA TIMUR,KAB. FLORES TIMUR,Adonara Timur,-8.32711549,123.1851151,exact_duplicate_coordinate,2
40889,KOPERASI DESA MERAH PUTIH KALURAHAN GULUREJO,DAERAH ISTIMEWA YOGYAKARTA,KAB. KULON PROGO,Lendah,-7.93227721,110.2266,exact_duplicate_coordinate,2
40895,KOPERASI DESA MERAH PUTIH WAWOSUNGGU KECAMATAN MORAMO,SULAWESI TENGGARA,KAB. BOMBANA,Rumbia,-4.77865934,122.0465577,exact_duplicate_coordinate,2
40922,KOPERASI DESA MERAH PUTIH PANGKU,SULAWESI TENGAH,KAB. PARIGI MOUTONG,Ampibabo,-0.98247169,120.2926279,exact_duplicate_coordinate,2
40954,KOPERASI KELURAHAN MERAH PUTIH TAMARENJA KECAMATAN SINDUE TOBATA,SULAWESI TENGAH,KAB. DONGGALA,Sindue Tobata,-0.40271746,119.8907136,exact_duplicate_coordinate,2
40993,KOPERASI DESA MERAH PUTIH TAMARENJA,SULAWESI TENGAH,KAB. DONGGALA,Sindue Tobata,-0.40271746,119.8907136,exact_duplicate_coordinate,2
41116,KOPERASI KELURAHAN MERAH PUTIH SUNGAI GEBAR BARAT,JAMBI,KAB. TANJUNG JABUNG BARAT,Kuala Betara,-0.955289,103.4631812,exact_duplicate_coordinate,2
41508,KOPERASI DESA MERAH PUTIH SYARIAH KUBU KECAMATAN LAWE ALAS,ACEH,KAB. ACEH TENGGARA,Lawe Alas,3.42902356,97.81916451,exact_duplicate_coordinate,2
41579,KOPERASI DESA MERAH PUTIH LUBUK KERANJI TIMUR KECAMATAN BANDAR PETALANGAN,RIAU,KAB. PELALAWAN,Bandar Petalangan,0.18077142,102.2016772,exact_duplicate_coordinate,2
41588,KOPERASI DESA MERAH PUTIH SUNGAI GEBAR BARAT KECAMATAN KUALA BETARA,JAMBI,KAB. TANJUNG JABUNG BARAT,Kuala Betara,-0.955289,103.4631812,exact_duplicate_coordinate,2
42043,KOPERASI DESA MERAH PUTIH KALURAHAN JATIREJO,DAERAH ISTIMEWA YOGYAKARTA,KAB. KULON PROGO,Lendah,-7.93227721,110.2266,exact_duplicate_coordinate,2
42194,KOPERASI DESA MERAH PUTIH TERONG ADONARA TIMUR,NUSA TENGGARA TIMUR,KAB. FLORES TIMUR,Adonara Timur,-8.3900556,123.1205509,exact_duplicate_coordinate,2
42245,KOPERASI DESA MERAH PUTIH NAGARI CUBADAK PASAMAN,SUMATERA BARAT,KAB. PASAMAN,Duo Koto,0.34874026,99.99794758,exact_duplicate_coordinate,2
42281,KOPERASI DESA MERAH PUTIH SYARIAH KUTE BULUH KECAMATAN BAMBEL,ACEH,KAB. ACEH TENGGARA,Lawe Bulan,3.48295576,97.8297245,exact_duplicate_coordinate,2
42334,KOPERASI DESA MERAH PUTIH N TIGA AEK NABARA BILAH HULU,SUMATERA UTARA,KAB. LABUHANBATU,Bilah Hulu,2.03039113,99.9190534,exact_duplicate_coordinate,2
42509,KOPERASI DESA MERAH PUTIH TALIKURAN KECAMATAN TOMPASO,SULAWESI UTARA,KAB. MINAHASA,Tompaso,1.17900993,124.795185,exact_duplicate_coordinate,2
42549,KOPERASI DESA MERAH PUTIH SUKARESMI KECAMATAN SUKARESMI KABUPATEN GARUT,JAWA BARAT,KAB. CIANJUR,Sukaresmi,-6.72181847,107.12256918,exact_duplicate_coordinate,2
42769,KOPERASI DESA MERAH PUTIH GANDU,JAWA BARAT,KAB. MAJALENGKA,Dawuan,-6.76118072,108.1766351,exact_duplicate_coordinate,2
43206,KOPERASI DESA MERAH PUTIH SYARIAH KEMILI KECAMATAN BEBESEN KABUPATEN ACEH TENGAH,ACEH,KAB. ACEH TENGAH,Bebesen,4.62880835,96.84652939,exact_duplicate_coordinate,2
43227,KOPERASI DESA MERAH PUTIH SYARIAH KUTE BULUH BOTONG KECAMATAN LAWE BULAN,ACEH,KAB. ACEH TENGGARA,Lawe Bulan,3.48295576,97.8297245,exact_duplicate_coordinate,2
43292,KOPERASI DESA MERAH PUTIH SYARIAH LUT JAYA KECAMATAN RUSIP ANTARA,ACEH,KAB. ACEH TENGAH,Rusip Antara,4.64770421,96.52669037,exact_duplicate_coordinate,2
43542,KOPERASI DESA MERAH PUTIH KUNANGAN,JAMBI,KAB. MUARO JAMBI,Taman Rajo,-1.54630914,103.63782903,exact_duplicate_coordinate,2
43614,KOPERASI DESA MERAH PUTIH ATURAN MUMPO KECAMATAN PEMATANG TIGA,BENGKULU,KAB. BENGKULU TENGAH,Pematang Tiga,-3.61783906,102.2212829,exact_duplicate_coordinate,2
43634,KOPERASI DESA MERAH PUTIH DESA MERAH PUTIH KUNANGAN,JAMBI,KAB. MUARO JAMBI,Taman Rajo,-1.54630914,103.63782903,exact_duplicate_coordinate,2
43724,KOPERASI DESA MERAH PUTIH PADOMASAN KECAMATAN REBAN,JAWA TENGAH,KAB. BATANG,Reban,-7.06869948,109.8809881,exact_duplicate_coordinate,2
44651,KOPERASI DESA MERAH PUTIH TANJUNG ARAK KECAMATAN PINOH UTARA KABUPATEN MELAW,KALIMANTAN BARAT,KAB. MELAWI,Pinoh Utara,-0.33766404,111.841299,exact_duplicate_coordinate,2
44663,KOPERASI DESA MERAH PUTIH SYARIAH PANTAN SILE,ACEH,KAB. ACEH TENGAH,Kute Panang,4.67274165,96.79203294,exact_duplicate_coordinate,2
44750,KOPERASI DESA MERAH PUTIH SYARIAH TELUK ONE ONE KECAMATAN LUT TAWAR,ACEH,KAB. ACEH TENGAH,Laut Tawar,4.60662942,96.8586639,exact_duplicate_coordinate,2
44763,KOPERASI DESA MERAH PUTIH ASTINA KECAMATAN TORUE,SULAWESI TENGAH,KAB. PARIGI MOUTONG,Torue,-0.98247169,120.2926279,exact_duplicate_coordinate,2
44766,KOPERASI DESA MERAH PUTIH TANJUNG ARAK KECAMATAN PINOH UTARA KABUPATEN MELAWI,KALIMANTAN BARAT,KAB. MELAWI,Pinoh Utara,-0.33766404,111.841299,exact_duplicate_coordinate,2
44785,KOPERASI DESA MERAH PUTIH MASURE,MALUKU UTARA,KAB. HALMAHERA TENGAH,Patani Utara,0.37798246,128.6608707,exact_duplicate_coordinate,2
44828,KOPERASI KELURAHAN MERAH PUTIH KAMPILI,SULAWESI SELATAN,KAB. GOWA,Pallangga,-5.25882421,119.4940461,exact_duplicate_coordinate,2
44846,KOPERASI DESA MERAH PUTIH GEMIA,MALUKU UTARA,KAB. HALMAHERA TENGAH,Patani Timur,0.37798246,128.6608707,exact_duplicate_coordinate,2
44919,KOPERASI DESA MERAH PUTIH SALAKBROJO,JAWA TENGAH,KAB. PEKALONGAN,Kedungwuni,-6.95957,109.66502333,exact_duplicate_coordinate,2
45235,KOPERASI DESA MERAH PUTIH SINGAPARNA,JAWA BARAT,KAB. TASIKMALAYA,Singaparna,-7.34714413,108.1128059,exact_duplicate_coordinate,2
45563,KOPERASI DESA MERAH PUTIH ARMNU,PAPUA,KAB. BIAK NUMFOR,Andey,-0.89073538,136.0160636,exact_duplicate_coordinate,2
45719,KOPERASI DESA MERAH PUTIH KAMPUNG ANIMI,PAPUA,KAB. BIAK NUMFOR,Oridek,-1.1298783,136.3295216,exact_duplicate_coordinate,2
45909,KOPERASI DESA MERAH PUTIH WEDONI,PAPUA BARAT,KAB. MANOKWARI,Tanah Rubuh,-1.19486797,134.1720847,exact_duplicate_coordinate,2
46013,KOPERASI DESA MERAH PUTIH SYARIAH LAWE SUMUR KECAMATAN BABUL RAHMAH,ACEH,KAB. ACEH TENGGARA,Babul Rahmah,3.32543302,97.89769594,exact_duplicate_coordinate,2
46014,KOPERASI DESA MERAH PUTIH SYARIAH TIMANG KHASE KECAMATAN TANOH ALAS,ACEH,KAB. ACEH TENGGARA,Tanoh Alas,3.32543302,97.89769594,exact_duplicate_coordinate,2
46037,KOPERASI DESA MERAH PUTIH SYARIAH KALA KEMILI KECAMATAN BEBESEN KABUPATEN ACEH TENGAH,ACEH,KAB. ACEH TENGAH,Bebesen,4.62880835,96.84652939,exact_duplicate_coordinate,2
46041,KOPERASI DESA MERAH PUTIH SYARIAH PANTAN SILE,ACEH,KAB. ACEH TENGAH,Kute Panang,4.67274165,96.79203294,exact_duplicate_coordinate,2
46042,KOPERASI DESA MERAH PUTIH SYARIAH LUT JAYA KECAMATAN RUSIP ANTARA KABUPATEN ACEH TENGAH,ACEH,KAB. ACEH TENGAH,Rusip Antara,4.64770421,96.52669037,exact_duplicate_coordinate,2
46073,KOPERASI DESA MERAH PUTIH SYARIAH PEDEMUN ONE ONE KECAMATAN LUT TAWAR,ACEH,KAB. ACEH TENGAH,Laut Tawar,4.60662942,96.8586639,exact_duplicate_coordinate,2
46123,KOPERASI DESA MERAH PUTIH SYARIAH GAMPONG BUCUE KECAMATAN SAKTI,ACEH,KAB. PIDIE,Sakti,5.26234317,95.9242852,exact_duplicate_coordinate,2
46322,KOPERASI DESA MERAH PUTIH KELURAHAN PAMOYANAN KECAMATAN CIANJUR,JAWA BARAT,KAB. CIANJUR,Cianjur,-6.82008831,107.1346177,exact_duplicate_coordinate,2
46359,KOPERASI DESA MERAH PUTIH GUNUNGSEMBUNG KECAMATAN PAGADEN,JAWA BARAT,KAB. SUBANG,Pagaden,-6.51236415,107.7919567,exact_duplicate_coordinate,2
46364,KOPERASI DESA MERAH PUTIH CIRAHAYU KECAMATAN LURAGUNG KABUPATEN KUNINGAN,JAWA BARAT,KAB. KUNINGAN,Luragung,-7.01028408,108.6163587,exact_duplicate_coordinate,2
46412,KOPERASI DESA MERAH PUTIH SUKASARI KECAMATAN BANJARSARI,JAWA BARAT,KAB. CIAMIS,Banjarsari,-7.48584986,108.5991228,exact_duplicate_coordinate,2
46511,KOPERASI DESA MERAH PUTIH PANULISAN TIMUR KECAMATAN DAYEUHLUHUR,JAWA TENGAH,KAB. CILACAP,Dayeuhluhur,-7.31904251,108.5791591,exact_duplicate_coordinate,2
46552,KOPERASI DESA MERAH PUTIH DESA PILANGSARI KECAMATAN KEDAWUNG,JAWA BARAT,KAB. CIREBON,Kedawung,-6.6987979,108.5369097,exact_duplicate_coordinate,2
46681,KOPERASI KELURAHAN MERAH PUTIH SIMPANG GAMBIR,SUMATERA UTARA,KAB. MANDAILING NATAL,Lingga Bayu,0.6278226,99.2996208,exact_duplicate_coordinate,2
47180,KOPERASI DESA MERAH PUTIH BATUR KECAMATAN GETASAN,JAWA TENGAH,KAB. SEMARANG,Getasan,-7.3941925,110.4396964,exact_duplicate_coordinate,2
47648,KOPERASI KELURAHAN MERAH PUTIH TES,BENGKULU,KAB. LEBONG,Lebong Selatan,-3.24919063,102.3171954,exact_duplicate_coordinate,2
48297,KOPERASI DESA MERAH PUTIH AMBARITA KECAMATAN SIMANINDO,SUMATERA UTARA,KAB. SAMOSIR,Simanindo,2.69162275,98.8295147,exact_duplicate_coordinate,2
48892,KOPERASI DESA MERAH PUTIH BANTIMURUNG KECAMATAN BONE BONE,SULAWESI SELATAN,KAB. LUWU UTARA,Bone Bone,-2.54236179,120.5299564,exact_duplicate_coordinate,2
49049,KOPERASI DESA MERAH PUTIH SUNGAI TOMAN KECAMATAN SALATIGA KABUPATEN SAMBAS,KALIMANTAN BARAT,KAB. SAMBAS,Salatiga,1.12242215,109.0394219,exact_duplicate_coordinate,2
49206,KOPERASI DESA MERAH PUTIH KELURAHAN MACCINI BAJI KECAMATAN LAU,SULAWESI SELATAN,KAB. MAROS,Lau,-4.95514339,119.5822488,exact_duplicate_coordinate,2
49654,KOPERASI DESA MERAH PUTIH PERKEBUNAN SIMPANG GAMBIR,SUMATERA UTARA,KAB. MANDAILING NATAL,Lingga Bayu,0.6278226,99.2996208,exact_duplicate_coordinate,2
49789,KOPERASI DESA MERAH PUTIH SUSUT,BALI,KAB. BANGLI,Susut,-8.44287702,115.3400782,exact_duplicate_coordinate,2
50098,KOPERASI DESA MERAH PUTIH NAGARI TOBOH GADANG TIMUR PADANG PARIAMAN,SUMATERA BARAT,KAB. PADANG PARIAMAN,Sintuak Toboh Gadang,-0.65974307,100.2352986,exact_duplicate_coordinate,2
50100,KOPERASI DESA MERAH PUTIH RUMOONG BAWAH,SULAWESI UTARA,KAB. MINAHASA SELATAN,Amurang Barat,1.16057531,124.5437868,exact_duplicate_coordinate,2
50128,KOPERASI DESA MERAH PUTIH NAGARI PASIR TALANG TIMUR SOLOK SELATAN,SUMATERA BARAT,KAB. SOLOK SELATAN,Sungai Pagu,-1.47080076,101.0077376,exact_duplicate_coordinate,2
50141,KOPERASI DESA MERAH PUTIH NAGARI TAPAN PESISIR SELATAN,SUMATERA BARAT,KAB. PESISIR SELATAN,Basa Ampek Balai Tapan,-2.17801072,101.0014832,exact_duplicate_coordinate,2
50796,KOPERASI DESA MERAH PUTIH TANDUNG MALANGKE,SULAWESI SELATAN,KAB. LUWU UTARA,Malangke,-2.71827404,120.3415391,exact_duplicate_coordinate,2
50906,KOPERASI DESA MERAH PUTIH PETTELANDUNG,SULAWESI SELATAN,KAB. LUWU UTARA,Malangke,-2.73528041,120.3897412,exact_duplicate_coordinate,2
50973,KOPERASI KELURAHAN MERAH PUTIH BOSSO KECAMATAN WALENRANG UTARA,SULAWESI SELATAN,KAB. LUWU,Walenrang Utara,-2.81561264,120.1224089,exact_duplicate_coordinate,2
51043,KOPERASI DESA MERAH PUTIH NAGARI LUBUK ULANG ALING SOLOK SELATAN,SUMATERA BARAT,KAB. SOLOK SELATAN,Sangir Batang Hari,-1.24423687,101.2784727,exact_duplicate_coordinate,2
51174,KOPERASI DESA MERAH PUTIH MARLUMBA KECAMATAN SIMANINDO,SUMATERA UTARA,KAB. SAMOSIR,Simanindo,2.73663497,98.7880819,exact_duplicate_coordinate,2
51188,KOPERASI DESA MERAH PUTIH NAGARI PASIR TALANG SOLOK SELATAN,SUMATERA BARAT,KAB. SOLOK SELATAN,Sungai Pagu,-1.47080076,101.0077376,exact_duplicate_coordinate,2
51313,KOPERASI DESA MERAH PUTIH TERONG KECAMATAN ADONARA TIMUR,NUSA TENGGARA TIMUR,KAB. FLORES TIMUR,Adonara Timur,-8.3900556,123.1205509,exact_duplicate_coordinate,2
51363,KOPERASI DESA MERAH PUTIH CINNOTABI KECAMATAN MAJAULENG,SULAWESI SELATAN,KAB. WAJO,Majauleng,-4.06569263,120.1380643,exact_duplicate_coordinate,2
51394,KOPERASI DESA MERAH PUTIH SYARIAH GAMPONG BLANG KECAMATAN MEURAH DUA,ACEH,KAB. PIDIE JAYA,Meurah Dua,5.24164753,96.26036517,exact_duplicate_coordinate,2
51497,KOPERASI KELURAHAN MERAH PUTIH CIUMBULEUIT,JAWA BARAT,KOTA BANDUNG,Cidadap,-6.86174224,107.6112145,exact_duplicate_coordinate,2
51641,KOPERASI DESA MERAH PUTIH JATI KECAMATAN CIPUNAGARA,JAWA BARAT,KAB. SUBANG,Cipunagara,-6.46405061,107.8343939,exact_duplicate_coordinate,2
51661,KOPERASI DESA MERAH PUTIH TAMBAKSARI KECAMATAN LEUWIGOONG,JAWA BARAT,KAB. GARUT,Leuwigoong,-7.08640268,107.9337976,exact_duplicate_coordinate,2
51851,KOPERASI DESA MERAH PUTIH SYARIAH KAMPONG JEUMPA,ACEH,KAB. PIDIE,Glumpang Tiga,5.24793925,96.01965583,exact_duplicate_coordinate,2
52611,KOPERASI DESA MERAH PUTIH KARANGANYAR KECAMATAN LEUWIGOONG,JAWA BARAT,KAB. GARUT,Leuwigoong,-7.08640268,107.9337976,exact_duplicate_coordinate,2
52616,KOPERASI DESA MERAH PUTIH SARIMANGGU KECAMATAN KARANGNUNGGAL,JAWA BARAT,KAB. TASIKMALAYA,Karangnunggal,-7.60645275,108.131457,exact_duplicate_coordinate,2
52620,KOPERASI KELURAHAN MERAH PUTIH SARIMANGGU,JAWA BARAT,KAB. TASIKMALAYA,Karangnunggal,-7.60645275,108.131457,exact_duplicate_coordinate,2
52950,KOPERASI DESA MERAH PUTIH TANGKIL KULON,JAWA TENGAH,KAB. PEKALONGAN,Kedungwuni,-6.94327692,109.6338638,exact_duplicate_coordinate,2
52988,KOPERASI DESA MERAH PUTIH PANULISAN KECAMATAN DAYEUHLUHUR,JAWA TENGAH,KAB. CILACAP,Dayeuhluhur,-7.31904251,108.5791591,exact_duplicate_coordinate,2
53305,KOPERASI DESA MERAH PUTIH BANJAR KECAMATAN BANJAR KABUPATEN BULELENG,BALI,KAB. BULELENG,Banjar,-8.21936531,114.9735847,exact_duplicate_coordinate,2
53310,KOPERASI DESA MERAH PUTIH CANGGU KECAMATAN KUTA UTARA,BALI,KAB. BADUNG,Kuta Utara,-8.64402953,115.140839,exact_duplicate_coordinate,2
53316,KOPERASI DESA MERAH PUTIH CANGGU KECAMATAN MENGWI,BALI,KAB. BADUNG,Kuta Utara,-8.64402953,115.140839,exact_duplicate_coordinate,2
53331,KOPERASI DESA MERAH PUTIH LANDO,NUSA TENGGARA BARAT,KAB. LOMBOK TIMUR,Terara,-8.60969197,116.3840298,exact_duplicate_coordinate,2
53729,KOPERASI KELURAHAN MERAH PUTIH WAKUMORO,SULAWESI TENGGARA,KAB. MUNA,Parigi,-5.0750377,122.4898137,exact_duplicate_coordinate,2
53924,KOPERASI DESA MERAH PUTIH SYARIAH GAMPONG ARUL PINANG,ACEH,KAB. ACEH TIMUR,Peunaron,4.6650416,97.52721085,exact_duplicate_coordinate,2
54044,KOPERASI DESA MERAH PUTIH ATULAI,KALIMANTAN UTARA,KAB. NUNUKAN,Sembakung Atulai,3.76938587,116.7861238,exact_duplicate_coordinate,2
54081,KOPERASI DESA MERAH PUTIH FII AMANILLAH,GORONTALO,KOTA GORONTALO,Kota Tengah,0.5632856,123.0565329,exact_duplicate_coordinate,2
54152,KOPERASI DESA MERAH PUTIH HANGHOUW,PAPUA BARAT,KAB. MANOKWARI,Tanah Rubuh,-1.2067761,134.06612623,exact_duplicate_coordinate,2
54197,KOPERASI DESA MERAH PUTIH KERENU,PAPUA BARAT,KAB. MANOKWARI,Aimasi,-0.82504408,133.8138633,exact_duplicate_coordinate,2
54782,KOPERASI DESA MERAH PUTIH SIALLAGAN PINDARAYA,SUMATERA UTARA,KAB. SAMOSIR,Simanindo,2.69162275,98.8295147,exact_duplicate_coordinate,2
55402,KOPERASI DESA MERAH PUTIH MADUMA KECAMATAN SIMANINDO,SUMATERA UTARA,KAB. SAMOSIR,Simanindo,2.73663497,98.7880819,exact_duplicate_coordinate,2
55456,KOPERASI DESA MERAH PUTIH SUKADAME TANAH PINEM,SUMATERA UTARA,KAB. DAIRI,Tanah Pinem,2.9960271,98.14726292,exact_duplicate_coordinate,2
55569,KOPERASI DESA MERAH PUTIH MERLUNG,JAMBI,KAB. TANJUNG JABUNG BARAT,Merlung,-1.24317708,103.040843,exact_duplicate_coordinate,2
56077,KOPERASI DESA MERAH PUTIH KEPENGHULUAN ROKAN BARU,RIAU,KAB. ROKAN HILIR,Pekaitan,1.91266408,100.881173,exact_duplicate_coordinate,2
56456,KOPERASI DESA MERAH PUTIH DAWUAN KECAMATAN DAWUAN,JAWA BARAT,KAB. MAJALENGKA,Dawuan,-6.76118072,108.1766351,exact_duplicate_coordinate,2
56682,KOPERASI DESA MERAH PUTIH NAGARI CUBADAK TENGAH PASAMAN,SUMATERA BARAT,KAB. PASAMAN,Duo Koto,0.34874026,99.99794758,exact_duplicate_coordinate,2
56714,KOPERASI DESA MERAH PUTIH TARATAK BARU UTARA SIJUNJUNG,SUMATERA BARAT,KAB. SIJUNJUNG,Tanjung Gadang,-0.80047201,101.0797793,exact_duplicate_coordinate,2
56808,KOPERASI DESA MERAH PUTIH KAHALE,NUSA TENGGARA TIMUR,KAB. SUMBA BARAT DAYA,Kodi Balaghar,-9.69703079,119.1043913,exact_duplicate_coordinate,2
56966,KOPERASI DESA MERAH PUTIH SYARIAH PULO GADUNG KECAMATAN LAWE ALAS,ACEH,KAB. ACEH TENGGARA,Lawe Alas,3.47136928,97.53235525,exact_duplicate_coordinate,2
57066,KOPERASI KELURAHAN MERAH PUTIH KASIPUTE,SULAWESI TENGGARA,KAB. BOMBANA,Rumbia,-4.77865934,122.0465577,exact_duplicate_coordinate,2
57304,KOPERASI DESA MERAH PUTIH SYARIAH GAMPONG PANTE RAJA KECAMATAN PASIE RAJA,ACEH,KAB. ACEH SELATAN,Pasie Raja,3.19396346,97.27842118,exact_duplicate_coordinate,2
57615,KOPERASI DESA MERAH PUTIH TANAH PINEM,SUMATERA UTARA,KAB. DAIRI,Tanah Pinem,2.9960271,98.14726292,exact_duplicate_coordinate,2
57620,KOPERASI DESA MERAH PUTIH KALIWUNGU KECAMATAN KALIWUNGU,JAWA TENGAH,KAB. SEMARANG,Kaliwungu,-7.46441197,110.6216777,exact_duplicate_coordinate,2
57869,KOPERASI DESA MERAH PUTIH PUTERAN,JAWA BARAT,KAB. TASIKMALAYA,Pagerageung,-7.13221908,108.1827064,exact_duplicate_coordinate,2
57883,KOPERASI DESA MERAH PUTIH KADIPATEN KECAMATAN KADIPATEN KABUPATEN MAJALENGKA,JAWA BARAT,KAB. MAJALENGKA,Kadipaten,-7.11355993,108.0920994,exact_duplicate_coordinate,2
58067,KOPERASI KELURAHAN MERAH PUTIH MERLUNG KECAMATAN MERLUNG,JAMBI,KAB. TANJUNG JABUNG BARAT,Merlung,-1.24317708,103.040843,exact_duplicate_coordinate,2
58283,KOPERASI DESA MERAH PUTIH SYARIAH LAWE SUMUKH ALAS KECAMATAN BABUL RAHMAH,ACEH,KAB. ACEH TENGGARA,Babul Rahmah,3.32140632,97.89196501,exact_duplicate_coordinate,2
58337,KOPERASI DESA MERAH PUTIH SYARIAH BLANG GELE KECAMATAN BEBESEN KABUPATEN ACEH TENGAH,ACEH,KAB. ACEH TENGAH,Bebesen,4.63310874,96.79931594,exact_duplicate_coordinate,2
58505,KOPERASI DESA MERAH PUTIH KAPUK KECAMATAN PEMULUTAN SELATAN KABUPATEN OGAN ILIR,SUMATERA SELATAN,KAB. OGAN ILIR,Pemulutan Selatan,-3.20467922,104.7661744,exact_duplicate_coordinate,2
58860,KOPERASI DESA MERAH PUTIH NAGARI BARUNG BARUNG BALANTAI TIMUR PESISIR SELATAN,SUMATERA BARAT,KAB. PESISIR SELATAN,Koto XI Tarusan,-1.13305341,100.4768958,exact_duplicate_coordinate,2
58908,KOPERASI DESA MERAH PUTIH SYARIAH LANDO KECAMATAN TERARA,NUSA TENGGARA BARAT,KAB. LOMBOK TIMUR,Terara,-8.60969197,116.3840298,exact_duplicate_coordinate,2
58990,KOPERASI DESA MERAH PUTIH KEPENGHULUAN ROKAN BARU PESISIR,RIAU,KAB. ROKAN HILIR,Pekaitan,1.91266408,100.881173,exact_duplicate_coordinate,2
58999,KOPERASI DESA MERAH PUTIH WOLOWIRO,NUSA TENGGARA TIMUR,KAB. SIKKA,Paga,-8.78396815,122.0043147,exact_duplicate_coordinate,2
59024,KOPERASI DESA MERAH PUTIH SUNGAI NIBUNG KECAMATAN TELUK PAKEDAI,KALIMANTAN BARAT,KAB. KUBU RAYA,Teluk Pakedai,-0.516972,109.132972,exact_duplicate_coordinate,2
59179,KOPERASI DESA MERAH PUTIH TOBAYANGAN SELATAN,SULAWESI UTARA,KAB. BOLAANG MONGONDOW SELATAN,Pinolosian Tengah,0.43162547,124.3125609,exact_duplicate_coordinate,2
59247,KOPERASI KELURAHAN MERAH PUTIH MOENGKO BARU,SULAWESI TENGAH,KAB. POSO,Poso Kota,-1.3864782,120.7371832,exact_duplicate_coordinate,2
59286,KOPERASI DESA MERAH PUTIH LIMBONG WARA,SULAWESI SELATAN,KAB. LUWU UTARA,Malangke Barat,-2.7942314,120.2613815,exact_duplicate_coordinate,2
59364,KOPERASI DESA MERAH PUTIH KAMPILI KECAMATAN PALLANGGA,SULAWESI SELATAN,KAB. GOWA,Pallangga,-5.25882421,119.4940461,exact_duplicate_coordinate,2
59387,KOPERASI DESA MERAH PUTIH PATTALASSANG,SULAWESI SELATAN,KAB. PANGKAJENE KEPULAUAN,Labakkang,-4.77339608,119.5634451,exact_duplicate_coordinate,2
59470,KOPERASI DESA MERAH PUTIH MARGOMULYO DISTRIK ORANSBARI,PAPUA BARAT,KAB. MANOKWARI SELATAN,Oransbari,-1.33708348,134.2587678,exact_duplicate_coordinate,2
59500,KOPERASI DESA MERAH PUTIH KADIPATEN KECAMATAN KADIPATEN,JAWA BARAT,KAB. TASIKMALAYA,Kadipaten,-7.11355993,108.0920994,exact_duplicate_coordinate,2
59738,KOPERASI DESA MERAH PUTIH SUKAMAJU KECAMATAN PAGERAGEUNG,JAWA BARAT,KAB. TASIKMALAYA,Pagerageung,-7.13221908,108.1827064,exact_duplicate_coordinate,2
60132,KOPERASI KELURAHAN MERAH PUTIH MACCINI BAJI KECAMATAN LAU,SULAWESI SELATAN,KAB. MAROS,Lau,-4.95514339,119.5822488,exact_duplicate_coordinate,2
60677,KOPERASI DESA MERAH PUTIH SYARIAH SUMUKH ALAS KECAMATAN BABUL RAHMAH,ACEH,KAB. ACEH TENGGARA,Babul Rahmah,3.32140632,97.89196501,exact_duplicate_coordinate,2
61489,KOPERASI DESA MERAH PUTIH MANGELORENG,SULAWESI SELATAN,KAB. MAROS,Bantimurung,-4.98351927,119.641816,exact_duplicate_coordinate,2
61533,KOPERASI KELURAHAN MERAH PUTIH BAKERAMBA,SULAWESI TENGGARA,KAB. MUNA BARAT,Kusambi,-4.73316503,122.5373005,exact_duplicate_coordinate,2
62095,KOPERASI DESA MERAH PUTIH SAMBILAWANG KECAMATAN WARINGINKURUNG,BANTEN,KAB. SERANG,Waringinkurung,-6.0674069,106.061996,exact_duplicate_coordinate,2
62328,KOPERASI DESA MERAH PUTIH SINDANG,JAWA BARAT,KAB. MAJALENGKA,Sindang,-6.83583813,108.3242575,exact_duplicate_coordinate,2
62434,KOPERASI DESA MERAH PUTIH SIHOPUK LAMA,SUMATERA UTARA,KAB. PADANG LAWAS UTARA,Halongonan Timur,1.5986779,99.8929014,exact_duplicate_coordinate,2
62745,KOPERASI DESA MERAH PUTIH KETENONG I KECAMATAN PINANG BELAPIS,BENGKULU,KAB. LEBONG,Pinang Belapis,-3.00744003,102.1714475,exact_duplicate_coordinate,2
63315,KOPERASI DESA MERAH PUTIH SYARIAH KUALA I KECAMATAN BINTANG,ACEH,KAB. ACEH TENGAH,Bintang,4.59882125,97.01300521,exact_duplicate_coordinate,2
63798,KOPERASI KELURAHAN MERAH PUTIH SEPAKU,KALIMANTAN TIMUR,KAB. PENAJAM PASER UTARA,Sepaku,-0.85774056,116.7503277,exact_duplicate_coordinate,2
64005,KOPERASI DESA MERAH PUTIH TALAGA II,SULAWESI TENGGARA,KAB. BUTON TENGAH,Talaga Raya,-5.43754745,122.0025788,exact_duplicate_coordinate,2
64055,KOPERASI KELURAHAN MERAH PUTIH LAKAWOGHE,SULAWESI TENGGARA,KAB. MUNA BARAT,Kusambi,-4.72942845,122.516502,exact_duplicate_coordinate,2
64427,KOPERASI DESA MERAH PUTIH SENTANGAU JAYA,KALIMANTAN BARAT,KAB. BENGKAYANG,Seluas,1.27003952,109.7906488,exact_duplicate_coordinate,2
64776,KOPERASI DESA MERAH PUTIH CIDULANG,JAWA BARAT,KAB. MAJALENGKA,Cikijing,-7.01436854,108.3763837,exact_duplicate_coordinate,2
64792,KOPERASI DESA MERAH PUTIH DESA GUNUNGSEMBUNG,JAWA BARAT,KAB. SUBANG,Pagaden,-6.51236415,107.7919567,exact_duplicate_coordinate,2
64895,KOPERASI DESA MERAH PUTIH CILANCANG KECAMATAN CIKIJING,JAWA BARAT,KAB. MAJALENGKA,Cikijing,-7.01436854,108.3763837,exact_duplicate_coordinate,2
65431,KOPERASI DESA MERAH PUTIH SYARIAH GAMPONG KRUENG SEUMIDEUN,ACEH,KAB. PIDIE,Peukan Baro,5.34480742,95.95118986,exact_duplicate_coordinate,2
65473,KOPERASI DESA MERAH PUTIH HUTA BARU NANGKA,SUMATERA UTARA,KAB. PADANG LAWAS UTARA,Halongonan Timur,1.5986779,99.8929014,exact_duplicate_coordinate,2
65632,KOPERASI DESA MERAH PUTIH CIKARET,BANTEN,KAB. LEBAK,Cigemblong,-6.75810505,106.1215091,exact_duplicate_coordinate,2
66099,KOPERASI DESA MERAH PUTIH PATALLASSANG,SULAWESI SELATAN,KAB. PANGKAJENE KEPULAUAN,Labakkang,-4.77339608,119.5634451,exact_duplicate_coordinate,2
66209,KOPERASI DESA MERAH PUTIH SYARIAH SIGAI INDAH KECAMATAN BABUL RAHMAH,ACEH,KAB. ACEH TENGGARA,Babul Rahmah,3.30834237,97.89726981,exact_duplicate_coordinate,2
66310,KOPERASI DESA MERAH PUTIH IBUL KECAMATAN PUCUK RANTAU KABUPATEN KUANTAN SINGINGI RIAU,RIAU,KAB. KUANTAN SINGINGI,Pucuk Rantau,-0.83733568,101.7905262,exact_duplicate_coordinate,2
66683,KOPERASI DESA MERAH PUTIH DESA KARIJAWA,NUSA TENGGARA BARAT,KAB. DOMPU,Dompu,-8.53701148,118.4531853,exact_duplicate_coordinate,2
66742,KOPERASI DESA MERAH PUTIH SYARIAH BUKIT TIGA,ACEH,KAB. ACEH TIMUR,Peunaron,4.63001998,97.65709501,exact_duplicate_coordinate,2
66838,KOPERASI DESA MERAH PUTIH SYARIAH GAMPONG GAJAH MENTAH,ACEH,KAB. ACEH TIMUR,Sungai Raya,4.65710415,97.83308514,exact_duplicate_coordinate,2
66895,KOPERASI DESA MERAH PUTIH DESA GAYAU,LAMPUNG,KAB. PESAWARAN,Padang Cermin,-5.64253955,105.1692523,exact_duplicate_coordinate,2
67032,KOPERASI DESA MERAH PUTIH LIMBONG WARA KECAMATAN MALANGKE BARAT,SULAWESI SELATAN,KAB. LUWU UTARA,Malangke Barat,-2.7942314,120.2613815,exact_duplicate_coordinate,2
67121,KOPERASI DESA MERAH PUTIH SYARIAH GAMPONG PULO BATE,ACEH,KAB. PIDIE,Glumpang Tiga,5.2530135,96.01804036,exact_duplicate_coordinate,2
67359,KOPERASI KELURAHAN MERAH PUTIH PAOMAN KECAMATAN INDRAMAYU,JAWA BARAT,KAB. INDRAMAYU,Indramayu,-6.32023329,108.3222833,exact_duplicate_coordinate,2
67386,KOPERASI DESA MERAH PUTIH LINUH,KALIMANTAN SELATAN,KAB. TAPIN,Bungur,-2.96432765,115.1642336,exact_duplicate_coordinate,2
67441,KOPERASI DESA MERAH PUTIH BUNGUR KECAMATAN BUNGUR,KALIMANTAN SELATAN,KAB. TAPIN,Bungur,-2.96432765,115.1642336,exact_duplicate_coordinate,2
67613,KOPERASI DESA MERAH PUTIH MINDI,JAWA BARAT,KAB. MAJALENGKA,Leuwimunding,-6.76161537,108.3411491,exact_duplicate_coordinate,2
67620,KOPERASI DESA MERAH PUTIH BOKANG WOLOMATANG,NUSA TENGGARA TIMUR,KAB. FLORES TIMUR,Titehena,-8.40827354,122.7898207,exact_duplicate_coordinate,2
67641,KOPERASI DESA MERAH PUTIH MINDI KECAMATAN LEUWIMUNDING,JAWA BARAT,KAB. MAJALENGKA,Leuwimunding,-6.76161537,108.3411491,exact_duplicate_coordinate,2
67698,KOPERASI DESA MERAH PUTIH SYARIAH PEUNARON BARU,ACEH,KAB. ACEH TIMUR,Peunaron,4.59611105,97.6939482,exact_duplicate_coordinate,2
67928,KOPERASI KELURAHAN MERAH PUTIH TALAGA I,SULAWESI TENGGARA,KAB. BUTON TENGAH,Talaga Raya,-5.43754745,122.0025788,exact_duplicate_coordinate,2
67986,KOPERASI DESA MERAH PUTIH SYARIAH GAMPONG JURONG KRUENG SEUMIDEUN,ACEH,KAB. PIDIE,Peukan Baro,5.34480742,95.95118986,exact_duplicate_coordinate,2
68032,KOPERASI KELURAHAN MERAH PUTIH PANIPAHAN KECAMATAN PASIR LIMAU KAPAS KABUPATEN ROKAN HILIR,RIAU,KAB. ROKAN HILIR,Pasir Limau Kapas,2.45860721,100.3367201,exact_duplicate_coordinate,2
68103,KOPERASI DESA MERAH PUTIH PANIPAHAN KECAMATAN PASIR LIMAU KAPAS,RIAU,KAB. ROKAN HILIR,Pasir Limau Kapas,2.45860721,100.3367201,exact_duplicate_coordinate,2
68104,KOPERASI DESA MERAH PUTIH TANJUNG PIDADA,RIAU,KAB. INDRAGIRI HILIR,Tempuling,-0.48688292,102.9885432,exact_duplicate_coordinate,2
68705,KOPERASI DESA MERAH PUTIH KUPA KUPA KECAMATAN TOBELO SELATAN,MALUKU UTARA,KAB. HALMAHERA UTARA,Tobelo Selatan,1.64220716,127.9466679,exact_duplicate_coordinate,2
68822,KOPERASI DESA MERAH PUTIH SINDANG KECAMATAN SINDANG,JAWA BARAT,KAB. MAJALENGKA,Sindang,-6.83583813,108.3242575,exact_duplicate_coordinate,2
68884,KOPERASI DESA MERAH PUTIH NEGERI HILA,MALUKU,KAB. MALUKU TENGAH,Leihitu,-3.65308887,127.9940516,exact_duplicate_coordinate,2
69107,KOPERASI KELURAHAN MERAH PUTIH NAGARI KOTO MALINTANG,SUMATERA BARAT,KAB. AGAM,Tanjung Raya,-0.28114425,100.156086,exact_duplicate_coordinate,2
69108,KOPERASI DESA MERAH PUTIH SAMPIR KECAMATAN WARINGINKURUNG,BANTEN,KAB. SERANG,Waringinkurung,-6.0674069,106.061996,exact_duplicate_coordinate,2
69176,KOPERASI DESA MERAH PUTIH CIKARATUAN,BANTEN,KAB. LEBAK,Cigemblong,-6.75810505,106.1215091,exact_duplicate_coordinate,2
69177,KOPERASI DESA MERAH PUTIH SABARU,SULAWESI SELATAN,KAB. PANGKAJENE KEPULAUAN,Liukang Kalmas,-5.09545577,117.0524225,exact_duplicate_coordinate,2
69194,KOPERASI KELURAHAN MERAH PUTIH NAGARI KOTO TINGGI KECAMATAN BASO,SUMATERA BARAT,KAB. AGAM,Baso,-0.29705383,100.4829571,exact_duplicate_coordinate,2
69312,KOPERASI DESA MERAH PUTIH TANJUNG MATOL,KALIMANTAN UTARA,KAB. NUNUKAN,Sembakung Atulai,3.76938587,116.7861238,exact_duplicate_coordinate,2
69395,KOPERASI DESA MERAH PUTIH HILIMBARUZO MANDREHE UTARA,SUMATERA UTARA,KAB. NIAS BARAT,Mandrehe Utara,1.12411703,97.52670708,exact_duplicate_coordinate,2
69415,KOPERASI DESA MERAH PUTIH SYARIAH GAMPONG KRUET LINTANG,ACEH,KAB. ACEH TIMUR,Peureulak Timur,4.75323298,97.88545406,exact_duplicate_coordinate,2
69475,KOPERASI DESA MERAH PUTIH NAGARI CEROCOK ANAU AMPANG PULAI PESISIR SELATAN,SUMATERA BARAT,KAB. PESISIR SELATAN,Koto XI Tarusan,-1.26765988,100.4283045,exact_duplicate_coordinate,2
69665,KOPERASI DESA MERAH PUTIH NAGARI ALAHAN MATI PASAMAN,SUMATERA BARAT,KAB. PASAMAN,Simpang Alahan Mati,-0.03190099,100.153006,exact_duplicate_coordinate,2
69840,KOPERASI KELURAHAN MERAH PUTIH SYARIAH GAMPONG DAYAH SUKON,ACEH,KAB. PIDIE,Peukan Baro,5.34725247,95.97153217,exact_duplicate_coordinate,2
69953,KOPERASI KELURAHAN MERAH PUTIH DELIMA LIMA ILIR,SUMATERA SELATAN,KOTA PALEMBANG,Ilir Timur Dua,-2.9657792,104.7772728,exact_duplicate_coordinate,2
70120,KOPERASI DESA MERAH PUTIH TABO TABO,SULAWESI SELATAN,KAB. PANGKAJENE KEPULAUAN,Bungoro,-4.7472518,119.6634113,exact_duplicate_coordinate,2
70231,KOPERASI DESA MERAH PUTIH SYARIAH PEUNARON LAMA,ACEH,KAB. ACEH TIMUR,Peunaron,4.69143657,97.5974512,exact_duplicate_coordinate,2
70233,KOPERASI DESA MERAH PUTIH SYARIAH GAMPONG RIBEUN BUSU,ACEH,KAB. PIDIE,Mutiara,5.2841969,95.9620415,exact_duplicate_coordinate,2
70437,KOPERASI DESA MERAH PUTIH BANYUMAS LAMA,BENGKULU,KAB. BENGKULU UTARA,Kerkap,-3.54643531,102.2546126,exact_duplicate_coordinate,2
70447,KOPERASI DESA MERAH PUTIH SYARIAH GAMPONG PULO BARO,ACEH,KAB. PIDIE,Tiro/Truseb,5.22484095,95.96588176,exact_duplicate_coordinate,2
70471,KOPERASI DESA MERAH PUTIH BANYUMAS BARU KERKAP,BENGKULU,KAB. BENGKULU UTARA,Kerkap,-3.54643531,102.2546126,exact_duplicate_coordinate,2
70484,KOPERASI DESA MERAH PUTIH LOLAK,SULAWESI UTARA,KAB. BOLAANG MONGONDOW,Lolak,0.85290825,124.0285044,exact_duplicate_coordinate,2
70542,KOPERASI DESA MERAH PUTIH LOLAK INDUK,SULAWESI UTARA,KAB. BOLAANG MONGONDOW,Lolak,0.85290825,124.0285044,exact_duplicate_coordinate,2
70734,KOPERASI DESA MERAH PUTIH SYARIAH GAMPONG PULO BATEE,ACEH,KAB. PIDIE,Glumpang Tiga,5.2530135,96.01804036,exact_duplicate_coordinate,2
70797,KOPERASI DESA MERAH PUTIH NAGARI PASAR TAPAN PESISIR SELATAN,SUMATERA BARAT,KAB. PESISIR SELATAN,Basa Ampek Balai Tapan,-2.17801072,101.0014832,exact_duplicate_coordinate,2
70805,KOPERASI DESA MERAH PUTIH SYARIAH GAMPONG SUKON KECAMATAN PEUKAN BARO,ACEH,KAB. PIDIE,Peukan Baro,5.34725247,95.97153217,exact_duplicate_coordinate,2
70828,KOPERASI DESA MERAH PUTIH TIGA SUSUT BANGLI,BALI,KAB. BANGLI,Susut,-8.44287702,115.3400782,exact_duplicate_coordinate,2
70865,KOPERASI DESA MERAH PUTIH NAGARI ALAHAN MATI HILIA PASAMAN,SUMATERA BARAT,KAB. PASAMAN,Simpang Alahan Mati,-0.03190099,100.153006,exact_duplicate_coordinate,2
70881,KOPERASI DESA MERAH PUTIH AFDELING DUA RANTAUPRAPAT,SUMATERA UTARA,KAB. LABUHANBATU,Bilah Barat,2.10833752,99.79667317,exact_duplicate_coordinate,2
70909,KOPERASI KELURAHAN MERAH PUTIH MOENGKO,SULAWESI TENGAH,KAB. POSO,Poso Kota,-1.3864782,120.7371832,exact_duplicate_coordinate,2
70966,KOPERASI DESA MERAH PUTIH SYARIAH GAMPONG GAJAH MENTAH KECAMATAN SUNGAI RAYA,ACEH,KAB. ACEH TIMUR,Sungai Raya,4.65710415,97.83308514,exact_duplicate_coordinate,2
70967,KOPERASI DESA MERAH PUTIH SYARIAH GAMPONG BLANG GUCI,ACEH,KAB. ACEH TIMUR,Idi Tunong,4.9196507,97.7128423,exact_duplicate_coordinate,2
71021,KOPERASI DESA MERAH PUTIH KOTO TINGGI KECAMATAN BASO,SUMATERA BARAT,KAB. AGAM,Baso,-0.29705383,100.4829571,exact_duplicate_coordinate,2
71424,KOPERASI DESA MERAH PUTIH NAGARI BARUNG BARUNG BALANTAI TENGAH PESISIR SELATAN,SUMATERA BARAT,KAB. PESISIR SELATAN,Koto XI Tarusan,-1.13305341,100.4768958,exact_duplicate_coordinate,2
71486,KOPERASI DESA MERAH PUTIH TABO TABO BUNGORO,SULAWESI SELATAN,KAB. PANGKAJENE KEPULAUAN,Bungoro,-4.7472518,119.6634113,exact_duplicate_coordinate,2
71566,KOPERASI DESA MERAH PUTIH MAJEMAU,PAPUA BARAT DAYA,KAB. SORONG,Segun,-1.3767716,131.3862985,exact_duplicate_coordinate,2
71638,KOPERASI DESA MERAH PUTIH SYARIAH GAMPONG KRUET LINTANG KECAMATAN PEUREULAK TIMUR,ACEH,KAB. ACEH TIMUR,Peureulak Timur,4.75323298,97.88545406,exact_duplicate_coordinate,2
71642,KOPERASI DESA MERAH PUTIH SYARIAH GAMPONG PANTE RAJA,ACEH,KAB. ACEH SELATAN,Pasie Raja,3.19396346,97.27842118,exact_duplicate_coordinate,2
71997,KOPERASI DESA MERAH PUTIH KETENONG I,BENGKULU,KAB. LEBONG,Pinang Belapis,-3.00744003,102.1714475,exact_duplicate_coordinate,2
72047,KOPERASI DESA MERAH PUTIH NAGARI KAMBANG PESISIR SELATAN,SUMATERA BARAT,KAB. PESISIR SELATAN,Lengayang,-1.53051086,100.8342808,exact_duplicate_coordinate,2
72061,KOPERASI DESA MERAH PUTIH NAGARI KAMBANG TIMUR PESISIR SELATAN,SUMATERA BARAT,KAB. PESISIR SELATAN,Lengayang,-1.53051086,100.8342808,exact_duplicate_coordinate,2
72444,KOPERASI DESA MERAH PUTIH SABARU KALMAS,SULAWESI SELATAN,KAB. PANGKAJENE KEPULAUAN,Liukang Kalmas,-5.09545577,117.0524225,exact_duplicate_coordinate,2
72448,KOPERASI DESA MERAH PUTIH SUNGAI BUAYA KAYAN HILIR,KALIMANTAN BARAT,KAB. SINTANG,Kayan Hilir,0.0911416,111.9933675,exact_duplicate_coordinate,2
72720,KOPERASI DESA MERAH PUTIH JUNTINYUAT KECAMATAN JUNTINYUAT,JAWA BARAT,KAB. INDRAMAYU,Juntinyuat,-6.432321,108.437166,exact_duplicate_coordinate,2
72824,KOPERASI DESA MERAH PUTIH CIGALONTANG,JAWA BARAT,KAB. TASIKMALAYA,Cigalontang,-7.30151514,107.9966313,exact_duplicate_coordinate,2
72922,KOPERASI KELURAHAN MERAH PUTIH KELURAHAN MAULAFA,NUSA TENGGARA TIMUR,KOTA KUPANG,Maulafa,-10.18769606,123.622913,exact_duplicate_coordinate,2
73001,KOPERASI KELURAHAN MERAH PUTIH RUMOONG BAWAH KECAMATAN AMURANG BARAT,SULAWESI UTARA,KAB. MINAHASA SELATAN,Amurang Barat,1.16057531,124.5437868,exact_duplicate_coordinate,2
73213,KOPERASI DESA MERAH PUTIH SYARIAH GAMPONG DAKA,ACEH,KAB. PIDIE,Grong-grong,5.3752332,95.90848352,exact_duplicate_coordinate,2
73353,KOPERASI DESA MERAH PUTIH TERUSAN KECAMATAN MARO SEBO ILIR,JAMBI,KAB. BATANG HARI,Maro Sebo Ilir,-1.64050551,103.2034952,exact_duplicate_coordinate,2
73461,KOPERASI DESA MERAH PUTIH BUKIDE KECAMATAN TABUKAN SELATAN,SULAWESI UTARA,KAB. KEPULAUAN SANGIHE,Tabukan Selatan,3.51113412,125.5829903,exact_duplicate_coordinate,2
73481,KOPERASI DESA MERAH PUTIH BUKIDE KECAMATAN NUSA TABUKAN,SULAWESI UTARA,KAB. KEPULAUAN SANGIHE,Tabukan Selatan,3.51113412,125.5829903,exact_duplicate_coordinate,2
73544,KOPERASI DESA MERAH PUTIH LAKAWOGHE KECAMATAN KUSAMBI,SULAWESI TENGGARA,KAB. MUNA BARAT,Kusambi,-4.72942845,122.516502,exact_duplicate_coordinate,2
73567,KOPERASI DESA MERAH PUTIH KELURAHAN BONE BONE,SULAWESI SELATAN,KAB. LUWU UTARA,Bone Bone,-2.59859474,120.5363443,exact_duplicate_coordinate,2
73649,KOPERASI KELURAHAN MERAH PUTIH POLARA KECAMATAN WAWONII TENGGARA,SULAWESI TENGGARA,KAB. KONAWE KEPULAUAN,Wawonii Tenggara,-4.14751262,123.19345,exact_duplicate_coordinate,2
73864,KOPERASI DESA MERAH PUTIH KARANG TINGGI,BENGKULU,KAB. BENGKULU TENGAH,Karang Tinggi,-3.74265363,102.4198446,exact_duplicate_coordinate,2
73985,KOPERASI KELURAHAN MERAH PUTIH NAPITUPULU BAGASAN,SUMATERA UTARA,KAB. TOBA,Balige,2.33434084,99.06486085,exact_duplicate_coordinate,2
74201,KOPERASI KELURAHAN MERAH PUTIH SORKAM KANAN,SUMATERA UTARA,KAB. TAPANULI TENGAH,Sorkam Barat,1.90802313,98.58313409,exact_duplicate_coordinate,2
74235,KOPERASI KELURAHAN MERAH PUTIH SENYERANG,JAMBI,KAB. TANJUNG JABUNG BARAT,Senyerang,-0.89102556,103.1285624,exact_duplicate_coordinate,2
74269,KOPERASI DESA MERAH PUTIH BAKERAMBA KECAMATAN KUSAMBI,SULAWESI TENGGARA,KAB. MUNA BARAT,Kusambi,-4.73316503,122.5373005,exact_duplicate_coordinate,2
74405,KOPERASI DESA MERAH PUTIH KAMPUNG TUAMAKIDA,PAPUA TENGAH,KAB. PANIAI,Paniai Timur,-3.81235925,136.3874172,exact_duplicate_coordinate,2
74564,KOPERASI DESA MERAH PUTIH SYARIAH GAMPONG KUALA SEUMANYAM,ACEH,KAB. NAGAN RAYA,Darul Makmur,4.01715203,96.67851437,exact_duplicate_coordinate,2
74574,KOPERASI DESA MERAH PUTIH GISIM KLAJARING,PAPUA BARAT DAYA,KAB. SORONG,Segun,-1.36492578,131.430339,exact_duplicate_coordinate,2
74584,KOPERASI DESA MERAH PUTIH S DUA AEK NABARA,SUMATERA UTARA,KAB. LABUHANBATU,Bilah Hulu,2.0011717,99.95021242,exact_duplicate_coordinate,2
74668,KOPERASI DESA MERAH PUTIH LEBAKBARANG LEBAKBARANG PEKALONGAN,JAWA TENGAH,KAB. PEKALONGAN,Lebakbarang,-7.12499137,109.6531154,exact_duplicate_coordinate,2
74701,KOPERASI DESA MERAH PUTIH PAMUTUH LEBAKBARANG PEKALONGAN,JAWA TENGAH,KAB. PEKALONGAN,Lebakbarang,-7.12499137,109.6531154,exact_duplicate_coordinate,2
74723,KOPERASI DESA MERAH PUTIH KAMPUNG BARU IBUL KECAMATAN PUCUK RANTAU KABUPATEN KUANTAN SINGINGI RIAU,RIAU,KAB. KUANTAN SINGINGI,Pucuk Rantau,-0.83733568,101.7905262,exact_duplicate_coordinate,2
74738,KOPERASI DESA MERAH PUTIH KOPERASI DESA MERAH PUTIH KARANG TINGGI,BENGKULU,KAB. BENGKULU TENGAH,Karang Tinggi,-3.74265363,102.4198446,exact_duplicate_coordinate,2
74794,KOPERASI DESA MERAH PUTIH SYARIAH GAMPONG RABO,ACEH,KAB. PIDIE,Tiro/Truseb,5.22484095,95.96588176,exact_duplicate_coordinate,2
75550,KOPERASI DESA MERAH PUTIH N DUA AEK NABARA,SUMATERA UTARA,KAB. LABUHANBATU,Bilah Hulu,2.0011717,99.95021242,exact_duplicate_coordinate,2
75555,KOPERASI DESA MERAH PUTIH S TIGA AEK NABARA,SUMATERA UTARA,KAB. LABUHANBATU,Bilah Hulu,2.03039113,99.9190534,exact_duplicate_coordinate,2
75629,KOPERASI DESA MERAH PUTIH NYANGKOM,KALIMANTAN BARAT,KAB. SINTANG,Kayan Hilir,-0.03943115,111.8980845,exact_duplicate_coordinate,2
75724,KOPERASI DESA MERAH PUTIH CINNONG TABI KECAMATAN MAJAULENG,SULAWESI SELATAN,KAB. WAJO,Majauleng,-4.06569263,120.1380643,exact_duplicate_coordinate,2
75739,KOPERASI DESA MERAH PUTIH AMOROME,SULAWESI TENGGARA,KAB. KONAWE UTARA,Asera,-3.46214522,122.0628927,exact_duplicate_coordinate,2
75746,KOPERASI DESA MERAH PUTIH KUPA KUPA KECAMATAN TOBELO SELATANN,MALUKU UTARA,KAB. HALMAHERA UTARA,Tobelo Selatan,1.64220716,127.9466679,exact_duplicate_coordinate,2
75758,KOPERASI DESA MERAH PUTIH NEGERI LIMA,MALUKU,KAB. MALUKU TENGAH,Leihitu,-3.65308887,127.9940516,exact_duplicate_coordinate,2
75860,KOPERASI DESA MERAH PUTIH HALERMAN,NUSA TENGGARA TIMUR,KAB. ALOR,Alor Barat Daya,-8.41375279,124.3800828,exact_duplicate_coordinate,2
75974,KOPERASI DESA MERAH PUTIH SYARIAH LAWE KONGKER KECAMATAN LAWE ALAS,ACEH,KAB. ACEH TENGGARA,Lawe Alas,3.41892069,97.81514779,exact_duplicate_coordinate,2
76356,KOPERASI DESA MERAH PUTIH SYARIAH DESA DAYAH BIE,ACEH,KAB. PIDIE,Indrajaya,5.30412442,95.94474527,exact_duplicate_coordinate,2
76735,KOPERASI DESA MERAH PUTIH SYARIAH GAMPONG BUNGO,ACEH,KAB. PIDIE,Delima,5.3500859,95.89024975,exact_duplicate_coordinate,2
76786,KOPERASI DESA MERAH PUTIH SYARIAH GAMPONG TUNONG KECAMATAN KEUMALA,ACEH,KAB. PIDIE,Keumala,5.20771558,95.84532766,exact_duplicate_coordinate,2
76880,KOPERASI KELURAHAN MERAH PUTIH TANJUNG PIDADA KECAMATAN TEMPULING,RIAU,KAB. INDRAGIRI HILIR,Tempuling,-0.48688292,102.9885432,exact_duplicate_coordinate,2
77044,KOPERASI DESA MERAH PUTIH NANGA LUNGU,KALIMANTAN BARAT,KAB. KAPUAS HULU,Silat Hulu,0.20097558,112.172029,exact_duplicate_coordinate,2
77074,KOPERASI DESA MERAH PUTIH SYARIAH GAMPONG DAYAH BIE,ACEH,KAB. PIDIE,Indrajaya,5.30412442,95.94474527,exact_duplicate_coordinate,2
77231,KOPERASI DESA MERAH PUTIH SYARIAH GAMPONG BALEE BUSU,ACEH,KAB. PIDIE,Mutiara,5.2841969,95.9620415,exact_duplicate_coordinate,2
77291,KOPERASI DESA MERAH PUTIH SYARIAH GAMPONG PEUNARON BARU,ACEH,KAB. ACEH TIMUR,Peunaron,4.59611105,97.6939482,exact_duplicate_coordinate,2
77861,KOPERASI DESA MERAH PUTIH SYARIAH GAMPONG ARON KUTA BARO,ACEH,KAB. PIDIE,Kembang Tanjong,5.32047094,96.0002896,exact_duplicate_coordinate,2
77990,KOPERASI DESA MERAH PUTIH KOTAKEO I,NUSA TENGGARA TIMUR,KAB. NAGEKEO,Nangaroro,-8.81469549,121.2855118,exact_duplicate_coordinate,2
78226,KOPERASI DESA MERAH PUTIH WATES KECAMATAN GETASAN,JAWA TENGAH,KAB. SEMARANG,Getasan,-7.3941925,110.4396964,exact_duplicate_coordinate,2
78474,KOPERASI DESA MERAH PUTIH TAPOBALI,NUSA TENGGARA TIMUR,KAB. FLORES TIMUR,Adonara Timur,-8.32711549,123.1851151,exact_duplicate_coordinate,2
78616,KOPERASI DESA MERAH PUTIH SYARIAH GAMPONG BUKIT TIGA,ACEH,KAB. ACEH TIMUR,Peunaron,4.63001998,97.65709501,exact_duplicate_coordinate,2
78661,KOPERASI DESA MERAH PUTIH NAGARI PANCUANG TABA PESISIR SELATAN,SUMATERA BARAT,KAB. PESISIR SELATAN,IV Nagari Bayang Utara,-1.15648329,100.6620488,exact_duplicate_coordinate,2
78672,KOPERASI DESA MERAH PUTIH NAGARI BAHAGIA PADANG GALUGUA PASAMAN,SUMATERA BARAT,KAB. PASAMAN,Padang Gelugur,0.40018542,100.0495516,exact_duplicate_coordinate,2
78721,KOPERASI DESA MERAH PUTIH FOIKHU GAGA,SUMATERA UTARA,KAB. NIAS SELATAN,Umbunasi,0.9137272,97.72148016,exact_duplicate_coordinate,2
78774,KOPERASI DESA MERAH PUTIH SALEO I,SULAWESI UTARA,KAB. BOLAANG MONGONDOW UTARA,Bolangitang Timur,0.85371698,123.4083147,exact_duplicate_coordinate,2
78854,KOPERASI DESA MERAH PUTIH MOPUYA SELATAN SATU,SULAWESI UTARA,KAB. BOLAANG MONGONDOW,Dumoga Utara,0.56231551,123.9872778,exact_duplicate_coordinate,2
78873,KOPERASI DESA MERAH PUTIH NAGARI LIMAU GADANG PANCUANG TABA PESISIR SELATAN,SUMATERA BARAT,KAB. PESISIR SELATAN,IV Nagari Bayang Utara,-1.15648329,100.6620488,exact_duplicate_coordinate,2
78924,KOPERASI DESA MERAH PUTIH SYARIAH GAMPONG KUTA BARO KECAMATAN KEMBANG TANJONG,ACEH,KAB. PIDIE,Kembang Tanjong,5.32047094,96.0002896,exact_duplicate_coordinate,2
78927,KOPERASI DESA MERAH PUTIH SORKAM KANAN KABUPATEN TAPANULI TENGAH,SUMATERA UTARA,KAB. TAPANULI TENGAH,Sorkam Barat,1.90802313,98.58313409,exact_duplicate_coordinate,2
78942,KOPERASI DESA MERAH PUTIH KEPAYANG KECAMATAN SENYERANG,JAMBI,KAB. TANJUNG JABUNG BARAT,Senyerang,-0.89102556,103.1285624,exact_duplicate_coordinate,2
79125,KOPERASI DESA MERAH PUTIH SYARIAH GAMPONG PANGGEPILOK,ACEH,KAB. PIDIE,Grong-grong,5.36130145,95.90157222,exact_duplicate_coordinate,2
79296,KOPERASI DESA MERAH PUTIH SYARIAH GAMPONG KARIENG,ACEH,KAB. PIDIE,Grong-grong,5.38213715,95.8999372,exact_duplicate_coordinate,2
79429,KOPERASI DESA MERAH PUTIH SYARIAH GAMPONG SENTOSA,ACEH,KAB. PIDIE,Grong-grong,5.37784789,95.91451134,exact_duplicate_coordinate,2
79500,KOPERASI DESA MERAH PUTIH MUNTUR,JAWA BARAT,KAB. INDRAMAYU,Losarang,-6.39100385,108.14825295,exact_duplicate_coordinate,2
79730,KOPERASI DESA MERAH PUTIH SYARIAH GAMPONG GRONG GRONG KECAMATAN GRONG GRONG,ACEH,KAB. PIDIE,Grong-grong,5.38273135,95.90798138,exact_duplicate_coordinate,2
79735,KOPERASI DESA MERAH PUTIH SYARIAH GAMPONG KEUMUNENG LHOK,ACEH,KAB. ACEH TIMUR,Idi Tunong,4.9196507,97.7128423,exact_duplicate_coordinate,2
79742,KOPERASI DESA MERAH PUTIH SYARIAH GAMPONG MESJID MEMEUANEUK,ACEH,KAB. PIDIE,Grong-grong,5.37394019,95.91260143,exact_duplicate_coordinate,2
79877,KOPERASI DESA MERAH PUTIH SYARIAH GAMPONG BAROH KECAMATAN GRONG GRONG,ACEH,KAB. PIDIE,Grong-grong,5.37542053,95.90381708,exact_duplicate_coordinate,2
80020,KOPERASI DESA MERAH PUTIH TANDUNG KECAMATAN MALANGKE,SULAWESI SELATAN,KAB. LUWU UTARA,Malangke,-2.71827404,120.3415391,exact_duplicate_coordinate,2
80029,KOPERASI DESA MERAH PUTIH SYARIAH GAMPONG GINTONG,ACEH,KAB. PIDIE,Grong-grong,5.3731992,95.89038439,exact_duplicate_coordinate,2
80039,KOPERASI DESA MERAH PUTIH BANGKO,SULAWESI TENGGARA,KAB. MUNA BARAT,Maginti,-4.92338155,122.3339959,exact_duplicate_coordinate,2
80129,KOPERASI DESA MERAH PUTIH PETTALANDUNG,SULAWESI SELATAN,KAB. LUWU UTARA,Malangke,-2.73528041,120.3897412,exact_duplicate_coordinate,2
80168,KOPERASI DESA MERAH PUTIH SYARIAH GAMPONG KP PISANG BUCUE,ACEH,KAB. PIDIE,Sakti,5.26234317,95.9242852,exact_duplicate_coordinate,2
80285,KOPERASI DESA MERAH PUTIH SYARIAH GAMPONG PAYA,ACEH,KAB. PIDIE,Grong-grong,5.37049074,95.89695277,exact_duplicate_coordinate,2
80315,KOPERASI DESA MERAH PUTIH MOPUYA SELATAN SATU KECAMATAN DUMOGA UTARA,SULAWESI UTARA,KAB. BOLAANG MONGONDOW,Dumoga Utara,0.56231551,123.9872778,exact_duplicate_coordinate,2
80342,KOPERASI DESA MERAH PUTIH SYARIAH GAMPONG PEUNARON LAMA,ACEH,KAB. ACEH TIMUR,Peunaron,4.69143657,97.5974512,exact_duplicate_coordinate,2
80492,KOPERASI DESA MERAH PUTIH NAGARI NANGGALO PESISIR SELATAN,SUMATERA BARAT,KAB. PESISIR SELATAN,Koto XI Tarusan,-1.24554862,100.473952,exact_duplicate_coordinate,2
80505,KOPERASI DESA MERAH PUTIH NAGARI AMPANG PULAI PESISIR SELATAN,SUMATERA BARAT,KAB. PESISIR SELATAN,Koto XI Tarusan,-1.26765988,100.4283045,exact_duplicate_coordinate,2
80513,KOPERASI DESA MERAH PUTIH TALANG GINTING JAYA,BENGKULU,KAB. BENGKULU UTARA,Air Besi,-3.53346241,102.153792,exact_duplicate_coordinate,2
80517,KOPERASI DESA MERAH PUTIH ANGKASA PRIMA DATAR MACANG,BENGKULU,KAB. BENGKULU UTARA,Air Besi,-3.53346241,102.153792,exact_duplicate_coordinate,2
80527,KOPERASI DESA MERAH PUTIH SYARIAH KAMPONG PENANGGALAN,ACEH,KOTA SUBULUSSALAM,Penanggalan,2.62733413,98.01862028,exact_duplicate_coordinate,2
80554,KOPERASI DESA MERAH PUTIH BANTIMURUNG KABUPATEN LUWU UTARA,SULAWESI SELATAN,KAB. LUWU UTARA,Bone Bone,-2.54236179,120.5299564,exact_duplicate_coordinate,2
80574,KOPERASI DESA MERAH PUTIH RANOKOLO SELATAN,NUSA TENGGARA TIMUR,KAB. ENDE,Maurole,-8.53965779,121.7194926,exact_duplicate_coordinate,2
80664,KOPERASI DESA MERAH PUTIH BU UTARA,NUSA TENGGARA TIMUR,KAB. SIKKA,Tana Wawo,-8.72350476,121.9381647,exact_duplicate_coordinate,2
80767,KOPERASI DESA MERAH PUTIH SYARIAH GAMPONG BAYU TEUBENG,ACEH,KAB. PIDIE,Pidie,5.35852785,95.95134926,exact_duplicate_coordinate,2
80821,KOPERASI DESA MERAH PUTIH SYARIAH GAMPONG GINTONG KECAMATAN GRONG GRONG,ACEH,KAB. PIDIE,Grong-grong,5.3731992,95.89038439,exact_duplicate_coordinate,2
80853,KOPERASI DESA MERAH PUTIH SYARIAH GAMPONG PAYA KECAMATAN GRONG GRONG,ACEH,KAB. PIDIE,Grong-grong,5.37049074,95.89695277,exact_duplicate_coordinate,2
81193,KOPERASI KELURAHAN MERAH PUTIH TERUSAN KECAMATAN MARO SEBO ILIR KABUPATEN BATANG HARI,JAMBI,KAB. BATANG HARI,Maro Sebo Ilir,-1.64050551,103.2034952,exact_duplicate_coordinate,2
81305,KOPERASI DESA MERAH PUTIH SYARIAH GAMPONG SEUNEUBOK KANDANG KECAMATAN BANDA ALAM,ACEH,KAB. ACEH TIMUR,Banda Alam,4.8898079,97.70895155,exact_duplicate_coordinate,2
81312,KOPERASI DESA MERAH PUTIH SYARIAH GAMPONG BAROH KECAMATAN GRONG GRONG KABUPATEN PIDIE,ACEH,KAB. PIDIE,Grong-grong,5.37542053,95.90381708,exact_duplicate_coordinate,2
81514,KOPERASI DESA MERAH PUTIH NAGARI SITOMBOL PADANG GALUGUA PASAMAN,SUMATERA BARAT,KAB. PASAMAN,Padang Gelugur,0.40018542,100.0495516,exact_duplicate_coordinate,2
81535,KOPERASI DESA MERAH PUTIH SYARIAH GAMPONG BAYU KECAMATAN PIDIE,ACEH,KAB. PIDIE,Pidie,5.35852785,95.95134926,exact_duplicate_coordinate,2
81596,KOPERASI DESA MERAH PUTIH SYARIAH GAMPONG MESJID MEMEUANEUK KECAMATAN GRONG GRONG,ACEH,KAB. PIDIE,Grong-grong,5.37394019,95.91260143,exact_duplicate_coordinate,2
81599,KOPERASI DESA MERAH PUTIH SYARIAH GAMPONG PANGGE PILOK KECAMATAN GRONG GRONG,ACEH,KAB. PIDIE,Grong-grong,5.36130145,95.90157222,exact_duplicate_coordinate,2
81630,KOPERASI DESA MERAH PUTIH SYARIAH GAMPONG KARIENG KECAMATAN GRONG GRONG,ACEH,KAB. PIDIE,Grong-grong,5.38213715,95.8999372,exact_duplicate_coordinate,2
81636,KOPERASI DESA MERAH PUTIH SYARIAH GAMPONG GRONG GRONG KECAMATAN GRONG GRONG KABUPATEN PIDIE,ACEH,KAB. PIDIE,Grong-grong,5.38273135,95.90798138,exact_duplicate_coordinate,2
81646,KOPERASI DESA MERAH PUTIH SYARIAH GAMPONG SENTOSA KECAMATAN GRONG GRONG,ACEH,KAB. PIDIE,Grong-grong,5.37784789,95.91451134,exact_duplicate_coordinate,2
81649,KOPERASI DESA MERAH PUTIH SYARIAH GAMPONG DAKA KECAMATAN GRONG GRONG,ACEH,KAB. PIDIE,Grong-grong,5.3752332,95.90848352,exact_duplicate_coordinate,2
81672,KOPERASI DESA MERAH PUTIH SYARIAH GAMPONG KEUDE KARIENG KECAMATAN MEURAH MULIA,ACEH,KAB. ACEH UTARA,Meurah Mulia,5.09462621,97.20627667,exact_duplicate_coordinate,2
81866,KOPERASI DESA MERAH PUTIH KOTAKEO,NUSA TENGGARA TIMUR,KAB. NAGEKEO,Nangaroro,-8.81469549,121.2855118,exact_duplicate_coordinate,2
81917,KOPERASI KELURAHAN MERAH PUTIH PASARWAJO,SULAWESI TENGGARA,KAB. BUTON,Pasarwajo,-5.48629379,122.8257884,exact_duplicate_coordinate,2
82298,KOPERASI DESA MERAH PUTIH SYARIAH GAMPONG SEUNEUBOK KANDANG,ACEH,KAB. ACEH TIMUR,Banda Alam,4.8898079,97.70895155,exact_duplicate_coordinate,2
82318,KOPERASI KELURAHAN MERAH PUTIH SIMPANG TIGA KAUR UTARA,BENGKULU,KAB. KAUR,Kaur Utara,-4.50628713,103.2132405,exact_duplicate_coordinate,2
82333,KOPERASI KELURAHAN MERAH PUTIH SARAGI PASARWAJO,SULAWESI TENGGARA,KAB. BUTON,Pasarwajo,-5.48629379,122.8257884,exact_duplicate_coordinate,2
82874,KOPERASI DESA MERAH PUTIH NYANGKOM KECAMATAN KAYAN HILIR,KALIMANTAN BARAT,KAB. SINTANG,Kayan Hilir,-0.03943115,111.8980845,exact_duplicate_coordinate,2
82875,KOPERASI DESA MERAH PUTIH SYARIAH ALUE NYAMOK,ACEH,KAB. ACEH TIMUR,Birem Bayeun,4.5241924,97.85941217,exact_duplicate_coordinate,2
82957,KOPERASI DESA MERAH PUTIH SYARIAH GAMPONG ALUE NYAMOK,ACEH,KAB. ACEH TIMUR,Birem Bayeun,4.5241924,97.85941217,exact_duplicate_coordinate,2
83126,KOPERASI DESA MERAH PUTIH UPAGA,PAPUA TENGAH,KAB. PUNCAK,Gome,-4.00348302,137.678945,exact_duplicate_coordinate,2
83187,KOPERASI DESA MERAH PUTIH SEGERAN KECAMATAN JUNTINYUAT,JAWA BARAT,KAB. INDRAMAYU,Juntinyuat,-6.432321,108.437166,exact_duplicate_coordinate,2
83240,KOPERASI DESA MERAH PUTIH AHA KAMPUNG BAKRABI DISTRIK MARE KABUPATEN MAYBRAT,PAPUA BARAT DAYA,KAB. MAYBRAT,Mare,-0.9673777,132.3063642,exact_duplicate_coordinate,2
83246,KOPERASI DESA MERAH PUTIH MOSMAR KAMPUNG ORAIN,PAPUA BARAT DAYA,KAB. MAYBRAT,Ayamaru Jaya,-1.19787354,132.1750702,exact_duplicate_coordinate,2
83293,KOPERASI DESA MERAH PUTIH SARSA,PAPUA,KAB. WAROPEN,Waropen Bawah,-2.23646226,136.3831513,exact_duplicate_coordinate,2
83328,KOPERASI DESA MERAH PUTIH KAMPUNG BERUMBUNG BARU,RIAU,KAB. SIAK,Dayun,1.1116804,102.867988,exact_duplicate_coordinate,2
83332,KOPERASI DESA MERAH PUTIH PEKANDANGAN KECAMATAN INDRAMAYU,JAWA BARAT,KAB. INDRAMAYU,Indramayu,-6.32023329,108.3222833,exact_duplicate_coordinate,2
83443,KOPERASI DESA MERAH PUTIH SYARIAH GAMPONG TUNONG KECAMATAN KEUMALA KABUPATEN PIDIE,ACEH,KAB. PIDIE,Keumala,5.20771558,95.84532766,exact_duplicate_coordinate,2
83737,KOPERASI DESA MERAH PUTIH SUNGAI MERAYA,KALIMANTAN BARAT,KAB. SINTANG,Kayan Hilir,-0.00204143,111.9558401,exact_duplicate_coordinate,2
83750,KOPERASI DESA MERAH PUTIH PEMATANG GAJAH,JAMBI,KAB. MUARO JAMBI,Jambi Luar Kota,-1.64203418,103.510488,exact_duplicate_coordinate,2
84226,KOPERASI KELURAHAN MERAH PUTIH BONE BONE KABUPATEN LUWU UTARA,SULAWESI SELATAN,KAB. LUWU UTARA,Bone Bone,-2.59859474,120.5363443,exact_duplicate_coordinate,2
84273,KOPERASI DESA MERAH PUTIH KOPERASI OYAIGO,PAPUA TENGAH,KAB. PANIAI,Paniai Timur,-3.80277702,136.390658,exact_duplicate_coordinate,2
84351,KOPERASI KELURAHAN MERAH PUTIH YENBEPON,PAPUA,KAB. BIAK NUMFOR,Orkeri,-1.10476028,134.86622702,exact_duplicate_coordinate,2
84409,KOPERASI DESA MERAH PUTIH NAGARI TOBOH GADANG PADANG PARIAMAN,SUMATERA BARAT,KAB. PADANG PARIAMAN,Sintuak Toboh Gadang,-0.65974307,100.2352986,exact_duplicate_coordinate,2
84426,KOPERASI DESA MERAH PUTIH PALUGA,PAPUA TENGAH,KAB. PUNCAK,Gome,-4.00348302,137.678945,exact_duplicate_coordinate,2
84652,KOPERASI DESA MERAH PUTIH SUNGAI MERAYA KECAMATAN KAYAN HILIR,KALIMANTAN BARAT,KAB. SINTANG,Kayan Hilir,-0.00204143,111.9558401,exact_duplicate_coordinate,2
84868,KOPERASI KELURAHAN MERAH PUTIH MALIARO I,MALUKU UTARA,KOTA TERNATE,Kota Ternate Tengah,0.78494463,127.3705637,exact_duplicate_coordinate,2
85282,KOPERASI DESA MERAH PUTIH NAGARI KOTO MALINTANG KECAMATAN TANJUNG RAYA,SUMATERA BARAT,KAB. AGAM,Tanjung Raya,-0.28114425,100.156086,exact_duplicate_coordinate,2
85427,KOPERASI DESA MERAH PUTIH SYARIAH GAMPONG ARUL PINANG,ACEH,KAB. ACEH TIMUR,Peunaron,4.6650416,97.52721085,exact_duplicate_coordinate,2
85432,KOPERASI DESA MERAH PUTIH NANGA LUNGU,KALIMANTAN BARAT,KAB. KAPUAS HULU,Silat Hulu,0.20097558,112.172029,exact_duplicate_coordinate,2
85454,KOPERASI DESA MERAH PUTIH FANGGES KAMPUNG SAWO DISTRIK MARE KABUPATEN MAYBRAT,PAPUA BARAT DAYA,KAB. MAYBRAT,Mare,-0.99541457,132.3762098,exact_duplicate_coordinate,2
85476,KOPERASI DESA MERAH PUTIH EMY KAMPUNG MAHOS DISTRIK MARE KABUPATEN MAYBRAT,PAPUA BARAT DAYA,KAB. MAYBRAT,Mare,-0.96647491,132.2466072,exact_duplicate_coordinate,2
85488,KOPERASI DESA MERAH PUTIH KAMPUNG EPEM,PAPUA SELATAN,KAB. MAPPI,Citak-Mitak,-0.9178975,135.7791826,exact_duplicate_coordinate,2
85644,KOPERASI DESA MERAH PUTIH HILIMBOWO KECAMATAN ARAMO,SUMATERA UTARA,KAB. NIAS SELATAN,Amandraya,0.72101062,97.69231399,exact_duplicate_coordinate,2
85707,KOPERASI DESA MERAH PUTIH SYARIAH GAMPONG KUMBANG KUPULA,ACEH,KAB. PIDIE,Glumpang Tiga,5.23074236,96.00688368,exact_duplicate_coordinate,2
85814,KOPERASI DESA MERAH PUTIH SALEO,SULAWESI UTARA,KAB. BOLAANG MONGONDOW UTARA,Bolangitang Timur,0.85371698,123.4083147,exact_duplicate_coordinate,2
85877,KOPERASI KELURAHAN MERAH PUTIH MARIKURUBU TORANO,MALUKU UTARA,KOTA TERNATE,Kota Ternate Tengah,0.79475276,127.3560784,exact_duplicate_coordinate,2
85878,KOPERASI KELURAHAN MERAH PUTIH MALIARO MARIARU,MALUKU UTARA,KOTA TERNATE,Kota Ternate Tengah,0.78494463,127.3705637,exact_duplicate_coordinate,2
85937,KOPERASI DESA MERAH PUTIH BAGAISERWAR DUA,PAPUA,KAB. SARMI,Sarmi Timur,-6.82461215,139.91123204,exact_duplicate_coordinate,2
86024,KOPERASI KELURAHAN MERAH PUTIH MARIKURUBU,MALUKU UTARA,KOTA TERNATE,Kota Ternate Tengah,0.79475276,127.3560784,exact_duplicate_coordinate,2
86200,KOPERASI DESA MERAH PUTIH HILIMBOWO KECAMATAN AMANDRAYA,SUMATERA UTARA,KAB. NIAS SELATAN,Amandraya,0.72101062,97.69231399,exact_duplicate_coordinate,2
86226,KOPERASI DESA MERAH PUTIH KAMORO,PAPUA TENGAH,KAB. MIMIKA,Mimika Tengah,-4.67603492,136.6917242,exact_duplicate_coordinate,2
86245,KOPERASI DESA MERAH PUTIH AIWOU,PAPUA BARAT,KAB. MANOKWARI,Mokwam,-1.04028543,133.8486613,exact_duplicate_coordinate,2
86323,KOPERASI DESA MERAH PUTIH GISIM,PAPUA BARAT DAYA,KAB. SORONG,Segun,-1.35383729,131.4776476,exact_duplicate_coordinate,2
86392,KOPERASI DESA MERAH PUTIH TOBAYAGAN SELATAN,SULAWESI UTARA,KAB. BOLAANG MONGONDOW SELATAN,Pinolosian Tengah,0.43162547,124.3125609,exact_duplicate_coordinate,2
86427,KOPERASI DESA MERAH PUTIH ADOH,PAPUA BARAT DAYA,KAB. MAYBRAT,Ayamaru Jaya,-1.24176098,132.1868326,exact_duplicate_coordinate,2
86486,KOPERASI DESA MERAH PUTIH KLAJARING,PAPUA BARAT DAYA,KAB. SORONG,Segun,-1.36492578,131.430339,exact_duplicate_coordinate,2
86512,KOPERASI DESA MERAH PUTIH WAIDIM,PAPUA BARAT DAYA,KAB. RAJA AMPAT,Salawati Utara,-0.98948597,130.9625896,exact_duplicate_coordinate,2
86524,KOPERASI DESA MERAH PUTIH WAIMECI,PAPUA BARAT DAYA,KAB. RAJA AMPAT,Salawati Tengah,-0.98948597,130.9625896,exact_duplicate_coordinate,2
86531,KOPERASI DESA MERAH PUTIH LABA BESAR KECAMATAN LOLODA,MALUKU UTARA,KAB. HALMAHERA BARAT,Loloda,1.68735187,127.6575792,exact_duplicate_coordinate,2
86620,KOPERASI DESA MERAH PUTIH NUAMURI,NUSA TENGGARA TIMUR,KAB. ENDE,Kelimutu,-8.72208328,121.8459167,exact_duplicate_coordinate,2
86662,KOPERASI DESA MERAH PUTIH RANOKOLO,NUSA TENGGARA TIMUR,KAB. ENDE,Maurole,-8.53965779,121.7194926,exact_duplicate_coordinate,2
86687,KOPERASI DESA MERAH PUTIH NUAMURI KECAMATAN KELIMUTU,NUSA TENGGARA TIMUR,KAB. ENDE,Kelimutu,-8.72208328,121.8459167,exact_duplicate_coordinate,2
86694,KOPERASI DESA MERAH PUTIH LABA BESAR,MALUKU UTARA,KAB. HALMAHERA BARAT,Loloda,1.68735187,127.6575792,exact_duplicate_coordinate,2
86963,KOPERASI DESA MERAH PUTIH CALINGCING,JAWA BARAT,KAB. SUKABUMI,Tegalbuleud,-7.38745485,106.7732395,exact_duplicate_coordinate,2
86981,KOPERASI DESA MERAH PUTIH KAMPUNG SUSUMUK,PAPUA BARAT DAYA,KAB. MAYBRAT,Aifat,-1.30149174,132.4681412,exact_duplicate_coordinate,2
87030,KOPERASI DESA MERAH PUTIH WARGEP,PAPUA BARAT,KAB. FAK FAK,Kramongmongga,-2.76406037,132.35323876,exact_duplicate_coordinate,2
87078,KOPERASI DESA MERAH PUTIH HUTA BANGUN,SUMATERA UTARA,KAB. MANDAILING NATAL,Bukit Malintang,0.97767343,99.56270028,exact_duplicate_coordinate,2
87192,KOPERASI DESA MERAH PUTIH SYARIAH GAMPONG KAMPONG JEUMPA KECAMATAN GLUMPANG TIGA,ACEH,KAB. PIDIE,Glumpang Tiga,5.24793925,96.01965583,exact_duplicate_coordinate,2
87603,KOPERASI DESA MERAH PUTIH MALEO MANDIRI JAYA,PAPUA BARAT DAYA,KAB. MAYBRAT,Ayamaru Jaya,-1.12537252,132.14167646,exact_duplicate_coordinate,2
87834,KOPERASI DESA MERAH PUTIH PELAPIS KECAMATAN KEPULAUN KARIMATA,KALIMANTAN BARAT,KAB. KAYONG UTARA,Kepulauan Karimata,-1.2152924,109.2449573,exact_duplicate_coordinate,2
87899,KOPERASI DESA MERAH PUTIH HABOH JAYA,PAPUA BARAT DAYA,KAB. MAYBRAT,Ayamaru Jaya,-1.24176098,132.1868326,exact_duplicate_coordinate,2
87923,KOPERASI KELURAHAN MERAH PUTIH KONTIUNAI,PAPUA,KAB. KEPULAUAN YAPEN,Yawakukat,-1.80024162,136.30349948,exact_duplicate_coordinate,2
88118,KOPERASI DESA MERAH PUTIH KAMPUNG IBE,PAPUA BARAT DAYA,KAB. TAMBRAUW,Fef,-0.83829953,132.42798642,exact_duplicate_coordinate,2
88155,KOPERASI DESA MERAH PUTIH KAMPUNG BEB,PAPUA BARAT DAYA,KAB. TAMBRAUW,Fef,-0.83829953,132.42798642,exact_duplicate_coordinate,2
88238,KOPERASI DESA MERAH PUTIH KAGILAWA,PAPUA BARAT DAYA,KAB. SORONG,Sorong,-0.9103808,131.4184442,exact_duplicate_coordinate,2
88241,KOPERASI DESA MERAH PUTIH KAGIWALA,PAPUA BARAT DAYA,KAB. SORONG,Sorong,-0.9103808,131.4184442,exact_duplicate_coordinate,2
88266,KOPERASI DESA MERAH PUTIH WARJIUW KAMPUNG WARBO DISTRIK AYAMARU JAYA,PAPUA BARAT DAYA,KAB. MAYBRAT,Ayamaru Jaya,-1.19656094,132.13375816,exact_duplicate_coordinate,2
88388,KOPERASI DESA MERAH PUTIH KAMPUNG WAGHIEN KOBA,PAPUA SELATAN,KAB. MAPPI,Mambioman Bapai,-6.558531,139.2977986,exact_duplicate_coordinate,2
88494,KOPERASI DESA MERAH PUTIH MUNTUR KECAMATAN LOSARANG,JAWA BARAT,KAB. INDRAMAYU,Losarang,-6.39100385,108.14825295,exact_duplicate_coordinate,2
88510,KOPERASI DESA MERAH PUTIH FOIKHUGAGA,SUMATERA UTARA,KAB. NIAS SELATAN,Umbunasi,0.9137272,97.72148016,exact_duplicate_coordinate,2
88528,KOPERASI DESA MERAH PUTIH KAMPUNG ANJAREUW,PAPUA,KAB. BIAK NUMFOR,Samofa,-1.13928608,136.11537596,exact_duplicate_coordinate,2
88555,KOPERASI DESA MERAH PUTIH SYARIAH GAMPONG BUNGO KECAMATAN DELIMA KABUPATEN PIDIE,ACEH,KAB. PIDIE,Delima,5.3500859,95.89024975,exact_duplicate_coordinate,2
88615,KOPERASI DESA MERAH PUTIH SARAFAMBAI KECAMATAN WAROPEN BAWAH,PAPUA,KAB. WAROPEN,Waropen Bawah,-2.23646226,136.3831513,exact_duplicate_coordinate,2
88785,KOPERASI DESA MERAH PUTIH WARBO,PAPUA BARAT DAYA,KAB. MAYBRAT,Ayamaru Jaya,-1.19656094,132.13375816,exact_duplicate_coordinate,2
88828,KOPERASI DESA MERAH PUTIH KAMPUNG OYAIGO,PAPUA TENGAH,KAB. PANIAI,Paniai Timur,-3.80277702,136.390658,exact_duplicate_coordinate,2
88964,KOPERASI DESA MERAH PUTIH KAMPUNG GATINI,PAPUA PEGUNUNGAN,KAB. TOLIKARA,Umagi,-3.51201831,138.34906457,exact_duplicate_coordinate,2
89005,KOPERASI DESA MERAH PUTIH ABURAGE,PAPUA PEGUNUNGAN,KAB. TOLIKARA,Li Anogomma,-3.65478859,138.4877368,exact_duplicate_coordinate,2
89036,KOPERASI DESA MERAH PUTIH WIYALUK,PAPUA PEGUNUNGAN,KAB. TOLIKARA,Li Anogomma,-3.65042485,138.47972258,exact_duplicate_coordinate,2
89071,KOPERASI DESA MERAH PUTIH KLAYILI KECAMATAN KLAYILI,PAPUA BARAT DAYA,KAB. SORONG,Klayili,-0.91201357,131.62384098,exact_duplicate_coordinate,2
89072,KOPERASI DESA MERAH PUTIH HWESALEMO,PAPUA PEGUNUNGAN,KAB. YAHUKIMO,Silimo,-4.44292925,138.98356508,exact_duplicate_coordinate,2
89139,KOPERASI DESA MERAH PUTIH WOMAN THINO,PAPUA BARAT DAYA,KAB. MAYBRAT,Ayamaru Jaya,-1.20521191,132.20123241,exact_duplicate_coordinate,2
89237,KOPERASI KELURAHAN MERAH PUTIH PASAR BARU RANTAU PANJANG,JAMBI,KAB. MERANGIN,Tabir,-1.84280092,102.29719534,exact_duplicate_coordinate,2
89296,KOPERASI DESA MERAH PUTIH HASNAR PERMATA,PAPUA BARAT DAYA,KAB. MAYBRAT,Ayamaru Jaya,-1.21978548,132.2164603,exact_duplicate_coordinate,2
89485,KOPERASI DESA MERAH PUTIH PIRALEME DISTRIK KAI,PAPUA PEGUNUNGAN,KAB. TOLIKARA,Kai,-3.69791446,138.57711155,exact_duplicate_coordinate,2
89503,KOPERASI DESA MERAH PUTIH RAWAS,PAPUA BARAT DAYA,KAB. MAYBRAT,Ayamaru Jaya,-1.21978548,132.2164603,exact_duplicate_coordinate,2
89518,KOPERASI DESA MERAH PUTIH LULIS,PAPUA PEGUNUNGAN,KAB. PEGUNUNGAN BINTANG,Aboy,-4.25015325,140.60477366,exact_duplicate_coordinate,2
89593,KOPERASI DESA MERAH PUTIH KAMPUNG WAGE DISTRIK PANIAI TIMUR,PAPUA TENGAH,KAB. PANIAI,Paniai Timur,-3.97082827,136.57310475,exact_duplicate_coordinate,2
89659,KOPERASI KELURAHAN MERAH PUTIH PASAR RANTAU PANJANG,JAMBI,KAB. MERANGIN,Tabir,-1.84280092,102.29719534,exact_duplicate_coordinate,2
89868,KOPERASI DESA MERAH PUTIH MALINGDAM,PAPUA PEGUNUNGAN,KAB. PEGUNUNGAN BINTANG,Eipumek,-4.44573893,139.99535485,exact_duplicate_coordinate,2
89881,KOPERASI DESA MERAH PUTIH KABORI,PAPUA PEGUNUNGAN,KAB. TOLIKARA,Kembu,-3.5950651,138.39251552,exact_duplicate_coordinate,2
89913,KOPERASI DESA MERAH PUTIH KAMPUNG OGER DISTRIK GUNDAGI,PAPUA PEGUNUNGAN,KAB. TOLIKARA,Gundagi,-3.40080343,138.33213262,exact_duplicate_coordinate,2
89928,KOPERASI DESA MERAH PUTIH KAMPUNG MALINGDAM,PAPUA PEGUNUNGAN,KAB. PEGUNUNGAN BINTANG,Eipumek,-4.44573893,139.99535485,exact_duplicate_coordinate,2
89958,KOPERASI DESA MERAH PUTIH BAWI DISTRIK KAI,PAPUA PEGUNUNGAN,KAB. TOLIKARA,Kai,-3.65947578,138.5538326,exact_duplicate_coordinate,2
90131,KOPERASI DESA MERAH PUTIH WOMAN,PAPUA BARAT DAYA,KAB. MAYBRAT,Ayamaru Jaya,-1.20521191,132.20123241,exact_duplicate_coordinate,2
90144,KOPERASI DESA MERAH PUTIH WARGEB,PAPUA BARAT,KAB. FAK FAK,Kramongmongga,-2.76406037,132.35323876,exact_duplicate_coordinate,2
90429,KOPERASI DESA MERAH PUTIH KAMPUNG WAGE,PAPUA TENGAH,KAB. PANIAI,Paniai Timur,-3.97082827,136.57310475,exact_duplicate_coordinate,2
90437,KOPERASI DESA MERAH PUTIH MUARA WARIORI,PAPUA BARAT,KAB. MANOKWARI,Masni,-0.7737901,133.69636663,exact_duplicate_coordinate,2
90474,KOPERASI DESA MERAH PUTIH KOTORAMBUR,PAPUA PEGUNUNGAN,KAB. TOLIKARA,Kai,-3.66063418,138.53428923,exact_duplicate_coordinate,2
90613,KOPERASI DESA MERAH PUTIH KAMPUNG TUWAMAKIDA,PAPUA TENGAH,KAB. PANIAI,Kebo,-3.81235925,136.3874172,exact_duplicate_coordinate,2
90655,KOPERASI KELURAHAN MERAH PUTIH KLAYILI,PAPUA BARAT DAYA,KAB. SORONG,Klayili,-0.91201357,131.62384098,exact_duplicate_coordinate,2
90667,KOPERASI DESA MERAH PUTIH TEMEL,PAPUA BARAT DAYA,KAB. MAYBRAT,Ayamaru Jaya,-1.12537252,132.14167646,exact_duplicate_coordinate,2
90721,KOPERASI DESA MERAH PUTIH WARIORI,PAPUA BARAT,KAB. MANOKWARI,Masni,-0.7737901,133.69636663,exact_duplicate_coordinate,2
90781,KOPERASI DESA MERAH PUTIH SEGHA,PAPUA,KAB. WAROPEN,Soyoi Mambai,-2.37881147,136.5987033,exact_duplicate_coordinate,2
90917,KOPERASI DESA MERAH PUTIH KONTIUNAI YAWAKUKAT,PAPUA,KAB. KEPULAUAN YAPEN,Yawakukat,-1.80024162,136.30349948,exact_duplicate_coordinate,2
90922,KOPERASI DESA MERAH PUTIH YENBEPON DISTRIK ORKERI,PAPUA,KAB. BIAK NUMFOR,Orkeri,-1.10476028,134.86622702,exact_duplicate_coordinate,2
90938,KOPERASI DESA MERAH PUTIH WESWASA,PAPUA BARAT,KAB. KAIMANA,Teluk Arguni Atas,-2.84645838,133.84573921,exact_duplicate_coordinate,2
91009,KOPERASI DESA MERAH PUTIH KAMPUNG WESWASA,PAPUA BARAT,KAB. KAIMANA,Teluk Arguni Atas,-2.84645838,133.84573921,exact_duplicate_coordinate,2
91108,KOPERASI DESA MERAH PUTIH HWESALEMO KECAMATAN SILIMO,PAPUA PEGUNUNGAN,KAB. YAHUKIMO,Silimo,-4.44292925,138.98356508,exact_duplicate_coordinate,2
91142,KOPERASI DESA MERAH PUTIH LULIS WII,PAPUA PEGUNUNGAN,KAB. PEGUNUNGAN BINTANG,Aboy,-4.25015325,140.60477366,exact_duplicate_coordinate,2
91263,KOPERASI DESA MERAH PUTIH KAMPUNG ISENEBUAI,PAPUA BARAT,KAB. TELUK WONDAMA,Rumberpon,-1.78341665,134.18203074,exact_duplicate_coordinate,2
91264,KOPERASI DESA MERAH PUTIH KAMPUNG ISEREN,PAPUA BARAT,KAB. TELUK WONDAMA,Rumberpon,-1.78341665,134.18203074,exact_duplicate_coordinate,2
91280,KOPERASI DESA MERAH PUTIH KAMPUNG PIRALEME DISTRIK KAI,PAPUA PEGUNUNGAN,KAB. TOLIKARA,Kai,-3.69791446,138.57711155,exact_duplicate_coordinate,2
91338,KOPERASI DESA MERAH PUTIH KAMPUNG KUSMENAU,PAPUA BARAT,KAB. PEGUNUNGAN ARFAK,Didohu,-1.38344098,133.71498275,exact_duplicate_coordinate,2
91417,KOPERASI DESA MERAH PUTIH ASOLOGAIMA,PAPUA PEGUNUNGAN,KAB. JAYAWIJAYA,Muliama,-4.01112553,138.7802361,exact_duplicate_coordinate,2
91418,KOPERASI DESA MERAH PUTIH MILIAMA,PAPUA PEGUNUNGAN,KAB. JAYAWIJAYA,Muliama,-4.01112553,138.7802361,exact_duplicate_coordinate,2
91476,KOPERASI DESA MERAH PUTIH YEPTEK,PAPUA PEGUNUNGAN,KAB. YALIMO,Apalapsili,-3.88454834,139.30523809,exact_duplicate_coordinate,2
91477,KOPERASI DESA MERAH PUTIH YEPTEK,PAPUA PEGUNUNGAN,KAB. YALIMO,Apalapsili,-3.88454834,139.30523809,exact_duplicate_coordinate,2
91584,KOPERASI DESA MERAH PUTIH KAMPUNG BAWI DISTRIK KAI,PAPUA PEGUNUNGAN,KAB. TOLIKARA,Kai,-3.65947578,138.5538326,exact_duplicate_coordinate,2
91719,KOPERASI DESA MERAH PUTIH NINGDIP,PAPUA BARAT,KAB. MANOKWARI,Tanah Rubuh,-1.18871752,134.0695302,exact_duplicate_coordinate,2
91760,KOPERASI DESA MERAH PUTIH KELURAHAN KARIJAWA,NUSA TENGGARA BARAT,KAB. DOMPU,Dompu,-8.53701148,118.4531853,exact_duplicate_coordinate,2
91900,KOPERASI DESA MERAH PUTIH SYARIAH GAMPONG KUMBANG KEUPULA,ACEH,KAB. PIDIE,Glumpang Tiga,5.23074236,96.00688368,exact_duplicate_coordinate,2
91913,KOPERASI DESA MERAH PUTIH KADI PADA KECAMATAN KOTA TAMBOLAKA,NUSA TENGGARA TIMUR,KAB. SUMBA BARAT DAYA,Kota Tambolaka,-9.39970332,119.1985123,exact_duplicate_coordinate,2
91922,KOPERASI DESA MERAH PUTIH CIRAHAYU KECAMATAN LURAGUNG,JAWA BARAT,KAB. KUNINGAN,Luragung,-7.01028408,108.6163587,exact_duplicate_coordinate,2
91976,KOPERASI DESA MERAH PUTIH KAMPUNG LANGGIME,PAPUA PEGUNUNGAN,KAB. LANNY JAYA,Nikogwe,-3.84609231,138.5634633,exact_duplicate_coordinate,2
92019,KOPERASI DESA MERAH PUTIH BUMI AYU KECAMATAN TANAH ABANG,SUMATERA SELATAN,KAB. PENUKAL ABAB LEMATANG ILIR,Tanah Abang,-3.3496533,104.0862369,exact_duplicate_coordinate,2
92026,KOPERASI DESA MERAH PUTIH KAMPUNG NASEM,PAPUA SELATAN,KAB. MERAUKE,Merauke,-1.62326241,135.5585375,exact_duplicate_coordinate,2
92036,KOPERASI DESA MERAH PUTIH WAYATI,PAPUA BARAT,KAB. FAK FAK,Fakfak Timur Tengah,-0.89073538,136.0160636,exact_duplicate_coordinate,2
92059,KOPERASI KELURAHAN MERAH PUTIH CISAUK KECAMATAN CISAUK,BANTEN,KAB. TANGERANG,Cisauk,-6.33257009,106.6254715,exact_duplicate_coordinate,2
92060,KOPERASI DESA MERAH PUTIH KAMPUNG GERISAR,PAPUA SELATAN,KAB. MERAUKE,Elikobal,-1.86049303,136.2338601,exact_duplicate_coordinate,2
92061,KOPERASI DESA MERAH PUTIH KAMPUNG BUPUL INDAH,PAPUA SELATAN,KAB. MERAUKE,Elikobal,-1.86862023,136.2308303,exact_duplicate_coordinate,2
92064,KOPERASI DESA MERAH PUTIH KAMPUNG WOYOUTO,PAPUA TENGAH,KAB. PANIAI,Yagai,-2.37881147,136.5987033,exact_duplicate_coordinate,2
92072,KOPERASI DESA MERAH PUTIH ANASI,PAPUA,KAB. MAMBERAMO RAYA,Sawai,-4.67603492,136.6917242,exact_duplicate_coordinate,2
92101,KOPERASI DESA MERAH PUTIH MANSABURI,PAPUA BARAT,KAB. MANOKWARI,Masni,-1.87456752,136.2584854,exact_duplicate_coordinate,2
92102,KOPERASI DESA MERAH PUTIH ASKA DISTRIK MASNI UTARA,PAPUA BARAT,KAB. MANOKWARI,Masni Utara,-1.15608669,136.2197364,exact_duplicate_coordinate,2
92103,KOPERASI DESA MERAH PUTIH RIRINFOS,PAPUA BARAT,KAB. MANOKWARI,Wasirawi,-1.15100147,136.2514987,exact_duplicate_coordinate,2
92114,KOPERASI DESA MERAH PUTIH GOAK,PAPUA PEGUNUNGAN,KAB. YAHUKIMO,Duram,-1.19787354,132.1750702,exact_duplicate_coordinate,2
92119,KOPERASI DESA MERAH PUTIH SILAK PAHABOL,PAPUA PEGUNUNGAN,KAB. YAHUKIMO,Sobaham,-0.96647491,132.2466072,exact_duplicate_coordinate,2
92129,KOPERASI DESA MERAH PUTIH SELE KECAMATAN SOBAHAM,PAPUA PEGUNUNGAN,KAB. YAHUKIMO,Sobaham,-0.99541457,132.3762098,exact_duplicate_coordinate,2
92130,KOPERASI DESA MERAH PUTIH SIMBUK,PAPUA PEGUNUNGAN,KAB. YAHUKIMO,Sobaham,-0.9673777,132.3063642,exact_duplicate_coordinate,2
92169,KOPERASI KELURAHAN MERAH PUTIH KOKAS KOTA,PAPUA BARAT,KAB. FAK FAK,Kokas,-1.0025121,135.8101769,exact_duplicate_coordinate,2
92180,KOPERASI DESA MERAH PUTIH KAMPUNG ABAU,PAPUA SELATAN,KAB. MAPPI,Citak-Mitak,-0.9065,135.778065,exact_duplicate_coordinate,2
92182,KOPERASI DESA MERAH PUTIH KAMPUNG KAWAGIT,PAPUA SELATAN,KAB. BOVEN DIGOEL,Kawagit,-2.7632032,132.3734576,exact_duplicate_coordinate,2
92210,KOPERASI DESA MERAH PUTIH MANSINAM,PAPUA BARAT,KAB. MANOKWARI,Manokwari Timur,-8.38707157,138.83914399,exact_duplicate_coordinate,2
92227,KOPERASI DESA MERAH PUTIH KAMPUNG INSIRI,PAPUA,KAB. BIAK NUMFOR,Biak Barat,-1.0025121,135.8101769,exact_duplicate_coordinate,2
92412,KOPERASI DESA MERAH PUTIH KAMPUNG DEDIFU,PAPUA,KAB. BIAK NUMFOR,Biak Barat,-6.25577328,139.97961671,exact_duplicate_coordinate,2
92464,KOPERASI DESA MERAH PUTIH SIPATNANAM,PAPUA BARAT,KAB. FAK FAK,Wartutin,-6.558531,139.2977986,exact_duplicate_coordinate,2
92526,KOPERASI DESA MERAH PUTIH KAMPUNG HARAPAN KECAMATAN VENAHA,PAPUA SELATAN,KAB. MAPPI,Venaha,-6.82461215,139.91123204,exact_duplicate_coordinate,2
92544,KOPERASI DESA MERAH PUTIH AKSAL,PAPUA PEGUNUNGAN,KAB. YAHUKIMO,Dirwemna,-1.15754,132.467545,exact_duplicate_coordinate,2
92552,KOPERASI DESA MERAH PUTIH ASOLOKOBAL,PAPUA PEGUNUNGAN,KAB. JAYAWIJAYA,Asolokobal,-4.15301,138.97169,exact_duplicate_coordinate,2
92570,KOPERASI DESA MERAH PUTIH KAMPUNG KOMOLOM,PAPUA SELATAN,KAB. MERAUKE,Kimaam,-8.38707157,138.83914399,exact_duplicate_coordinate,2
92573,KOPERASI DESA MERAH PUTIH KAMPUNG KORAGI,PAPUA PEGUNUNGAN,KAB. JAYAWIJAYA,Koragi,-3.8393139,138.69545907,exact_duplicate_coordinate,2
92574,KOPERASI DESA MERAH PUTIH KAMPUNG KUMUDILUK,PAPUA PEGUNUNGAN,KAB. JAYAWIJAYA,Koragi,-3.8393139,138.69545907,exact_duplicate_coordinate,2
92583,KOPERASI DESA MERAH PUTIH KAMPUNG ASAREN,PAPUA SELATAN,KAB. MAPPI,Assue,-5.80252374,139.14182557,exact_duplicate_coordinate,2
92588,KOPERASI DESA MERAH PUTIH KAMPUNG ISAGE,PAPUA SELATAN,KAB. MAPPI,Assue,-5.94234395,139.18395419,exact_duplicate_coordinate,2
92632,KOPERASI DESA MERAH PUTIH KAMPUNG KAIBURSE,PAPUA SELATAN,KAB. MERAUKE,Malind,-1.1458184,136.0410959,exact_duplicate_coordinate,2
92640,KOPERASI DESA MERAH PUTIH YAHUFA,PAPUA PEGUNUNGAN,KAB. YAHUKIMO,Obio,-4.61902475,139.25968425,exact_duplicate_coordinate,2
92649,KOPERASI DESA MERAH PUTIH JIBAK,PAPUA PEGUNUNGAN,KAB. YAHUKIMO,Obio,-0.8393836,130.891654,exact_duplicate_coordinate,2
92650,KOPERASI DESA MERAH PUTIH UJIN,PAPUA PEGUNUNGAN,KAB. YAHUKIMO,Obio,-0.84488345,132.24924375,exact_duplicate_coordinate,2
92651,KOPERASI DESA MERAH PUTIH SANGATUR,PAPUA PEGUNUNGAN,KAB. YAHUKIMO,Wusama,-0.84488345,132.24924375,exact_duplicate_coordinate,2
92695,KOPERASI DESA MERAH PUTIH KAMPUNG WANGGATE,PAPUA SELATAN,KAB. MAPPI,Obaa,-1.195699,136.1494184,exact_duplicate_coordinate,2
92696,KOPERASI DESA MERAH PUTIH KAMPUNG YENBEPIOPER,PAPUA,KAB. BIAK NUMFOR,Swandiwe,-0.9178975,135.7791826,exact_duplicate_coordinate,2
92723,KOPERASI DESA MERAH PUTIH HESATOM,PAPUA PEGUNUNGAN,KAB. JAYAWIJAYA,Asolokobal,-4.15301,138.97169,exact_duplicate_coordinate,2
92728,KOPERASI DESA MERAH PUTIH HUKEN,PAPUA PEGUNUNGAN,KAB. YAHUKIMO,Kurima,-0.13313498,130.51971902,exact_duplicate_coordinate,2
92738,KOPERASI DESA MERAH PUTIH WENDAME,PAPUA PEGUNUNGAN,KAB. YAHUKIMO,Obio,-0.8393836,130.891654,exact_duplicate_coordinate,2
92778,KOPERASI DESA MERAH PUTIH KAMPUNG WAMAN,PAPUA SELATAN,KAB. MAPPI,Mambioman Bapai,-3.0317055,132.4712616,exact_duplicate_coordinate,2
92835,KOPERASI DESA MERAH PUTIH KAMPUNG MOWES,PAPUA BARAT DAYA,KAB. MAYBRAT,Aifat Utara,-1.15754,132.467545,exact_duplicate_coordinate,2
92845,KOPERASI DESA MERAH PUTIH KAMPUNG KARUBAGA DISTRIK KARUBAGA,PAPUA PEGUNUNGAN,KAB. TOLIKARA,Karubaga,-3.68596879,138.47804832,exact_duplicate_coordinate,2
92887,KOPERASI DESA MERAH PUTIH KAMPUNG SADAR,PAPUA SELATAN,KAB. BOVEN DIGOEL,Fofi,-6.25577328,139.97961671,exact_duplicate_coordinate,2
92907,KOPERASI DESA MERAH PUTIH YENBEKAKI,PAPUA BARAT DAYA,KAB. RAJA AMPAT,Waigeo Timur,-0.208328,131.314021,exact_duplicate_coordinate,2
92925,KOPERASI DESA MERAH PUTIH SALIO,PAPUA BARAT DAYA,KAB. RAJA AMPAT,Waigeo Barat,-0.13313498,130.51971902,exact_duplicate_coordinate,2
92944,KOPERASI DESA MERAH PUTIH WAROI,PAPUA,KAB. BIAK NUMFOR,Yendidori,-2.7632032,132.3734576,exact_duplicate_coordinate,2
92950,KOPERASI DESA MERAH PUTIH KAMPUNG MANGGARI,PAPUA,KAB. BIAK NUMFOR,Poiru,-0.97040116,134.94306412,exact_duplicate_coordinate,2
92952,KOPERASI DESA MERAH PUTIH KAMPUNG WONABRAIDI,PAPUA,KAB. BIAK NUMFOR,Andey,-3.0317055,132.4712616,exact_duplicate_coordinate,2
92974,KOPERASI DESA MERAH PUTIH KAMPUNG PASI,PAPUA,KAB. BIAK NUMFOR,Aimando Padaido,-5.80252374,139.14182557,exact_duplicate_coordinate,2
92999,KOPERASI DESA MERAH PUTIH KAMPUNG BOKONDINI DISTRIK BOKONDINI,PAPUA PEGUNUNGAN,KAB. TOLIKARA,Bokondini,-3.69336045,138.66826959,exact_duplicate_coordinate,2
93001,KOPERASI KELURAHAN MERAH PUTIH MANSINYAS,PAPUA,KAB. BIAK NUMFOR,Samofa,-1.195699,136.1494184,exact_duplicate_coordinate,2
93003,KOPERASI DESA MERAH PUTIH KAMPUNG MAMIT DISTRIK KEMBU,PAPUA PEGUNUNGAN,KAB. TOLIKARA,Kembu,-3.59097359,138.40615621,exact_duplicate_coordinate,2
93006,KOPERASI DESA MERAH PUTIH KAMPUNG ABOGE,PAPUA SELATAN,KAB. MAPPI,Assue,-0.9648483,134.9379917,exact_duplicate_coordinate,2
93009,KOPERASI DESA MERAH PUTIH KAMPUNG KHANAMI,PAPUA SELATAN,KAB. MAPPI,Assue,-0.97040116,134.94306412,exact_duplicate_coordinate,2
93010,KOPERASI DESA MERAH PUTIH KAMPUNG MEDA,PAPUA SELATAN,KAB. MAPPI,Assue,-0.9648483,134.9379917,exact_duplicate_coordinate,2
93012,KOPERASI DESA MERAH PUTIH KAMPUNG KIKI,PAPUA SELATAN,KAB. MAPPI,Assue,-1.28030642,136.59958014,exact_duplicate_coordinate,2
93027,KOPERASI DESA MERAH PUTIH KAMPUNG SARWA,PAPUA,KAB. BIAK NUMFOR,Swandiwe,-0.9065,135.778065,exact_duplicate_coordinate,2
93042,KOPERASI DESA MERAH PUTIH RUTUM,PAPUA BARAT DAYA,KAB. RAJA AMPAT,Kepulauan Ayau,-4.61902475,139.25968425,exact_duplicate_coordinate,2
93097,KOPERASI DESA MERAH PUTIH SUMBO,PAPUA PEGUNUNGAN,KAB. NDUGA,Yigi,-4.235683,138.390818,exact_duplicate_coordinate,2
93126,KOPERASI DESA MERAH PUTIH HESMAT KECAMATAN KURIMA,PAPUA PEGUNUNGAN,KAB. YAHUKIMO,Kurima,-0.208328,131.314021,exact_duplicate_coordinate,2
93141,KOPERASI DESA MERAH PUTIH KAMPUNG MENYA,PAPUA SELATAN,KAB. MAPPI,Passue,-1.1298783,136.3295216,exact_duplicate_coordinate,2
93144,KOPERASI DESA MERAH PUTIH KAMPUNG MIOS MANGGUANDI,PAPUA,KAB. BIAK NUMFOR,Aimando Padaido,-1.28030642,136.59958014,exact_duplicate_coordinate,2
93147,KOPERASI DESA MERAH PUTIH KAMPUNG SUPRAIMA,PAPUA,KAB. BIAK NUMFOR,Aimando Padaido,-5.94234395,139.18395419,exact_duplicate_coordinate,2
93215,KOPERASI DESA MERAH PUTIH DISENDOBO,PAPUA PEGUNUNGAN,KAB. NDUGA,Yigi,-4.235683,138.390818,exact_duplicate_coordinate,2
93342,KOPERASI DESA MERAH PUTIH KEPI,PAPUA PEGUNUNGAN,KAB. JAYAWIJAYA,Maima,-1.3767716,131.3862985,exact_duplicate_coordinate,2
93367,KOPERASI DESA MERAH PUTIH KAMPUNG KABORI DISTRIK KEMBU,PAPUA PEGUNUNGAN,KAB. TOLIKARA,Kembu,-3.5950651,138.39251552,exact_duplicate_coordinate,2
93403,KOPERASI DESA MERAH PUTIH KAMPUNG GATINI DISTRIK UMAGI,PAPUA PEGUNUNGAN,KAB. TOLIKARA,Umagi,-3.51201831,138.34906457,exact_duplicate_coordinate,2
93426,KOPERASI DESA MERAH PUTIH KAMPUNG KUMA DISTRIK NUMBA,PAPUA PEGUNUNGAN,KAB. TOLIKARA,Numba,-3.67892577,138.50910643,exact_duplicate_coordinate,2
93458,KOPERASI DESA MERAH PUTIH KUMA DISTRIK NUMBA,PAPUA PEGUNUNGAN,KAB. TOLIKARA,Numba,-3.67892577,138.50910643,exact_duplicate_coordinate,2
93476,KOPERASI DESA MERAH PUTIH RATOKSATU MITRA ASIA,SULAWESI UTARA,KOTA MANADO,Wenang,1.48457005,124.8437036,exact_duplicate_coordinate,2
93477,KOPERASI KELURAHAN MERAH PUTIH ANJAREUW,PAPUA,KAB. BIAK NUMFOR,Samofa,-1.13928608,136.11537596,exact_duplicate_coordinate,2
93556,KOPERASI DESA MERAH PUTIH KAHALE KECAMATAN KODI BALAGHAR,NUSA TENGGARA TIMUR,KAB. SUMBA BARAT DAYA,Kodi Balaghar,-9.69703079,119.1043913,exact_duplicate_coordinate,2
93561,KOPERASI DESA MERAH PUTIH TANAH MERAH SUMURI,PAPUA BARAT,KAB. TELUK BINTUNI,Sumuri,-5.54689528,138.1492912,exact_duplicate_coordinate,2
93566,KOPERASI DESA MERAH PUTIH MAIMA DISTRIK MAIMA,PAPUA PEGUNUNGAN,KAB. JAYAWIJAYA,Maima,-1.35383729,131.4776476,exact_duplicate_coordinate,2
93652,KOPERASI DESA MERAH PUTIH KAMPUNG KOTORAMBUR DISTRIK KAI,PAPUA PEGUNUNGAN,KAB. TOLIKARA,Kai,-3.66063418,138.53428923,exact_duplicate_coordinate,2
93666,KOPERASI DESA MERAH PUTIH SYURDORI,PAPUA,KAB. SUPIORI,Supiori Timur,-1.38344098,133.71498275,exact_duplicate_coordinate,2
93761,KOPERASI DESA MERAH PUTIH LANGGIME,PAPUA PEGUNUNGAN,KAB. LANNY JAYA,Nikogwe,-3.84609231,138.5634633,exact_duplicate_coordinate,2
93888,KOPERASI DESA MERAH PUTIH KAMPUNG JEKITO DISTRIK NABUNAGE,PAPUA PEGUNUNGAN,KAB. TOLIKARA,Nabunage,-3.69307345,138.39778084,exact_duplicate_coordinate,2
93889,KOPERASI DESA MERAH PUTIH KAMPUNG NABUNAGE DISTRIK NABUNAGE,PAPUA PEGUNUNGAN,KAB. TOLIKARA,Nabunage,-3.69307345,138.39778084,exact_duplicate_coordinate,2
93914,KOPERASI DESA MERAH PUTIH KAMPUNG WIYALUK DISTRIK LI ANOGOMA,PAPUA PEGUNUNGAN,KAB. TOLIKARA,Li Anogomma,-3.65042485,138.47972258,exact_duplicate_coordinate,2
93915,KOPERASI DESA MERAH PUTIH KAMPUNG ABURAGE DISTRIK LI ANOGOMA,PAPUA PEGUNUNGAN,KAB. TOLIKARA,Li Anogomma,-3.65478859,138.4877368,exact_duplicate_coordinate,2
93921,KOPERASI DESA MERAH PUTIH KAMPUNG GITAR DISTRIK WUGI,PAPUA PEGUNUNGAN,KAB. TOLIKARA,Wugi,-3.71644128,138.49639733,exact_duplicate_coordinate,2
93928,KOPERASI DESA MERAH PUTIH MAPIA,PAPUA,KAB. SUPIORI,Supiori Barat,0.91612266,134.33231425,exact_duplicate_coordinate,2
93958,KOPERASI DESA MERAH PUTIH KAMPUNG WUGI DISTRIK WUGI,PAPUA PEGUNUNGAN,KAB. TOLIKARA,Wugi,-3.71644128,138.49639733,exact_duplicate_coordinate,2
93968,KOPERASI DESA MERAH PUTIH KAMPUNG WURINERI DISTRIK WUNIM,PAPUA PEGUNUNGAN,KAB. TOLIKARA,Wunim,-3.6511869,138.56359009,exact_duplicate_coordinate,2
93973,KOPERASI DESA MERAH PUTIH KAMPUNG ARIDUNDA DISTRIK ANAWI,PAPUA PEGUNUNGAN,KAB. TOLIKARA,Anawi,-3.72105683,138.52204011,exact_duplicate_coordinate,2
93975,KOPERASI DESA MERAH PUTIH KAMPUNG GINERI DISTRIK ANAWI,PAPUA PEGUNUNGAN,KAB. TOLIKARA,Anawi,-3.71385138,138.52299883,exact_duplicate_coordinate,2
94019,KOPERASI DESA MERAH PUTIH KAMPUNG WURINERI DISTRIK WUNIM KABUPATEN TOLIKARA,PAPUA PEGUNUNGAN,KAB. TOLIKARA,Wunim,-3.6511869,138.56359009,exact_duplicate_coordinate,2
94022,KOPERASI DESA MERAH PUTIH KAMPUNG ARIDUNDA DISTRIK ANAWI KABUPATEN TOLIKARA,PAPUA PEGUNUNGAN,KAB. TOLIKARA,Anawi,-3.72105683,138.52204011,exact_duplicate_coordinate,2
94023,KOPERASI DESA MERAH PUTIH KAMPUNG GINERI DISTRIK ANAWI KABUPATEN TOLIKARA,PAPUA PEGUNUNGAN,KAB. TOLIKARA,Anawi,-3.71385138,138.52299883,exact_duplicate_coordinate,2
94060,KOPERASI DESA MERAH PUTIH WANA SARI KECAMATAN MUARA WAHAU,KALIMANTAN BARAT,KAB. SINTANG,Ketungau Tengah,0.78906839,111.672921,exact_duplicate_coordinate,2
94074,KOPERASI DESA MERAH PUTIH KAMPUNG KEMBU DISTRIK DUNDU,PAPUA PEGUNUNGAN,KAB. TOLIKARA,Dundu,-3.42094808,138.39634786,exact_duplicate_coordinate,2
94075,KOPERASI DESA MERAH PUTIH KAMPUNG BIMO DISTRIK DUNDU,PAPUA PEGUNUNGAN,KAB. TOLIKARA,Dundu,-3.42094808,138.39634786,exact_duplicate_coordinate,2
94099,KOPERASI DESA MERAH PUTIH KAMPUNG ULI ULI,PAPUA SELATAN,KAB. MERAUKE,Ilwayab,-1.04028543,133.8486613,exact_duplicate_coordinate,2
94101,KOPERASI DESA MERAH PUTIH KAMPUNG KUMAAF,PAPUA BARAT,KAB. MANOKWARI,Tanah Rubuh,-1.18871752,134.0695302,exact_duplicate_coordinate,2
94107,KOPERASI DESA MERAH PUTIH KAMPUNG BAIDUB,PAPUA SELATAN,KAB. MERAUKE,Ulilin,-1.19486797,134.1720847,exact_duplicate_coordinate,2
94108,KOPERASI DESA MERAH PUTIH KAMPUNG KAPTEL,PAPUA SELATAN,KAB. MERAUKE,Kaptel,-0.82504408,133.8138633,exact_duplicate_coordinate,2
94109,KOPERASI DESA MERAH PUTIH KAMPUNG OKER DISTRIK GUNDAGI,PAPUA PEGUNUNGAN,KAB. TOLIKARA,Gundagi,-3.40080343,138.33213262,exact_duplicate_coordinate,2
94110,KOPERASI DESA MERAH PUTIH MAPIA DISTRIK SUPIORI BARAT,PAPUA,KAB. SUPIORI,Supiori Barat,0.91612266,134.33231425,exact_duplicate_coordinate,2
94113,KOPERASI DESA MERAH PUTIH KAMPUNG KINDIKI,PAPUA SELATAN,KAB. MERAUKE,Ulilin,-1.2067761,134.06612623,exact_duplicate_coordinate,2
94120,KOPERASI KELURAHAN MERAH PUTIH KARUBAGA DISTRIK KARUBAGA,PAPUA PEGUNUNGAN,KAB. TOLIKARA,Karubaga,-3.68596879,138.47804832,exact_duplicate_coordinate,2
94121,KOPERASI KELURAHAN MERAH PUTIH BOKONDINI DISTRIK BOKONDINI,PAPUA PEGUNUNGAN,KAB. TOLIKARA,Bokondini,-3.69336045,138.66826959,exact_duplicate_coordinate,2
94123,KOPERASI KELURAHAN MERAH PUTIH MAMIT DISTRIK KEMBU,PAPUA PEGUNUNGAN,KAB. TOLIKARA,Kembu,-3.59097359,138.40615621,exact_duplicate_coordinate,2
94125,KOPERASI DESA MERAH PUTIH KAMPUNG GETIEM DISTRIK TAGINERI,PAPUA PEGUNUNGAN,KAB. TOLIKARA,Tagineri,-3.75415847,138.57842562,exact_duplicate_coordinate,2
94126,KOPERASI DESA MERAH PUTIH KAMPUNG GETIEM,PAPUA PEGUNUNGAN,KAB. TOLIKARA,Tagineri,-3.75415847,138.57842562,exact_duplicate_coordinate,2
94130,KOPERASI KELURAHAN MERAH PUTIH ESA KETER KECAMATAN TOMPASO,SULAWESI UTARA,KAB. MINAHASA,Tompaso,1.17900993,124.795185,exact_duplicate_coordinate,2
