cooperative_id,cooperative,province,district,subdistrict,latitude,longitude,in_cemetery,cemetery_name,cemetery_osm_id,cemetery_depth_m,dist_cemetery_m,in_farmland,farmland_name,farmland_osm_id,farmland_depth_m,dist_farmland_m,in_marketplace,marketplace_name,marketplace_osm_id,marketplace_depth_m,dist_marketplace_m,dist_village_m,dist_worship_m,farmland_polygon_km2,farmland_polygon_villages,farmland_polygon_coarse,dist_village_core_m,outside_village_core,land_status,land_surveyor,own_cell_pop,pop_within_1_4km,km_non_track,km_any_road,roadside,imagery_url,near_people,deep_in_field,landcover_code,landcover,confirmed_agricultural
46150,KOPERASI DESA MERAH PUTIH SYARIAH KAMPUNG GOSONG TELAGA BARAT,ACEH,KAB. ACEH SINGKIL,Singkil Utara,2.31434411,97.88007015,False,,-1,,38248.9,True,Kebun PT. Nafasindo,348242126,2563.8,0.0,False,,-1,,57920.1,3817.5,5632.1,43.202,0,False,3817.5,True,Terverifikasi,Agrinas,13.0,337.0,2.508,2.508,False,"https://www.google.com/maps/@2.31434411,97.88007015,250m/data=!3m1!1e3",True,True,30,Grassland,False
33897,KOPERASI DESA MERAH PUTIH KEMBIRI,KEPULAUAN BANGKA BELITUNG,KAB. BELITUNG,Membalong,-3.04215767,107.7761441,False,,-1,,32642.1,True,,182674290,1944.4,0.0,False,,-1,,15802.0,580.0,32994.7,125.532,1,False,580.0,False,Terverifikasi,Agrinas,12.0,2185.0,1.056,0.924,False,"https://www.google.com/maps/@-3.04215767,107.7761441,250m/data=!3m1!1e3",True,True,10,Tree cover,False
12735,KOPERASI DESA MERAH PUTIH LEREPAKO,SULAWESI TENGGARA,KAB. KONAWE SELATAN,Laeya,-4.31995793,122.4569905,False,,-1,,30255.0,True,,279769680,1288.2,0.0,False,,-1,,7110.7,2263.4,2301.2,11.225,0,False,2263.4,True,Tidak Ada Lahan,,0.0,9859.0,1.32,0.264,False,"https://www.google.com/maps/@-4.31995793,122.4569905,250m/data=!3m1!1e3",True,True,40,Cropland,True
81255,KOPERASI DESA MERAH PUTIH SUKA MAJU KECAMATAN MARGA SAKTI SEBELAT,BENGKULU,KAB. BENGKULU UTARA,Marga Sakti Sebelat,-3.06309582,101.7251261,False,,-1,,23562.1,True,PT Alno Agro Utama,1459173833,1187.3,0.0,False,,-1,,12020.7,10494.9,11164.3,61.34,0,False,10494.9,True,Sedang Diverifikasi,KOPERASI,0.0,860.0,,,False,"https://www.google.com/maps/@-3.06309582,101.7251261,250m/data=!3m1!1e3",True,True,10,Tree cover,False
83360,KOPERASI DESA MERAH PUTIH KARANGSEGAR PEBAYURAN,JAWA BARAT,KAB. BEKASI,Pebayuran,-6.12851889,107.2308381,False,,-1,,610.7,True,,548658269,1067.3,0.0,False,,-1,,7343.6,2435.7,855.3,28.381,0,False,855.3,True,Sedang Diverifikasi,KOPERASI,238.0,18604.0,0.0,0.0,True,"https://www.google.com/maps/@-6.12851889,107.2308381,250m/data=!3m1!1e3",True,True,40,Cropland,True
56355,KOPERASI DESA MERAH PUTIH CERUKCUK,BANTEN,KAB. SERANG,Tanara,-6.02730297,106.3417139,False,,-1,,2411.2,True,,533925816,1027.1,0.0,False,,-1,,15787.9,1542.8,484.3,28.444,1,False,484.3,False,Sedang Diverifikasi,KOPERASI,522.0,17286.0,0.0,0.0,True,"https://www.google.com/maps/@-6.02730297,106.3417139,250m/data=!3m1!1e3",True,True,40,Cropland,True
15894,KOPERASI DESA MERAH PUTIH SUKAKARYA KECAMATAN SUKAKARYA,JAWA BARAT,KAB. BEKASI,Sukakarya,-6.138787,107.176023,False,,-1,,658.2,True,,549605364,983.5,0.0,False,,-1,,3455.2,46.5,246.0,33.95,1,False,46.5,False,Perlu Verifikasi Lanjutan,Agrinas,1947.0,43689.0,0.0,0.0,True,"https://www.google.com/maps/@-6.138787,107.176023,250m/data=!3m1!1e3",True,True,50,Built-up,False
82093,KOPERASI DESA MERAH PUTIH BENA,NUSA TENGGARA TIMUR,KAB. TIMOR TENGAH SELATAN,Amanuban Selatan,-10.12249535,124.2426574,False,,-1,,4374.2,True,Sawah Panite,150451092,973.8,0.0,False,,-1,,6525.4,3223.3,2319.1,13.556,1,False,2319.1,True,Sedang Diverifikasi,KOPERASI,0.0,2596.0,0.792,0.0,True,"https://www.google.com/maps/@-10.12249535,124.2426574,250m/data=!3m1!1e3",True,True,40,Cropland,True
18886,KOPERASI DESA MERAH PUTIH TANJUNG PASAR,KALIMANTAN BARAT,KAB. KETAPANG,Muara Pawan,-1.81586443,110.0775902,False,,-1,,188108.1,True,,321138463,961.3,0.0,False,,-1,,197175.9,2799.3,2886.8,66.961,0,False,2799.3,True,,,0.0,236.0,0.528,0.528,False,"https://www.google.com/maps/@-1.81586443,110.0775902,250m/data=!3m1!1e3",True,True,30,Grassland,False
2225,KOPERASI DESA MERAH PUTIH RACIKULON KECAMATAN SIDAYU,JAWA TIMUR,KAB. GRESIK,Sidayu,-7.000512,112.541094,False,,-1,,4347.5,True,,1499791918,941.7,0.0,False,,-1,,2835.3,15.3,2722.8,20.917,1,False,15.3,False,Terverifikasi,Agrinas,473.0,15980.0,0.0,0.0,True,"https://www.google.com/maps/@-7.000512,112.541094,250m/data=!3m1!1e3",True,True,50,Built-up,False
12052,KOPERASI DESA MERAH PUTIH DAKA INO,MALUKU UTARA,KAB. HALMAHERA TIMUR,Wasile Timur,1.08008498,128.1951291,False,,-1,,24567.6,True,,340801168,938.7,0.0,False,,-1,,24624.7,3055.3,2242.5,10.698,0,False,2242.5,True,Sedang Diverifikasi,PMO,23.0,8817.0,0.528,0.264,False,"https://www.google.com/maps/@1.08008498,128.1951291,250m/data=!3m1!1e3",True,True,30,Grassland,False
84863,KOPERASI KELURAHAN MERAH PUTIH TONGAUNA KECAMATAN TONGAUNA,SULAWESI TENGGARA,KAB. KONAWE,Tongauna,-3.81714693,122.0199351,False,,-1,,6320.3,True,Persawahan,844448542,872.2,0.0,False,,-1,,4502.8,1716.9,4317.6,10.775,0,False,1716.9,True,Tidak Ada Lahan,,2.0,7852.0,1.188,0.528,False,"https://www.google.com/maps/@-3.81714693,122.0199351,250m/data=!3m1!1e3",True,True,40,Cropland,True
27829,KOPERASI DESA MERAH PUTIH BAH BUTONG I KECAMATAN SIDAMANIK,SUMATERA UTARA,KAB. SIMALUNGUN,Sidamanik,2.84196546,98.9057617,False,,-1,,8265.0,True,,1051403660,812.5,0.0,False,,-1,,2500.6,585.7,555.1,5.903,1,False,555.1,False,Sedang Diverifikasi,BUSINESS ASSISTANCE,17.0,10746.0,0.396,0.396,False,"https://www.google.com/maps/@2.84196546,98.9057617,250m/data=!3m1!1e3",True,True,10,Tree cover,False
26722,KOPERASI DESA MERAH PUTIH BANJAR TIMUR KECAMATAN GAPURA,JAWA TIMUR,KAB. SUMENEP,Gapura,-7.014141,113.9436152,False,,-1,,32276.5,True,,240823630,809.1,0.0,False,,-1,,28178.1,1515.6,4602.9,11.935,0,False,1515.6,True,Terverifikasi,Agrinas,45.0,11802.0,0.264,0.264,False,"https://www.google.com/maps/@-7.014141,113.9436152,250m/data=!3m1!1e3",True,True,40,Cropland,True
53200,KOPERASI DESA MERAH PUTIH LEMPUYANG,BANTEN,KAB. SERANG,Tanara,-6.04012525,106.3471562,False,,-1,,3537.5,True,,533925816,808.5,0.0,False,,-1,,14850.1,1293.4,1344.6,28.444,1,False,1293.4,True,Sedang Diverifikasi,KOPERASI,8.0,25691.0,0.792,0.528,False,"https://www.google.com/maps/@-6.04012525,106.3471562,250m/data=!3m1!1e3",True,True,40,Cropland,True
14808,KOPERASI KELURAHAN MERAH PUTIH TALANG KERAMAT,SUMATERA SELATAN,KAB. BANYUASIN,Talang Kelapa,-2.86912154,104.7439951,False,,-1,,5175.0,True,,169004546,775.4,0.0,False,,-1,,8416.6,4415.9,3769.0,15.859,0,False,3769.0,True,,,0.0,8125.0,1.056,0.264,False,"https://www.google.com/maps/@-2.86912154,104.7439951,250m/data=!3m1!1e3",True,True,30,Grassland,False
15377,KOPERASI DESA MERAH PUTIH SUKAMURNI SUKAKARYA,JAWA BARAT,KAB. BEKASI,Sukakarya,-6.1247788,107.1476305,False,,-1,,986.8,True,,1258297898,734.9,0.0,False,,-1,,6036.2,954.7,2895.2,17.32,1,False,954.7,True,Terverifikasi,Agrinas,952.0,39551.0,0.132,0.132,True,"https://www.google.com/maps/@-6.1247788,107.1476305,250m/data=!3m1!1e3",True,True,40,Cropland,True
10329,KOPERASI DESA MERAH PUTIH PULAU MUNING,SUMATERA SELATAN,KAB. BANYUASIN,Sembawa,-2.83306993,104.5316195,False,,-1,,22954.4,True,,169004544,729.9,0.0,False,,-1,,18844.3,1113.9,3410.9,6.732,0,False,1113.9,True,Terverifikasi,Agrinas,2.0,630.0,0.132,0.132,True,"https://www.google.com/maps/@-2.83306993,104.5316195,250m/data=!3m1!1e3",True,True,30,Grassland,False
58809,KOPERASI DESA MERAH PUTIH TENJO AYU,BANTEN,KAB. SERANG,Tanara,-5.99564058,106.3728067,False,,-1,,3217.8,True,,533925816,722.4,0.0,False,,-1,,18658.3,1747.7,4328.0,28.444,1,False,1747.7,True,Tidak Ada Lahan,,8.0,6292.0,1.452,1.452,False,"https://www.google.com/maps/@-5.99564058,106.3728067,250m/data=!3m1!1e3",True,True,40,Cropland,True
67677,KOPERASI DESA MERAH PUTIH PILANGSARI KECAMATAN JATITUJUH,JAWA BARAT,KAB. MAJALENGKA,Jatitujuh,-6.60118803,108.2144294,False,,-1,,3407.9,True,,472456776,707.9,0.0,False,,-1,,17323.5,2076.0,7174.7,117.297,0,False,2076.0,True,Sedang Diverifikasi,BUSINESS ASSISTANCE,3.0,5221.0,0.528,0.132,True,"https://www.google.com/maps/@-6.60118803,108.2144294,250m/data=!3m1!1e3",True,True,40,Cropland,True
42542,KOPERASI DESA MERAH PUTIH SUKAWANGI KECAMATAN SUKAWANGI,JAWA BARAT,KAB. BEKASI,Sukawangi,-6.12870748,107.1292707,False,,-1,,715.8,True,,1258297898,693.0,0.0,False,,-1,,7082.4,887.6,2617.4,17.32,1,False,887.6,True,Tidak Ada Lahan,,162.0,35400.0,0.132,0.132,True,"https://www.google.com/maps/@-6.12870748,107.1292707,250m/data=!3m1!1e3",True,True,40,Cropland,True
6073,KOPERASI DESA MERAH PUTIH PASURUHAN,JAWA TENGAH,KAB. PATI,Kayen,-6.86831494,110.9567569,False,,-1,,4290.7,True,,692724366,691.3,0.0,False,,-1,,12694.3,1696.2,4229.4,14.49,0,False,1696.2,True,,,28.0,10367.0,0.396,0.132,True,"https://www.google.com/maps/@-6.86831494,110.9567569,250m/data=!3m1!1e3",True,True,40,Cropland,True
30084,KOPERASI DESA MERAH PUTIH KOPERASI DESA MERAH PUTIH CEMPI JAYA,NUSA TENGGARA BARAT,KAB. DOMPU,Hu'u,-8.7014176,118.4367853,False,,-1,,2680.6,True,,134633757,636.0,0.0,False,,-1,,2842.1,272.6,970.2,2.892,1,False,272.6,False,Terverifikasi,KOPERASI,3.0,3771.0,0.792,0.264,False,"https://www.google.com/maps/@-8.7014176,118.4367853,250m/data=!3m1!1e3",True,True,40,Cropland,True
50475,KOPERASI KELURAHAN MERAH PUTIH BONTORAYA,SULAWESI SELATAN,KAB. JENEPONTO,Batang,-5.60587183,119.8169013,False,,-1,,2582.1,True,Lahan Pertanian (kering);Sawah Tadah Hujan,240475921,624.6,0.0,False,,-1,,6886.3,376.8,1334.9,5.456,1,False,376.8,False,,,27.0,13077.0,0.792,0.792,False,"https://www.google.com/maps/@-5.60587183,119.8169013,250m/data=!3m1!1e3",True,True,40,Cropland,True
40785,KOPERASI DESA MERAH PUTIH SAMBIREJO KECAMATAN SARADAN,JAWA TIMUR,KAB. MADIUN,Saradan,-7.51246455,111.711861,False,,-1,,2383.0,True,,1109043687,619.5,0.0,False,,-1,,2160.0,1616.3,998.7,4.559,0,False,998.7,True,Dipertimbangkan,KOPERASI,327.0,17753.0,0.132,0.132,True,"https://www.google.com/maps/@-7.51246455,111.711861,250m/data=!3m1!1e3",True,True,40,Cropland,True
5990,KOPERASI DESA MERAH PUTIH SRIKATON KECAMATAN KAYEN,JAWA TENGAH,KAB. PATI,Kayen,-6.88219113,110.9483884,False,,-1,,3970.8,True,,692724366,608.4,0.0,False,,-1,,13427.5,1616.0,4247.8,14.49,0,False,1616.0,True,Terverifikasi,Agrinas,5.0,10144.0,1.188,0.132,True,"https://www.google.com/maps/@-6.88219113,110.9483884,250m/data=!3m1!1e3",True,True,40,Cropland,True
56752,KOPERASI DESA MERAH PUTIH KALUMPANG KECAMATAN PADARINCANG,BANTEN,KAB. SERANG,Padarincang,-6.1911476,105.9549795,False,,-1,,15079.3,True,,1447641978,596.2,0.0,False,,-1,,9434.1,2362.1,2959.5,7.628,0,False,2362.1,True,Tidak Ada Lahan,,2.0,16011.0,0.792,0.792,False,"https://www.google.com/maps/@-6.1911476,105.9549795,250m/data=!3m1!1e3",True,True,40,Cropland,True
3016,KOPERASI DESA MERAH PUTIH PADANGBANDUNG,JAWA TIMUR,KAB. GRESIK,Dukun,-7.01241276,112.5249374,False,,-1,,2696.4,True,,1499791918,593.3,0.0,False,,-1,,4991.1,1042.5,2521.6,20.917,1,False,1042.5,True,Tidak Ada Lahan,,880.0,23437.0,0.528,0.528,False,"https://www.google.com/maps/@-7.01241276,112.5249374,250m/data=!3m1!1e3",True,True,40,Cropland,True
75474,KOPERASI DESA MERAH PUTIH GROBOGAN,JAWA TIMUR,KAB. MADIUN,Jiwan,-7.61174383,111.4959189,False,,-1,,2574.1,True,,1216664411,576.4,0.0,False,,-1,,3447.2,986.6,1123.6,2.285,0,False,986.6,True,Terverifikasi,Agrinas,34.0,59541.0,0.66,0.132,True,"https://www.google.com/maps/@-7.61174383,111.4959189,250m/data=!3m1!1e3",True,True,40,Cropland,True
49763,KOPERASI DESA MERAH PUTIH LABAN KECAMATAN TIRTAYASA,BANTEN,KAB. SERANG,Tirtayasa,-6.01326421,106.3459587,False,,-1,,1446.1,True,,533925816,556.4,0.0,False,,-1,,17385.8,1572.1,1195.6,28.444,1,False,1195.6,True,Tidak Ada Lahan,,0.0,11179.0,0.528,0.528,False,"https://www.google.com/maps/@-6.01326421,106.3459587,250m/data=!3m1!1e3",True,True,40,Cropland,True
30616,KOPERASI DESA MERAH PUTIH SUNGAI PINANG BARU,KALIMANTAN SELATAN,KAB. BANJAR,Sungai Tabuk,-3.27111924,114.6985943,False,,-1,,5374.1,True,,788925961,554.3,0.0,False,,-1,,2882.2,1887.8,2525.5,10.39,0,False,1887.8,True,Tidak Ada Lahan,,563.0,6440.0,0.0,0.0,True,"https://www.google.com/maps/@-3.27111924,114.6985943,250m/data=!3m1!1e3",True,True,10,Tree cover,False
53226,KOPERASI DESA MERAH PUTIH WANAYASA KECAMATAN PONTANG,BANTEN,KAB. SERANG,Pontang,-6.0009705,106.2529153,False,,-1,,2722.8,True,,1026051518,552.9,0.0,False,,-1,,11719.8,1825.6,2978.0,7.101,0,False,1825.6,True,,,0.0,9957.0,1.188,1.188,False,"https://www.google.com/maps/@-6.0009705,106.2529153,250m/data=!3m1!1e3",True,True,80,Water,False
52063,KOPERASI DESA MERAH PUTIH SYARIAH GAMPONG MEUNASAH MANYANG KECAMATAN LHOKNGA,ACEH,KAB. ACEH BESAR,Lhoknga,5.4938418,95.25106367,False,,-1,,2316.7,True,,6227871,521.4,0.0,False,,-1,,6289.6,717.5,1114.6,8.374,0,False,717.5,False,,,35.0,30555.0,0.0,0.0,True,"https://www.google.com/maps/@5.4938418,95.25106367,250m/data=!3m1!1e3",True,True,10,Tree cover,False
44989,KOPERASI KELURAHAN MERAH PUTIH MEKAR SARI KECAMATAN TONGAUNA,SULAWESI TENGGARA,KAB. KONAWE,Tongauna,-3.8119518,122.0468528,False,,-1,,5903.4,True,Persawahan,844448542,518.1,0.0,False,,-1,,5123.4,1446.1,4413.3,10.775,0,False,1446.1,True,Terverifikasi,Agrinas,275.0,3966.0,0.264,0.264,False,"https://www.google.com/maps/@-3.8119518,122.0468528,250m/data=!3m1!1e3",True,True,40,Cropland,True
28311,KOPERASI KELURAHAN MERAH PUTIH PUNGGALUKU KECAMATAN LAEYA,SULAWESI TENGGARA,KAB. KONAWE SELATAN,Laeya,-4.31853144,122.4738691,False,,-1,,31948.0,True,,279769680,515.3,0.0,False,,-1,,8990.8,1693.3,1603.8,11.225,0,False,1603.8,True,Sedang Diverifikasi,KOPERASI,16.0,8397.0,0.66,0.66,False,"https://www.google.com/maps/@-4.31853144,122.4738691,250m/data=!3m1!1e3",True,True,10,Tree cover,False
2802,KOPERASI DESA MERAH PUTIH BARABALI,NUSA TENGGARA BARAT,KAB. LOMBOK TENGAH,Batukliang,-8.6263412,116.3088906,False,,-1,,2057.3,True,,1120721852,507.4,0.0,False,,-1,,74.3,0.0,125.0,9.563,1,False,0.0,False,Terverifikasi,Agrinas,1280.0,36211.0,0.0,0.0,True,"https://www.google.com/maps/@-8.6263412,116.3088906,250m/data=!3m1!1e3",True,True,50,Built-up,False
67632,KOPERASI DESA MERAH PUTIH GEMBONGAN KECAMATAN BANYUSARI,JAWA BARAT,KAB. KARAWANG,Banyusari,-6.30008841,107.530259,False,,-1,,8312.7,True,,432556928,497.5,0.0,False,,-1,,10934.3,1441.0,4971.2,8.987,0,False,1441.0,True,Terverifikasi,KOPERASI,0.0,18630.0,0.792,0.792,False,"https://www.google.com/maps/@-6.30008841,107.530259,250m/data=!3m1!1e3",True,True,40,Cropland,True
68845,KOPERASI DESA MERAH PUTIH SIDORAHARJO KECAMATAN SUKAMAJU SELATAN,SULAWESI SELATAN,KAB. LUWU UTARA,Sukamaju Selatan,-2.64173212,120.4525452,False,,-1,,847.9,True,,1134401590,496.3,0.0,False,,-1,,8064.0,1148.9,1117.1,8.239,0,False,1117.1,True,Sedang Diverifikasi,BUSINESS ASSISTANCE,6.0,16994.0,0.396,0.132,True,"https://www.google.com/maps/@-2.64173212,120.4525452,250m/data=!3m1!1e3",True,True,40,Cropland,True
28742,KOPERASI DESA MERAH PUTIH TAMBAK SIRANG DARAT,KALIMANTAN SELATAN,KAB. BANJAR,Gambut,-3.44971758,114.605588,False,,-1,,8557.3,True,,1221226359,482.4,0.0,False,,-1,,2145.6,1120.3,1273.8,2.419,0,False,1120.3,True,,,166.0,8866.0,0.528,0.528,False,"https://www.google.com/maps/@-3.44971758,114.605588,250m/data=!3m1!1e3",True,True,40,Cropland,True
77288,KOPERASI DESA MERAH PUTIH NAPAL PUTIH KECAMATAN NAPAL PUTIH,BENGKULU,KAB. BENGKULU UTARA,Napal Putih,-3.11139453,101.8631377,False,,-1,,10259.6,True,PT Alno Agro Utama (SUMINDO),1463609083,477.6,0.0,False,,-1,,15948.7,5081.7,9599.2,42.561,0,False,5081.7,True,Terverifikasi,Agrinas,74.0,1130.0,1.32,0.528,False,"https://www.google.com/maps/@-3.11139453,101.8631377,250m/data=!3m1!1e3",True,True,10,Tree cover,False
49499,KOPERASI DESA MERAH PUTIH SUGIHAN KECAMATAN BENDOSARI KABUPATEN SUKOHARJO,JAWA TENGAH,KAB. SUKOHARJO,Bendosari,-7.67249032,110.8668773,False,,-1,,2496.4,True,,633994991,469.3,0.0,False,,-1,,2807.6,624.0,2028.9,2.263,0,False,624.0,False,Terverifikasi,Agrinas,1126.0,42232.0,0.0,0.0,True,"https://www.google.com/maps/@-7.67249032,110.8668773,250m/data=!3m1!1e3",True,True,40,Cropland,True
40682,KOPERASI DESA MERAH PUTIH SAVANA JAYA KECAMATAN WAEAPO,MALUKU,KAB. BURU,Waeapo,-3.30690565,127.0205996,False,,-1,,41762.9,True,,1431924217,469.2,0.0,False,,-1,,66811.9,261.2,8761.1,4.653,1,False,261.2,False,Terverifikasi,Agrinas,568.0,5196.0,0.132,0.132,True,"https://www.google.com/maps/@-3.30690565,127.0205996,250m/data=!3m1!1e3",True,True,40,Cropland,True
42354,KOPERASI DESA MERAH PUTIH BONTOMANAI BANGKALA,SULAWESI SELATAN,KAB. JENEPONTO,Bangkala,-5.56257208,119.6129332,False,,-1,,2595.0,True,Lahan Pertanian,242019512,467.5,0.0,False,,-1,,2425.9,2086.5,835.2,1.832,0,False,835.2,True,Sedang Diverifikasi,Agrinas,0.0,11044.0,0.66,0.132,True,"https://www.google.com/maps/@-5.56257208,119.6129332,250m/data=!3m1!1e3",True,True,10,Tree cover,False
11095,KOPERASI DESA MERAH PUTIH SUNGAI RENGIT,SUMATERA SELATAN,KAB. BANYUASIN,Talang Kelapa,-2.83094246,104.6148161,False,,-1,,14970.9,True,,169004539,459.0,0.0,False,,-1,,11813.1,4671.8,3097.9,8.827,0,False,3097.9,True,Tidak Ada Lahan,,12.0,1476.0,0.66,0.66,False,"https://www.google.com/maps/@-2.83094246,104.6148161,250m/data=!3m1!1e3",True,True,10,Tree cover,False
79240,KOPERASI DESA MERAH PUTIH TUNUA,NUSA TENGGARA TIMUR,KAB. TIMOR TENGAH SELATAN,Mollo Utara,-9.67495522,124.243886,False,,-1,,2441.1,True,,744269857,446.9,0.0,False,,-1,,20620.0,3237.8,2280.2,6.556,0,False,2280.2,True,Terverifikasi,Agrinas,211.0,5810.0,0.0,0.0,True,"https://www.google.com/maps/@-9.67495522,124.243886,250m/data=!3m1!1e3",True,True,10,Tree cover,False
62578,KOPERASI DESA MERAH PUTIH KARANGREJO KECAMATAN DEMPET KABUPATEN DEMAK,JAWA TENGAH,KAB. DEMAK,Dempet,-6.99227355,110.755481,False,,-1,,12260.5,True,,692467888,443.2,0.0,False,,-1,,11059.1,820.3,1400.8,3.528,0,False,820.3,True,Terverifikasi,Agrinas,256.0,19561.0,0.528,0.132,True,"https://www.google.com/maps/@-6.99227355,110.755481,250m/data=!3m1!1e3",True,True,40,Cropland,True
16692,KOPERASI DESA MERAH PUTIH KRADENAN KECAMATAN JETIS,JAWA TIMUR,KAB. PONOROGO,Jetis,-7.96006673,111.4832291,False,,-1,,6354.0,True,,674944422,434.7,0.0,False,,-1,,4646.6,1517.9,670.3,2.259,0,False,670.3,False,Terverifikasi,KOPERASI,194.0,24583.0,0.528,0.0,True,"https://www.google.com/maps/@-7.96006673,111.4832291,250m/data=!3m1!1e3",True,True,40,Cropland,True
15688,KOPERASI DESA MERAH PUTIH GLONGGONG KECAMATAN GONDANG,JAWA TENGAH,KAB. SRAGEN,Gondang,-7.42672118,111.1134386,False,,-1,,902.8,True,,689360863,434.3,0.0,False,,-1,,2479.3,618.9,469.8,0.883,0,False,469.8,False,Terverifikasi,Agrinas,25.0,22250.0,0.396,0.132,True,"https://www.google.com/maps/@-7.42672118,111.1134386,250m/data=!3m1!1e3",True,True,40,Cropland,True
7307,KOPERASI DESA MERAH PUTIH NGABAR KECAMATAN SIMAN,JAWA TIMUR,KAB. PONOROGO,Siman,-7.91892826,111.4602306,False,,-1,,5936.6,True,,675352323,429.4,0.0,False,,-1,,3767.5,839.6,949.8,1.907,0,False,839.6,True,Sedang Diverifikasi,KOPERASI,73.0,25705.0,0.528,0.528,False,"https://www.google.com/maps/@-7.91892826,111.4602306,250m/data=!3m1!1e3",True,True,40,Cropland,True
83269,KOPERASI KELURAHAN MERAH PUTIH SENDANG MULYA SARI,SULAWESI TENGGARA,KAB. KONAWE,Tongauna,-3.8216705,122.0393274,False,,-1,,4979.4,True,Persawahan,844448542,427.0,0.0,False,,-1,,3866.9,1612.4,3327.9,10.775,0,False,1612.4,True,Terverifikasi,KOPERASI,46.0,7004.0,0.396,0.396,False,"https://www.google.com/maps/@-3.8216705,122.0393274,250m/data=!3m1!1e3",True,True,40,Cropland,True
75488,KOPERASI DESA MERAH PUTIH JERUKGULUNG KECAMATAN BALEREJO,JAWA TIMUR,KAB. MADIUN,Balerejo,-7.54796685,111.6015432,False,,-1,,3756.1,True,,1081032307,424.2,0.0,False,,-1,,1960.0,815.7,510.2,2.012,0,False,510.2,False,Terverifikasi,Agrinas,310.0,17836.0,0.264,0.264,False,"https://www.google.com/maps/@-7.54796685,111.6015432,250m/data=!3m1!1e3",True,True,40,Cropland,True
57886,KOPERASI DESA MERAH PUTIH KARYOMUKTI,JAWA TENGAH,KAB. PEKALONGAN,Kesesi,-7.0320099,109.5277525,False,,-1,,4647.4,True,,712248652,422.2,0.0,False,,-1,,18590.7,691.0,6287.8,6.402,0,False,691.0,False,Terverifikasi,BUSINESS ASSISTANCE,767.0,21315.0,0.528,0.528,False,"https://www.google.com/maps/@-7.0320099,109.5277525,250m/data=!3m1!1e3",True,True,40,Cropland,True
34793,KOPERASI DESA MERAH PUTIH AIR BATU BUDING,KEPULAUAN BANGKA BELITUNG,KAB. BELITUNG,Badau,-2.75387758,107.9177698,False,,-1,,29838.6,True,,183753363,421.1,0.0,False,,-1,,42204.7,318.0,24390.6,38.276,1,False,318.0,False,Terverifikasi,Agrinas,1.0,1281.0,0.396,0.396,False,"https://www.google.com/maps/@-2.75387758,107.9177698,250m/data=!3m1!1e3",True,True,10,Tree cover,False
60752,KOPERASI DESA MERAH PUTIH SUKAKERTA KECAMATAN KERTAJATI,JAWA BARAT,KAB. MAJALENGKA,Kertajati,-6.62248241,108.1621044,False,,-1,,8431.1,True,,472456776,419.9,0.0,False,,-1,,11838.3,1780.3,1053.0,117.297,0,False,1053.0,True,Terverifikasi,Agrinas,14.0,8638.0,0.792,0.792,False,"https://www.google.com/maps/@-6.62248241,108.1621044,250m/data=!3m1!1e3",True,True,40,Cropland,True
19658,KOPERASI DESA MERAH PUTIH KALANGAN GEMOLONG,JAWA TENGAH,KAB. SRAGEN,Gemolong,-7.36842361,110.8617497,False,,-1,,5462.3,True,,9689330,406.2,0.0,False,,-1,,4775.9,1081.1,1119.1,6.201,0,False,1081.1,True,Terverifikasi,Agrinas,86.0,17848.0,0.0,0.0,True,"https://www.google.com/maps/@-7.36842361,110.8617497,250m/data=!3m1!1e3",True,True,40,Cropland,True
14545,KOPERASI DESA MERAH PUTIH GADUNGAN KECAMATAN WATES,JAWA TIMUR,KAB. KEDIRI,Wates,-7.91644403,112.1071271,False,,-1,,910.0,True,,5385437,400.4,0.0,False,,-1,,11517.1,1223.8,2308.0,2.471,0,False,1223.8,True,Terverifikasi,BUSINESS ASSISTANCE,162.0,35101.0,0.132,0.132,True,"https://www.google.com/maps/@-7.91644403,112.1071271,250m/data=!3m1!1e3",True,True,40,Cropland,True
61003,KOPERASI DESA MERAH PUTIH SYARIAH COT EUNTUNG,ACEH,KAB. ACEH UTARA,Nisam,5.16630487,97.04477601,False,,-1,,5779.0,True,,4425648,399.4,0.0,False,,-1,,11891.2,899.2,2906.1,6.798,0,False,899.2,True,,,3.0,9165.0,0.396,0.132,True,"https://www.google.com/maps/@5.16630487,97.04477601,250m/data=!3m1!1e3",True,True,40,Cropland,True
36929,KOPERASI DESA MERAH PUTIH ROWOSARI KECAMATAN TUNTANG,JAWA TENGAH,KAB. SEMARANG,Tuntang,-7.3137768,110.4446178,False,,-1,,4106.7,True,,1229635074,395.9,0.0,False,,-1,,2114.6,1217.7,2124.7,1.889,0,False,1217.7,True,Terverifikasi,BUSINESS ASSISTANCE,86.0,24483.0,0.528,0.528,False,"https://www.google.com/maps/@-7.3137768,110.4446178,250m/data=!3m1!1e3",True,True,40,Cropland,True
74279,KOPERASI DESA MERAH PUTIH BARUGBUG,BANTEN,KAB. SERANG,Padarincang,-6.1787241,106.0131098,False,,-1,,12258.6,True,,1447641862,394.6,0.0,False,,-1,,13812.2,3008.4,8231.8,1.439,0,False,3008.4,True,Terverifikasi,Agrinas,169.0,6023.0,0.792,0.792,False,"https://www.google.com/maps/@-6.1787241,106.0131098,250m/data=!3m1!1e3",True,True,40,Cropland,True
23031,KOPERASI DESA MERAH PUTIH SUKABUDI SUKAWANGI,JAWA BARAT,KAB. BEKASI,Sukawangi,-6.13377984,107.1115759,False,,-1,,1834.8,True,,1258297898,394.1,0.0,False,,-1,,7553.0,686.3,3794.6,17.32,1,False,686.3,False,Perlu Verifikasi Lanjutan,Agrinas,3082.0,32171.0,0.396,0.396,False,"https://www.google.com/maps/@-6.13377984,107.1115759,250m/data=!3m1!1e3",True,True,40,Cropland,True
34302,KOPERASI KELURAHAN MERAH PUTIH SANGIASSERI KECAMATAN SINJAI SELATAN,SULAWESI SELATAN,KAB. SINJAI,Sinjai  Selatan,-5.26568857,120.1446016,False,,-1,,2230.0,True,Galung Siri,1431914561,390.2,0.0,False,,-1,,2004.6,2012.8,582.3,1.003,0,False,582.3,False,Tidak Ada Lahan,,158.0,11700.0,0.528,0.528,False,"https://www.google.com/maps/@-5.26568857,120.1446016,250m/data=!3m1!1e3",True,True,40,Cropland,True
24282,KOPERASI DESA MERAH PUTIH KETELENG,JAWA TIMUR,KAB. BANGKALAN,Tragah,-7.1025033,112.8083484,False,,-1,,10645.6,True,,241117544,388.9,0.0,False,,-1,,13037.6,1124.2,5293.8,17.265,0,False,1124.2,True,Dipertimbangkan,Agrinas,7.0,16678.0,0.132,0.132,True,"https://www.google.com/maps/@-7.1025033,112.8083484,250m/data=!3m1!1e3",True,True,40,Cropland,True
42366,KOPERASI DESA MERAH PUTIH BALIMAU KECAMATAN ALUH ALUH,KALIMANTAN SELATAN,KAB. BANJAR,Aluh Aluh,-3.44230497,114.5771265,False,,-1,,10107.4,True,,1221226361,387.2,0.0,False,,-1,,2006.1,679.5,1794.7,1.911,0,False,679.5,False,Tidak Ada Lahan,,296.0,6189.0,0.0,0.0,True,"https://www.google.com/maps/@-3.44230497,114.5771265,250m/data=!3m1!1e3",True,True,40,Cropland,True
51799,KOPERASI DESA MERAH PUTIH SYARIAH NDAUH NITENGGO KECAMATAN LAWE SIGALA GALA,ACEH,KAB. ACEH TENGGARA,Lawe Sigala-Gala,3.30128821,97.91586412,False,,-1,,21217.1,True,,1469447190,386.4,0.0,False,,-1,,23043.5,838.2,4696.8,3.138,0,False,838.2,True,Tidak Ada Lahan,,314.0,4105.0,0.132,0.132,True,"https://www.google.com/maps/@3.30128821,97.91586412,250m/data=!3m1!1e3",True,True,40,Cropland,True
83499,KOPERASI DESA MERAH PUTIH SYARIAH GAMPONG CEUMEUCET KECAMATAN PIRAK TIMU,ACEH,KAB. ACEH UTARA,Pirak Timu,5.00173698,97.28648878,False,,-1,,6108.7,True,,351852353,385.0,0.0,False,,-1,,6202.2,631.5,2889.1,13.071,0,False,631.5,False,Tidak Ada Lahan,,9.0,5913.0,0.66,0.66,False,"https://www.google.com/maps/@5.00173698,97.28648878,250m/data=!3m1!1e3",True,True,40,Cropland,True
32543,KOPERASI DESA MERAH PUTIH PEMANA,NUSA TENGGARA TIMUR,KAB. SIKKA,Alok,-8.35436094,122.3124109,False,,-1,,34422.2,True,,19364620,382.5,0.0,False,,-1,,31128.4,884.9,12602.9,4.627,0,False,884.9,True,Sedang Diverifikasi,KOPERASI,1.0,2314.0,0.396,0.0,True,"https://www.google.com/maps/@-8.35436094,122.3124109,250m/data=!3m1!1e3",True,True,10,Tree cover,False
66493,KOPERASI DESA MERAH PUTIH SOKOKIDUL KECAMATAN KEBONAGUNG KABUPATEN DEMAK,JAWA TENGAH,KAB. DEMAK,Kebonagung,-6.97485205,110.7075337,False,,-1,,7945.8,True,,691943065,381.9,0.0,False,,-1,,6096.2,396.6,1104.0,2.305,0,False,396.6,False,Terverifikasi,Agrinas,1182.0,23869.0,0.396,0.132,True,"https://www.google.com/maps/@-6.97485205,110.7075337,250m/data=!3m1!1e3",True,True,40,Cropland,True
51297,KOPERASI DESA MERAH PUTIH KARANGHARJA PEBAYURAN,JAWA BARAT,KAB. BEKASI,Pebayuran,-6.1085792,107.2131563,False,,-1,,709.3,True,,548658269,378.2,0.0,False,,-1,,7389.3,985.2,654.3,28.381,0,False,654.3,False,Perlu Verifikasi Lanjutan,Agrinas,130.0,39795.0,0.396,0.264,False,"https://www.google.com/maps/@-6.1085792,107.2131563,250m/data=!3m1!1e3",True,True,40,Cropland,True
36638,KOPERASI DESA MERAH PUTIH SUKADARMA SUKATANI,JAWA BARAT,KAB. BEKASI,Sukatani,-6.16000242,107.1847868,False,,-1,,393.0,True,,549605364,378.0,0.0,False,,-1,,1270.8,1162.7,1441.9,33.95,1,False,1162.7,True,Dipertimbangkan,Agrinas,519.0,64091.0,0.132,0.132,True,"https://www.google.com/maps/@-6.16000242,107.1847868,250m/data=!3m1!1e3",True,True,40,Cropland,True
41234,KOPERASI DESA MERAH PUTIH TAMBAKBOYO,JAWA TIMUR,KAB. NGAWI,Mantingan,-7.42877825,111.1308589,False,,-1,,1149.6,True,,687360400,373.1,0.0,False,,-1,,3062.5,864.7,881.4,2.206,0,False,864.7,True,Terverifikasi,KOPERASI,320.0,14581.0,0.396,0.396,False,"https://www.google.com/maps/@-7.42877825,111.1308589,250m/data=!3m1!1e3",True,True,40,Cropland,True
722,KOPERASI DESA MERAH PUTIH KEKERI,NUSA TENGGARA BARAT,KAB. LOMBOK BARAT,Gunungsari,-8.55796542,116.1268932,False,,-1,,777.9,True,,1221261926,368.7,0.0,False,,-1,,964.9,172.5,88.1,2.195,1,False,88.1,False,Sedang Diverifikasi,KOPERASI,2283.0,102063.0,0.0,0.0,True,"https://www.google.com/maps/@-8.55796542,116.1268932,250m/data=!3m1!1e3",True,True,50,Built-up,False
85410,KOPERASI DESA MERAH PUTIH SYARIAH TUMPOK BEURANDANG,ACEH,KAB. ACEH UTARA,Muara Batu,5.24661984,96.94080909,False,,-1,,3732.1,True,,5478655,367.7,0.0,False,,-1,,17816.0,907.7,1633.4,17.287,0,False,907.7,True,Tidak Ada Lahan,,898.0,27055.0,0.396,0.0,True,"https://www.google.com/maps/@5.24661984,96.94080909,250m/data=!3m1!1e3",True,True,40,Cropland,True
3575,KOPERASI KELURAHAN MERAH PUTIH PATIHAN WETAN KECAMATAN BABADAN,JAWA TIMUR,KAB. PONOROGO,Babadan,-7.81634171,111.4825941,False,,-1,,4386.3,True,,896609551,366.9,0.0,False,,-1,,3939.2,1643.0,2706.0,2.541,0,False,1643.0,True,Tidak Ada Lahan,,84.0,26802.0,0.264,0.264,False,"https://www.google.com/maps/@-7.81634171,111.4825941,250m/data=!3m1!1e3",True,True,40,Cropland,True
38777,KOPERASI DESA MERAH PUTIH BUMIAJI KECAMATAN GONDANG,JAWA TENGAH,KAB. SRAGEN,Gondang,-7.3996261,111.0850339,False,,-1,,1018.8,True,,689359463,366.7,0.0,False,,-1,,3502.2,636.3,1222.6,1.441,0,False,636.3,False,Terverifikasi,Agrinas,1.0,27652.0,0.396,0.0,True,"https://www.google.com/maps/@-7.3996261,111.0850339,250m/data=!3m1!1e3",True,True,40,Cropland,True
84477,KOPERASI DESA MERAH PUTIH SYARIAH GAMPONG IE TAREK II,ACEH,KAB. ACEH UTARA,Simpang Keuramat,5.09921418,97.10571486,False,,-1,,2113.2,True,,4727027,363.5,0.0,False,,-1,,9719.1,843.8,2473.0,4.942,0,False,843.8,True,Tidak Ada Lahan,,1.0,13518.0,0.528,0.528,False,"https://www.google.com/maps/@5.09921418,97.10571486,250m/data=!3m1!1e3",True,True,40,Cropland,True
67912,KOPERASI DESA MERAH PUTIH SYARIAH GAMPONG KEUTAPANG KECAMATAN NISAM,ACEH,KAB. ACEH UTARA,Nisam,5.17424122,97.04519708,False,,-1,,4911.9,True,,4425648,359.4,0.0,False,,-1,,11813.9,483.8,2267.5,6.798,0,False,483.8,False,,,59.0,8184.0,0.528,0.528,False,"https://www.google.com/maps/@5.17424122,97.04519708,250m/data=!3m1!1e3",True,True,40,Cropland,True
71884,KOPERASI DESA MERAH PUTIH PESANTREN KECAMATAN TAMBAK KABUPATEN BANYUMAS,JAWA TENGAH,KAB. BANYUMAS,Tambak,-7.61693161,109.4220703,False,,-1,,5594.4,True,,681415331,354.6,0.0,False,,-1,,1945.3,979.8,1856.3,1.628,0,False,979.8,True,Terverifikasi,Agrinas,1.0,44254.0,0.396,0.396,False,"https://www.google.com/maps/@-7.61693161,109.4220703,250m/data=!3m1!1e3",True,True,40,Cropland,True
67459,KOPERASI DESA MERAH PUTIH MEKARMULYA KECAMATAN KERTAJATI,JAWA BARAT,KAB. MAJALENGKA,Kertajati,-6.59958857,108.1104339,False,,-1,,12304.1,True,,472456776,348.8,0.0,False,,-1,,12502.9,4113.6,6082.2,117.297,0,False,4113.6,True,Terverifikasi,Agrinas,30.0,1091.0,0.264,0.264,False,"https://www.google.com/maps/@-6.59958857,108.1104339,250m/data=!3m1!1e3",True,True,10,Tree cover,False
10239,KOPERASI KELURAHAN MERAH PUTIH KERAMAT RAYA,SUMATERA SELATAN,KAB. BANYUASIN,Talang Kelapa,-2.85195026,104.7641999,False,,-1,,7954.7,True,,169004546,348.6,0.0,False,,-1,,9088.2,5040.9,6707.1,15.859,0,False,5040.9,True,Tidak Ada Lahan,,0.0,806.0,0.132,0.132,True,"https://www.google.com/maps/@-2.85195026,104.7641999,250m/data=!3m1!1e3",True,True,20,Shrubland,False
55955,KOPERASI DESA MERAH PUTIH METESIH KECAMATAN JIWAN,JAWA TIMUR,KAB. MADIUN,Jiwan,-7.64190978,111.4915275,False,,-1,,1934.4,True,,1115407839,348.0,0.0,False,,-1,,2914.5,643.6,1400.0,1.138,0,False,643.6,False,Terverifikasi,KOPERASI,617.0,59237.0,0.0,0.0,True,"https://www.google.com/maps/@-7.64190978,111.4915275,250m/data=!3m1!1e3",True,True,40,Cropland,True
85002,KOPERASI DESA MERAH PUTIH SYARIAH DAKUTA,ACEH,KAB. ACEH UTARA,Muara Batu,5.24603804,96.94450863,False,,-1,,3370.6,True,,5478655,345.8,0.0,False,,-1,,18187.1,944.8,1403.4,17.287,0,False,944.8,True,Tidak Ada Lahan,,422.0,25768.0,0.396,0.264,False,"https://www.google.com/maps/@5.24603804,96.94450863,250m/data=!3m1!1e3",True,True,40,Cropland,True
8411,KOPERASI DESA MERAH PUTIH CILUK KECAMATAN KAUMAN,JAWA TIMUR,KAB. PONOROGO,Kauman,-7.89361619,111.42757194,False,,-1,,5704.5,True,,679548519,344.0,0.0,False,,-1,,3594.7,1490.7,4309.2,6.031,0,False,1490.7,True,Terverifikasi,KOPERASI,23.0,24090.0,0.528,0.0,True,"https://www.google.com/maps/@-7.89361619,111.42757194,250m/data=!3m1!1e3",True,True,40,Cropland,True
80294,KOPERASI DESA MERAH PUTIH SYARIAH GAMPONG RAYA DELIMA,ACEH,KAB. PIDIE,Delima,5.33531353,95.90480063,False,,-1,,7959.6,True,,6369573,343.9,0.0,False,,-1,,9718.2,504.8,1048.1,7.17,0,False,504.8,False,,,1.0,23398.0,0.396,0.264,False,"https://www.google.com/maps/@5.33531353,95.90480063,250m/data=!3m1!1e3",True,True,40,Cropland,True
50448,KOPERASI DESA MERAH PUTIH WAWORATE,SULAWESI TENGGARA,KAB. KONAWE UTARA,Andowia,-3.51452496,122.1313642,False,,-1,,39792.2,True,,1395814569,341.1,0.0,False,,-1,,3536.1,3177.4,1494.2,1.041,0,False,1494.2,True,,,30.0,4868.0,0.528,0.132,True,"https://www.google.com/maps/@-3.51452496,122.1313642,250m/data=!3m1!1e3",True,True,40,Cropland,True
20712,KOPERASI DESA MERAH PUTIH BALUK KECAMATAN KARANGREJO,JAWA TIMUR,KAB. MAGETAN,Karangrejo,-7.54220676,111.4089305,False,,-1,,6145.1,True,,669968237,338.1,0.0,False,,-1,,9799.9,1566.0,2102.4,3.157,0,False,1566.0,True,Terverifikasi,KOPERASI,514.0,24140.0,0.0,0.0,True,"https://www.google.com/maps/@-7.54220676,111.4089305,250m/data=!3m1!1e3",True,True,40,Cropland,True
51298,KOPERASI DESA MERAH PUTIH KARANGHARUM KEDUNGWARINGIN,JAWA BARAT,KAB. BEKASI,Kedung Waringin,-6.24190934,107.2312743,False,,-1,,600.3,True,,548629808,337.8,0.0,False,,-1,,5162.1,657.2,2257.6,5.136,0,False,657.2,False,Terverifikasi,Agrinas,649.0,53208.0,0.396,0.396,False,"https://www.google.com/maps/@-6.24190934,107.2312743,250m/data=!3m1!1e3",True,True,40,Cropland,True
49704,KOPERASI DESA MERAH PUTIH MATA AIR KECAMATAN KUPANG TENGAH,NUSA TENGGARA TIMUR,KAB. KUPANG,Kupang Tengah,-10.12638215,123.6858621,False,,-1,,2639.0,True,,167254466,335.5,0.0,False,,-1,,6221.0,832.4,1507.0,2.005,0,False,832.4,True,Terverifikasi,TNI,90.0,18173.0,0.0,0.0,True,"https://www.google.com/maps/@-10.12638215,123.6858621,250m/data=!3m1!1e3",True,True,40,Cropland,True
3233,KOPERASI DESA MERAH PUTIH SIDOKERTO,JAWA TENGAH,KAB. PATI,Pati,-6.72977515,111.0312819,False,,-1,,751.2,True,,1500649069,334.1,0.0,False,,-1,,1820.2,743.4,857.1,4.579,0,False,743.4,False,Terverifikasi,KOPERASI,493.0,49468.0,0.264,0.132,True,"https://www.google.com/maps/@-6.72977515,111.0312819,250m/data=!3m1!1e3",True,True,40,Cropland,True
51998,KOPERASI DESA MERAH PUTIH SUMBERBRANTAS KECAMATAN BUMIAJI KOTA BATU,JAWA TIMUR,KOTA BATU,Bumiaji,-7.75433384,112.5436967,False,,-1,,2341.6,True,,631182843,333.6,0.0,False,,-1,,13148.7,2024.0,1880.0,3.029,0,False,1880.0,True,Terverifikasi,KOPERASI,209.0,7972.0,1.188,0.132,True,"https://www.google.com/maps/@-7.75433384,112.5436967,250m/data=!3m1!1e3",True,True,40,Cropland,True
10706,KOPERASI DESA MERAH PUTIH PULEREJO,JAWA TIMUR,KAB. MADIUN,Pilangkenceng,-7.49371934,111.6181713,False,,-1,,5781.0,True,,1115411140,331.3,0.0,False,,-1,,1505.4,1690.6,1192.5,19.787,0,False,1192.5,True,Terverifikasi,Agrinas,95.0,26324.0,0.264,0.264,False,"https://www.google.com/maps/@-7.49371934,111.6181713,250m/data=!3m1!1e3",True,True,40,Cropland,True
17898,KOPERASI KELURAHAN MERAH PUTIH MANGKANG WETAN KECAMATAN TUGU,JAWA TENGAH,KOTA SEMARANG,Tugu,-6.96183966,110.3153338,False,,-1,,1484.0,True,,590924095,329.0,0.0,False,,-1,,1800.4,496.6,451.1,1.355,0,False,451.1,False,Sedang Diverifikasi,BUSINESS ASSISTANCE,55.0,56980.0,0.396,0.396,False,"https://www.google.com/maps/@-6.96183966,110.3153338,250m/data=!3m1!1e3",True,True,40,Cropland,True
51928,KOPERASI DESA MERAH PUTIH REJOSARI KECAMATAN GRABAG KABUPATEN PURWOREJO,JAWA TENGAH,KAB. PURWOREJO,Grabag,-7.81482308,109.8799302,False,,-1,,1613.6,True,,1415614699,327.1,0.0,False,,-1,,3203.0,660.2,1210.7,3.563,0,False,660.2,False,Tidak Ada Lahan,,61.0,22096.0,0.396,0.396,False,"https://www.google.com/maps/@-7.81482308,109.8799302,250m/data=!3m1!1e3",True,True,40,Cropland,True
1074,KOPERASI DESA MERAH PUTIH KERTOSONO KECAMATAN SIDAYU,JAWA TIMUR,KAB. GRESIK,Sidayu,-6.98956061,112.5222097,False,,-1,,5236.7,True,,1499791918,326.9,0.0,False,,-1,,4789.6,507.8,2748.6,20.917,1,False,507.8,False,Terverifikasi,Agrinas,800.0,33356.0,0.264,0.132,True,"https://www.google.com/maps/@-6.98956061,112.5222097,250m/data=!3m1!1e3",True,True,90,Herbaceous wetland,False
12749,KOPERASI DESA MERAH PUTIH PINGKUK,JAWA TIMUR,KAB. MAGETAN,Bendo,-7.66410956,111.4405631,False,,-1,,2286.7,True,,670304073,323.7,0.0,False,,-1,,3026.1,731.4,1979.7,5.684,0,False,731.4,False,Terverifikasi,KOPERASI,411.0,37155.0,0.264,0.264,False,"https://www.google.com/maps/@-7.66410956,111.4405631,250m/data=!3m1!1e3",True,True,40,Cropland,True
73883,KOPERASI DESA MERAH PUTIH SYARIAH GAMPONG MANYANG KECAMATAN MEURAH MULIA,ACEH,KAB. ACEH UTARA,Meurah Mulia,5.08774071,97.22060165,False,,-1,,5779.2,True,,5247593,323.1,0.0,False,,-1,,5601.7,456.6,2967.2,31.447,1,False,456.6,False,Tidak Ada Lahan,,608.0,27110.0,0.264,0.264,False,"https://www.google.com/maps/@5.08774071,97.22060165,250m/data=!3m1!1e3",True,True,40,Cropland,True
9399,KOPERASI DESA MERAH PUTIH LIMBANG MULIA,SUMATERA SELATAN,KAB. BANYUASIN,Sembawa,-2.79496039,104.5369028,False,,-1,,24370.5,True,,708943575,322.7,0.0,False,,-1,,20745.5,913.8,888.3,5.226,0,False,888.3,True,Terverifikasi,Agrinas,0.0,572.0,1.056,1.056,False,"https://www.google.com/maps/@-2.79496039,104.5369028,250m/data=!3m1!1e3",True,True,10,Tree cover,False
6023,KOPERASI DESA MERAH PUTIH SUKADANA KECAMATAN BAYAN,NUSA TENGGARA BARAT,KAB. LOMBOK UTARA,Bayan,-8.23488455,116.3853168,False,,-1,,4713.4,True,,301605403,318.3,0.0,False,,-1,,2522.0,2180.5,1623.9,5.041,0,False,1623.9,True,Sedang Diverifikasi,BUSINESS ASSISTANCE,62.0,4294.0,0.396,0.264,False,"https://www.google.com/maps/@-8.23488455,116.3853168,250m/data=!3m1!1e3",True,True,30,Grassland,False
52840,KOPERASI DESA MERAH PUTIH WONOREJO KECAMATAN KAJEN,JAWA TENGAH,KAB. PEKALONGAN,Kajen,-7.03739723,109.542665,False,,-1,,2965.3,True,,712248652,314.6,0.0,False,,-1,,18246.6,512.8,4847.5,6.402,0,False,512.8,False,Terverifikasi,Agrinas,1303.0,33745.0,0.396,0.396,False,"https://www.google.com/maps/@-7.03739723,109.542665,250m/data=!3m1!1e3",True,True,40,Cropland,True
91578,KOPERASI DESA MERAH PUTIH AIKIMA,PAPUA PEGUNUNGAN,KAB. JAYAWIJAYA,Pisugi,-4.02879193,138.95908801,False,,-1,,8400.2,True,,618996893,313.2,0.0,False,,-1,,4788.8,1023.9,3049.5,0.805,0,False,1023.9,True,Tidak Ada Lahan,,33.0,3253.0,0.66,0.66,False,"https://www.google.com/maps/@-4.02879193,138.95908801,250m/data=!3m1!1e3",True,True,30,Grassland,False
61083,KOPERASI DESA MERAH PUTIH PAKETINGAN,JAWA TENGAH,KAB. CILACAP,Sampang,-7.59104714,109.1865101,False,,-1,,1925.0,True,,681329151,312.5,0.0,False,,-1,,9635.6,652.1,1476.9,3.451,0,False,652.1,False,Terverifikasi,Agrinas,264.0,23747.0,0.396,0.396,False,"https://www.google.com/maps/@-7.59104714,109.1865101,250m/data=!3m1!1e3",True,True,40,Cropland,True
85072,KOPERASI DESA MERAH PUTIH SYARIAH GAMPONG KUALA DUA KECAMATAN MUARA BATU,ACEH,KAB. ACEH UTARA,Muara Batu,5.24306124,96.92351268,False,,-1,,5241.5,True,,5478655,310.7,0.0,False,,-1,,15872.4,662.6,973.2,17.287,0,False,662.6,False,,,38.0,25476.0,0.264,0.132,True,"https://www.google.com/maps/@5.24306124,96.92351268,250m/data=!3m1!1e3",True,True,40,Cropland,True
67639,KOPERASI DESA MERAH PUTIH BANYUASIH KECAMATAN BANYUSARI,JAWA BARAT,KAB. KARAWANG,Banyusari,-6.27931269,107.5318186,False,,-1,,6120.3,True,,432556928,309.5,0.0,False,,-1,,8643.0,1571.7,4238.6,8.987,0,False,1571.7,True,Terverifikasi,Agrinas,0.0,28178.0,1.188,0.264,False,"https://www.google.com/maps/@-6.27931269,107.5318186,250m/data=!3m1!1e3",True,True,40,Cropland,True
86297,KOPERASI DESA MERAH PUTIH SYARIAH GAMPONG LEUPE,ACEH,KAB. ACEH UTARA,Pirak Timu,5.00829773,97.28723577,False,,-1,,6348.7,True,,351852353,309.0,0.0,False,,-1,,5615.1,572.8,2371.4,13.071,0,False,572.8,False,,,1.0,8603.0,0.264,0.264,False,"https://www.google.com/maps/@5.00829773,97.28723577,250m/data=!3m1!1e3",True,True,40,Cropland,True
53414,KOPERASI KELURAHAN MERAH PUTIH MERDEKA KECAMATAN KUPANG TIMUR,NUSA TENGGARA TIMUR,KAB. KUPANG,Kupang Timur,-10.08295686,123.76411178,False,,-1,,11944.0,True,Sawah,11865783,307.9,0.0,False,,-1,,6275.4,692.2,3780.7,30.601,0,False,692.2,False,Tidak Ada Lahan,,0.0,4058.0,0.396,0.396,False,"https://www.google.com/maps/@-10.08295686,123.76411178,250m/data=!3m1!1e3",True,True,60,Bare / sparse,False
141,KOPERASI DESA MERAH PUTIH WAHAS KECAMATAN BALONGPANGGANG,JAWA TIMUR,KAB. GRESIK,Balongpanggang,-7.28824956,112.4296467,False,,-1,,16697.3,True,,1473502049,307.5,0.0,False,,-1,,2385.9,220.0,7579.0,3.035,1,False,220.0,False,Terverifikasi,Agrinas,1155.0,30943.0,0.528,0.528,False,"https://www.google.com/maps/@-7.28824956,112.4296467,250m/data=!3m1!1e3",True,True,40,Cropland,True
1835,KOPERASI DESA MERAH PUTIH NGASIN KECAMATAN BALONGPANGGANG,JAWA TIMUR,KAB. GRESIK,Balongpanggang,-7.22027553,112.4566419,False,,-1,,11203.9,True,,1476745348,307.2,0.0,False,,-1,,5275.1,233.5,1285.1,4.35,1,False,233.5,False,Terverifikasi,KOPERASI,1399.0,16630.0,0.396,0.396,False,"https://www.google.com/maps/@-7.22027553,112.4566419,250m/data=!3m1!1e3",True,True,40,Cropland,True
49470,KOPERASI KELURAHAN MERAH PUTIH BONTORAMBA JENEPONTO,SULAWESI SELATAN,KAB. JENEPONTO,Bontoramba,-5.5922672,119.6843505,False,,-1,,3931.3,True,Sawah Tadah Hujan,3238764,306.7,0.0,False,,-1,,8933.4,0.0,432.3,2.523,0,False,0.0,False,Tidak Ada Lahan,,536.0,11681.0,0.396,0.396,False,"https://www.google.com/maps/@-5.5922672,119.6843505,250m/data=!3m1!1e3",True,True,40,Cropland,True
20940,KOPERASI DESA MERAH PUTIH KALIMALANG KECAMATAN SUKOREJO,JAWA TIMUR,KAB. PONOROGO,Sukorejo,-7.89125258,111.4369271,False,,-1,,4700.9,True,,679548519,302.1,0.0,False,,-1,,4087.5,1543.1,3361.7,6.031,0,False,1543.1,True,Terverifikasi,Agrinas,4.0,21906.0,1.056,0.0,True,"https://www.google.com/maps/@-7.89125258,111.4369271,250m/data=!3m1!1e3",True,True,40,Cropland,True
67055,KOPERASI DESA MERAH PUTIH SYARIAH GAMPONG MANYANG LANCOK,ACEH,KAB. PIDIE JAYA,Meureudu,5.22502609,96.24969007,False,,-1,,37052.3,True,,428163929,301.5,0.0,False,,-1,,31520.8,788.9,630.6,2.233,0,False,630.6,False,Sedang Diverifikasi,KOPERASI,231.0,19560.0,0.264,0.264,False,"https://www.google.com/maps/@5.22502609,96.24969007,250m/data=!3m1!1e3",True,True,40,Cropland,True
59072,KOPERASI DESA MERAH PUTIH SINGKILWETAN SINGKILKULON,JAWA TENGAH,KAB. PURWOREJO,Ngombol,-7.80915344,109.9563581,False,,-1,,4080.2,True,,1005604008,301.5,0.0,False,,-1,,4428.7,500.7,506.3,0.867,0,False,500.7,False,Terverifikasi,Agrinas,93.0,11570.0,0.0,0.0,True,"https://www.google.com/maps/@-7.80915344,109.9563581,250m/data=!3m1!1e3",True,True,40,Cropland,True
66728,KOPERASI DESA MERAH PUTIH SYARIAH GAMPONG KEEH,ACEH,KAB. ACEH UTARA,Meurah Mulia,5.08431412,97.2203808,False,,-1,,6154.7,True,,5247593,300.2,0.0,False,,-1,,5935.8,536.6,3327.4,31.447,1,False,536.6,False,Tidak Ada Lahan,,608.0,27110.0,0.264,0.264,False,"https://www.google.com/maps/@5.08431412,97.2203808,250m/data=!3m1!1e3",True,True,40,Cropland,True
32464,KOPERASI DESA MERAH PUTIH GUNUNG SARI KECAMATAN ALOK,NUSA TENGGARA TIMUR,KAB. SIKKA,Alok,-8.35901054,122.2923466,False,,-1,,32322.1,True,,19364620,299.9,0.0,False,,-1,,30328.3,768.7,13916.2,4.627,0,False,768.7,False,Sedang Diverifikasi,KOPERASI,0.0,1023.0,0.66,0.264,False,"https://www.google.com/maps/@-8.35901054,122.2923466,250m/data=!3m1!1e3",True,True,10,Tree cover,False
81852,KOPERASI DESA MERAH PUTIH TUGU KECAMATAN PURWOASRI KABUPATEN KEDIRI,JAWA TIMUR,KAB. KEDIRI,Purwoasri,-7.63898034,112.1365244,False,,-1,,1107.3,True,,1431337041,299.6,0.0,False,,-1,,2831.8,122.6,2544.0,0.558,1,False,122.6,False,Terverifikasi,Agrinas,58.0,20844.0,0.264,0.264,False,"https://www.google.com/maps/@-7.63898034,112.1365244,250m/data=!3m1!1e3",True,True,10,Tree cover,False
87572,KOPERASI DESA MERAH PUTIH KAMPUNG PIPITMO,PAPUA PEGUNUNGAN,KAB. JAYAWIJAYA,Wouma,-4.11630065,138.9591621,False,,-1,,1223.3,True,,585851313,296.3,0.0,False,,-1,,1597.1,1965.1,1534.4,1.482,0,False,1534.4,True,,,107.0,24096.0,0.528,0.528,False,"https://www.google.com/maps/@-4.11630065,138.9591621,250m/data=!3m1!1e3",True,True,30,Grassland,False
33451,KOPERASI DESA MERAH PUTIH SYARIAH GAMPONG DEUNONG,ACEH,KAB. ACEH BESAR,Darul Imarah,5.49136982,95.31657725,False,,-1,,2549.3,True,,6231599,296.3,0.0,False,,-1,,2965.4,737.5,1445.9,4.425,0,False,737.5,False,Terverifikasi,Agrinas,326.0,28113.0,0.264,0.264,False,"https://www.google.com/maps/@5.49136982,95.31657725,250m/data=!3m1!1e3",True,True,40,Cropland,True
40285,KOPERASI DESA MERAH PUTIH SIDODADI KECAMATAN MEJAYAN,JAWA TIMUR,KAB. MADIUN,Mejayan,-7.56105799,111.6791948,False,,-1,,1544.8,True,,667421218,294.7,0.0,False,,-1,,1985.9,1077.6,1081.1,1.8,0,False,1077.6,True,Terverifikasi,Agrinas,373.0,23469.0,0.0,0.0,True,"https://www.google.com/maps/@-7.56105799,111.6791948,250m/data=!3m1!1e3",True,True,40,Cropland,True
33463,KOPERASI DESA MERAH PUTIH SYARIAH GAMPONG MEUNASAH CUT,ACEH,KAB. ACEH BESAR,Lhoknga,5.49891046,95.24099261,False,,-1,,2459.1,True,,6227871,294.6,0.0,False,,-1,,7173.2,476.4,790.9,8.374,0,False,476.4,False,Sedang Diverifikasi,KOPERASI,566.0,22251.0,0.264,0.0,True,"https://www.google.com/maps/@5.49891046,95.24099261,250m/data=!3m1!1e3",True,True,40,Cropland,True
44039,KOPERASI DESA MERAH PUTIH KRANGGAN KECAMATAN GEGER,JAWA TIMUR,KAB. MADIUN,Geger,-7.66963544,111.5169309,False,,-1,,2317.5,True,,1204070535,294.1,0.0,False,,-1,,3235.0,505.6,1348.4,10.655,0,False,505.6,False,Terverifikasi,KOPERASI,538.0,64525.0,0.264,0.132,True,"https://www.google.com/maps/@-7.66963544,111.5169309,250m/data=!3m1!1e3",True,True,40,Cropland,True
41304,KOPERASI DESA MERAH PUTIH TANARAING,NUSA TENGGARA TIMUR,KAB. SUMBA TIMUR,Rindi,-9.96730074,120.7706066,False,,-1,,36335.0,True,,506768392,293.1,0.0,False,,-1,,14436.8,1087.0,10058.9,4.158,0,False,1087.0,True,Terverifikasi,Agrinas,0.0,1203.0,0.924,0.924,False,"https://www.google.com/maps/@-9.96730074,120.7706066,250m/data=!3m1!1e3",True,True,40,Cropland,True
51851,KOPERASI DESA MERAH PUTIH SYARIAH KAMPONG JEUMPA,ACEH,KAB. PIDIE,Glumpang Tiga,5.24793925,96.01965583,False,,-1,,16785.4,True,,1118006698,292.5,0.0,False,,-1,,11219.7,378.7,680.1,2.56,0,False,378.7,False,,,232.0,22007.0,0.0,0.0,True,"https://www.google.com/maps/@5.24793925,96.01965583,250m/data=!3m1!1e3",True,True,40,Cropland,True
87192,KOPERASI DESA MERAH PUTIH SYARIAH GAMPONG KAMPONG JEUMPA KECAMATAN GLUMPANG TIGA,ACEH,KAB. PIDIE,Glumpang Tiga,5.24793925,96.01965583,False,,-1,,16785.4,True,,1118006698,292.5,0.0,False,,-1,,11219.7,378.7,680.1,2.56,0,False,378.7,False,Sedang Diverifikasi,KOPERASI,232.0,22007.0,0.0,0.0,True,"https://www.google.com/maps/@5.24793925,96.01965583,250m/data=!3m1!1e3",True,True,40,Cropland,True
53231,KOPERASI KELURAHAN MERAH PUTIH TERITIH KECAMATAN WALANTAKA KOTA SERANG,BANTEN,KOTA SERANG,Walantaka,-6.10528916,106.217807,False,,-1,,711.6,True,,533660193,292.1,0.0,False,,-1,,8417.8,0.0,2724.8,3.174,0,False,0.0,False,,,828.0,69356.0,0.0,0.0,True,"https://www.google.com/maps/@-6.10528916,106.217807,250m/data=!3m1!1e3",True,True,10,Tree cover,False
85974,KOPERASI DESA MERAH PUTIH SYARIAH MEUNASAH ARON,ACEH,KAB. ACEH UTARA,Muara Batu,5.24934131,96.95543892,False,,-1,,2879.5,True,,5478655,290.9,0.0,False,,-1,,19452.5,693.2,851.5,17.287,0,False,693.2,False,,,93.0,25285.0,0.396,0.0,True,"https://www.google.com/maps/@5.24934131,96.95543892,250m/data=!3m1!1e3",True,True,40,Cropland,True
16717,KOPERASI DESA MERAH PUTIH DEMANGAN KECAMATAN SIMAN,JAWA TIMUR,KAB. PONOROGO,Siman,-7.9053674,111.4813446,False,,-1,,4437.9,True,,675919388,290.2,0.0,False,,-1,,2128.7,1018.0,902.6,1.275,0,False,902.6,True,Selesai,Agrinas,126.0,30364.0,0.528,0.0,True,"https://www.google.com/maps/@-7.9053674,111.4813446,250m/data=!3m1!1e3",True,True,40,Cropland,True
24283,KOPERASI DESA MERAH PUTIH BAGU,NUSA TENGGARA BARAT,KAB. LOMBOK TENGAH,Pringgarata,-8.61689649,116.2041228,False,,-1,,624.9,True,area persawahan,189067615,287.9,0.0,False,,-1,,2479.4,726.0,350.2,0.557,0,False,350.2,False,Terverifikasi,Agrinas,413.0,29989.0,0.264,0.264,False,"https://www.google.com/maps/@-8.61689649,116.2041228,250m/data=!3m1!1e3",True,True,40,Cropland,True
85767,KOPERASI DESA MERAH PUTIH SYARIAH GAMPONG RAYEUK PANGE,ACEH,KAB. ACEH UTARA,Pirak Timu,5.01594254,97.29311568,False,,-1,,7234.5,True,,351852353,286.8,0.0,False,,-1,,4558.8,383.9,1447.2,13.071,0,False,383.9,False,,,262.0,11576.0,0.264,0.264,False,"https://www.google.com/maps/@5.01594254,97.29311568,250m/data=!3m1!1e3",True,True,40,Cropland,True
55017,KOPERASI DESA MERAH PUTIH SYARIAH COT MEE KECAMATAN NISAM,ACEH,KAB. ACEH UTARA,Nisam,5.16358695,97.03991649,False,,-1,,6187.0,True,,4425648,286.4,0.0,False,,-1,,12452.9,676.7,2439.0,6.798,0,False,676.7,False,,,3.0,9165.0,0.132,0.132,True,"https://www.google.com/maps/@5.16358695,97.03991649,250m/data=!3m1!1e3",True,True,40,Cropland,True
1237,KOPERASI DESA MERAH PUTIH TIREM KECAMATAN DUDUKSAMPEYAN,JAWA TIMUR,KAB. GRESIK,Duduksampeyan,-7.17678552,112.5473818,False,,-1,,5730.8,True,,1473496654,285.4,0.0,False,,-1,,3992.2,312.2,3689.0,1.831,0,False,312.2,False,Terverifikasi,Agrinas,141.0,12001.0,0.396,0.396,False,"https://www.google.com/maps/@-7.17678552,112.5473818,250m/data=!3m1!1e3",True,True,80,Water,False
56632,KOPERASI DESA MERAH PUTIH JOHO KECAMATAN MOJOLABAN KABUPATEN SUKOHARJO,JAWA TENGAH,KAB. SUKOHARJO,Mojolaban,-7.59140332,110.8876243,False,,-1,,292.3,True,,687049591,283.6,0.0,False,,-1,,1715.0,358.6,1078.5,1.298,0,False,358.6,False,Terverifikasi,KOPERASI,872.0,53407.0,0.0,0.0,True,"https://www.google.com/maps/@-7.59140332,110.8876243,250m/data=!3m1!1e3",True,True,40,Cropland,True
37020,KOPERASI DESA MERAH PUTIH KAREHKEL KECAMATAN LEUWILIANG,JAWA BARAT,KAB. BOGOR,Leuwiliang,-6.55026662,106.6348459,False,,-1,,4050.5,True,,186622688,278.0,0.0,False,,-1,,2545.3,0.0,596.5,1.148,1,False,0.0,False,Terverifikasi,Agrinas,2535.0,64464.0,0.264,0.264,False,"https://www.google.com/maps/@-6.55026662,106.6348459,250m/data=!3m1!1e3",True,True,40,Cropland,True
2096,KOPERASI DESA MERAH PUTIH PURWODADI KECAMATAN SIDAYU,JAWA TIMUR,KAB. GRESIK,Sidayu,-6.99010945,112.5543616,False,,-1,,6039.8,True,,1499791918,277.5,0.0,False,,-1,,1253.6,801.9,1060.2,20.917,1,False,801.9,True,Terverifikasi,Agrinas,311.0,26448.0,0.0,0.0,True,"https://www.google.com/maps/@-6.99010945,112.5543616,250m/data=!3m1!1e3",True,True,40,Cropland,True
29998,KOPERASI DESA MERAH PUTIH SYARIAH LEU GEU KECAMATAN DARUL IMARAH,ACEH,KAB. ACEH BESAR,Darul Imarah,5.49771895,95.31930018,False,,-1,,2632.0,True,,6231599,277.3,0.0,False,,-1,,2555.0,693.1,1526.7,4.425,0,False,693.1,False,Terverifikasi,Agrinas,697.0,38870.0,0.132,0.132,True,"https://www.google.com/maps/@5.49771895,95.31930018,250m/data=!3m1!1e3",True,True,40,Cropland,True
58281,KOPERASI DESA MERAH PUTIH SYARIAH GAMPONG DILIB BUKTI,ACEH,KAB. ACEH BESAR,Sukamakmur,5.45597489,95.38494341,False,,-1,,6374.5,True,,6221226,273.9,0.0,False,,-1,,6863.5,488.3,2459.0,2.818,1,False,488.3,False,Tidak Ada Lahan,,578.0,32836.0,0.264,0.264,False,"https://www.google.com/maps/@5.45597489,95.38494341,250m/data=!3m1!1e3",True,True,40,Cropland,True
85301,KOPERASI DESA MERAH PUTIH SYARIAH GAMPONG RANGKILEH KECAMATAN MEURAH MULIA,ACEH,KAB. ACEH UTARA,Meurah Mulia,5.0911857,97.19951362,False,,-1,,5284.3,True,,5247593,269.4,0.0,False,,-1,,6903.8,458.9,2739.4,31.447,1,False,458.9,False,Tidak Ada Lahan,,208.0,24290.0,0.264,0.264,False,"https://www.google.com/maps/@5.0911857,97.19951362,250m/data=!3m1!1e3",True,True,40,Cropland,True
44004,KOPERASI DESA MERAH PUTIH BANJARSARI WETAN KECAMATAN DAGANGAN,JAWA TIMUR,KAB. MADIUN,Dagangan,-7.68674096,111.5775145,False,,-1,,2059.6,True,,1215204974,269.3,0.0,False,,-1,,2930.9,599.5,1127.2,6.046,0,False,599.5,False,Terverifikasi,Agrinas,161.0,17582.0,0.132,0.132,True,"https://www.google.com/maps/@-7.68674096,111.5775145,250m/data=!3m1!1e3",True,True,40,Cropland,True
36812,KOPERASI DESA MERAH PUTIH JETAKSARI PULOKULON GROBOGAN,JAWA TENGAH,KAB. GROBOGAN,Pulokulon,-7.12997429,111.0463457,False,,-1,,12459.7,True,,692528828,268.1,0.0,False,,-1,,1722.5,594.5,2790.9,3.407,0,False,594.5,False,Terverifikasi,KOPERASI,820.0,23134.0,0.396,0.396,False,"https://www.google.com/maps/@-7.12997429,111.0463457,250m/data=!3m1!1e3",True,True,40,Cropland,True
45344,KOPERASI DESA MERAH PUTIH SARIMAHI,JAWA BARAT,KAB. BANDUNG,Ciparay,-7.02747801,107.7108053,False,,-1,,1866.8,True,,1370526911,267.6,0.0,False,,-1,,834.6,596.8,942.4,1.696,0,False,596.8,False,Terverifikasi,Agrinas,142.0,84727.0,0.264,0.264,False,"https://www.google.com/maps/@-7.02747801,107.7108053,250m/data=!3m1!1e3",True,True,40,Cropland,True
51296,KOPERASI DESA MERAH PUTIH SETIALAKSANA CABANGBUNGIN,JAWA BARAT,KAB. BEKASI,Cabangbungin,-6.08727367,107.1706312,False,,-1,,862.9,True,,548658269,266.5,0.0,False,,-1,,2333.9,1231.6,1203.8,28.381,0,False,1203.8,True,,,1.0,65743.0,0.396,0.396,False,"https://www.google.com/maps/@-6.08727367,107.1706312,250m/data=!3m1!1e3",True,True,40,Cropland,True
75997,KOPERASI DESA MERAH PUTIH SYARIAH GAMPONG MEUNASAH KULAM KECAMATAN KUTAMAKMUR,ACEH,KAB. ACEH UTARA,Kuta Makmur,5.15506341,97.04970181,False,,-1,,6647.4,True,,318290314,266.4,0.0,False,,-1,,11506.9,891.7,3451.8,1.272,0,False,891.7,True,Tidak Ada Lahan,,19.0,6995.0,0.396,0.264,False,"https://www.google.com/maps/@5.15506341,97.04970181,250m/data=!3m1!1e3",True,True,40,Cropland,True
2427,KOPERASI DESA MERAH PUTIH HENDROSARI,JAWA TIMUR,KAB. GRESIK,Menganti,-7.2397119,112.5767062,False,,-1,,1807.6,True,,1542513329,266.2,0.0,False,,-1,,3774.3,580.4,2640.7,2.465,0,False,580.4,False,Terverifikasi,KOPERASI,947.0,58532.0,0.264,0.264,False,"https://www.google.com/maps/@-7.2397119,112.5767062,250m/data=!3m1!1e3",True,True,40,Cropland,True
56765,KOPERASI DESA MERAH PUTIH TANJAKAN MEKAR,BANTEN,KAB. TANGERANG,Rajeg,-6.0983042,106.5350133,False,,-1,,896.2,True,,513328496,265.8,0.0,False,,-1,,3667.8,180.5,1007.7,1.597,1,False,180.5,False,,,2655.0,133315.0,0.132,0.132,True,"https://www.google.com/maps/@-6.0983042,106.5350133,250m/data=!3m1!1e3",True,True,40,Cropland,True
69957,KOPERASI DESA MERAH PUTIH MANGUNREJO KECAMATAN KEBONAGUNG KABUPATEN DEMAK,JAWA TENGAH,KAB. DEMAK,Kebonagung,-7.00403768,110.7398026,False,,-1,,10094.1,True,,692467889,264.2,0.0,False,,-1,,9407.6,448.8,1815.4,3.506,0,False,448.8,False,Terverifikasi,Agrinas,384.0,21330.0,0.264,0.0,True,"https://www.google.com/maps/@-7.00403768,110.7398026,250m/data=!3m1!1e3",True,True,40,Cropland,True
74596,KOPERASI DESA MERAH PUTIH NAGARI PANTA PAUH,SUMATERA BARAT,KAB. AGAM,Matur,-0.31196744,100.2843308,False,,-1,,8667.8,True,,1408512347,263.6,0.0,False,,-1,,9684.0,1741.6,5173.8,1.249,0,False,1741.6,True,,,14.0,5822.0,0.0,0.0,True,"https://www.google.com/maps/@-0.31196744,100.2843308,250m/data=!3m1!1e3",True,True,10,Tree cover,False
51114,KOPERASI DESA MERAH PUTIH KASERANGAN,BANTEN,KAB. SERANG,Ciruas,-6.13326184,106.2531211,False,,-1,,2679.5,True,,533378821,262.9,0.0,False,,-1,,3438.0,1053.2,2472.9,2.63,0,False,1053.2,True,Tidak Ada Lahan,,64.0,71436.0,0.528,0.528,False,"https://www.google.com/maps/@-6.13326184,106.2531211,250m/data=!3m1!1e3",True,True,10,Tree cover,False
26064,KOPERASI DESA MERAH PUTIH SYARIAH GAMPONG ULEE TUY,ACEH,KAB. ACEH BESAR,Darul Imarah,5.49969449,95.31140095,False,,-1,,1735.7,True,,6231599,262.9,0.0,False,,-1,,1885.3,629.2,778.8,4.425,0,False,629.2,False,Terverifikasi,KOPERASI,863.0,33889.0,0.0,0.0,True,"https://www.google.com/maps/@5.49969449,95.31140095,250m/data=!3m1!1e3",True,True,40,Cropland,True
32539,KOPERASI DESA MERAH PUTIH SAMPARONG,NUSA TENGGARA TIMUR,KAB. SIKKA,Alok,-8.11529583,122.12065357,False,,-1,,46546.0,True,,19364824,262.3,0.0,False,,-1,,46670.0,1644.8,45760.6,1.89,0,False,1644.8,True,Sedang Diverifikasi,KEMENTERIAN KESEHATAN,4.0,382.0,0.264,0.0,True,"https://www.google.com/maps/@-8.11529583,122.12065357,250m/data=!3m1!1e3",True,True,30,Grassland,False
65839,KOPERASI DESA MERAH PUTIH SATAR PADUT,NUSA TENGGARA TIMUR,KAB. MANGGARAI TIMUR,Lamba Leda Utara,-8.3020693,120.6003436,False,,-1,,11870.8,True,,1466685663,261.0,0.0,False,,-1,,12040.7,652.9,10702.9,2.193,1,False,652.9,False,Terverifikasi,KOPERASI,821.0,5550.0,0.132,0.132,True,"https://www.google.com/maps/@-8.3020693,120.6003436,250m/data=!3m1!1e3",True,True,40,Cropland,True
58774,KOPERASI DESA MERAH PUTIH BUDURAN KECAMATAN WONOASRI,JAWA TIMUR,KAB. MADIUN,Wonoasri,-7.54422365,111.6387841,False,,-1,,624.6,True,,1072239587,260.6,0.0,False,,-1,,1605.4,493.0,639.7,3.91,0,False,493.0,False,Terverifikasi,KEMENTERIAN KELAUTAN DAN PERIKANAN,791.0,31529.0,0.264,0.264,False,"https://www.google.com/maps/@-7.54422365,111.6387841,250m/data=!3m1!1e3",True,True,40,Cropland,True
82643,KOPERASI DESA MERAH PUTIH SYARIAH GAMPONG TEUNGOH SEULEUMAK,ACEH,KAB. ACEH UTARA,Matangkuli,5.0245445,97.2443409,False,,-1,,3769.7,True,,351852354,259.6,0.0,False,,-1,,3733.4,450.9,591.2,5.68,1,False,450.9,False,,,328.0,15088.0,0.264,0.132,True,"https://www.google.com/maps/@5.0245445,97.2443409,250m/data=!3m1!1e3",True,True,40,Cropland,True
91943,KOPERASI DESA MERAH PUTIH SYARIAH GAMPONG BLANG BUNGONG PERUBAHAN ANGGARAN DASAR,ACEH,KAB. PIDIE,Tangse,5.03478982,95.93468288,False,,-1,,38894.5,True,,6291515,258.4,0.0,False,,-1,,34945.9,732.4,12636.9,1.946,0,False,732.4,False,Terverifikasi,Agrinas,359.0,11124.0,0.396,0.396,False,"https://www.google.com/maps/@5.03478982,95.93468288,250m/data=!3m1!1e3",True,True,40,Cropland,True
65438,KOPERASI DESA MERAH PUTIH SYARIAH MATA IE,ACEH,KAB. ACEH BARAT DAYA,Blangpidie,3.73977741,96.84663218,False,,-1,,243.3,True,,311414976,257.3,0.0,False,,-1,,1231.8,732.4,469.2,0.572,0,False,469.2,False,,,793.0,18993.0,0.132,0.132,True,"https://www.google.com/maps/@3.73977741,96.84663218,250m/data=!3m1!1e3",True,True,40,Cropland,True
55499,KOPERASI DESA MERAH PUTIH THAIBAH RAYA,KALIMANTAN SELATAN,KAB. BANJAR,Tatah Makmur,-3.41845926,114.5774929,False,,-1,,7785.5,True,,821904830,256.1,0.0,False,,-1,,2416.4,766.9,1959.0,2.915,0,False,766.9,False,Sedang Diverifikasi,KOPERASI,12.0,4860.0,0.264,0.264,False,"https://www.google.com/maps/@-3.41845926,114.5774929,250m/data=!3m1!1e3",True,True,40,Cropland,True
15703,KOPERASI DESA MERAH PUTIH MLALE JENAR,JAWA TENGAH,KAB. SRAGEN,Jenar,-7.33665824,111.0921201,False,,-1,,4645.2,True,,691083133,253.5,0.0,False,,-1,,6775.3,405.6,4514.2,1.104,0,False,405.6,False,Terverifikasi,Agrinas,243.0,16594.0,0.264,0.132,True,"https://www.google.com/maps/@-7.33665824,111.0921201,250m/data=!3m1!1e3",True,True,40,Cropland,True
55844,KOPERASI DESA MERAH PUTIH KEBONSARI KECAMATAN PURWODADI,JAWA TENGAH,KAB. PURWOREJO,Purwodadi,-7.85746089,110.0174678,False,,-1,,2190.7,True,,1006215114,252.9,0.0,False,,-1,,5888.4,433.3,369.9,1.074,0,False,369.9,False,Tidak Ada Lahan,,53.0,16674.0,0.264,0.264,False,"https://www.google.com/maps/@-7.85746089,110.0174678,250m/data=!3m1!1e3",True,True,40,Cropland,True
67765,KOPERASI KELURAHAN MERAH PUTIH TALANG BENIH,BENGKULU,KAB. REJANG LEBONG,Curup,-3.47220406,102.5102497,False,,-1,,610.9,True,,964972470,251.6,0.0,False,,-1,,1688.2,861.1,253.8,1.26,0,False,253.8,False,Terverifikasi,Agrinas,729.0,52828.0,0.0,0.0,True,"https://www.google.com/maps/@-3.47220406,102.5102497,250m/data=!3m1!1e3",True,True,40,Cropland,True
1923,KOPERASI DESA MERAH PUTIH TANJUNG JATI KECAMATAN MUARA ENIM KABUPATEN MUARA ENIM,SUMATERA SELATAN,KAB. MUARA ENIM,Muara Enim,-3.65595552,103.756618,False,,-1,,2657.9,True,Persawahan,481523206,248.9,0.0,False,,-1,,44940.5,1452.0,1161.6,4.818,0,False,1161.6,True,,,277.0,28142.0,0.264,0.264,False,"https://www.google.com/maps/@-3.65595552,103.756618,250m/data=!3m1!1e3",True,True,40,Cropland,True
82103,KOPERASI DESA MERAH PUTIH KURUSUMANGE KECAMATAN TANRALILI KABUPATEN MAROS,SULAWESI SELATAN,KAB. MAROS,Tanralili,-5.10333389,119.5818633,False,,-1,,4324.2,True,,1507151789,246.6,0.0,False,,-1,,2630.0,1041.5,670.4,1.76,1,False,670.4,False,Sedang Diverifikasi,BUSINESS ASSISTANCE,334.0,16157.0,0.396,0.396,False,"https://www.google.com/maps/@-5.10333389,119.5818633,250m/data=!3m1!1e3",True,True,40,Cropland,True
40673,KOPERASI DESA MERAH PUTIH BAKUR,JAWA TIMUR,KAB. MADIUN,Sawahan,-7.56799136,111.5083853,False,,-1,,3128.3,True,,670264913,245.2,0.0,False,,-1,,4379.9,602.9,1020.1,2.183,0,False,602.9,False,Terverifikasi,Agrinas,203.0,24336.0,0.264,0.0,True,"https://www.google.com/maps/@-7.56799136,111.5083853,250m/data=!3m1!1e3",True,True,40,Cropland,True
60862,KOPERASI DESA MERAH PUTIH SYARIAH COT TRIENG,ACEH,KOTA LHOKSEUMAWE,Muara Satu,5.17926132,97.06873802,False,,-1,,3434.4,True,,318563927,245.0,0.0,False,,-1,,9222.2,711.8,731.7,3.375,0,False,711.8,False,Sedang Diverifikasi,KOPERASI,127.0,7924.0,0.0,0.0,True,"https://www.google.com/maps/@5.17926132,97.06873802,250m/data=!3m1!1e3",True,True,40,Cropland,True
81817,KOPERASI DESA MERAH PUTIH SYARIAH GAMPONG MESJID BLUEK KECAMATAN MEURAH MULIA,ACEH,KAB. ACEH UTARA,Meurah Mulia,5.10269221,97.20822849,False,,-1,,3990.5,True,,5247593,245.0,0.0,False,,-1,,5368.0,406.7,1444.8,31.447,1,False,406.7,False,Tidak Ada Lahan,,422.0,31669.0,0.132,0.132,True,"https://www.google.com/maps/@5.10269221,97.20822849,250m/data=!3m1!1e3",True,True,40,Cropland,True
53664,KOPERASI DESA MERAH PUTIH SUNGGUMANAI KECAMATAN PATTALLASSANG,SULAWESI SELATAN,KAB. GOWA,Pattallasang,-5.19879063,119.5280137,False,,-1,,3205.3,True,,247059888,244.2,0.0,False,,-1,,3479.8,82.6,1915.2,2.87,1,False,82.6,False,Terverifikasi,Agrinas,279.0,20062.0,0.528,0.396,False,"https://www.google.com/maps/@-5.19879063,119.5280137,250m/data=!3m1!1e3",True,True,40,Cropland,True
75395,KOPERASI DESA MERAH PUTIH TETER,JAWA TENGAH,KAB. BOYOLALI,Simo,-7.43574143,110.6973184,False,,-1,,8595.9,True,,702502936,244.1,0.0,False,,-1,,1467.0,716.0,1073.2,1.831,0,False,716.0,False,Terverifikasi,Agrinas,66.0,27219.0,0.264,0.264,False,"https://www.google.com/maps/@-7.43574143,110.6973184,250m/data=!3m1!1e3",True,True,10,Tree cover,False
11517,KOPERASI DESA MERAH PUTIH MOROSARI KECAMATAN SUKOREJO,JAWA TIMUR,KAB. PONOROGO,Sukorejo,-7.88343167,111.4360637,False,,-1,,4340.1,True,,679548519,244.1,0.0,False,,-1,,3494.0,684.5,2958.3,6.031,0,False,684.5,False,Terverifikasi,Agrinas,961.0,27276.0,0.396,0.0,True,"https://www.google.com/maps/@-7.88343167,111.4360637,250m/data=!3m1!1e3",True,True,40,Cropland,True
38334,KOPERASI DESA MERAH PUTIH NAPU,NUSA TENGGARA TIMUR,KAB. SUMBA TIMUR,Haharu,-9.41820535,119.9230501,False,,-1,,2465.6,True,Perkebunan Jarak Pagar,7792839,243.4,0.0,False,,-1,,3071.2,2631.7,2030.2,11.051,0,False,2030.2,True,Terverifikasi,Agrinas,0.0,734.0,0.924,0.792,False,"https://www.google.com/maps/@-9.41820535,119.9230501,250m/data=!3m1!1e3",True,True,30,Grassland,False
42547,KOPERASI DESA MERAH PUTIH DESA WALUYA CIKARANG UTARA,JAWA BARAT,KAB. BEKASI,Cikarang Utara,-6.2558423,107.1917466,False,,-1,,1139.1,True,,549605358,239.6,0.0,False,,-1,,2823.6,1157.6,3865.3,5.242,0,False,1157.6,True,,,2142.0,105047.0,0.264,0.264,False,"https://www.google.com/maps/@-6.2558423,107.1917466,250m/data=!3m1!1e3",True,True,40,Cropland,True
48921,KOPERASI DESA MERAH PUTIH PRANAN KECAMATAN POLOKARTO KABUPATEN SUKOHARJO,JAWA TENGAH,KAB. SUKOHARJO,Polokarto,-7.62208756,110.8369816,False,,-1,,1132.1,True,,9574602,239.4,0.0,False,,-1,,890.8,520.2,1116.0,3.847,0,False,520.2,False,Terverifikasi,Agrinas,113.0,44915.0,0.132,0.0,True,"https://www.google.com/maps/@-7.62208756,110.8369816,250m/data=!3m1!1e3",True,True,40,Cropland,True
54886,KOPERASI DESA MERAH PUTIH KALUMPANG LOE,SULAWESI SELATAN,KAB. JENEPONTO,Arungkeke,-5.66441508,119.7927588,False,,-1,,986.7,True,,242675237,238.8,0.0,False,,-1,,3783.8,153.4,826.9,5.105,1,False,153.4,False,Tidak Ada Lahan,,416.0,17691.0,0.264,0.264,False,"https://www.google.com/maps/@-5.66441508,119.7927588,250m/data=!3m1!1e3",True,True,40,Cropland,True
75937,KOPERASI DESA MERAH PUTIH BUMIREJO KECAMATAN KEPOHBARU KABUPATEN BOJONEGORO,JAWA TIMUR,KAB. BOJONEGORO,Kepohbaru,-7.16498159,112.1080294,False,,-1,,1668.4,True,,467196430,238.6,0.0,False,,-1,,6736.1,788.1,884.9,5.477,1,False,788.1,False,Terverifikasi,Agrinas,794.0,15183.0,0.0,0.0,True,"https://www.google.com/maps/@-7.16498159,112.1080294,250m/data=!3m1!1e3",True,True,40,Cropland,True
41814,KOPERASI DESA MERAH PUTIH MOJOREJO KECAMATAN KEBONSARI,JAWA TIMUR,KAB. MADIUN,Kebonsari,-7.73948239,111.4631589,False,,-1,,5112.1,True,,1190940747,238.0,0.0,False,,-1,,6371.0,1521.6,3829.1,4.062,0,False,1521.6,True,Terverifikasi,KOPERASI,708.0,27889.0,0.264,0.0,True,"https://www.google.com/maps/@-7.73948239,111.4631589,250m/data=!3m1!1e3",True,True,40,Cropland,True
80467,KOPERASI DESA MERAH PUTIH SYARIAH GAMPONG DABOH,ACEH,KAB. PIDIE,Delima,5.34004918,95.90373805,False,,-1,,7688.0,True,,6369573,237.9,0.0,False,,-1,,9788.5,493.3,1067.7,7.17,0,False,493.3,False,,,212.0,22821.0,0.264,0.264,False,"https://www.google.com/maps/@5.34004918,95.90373805,250m/data=!3m1!1e3",True,True,40,Cropland,True
65223,KOPERASI DESA MERAH PUTIH KATEGUHAN KECAMATAN TAWANGSARI KABUPATEN SUKOHARJO,JAWA TENGAH,KAB. SUKOHARJO,Tawangsari,-7.73081267,110.79257,False,,-1,,2928.6,True,,688412601,237.7,0.0,False,,-1,,2877.5,711.8,617.1,5.105,0,False,617.1,False,Terverifikasi,Agrinas,1272.0,45421.0,0.132,0.132,True,"https://www.google.com/maps/@-7.73081267,110.79257,250m/data=!3m1!1e3",True,True,40,Cropland,True
41268,KOPERASI DESA MERAH PUTIH KEKERAN,BALI,KAB. BADUNG,Mengwi,-8.58076792,115.1598426,False,,-1,,5119.4,True,,1788690,237.3,0.0,False,,-1,,2462.7,118.4,1012.9,3.767,1,False,118.4,False,,,187.0,35260.0,0.132,0.132,True,"https://www.google.com/maps/@-8.58076792,115.1598426,250m/data=!3m1!1e3",True,True,40,Cropland,True
21018,KOPERASI DESA MERAH PUTIH SYARIAH MUSARA PAKAT KECAMATAN PINTU RIME GAYO,ACEH,KAB. BENER MERIAH,Pintu Rime Gayo,4.85880198,96.70472485,False,,-1,,37638.0,True,,892348457,235.1,0.0,False,,-1,,17220.2,1762.8,4510.4,2.746,1,False,1762.8,True,Dipertimbangkan,Agrinas,201.0,2444.0,0.0,0.0,True,"https://www.google.com/maps/@4.85880198,96.70472485,250m/data=!3m1!1e3",True,True,10,Tree cover,False
19817,KOPERASI DESA MERAH PUTIH JENARLOR,JAWA TENGAH,KAB. PURWOREJO,Purwodadi,-7.80323603,109.9821111,False,,-1,,1558.6,True,,1005597779,235.0,0.0,False,,-1,,1690.8,764.6,511.9,0.571,0,False,511.9,False,Terverifikasi,BUSINESS ASSISTANCE,299.0,19584.0,0.264,0.264,False,"https://www.google.com/maps/@-7.80323603,109.9821111,250m/data=!3m1!1e3",True,True,40,Cropland,True
57563,KOPERASI DESA MERAH PUTIH PANSOR,NUSA TENGGARA BARAT,KAB. LOMBOK UTARA,Kayangan,-8.30481554,116.3026385,False,,-1,,4191.1,True,,298787087,235.0,0.0,False,,-1,,2296.8,480.8,1028.5,0.767,1,False,480.8,False,,,307.0,11704.0,0.264,0.264,False,"https://www.google.com/maps/@-8.30481554,116.3026385,250m/data=!3m1!1e3",True,True,10,Tree cover,False
49416,KOPERASI KELURAHAN MERAH PUTIH MAULIRU,NUSA TENGGARA TIMUR,KAB. SUMBA TIMUR,Kambera,-9.6890367,120.2884591,False,,-1,,3944.8,True,,2675228,234.9,0.0,False,,-1,,4709.8,1020.4,3415.2,3.693,1,False,1020.4,True,Terverifikasi,Agrinas,438.0,13673.0,0.0,0.0,True,"https://www.google.com/maps/@-9.6890367,120.2884591,250m/data=!3m1!1e3",True,True,30,Grassland,False
81702,KOPERASI DESA MERAH PUTIH SYARIAH GAMPONG PANTE PIRAK,ACEH,KAB. ACEH UTARA,Matangkuli,5.01117486,97.27470415,False,,-1,,5144.2,True,,351852350,234.9,0.0,False,,-1,,5348.3,264.6,1405.5,3.504,0,False,264.6,False,Tidak Ada Lahan,,47.0,10703.0,0.264,0.264,False,"https://www.google.com/maps/@5.01117486,97.27470415,250m/data=!3m1!1e3",True,True,40,Cropland,True
72611,KOPERASI DESA MERAH PUTIH LEWINTANA,NUSA TENGGARA BARAT,KAB. BIMA,Soromandi,-8.46996668,118.6623095,False,,-1,,2993.4,True,Tegalan,191705234,234.7,0.0,False,,-1,,5839.6,2414.4,1380.9,2.257,0,False,1380.9,True,Terverifikasi,BUSINESS ASSISTANCE,0.0,3587.0,0.264,0.264,False,"https://www.google.com/maps/@-8.46996668,118.6623095,250m/data=!3m1!1e3",True,True,30,Grassland,False
72976,KOPERASI DESA MERAH PUTIH TAPELAN,JAWA TIMUR,KAB. MADIUN,Balerejo,-7.52954237,111.6256994,False,,-1,,2188.1,True,,1082454728,234.4,0.0,False,,-1,,1988.2,1123.9,1880.6,6.175,0,False,1123.9,True,Terverifikasi,Agrinas,497.0,21090.0,0.132,0.132,True,"https://www.google.com/maps/@-7.52954237,111.6256994,250m/data=!3m1!1e3",True,True,40,Cropland,True
46530,KOPERASI DESA MERAH PUTIH JAYARAHARJA KECAMATAN SUKAJAYA,JAWA BARAT,KAB. BOGOR,Sukajaya,-6.59651306,106.4946246,False,,-1,,10477.6,True,,186585438,234.4,0.0,False,,-1,,6869.0,0.0,889.5,2.905,1,False,0.0,False,Terverifikasi,Agrinas,1087.0,29583.0,0.264,0.264,False,"https://www.google.com/maps/@-6.59651306,106.4946246,250m/data=!3m1!1e3",True,True,40,Cropland,True
20178,KOPERASI DESA MERAH PUTIH GANDUL KECAMATAN PILANGKENCENG,JAWA TIMUR,KAB. MADIUN,Pilangkenceng,-7.48190052,111.6459865,False,,-1,,5577.7,True,,1115411140,233.3,0.0,False,,-1,,1653.4,1127.1,959.4,19.787,0,False,959.4,True,Terverifikasi,Agrinas,50.0,23180.0,0.264,0.264,False,"https://www.google.com/maps/@-7.48190052,111.6459865,250m/data=!3m1!1e3",True,True,40,Cropland,True
32294,KOPERASI DESA MERAH PUTIH RAHARJA KECAMATAN PURWAHARJA KOTA BANJAR,JAWA BARAT,KOTA BANJAR,Purwaharja,-7.35187953,108.5666465,False,,-1,,963.9,True,,799458443,231.4,0.0,False,,-1,,3239.2,610.8,683.5,0.674,0,False,610.8,False,Sedang Diverifikasi,KOPERASI,776.0,33411.0,0.264,0.264,False,"https://www.google.com/maps/@-7.35187953,108.5666465,250m/data=!3m1!1e3",True,True,40,Cropland,True
36766,KOPERASI DESA MERAH PUTIH DESA SADANG,JAWA TENGAH,KAB. KUDUS,Jekulo,-6.84355165,110.9165761,False,,-1,,6129.5,True,,692227522,230.7,0.0,False,,-1,,8075.3,742.5,2942.7,1.945,0,False,742.5,False,Terverifikasi,Agrinas,214.0,39632.0,0.132,0.132,True,"https://www.google.com/maps/@-6.84355165,110.9165761,250m/data=!3m1!1e3",True,True,40,Cropland,True
93331,KOPERASI DESA MERAH PUTIH SIEPKOSI,PAPUA PEGUNUNGAN,KAB. JAYAWIJAYA,Siepkosi,-4.05094017,138.97645664,False,,-1,,6410.5,True,,618996909,229.9,0.0,False,,-1,,4360.7,1659.1,2123.0,0.467,0,False,1659.1,True,,,0.0,4312.0,0.528,0.528,False,"https://www.google.com/maps/@-4.05094017,138.97645664,250m/data=!3m1!1e3",True,True,90,Herbaceous wetland,False
44165,KOPERASI KELURAHAN MERAH PUTIH WIRINGPALENNAE,SULAWESI SELATAN,KAB. WAJO,Tempe,-4.14472121,120.0256732,False,,-1,,1535.0,True,,221947966,228.7,0.0,False,,-1,,814.3,773.8,549.9,0.703,0,False,549.9,False,Sedang Diverifikasi,KEMENTERIAN KESEHATAN,1014.0,31344.0,0.396,0.396,False,"https://www.google.com/maps/@-4.14472121,120.0256732,250m/data=!3m1!1e3",True,True,40,Cropland,True
76763,KOPERASI DESA MERAH PUTIH SYARIAH GAMPONG CIBREK KECAMATAN SYAMTALIRA BAYU,ACEH,KAB. ACEH UTARA,Syamtalira Bayu,5.09705601,97.17940551,False,,-1,,5406.1,True,,5247593,228.0,0.0,False,,-1,,8453.7,424.4,2078.3,31.447,1,False,424.4,False,Tidak Ada Lahan,,313.0,27201.0,0.264,0.264,False,"https://www.google.com/maps/@5.09705601,97.17940551,250m/data=!3m1!1e3",True,True,40,Cropland,True
84921,KOPERASI DESA MERAH PUTIH TANGGIREJO TEGOWANU GROBOGAN,JAWA TENGAH,KAB. GROBOGAN,Tegowanu,-7.07616103,110.6301299,False,,-1,,4389.0,True,,701531367,227.2,0.0,False,,-1,,4793.2,549.5,4446.3,6.99,0,False,549.5,False,Selesai,Agrinas,0.0,21415.0,0.264,0.264,False,"https://www.google.com/maps/@-7.07616103,110.6301299,250m/data=!3m1!1e3",True,True,40,Cropland,True
23082,KOPERASI DESA MERAH PUTIH RANCASARI KECAMATAN PAMANUKAN,JAWA BARAT,KAB. SUBANG,Pamanukan,-6.30027797,107.8118906,False,,-1,,7104.5,True,,1124738139,227.1,0.0,False,,-1,,17262.3,602.5,2783.9,1.602,0,False,602.5,False,,,190.0,44062.0,0.264,0.132,True,"https://www.google.com/maps/@-6.30027797,107.8118906,250m/data=!3m1!1e3",True,True,40,Cropland,True
70978,KOPERASI DESA MERAH PUTIH SYARIAH LUENG,ACEH,KAB. BIREUEN,Jangka,5.22927738,96.78507033,False,,-1,,4818.9,True,,345546312,227.0,0.0,False,,-1,,3593.4,424.1,1783.4,3.247,0,False,424.1,False,Tidak Ada Lahan,,30.0,35989.0,0.132,0.132,True,"https://www.google.com/maps/@5.22927738,96.78507033,250m/data=!3m1!1e3",True,True,40,Cropland,True
25591,KOPERASI DESA MERAH PUTIH PERKEBUNAN RAMUNIA MANDIRI,SUMATERA UTARA,KAB. DELI SERDANG,Pantai Labu,3.6399965,98.9049684,False,,-1,,2547.6,True,,807818968,227.0,0.0,False,,-1,,9319.8,347.1,694.7,1.375,0,False,347.1,False,Sedang Diverifikasi,KOPERASI,1028.0,47002.0,0.0,0.0,True,"https://www.google.com/maps/@3.6399965,98.9049684,250m/data=!3m1!1e3",True,True,40,Cropland,True
13565,KOPERASI DESA MERAH PUTIH SYARIAH PAYA BIENG,ACEH,KAB. BIREUEN,Jangka,5.24621711,96.7882043,False,,-1,,5877.9,True,,345546312,225.3,0.0,False,,-1,,5463.0,497.9,1953.1,3.247,0,False,497.9,False,Tidak Ada Lahan,,877.0,27801.0,0.264,0.264,False,"https://www.google.com/maps/@5.24621711,96.7882043,250m/data=!3m1!1e3",True,True,40,Cropland,True
70430,KOPERASI KELURAHAN MERAH PUTIH PANGENREJO,JAWA TENGAH,KAB. PURWOREJO,Purworejo,-7.73252823,109.9938502,False,,-1,,825.3,True,,1006085258,224.6,0.0,False,,-1,,3620.8,706.4,618.6,1.088,0,False,618.6,False,Tidak Ada Lahan,,84.0,32684.0,0.264,0.264,False,"https://www.google.com/maps/@-7.73252823,109.9938502,250m/data=!3m1!1e3",True,True,40,Cropland,True
53325,KOPERASI KELURAHAN MERAH PUTIH POTU,NUSA TENGGARA BARAT,KAB. DOMPU,Dompu,-8.54080673,118.4797811,False,,-1,,1699.7,True,,155371870,224.5,0.0,False,,-1,,2014.4,516.6,1340.4,4.289,1,False,516.6,False,Sedang Diverifikasi,BUSINESS ASSISTANCE,0.0,15105.0,0.66,0.66,False,"https://www.google.com/maps/@-8.54080673,118.4797811,250m/data=!3m1!1e3",True,True,40,Cropland,True
63447,KOPERASI DESA MERAH PUTIH PETUGURAN KECAMATAN PITURUH,JAWA TENGAH,KAB. PURWOREJO,Pituruh,-7.69187641,109.8037934,False,,-1,,3733.1,True,,692784575,223.4,0.0,False,,-1,,3447.6,342.5,3488.7,1.407,0,False,342.5,False,Terverifikasi,Agrinas,297.0,24355.0,0.264,0.264,False,"https://www.google.com/maps/@-7.69187641,109.8037934,250m/data=!3m1!1e3",True,True,40,Cropland,True
21013,KOPERASI DESA MERAH PUTIH JATIKALANG,JAWA TIMUR,KAB. SIDOARJO,Krian,-7.3887212,112.6258234,False,,-1,,2492.7,True,,654812641,223.2,0.0,False,,-1,,4204.2,87.0,1832.0,0.725,1,False,87.0,False,Terverifikasi,Agrinas,2223.0,123518.0,0.132,0.0,True,"https://www.google.com/maps/@-7.3887212,112.6258234,250m/data=!3m1!1e3",True,True,40,Cropland,True
80977,KOPERASI DESA MERAH PUTIH SYARIAH HAGU KUNYET,ACEH,KAB. PIDIE,Padang Tiji,5.33737055,95.8740212,False,,-1,,10536.2,True,,6369571,222.4,0.0,False,,-1,,13094.7,560.0,1555.6,5.853,0,False,560.0,False,,,17.0,9888.0,0.264,0.264,False,"https://www.google.com/maps/@5.33737055,95.8740212,250m/data=!3m1!1e3",True,True,10,Tree cover,False
27022,KOPERASI DESA MERAH PUTIH GEMPOLAN KECAMATAN GURAH,JAWA TIMUR,KAB. KEDIRI,Gurah,-7.8031048,112.109933,False,,-1,,337.3,True,,310124556,221.8,0.0,False,,-1,,1615.5,782.8,2404.0,3.536,0,False,782.8,False,Terverifikasi,BUSINESS ASSISTANCE,443.0,39168.0,0.264,0.264,False,"https://www.google.com/maps/@-7.8031048,112.109933,250m/data=!3m1!1e3",True,True,10,Tree cover,False
65166,KOPERASI DESA MERAH PUTIH SERANG KECAMATAN KEJAJAR KABUPATEN WONOSOBO,JAWA TENGAH,KAB. WONOSOBO,Kejajar,-7.24867539,109.946135,False,,-1,,2398.8,True,,19146207,221.0,0.0,False,,-1,,5823.2,874.8,4774.1,3.682,0,False,874.8,True,Terverifikasi,Agrinas,710.0,18552.0,0.264,0.264,False,"https://www.google.com/maps/@-7.24867539,109.946135,250m/data=!3m1!1e3",True,True,30,Grassland,False
65241,KOPERASI DESA MERAH PUTIH DLISEN WETAN,JAWA TENGAH,KAB. PURWOREJO,Pituruh,-7.68799345,109.8330091,False,,-1,,1732.4,True,,692787032,221.0,0.0,False,,-1,,4566.6,377.5,3632.1,4.637,0,False,377.5,False,Terverifikasi,Agrinas,506.0,22054.0,0.132,0.132,True,"https://www.google.com/maps/@-7.68799345,109.8330091,250m/data=!3m1!1e3",True,True,40,Cropland,True
73277,KOPERASI DESA MERAH PUTIH GEGELANG,NUSA TENGGARA BARAT,KAB. LOMBOK BARAT,Lingsar,-8.57785984,116.162208,False,,-1,,694.0,True,,174637148,217.8,0.0,False,,-1,,1832.4,389.6,427.6,2.112,0,False,389.6,False,Terverifikasi,Agrinas,57.0,73803.0,0.132,0.132,True,"https://www.google.com/maps/@-8.57785984,116.162208,250m/data=!3m1!1e3",True,True,10,Tree cover,False
16380,KOPERASI DESA MERAH PUTIH SURYA BAHARI KECAMATAN PAKUHAJI,BANTEN,KAB. TANGERANG,Pakuhaji,-6.0423922,106.5748261,False,,-1,,487.4,True,,1321422183,217.6,0.0,False,,-1,,8392.0,34.1,1065.5,1.825,1,False,34.1,False,Sedang Diverifikasi,BUSINESS ASSISTANCE,183.0,46752.0,0.264,0.264,False,"https://www.google.com/maps/@-6.0423922,106.5748261,250m/data=!3m1!1e3",True,True,40,Cropland,True
76765,KOPERASI DESA MERAH PUTIH SYARIAH GAMPONG ULEE GAMPONG KECAMATAN SYAMTALIRA BAYU,ACEH,KAB. ACEH UTARA,Syamtalira Bayu,5.10139756,97.19247137,False,,-1,,4348.3,True,,5247593,216.7,0.0,False,,-1,,6942.9,294.5,1683.6,31.447,1,False,294.5,False,Tidak Ada Lahan,,361.0,34310.0,0.132,0.132,True,"https://www.google.com/maps/@5.10139756,97.19247137,250m/data=!3m1!1e3",True,True,40,Cropland,True
13685,KOPERASI DESA MERAH PUTIH ANYAR KECAMATAN BAYAN,NUSA TENGGARA BARAT,KAB. LOMBOK UTARA,Bayan,-8.23673531,116.4134994,False,,-1,,1659.4,True,,301618916,216.5,0.0,False,,-1,,1120.1,1588.8,586.8,3.365,0,False,586.8,False,Terverifikasi,Agrinas,508.0,8190.0,0.264,0.264,False,"https://www.google.com/maps/@-8.23673531,116.4134994,250m/data=!3m1!1e3",True,True,10,Tree cover,False
46132,KOPERASI DESA MERAH PUTIH SYARIAH GAMPONG JAMBEE KECAMATAN DELIMA,ACEH,KAB. PIDIE,Delima,5.35263871,95.9009473,False,,-1,,7108.8,True,,6369573,215.5,0.0,False,,-1,,10108.8,412.0,993.4,7.17,0,False,412.0,False,Tidak Ada Lahan,,771.0,21790.0,0.264,0.264,False,"https://www.google.com/maps/@5.35263871,95.9009473,250m/data=!3m1!1e3",True,True,40,Cropland,True
75069,KOPERASI DESA MERAH PUTIH CANDEN KECAMATAN SAMBI KABUPATEN BOYOLALI,JAWA TENGAH,KAB. BOYOLALI,Sambi,-7.50697659,110.7066941,False,,-1,,2025.1,True,,482942822,215.4,0.0,False,,-1,,2283.1,552.3,431.3,0.542,0,False,431.3,False,Terverifikasi,Agrinas,303.0,29547.0,0.0,0.0,True,"https://www.google.com/maps/@-7.50697659,110.7066941,250m/data=!3m1!1e3",True,True,40,Cropland,True
76740,KOPERASI DESA MERAH PUTIH SYARIAH GAMPONG BLANG SEUREUKUY KECAMATAN SYAMTALIRA BAYU,ACEH,KAB. ACEH UTARA,Syamtalira Bayu,5.07527529,97.19036318,False,,-1,,7194.3,True,,5247593,212.8,0.0,False,,-1,,8827.0,364.0,4472.6,31.447,1,False,364.0,False,Tidak Ada Lahan,,504.0,19735.0,0.132,0.132,True,"https://www.google.com/maps/@5.07527529,97.19036318,250m/data=!3m1!1e3",True,True,40,Cropland,True
70330,KOPERASI DESA MERAH PUTIH LEMPUYANG KECAMATAN WONOSALAM KABUPATEN DEMAK,JAWA TENGAH,KAB. DEMAK,Wonosalam,-6.93729926,110.6489417,False,,-1,,3383.4,True,,1305874712,212.7,0.0,False,,-1,,4947.5,276.1,1280.1,6.729,0,False,276.1,False,Terverifikasi,KOPERASI,10.0,34372.0,0.132,0.132,True,"https://www.google.com/maps/@-6.93729926,110.6489417,250m/data=!3m1!1e3",True,True,40,Cropland,True
63388,KOPERASI DESA MERAH PUTIH SYARIAH GAMPONG TEUPIN MEE,ACEH,KAB. ACEH UTARA,Tanah Luas,5.02671979,97.23474727,False,,-1,,3755.1,True,,351611227,212.6,0.0,False,,-1,,3631.9,256.8,740.0,11.604,0,False,256.8,False,,,285.0,14691.0,0.132,0.132,True,"https://www.google.com/maps/@5.02671979,97.23474727,250m/data=!3m1!1e3",True,True,40,Cropland,True
70233,KOPERASI DESA MERAH PUTIH SYARIAH GAMPONG RIBEUN BUSU,ACEH,KAB. PIDIE,Mutiara,5.2841969,95.9620415,False,,-1,,11257.4,True,,6369574,212.5,0.0,False,,-1,,7550.8,293.1,252.1,7.524,1,False,252.1,False,,,1075.0,30087.0,0.0,0.0,True,"https://www.google.com/maps/@5.2841969,95.9620415,250m/data=!3m1!1e3",True,True,40,Cropland,True
77231,KOPERASI DESA MERAH PUTIH SYARIAH GAMPONG BALEE BUSU,ACEH,KAB. PIDIE,Mutiara,5.2841969,95.9620415,False,,-1,,11257.4,True,,6369574,212.5,0.0,False,,-1,,7550.8,293.1,252.1,7.524,1,False,252.1,False,Terverifikasi,Agrinas,1075.0,30087.0,0.0,0.0,True,"https://www.google.com/maps/@5.2841969,95.9620415,250m/data=!3m1!1e3",True,True,40,Cropland,True
37882,KOPERASI DESA MERAH PUTIH BACEM KECAMATAN KEBONSARI,JAWA TIMUR,KAB. MADIUN,Kebonsari,-7.70615472,111.5088556,False,,-1,,474.1,True,,670520210,212.4,0.0,False,,-1,,3074.2,671.2,832.2,1.869,0,False,671.2,False,Terverifikasi,KOPERASI,1005.0,33546.0,0.264,0.264,False,"https://www.google.com/maps/@-7.70615472,111.5088556,250m/data=!3m1!1e3",True,True,40,Cropland,True
82656,KOPERASI DESA MERAH PUTIH SYARIAH GAMPONG DAYAH BARO,ACEH,KAB. ACEH UTARA,Matangkuli,5.02906294,97.25707989,False,,-1,,4884.4,True,,351852354,212.0,0.0,False,,-1,,4916.7,382.9,886.1,5.68,1,False,382.9,False,Sedang Diverifikasi,KOPERASI,170.0,14057.0,0.264,0.264,False,"https://www.google.com/maps/@5.02906294,97.25707989,250m/data=!3m1!1e3",True,True,40,Cropland,True
81769,KOPERASI DESA MERAH PUTIH SYARIAH GAMPONG KUMBANG KECAMATAN MEURAH MULIA,ACEH,KAB. ACEH UTARA,Meurah Mulia,5.07594548,97.22179953,False,,-1,,7090.2,True,,5247593,211.4,0.0,False,,-1,,6674.5,644.9,3374.1,31.447,1,False,644.9,False,Tidak Ada Lahan,,1.0,25105.0,0.264,0.264,False,"https://www.google.com/maps/@5.07594548,97.22179953,250m/data=!3m1!1e3",True,True,40,Cropland,True
37672,KOPERASI DESA MERAH PUTIH SUKAJADI SUKAKARYA,JAWA BARAT,KAB. BEKASI,Sukakarya,-6.17092981,107.1975643,False,,-1,,948.3,True,,549605364,211.4,0.0,False,,-1,,2063.4,792.9,548.9,33.95,1,False,548.9,False,Dipertimbangkan,Agrinas,1470.0,69410.0,0.132,0.132,True,"https://www.google.com/maps/@-6.17092981,107.1975643,250m/data=!3m1!1e3",True,True,40,Cropland,True
12055,KOPERASI DESA MERAH PUTIH AKEDAGA,MALUKU UTARA,KAB. HALMAHERA TIMUR,Wasile Timur,1.12795313,128.216093,False,,-1,,28674.2,True,,340801176,211.0,0.0,False,,-1,,28693.2,2875.5,3697.2,11.069,0,False,2875.5,True,,,215.0,7380.0,0.132,0.132,True,"https://www.google.com/maps/@1.12795313,128.216093,250m/data=!3m1!1e3",True,True,30,Grassland,False
19118,KOPERASI DESA MERAH PUTIH SIDOARJO II RAMUNIA KECAMATAN BERINGIN KABUPATEN DELI SERDANG,SUMATERA UTARA,KAB. DELI SERDANG,Beringin,3.62322931,98.91938653,False,,-1,,3543.2,True,,945302183,209.6,0.0,False,,-1,,8393.3,1312.8,1820.8,5.863,0,False,1312.8,True,Sedang Diverifikasi,BUSINESS ASSISTANCE,2.0,33573.0,0.132,0.132,True,"https://www.google.com/maps/@3.62322931,98.91938653,250m/data=!3m1!1e3",True,True,40,Cropland,True
4006,KOPERASI DESA MERAH PUTIH RIAS KECAMATAN TOBOALI,KEPULAUAN BANGKA BELITUNG,KAB. BANGKA SELATAN,Toboali,-2.949027,106.3950908,False,,-1,,8077.9,True,Areal Persawahan Rias,124831855,208.9,0.0,False,,-1,,95000.2,4029.2,3202.6,13.155,0,False,3202.6,True,Selesai,Agrinas,89.0,6395.0,0.264,0.264,False,"https://www.google.com/maps/@-2.949027,106.3950908,250m/data=!3m1!1e3",True,True,40,Cropland,True
63229,KOPERASI DESA MERAH PUTIH PABERASAN KECAMATAN SAMPANG KABUPATEN CILACAP,JAWA TENGAH,KAB. CILACAP,Sampang,-7.59036351,109.2338508,False,,-1,,6704.3,True,,681334195,207.7,0.0,False,,-1,,13739.2,407.0,2263.0,0.573,0,False,407.0,False,,,899.0,34569.0,0.132,0.132,True,"https://www.google.com/maps/@-7.59036351,109.2338508,250m/data=!3m1!1e3",True,True,40,Cropland,True
61110,KOPERASI DESA MERAH PUTIH TLOGOHENDRO,JAWA TENGAH,KAB. PEKALONGAN,Petungkriyono,-7.15278304,109.7708014,False,,-1,,7855.3,True,,18584268,207.6,0.0,False,,-1,,8745.7,580.6,3512.9,1.919,0,False,580.6,False,Tidak Ada Lahan,,472.0,4477.0,0.132,0.132,True,"https://www.google.com/maps/@-7.15278304,109.7708014,250m/data=!3m1!1e3",True,True,10,Tree cover,False
68774,KOPERASI DESA MERAH PUTIH SYARIAH GAMPONG MESJID NICAH,ACEH,KAB. PIDIE,Keumala,5.22142146,95.89140502,False,,-1,,19548.0,True,,459258153,207.6,0.0,False,,-1,,17679.2,479.8,418.2,0.951,0,False,418.2,False,Sedang Diverifikasi,KOPERASI,667.0,10373.0,0.132,0.132,True,"https://www.google.com/maps/@5.22142146,95.89140502,250m/data=!3m1!1e3",True,True,40,Cropland,True
70344,KOPERASI DESA MERAH PUTIH LANTA LAMBU,NUSA TENGGARA BARAT,KAB. BIMA,Lambu,-8.6166678,118.9951304,False,,-1,,6178.9,True,sawah,1077727904,207.5,0.0,False,,-1,,4956.0,2231.8,338.8,0.513,0,False,338.8,False,Terverifikasi,KOPERASI,1109.0,18107.0,0.132,0.132,True,"https://www.google.com/maps/@-8.6166678,118.9951304,250m/data=!3m1!1e3",True,True,40,Cropland,True
91421,KOPERASI DESA MERAH PUTIH PABUMA,PAPUA PEGUNUNGAN,KAB. JAYAWIJAYA,Pisugi,-4.06172346,138.96956979,False,,-1,,5024.3,True,,617092627,207.0,0.0,False,,-1,,3203.0,1444.4,1404.0,0.43,0,False,1404.0,True,Tidak Ada Lahan,,49.0,5502.0,0.396,0.396,False,"https://www.google.com/maps/@-4.06172346,138.96956979,250m/data=!3m1!1e3",True,True,30,Grassland,False
38073,KOPERASI KELURAHAN MERAH PUTIH PATTAPANG,SULAWESI SELATAN,KAB. GOWA,Tinggimoncong,-5.25314759,119.9014185,False,,-1,,6058.4,True,,1507152062,205.4,0.0,False,,-1,,4047.8,606.8,1009.1,1.329,0,False,606.8,False,Terverifikasi,BUSINESS ASSISTANCE,237.0,11770.0,0.264,0.264,False,"https://www.google.com/maps/@-5.25314759,119.9014185,250m/data=!3m1!1e3",True,True,10,Tree cover,False
85165,KOPERASI DESA MERAH PUTIH SYARIAH GAMPONG TUMPOK MESJID,ACEH,KAB. ACEH UTARA,Paya Bakong,5.01204714,97.25158516,False,,-1,,3040.7,True,,351852354,204.5,0.0,False,,-1,,3140.7,366.6,455.0,5.68,1,False,366.6,False,Tidak Ada Lahan,,521.0,12278.0,0.132,0.132,True,"https://www.google.com/maps/@5.01204714,97.25158516,250m/data=!3m1!1e3",True,True,40,Cropland,True
35007,KOPERASI DESA MERAH PUTIH MOJOSARI KECAMATAN KAUMAN KABUPATEN TULUNGAGUNG,JAWA TIMUR,KAB. TULUNGAGUNG,Kauman,-8.04118292,111.87065,False,,-1,,3310.9,True,,668996049,204.3,0.0,False,,-1,,1550.5,784.8,3300.4,1.131,0,False,784.8,False,Terverifikasi,BUSINESS ASSISTANCE,810.0,33627.0,0.264,0.132,True,"https://www.google.com/maps/@-8.04118292,111.87065,250m/data=!3m1!1e3",True,True,40,Cropland,True
76370,KOPERASI DESA MERAH PUTIH SYARIAH GAMPONG MANGGRA,ACEH,KAB. ACEH BESAR,Indrapuri,5.414497,95.477838,False,,-1,,16215.7,True,,464439914,204.3,0.0,False,,-1,,12734.9,352.3,812.7,0.465,0,False,352.3,False,Terverifikasi,Agrinas,1346.0,19032.0,0.0,0.0,True,"https://www.google.com/maps/@5.414497,95.477838,250m/data=!3m1!1e3",True,True,30,Grassland,False
81937,KOPERASI DESA MERAH PUTIH SIBRAMA KECAMATAN KEMRANJEN KABUPATEN BANYUMAS,JAWA TENGAH,KAB. BANYUMAS,Kemranjen,-7.61222252,109.3255292,False,,-1,,5823.2,True,,681133305,203.8,0.0,False,,-1,,3842.0,614.0,2222.8,1.447,0,False,614.0,False,Terverifikasi,KOPERASI,975.0,40883.0,0.132,0.132,True,"https://www.google.com/maps/@-7.61222252,109.3255292,250m/data=!3m1!1e3",True,True,40,Cropland,True
59961,KOPERASI KELURAHAN MERAH PUTIH MUSTIKASARI,JAWA BARAT,KOTA BEKASI,Mustikajaya,-6.29640245,107.0080515,False,,-1,,1005.0,True,,1077585695,202.6,0.0,False,,-1,,1389.6,808.4,815.8,0.543,0,False,808.4,True,Sedang Diverifikasi,BUSINESS ASSISTANCE,5770.0,372817.0,0.132,0.132,True,"https://www.google.com/maps/@-6.29640245,107.0080515,250m/data=!3m1!1e3",True,True,10,Tree cover,False
64115,KOPERASI DESA MERAH PUTIH JATIRAGA,JAWA BARAT,KAB. MAJALENGKA,Jatitujuh,-6.61549075,108.2422857,False,,-1,,628.7,True,,472456776,201.6,0.0,False,,-1,,16140.5,892.6,8967.8,117.297,0,False,892.6,True,Terverifikasi,Agrinas,448.0,17122.0,0.132,0.0,True,"https://www.google.com/maps/@-6.61549075,108.2422857,250m/data=!3m1!1e3",True,True,40,Cropland,True
65250,KOPERASI DESA MERAH PUTIH SIWAL KECAMATAN BAKI KABUPATEN SUKOHARJO,JAWA TENGAH,KAB. SUKOHARJO,Baki,-7.59101321,110.7773826,False,,-1,,371.5,True,,501721770,201.1,0.0,False,,-1,,2800.7,428.9,904.9,0.473,0,False,428.9,False,Terverifikasi,Agrinas,923.0,76678.0,0.132,0.0,True,"https://www.google.com/maps/@-7.59101321,110.7773826,250m/data=!3m1!1e3",True,True,40,Cropland,True
13708,KOPERASI DESA MERAH PUTIH CILEUNYI WETAN,JAWA BARAT,KAB. BANDUNG,Cileunyi,-6.96285927,107.7340967,False,,-1,,3145.3,True,,905408812,200.4,0.0,False,,-1,,3446.1,2169.5,1222.1,1.829,0,False,1222.1,True,Terverifikasi,Agrinas,1186.0,90455.0,0.264,0.264,False,"https://www.google.com/maps/@-6.96285927,107.7340967,250m/data=!3m1!1e3",True,True,40,Cropland,True
15496,KOPERASI DESA MERAH PUTIH SYARIAH KALIJAGA TIMUR KECAMATAN AIKMEL,NUSA TENGGARA BARAT,KAB. LOMBOK TIMUR,Aikmel,-8.58672379,116.5608875,False,,-1,,7482.9,True,,649544914,199.9,0.0,False,,-1,,2860.0,1072.6,907.3,2.572,1,False,907.3,True,Terverifikasi,KOPERASI,345.0,37082.0,0.0,0.0,True,"https://www.google.com/maps/@-8.58672379,116.5608875,250m/data=!3m1!1e3",True,True,10,Tree cover,False
40999,KOPERASI DESA MERAH PUTIH SUKADAYA SUKAWANGI,JAWA BARAT,KAB. BEKASI,Sukawangi,-6.14142807,107.0971756,False,,-1,,3290.4,True,,1258297900,199.2,0.0,False,,-1,,5751.4,1136.2,2865.2,1.012,0,False,1136.2,True,Perlu Verifikasi Lanjutan,Agrinas,573.0,28017.0,0.528,0.132,True,"https://www.google.com/maps/@-6.14142807,107.0971756,250m/data=!3m1!1e3",True,True,40,Cropland,True
71531,KOPERASI DESA MERAH PUTIH HADILUWIH,JAWA TENGAH,KAB. SRAGEN,Sumberlawang,-7.35414369,110.860327,False,,-1,,6278.7,True,,697747994,197.5,0.0,False,,-1,,5874.3,719.9,2367.6,0.578,0,False,719.9,False,Selesai,Agrinas,797.0,17030.0,0.132,0.132,True,"https://www.google.com/maps/@-7.35414369,110.860327,250m/data=!3m1!1e3",True,True,40,Cropland,True
9458,KOPERASI DESA MERAH PUTIH SYARIAH KEDATARAN GABUNGAN KECAMATAN LAWE SIGALA GALA,ACEH,KAB. ACEH TENGGARA,Lawe Sigala-Gala,3.3136006,97.91642169,False,,-1,,20068.4,True,,1469447190,197.3,0.0,False,,-1,,21888.5,431.6,3439.3,3.138,0,False,431.6,False,Terverifikasi,Agrinas,53.0,4246.0,0.264,0.264,False,"https://www.google.com/maps/@3.3136006,97.91642169,250m/data=!3m1!1e3",True,True,40,Cropland,True
59925,KOPERASI DESA MERAH PUTIH TANJUNG SABAR,SUMATERA BARAT,KOTA PARIAMAN,Pariaman Utara,-0.59370327,100.1179765,False,,-1,,11059.4,True,,302856111,197.2,0.0,False,,-1,,3637.9,449.4,965.8,0.856,0,False,449.4,False,Tidak Ada Lahan,,385.0,25829.0,0.264,0.264,False,"https://www.google.com/maps/@-0.59370327,100.1179765,250m/data=!3m1!1e3",True,True,40,Cropland,True
54366,KOPERASI DESA MERAH PUTIH GINTUNGAN KECAMATAN GEBANG,JAWA TENGAH,KAB. PURWOREJO,Gebang,-7.68453308,109.9971738,False,,-1,,909.5,True,,1006375873,197.0,0.0,False,,-1,,2928.7,323.8,350.3,1.051,0,False,323.8,False,Terverifikasi,Agrinas,468.0,23324.0,0.264,0.264,False,"https://www.google.com/maps/@-7.68453308,109.9971738,250m/data=!3m1!1e3",True,True,40,Cropland,True
1429,KOPERASI DESA MERAH PUTIH MANTINGAN TENGAH,JAWA TENGAH,KAB. PATI,Jakenan,-6.78116011,111.1414913,False,,-1,,10275.7,True,,692525936,196.3,0.0,False,,-1,,3374.4,598.7,521.3,3.195,1,False,521.3,False,Sedang Diverifikasi,BUSINESS ASSISTANCE,1029.0,18905.0,0.132,0.132,True,"https://www.google.com/maps/@-6.78116011,111.1414913,250m/data=!3m1!1e3",True,True,40,Cropland,True
62873,KOPERASI DESA MERAH PUTIH SYARIAH MESJID BEURABO,ACEH,KAB. PIDIE,Padang Tiji,5.37912987,95.87048349,False,,-1,,9465.1,True,,428312210,196.2,0.0,False,,-1,,13957.0,453.6,411.2,0.838,0,False,411.2,False,Tidak Ada Lahan,,231.0,15358.0,0.264,0.264,False,"https://www.google.com/maps/@5.37912987,95.87048349,250m/data=!3m1!1e3",True,True,40,Cropland,True
80868,KOPERASI DESA MERAH PUTIH SYARIAH GAMPONG BUKET GURU,ACEH,KAB. ACEH UTARA,Paya Bakong,4.98326846,97.24027684,False,,-1,,1365.2,True,,351852361,195.9,0.0,False,,-1,,1689.8,783.2,755.6,1.519,0,False,755.6,False,Terverifikasi,Agrinas,460.0,13417.0,0.264,0.264,False,"https://www.google.com/maps/@4.98326846,97.24027684,250m/data=!3m1!1e3",True,True,40,Cropland,True
12587,KOPERASI DESA MERAH PUTIH TAJAU MULYA,KALIMANTAN SELATAN,KAB. TANAH LAUT,Batu Ampar,-3.90602509,114.8323687,False,,-1,,9426.7,True,,169396575,195.8,0.0,False,,-1,,4578.7,2102.1,2823.2,5.066,0,False,2102.1,True,Terverifikasi,KOPERASI,0.0,5603.0,1.188,1.188,False,"https://www.google.com/maps/@-3.90602509,114.8323687,250m/data=!3m1!1e3",True,True,10,Tree cover,False
67989,KOPERASI DESA MERAH PUTIH SYARIAH GAMPONG SEURIWEUK,ACEH,KAB. ACEH UTARA,Matangkuli,5.02296312,97.25268426,False,,-1,,4052.5,True,,351852354,195.4,0.0,False,,-1,,4085.4,280.7,304.6,5.68,1,False,280.7,False,Sedang Diverifikasi,KOPERASI,362.0,12911.0,0.132,0.132,True,"https://www.google.com/maps/@5.02296312,97.25268426,250m/data=!3m1!1e3",True,True,40,Cropland,True
37332,KOPERASI DESA MERAH PUTIH SALIT,SUMATERA UTARA,KAB. KARO,Tigapanah,3.05640665,98.49607082,False,,-1,,2599.7,True,,979375364,195.3,0.0,False,,-1,,4816.2,588.4,2272.5,0.35,0,False,588.4,False,Tidak Ada Lahan,,132.0,9739.0,0.132,0.132,True,"https://www.google.com/maps/@3.05640665,98.49607082,250m/data=!3m1!1e3",True,True,40,Cropland,True
76285,KOPERASI DESA MERAH PUTIH SYARIAH GAMPONG MALI MESJID,ACEH,KAB. PIDIE,Sakti,5.26520218,95.95915492,False,,-1,,13343.9,True,,6369574,195.2,0.0,False,,-1,,9600.1,478.9,556.1,7.524,1,False,478.9,False,,,787.0,30292.0,0.264,0.264,False,"https://www.google.com/maps/@5.26520218,95.95915492,250m/data=!3m1!1e3",True,True,40,Cropland,True
20224,KOPERASI KELURAHAN MERAH PUTIH KALODRAN KECAMATAN WALANTAKA KOTA SERANG,BANTEN,KOTA SERANG,Walantaka,-6.12619819,106.2124452,False,,-1,,856.6,True,,533378716,193.9,0.0,False,,-1,,7693.6,0.0,1345.4,2.693,1,False,0.0,False,Sedang Diverifikasi,KOPERASI,1904.0,104973.0,0.132,0.132,True,"https://www.google.com/maps/@-6.12619819,106.2124452,250m/data=!3m1!1e3",True,True,40,Cropland,True
19431,KOPERASI DESA MERAH PUTIH AMBEPULU,SULAWESI TENGGARA,KAB. KONAWE,Tongauna,-3.83785978,122.0291681,False,,-1,,3857.3,True,Persawahan,844448541,193.6,0.0,False,,-1,,2027.7,484.9,1860.0,1.232,0,False,484.9,False,,,65.0,13880.0,0.264,0.264,False,"https://www.google.com/maps/@-3.83785978,122.0291681,250m/data=!3m1!1e3",True,True,40,Cropland,True
19835,KOPERASI DESA MERAH PUTIH WONOKETRO KECAMATAN JETIS,JAWA TIMUR,KAB. PONOROGO,Jetis,-7.93631366,111.4721489,False,,-1,,7727.1,True,,675870049,192.6,0.0,False,,-1,,3074.3,739.8,519.0,1.368,0,False,519.0,False,Terverifikasi,KOPERASI,210.0,24787.0,0.396,0.132,True,"https://www.google.com/maps/@-7.93631366,111.4721489,250m/data=!3m1!1e3",True,True,40,Cropland,True
20686,KOPERASI DESA MERAH PUTIH JALA,NUSA TENGGARA BARAT,KAB. DOMPU,Hu'u,-8.72748777,118.4284093,False,,-1,,3147.1,True,,158675089,191.8,0.0,False,,-1,,433.2,342.5,364.1,0.945,0,False,342.5,False,Terverifikasi,KEMENTERIAN KELAUTAN DAN PERIKANAN,444.0,5015.0,0.264,0.264,False,"https://www.google.com/maps/@-8.72748777,118.4284093,250m/data=!3m1!1e3",True,True,40,Cropland,True
17433,KOPERASI DESA MERAH PUTIH SUKOREJO KECAMATAN GURAH KABUPATEN KEDIRI,JAWA TIMUR,KAB. KEDIRI,Gurah,-7.80715048,112.1012544,False,,-1,,1312.0,True,,4650408,191.4,0.0,False,,-1,,1845.5,751.2,3172.4,5.063,0,False,751.2,False,Terverifikasi,BUSINESS ASSISTANCE,167.0,38332.0,0.264,0.264,False,"https://www.google.com/maps/@-7.80715048,112.1012544,250m/data=!3m1!1e3",True,True,40,Cropland,True
77150,KOPERASI DESA MERAH PUTIH SYARIAH GAMPONG DAYAH BLANG KECAMATAN SIMPANG TIGA,ACEH,KAB. PIDIE,Simpang Tiga,5.34090264,95.97849021,False,,-1,,5541.0,True,,1118318069,191.0,0.0,False,,-1,,1571.5,435.5,361.1,1.035,0,False,361.1,False,Sedang Diverifikasi,KOPERASI,714.0,33051.0,0.132,0.132,True,"https://www.google.com/maps/@5.34090264,95.97849021,250m/data=!3m1!1e3",True,True,40,Cropland,True
54892,KOPERASI DESA MERAH PUTIH SYARIAH GAMPONG PANJOE,ACEH,KAB. PIDIE,Glumpang Tiga,5.24103162,96.0270082,False,,-1,,17825.0,True,,1118006698,191.0,0.0,False,,-1,,12190.8,354.6,1557.1,2.56,0,False,354.6,False,Sedang Diverifikasi,KOPERASI,297.0,18360.0,0.264,0.0,True,"https://www.google.com/maps/@5.24103162,96.0270082,250m/data=!3m1!1e3",True,True,40,Cropland,True
22977,KOPERASI DESA MERAH PUTIH CIMANGGU II KECAMATAN CIBUNGBULANG,JAWA BARAT,KAB. BOGOR,Cibungbulang,-6.56964904,106.6617675,False,,-1,,892.0,True,,166650836,190.6,0.0,False,,-1,,3197.8,0.0,620.0,0.71,1,False,0.0,False,Terverifikasi,Agrinas,3358.0,96863.0,0.0,0.0,True,"https://www.google.com/maps/@-6.56964904,106.6617675,250m/data=!3m1!1e3",True,True,10,Tree cover,False
9220,KOPERASI DESA MERAH PUTIH BANDUNG REJO KECAMATAN BOLIYOHUTO,GORONTALO,KAB. GORONTALO,Boliyohuto,0.68264253,122.6350748,False,,-1,,120072.1,True,,594389439,190.3,0.0,False,,-1,,33789.7,1135.6,707.4,1.576,0,False,707.4,False,Sedang Diverifikasi,KOPERASI,481.0,8652.0,0.264,0.0,True,"https://www.google.com/maps/@0.68264253,122.6350748,250m/data=!3m1!1e3",True,True,40,Cropland,True
44824,KOPERASI DESA MERAH PUTIH BRINGKENG KECAMATAN KAWUNGANTEN,JAWA TENGAH,KAB. CILACAP,Kawunganten,-7.62993814,108.9087893,False,,-1,,13874.1,True,,684293938,190.3,0.0,False,,-1,,1896.4,514.5,501.2,0.868,0,False,501.2,False,Sedang Diverifikasi,BUSINESS ASSISTANCE,520.0,10178.0,0.528,0.528,False,"https://www.google.com/maps/@-7.62993814,108.9087893,250m/data=!3m1!1e3",True,True,40,Cropland,True
11700,KOPERASI DESA MERAH PUTIH TIRON,JAWA TIMUR,KAB. MADIUN,Madiun,-7.58441045,111.5447821,False,,-1,,828.4,True,,1187942910,190.0,0.0,False,,-1,,3165.6,384.5,492.8,4.929,0,False,384.5,False,Terverifikasi,BUSINESS ASSISTANCE,1457.0,39589.0,0.0,0.0,True,"https://www.google.com/maps/@-7.58441045,111.5447821,250m/data=!3m1!1e3",True,True,40,Cropland,True
27562,KOPERASI DESA MERAH PUTIH BRAJI KECAMATAN GAPURA,JAWA TIMUR,KAB. SUMENEP,Gapura,-7.00178618,113.9084013,False,,-1,,28895.1,True,,240823630,189.1,0.0,False,,-1,,24532.6,357.4,3302.8,11.935,0,False,357.4,False,Terverifikasi,KOPERASI,542.0,15193.0,0.264,0.264,False,"https://www.google.com/maps/@-7.00178618,113.9084013,250m/data=!3m1!1e3",True,True,40,Cropland,True
978,KOPERASI DESA MERAH PUTIH KLOTOK,JAWA TIMUR,KAB. GRESIK,Balongpanggang,-7.2431982,112.4539605,False,,-1,,12659.3,True,,1476202307,187.9,0.0,False,,-1,,2736.3,97.4,3519.5,3.048,1,False,97.4,False,Terverifikasi,KOPERASI,1214.0,27410.0,0.264,0.264,False,"https://www.google.com/maps/@-7.2431982,112.4539605,250m/data=!3m1!1e3",True,True,40,Cropland,True
76059,KOPERASI DESA MERAH PUTIH SYARIAH GAMPONG LEUPUNG ULEE ALUE,ACEH,KAB. ACEH BESAR,Kuta Baro,5.5650226,95.3968955,False,,-1,,3589.8,True,,4576707,187.7,0.0,False,,-1,,4695.0,316.4,1596.5,6.716,0,False,316.4,False,,,798.0,35908.0,0.132,0.132,True,"https://www.google.com/maps/@5.5650226,95.3968955,250m/data=!3m1!1e3",True,True,40,Cropland,True
65695,KOPERASI DESA MERAH PUTIH JAGAPATI,BALI,KAB. BADUNG,Abiansemal,-8.59109935,115.2382497,False,,-1,,3462.9,True,,1745872,186.1,0.0,False,,-1,,2385.8,105.6,997.2,7.358,1,False,105.6,False,Tidak Ada Lahan,,431.0,54292.0,0.132,0.132,True,"https://www.google.com/maps/@-8.59109935,115.2382497,250m/data=!3m1!1e3",True,True,40,Cropland,True
67631,KOPERASI DESA MERAH PUTIH PASIRJAYA KECAMATAN CILAMAYA KULON,JAWA BARAT,KAB. KARAWANG,Cilamaya Kulon,-6.18627812,107.518208,False,,-1,,852.3,True,Sawah Blok 009,398115685,184.8,0.0,False,,-1,,1936.1,1537.4,1092.9,0.959,0,False,1092.9,True,Tidak Ada Lahan,,88.0,24585.0,1.056,0.132,True,"https://www.google.com/maps/@-6.18627812,107.518208,250m/data=!3m1!1e3",True,True,40,Cropland,True
48968,KOPERASI DESA MERAH PUTIH SYARIAH GAMPONG ALUE BILI GEULUMPANG,ACEH,KAB. ACEH UTARA,Baktiya,5.12521209,97.42098805,False,,-1,,15437.9,True,,426026407,184.8,0.0,False,,-1,,2729.7,273.3,1267.1,3.849,1,False,273.3,False,Tidak Ada Lahan,,624.0,27849.0,0.132,0.132,True,"https://www.google.com/maps/@5.12521209,97.42098805,250m/data=!3m1!1e3",True,True,40,Cropland,True
83424,KOPERASI DESA MERAH PUTIH SYARIAH GAMPONG NGA,ACEH,KAB. ACEH UTARA,Paya Bakong,4.97613262,97.22958462,False,,-1,,1831.3,True,,351852359,184.7,0.0,False,,-1,,1978.9,406.2,708.8,0.72,0,False,406.2,False,,,449.0,12919.0,0.132,0.132,True,"https://www.google.com/maps/@4.97613262,97.22958462,250m/data=!3m1!1e3",True,True,40,Cropland,True
47008,KOPERASI DESA MERAH PUTIH TEGALREJO KECAMATAN BANYUURIP,JAWA TENGAH,KAB. PURWOREJO,Banyuurip,-7.75240506,109.9896938,False,,-1,,3056.2,True,,1005296864,184.7,0.0,False,,-1,,5590.8,318.0,294.8,0.715,0,False,294.8,False,Tidak Ada Lahan,,509.0,25062.0,0.132,0.132,True,"https://www.google.com/maps/@-7.75240506,109.9896938,250m/data=!3m1!1e3",True,True,40,Cropland,True
72603,KOPERASI DESA MERAH PUTIH TAMBAKMAS,JAWA TIMUR,KAB. MADIUN,Kebonsari,-7.77100107,111.4607208,False,,-1,,6190.2,True,,1193327175,184.5,0.0,False,,-1,,6468.8,546.1,1365.0,1.206,0,False,546.1,False,Terverifikasi,Agrinas,513.0,29871.0,0.132,0.132,True,"https://www.google.com/maps/@-7.77100107,111.4607208,250m/data=!3m1!1e3",True,True,40,Cropland,True
55330,KOPERASI DESA MERAH PUTIH GRAJEGAN KECAMATAN TAWANGSARI KABUPATEN SUKOHARJO,JAWA TENGAH,KAB. SUKOHARJO,Tawangsari,-7.73501536,110.7738112,False,,-1,,3160.3,True,,688412601,184.4,0.0,False,,-1,,3697.1,405.1,1580.6,5.105,0,False,405.1,False,Terverifikasi,Agrinas,1407.0,45615.0,0.264,0.264,False,"https://www.google.com/maps/@-7.73501536,110.7738112,250m/data=!3m1!1e3",True,True,40,Cropland,True
49492,KOPERASI DESA MERAH PUTIH DESA MALANGAN KECAMATAN BULU KABUPATEN SUKOHARJO,JAWA TENGAH,KAB. SUKOHARJO,Bulu,-7.73878282,110.8067154,False,,-1,,3017.1,True,,13022329,184.3,0.0,False,,-1,,3289.4,655.9,1136.9,0.624,0,False,655.9,False,,,912.0,47825.0,0.264,0.264,False,"https://www.google.com/maps/@-7.73878282,110.8067154,250m/data=!3m1!1e3",True,True,40,Cropland,True
13593,KOPERASI DESA MERAH PUTIH KARANG BAJO,NUSA TENGGARA BARAT,KAB. LOMBOK UTARA,Bayan,-8.25664724,116.4232467,False,,-1,,2684.3,True,,301640507,184.3,0.0,False,,-1,,518.7,1402.6,388.4,1.336,0,False,388.4,False,Sedang Diverifikasi,BUSINESS ASSISTANCE,413.0,10094.0,0.132,0.132,True,"https://www.google.com/maps/@-8.25664724,116.4232467,250m/data=!3m1!1e3",True,True,10,Tree cover,False
74845,KOPERASI DESA MERAH PUTIH BANARAN KECAMATAN BALEREJO,JAWA TIMUR,KAB. MADIUN,Balerejo,-7.52466472,111.5770469,False,,-1,,2980.4,True,,1141856606,182.4,0.0,False,,-1,,3608.5,1013.7,1330.2,8.23,0,False,1013.7,True,Terverifikasi,Agrinas,405.0,20578.0,0.0,0.0,True,"https://www.google.com/maps/@-7.52466472,111.5770469,250m/data=!3m1!1e3",True,True,40,Cropland,True
42968,KOPERASI DESA MERAH PUTIH SOGO KECAMATAN BALEREJO,JAWA TIMUR,KAB. MADIUN,Balerejo,-7.53307525,111.5654275,False,,-1,,1814.4,True,,1171054628,181.4,0.0,False,,-1,,2917.1,690.7,1217.0,10.752,0,False,690.7,False,Terverifikasi,Agrinas,642.0,23748.0,0.132,0.132,True,"https://www.google.com/maps/@-7.53307525,111.5654275,250m/data=!3m1!1e3",True,True,40,Cropland,True
26362,KOPERASI DESA MERAH PUTIH PACANGAN,JAWA TIMUR,KAB. BANGKALAN,Tragah,-7.08071041,112.8046897,False,,-1,,8638.2,True,,241117544,181.4,0.0,False,,-1,,15185.9,485.7,3375.8,17.265,0,False,485.7,False,Terverifikasi,KOPERASI,589.0,12481.0,0.264,0.264,False,"https://www.google.com/maps/@-7.08071041,112.8046897,250m/data=!3m1!1e3",True,True,40,Cropland,True
31843,KOPERASI DESA MERAH PUTIH BOGOREJO KECAMATAN BARAT,JAWA TIMUR,KAB. MAGETAN,Barat,-7.57201514,111.4549367,False,,-1,,7451.6,True,,670793973,181.1,0.0,False,,-1,,9738.1,629.2,3510.2,0.292,0,False,629.2,False,Terverifikasi,KOPERASI,976.0,34657.0,0.0,0.0,True,"https://www.google.com/maps/@-7.57201514,111.4549367,250m/data=!3m1!1e3",True,True,40,Cropland,True
55249,KOPERASI DESA MERAH PUTIH SIDOBINANGUN,SULAWESI SELATAN,KAB. LUWU UTARA,Tana Lili,-2.6274054,120.5625412,False,,-1,,1657.0,True,,1137442434,180.5,0.0,False,,-1,,3406.5,682.1,586.0,0.806,0,False,586.0,False,Sedang Diverifikasi,BUSINESS ASSISTANCE,20.0,10718.0,0.396,0.264,False,"https://www.google.com/maps/@-2.6274054,120.5625412,250m/data=!3m1!1e3",True,True,40,Cropland,True
67139,KOPERASI DESA MERAH PUTIH SYARIAH GAMPONG PANTE AREE KECAMATAN DELIMA,ACEH,KAB. PIDIE,Delima,5.35223112,95.92160371,False,,-1,,5319.8,True,,6369573,180.5,0.0,False,,-1,,7823.7,357.2,375.4,7.17,0,False,357.2,False,,,320.0,30595.0,0.132,0.132,True,"https://www.google.com/maps/@5.35223112,95.92160371,250m/data=!3m1!1e3",True,True,40,Cropland,True
8923,KOPERASI DESA MERAH PUTIH PEBATAN,JAWA TENGAH,KAB. BREBES,Wanasari,-6.87070831,109.0204094,False,,-1,,3260.9,True,,817026280,180.3,0.0,False,,-1,,2360.6,1027.5,1326.1,0.78,0,False,1027.5,True,Tidak Ada Lahan,,1172.0,80317.0,0.132,0.132,True,"https://www.google.com/maps/@-6.87070831,109.0204094,250m/data=!3m1!1e3",True,True,40,Cropland,True
40891,KOPERASI DESA MERAH PUTIH GABUGAN KECAMATAN TANON,JAWA TENGAH,KAB. SRAGEN,Tanon,-7.38700755,110.9179806,False,,-1,,989.6,True,,690944426,180.2,0.0,False,,-1,,9777.6,631.6,775.9,1.55,0,False,631.6,False,Tidak Ada Lahan,,769.0,28468.0,0.132,0.132,True,"https://www.google.com/maps/@-7.38700755,110.9179806,250m/data=!3m1!1e3",True,True,40,Cropland,True
57936,KOPERASI DESA MERAH PUTIH SYARIAH GAMPONG KEULILEE KECAMATAN NIBONG,ACEH,KAB. ACEH UTARA,Nibong,5.05555441,97.24167985,False,,-1,,7016.3,True,,351611227,179.9,0.0,False,,-1,,6908.0,508.6,1575.8,11.604,0,False,508.6,False,,,0.0,19095.0,0.264,0.264,False,"https://www.google.com/maps/@5.05555441,97.24167985,250m/data=!3m1!1e3",True,True,40,Cropland,True
48110,KOPERASI KELURAHAN MERAH PUTIH TAMALLAYANG,SULAWESI SELATAN,KAB. GOWA,Bontonompo,-5.33730816,119.4481321,False,,-1,,380.1,True,,1507152340,179.2,0.0,False,,-1,,913.2,83.5,537.5,1.636,1,False,83.5,False,Terverifikasi,KOPERASI,1730.0,36064.0,0.264,0.264,False,"https://www.google.com/maps/@-5.33730816,119.4481321,250m/data=!3m1!1e3",True,True,40,Cropland,True
48175,KOPERASI DESA MERAH PUTIH RANCASANGGAL KECAMATAN CINANGKA,BANTEN,KAB. SERANG,Cinangka,-6.19244353,105.9224059,False,,-1,,15078.0,True,,1447642003,178.0,0.0,False,,-1,,6215.2,816.0,1806.3,1.291,0,False,816.0,True,Terverifikasi,Agrinas,3.0,22689.0,0.528,0.528,False,"https://www.google.com/maps/@-6.19244353,105.9224059,250m/data=!3m1!1e3",True,True,40,Cropland,True
2073,KOPERASI DESA MERAH PUTIH MOJOWUKU,JAWA TIMUR,KAB. GRESIK,Kedamean,-7.3181838,112.485769,False,,-1,,12695.7,True,,1482119374,177.6,0.0,False,,-1,,6978.9,275.7,1399.6,6.335,1,False,275.7,False,Terverifikasi,Agrinas,1731.0,27387.0,0.132,0.132,True,"https://www.google.com/maps/@-7.3181838,112.485769,250m/data=!3m1!1e3",True,True,40,Cropland,True
76773,KOPERASI DESA MERAH PUTIH SYARIAH GAMPONG BULOH KECAMATAN DELIMA,ACEH,KAB. PIDIE,Delima,5.34390542,95.88322802,False,,-1,,9290.0,True,,6369571,177.4,0.0,False,,-1,,12044.1,685.7,1340.5,5.853,0,False,685.7,False,Tidak Ada Lahan,,93.0,13428.0,0.396,0.396,False,"https://www.google.com/maps/@5.34390542,95.88322802,250m/data=!3m1!1e3",True,True,40,Cropland,True
12730,KOPERASI DESA MERAH PUTIH BATUATAS LIWU,SULAWESI TENGGARA,KAB. BUTON SELATAN,Batu Atas,-6.18858195,122.6770407,False,,-1,,57612.8,True,,18798340,177.3,0.0,False,,-1,,77624.0,46945.7,55950.9,1.673,0,False,46945.7,True,Tidak Ada Lahan,,181.0,1794.0,0.264,0.264,False,"https://www.google.com/maps/@-6.18858195,122.6770407,250m/data=!3m1!1e3",True,True,30,Grassland,False
57127,KOPERASI DESA MERAH PUTIH SARWADADI KECAMATAN KAWUNGANTEN,JAWA TENGAH,KAB. CILACAP,Kawunganten,-7.55513488,108.9127651,False,,-1,,14786.1,True,,681634253,177.2,0.0,False,,-1,,1147.8,498.8,310.4,0.562,0,False,310.4,False,Sedang Diverifikasi,BUSINESS ASSISTANCE,1077.0,24070.0,0.264,0.264,False,"https://www.google.com/maps/@-7.55513488,108.9127651,250m/data=!3m1!1e3",True,True,40,Cropland,True
71453,KOPERASI DESA MERAH PUTIH TASIKMADU KECAMATAN PITURUH,JAWA TENGAH,KAB. PURWOREJO,Pituruh,-7.70980228,109.820504,False,,-1,,2616.7,True,,692787032,177.2,0.0,False,,-1,,2217.1,305.3,1409.3,4.637,0,False,305.3,False,,,675.0,24697.0,0.264,0.264,False,"https://www.google.com/maps/@-7.70980228,109.820504,250m/data=!3m1!1e3",True,True,40,Cropland,True
78508,KOPERASI DESA MERAH PUTIH SYARIAH GAMPONG JEULEUPEE,ACEH,KAB. PIDIE,Pidie,5.36941351,95.91867912,False,,-1,,4496.8,True,,428312200,177.1,0.0,False,,-1,,8530.5,423.6,1393.7,3.314,0,False,423.6,False,,,829.0,33313.0,0.132,0.132,True,"https://www.google.com/maps/@5.36941351,95.91867912,250m/data=!3m1!1e3",True,True,40,Cropland,True
59344,KOPERASI DESA MERAH PUTIH KAMPALA ARUNGKEKE,SULAWESI SELATAN,KAB. JENEPONTO,Arungkeke,-5.68826052,119.7854505,False,,-1,,1817.8,True,,242675606,176.9,0.0,False,,-1,,5107.3,946.3,553.1,4.478,1,False,553.1,False,Tidak Ada Lahan,,0.0,17417.0,0.264,0.264,False,"https://www.google.com/maps/@-5.68826052,119.7854505,250m/data=!3m1!1e3",True,True,40,Cropland,True
81690,KOPERASI DESA MERAH PUTIH SYARIAH GAMPONG MEURIA BLUEK KECAMATAN MEURAH MULIA,ACEH,KAB. ACEH UTARA,Meurah Mulia,5.09987914,97.21250548,False,,-1,,4362.3,True,,5247593,176.9,0.0,False,,-1,,5180.8,513.7,1836.3,31.447,1,False,513.7,False,Tidak Ada Lahan,,422.0,31669.0,0.264,0.264,False,"https://www.google.com/maps/@5.09987914,97.21250548,250m/data=!3m1!1e3",True,True,40,Cropland,True
35409,KOPERASI DESA MERAH PUTIH MAMBAL,BALI,KAB. BADUNG,Abiansemal,-8.53495961,115.2278061,False,,-1,,3870.3,True,,9762720,176.5,0.0,False,,-1,,1740.6,1060.6,1427.8,1.72,1,False,1060.6,True,Tidak Ada Lahan,,808.0,33329.0,0.132,0.132,True,"https://www.google.com/maps/@-8.53495961,115.2278061,250m/data=!3m1!1e3",True,True,40,Cropland,True
77792,KOPERASI DESA MERAH PUTIH MANDIKE,SULAWESI TENGGARA,KAB. MUNA BARAT,Tiworo Utara,-4.57876639,122.2994719,False,,-1,,15304.0,True,Pulo Bero,26275971,175.9,0.0,False,,-1,,29800.2,13166.5,12147.1,0.191,0,False,12147.1,True,Sedang Diverifikasi,KOPERASI,194.0,454.0,,,False,"https://www.google.com/maps/@-4.57876639,122.2994719,250m/data=!3m1!1e3",True,True,30,Grassland,False
73091,KOPERASI DESA MERAH PUTIH BENDUNGAN KECAMATAN SIMO,JAWA TENGAH,KAB. BOYOLALI,Simo,-7.45186665,110.6965984,False,,-1,,7185.0,True,,703317642,175.8,0.0,False,,-1,,2378.4,534.9,399.6,0.324,0,False,399.6,False,Terverifikasi,Agrinas,658.0,28579.0,0.132,0.132,True,"https://www.google.com/maps/@-7.45186665,110.6965984,250m/data=!3m1!1e3",True,True,40,Cropland,True
76276,KOPERASI DESA MERAH PUTIH SYARIAH GAMPONG BLANGONG BASAH,ACEH,KAB. PIDIE,Mutiara Timur,5.23151115,95.97927775,False,,-1,,17253.9,True,,1118437896,175.3,0.0,False,,-1,,12687.9,269.6,2716.4,0.316,0,False,269.6,False,Sedang Diverifikasi,KOPERASI,131.0,16170.0,0.132,0.132,True,"https://www.google.com/maps/@5.23151115,95.97927775,250m/data=!3m1!1e3",True,True,40,Cropland,True
8526,KOPERASI DESA MERAH PUTIH TEGALOMBO KECAMATAN KAUMAN,JAWA TIMUR,KAB. PONOROGO,Kauman,-7.8990503,111.3893189,False,,-1,,9757.9,True,,674895092,175.1,0.0,False,,-1,,4178.2,912.3,1293.2,0.874,0,False,912.3,True,Terverifikasi,KOPERASI,488.0,37066.0,0.0,0.0,True,"https://www.google.com/maps/@-7.8990503,111.3893189,250m/data=!3m1!1e3",True,True,40,Cropland,True
2133,KOPERASI DESA MERAH PUTIH PULUHAN TENGAH,JAWA TENGAH,KAB. PATI,Jakenan,-6.7649874,111.1462181,False,,-1,,9879.2,True,,692523333,174.7,0.0,False,,-1,,2104.5,403.1,1341.7,1.719,0,False,403.1,False,Terverifikasi,Agrinas,862.0,25045.0,0.396,0.396,False,"https://www.google.com/maps/@-6.7649874,111.1462181,250m/data=!3m1!1e3",True,True,40,Cropland,True
70754,KOPERASI DESA MERAH PUTIH SYARIAH GAMPONG RISEH TEUNGOH KECAMATAN SAWANG KABUPATEN ACEH UTARA,ACEH,KAB. ACEH UTARA,Sawang,5.08344032,96.88963497,False,,-1,,18031.2,True,,405451035,172.7,0.0,False,,-1,,16750.8,591.7,13246.9,1.387,0,False,591.7,False,,,192.0,6015.0,0.132,0.132,True,"https://www.google.com/maps/@5.08344032,96.88963497,250m/data=!3m1!1e3",True,True,40,Cropland,True
44897,KOPERASI DESA MERAH PUTIH RANGGASOLO WERA,NUSA TENGGARA BARAT,KAB. BIMA,Wera,-8.30774515,118.9303351,False,,-1,,837.7,True,,152439092,171.8,0.0,False,,-1,,3594.5,1004.7,680.3,1.214,0,False,680.3,False,Sedang Diverifikasi,BUSINESS ASSISTANCE,59.0,6750.0,0.264,0.264,False,"https://www.google.com/maps/@-8.30774515,118.9303351,250m/data=!3m1!1e3",True,True,40,Cropland,True
20413,KOPERASI DESA MERAH PUTIH KOPERASI DESA MERAH PUTIH RASABOU,NUSA TENGGARA BARAT,KAB. DOMPU,Hu'u,-8.73306839,118.4429902,False,,-1,,1875.3,True,,139505819,171.3,0.0,False,,-1,,2124.5,913.5,345.7,1.336,0,False,345.7,False,Terverifikasi,KOPERASI,97.0,6209.0,0.264,0.132,True,"https://www.google.com/maps/@-8.73306839,118.4429902,250m/data=!3m1!1e3",True,True,40,Cropland,True
25182,KOPERASI DESA MERAH PUTIH SATIUNG KECAMATAN KUSAN TENGAH,KALIMANTAN SELATAN,KAB. TANAH BUMBU,Kusan Tengah,-3.53619669,115.8408755,False,,-1,,9441.4,True,Sawah,1421963538,171.0,0.0,False,,-1,,6822.5,1045.4,1052.3,3.706,0,False,1045.4,True,Sedang Diverifikasi,KOPERASI,5.0,1394.0,0.396,0.264,False,"https://www.google.com/maps/@-3.53619669,115.8408755,250m/data=!3m1!1e3",True,True,10,Tree cover,False
84512,KOPERASI DESA MERAH PUTIH SYARIAH GAMPONG BARAT PAYA ITEK KECAMATAN MEURAH MULIA,ACEH,KAB. ACEH UTARA,Meurah Mulia,5.08190126,97.19866739,False,,-1,,6315.0,True,,5247593,170.7,0.0,False,,-1,,7655.4,379.9,3764.2,31.447,1,False,379.9,False,,,225.0,21644.0,0.132,0.132,True,"https://www.google.com/maps/@5.08190126,97.19866739,250m/data=!3m1!1e3",True,True,40,Cropland,True
68520,KOPERASI DESA MERAH PUTIH DUDUWETAN KECAMATAN GRABAG KABUPATEN PURWOREJO,JAWA TENGAH,KAB. PURWOREJO,Grabag,-7.813291,109.8750986,False,,-1,,1769.0,True,,1415614699,170.5,0.0,False,,-1,,3631.0,391.9,743.1,3.563,0,False,391.9,False,Terverifikasi,Agrinas,125.0,19286.0,0.132,0.132,True,"https://www.google.com/maps/@-7.813291,109.8750986,250m/data=!3m1!1e3",True,True,40,Cropland,True
85073,KOPERASI DESA MERAH PUTIH SEMBILAN KECAMATAN TANAH KAMPUNG,JAMBI,KOTA SUNGAI PENUH,Tanah Kampung,-2.08686848,101.4387999,False,,-1,,3430.6,True,,1240678341,170.4,0.0,False,,-1,,3148.5,775.3,825.9,3.308,0,False,775.3,False,Terverifikasi,BUSINESS ASSISTANCE,1263.0,24195.0,0.528,0.528,False,"https://www.google.com/maps/@-2.08686848,101.4387999,250m/data=!3m1!1e3",True,True,40,Cropland,True
47814,KOPERASI DESA MERAH PUTIH SYARIAH GAMPONG BAYU,ACEH,KAB. ACEH UTARA,Kuta Makmur,5.1165615,97.08877691,False,,-1,,3368.7,True,,333878646,170.1,0.0,False,,-1,,9439.7,672.6,1264.4,1.875,0,False,672.6,False,Sedang Diverifikasi,BUSINESS ASSISTANCE,79.0,12535.0,0.0,0.0,True,"https://www.google.com/maps/@5.1165615,97.08877691,250m/data=!3m1!1e3",True,True,40,Cropland,True
69966,KOPERASI DESA MERAH PUTIH PATAKBANTENG KECAMATAN KEJAJAR KABUPATEN WONOSOBO,JAWA TENGAH,KAB. WONOSOBO,Kejajar,-7.20712943,109.927471,False,,-1,,526.4,True,,1172757587,169.8,0.0,False,,-1,,9789.7,444.3,467.1,0.55,0,False,444.3,False,Terverifikasi,Agrinas,597.0,12831.0,0.132,0.132,True,"https://www.google.com/maps/@-7.20712943,109.927471,250m/data=!3m1!1e3",True,True,10,Tree cover,False
51451,KOPERASI DESA MERAH PUTIH BANGLI,BALI,KAB. TABANAN,Baturiti,-8.32572957,115.1638619,False,,-1,,10272.9,True,,129316998,169.4,0.0,False,,-1,,2380.4,699.0,3164.4,1.93,0,False,699.0,False,Tidak Ada Lahan,,210.0,9343.0,0.264,0.0,True,"https://www.google.com/maps/@-8.32572957,115.1638619,250m/data=!3m1!1e3",True,True,40,Cropland,True
61672,KOPERASI DESA MERAH PUTIH SYARIAH GAMPONG BILI,ACEH,KAB. PIDIE,Glumpang Tiga,5.25029699,96.02519622,False,,-1,,16818.4,True,,1118006698,169.4,0.0,False,,-1,,11156.4,647.6,1346.4,2.56,0,False,647.6,False,,,8.0,24653.0,0.264,0.0,True,"https://www.google.com/maps/@5.25029699,96.02519622,250m/data=!3m1!1e3",True,True,40,Cropland,True
81205,KOPERASI DESA MERAH PUTIH FATUKOKO,NUSA TENGGARA TIMUR,KAB. TIMOR TENGAH SELATAN,Mollo Barat,-9.8637306,124.1730249,False,,-1,,5616.2,True,,717046499,168.4,0.0,False,,-1,,2007.0,1865.8,93.8,1.093,0,False,93.8,False,Sedang Diverifikasi,BUSINESS ASSISTANCE,210.0,2460.0,0.0,0.0,True,"https://www.google.com/maps/@-9.8637306,124.1730249,250m/data=!3m1!1e3",True,True,10,Tree cover,False
85557,KOPERASI DESA MERAH PUTIH SYARIAH COT TRUENG,ACEH,KAB. ACEH UTARA,Muara Batu,5.24766008,96.94895367,False,,-1,,3141.6,True,,5478655,168.3,0.0,False,,-1,,18710.9,830.8,1013.7,17.287,0,False,830.8,True,,,422.0,25768.0,0.132,0.0,True,"https://www.google.com/maps/@5.24766008,96.94895367,250m/data=!3m1!1e3",True,True,40,Cropland,True
62221,KOPERASI DESA MERAH PUTIH MEDINI KECAMATAN GAJAH KABUPATEN DEMAK,JAWA TENGAH,KAB. DEMAK,Gajah,-6.90989221,110.7810444,False,,-1,,4519.1,True,,1336464247,167.3,0.0,False,,-1,,11988.8,578.1,1701.2,0.653,0,False,578.1,False,Terverifikasi,Agrinas,1424.0,34445.0,0.132,0.132,True,"https://www.google.com/maps/@-6.90989221,110.7810444,250m/data=!3m1!1e3",True,True,40,Cropland,True
31071,KOPERASI KELURAHAN MERAH PUTIH PATARUMAN,JAWA BARAT,KOTA BANJAR,Pataruman,-7.37682938,108.5643419,False,,-1,,1453.8,True,,683840415,167.0,0.0,False,,-1,,2019.3,900.5,820.9,1.651,0,False,820.9,True,Terverifikasi,KOPERASI,190.0,39049.0,0.264,0.264,False,"https://www.google.com/maps/@-7.37682938,108.5643419,250m/data=!3m1!1e3",True,True,40,Cropland,True
1149,KOPERASI DESA MERAH PUTIH GLINDAH,JAWA TIMUR,KAB. GRESIK,Kedamean,-7.29922867,112.4951258,False,,-1,,11386.0,True,,1482119374,166.8,0.0,False,,-1,,6306.6,33.7,2671.4,6.335,1,False,33.7,False,Terverifikasi,Agrinas,578.0,26643.0,0.132,0.132,True,"https://www.google.com/maps/@-7.29922867,112.4951258,250m/data=!3m1!1e3",True,True,40,Cropland,True
6830,KOPERASI DESA MERAH PUTIH PANGEBATAN KECAMATAN BANTARKAWUNG,JAWA TENGAH,KAB. BREBES,Bantarkawung,-7.24445323,108.9331168,False,,-1,,7825.2,True,,683385234,166.4,0.0,False,,-1,,6866.7,1235.2,2154.9,2.852,0,False,1235.2,True,Terverifikasi,Agrinas,561.0,19786.0,0.66,0.66,False,"https://www.google.com/maps/@-7.24445323,108.9331168,250m/data=!3m1!1e3",True,True,10,Tree cover,False
44122,KOPERASI DESA MERAH PUTIH BERABAN KECAMATAN KEDIRI,BALI,KAB. TABANAN,Kediri,-8.61457343,115.1005193,False,,-1,,7195.7,True,,1352241038,166.1,0.0,False,,-1,,5131.3,101.5,1516.4,1.079,1,False,101.5,False,,,434.0,17735.0,0.264,0.132,True,"https://www.google.com/maps/@-8.61457343,115.1005193,250m/data=!3m1!1e3",True,True,40,Cropland,True
781,KOPERASI DESA MERAH PUTIH DELIKSUMBER,JAWA TIMUR,KAB. GRESIK,Benjeng,-7.268331,112.4690908,False,,-1,,11821.9,True,,1474566069,165.5,0.0,False,,-1,,2377.1,611.2,2697.9,2.199,1,False,611.2,False,Terverifikasi,KOPERASI,1170.0,37538.0,0.396,0.396,False,"https://www.google.com/maps/@-7.268331,112.4690908,250m/data=!3m1!1e3",True,True,40,Cropland,True
13200,KOPERASI DESA MERAH PUTIH PURWOREJO GEMOLONG SRAGEN,JAWA TENGAH,KAB. SRAGEN,Gemolong,-7.37481033,110.8387142,False,,-1,,6154.7,True,,9689330,165.5,0.0,False,,-1,,2719.8,565.1,2008.8,6.201,0,False,565.1,False,Selesai,Agrinas,143.0,19757.0,0.264,0.0,True,"https://www.google.com/maps/@-7.37481033,110.8387142,250m/data=!3m1!1e3",True,True,40,Cropland,True
70485,KOPERASI DESA MERAH PUTIH SYARIAH GAMPONG SIMPANG,ACEH,KAB. PIDIE,Glumpang Tiga,5.24663189,96.04456896,False,,-1,,18235.9,True,,1118755722,165.5,0.0,False,,-1,,12392.8,362.7,1698.0,0.789,0,False,362.7,False,Sedang Diverifikasi,KOPERASI,164.0,19815.0,0.132,0.132,True,"https://www.google.com/maps/@5.24663189,96.04456896,250m/data=!3m1!1e3",True,True,40,Cropland,True
85149,KOPERASI DESA MERAH PUTIH SYARIAH GAMPONG BLANG KECAMATAN TANAH LUAS,ACEH,KAB. ACEH UTARA,Tanah Luas,5.0328468,97.23983378,False,,-1,,4508.5,True,,351611227,165.4,0.0,False,,-1,,4416.9,475.2,564.9,11.604,0,False,475.2,False,,,285.0,14691.0,0.132,0.132,True,"https://www.google.com/maps/@5.0328468,97.23983378,250m/data=!3m1!1e3",True,True,40,Cropland,True
42228,KOPERASI DESA MERAH PUTIH JAYALAKSANA CABANGBUNGIN,JAWA BARAT,KAB. BEKASI,Cabangbungin,-6.10314774,107.181528,False,,-1,,1239.4,True,,548658269,165.1,0.0,False,,-1,,4463.8,1519.2,248.8,28.381,0,False,248.8,False,Sedang Diverifikasi,KEMENTERIAN DALAM NEGERI,465.0,41296.0,0.132,0.132,True,"https://www.google.com/maps/@-6.10314774,107.181528,250m/data=!3m1!1e3",True,True,40,Cropland,True
78715,KOPERASI DESA MERAH PUTIH SUMBERAGUNG KECAMATAN KEPOHBARU KABUPATEN BOJONEGORO,JAWA TIMUR,KAB. BOJONEGORO,Kepohbaru,-7.17253316,112.0856772,False,,-1,,1546.0,True,,6900860,165.0,0.0,False,,-1,,4418.8,1025.9,1010.7,6.044,1,False,1010.7,True,Terverifikasi,Agrinas,919.0,17544.0,0.264,0.132,True,"https://www.google.com/maps/@-7.17253316,112.0856772,250m/data=!3m1!1e3",True,True,40,Cropland,True
43170,KOPERASI DESA MERAH PUTIH SINDANGPANON,BANTEN,KAB. TANGERANG,Sindang Jaya,-6.15716605,106.5219303,False,,-1,,1331.0,True,,14293795,164.8,0.0,False,,-1,,1431.1,692.5,1394.1,3.149,0,False,692.5,False,,,3292.0,137293.0,0.264,0.264,False,"https://www.google.com/maps/@-6.15716605,106.5219303,250m/data=!3m1!1e3",True,True,40,Cropland,True
81725,KOPERASI DESA MERAH PUTIH SYARIAH GAMPONG KRUENG BARO BLANG MEE KECAMATAN SAMUDERA,ACEH,KAB. ACEH UTARA,Samudera,5.13249797,97.21649514,False,,-1,,809.0,True,,351398074,164.7,0.0,False,,-1,,3488.0,273.9,775.2,0.462,0,False,273.9,False,,,668.0,27539.0,0.132,0.132,True,"https://www.google.com/maps/@5.13249797,97.21649514,250m/data=!3m1!1e3",True,True,40,Cropland,True
32699,KOPERASI DESA MERAH PUTIH KARYASARI KECAMATAN CIKEDAL,BANTEN,KAB. PANDEGLANG,Cikedal,-6.3786151,105.8970055,False,,-1,,2446.5,True,,728843339,164.4,0.0,False,,-1,,2603.2,745.1,305.6,1.293,0,False,305.6,False,Terverifikasi,Agrinas,1189.0,37965.0,0.264,0.264,False,"https://www.google.com/maps/@-6.3786151,105.8970055,250m/data=!3m1!1e3",True,True,10,Tree cover,False
85552,KOPERASI DESA MERAH PUTIH SYARIAH MEUNASAH PINTO,ACEH,KAB. ACEH UTARA,Muara Batu,5.23791826,96.93251748,False,,-1,,4111.2,True,,5478655,164.0,0.0,False,,-1,,16656.1,417.7,2011.5,17.287,0,False,417.7,False,Tidak Ada Lahan,,301.0,25575.0,0.264,0.264,False,"https://www.google.com/maps/@5.23791826,96.93251748,250m/data=!3m1!1e3",True,True,40,Cropland,True
51375,KOPERASI DESA MERAH PUTIH MADAWAU MADAPANGGA,NUSA TENGGARA BARAT,KAB. BIMA,Madapangga,-8.48910367,118.5188503,False,,-1,,194.9,True,,204082680,163.7,0.0,False,,-1,,8293.8,185.0,366.8,0.191,1,False,185.0,False,Sedang Diverifikasi,BUSINESS ASSISTANCE,83.0,4200.0,0.264,0.264,False,"https://www.google.com/maps/@-8.48910367,118.5188503,250m/data=!3m1!1e3",True,True,40,Cropland,True
62710,KOPERASI DESA MERAH PUTIH SYARIAH GAMPONG BLANG TUNONG,ACEH,KAB. PIDIE,Glumpang Tiga,5.2566983,96.02387388,False,,-1,,16122.2,True,,1130043096,163.5,0.0,False,,-1,,10440.2,295.4,1626.7,0.548,0,False,295.4,False,,,8.0,24653.0,0.264,0.132,True,"https://www.google.com/maps/@5.2566983,96.02387388,250m/data=!3m1!1e3",True,True,40,Cropland,True
78635,KOPERASI DESA MERAH PUTIH SYARIAH GAMPONG MESJID BAMBONG DELIMA,ACEH,KAB. PIDIE,Delima,5.35716705,95.91605428,False,,-1,,5437.4,True,,6369573,163.4,0.0,False,,-1,,8501.3,395.5,1031.0,7.17,0,False,395.5,False,,,1026.0,31848.0,0.132,0.132,True,"https://www.google.com/maps/@5.35716705,95.91605428,250m/data=!3m1!1e3",True,True,40,Cropland,True
24264,KOPERASI DESA MERAH PUTIH DURUNGBEDUG,JAWA TIMUR,KAB. SIDOARJO,Candi,-7.46423378,112.6713825,False,,-1,,3146.5,True,,642298176,163.4,0.0,False,,-1,,4474.6,64.7,1123.9,2.713,1,False,64.7,False,Sedang Diverifikasi,KOPERASI,4019.0,115970.0,0.264,0.264,False,"https://www.google.com/maps/@-7.46423378,112.6713825,250m/data=!3m1!1e3",True,True,40,Cropland,True
75153,KOPERASI DESA MERAH PUTIH SYARIAH GAMPONG ALUE BUNGKOH KECAMATAN PIRAK TIMU KABUPATEN ACEH UTARA,ACEH,KAB. ACEH UTARA,Pirak Timu,4.99728388,97.27083929,False,,-1,,4320.4,True,,351852353,163.2,0.0,False,,-1,,4593.0,627.8,2199.7,13.071,0,False,627.8,False,Terverifikasi,Agrinas,191.0,7382.0,0.264,0.264,False,"https://www.google.com/maps/@4.99728388,97.27083929,250m/data=!3m1!1e3",True,True,40,Cropland,True
28705,KOPERASI DESA MERAH PUTIH PANDANSARI KECAMATAN PURWOASRI,JAWA TIMUR,KAB. KEDIRI,Purwoasri,-7.64586473,112.1165792,False,,-1,,440.7,True,,1258756568,162.2,0.0,False,,-1,,1748.5,223.4,1339.7,0.584,1,False,223.4,False,Terverifikasi,Agrinas,271.0,25212.0,0.264,0.264,False,"https://www.google.com/maps/@-7.64586473,112.1165792,250m/data=!3m1!1e3",True,True,40,Cropland,True
85218,KOPERASI DESA MERAH PUTIH LAJU KECAMATAN LANGGUDU,NUSA TENGGARA BARAT,KAB. BIMA,Langgudu,-8.7011083,118.731221,False,,-1,,5999.0,True,,350892772,161.9,0.0,False,,-1,,10560.5,255.5,576.9,0.547,1,False,255.5,False,Terverifikasi,KOPERASI,560.0,3182.0,0.528,0.528,False,"https://www.google.com/maps/@-8.7011083,118.731221,250m/data=!3m1!1e3",True,True,40,Cropland,True
34490,KOPERASI DESA MERAH PUTIH SYARIAH COT CUT KECAMATAN KUTA BARO,ACEH,KAB. ACEH BESAR,Kuta Baro,5.54611931,95.37706517,False,,-1,,2928.6,True,,4576707,161.0,0.0,False,,-1,,2295.9,704.6,1187.0,6.716,0,False,704.6,False,Terverifikasi,BUSINESS ASSISTANCE,522.0,49906.0,0.132,0.132,True,"https://www.google.com/maps/@5.54611931,95.37706517,250m/data=!3m1!1e3",True,True,40,Cropland,True
80695,KOPERASI DESA MERAH PUTIH SYARIAH GAMPONG PULO HAGU TANJONG,ACEH,KAB. PIDIE,Padang Tiji,5.3783055,95.82344164,False,,-1,,14672.2,True,,428312194,160.6,0.0,False,,-1,,19016.3,787.8,3115.6,4.274,0,False,787.8,False,,,115.0,9590.0,0.264,0.264,False,"https://www.google.com/maps/@5.3783055,95.82344164,250m/data=!3m1!1e3",True,True,40,Cropland,True
42995,KOPERASI DESA MERAH PUTIH PINGGIR AIR,JAMBI,KOTA SUNGAI PENUH,Kumun Debai,-2.09560825,101.4326026,False,,-1,,4373.2,True,,1240678341,160.4,0.0,False,,-1,,4088.4,571.0,940.9,3.308,0,False,571.0,False,,,311.0,26827.0,0.132,0.132,True,"https://www.google.com/maps/@-2.09560825,101.4326026,250m/data=!3m1!1e3",True,True,40,Cropland,True
54833,KOPERASI DESA MERAH PUTIH AIR TENANG,BENGKULU,KAB. BENGKULU UTARA,Napal Putih,-3.1440903,101.8770132,False,,-1,,11828.8,True,PT Alno Agro Utama (SUMINDO),1463609083,160.2,0.0,False,,-1,,16315.5,4216.5,6252.2,42.561,0,False,4216.5,True,Terverifikasi,KOPERASI,0.0,1163.0,1.188,1.188,False,"https://www.google.com/maps/@-3.1440903,101.8770132,250m/data=!3m1!1e3",True,True,10,Tree cover,False
11887,KOPERASI DESA MERAH PUTIH WOKA JAYA WASILE TIMUR,MALUKU UTARA,KAB. HALMAHERA TIMUR,Wasile Timur,1.17504611,128.229338,False,,-1,,33363.0,True,,340801176,159.8,0.0,False,,-1,,33359.9,2859.4,8992.6,11.069,0,False,2859.4,True,Terverifikasi,Agrinas,38.0,5360.0,0.66,0.0,True,"https://www.google.com/maps/@1.17504611,128.229338,250m/data=!3m1!1e3",True,True,40,Cropland,True
19126,KOPERASI DESA MERAH PUTIH SYARIAH GEUNDOT,ACEH,KAB. BIREUEN,Jangka,5.23279767,96.78765964,False,,-1,,5202.2,True,,345546312,159.7,0.0,False,,-1,,3978.0,419.6,1851.0,3.247,0,False,419.6,False,Tidak Ada Lahan,,762.0,34189.0,0.0,0.0,True,"https://www.google.com/maps/@5.23279767,96.78765964,250m/data=!3m1!1e3",True,True,40,Cropland,True
55794,KOPERASI DESA MERAH PUTIH BANYUURIP KECAMATAN BONE BONE,SULAWESI SELATAN,KAB. LUWU UTARA,Bone Bone,-2.6216869,120.52093,False,,-1,,1264.7,True,,13262899,159.4,0.0,False,,-1,,2089.3,1462.2,1053.4,0.725,0,False,1053.4,True,Terverifikasi,Agrinas,311.0,14284.0,0.396,0.264,False,"https://www.google.com/maps/@-2.6216869,120.52093,250m/data=!3m1!1e3",True,True,40,Cropland,True
18603,KOPERASI DESA MERAH PUTIH PAKUNDEN KECAMATAN NGLUWAR KABUPATEN MAGELANG,JAWA TENGAH,KAB. MAGELANG,Ngluwar,-7.67118431,110.2814459,False,,-1,,1204.9,True,,523254144,159.3,0.0,False,,-1,,2161.6,448.6,698.1,0.599,0,False,448.6,False,Terverifikasi,Agrinas,1823.0,48726.0,0.132,0.132,True,"https://www.google.com/maps/@-7.67118431,110.2814459,250m/data=!3m1!1e3",True,True,40,Cropland,True
80819,KOPERASI DESA MERAH PUTIH KINALI,RIAU,KAB. KUANTAN SINGINGI,Kuantan Mudik,-0.64293843,101.4499504,False,,-1,,4020.3,True,,638460789,158.5,0.0,False,,-1,,18250.8,436.9,3870.3,1.153,0,False,436.9,False,,,215.0,7054.0,0.264,0.264,False,"https://www.google.com/maps/@-0.64293843,101.4499504,250m/data=!3m1!1e3",True,True,40,Cropland,True
71176,KOPERASI DESA MERAH PUTIH KENDALDOYONG KECAMATAN WONOSALAM KABUPATEN DEMAK,JAWA TENGAH,KAB. DEMAK,Wonosalam,-6.92413327,110.6405581,False,,-1,,3308.0,True,,1305874712,158.4,0.0,False,,-1,,3358.9,723.8,1816.9,6.729,0,False,723.8,False,Terverifikasi,BUSINESS ASSISTANCE,682.0,38100.0,0.264,0.264,False,"https://www.google.com/maps/@-6.92413327,110.6405581,250m/data=!3m1!1e3",True,True,40,Cropland,True
74368,KOPERASI DESA MERAH PUTIH SYARIAH GAMPONG PULO RAYEUK KECAMATAN KUTA MAKMUR KABUPATEN ACEH UTARA,ACEH,KAB. ACEH UTARA,Kuta Makmur,5.13552491,97.07497479,False,,-1,,5472.9,True,,4726610,158.1,0.0,False,,-1,,9517.0,384.3,2598.1,5.126,0,False,384.3,False,Sedang Diverifikasi,BUSINESS ASSISTANCE,294.0,11231.0,0.132,0.132,True,"https://www.google.com/maps/@5.13552491,97.07497479,250m/data=!3m1!1e3",True,True,40,Cropland,True
70250,KOPERASI DESA MERAH PUTIH SYARIAH GAMPONG MESJID BEUAH,ACEH,KAB. PIDIE,Delima,5.32549034,95.89541304,False,,-1,,9463.4,True,,1118057088,158.0,0.0,False,,-1,,10920.6,552.0,2172.7,0.63,0,False,552.0,False,,,30.0,13306.0,0.396,0.264,False,"https://www.google.com/maps/@5.32549034,95.89541304,250m/data=!3m1!1e3",True,True,40,Cropland,True
18987,KOPERASI DESA MERAH PUTIH GINTUNG,BANTEN,KAB. TANGERANG,Sukadiri,-6.10079833,106.5523611,False,,-1,,1192.6,True,,514206203,157.9,0.0,False,,-1,,3046.9,444.2,592.6,1.557,0,False,444.2,False,Tidak Ada Lahan,,649.0,126185.0,0.264,0.264,False,"https://www.google.com/maps/@-6.10079833,106.5523611,250m/data=!3m1!1e3",True,True,40,Cropland,True
17873,KOPERASI KELURAHAN MERAH PUTIH MANGUNHARJO KECAMATAN TUGU,JAWA TENGAH,KOTA SEMARANG,Tugu,-6.96318724,110.3058814,False,,-1,,1325.1,True,,590647142,157.9,0.0,False,,-1,,1145.8,706.4,312.2,0.769,0,False,312.2,False,Sedang Diverifikasi,BUSINESS ASSISTANCE,545.0,49463.0,0.264,0.264,False,"https://www.google.com/maps/@-6.96318724,110.3058814,250m/data=!3m1!1e3",True,True,40,Cropland,True
83588,KOPERASI DESA MERAH PUTIH SYARIAH KEUDE PAYA,ACEH,KAB. ACEH BARAT DAYA,Blangpidie,3.73530754,96.85159501,False,,-1,,411.0,True,,311414261,157.4,0.0,False,,-1,,1862.8,477.3,342.6,0.5,0,False,342.6,False,Terverifikasi,KOPERASI,738.0,20357.0,0.132,0.132,True,"https://www.google.com/maps/@3.73530754,96.85159501,250m/data=!3m1!1e3",True,True,40,Cropland,True
23991,KOPERASI DESA MERAH PUTIH WONOKERTO KECAMATAN PLEMAHAN,JAWA TIMUR,KAB. KEDIRI,Plemahan,-7.70319244,112.1304881,False,,-1,,556.2,True,,1538481486,157.2,0.0,False,,-1,,723.3,470.2,1513.4,0.41,0,False,470.2,False,Terverifikasi,BUSINESS ASSISTANCE,1027.0,30313.0,0.132,0.132,True,"https://www.google.com/maps/@-7.70319244,112.1304881,250m/data=!3m1!1e3",True,True,40,Cropland,True
10586,KOPERASI KELURAHAN MERAH PUTIH SUNGAI LULUT KECAMATAN BANJARMASIN TIMUR,KALIMANTAN SELATAN,KOTA BANJARMASIN,Banjarmasin Timur,-3.33546639,114.6418208,False,,-1,,1869.9,True,,788925962,157.1,0.0,False,,-1,,2485.1,0.0,860.5,4.256,0,False,0.0,False,Terverifikasi,Agrinas,681.0,98545.0,0.396,0.396,False,"https://www.google.com/maps/@-3.33546639,114.6418208,250m/data=!3m1!1e3",True,True,40,Cropland,True
39951,KOPERASI DESA MERAH PUTIH KEDUNGREJO KECAMATAN BALEREJO KABUPATEN MADIUN,JAWA TIMUR,KAB. MADIUN,Balerejo,-7.5243529,111.5935158,False,,-1,,4078.0,True,,1171054628,156.7,0.0,False,,-1,,3584.3,596.9,572.3,10.752,0,False,572.3,False,Terverifikasi,Agrinas,365.0,20919.0,0.132,0.132,True,"https://www.google.com/maps/@-7.5243529,111.5935158,250m/data=!3m1!1e3",True,True,40,Cropland,True
36556,KOPERASI DESA MERAH PUTIH SENDANGAGUNG KECAMATAN GIRIWOYO KABUPATEN WONOGIRI,JAWA TENGAH,KAB. WONOGIRI,Giriwoyo,-8.01217519,110.9155301,False,,-1,,11447.0,True,,668549659,155.9,0.0,False,,-1,,4061.3,705.6,2893.5,1.273,0,False,705.6,False,Selesai,Agrinas,387.0,15215.0,0.132,0.0,True,"https://www.google.com/maps/@-8.01217519,110.9155301,250m/data=!3m1!1e3",True,True,40,Cropland,True
25886,KOPERASI DESA MERAH PUTIH SAREN KECAMATAN KALIJAMBE,JAWA TENGAH,KAB. SRAGEN,Kalijambe,-7.42052605,110.8042869,False,,-1,,2112.7,True,,697722668,155.5,0.0,False,,-1,,3645.3,440.3,1565.6,1.262,0,False,440.3,False,Terverifikasi,Agrinas,694.0,27034.0,0.132,0.132,True,"https://www.google.com/maps/@-7.42052605,110.8042869,250m/data=!3m1!1e3",True,True,40,Cropland,True
46828,KOPERASI DESA MERAH PUTIH WONOKROMO KECAMATAN GONDANG KABUPATEN TULUNGAGUNG,JAWA TIMUR,KAB. TULUNGAGUNG,Gondang,-8.0723551,111.8346496,False,,-1,,376.3,True,,668994897,155.4,0.0,False,,-1,,3849.8,986.6,1087.8,3.477,0,False,986.6,True,Terverifikasi,Agrinas,295.0,32508.0,0.264,0.132,True,"https://www.google.com/maps/@-8.0723551,111.8346496,250m/data=!3m1!1e3",True,True,40,Cropland,True
17331,KOPERASI KELURAHAN MERAH PUTIH BANJARDOWO GENUK,JAWA TENGAH,KOTA SEMARANG,Genuk,-6.95981271,110.4851317,False,,-1,,1482.5,True,,587412807,155.4,0.0,False,,-1,,578.3,853.0,172.7,0.974,0,False,172.7,False,Sedang Diverifikasi,KOPERASI,2420.0,161719.0,0.132,0.132,True,"https://www.google.com/maps/@-6.95981271,110.4851317,250m/data=!3m1!1e3",True,True,40,Cropland,True
53695,KOPERASI KELURAHAN MERAH PUTIH BIRINGKASSI,SULAWESI SELATAN,KAB. JENEPONTO,Binamu,-5.68713476,119.6878557,False,,-1,,5361.4,True,Lahan Pertanian Kering,242673980,155.2,0.0,False,,-1,,15536.3,1000.3,1082.4,2.782,0,False,1000.3,True,,,55.0,8041.0,0.66,0.66,False,"https://www.google.com/maps/@-5.68713476,119.6878557,250m/data=!3m1!1e3",True,True,30,Grassland,False
77147,KOPERASI DESA MERAH PUTIH SYARIAH GAMPONG COT KEUTAPANG TANJONG,ACEH,KAB. PIDIE,Padang Tiji,5.36857068,95.82759777,False,,-1,,14320.0,True,,1458540174,155.1,0.0,False,,-1,,18384.9,600.4,2117.2,0.159,0,False,600.4,False,,,494.0,11797.0,0.132,0.132,True,"https://www.google.com/maps/@5.36857068,95.82759777,250m/data=!3m1!1e3",True,True,40,Cropland,True
46471,KOPERASI DESA MERAH PUTIH KAWUNGANTEN LOR,JAWA TENGAH,KAB. CILACAP,Kawunganten,-7.57664064,108.9160056,False,,-1,,16325.1,True,,682036191,154.8,0.0,False,,-1,,1983.6,374.1,461.2,3.524,0,False,374.1,False,Terverifikasi,BUSINESS ASSISTANCE,644.0,29372.0,0.132,0.132,True,"https://www.google.com/maps/@-7.57664064,108.9160056,250m/data=!3m1!1e3",True,True,40,Cropland,True
49111,KOPERASI DESA MERAH PUTIH SYARIAH GAMPONG UJONG BAROH SB,ACEH,KAB. ACEH UTARA,Tanah Luas,5.05585175,97.25641605,False,,-1,,7481.5,True,,351611227,154.5,0.0,False,,-1,,7438.5,330.7,1281.8,11.604,0,False,330.7,False,Tidak Ada Lahan,,399.0,20022.0,0.264,0.264,False,"https://www.google.com/maps/@5.05585175,97.25641605,250m/data=!3m1!1e3",True,True,40,Cropland,True
63821,KOPERASI DESA MERAH PUTIH TAMANNYELENG,SULAWESI SELATAN,KAB. GOWA,Barombong,-5.20467974,119.4186739,False,,-1,,2164.0,True,,20608425,154.2,0.0,False,,-1,,2304.2,69.1,395.7,1.511,1,False,69.1,False,Terverifikasi,Agrinas,1615.0,130235.0,0.264,0.264,False,"https://www.google.com/maps/@-5.20467974,119.4186739,250m/data=!3m1!1e3",True,True,40,Cropland,True
1075,KOPERASI DESA MERAH PUTIH DOHOAGUNG,JAWA TIMUR,KAB. GRESIK,Balongpanggang,-7.23600093,112.4262772,False,,-1,,12802.2,True,,1475436191,153.5,0.0,False,,-1,,4081.4,373.5,5056.9,0.823,1,False,373.5,False,Terverifikasi,Agrinas,821.0,19398.0,0.132,0.132,True,"https://www.google.com/maps/@-7.23600093,112.4262772,250m/data=!3m1!1e3",True,True,40,Cropland,True
71037,KOPERASI DESA MERAH PUTIH SYARIAH GAMPONG ULEE COT SEUPENG,ACEH,KAB. PIDIE,Peukan Baro,5.33226867,95.95904923,False,,-1,,5931.3,True,,428312198,153.0,0.0,False,,-1,,3925.2,232.5,1290.3,4.073,1,False,232.5,False,Sedang Diverifikasi,KOPERASI,832.0,30752.0,0.0,0.0,True,"https://www.google.com/maps/@5.33226867,95.95904923,250m/data=!3m1!1e3",True,True,40,Cropland,True
76941,KOPERASI DESA MERAH PUTIH SYARIAH GAMPONG DAYAH MEUNARA KECAMATAN KUTAMAKMUR,ACEH,KAB. ACEH UTARA,Kuta Makmur,5.11867245,97.07387862,False,,-1,,5036.7,True,,4726610,152.3,0.0,False,,-1,,10582.7,270.7,843.4,5.126,0,False,270.7,False,,,218.0,11522.0,0.132,0.132,True,"https://www.google.com/maps/@5.11867245,97.07387862,250m/data=!3m1!1e3",True,True,40,Cropland,True
63833,KOPERASI DESA MERAH PUTIH MADANI KECAMATAN WOTU,SULAWESI SELATAN,KAB. LUWU TIMUR,Wotu,-2.59282741,120.8427064,False,,-1,,18490.3,True,,1187950922,151.5,0.0,False,,-1,,11261.1,757.5,5086.6,0.952,1,False,757.5,False,Terverifikasi,Agrinas,16.0,7080.0,0.924,0.132,True,"https://www.google.com/maps/@-2.59282741,120.8427064,250m/data=!3m1!1e3",True,True,40,Cropland,True
56773,KOPERASI DESA MERAH PUTIH LOMBOK WETAN,JAWA TIMUR,KAB. BONDOWOSO,Wonosari,-7.94523648,113.9107032,False,,-1,,8036.9,True,,5994986,150.5,0.0,False,,-1,,8587.2,734.8,1310.0,5.281,1,False,734.8,False,Terverifikasi,Agrinas,339.0,17724.0,0.132,0.132,True,"https://www.google.com/maps/@-7.94523648,113.9107032,250m/data=!3m1!1e3",True,True,40,Cropland,True
30159,KOPERASI KELURAHAN MERAH PUTIH BONTOMANAI BONTOMARANNU,SULAWESI SELATAN,KAB. GOWA,Bontomarannu,-5.23430193,119.5125485,False,,-1,,1329.3,True,,818110603,150.0,0.0,False,,-1,,419.1,243.9,183.9,0.631,1,False,183.9,False,,,1115.0,31535.0,0.132,0.132,True,"https://www.google.com/maps/@-5.23430193,119.5125485,250m/data=!3m1!1e3",True,True,40,Cropland,True
14253,KOPERASI DESA MERAH PUTIH KANIE,SULAWESI SELATAN,KAB. SIDENRENG RAPPANG,Maritengngae,-3.88474443,119.8234835,False,,-1,,4014.8,True,,349615317,149.8,0.0,False,,-1,,4763.4,1032.8,1311.3,1.22,0,False,1032.8,True,Tidak Ada Lahan,,1.0,9942.0,0.66,0.66,False,"https://www.google.com/maps/@-3.88474443,119.8234835,250m/data=!3m1!1e3",True,True,40,Cropland,True
26685,KOPERASI DESA MERAH PUTIH TEKASIRE,NUSA TENGGARA BARAT,KAB. DOMPU,Manggalewa,-8.53084182,118.344313,False,,-1,,257.6,True,,157366537,149.3,0.0,False,,-1,,2964.2,1045.7,542.4,1.461,0,False,542.4,False,Terverifikasi,Agrinas,146.0,4769.0,0.132,0.132,True,"https://www.google.com/maps/@-8.53084182,118.344313,250m/data=!3m1!1e3",True,True,10,Tree cover,False
23490,KOPERASI DESA MERAH PUTIH SYARIAH BUGHU,ACEH,KAB. ACEH BESAR,Kuta Malaka,5.44277018,95.38776566,False,,-1,,7862.4,True,,6221226,149.2,0.0,False,,-1,,8306.5,75.6,1486.5,2.818,1,False,75.6,False,Dipertimbangkan,Agrinas,1168.0,26825.0,0.0,0.0,True,"https://www.google.com/maps/@5.44277018,95.38776566,250m/data=!3m1!1e3",True,True,50,Built-up,False
777,KOPERASI DESA MERAH PUTIH CERME KIDUL,JAWA TIMUR,KAB. GRESIK,Cerme,-7.2334713,112.57015,False,,-1,,884.5,True,,1482741565,148.9,0.0,False,,-1,,4468.3,56.4,1666.0,1.01,1,False,56.4,False,Terverifikasi,Agrinas,15.0,49244.0,0.132,0.132,True,"https://www.google.com/maps/@-7.2334713,112.57015,250m/data=!3m1!1e3",True,True,40,Cropland,True
66829,KOPERASI DESA MERAH PUTIH SYARIAH GAMPONG LAMPOH SIRONG,ACEH,KAB. PIDIE,Mutiara,5.2951691,95.9947683,False,,-1,,10892.4,True,,1468888745,148.8,0.0,False,,-1,,5578.3,624.7,1003.2,0.379,0,False,624.7,False,Sedang Diverifikasi,KOPERASI,166.0,31275.0,0.132,0.132,True,"https://www.google.com/maps/@5.2951691,95.9947683,250m/data=!3m1!1e3",True,True,40,Cropland,True
63446,KOPERASI DESA MERAH PUTIH TANGKISAN KECAMATAN TAWANGSARI KABUPATEN SUKOHARJO,JAWA TENGAH,KAB. SUKOHARJO,Tawangsari,-7.70780169,110.7935643,False,,-1,,924.2,True,,966906220,148.3,0.0,False,,-1,,1471.0,770.9,308.0,0.265,0,False,308.0,False,Terverifikasi,KOPERASI,579.0,45086.0,0.264,0.264,False,"https://www.google.com/maps/@-7.70780169,110.7935643,250m/data=!3m1!1e3",True,True,40,Cropland,True
65062,KOPERASI DESA MERAH PUTIH KARANGPETIR KECAMATAN TAMBAK KABUPATEN BANYUMAS,JAWA TENGAH,KAB. BANYUMAS,Tambak,-7.6277587,109.3966194,False,,-1,,5530.6,True,,681420980,148.0,0.0,False,,-1,,3278.5,1001.3,585.5,2.212,0,False,585.5,False,Terverifikasi,KOPERASI,201.0,34256.0,0.0,0.0,True,"https://www.google.com/maps/@-7.6277587,109.3966194,250m/data=!3m1!1e3",True,True,40,Cropland,True
33258,KOPERASI DESA MERAH PUTIH TAMBAK SIRANG BARU,KALIMANTAN SELATAN,KAB. BANJAR,Gambut,-3.44624255,114.5862107,False,,-1,,10022.1,True,,1221226360,148.0,0.0,False,,-1,,1547.7,145.5,1004.2,3.89,1,False,145.5,False,,,261.0,6177.0,0.0,0.0,True,"https://www.google.com/maps/@-3.44624255,114.5862107,250m/data=!3m1!1e3",True,True,40,Cropland,True
83586,KOPERASI DESA MERAH PUTIH SYARIAH GAMPONG BLANG SEUPENG,ACEH,KAB. PIDIE,Peukan Baro,5.32238412,95.96182263,False,,-1,,7043.0,True,,458456940,147.8,0.0,False,,-1,,4204.5,235.8,711.4,0.846,0,False,235.8,False,Sedang Diverifikasi,KOPERASI,1392.0,30962.0,0.132,0.132,True,"https://www.google.com/maps/@5.32238412,95.96182263,250m/data=!3m1!1e3",True,True,40,Cropland,True
75400,KOPERASI DESA MERAH PUTIH MOJOSARI KECAMATAN KARANGGEDE,JAWA TENGAH,KAB. BOYOLALI,Karanggede,-7.37991534,110.67361,False,,-1,,7998.2,True,,704484524,147.1,0.0,False,,-1,,2635.0,611.8,1927.4,1.594,0,False,611.8,False,Terverifikasi,Agrinas,105.0,27381.0,0.132,0.132,True,"https://www.google.com/maps/@-7.37991534,110.67361,250m/data=!3m1!1e3",True,True,40,Cropland,True
76798,KOPERASI DESA MERAH PUTIH SYARIAH MEUNASAH BLANG ARA,ACEH,KAB. ACEH UTARA,Kuta Makmur,5.10624512,97.07827085,False,,-1,,4571.0,True,,333878647,146.9,0.0,False,,-1,,11069.2,287.4,633.2,1.348,0,False,287.4,False,Tidak Ada Lahan,,304.0,8986.0,0.264,0.264,False,"https://www.google.com/maps/@5.10624512,97.07827085,250m/data=!3m1!1e3",True,True,40,Cropland,True
50806,KOPERASI DESA MERAH PUTIH SUKAMUKTI KECAMATAN SUKAMAJU SELATAN,SULAWESI SELATAN,KAB. LUWU UTARA,Sukamaju Selatan,-2.64276281,120.4400746,False,,-1,,1973.5,True,,1134401590,146.7,0.0,False,,-1,,9424.2,1825.4,1692.7,8.239,0,False,1692.7,True,Tidak Ada Lahan,,10.0,8570.0,0.792,0.132,True,"https://www.google.com/maps/@-2.64276281,120.4400746,250m/data=!3m1!1e3",True,True,40,Cropland,True
62611,KOPERASI DESA MERAH PUTIH DESA BOJONGLOR KECAMATAN BOJONG KABUPATEN PEKALONGAN,JAWA TENGAH,KAB. PEKALONGAN,Bojong,-6.95876793,109.5980823,False,,-1,,11270.7,True,,712245527,146.3,0.0,False,,-1,,7780.1,323.7,1619.4,0.386,0,False,323.7,False,Sedang Diverifikasi,KOPERASI,1597.0,48680.0,0.264,0.264,False,"https://www.google.com/maps/@-6.95876793,109.5980823,250m/data=!3m1!1e3",True,True,40,Cropland,True
1193,KOPERASI DESA MERAH PUTIH TANAHLANDEAN KECAMATAN BALONGPANGGANG,JAWA TIMUR,KAB. GRESIK,Balongpanggang,-7.30577543,112.4163289,False,,-1,,16451.5,True,,1473765517,145.8,0.0,False,,-1,,4818.2,104.0,9154.5,1.563,1,False,104.0,False,Sedang Diverifikasi,KOPERASI,1162.0,27784.0,0.132,0.132,True,"https://www.google.com/maps/@-7.30577543,112.4163289,250m/data=!3m1!1e3",True,True,40,Cropland,True
70050,KOPERASI DESA MERAH PUTIH SIDOMULYO WONOASRI,JAWA TIMUR,KAB. MADIUN,Wonoasri,-7.5770957,111.6184873,False,,-1,,2767.1,True,,667457655,145.6,0.0,False,,-1,,703.7,299.6,299.7,0.607,0,False,299.6,False,Terverifikasi,Agrinas,413.0,21255.0,0.264,0.264,False,"https://www.google.com/maps/@-7.5770957,111.6184873,250m/data=!3m1!1e3",True,True,40,Cropland,True
75461,KOPERASI KELURAHAN MERAH PUTIH BANDUNGAN KECAMATAN BANDUNGAN,JAWA TENGAH,KAB. SEMARANG,Bandungan,-7.21113566,110.3600909,False,,-1,,144.9,True,,1393213616,144.9,0.0,False,,-1,,3007.6,1301.3,1696.2,0.988,0,False,1301.3,True,Terverifikasi,BUSINESS ASSISTANCE,304.0,32779.0,0.132,0.132,True,"https://www.google.com/maps/@-7.21113566,110.3600909,250m/data=!3m1!1e3",True,True,30,Grassland,False
85405,KOPERASI DESA MERAH PUTIH SYARIAH RISEH BAROH SAWANG,ACEH,KAB. ACEH UTARA,Sawang,5.097189,96.89363243,False,,-1,,16488.4,True,,405451035,143.9,0.0,False,,-1,,15986.0,393.9,11712.6,1.387,0,False,393.9,False,,,630.0,8200.0,0.0,0.0,True,"https://www.google.com/maps/@5.097189,96.89363243,250m/data=!3m1!1e3",True,True,40,Cropland,True
65304,KOPERASI DESA MERAH PUTIH SENDANGSARI KECAMATAN BENER,JAWA TENGAH,KAB. PURWOREJO,Bener,-7.63460791,110.0386906,False,,-1,,2136.0,True,,1005094019,143.8,0.0,False,,-1,,1517.9,422.0,289.9,0.346,0,False,289.9,False,Tidak Ada Lahan,,282.0,23855.0,0.132,0.132,True,"https://www.google.com/maps/@-7.63460791,110.0386906,250m/data=!3m1!1e3",True,True,40,Cropland,True
74901,KOPERASI DESA MERAH PUTIH MUARA KECAMATAN CILAMAYA WETAN,JAWA BARAT,KAB. KARAWANG,Cilamaya Wetan,-6.21439362,107.614214,False,,-1,,1356.2,True,,398663796,143.7,0.0,False,,-1,,8922.9,1441.7,914.1,8.475,0,False,914.1,True,Terverifikasi,Agrinas,34.0,10199.0,0.66,0.66,False,"https://www.google.com/maps/@-6.21439362,107.614214,250m/data=!3m1!1e3",True,True,40,Cropland,True
85178,KOPERASI DESA MERAH PUTIH SYARIAH GAMPONG UJUNG KUTA BATEE KECAMATAN MEURAH MULIA,ACEH,KAB. ACEH UTARA,Meurah Mulia,5.04189788,97.19508332,False,,-1,,6770.9,True,,5247593,143.4,0.0,False,,-1,,6480.1,374.8,4789.6,31.447,1,False,374.8,False,Tidak Ada Lahan,,870.0,15588.0,0.132,0.132,True,"https://www.google.com/maps/@5.04189788,97.19508332,250m/data=!3m1!1e3",True,True,40,Cropland,True
86023,KOPERASI DESA MERAH PUTIH SYARIAH GAMPONG ASAN KRUENG KREH,ACEH,KAB. ACEH UTARA,Pirak Timu,5.02111013,97.30805477,False,,-1,,8986.2,True,,351852353,142.1,0.0,False,,-1,,3043.5,187.8,279.0,13.071,0,False,187.8,False,Tidak Ada Lahan,,1353.0,22412.0,0.132,0.132,True,"https://www.google.com/maps/@5.02111013,97.30805477,250m/data=!3m1!1e3",True,True,40,Cropland,True
62602,KOPERASI DESA MERAH PUTIH JERUKGULUNG KECAMATAN DEMPET KABUPATEN DEMAK,JAWA TENGAH,KAB. DEMAK,Dempet,-6.97400611,110.7260039,False,,-1,,9131.4,True,,692469091,141.7,0.0,False,,-1,,8076.3,843.8,1929.9,0.186,0,False,843.8,True,Selesai,Agrinas,152.0,23921.0,0.132,0.132,True,"https://www.google.com/maps/@-6.97400611,110.7260039,250m/data=!3m1!1e3",True,True,40,Cropland,True
77115,KOPERASI DESA MERAH PUTIH MULYOREJO KECAMATAN BALEN KABUPATEN BOJONEGORO,JAWA TIMUR,KAB. BOJONEGORO,Balen,-7.14394271,111.9545809,False,,-1,,361.2,True,,1537375549,141.6,0.0,False,,-1,,3132.3,634.1,567.0,0.333,0,False,567.0,False,Terverifikasi,Agrinas,63.0,21470.0,0.396,0.132,True,"https://www.google.com/maps/@-7.14394271,111.9545809,250m/data=!3m1!1e3",True,True,40,Cropland,True
55837,KOPERASI DESA MERAH PUTIH NGRAPAH,JAWA TENGAH,KAB. SEMARANG,Banyubiru,-7.29152599,110.3875554,False,,-1,,566.9,True,,1229471861,141.3,0.0,False,,-1,,1849.1,579.6,1572.6,0.211,0,False,579.6,False,Terverifikasi,BUSINESS ASSISTANCE,928.0,24895.0,0.132,0.132,True,"https://www.google.com/maps/@-7.29152599,110.3875554,250m/data=!3m1!1e3",True,True,40,Cropland,True
42515,KOPERASI DESA MERAH PUTIH TRIHARJO KECAMATAN GEMUH KABUPATEN KENDAL,JAWA TENGAH,KAB. KENDAL,Gemuh,-7.01016509,110.1290176,False,,-1,,787.4,True,,666319777,141.3,0.0,False,,-1,,7661.4,315.1,1673.1,1.471,0,False,315.1,False,Terverifikasi,BUSINESS ASSISTANCE,935.0,25420.0,0.264,0.264,False,"https://www.google.com/maps/@-7.01016509,110.1290176,250m/data=!3m1!1e3",True,True,40,Cropland,True
89168,KOPERASI KELURAHAN MERAH PUTIH KOPERASI KELURAHAN MERAH PUTIH KOYA TIMUR,PAPUA,KOTA JAYAPURA,Muara Tami,-2.67718925,140.84814714,False,,-1,,891.3,True,,756865205,141.2,0.0,False,,-1,,17933.1,756.4,669.5,0.821,0,False,669.5,False,Sedang Diverifikasi,KOPERASI,4559.0,18304.0,0.132,0.132,True,"https://www.google.com/maps/@-2.67718925,140.84814714,250m/data=!3m1!1e3",True,True,10,Tree cover,False
86320,KOPERASI DESA MERAH PUTIH SYARIAH GAMPONG GEULUMPANG KECAMATAN PIRAK TIMU,ACEH,KAB. ACEH UTARA,Pirak Timu,5.02054604,97.30336813,False,,-1,,8478.5,True,,351852353,140.8,0.0,False,,-1,,3404.8,282.8,738.6,13.071,0,False,282.8,False,,,33.0,15904.0,0.132,0.132,True,"https://www.google.com/maps/@5.02054604,97.30336813,250m/data=!3m1!1e3",True,True,40,Cropland,True
73556,KOPERASI DESA MERAH PUTIH MEKARMUKTI KECAMATAN SINDANGAGUNG,JAWA BARAT,KAB. KUNINGAN,Sindangagung,-6.97389822,108.5443448,False,,-1,,215.6,True,Sawah Lega,1326431593,140.7,0.0,False,,-1,,3032.0,500.2,269.6,0.238,0,False,269.6,False,Tidak Ada Lahan,,854.0,59643.0,0.0,0.0,True,"https://www.google.com/maps/@-6.97389822,108.5443448,250m/data=!3m1!1e3",True,True,40,Cropland,True
54789,KOPERASI DESA MERAH PUTIH PESUNINGAN KECAMATAN PREMBUN,JAWA TENGAH,KAB. KEBUMEN,Prembun,-7.67825604,109.8014557,False,,-1,,5240.3,True,,692784580,140.1,0.0,False,,-1,,4968.4,655.0,4974.3,1.128,0,False,655.0,False,Terverifikasi,Agrinas,1082.0,23871.0,0.264,0.264,False,"https://www.google.com/maps/@-7.67825604,109.8014557,250m/data=!3m1!1e3",True,True,40,Cropland,True
55079,KOPERASI DESA MERAH PUTIH PUTAT KECAMATAN GEGER,JAWA TIMUR,KAB. MADIUN,Geger,-7.68262391,111.5044362,False,,-1,,3043.5,True,,1204070535,140.1,0.0,False,,-1,,3187.1,545.2,2661.6,10.655,0,False,545.2,False,Terverifikasi,KEMENTERIAN KELAUTAN DAN PERIKANAN,344.0,33159.0,0.264,0.264,False,"https://www.google.com/maps/@-7.68262391,111.5044362,250m/data=!3m1!1e3",True,True,40,Cropland,True
15504,KOPERASI DESA MERAH PUTIH SYARIAH DESA MATANG BALOY,ACEH,KAB. ACEH UTARA,Tanah Luas,5.03102179,97.23054657,False,,-1,,4217.5,True,,351611227,139.8,0.0,False,,-1,,4058.4,378.3,1210.2,11.604,0,False,378.3,False,Terverifikasi,Agrinas,213.0,16482.0,0.132,0.132,True,"https://www.google.com/maps/@5.03102179,97.23054657,250m/data=!3m1!1e3",True,True,40,Cropland,True
77809,KOPERASI DESA MERAH PUTIH SYARIAH GAMPONG GLEE GOGO,ACEH,KAB. PIDIE,Padang Tiji,5.37395894,95.8776957,False,,-1,,8739.9,True,,428312222,139.1,0.0,False,,-1,,13038.8,427.5,1188.3,0.856,1,False,427.5,False,,,231.0,16991.0,0.132,0.132,True,"https://www.google.com/maps/@5.37395894,95.8776957,250m/data=!3m1!1e3",True,True,40,Cropland,True
80019,KOPERASI DESA MERAH PUTIH SYARIAH GAMPONG GAROT KECAMATAN SYAMTALIRA BAYU,ACEH,KAB. ACEH UTARA,Syamtalira Bayu,5.10218186,97.18892599,False,,-1,,4410.2,True,,5247593,138.8,0.0,False,,-1,,7256.8,344.2,1515.7,31.447,1,False,344.2,False,Tidak Ada Lahan,,274.0,31436.0,0.132,0.132,True,"https://www.google.com/maps/@5.10218186,97.18892599,250m/data=!3m1!1e3",True,True,40,Cropland,True
77408,KOPERASI DESA MERAH PUTIH SYARIAH GAMPONG RAYA SANGGEUE,ACEH,KAB. PIDIE,Pidie,5.36189009,95.92469665,False,,-1,,4357.3,True,,6369573,138.4,0.0,False,,-1,,7661.5,395.5,826.6,7.17,0,False,395.5,False,,,1234.0,37904.0,0.132,0.132,True,"https://www.google.com/maps/@5.36189009,95.92469665,250m/data=!3m1!1e3",True,True,40,Cropland,True
55628,KOPERASI DESA MERAH PUTIH SANDARAN GALEH,JAMBI,KOTA SUNGAI PENUH,Kumun Debai,-2.09997534,101.4246689,False,,-1,,5373.8,True,,1243465386,137.8,0.0,False,,-1,,4910.4,451.2,470.1,0.563,0,False,451.2,False,,,799.0,26593.0,0.264,0.264,False,"https://www.google.com/maps/@-2.09997534,101.4246689,250m/data=!3m1!1e3",True,True,40,Cropland,True
1109,KOPERASI DESA MERAH PUTIH DUKUNANYAR,JAWA TIMUR,KAB. GRESIK,Dukun,-7.00792486,112.5189924,False,,-1,,3277.2,True,,1499791918,137.2,0.0,False,,-1,,5411.3,705.5,3176.8,20.917,1,False,705.5,False,Tidak Ada Lahan,,880.0,23437.0,0.132,0.132,True,"https://www.google.com/maps/@-7.00792486,112.5189924,250m/data=!3m1!1e3",True,True,40,Cropland,True
16553,KOPERASI DESA MERAH PUTIH KUTU WETAN KECAMATAN JETIS,JAWA TIMUR,KAB. PONOROGO,Jetis,-7.94977572,111.4862325,False,,-1,,6185.9,True,,674943949,136.8,0.0,False,,-1,,3461.4,631.7,1166.4,1.908,0,False,631.7,False,Terverifikasi,KOPERASI,446.0,26833.0,0.132,0.132,True,"https://www.google.com/maps/@-7.94977572,111.4862325,250m/data=!3m1!1e3",True,True,40,Cropland,True
74466,KOPERASI DESA MERAH PUTIH BANJARSARI KECAMATAN PURWODADI,JAWA TENGAH,KAB. PURWOREJO,Purwodadi,-7.86301376,110.0236144,False,,-1,,2663.6,True,,1006218918,136.8,0.0,False,,-1,,6462.2,493.5,469.3,0.467,0,False,469.3,False,Tidak Ada Lahan,,700.0,15614.0,0.132,0.132,True,"https://www.google.com/maps/@-7.86301376,110.0236144,250m/data=!3m1!1e3",True,True,40,Cropland,True
53652,KOPERASI DESA MERAH PUTIH PABUNDUKANG,SULAWESI SELATAN,KAB. GOWA,Bontonompo Selatan,-5.39662163,119.3776565,False,,-1,,423.7,True,,20608431,136.4,0.0,False,,-1,,1124.6,136.5,1185.3,2.075,1,False,136.5,False,Terverifikasi,Agrinas,513.0,27234.0,0.132,0.132,True,"https://www.google.com/maps/@-5.39662163,119.3776565,250m/data=!3m1!1e3",True,True,40,Cropland,True
56683,KOPERASI DESA MERAH PUTIH KALURAHAN NGAWU,DAERAH ISTIMEWA YOGYAKARTA,KAB. GUNUNG KIDUL,Playen,-7.93334188,110.548375,False,,-1,,170.2,True,,453603361,136.0,0.0,False,,-1,,2256.4,744.3,1056.4,1.679,0,False,744.3,False,Terverifikasi,Agrinas,737.0,22899.0,0.0,0.0,True,"https://www.google.com/maps/@-7.93334188,110.548375,250m/data=!3m1!1e3",True,True,40,Cropland,True
61889,KOPERASI DESA MERAH PUTIH SYARIAH GAMPONG SIMBE,ACEH,KAB. PIDIE,Mutiara Timur,5.25124038,95.96681847,False,,-1,,14929.3,True,,1481716971,135.3,0.0,False,,-1,,10794.6,331.6,695.3,0.246,0,False,331.6,False,Terverifikasi,KOPERASI,436.0,24338.0,0.264,0.264,False,"https://www.google.com/maps/@5.25124038,95.96681847,250m/data=!3m1!1e3",True,True,40,Cropland,True
17666,KOPERASI DESA MERAH PUTIH MERJOYO,JAWA TIMUR,KAB. KEDIRI,Purwoasri,-7.61519512,112.1172066,False,,-1,,1230.7,True,,1258396917,135.1,0.0,False,,-1,,2895.5,170.6,559.4,0.337,1,False,170.6,False,Terverifikasi,Agrinas,94.0,37908.0,0.396,0.264,False,"https://www.google.com/maps/@-7.61519512,112.1172066,250m/data=!3m1!1e3",True,True,40,Cropland,True
7355,KOPERASI DESA MERAH PUTIH MOJOREJO KECAMATAN JETIS,JAWA TIMUR,KAB. PONOROGO,Jetis,-7.93504655,111.4970358,False,,-1,,5661.6,True,,676179812,134.4,0.0,False,,-1,,1738.1,195.9,592.5,3.095,0,False,195.9,False,Terverifikasi,KOPERASI,415.0,33727.0,0.0,0.0,True,"https://www.google.com/maps/@-7.93504655,111.4970358,250m/data=!3m1!1e3",True,True,40,Cropland,True
44698,KOPERASI DESA MERAH PUTIH BANUA HANYAR KECAMATAN KERTAK HANYAR,KALIMANTAN SELATAN,KAB. BANJAR,Kertak Hanyar,-3.39165702,114.6378122,False,,-1,,2062.5,True,,705054006,134.2,0.0,False,,-1,,3680.1,231.0,1323.5,5.69,0,False,231.0,False,Sedang Diverifikasi,KOPERASI,516.0,18661.0,0.132,0.132,True,"https://www.google.com/maps/@-3.39165702,114.6378122,250m/data=!3m1!1e3",True,True,40,Cropland,True
7539,KOPERASI DESA MERAH PUTIH SAMBILAWANG KECAMATAN BUNGKAL,JAWA TIMUR,KAB. PONOROGO,Bungkal,-7.9802113,111.478595,False,,-1,,7121.3,True,,688952691,133.6,0.0,False,,-1,,5278.3,529.6,761.0,0.496,0,False,529.6,False,Terverifikasi,KOPERASI,637.0,19403.0,0.132,0.0,True,"https://www.google.com/maps/@-7.9802113,111.478595,250m/data=!3m1!1e3",True,True,40,Cropland,True
55502,KOPERASI DESA MERAH PUTIH TEGALMADE KECAMATAN MOJOLABAN KABUPATEN SUKOHARJO,JAWA TENGAH,KAB. SUKOHARJO,Mojolaban,-7.61172531,110.8416038,False,,-1,,1062.7,True,,9574602,133.5,0.0,False,,-1,,1772.6,984.2,2082.4,3.847,0,False,984.2,True,Terverifikasi,Agrinas,349.0,50766.0,0.0,0.0,True,"https://www.google.com/maps/@-7.61172531,110.8416038,250m/data=!3m1!1e3",True,True,40,Cropland,True
82617,KOPERASI DESA MERAH PUTIH SYARIAH GAMPONG TANJONG HAJI MUDA,ACEH,KAB. ACEH UTARA,Matangkuli,5.02111745,97.28148994,False,,-1,,6312.3,True,,351852350,133.5,0.0,False,,-1,,5271.9,334.6,1041.6,3.504,0,False,334.6,False,,,109.0,10812.0,0.264,0.132,True,"https://www.google.com/maps/@5.02111745,97.28148994,250m/data=!3m1!1e3",True,True,40,Cropland,True
41838,KOPERASI DESA MERAH PUTIH KRANDEGAN KECAMATAN KEBONSARI,JAWA TIMUR,KAB. MADIUN,Kebonsari,-7.74764196,111.5053839,False,,-1,,3966.7,True,,1189023466,133.4,0.0,False,,-1,,2503.6,408.3,2259.0,1.028,0,False,408.3,False,Terverifikasi,Agrinas,1080.0,37368.0,0.132,0.132,True,"https://www.google.com/maps/@-7.74764196,111.5053839,250m/data=!3m1!1e3",True,True,40,Cropland,True
78193,KOPERASI DESA MERAH PUTIH NAGARI SUNGAI LANDIA,SUMATERA BARAT,KAB. AGAM,IV Koto,-0.331753,100.2891511,False,,-1,,8718.0,True,,1408512353,132.8,0.0,False,,-1,,9628.0,2305.8,7002.8,3.38,0,False,2305.8,True,Terverifikasi,Agrinas,368.0,3785.0,0.132,0.132,True,"https://www.google.com/maps/@-0.331753,100.2891511,250m/data=!3m1!1e3",True,True,40,Cropland,True
60550,KOPERASI DESA MERAH PUTIH PETANAHAN KECAMATAN PETANAHAN,JAWA TENGAH,KAB. KEBUMEN,Petanahan,-7.73839793,109.5897165,False,,-1,,154.1,True,,1530093035,132.2,0.0,False,,-1,,992.1,950.8,853.0,0.266,0,False,853.0,True,Terverifikasi,BUSINESS ASSISTANCE,678.0,31461.0,0.132,0.132,True,"https://www.google.com/maps/@-7.73839793,109.5897165,250m/data=!3m1!1e3",True,True,40,Cropland,True
81144,KOPERASI DESA MERAH PUTIH GENTAWANGI KECAMATAN JATILAWANG KABUPATEN BANYUMAS,JAWA TENGAH,KAB. BANYUMAS,Jatilawang,-7.52340607,109.1244994,False,,-1,,6173.3,True,,680918459,131.8,0.0,False,,-1,,12926.1,493.3,1206.5,1.56,0,False,493.3,False,Terverifikasi,Agrinas,477.0,28426.0,0.132,0.132,True,"https://www.google.com/maps/@-7.52340607,109.1244994,250m/data=!3m1!1e3",True,True,40,Cropland,True
84816,KOPERASI DESA MERAH PUTIH SYARIAH GAMPONG RAYEUK MUNYE,ACEH,KAB. ACEH UTARA,Tanah Luas,5.05845205,97.26293911,False,,-1,,7878.4,True,,351611227,131.6,0.0,False,,-1,,6811.2,460.1,875.8,11.604,0,False,460.1,False,,,399.0,20022.0,0.0,0.0,True,"https://www.google.com/maps/@5.05845205,97.26293911,250m/data=!3m1!1e3",True,True,40,Cropland,True
51358,KOPERASI DESA MERAH PUTIH RUMBIA JENEPONTO,SULAWESI SELATAN,KAB. JENEPONTO,Rumbia,-5.49689211,119.8510344,False,,-1,,6855.5,True,,941948637,129.9,0.0,False,,-1,,538.7,1150.4,361.6,0.57,0,False,361.6,False,Tidak Ada Lahan,,547.0,12755.0,0.528,0.528,False,"https://www.google.com/maps/@-5.49689211,119.8510344,250m/data=!3m1!1e3",True,True,40,Cropland,True
35239,KOPERASI DESA MERAH PUTIH PANNYANGKALANG,SULAWESI SELATAN,KAB. GOWA,Bajeng,-5.3166233,119.4455532,False,,-1,,809.2,True,,1507152344,129.8,0.0,False,,-1,,3142.3,475.6,762.4,1.873,1,False,475.6,False,Terverifikasi,Agrinas,600.0,40881.0,0.132,0.132,True,"https://www.google.com/maps/@-5.3166233,119.4455532,250m/data=!3m1!1e3",True,True,40,Cropland,True
81187,KOPERASI DESA MERAH PUTIH SYARIAH GAMPONG COT MANE,ACEH,KAB. ACEH UTARA,Baktiya,5.13705135,97.38712588,False,,-1,,11732.9,True,,426026408,129.5,0.0,False,,-1,,6677.6,635.5,1123.1,1.782,1,False,635.5,False,Tidak Ada Lahan,,2.0,16798.0,0.528,0.132,True,"https://www.google.com/maps/@5.13705135,97.38712588,250m/data=!3m1!1e3",True,True,40,Cropland,True
50681,KOPERASI DESA MERAH PUTIH BUNGUNGLOE,SULAWESI SELATAN,KAB. JENEPONTO,Turatea,-5.6186119,119.7853289,False,,-1,,3565.2,True,,241536209,129.3,0.0,False,,-1,,7084.6,430.9,1507.1,4.074,1,False,430.9,False,Terverifikasi,Agrinas,842.0,14282.0,0.132,0.132,True,"https://www.google.com/maps/@-5.6186119,119.7853289,250m/data=!3m1!1e3",True,True,10,Tree cover,False
6943,KOPERASI DESA MERAH PUTIH CORAWALI,SULAWESI SELATAN,KAB. BARRU,Tanete Rilau,-4.51327826,119.5947217,False,,-1,,1118.9,True,,486285962,129.0,0.0,False,,-1,,1130.7,1146.1,726.1,0.624,0,False,726.1,False,Sedang Diverifikasi,KOPERASI,266.0,10951.0,0.396,0.396,False,"https://www.google.com/maps/@-4.51327826,119.5947217,250m/data=!3m1!1e3",True,True,40,Cropland,True
79750,KOPERASI DESA MERAH PUTIH REMPEK,NUSA TENGGARA BARAT,KAB. LOMBOK UTARA,Gangga,-8.31321624,116.2330853,False,,-1,,7675.2,True,,302529215,129.0,0.0,False,,-1,,4918.5,345.5,606.1,0.623,0,False,345.5,False,Terverifikasi,Agrinas,334.0,6593.0,0.132,0.132,True,"https://www.google.com/maps/@-8.31321624,116.2330853,250m/data=!3m1!1e3",True,True,40,Cropland,True
58988,KOPERASI DESA MERAH PUTIH KOTO BARU TANAH KAMPUNG,JAMBI,KOTA SUNGAI PENUH,Tanah Kampung,-2.07883923,101.4320727,False,,-1,,4116.8,True,,1240678341,129.0,0.0,False,,-1,,3854.6,332.7,587.4,3.308,0,False,332.7,False,Terverifikasi,BUSINESS ASSISTANCE,2383.0,31124.0,0.132,0.132,True,"https://www.google.com/maps/@-2.07883923,101.4320727,250m/data=!3m1!1e3",True,True,40,Cropland,True
11226,KOPERASI DESA MERAH PUTIH BESUKI KECAMATAN SAMBIT,JAWA TIMUR,KAB. PONOROGO,Sambit,-7.9618571,111.5335585,False,,-1,,805.0,True,,1110432354,128.7,0.0,False,,-1,,4822.6,1156.0,546.5,0.854,0,False,546.5,False,Dipertimbangkan,KOPERASI,655.0,26452.0,0.132,0.132,True,"https://www.google.com/maps/@-7.9618571,111.5335585,250m/data=!3m1!1e3",True,True,40,Cropland,True
12704,KOPERASI DESA MERAH PUTIH BORO KECAMATAN SELOREJO KABUPATEN BLITAR,JAWA TIMUR,KAB. BLITAR,Selorejo,-8.11107,112.444652,False,,-1,,2147.2,True,,509664590,128.6,0.0,False,,-1,,6354.6,1943.7,1053.0,0.497,0,False,1053.0,True,Terverifikasi,Agrinas,505.0,21401.0,0.0,0.0,True,"https://www.google.com/maps/@-8.11107,112.444652,250m/data=!3m1!1e3",True,True,10,Tree cover,False
55998,KOPERASI DESA MERAH PUTIH NGRAJI PURWODADI GROBOGAN,JAWA TENGAH,KAB. GROBOGAN,Purwodadi,-7.11580098,110.9332394,False,,-1,,8338.0,True,,700343128,128.5,0.0,False,,-1,,4303.7,590.8,2911.5,1.045,0,False,590.8,False,Terverifikasi,Agrinas,778.0,41397.0,0.264,0.132,True,"https://www.google.com/maps/@-7.11580098,110.9332394,250m/data=!3m1!1e3",True,True,40,Cropland,True
52845,KOPERASI DESA MERAH PUTIH JENARKIDUL,JAWA TENGAH,KAB. PURWOREJO,Purwodadi,-7.8091666,109.9805666,False,,-1,,1687.6,True,,925086680,127.0,0.0,False,,-1,,1759.6,1024.5,1017.8,1.951,0,False,1017.8,True,Tidak Ada Lahan,,1.0,17603.0,0.528,0.132,True,"https://www.google.com/maps/@-7.8091666,109.9805666,250m/data=!3m1!1e3",True,True,40,Cropland,True
1062,KOPERASI DESA MERAH PUTIH BANDUNGSEKARAN,JAWA TIMUR,KAB. GRESIK,Balongpanggang,-7.28938312,112.4103718,False,,-1,,18372.8,True,,1476336544,126.5,0.0,False,,-1,,4135.2,197.8,9571.5,2.657,1,False,197.8,False,Terverifikasi,KOPERASI,479.0,25650.0,0.132,0.132,True,"https://www.google.com/maps/@-7.28938312,112.4103718,250m/data=!3m1!1e3",True,True,40,Cropland,True
38070,KOPERASI KELURAHAN MERAH PUTIH BORONGLOE,SULAWESI SELATAN,KAB. GOWA,Bontomarannu,-5.23422961,119.4942278,False,,-1,,933.9,True,,1507152218,126.4,0.0,False,,-1,,1537.5,88.5,310.7,1.404,1,False,88.5,False,Tidak Ada Lahan,,1315.0,45880.0,0.0,0.0,True,"https://www.google.com/maps/@-5.23422961,119.4942278,250m/data=!3m1!1e3",True,True,40,Cropland,True
60396,KOPERASI DESA MERAH PUTIH TANJUNG KECAMATAN JUWIRING,JAWA TENGAH,KAB. KLATEN,Juwiring,-7.65910439,110.7522603,False,,-1,,812.6,True,,18751766,126.2,0.0,False,,-1,,729.1,711.8,712.8,0.208,0,False,711.8,False,Terverifikasi,Agrinas,675.0,31981.0,0.0,0.0,True,"https://www.google.com/maps/@-7.65910439,110.7522603,250m/data=!3m1!1e3",True,True,40,Cropland,True
70082,KOPERASI DESA MERAH PUTIH NGRINGINREJO KECAMATAN KALITIDU KABUPATEN BOJONEGORO,JAWA TIMUR,KAB. BOJONEGORO,Kalitidu,-7.13408612,111.8235342,False,,-1,,760.5,True,,1109637080,126.2,0.0,False,,-1,,6322.6,434.8,1055.6,0.229,0,False,434.8,False,Terverifikasi,Agrinas,702.0,20846.0,0.132,0.132,True,"https://www.google.com/maps/@-7.13408612,111.8235342,250m/data=!3m1!1e3",True,True,40,Cropland,True
34005,KOPERASI DESA MERAH PUTIH SANGGRA AGUNG,JAWA TIMUR,KAB. BANGKALAN,Socah,-7.10609677,112.7698427,False,,-1,,8159.6,True,,241117544,126.1,0.0,False,,-1,,11747.8,865.4,4939.7,17.265,0,False,865.4,True,Terverifikasi,Agrinas,372.0,18745.0,0.264,0.264,False,"https://www.google.com/maps/@-7.10609677,112.7698427,250m/data=!3m1!1e3",True,True,40,Cropland,True
62620,KOPERASI DESA MERAH PUTIH CANDIRENGGO KECAMATAN AYAH,JAWA TENGAH,KAB. KEBUMEN,Ayah,-7.68826577,109.3986317,False,,-1,,1269.1,True,,1413599073,126.0,0.0,False,,-1,,3104.5,681.9,452.3,0.58,0,False,452.3,False,Terverifikasi,Agrinas,1052.0,25288.0,0.264,0.264,False,"https://www.google.com/maps/@-7.68826577,109.3986317,250m/data=!3m1!1e3",True,True,40,Cropland,True
38584,KOPERASI DESA MERAH PUTIH SEMPU KECAMATAN NGANCAR,JAWA TIMUR,KAB. KEDIRI,Ngancar,-7.94809254,112.2273282,False,,-1,,2583.3,True,,17056446,125.6,0.0,False,,-1,,7577.4,1353.4,3986.5,1.896,0,False,1353.4,True,Terverifikasi,Agrinas,78.0,13821.0,0.264,0.0,True,"https://www.google.com/maps/@-7.94809254,112.2273282,250m/data=!3m1!1e3",True,True,40,Cropland,True
6026,KOPERASI DESA MERAH PUTIH NAGRAK KECAMATAN SUKARAJA,JAWA BARAT,KAB. BOGOR,Sukaraja,-6.6073509,106.8440297,False,,-1,,1093.8,True,,158407164,125.6,0.0,False,,-1,,2669.4,0.0,1683.2,1.492,0,False,0.0,False,,,1174.0,135726.0,0.264,0.264,False,"https://www.google.com/maps/@-6.6073509,106.8440297,250m/data=!3m1!1e3",True,True,40,Cropland,True
71012,KOPERASI DESA MERAH PUTIH SYARIAH GAMPONG MESJID GEULEUDIENG,ACEH,KAB. PIDIE,Padang Tiji,5.34966029,95.85611998,False,,-1,,11745.4,True,,6369570,125.4,0.0,False,,-1,,15054.0,670.7,716.8,4.14,0,False,670.7,False,Tidak Ada Lahan,,158.0,15088.0,0.396,0.396,False,"https://www.google.com/maps/@5.34966029,95.85611998,250m/data=!3m1!1e3",True,True,40,Cropland,True
73460,KOPERASI DESA MERAH PUTIH SYARIAH BEBUAK,NUSA TENGGARA BARAT,KAB. LOMBOK TENGAH,Kopang,-8.61197684,116.3622873,False,,-1,,323.6,True,lahan pertanian (sawah),188164732,125.4,0.0,False,,-1,,2566.4,766.0,454.8,0.342,0,False,454.8,False,Tidak Ada Lahan,,352.0,31108.0,0.396,0.396,False,"https://www.google.com/maps/@-8.61197684,116.3622873,250m/data=!3m1!1e3",True,True,40,Cropland,True
77825,KOPERASI DESA MERAH PUTIH SYARIAH GAMPONG TANJONG BAROH KECAMATAN SAMUDERA,ACEH,KAB. ACEH UTARA,Samudera,5.1032382,97.22716852,False,,-1,,4229.4,True,,5247593,125.4,0.0,False,,-1,,3781.3,241.2,1105.2,31.447,1,False,241.2,False,,,1276.0,38265.0,0.132,0.132,True,"https://www.google.com/maps/@5.1032382,97.22716852,250m/data=!3m1!1e3",True,True,40,Cropland,True
72680,KOPERASI KELURAHAN MERAH PUTIH KRAJAN MEJAYAN,JAWA TIMUR,KAB. MADIUN,Mejayan,-7.5455427,111.6505347,False,,-1,,432.8,True,,1058579446,124.6,0.0,False,,-1,,1102.0,526.3,359.5,0.236,0,False,359.5,False,Terverifikasi,Agrinas,1892.0,35214.0,0.264,0.264,False,"https://www.google.com/maps/@-7.5455427,111.6505347,250m/data=!3m1!1e3",True,True,40,Cropland,True
78648,KOPERASI DESA MERAH PUTIH SYARIAH GAMPONG ULEE GAMPONG KECAMATAN MUTIARA TIMUR,ACEH,KAB. PIDIE,Mutiara Timur,5.25269091,95.97360994,False,,-1,,14847.4,True,,1481716974,124.5,0.0,False,,-1,,10467.5,639.9,1197.1,0.181,0,False,639.9,False,,,613.0,25708.0,0.132,0.132,True,"https://www.google.com/maps/@5.25269091,95.97360994,250m/data=!3m1!1e3",True,True,40,Cropland,True
71943,KOPERASI DESA MERAH PUTIH SYARIAH GAMPONG SEULEUNGGIENG BEURABO,ACEH,KAB. PIDIE,Padang Tiji,5.39782187,95.87821388,False,,-1,,8668.8,True,,6369568,124.3,0.0,False,,-1,,13857.3,364.8,1805.7,0.995,0,False,364.8,False,Tidak Ada Lahan,,46.0,12458.0,0.264,0.132,True,"https://www.google.com/maps/@5.39782187,95.87821388,250m/data=!3m1!1e3",True,True,40,Cropland,True
81779,KOPERASI DESA MERAH PUTIH SYARIAH PAYAROH KECAMATAN DARUL IMARAH,ACEH,KAB. ACEH BESAR,Darul Imarah,5.50870705,95.32536611,False,,-1,,3033.2,True,,6231599,123.6,0.0,False,,-1,,2459.7,270.5,598.3,4.425,0,False,270.5,False,Sedang Diverifikasi,KOPERASI,1805.0,60762.0,0.0,0.0,True,"https://www.google.com/maps/@5.50870705,95.32536611,250m/data=!3m1!1e3",True,True,50,Built-up,False
49601,KOPERASI DESA MERAH PUTIH KREO KECAMATAN KEJAJAR KABUPATEN WONOSOBO,JAWA TENGAH,KAB. WONOSOBO,Kejajar,-7.24441022,109.9331311,False,,-1,,3182.3,True,,19146207,123.4,0.0,False,,-1,,5780.7,1528.0,3961.0,3.682,0,False,1528.0,True,Terverifikasi,Agrinas,53.0,16724.0,1.188,1.188,False,"https://www.google.com/maps/@-7.24441022,109.9331311,250m/data=!3m1!1e3",True,True,10,Tree cover,False
20724,KOPERASI DESA MERAH PUTIH SYARIAH BLANG DALAM TUNONG KECAMATAN NISAM,ACEH,KAB. ACEH UTARA,Nisam,5.15641675,97.03803952,False,,-1,,7006.6,True,,4425648,122.8,0.0,False,,-1,,12756.8,495.9,2151.1,6.798,0,False,495.9,False,Sedang Diverifikasi,KOPERASI,121.0,8911.0,0.264,0.264,False,"https://www.google.com/maps/@5.15641675,97.03803952,250m/data=!3m1!1e3",True,True,40,Cropland,True
9301,KOPERASI DESA MERAH PUTIH LAHUMOKO,SULAWESI TENGGARA,KAB. BUTON UTARA,Kambowa,-4.97776726,122.9146359,False,,-1,,22753.3,True,Lahan Persawahan,188006530,122.5,0.0,False,,-1,,3366.3,1609.3,3329.6,3.786,0,False,1609.3,True,Terverifikasi,KOPERASI,31.0,1347.0,0.264,0.264,False,"https://www.google.com/maps/@-4.97776726,122.9146359,250m/data=!3m1!1e3",True,True,30,Grassland,False
84489,KOPERASI DESA MERAH PUTIH SYARIAH GAMPONG BLANG DALAM KECAMATAN PAYA BAKONG,ACEH,KAB. ACEH UTARA,Paya Bakong,5.00076574,97.23612139,False,,-1,,996.2,True,,351852354,122.4,0.0,False,,-1,,1028.0,209.1,810.7,5.68,1,False,209.1,False,,,707.0,16266.0,0.132,0.132,True,"https://www.google.com/maps/@5.00076574,97.23612139,250m/data=!3m1!1e3",True,True,40,Cropland,True
48631,KOPERASI DESA MERAH PUTIH LAMPULUNG KECAMATAN PAMMANA,SULAWESI SELATAN,KAB. WAJO,Pammana,-4.16532634,120.0653046,False,,-1,,3407.5,True,,222869110,122.2,0.0,False,,-1,,4755.3,576.1,2665.3,2.051,1,False,576.1,False,Tidak Ada Lahan,,344.0,10677.0,0.528,0.528,False,"https://www.google.com/maps/@-4.16532634,120.0653046,250m/data=!3m1!1e3",True,True,40,Cropland,True
69636,KOPERASI DESA MERAH PUTIH PEJENG KAWAN,BALI,KAB. GIANYAR,Tampaksiring,-8.50903265,115.2839079,False,,-1,,1560.4,True,,9766761,121.8,0.0,False,,-1,,986.9,138.1,999.3,0.402,1,False,138.1,False,,,923.0,35562.0,0.132,0.132,True,"https://www.google.com/maps/@-8.50903265,115.2839079,250m/data=!3m1!1e3",True,True,40,Cropland,True
69002,KOPERASI DESA MERAH PUTIH SYARIAH GAMPONG PUCOK ALUE,ACEH,KAB. ACEH UTARA,Baktiya,5.12568848,97.4096887,False,,-1,,14184.4,True,,426026407,121.7,0.0,False,,-1,,3978.6,461.0,736.0,3.849,1,False,461.0,False,Sedang Diverifikasi,KOPERASI,301.0,22098.0,0.396,0.0,True,"https://www.google.com/maps/@5.12568848,97.4096887,250m/data=!3m1!1e3",True,True,40,Cropland,True
77824,KOPERASI DESA MERAH PUTIH SYARIAH GAMPONG MEUNASAH KUMBANG KECAMATAN KUTAMAKMUR,ACEH,KAB. ACEH UTARA,Kuta Makmur,5.12497149,97.0735121,False,,-1,,5208.7,True,,4726610,121.7,0.0,False,,-1,,10230.2,314.2,1493.0,5.126,0,False,314.2,False,Tidak Ada Lahan,,218.0,11522.0,0.132,0.132,True,"https://www.google.com/maps/@5.12497149,97.0735121,250m/data=!3m1!1e3",True,True,40,Cropland,True
39989,KOPERASI DESA MERAH PUTIH MUNDUMESIGIT KECAMATAN MUNDU,JAWA BARAT,KAB. CIREBON,Mundu,-6.76886771,108.5862454,False,,-1,,733.3,True,,20031464,121.5,0.0,False,,-1,,3606.2,904.7,638.8,0.24,0,False,638.8,False,Terverifikasi,Agrinas,1119.0,75300.0,0.264,0.132,True,"https://www.google.com/maps/@-6.76886771,108.5862454,250m/data=!3m1!1e3",True,True,40,Cropland,True
65064,KOPERASI DESA MERAH PUTIH PESAWAHAN KECAMATAN RAWALO KABUPATEN BANYUMAS,JAWA TENGAH,KAB. BANYUMAS,Rawalo,-7.5236408,109.1635966,False,,-1,,2277.7,True,,680919545,121.1,0.0,False,,-1,,12739.5,507.1,2248.9,1.099,0,False,507.1,False,Sedang Diverifikasi,KOPERASI,0.0,27429.0,0.264,0.264,False,"https://www.google.com/maps/@-7.5236408,109.1635966,250m/data=!3m1!1e3",True,True,40,Cropland,True
68635,KOPERASI DESA MERAH PUTIH KELUSA,BALI,KAB. GIANYAR,Payangan,-8.44067414,115.267043,False,,-1,,1025.2,True,,1353393460,120.9,0.0,False,,-1,,1692.0,1474.4,420.8,0.573,0,False,420.8,False,,,128.0,16182.0,0.132,0.132,True,"https://www.google.com/maps/@-8.44067414,115.267043,250m/data=!3m1!1e3",True,True,10,Tree cover,False
61742,KOPERASI DESA MERAH PUTIH SYARIAH GAMPONG SUKON MESJID,ACEH,KAB. PIDIE,Glumpang Tiga,5.25381606,96.03504819,False,,-1,,17005.9,True,,1118006698,120.8,0.0,False,,-1,,11209.3,608.3,2049.1,2.56,0,False,608.3,False,Sedang Diverifikasi,KOPERASI,467.0,27126.0,0.264,0.0,True,"https://www.google.com/maps/@5.25381606,96.03504819,250m/data=!3m1!1e3",True,True,40,Cropland,True
74810,KOPERASI DESA MERAH PUTIH SEBAYI,JAWA TIMUR,KAB. MADIUN,Gemarang,-7.59638083,111.7424417,False,,-1,,7868.0,True,,1225858123,120.5,0.0,False,,-1,,5371.1,357.9,1819.8,1.214,0,False,357.9,False,Terverifikasi,Agrinas,728.0,6065.0,0.132,0.132,True,"https://www.google.com/maps/@-7.59638083,111.7424417,250m/data=!3m1!1e3",True,True,40,Cropland,True
72266,KOPERASI DESA MERAH PUTIH BENUA KECAMATAN AMONGGEDO,SULAWESI TENGGARA,KAB. KONAWE,Amonggedo,-3.91642602,122.2156476,False,,-1,,19095.9,True,,699148320,120.4,0.0,False,,-1,,3150.3,876.0,3600.1,0.611,0,False,876.0,True,Tidak Ada Lahan,,2.0,4308.0,1.188,0.396,False,"https://www.google.com/maps/@-3.91642602,122.2156476,250m/data=!3m1!1e3",True,True,30,Grassland,False
28606,KOPERASI DESA MERAH PUTIH TAMBAK SIRANG LAUT,KALIMANTAN SELATAN,KAB. BANJAR,Gambut,-3.43058348,114.6129322,False,,-1,,6996.7,True,,821904873,119.8,0.0,False,,-1,,2119.8,295.2,2173.0,1.634,0,False,295.2,False,,,498.0,11292.0,0.264,0.264,False,"https://www.google.com/maps/@-3.43058348,114.6129322,250m/data=!3m1!1e3",True,True,40,Cropland,True
62318,KOPERASI DESA MERAH PUTIH SERANGAN KECAMATAN BONANG KABUPATEN DEMAK,JAWA TENGAH,KAB. DEMAK,Bonang,-6.82428272,110.5932345,False,,-1,,7832.8,True,,1216593939,119.6,0.0,False,,-1,,9104.8,562.0,3327.6,2.472,0,False,562.0,False,Terverifikasi,Agrinas,712.0,9487.0,0.132,0.132,True,"https://www.google.com/maps/@-6.82428272,110.5932345,250m/data=!3m1!1e3",True,True,40,Cropland,True
52168,KOPERASI DESA MERAH PUTIH SYARIAH GAMPONG TEUNGOH BAROH KECAMATAN PEUKAN BARO,ACEH,KAB. PIDIE,Peukan Baro,5.34800151,95.96356714,False,,-1,,4259.5,True,,428312198,119.6,0.0,False,,-1,,3149.4,221.7,250.2,4.073,1,False,221.7,False,Sedang Diverifikasi,KOPERASI,1303.0,32961.0,0.132,0.132,True,"https://www.google.com/maps/@5.34800151,95.96356714,250m/data=!3m1!1e3",True,True,40,Cropland,True
44781,KOPERASI DESA MERAH PUTIH SEBAKUNG JAYA,KALIMANTAN TIMUR,KAB. PENAJAM PASER UTARA,Babulu,-1.53999133,116.4670601,False,,-1,,6106.8,True,,784687708,119.5,0.0,False,,-1,,4947.8,590.2,1343.1,0.263,0,False,590.2,False,Terverifikasi,Agrinas,850.0,6146.0,0.132,0.132,True,"https://www.google.com/maps/@-1.53999133,116.4670601,250m/data=!3m1!1e3",True,True,40,Cropland,True
82652,KOPERASI DESA MERAH PUTIH SYARIAH GAMPONG TUTONG KECAMATAN MATANGKULI,ACEH,KAB. ACEH UTARA,Matangkuli,5.02149938,97.26455472,False,,-1,,4805.2,True,,351852358,118.7,0.0,False,,-1,,4917.3,485.4,872.7,0.422,0,False,485.4,False,Tidak Ada Lahan,,95.0,13526.0,0.0,0.0,True,"https://www.google.com/maps/@5.02149938,97.26455472,250m/data=!3m1!1e3",True,True,40,Cropland,True
80058,KOPERASI DESA MERAH PUTIH SYARIAH GAMPONG TEUNGOH KECAMATAN GRONG GRONG,ACEH,KAB. PIDIE,Grong-grong,5.36888329,95.90362405,False,,-1,,6072.7,True,,428312200,118.6,0.0,False,,-1,,10115.5,356.2,1358.5,3.314,0,False,356.2,False,Dipertimbangkan,Agrinas,1353.0,24593.0,0.0,0.0,True,"https://www.google.com/maps/@5.36888329,95.90362405,250m/data=!3m1!1e3",True,True,40,Cropland,True
81656,KOPERASI DESA MERAH PUTIH SYARIAH GAMPONG TEUNGOH KECAMATAN GRONG GRONG KABUATEN PIDIE,ACEH,KAB. PIDIE,Grong-grong,5.36888329,95.90362405,False,,-1,,6072.7,True,,428312200,118.6,0.0,False,,-1,,10115.5,356.2,1358.5,3.314,0,False,356.2,False,,,1353.0,24593.0,0.0,0.0,True,"https://www.google.com/maps/@5.36888329,95.90362405,250m/data=!3m1!1e3",True,True,40,Cropland,True
84541,KOPERASI DESA MERAH PUTIH SYARIAH GAMPONG TEUNGOH KECAMATAN GRONG GRONG KABUPATEN PIDIE,ACEH,KAB. PIDIE,Grong-grong,5.36888329,95.90362405,False,,-1,,6072.7,True,,428312200,118.6,0.0,False,,-1,,10115.5,356.2,1358.5,3.314,0,False,356.2,False,,,1353.0,24593.0,0.0,0.0,True,"https://www.google.com/maps/@5.36888329,95.90362405,250m/data=!3m1!1e3",True,True,40,Cropland,True
78487,KOPERASI DESA MERAH PUTIH SYARIAH GAMPONG BLANG LILEUE,ACEH,KAB. PIDIE,Mutiara,5.28942384,95.96792461,False,,-1,,10738.5,True,,6369574,118.3,0.0,False,,-1,,6753.8,391.0,739.3,7.524,1,False,391.0,False,,,787.0,30773.0,0.264,0.264,False,"https://www.google.com/maps/@5.28942384,95.96792461,250m/data=!3m1!1e3",True,True,40,Cropland,True
51836,KOPERASI DESA MERAH PUTIH SYARIAH GAMPONG COT BEUT,ACEH,KAB. ACEH BESAR,Kuta Baro,5.53217307,95.42815338,False,,-1,,7087.0,True,,344143436,118.1,0.0,False,,-1,,8139.2,1575.8,2134.6,3.08,0,False,1575.8,True,Terverifikasi,Agrinas,109.0,17520.0,0.528,0.132,True,"https://www.google.com/maps/@5.53217307,95.42815338,250m/data=!3m1!1e3",True,True,40,Cropland,True
49283,KOPERASI DESA MERAH PUTIH SEMAWUNG,JAWA TENGAH,KAB. PURWOREJO,Purworejo,-7.75640813,110.0198864,False,,-1,,1290.0,True,,1005119483,117.7,0.0,False,,-1,,5028.4,584.1,535.0,0.485,0,False,535.0,False,Terverifikasi,Agrinas,611.0,22438.0,0.396,0.396,False,"https://www.google.com/maps/@-7.75640813,110.0198864,250m/data=!3m1!1e3",True,True,40,Cropland,True
60635,KOPERASI DESA MERAH PUTIH BANYUURIP KECAMATAN BANYUURIP,JAWA TENGAH,KAB. PURWOREJO,Banyuurip,-7.75924316,109.979022,False,,-1,,3135.0,True,,1005296865,117.7,0.0,False,,-1,,5778.1,225.0,283.7,0.984,0,False,225.0,False,Terverifikasi,Agrinas,87.0,20247.0,0.132,0.132,True,"https://www.google.com/maps/@-7.75924316,109.979022,250m/data=!3m1!1e3",True,True,40,Cropland,True
5658,KOPERASI DESA MERAH PUTIH PANGADEGAN,BANTEN,KAB. TANGERANG,Pasar Kemis,-6.13958626,106.5539858,False,,-1,,977.1,True,,1443132494,117.7,0.0,False,,-1,,2572.0,216.2,1228.3,2.598,1,False,216.2,False,Tidak Ada Lahan,,3560.0,170403.0,0.264,0.132,True,"https://www.google.com/maps/@-6.13958626,106.5539858,250m/data=!3m1!1e3",True,True,40,Cropland,True
20695,KOPERASI KELURAHAN MERAH PUTIH BANTEN KECAMATAN KASEMEN KOTA SERANG,BANTEN,KOTA SERANG,Kasemen,-6.03161373,106.1657255,False,,-1,,1236.1,True,,530111268,117.7,0.0,False,,-1,,1500.5,0.0,460.6,0.926,0,False,0.0,False,Terverifikasi,Agrinas,78.0,27731.0,0.264,0.264,False,"https://www.google.com/maps/@-6.03161373,106.1657255,250m/data=!3m1!1e3",True,True,95,Mangrove,False
74689,KOPERASI DESA MERAH PUTIH RINGINHARJO GUBUG GROBOGAN,JAWA TENGAH,KAB. GROBOGAN,Gubug,-6.99101222,110.6700273,False,,-1,,7398.7,True,,1470908868,117.5,0.0,False,,-1,,1629.7,611.9,480.8,1.086,0,False,480.8,False,Terverifikasi,Agrinas,0.0,28670.0,0.264,0.264,False,"https://www.google.com/maps/@-6.99101222,110.6700273,250m/data=!3m1!1e3",True,True,40,Cropland,True
21086,KOPERASI DESA MERAH PUTIH NGARESREJO,JAWA TIMUR,KAB. SIDOARJO,Sukodono,-7.39019657,112.6396303,False,,-1,,2027.7,True,,654812657,117.4,0.0,False,,-1,,3163.8,101.0,1650.1,2.559,1,False,101.0,False,Terverifikasi,BUSINESS ASSISTANCE,2163.0,117526.0,0.132,0.132,True,"https://www.google.com/maps/@-7.39019657,112.6396303,250m/data=!3m1!1e3",True,True,40,Cropland,True
87921,KOPERASI DESA MERAH PUTIH PELANG KIDUL KECAMATAN KEDUNGGALAR,JAWA TIMUR,KAB. NGAWI,Kedunggalar,-7.44756153,111.31818517,False,,-1,,3320.6,True,,684608741,117.3,0.0,False,,-1,,2810.6,501.7,3446.9,6.36,0,False,501.7,False,Terverifikasi,KEMENTERIAN KESEHATAN,446.0,18961.0,0.132,0.132,True,"https://www.google.com/maps/@-7.44756153,111.31818517,250m/data=!3m1!1e3",True,True,40,Cropland,True
16677,KOPERASI DESA MERAH PUTIH BETON KECAMATAN SIMAN,JAWA TIMUR,KAB. PONOROGO,Siman,-7.88232884,111.4904125,False,,-1,,2722.9,True,,1109917158,116.5,0.0,False,,-1,,2963.8,511.8,1889.4,2.139,0,False,511.8,False,Sedang Diverifikasi,KOPERASI,1094.0,36375.0,0.0,0.0,True,"https://www.google.com/maps/@-7.88232884,111.4904125,250m/data=!3m1!1e3",True,True,40,Cropland,True
16980,KOPERASI DESA MERAH PUTIH SIMAN KECAMATAN SIMAN,JAWA TIMUR,KAB. PONOROGO,Siman,-7.88232884,111.4904125,False,,-1,,2722.9,True,,1109917158,116.5,0.0,False,,-1,,2963.8,511.8,1889.4,2.139,0,False,511.8,False,Terverifikasi,KOPERASI,1094.0,36375.0,0.0,0.0,True,"https://www.google.com/maps/@-7.88232884,111.4904125,250m/data=!3m1!1e3",True,True,40,Cropland,True
64347,KOPERASI KELURAHAN MERAH PUTIH BONTORAMBA KECAMATAN BONTONOMPO SELATAN,SULAWESI SELATAN,KAB. GOWA,Bontonompo Selatan,-5.40170893,119.3911372,False,,-1,,1229.7,True,,1507152311,116.5,0.0,False,,-1,,608.2,215.4,637.2,0.391,1,False,215.4,False,Terverifikasi,Agrinas,1094.0,27763.0,0.132,0.132,True,"https://www.google.com/maps/@-5.40170893,119.3911372,250m/data=!3m1!1e3",True,True,40,Cropland,True
85966,KOPERASI DESA MERAH PUTIH SYARIAH GAMPONG LHOK KUYUN KECAMATAN SAWANG,ACEH,KAB. ACEH UTARA,Sawang,5.18794647,96.91879151,False,,-1,,6900.8,True,,395351749,115.5,0.0,False,,-1,,14533.7,185.0,3322.9,0.412,0,False,185.0,False,,,117.0,5777.0,0.132,0.132,True,"https://www.google.com/maps/@5.18794647,96.91879151,250m/data=!3m1!1e3",True,True,40,Cropland,True
40276,KOPERASI DESA MERAH PUTIH PASIREURIH KECAMATAN TAMANSARI,JAWA BARAT,KAB. BOGOR,Tamansari,-6.6351495,106.7627065,False,,-1,,834.3,True,,166646592,115.0,0.0,False,,-1,,3592.2,0.0,441.9,0.51,1,False,0.0,False,Terverifikasi,KOPERASI,2239.0,161330.0,0.132,0.132,True,"https://www.google.com/maps/@-6.6351495,106.7627065,250m/data=!3m1!1e3",True,True,10,Tree cover,False
75539,KOPERASI DESA MERAH PUTIH PEJENG KANGIN,BALI,KAB. GIANYAR,Tampaksiring,-8.48662349,115.3011109,False,,-1,,3461.7,True,,9803661,114.4,0.0,False,,-1,,3045.5,342.2,1540.5,0.306,1,False,342.2,False,,,359.0,18787.0,0.264,0.264,False,"https://www.google.com/maps/@-8.48662349,115.3011109,250m/data=!3m1!1e3",True,True,40,Cropland,True
78523,KOPERASI DESA MERAH PUTIH SYARIAH GAMPONG SIHOM COT,ACEH,KAB. ACEH BESAR,Indrapuri,5.40526638,95.45473762,False,,-1,,15158.5,True,,461439526,113.6,0.0,False,,-1,,14630.3,488.0,630.4,0.929,0,False,488.0,False,Sedang Diverifikasi,KOPERASI,1670.0,21704.0,0.132,0.132,True,"https://www.google.com/maps/@5.40526638,95.45473762,250m/data=!3m1!1e3",True,True,40,Cropland,True
32971,KOPERASI DESA MERAH PUTIH SIRNOBOYO KECAMATAN GIRIWOYO KABUPATEN WONOGIRI,JAWA TENGAH,KAB. WONOGIRI,Giriwoyo,-8.0151627,110.8741553,False,,-1,,9894.1,True,,668549129,112.7,0.0,False,,-1,,5725.2,897.1,4902.9,2.002,0,False,897.1,True,Terverifikasi,Agrinas,404.0,12318.0,0.132,0.132,True,"https://www.google.com/maps/@-8.0151627,110.8741553,250m/data=!3m1!1e3",True,True,40,Cropland,True
77706,KOPERASI DESA MERAH PUTIH SALAJANGKI,SULAWESI SELATAN,KAB. GOWA,Bontonompo Selatan,-5.41173847,119.3716244,False,,-1,,427.5,True,,20608428,112.7,0.0,False,,-1,,2394.2,68.2,989.4,0.761,1,False,68.2,False,Terverifikasi,Agrinas,59.0,15426.0,0.132,0.132,True,"https://www.google.com/maps/@-5.41173847,119.3716244,250m/data=!3m1!1e3",True,True,40,Cropland,True
83099,KOPERASI DESA MERAH PUTIH BUG BUG,NUSA TENGGARA BARAT,KAB. LOMBOK BARAT,Lingsar,-8.57738749,116.1529189,False,,-1,,410.9,True,,174637148,112.2,0.0,False,,-1,,1037.4,248.0,273.9,2.112,0,False,248.0,False,Terverifikasi,Agrinas,1735.0,95480.0,0.132,0.132,True,"https://www.google.com/maps/@-8.57738749,116.1529189,250m/data=!3m1!1e3",True,True,10,Tree cover,False
69343,KOPERASI DESA MERAH PUTIH SYARIAH GAMPONG KAMPUNG BLANG,ACEH,KAB. ACEH BESAR,Blang Bintang,5.51651217,95.43399297,False,,-1,,7379.6,True,,344143436,112.0,0.0,False,,-1,,8501.9,2243.4,1865.0,3.08,0,False,1865.0,True,Sedang Diverifikasi,KOPERASI,106.0,15474.0,0.132,0.132,True,"https://www.google.com/maps/@5.51651217,95.43399297,250m/data=!3m1!1e3",True,True,40,Cropland,True
23940,KOPERASI DESA MERAH PUTIH KALANGBRET KECAMATAN KAUMAN KABUPATEN TULUNGAGUNG,JAWA TIMUR,KAB. TULUNGAGUNG,Kauman,-8.03654483,111.8611754,False,,-1,,4427.9,True,,668996049,112.0,0.0,False,,-1,,2025.5,775.2,4428.5,1.131,0,False,775.2,False,Tidak Ada Lahan,,720.0,26069.0,0.396,0.396,False,"https://www.google.com/maps/@-8.03654483,111.8611754,250m/data=!3m1!1e3",True,True,40,Cropland,True
85922,KOPERASI DESA MERAH PUTIH CIMENYAN KECAMATAN CIMENYAN,JAWA BARAT,KAB. BANDUNG,Cimenyan,-6.85869064,107.66931596,False,,-1,,2874.8,True,,19393495,111.9,0.0,False,,-1,,5057.8,1589.4,3297.8,1.743,0,False,1589.4,True,Terverifikasi,Agrinas,949.0,59165.0,0.132,0.132,True,"https://www.google.com/maps/@-6.85869064,107.66931596,250m/data=!3m1!1e3",True,True,10,Tree cover,False
34191,KOPERASI KELURAHAN MERAH PUTIH BALI,NUSA TENGGARA BARAT,KAB. DOMPU,Dompu,-8.53121226,118.4603982,False,,-1,,796.3,True,,161903810,111.9,0.0,False,,-1,,748.3,562.4,196.7,0.526,1,False,196.7,False,Sedang Diverifikasi,BUSINESS ASSISTANCE,1062.0,21774.0,0.0,0.0,True,"https://www.google.com/maps/@-8.53121226,118.4603982,250m/data=!3m1!1e3",True,True,30,Grassland,False
70387,KOPERASI DESA MERAH PUTIH ANCU KECAMATAN KAJUARA KABUPATEN BONE,SULAWESI SELATAN,KAB. BONE,Kajuara,-5.0692554,120.2800273,False,,-1,,6826.5,True,,705324135,111.8,0.0,False,,-1,,8357.1,1620.7,4281.7,0.532,0,False,1620.7,True,Tidak Ada Lahan,,531.0,12710.0,0.0,0.0,True,"https://www.google.com/maps/@-5.0692554,120.2800273,250m/data=!3m1!1e3",True,True,40,Cropland,True
44944,KOPERASI DESA MERAH PUTIH JAMUSAN KECAMATAN JUMO KABUPATEN TEMANGGUNG,JAWA TENGAH,KAB. TEMANGGUNG,Jumo,-7.2231229,110.1174883,False,,-1,,4939.5,True,,1391027714,111.7,0.0,False,,-1,,6339.0,289.3,392.6,0.134,0,False,289.3,False,Terverifikasi,Agrinas,366.0,22279.0,0.264,0.264,False,"https://www.google.com/maps/@-7.2231229,110.1174883,250m/data=!3m1!1e3",True,True,40,Cropland,True
62263,KOPERASI DESA MERAH PUTIH SYARIAH GAMPONG CEURIH KUPULA,ACEH,KAB. PIDIE,Delima,5.34515431,95.90827427,False,,-1,,6938.2,True,,6369573,111.6,0.0,False,,-1,,9266.7,289.3,1050.4,7.17,0,False,289.3,False,,,489.0,26691.0,0.132,0.132,True,"https://www.google.com/maps/@5.34515431,95.90827427,250m/data=!3m1!1e3",True,True,10,Tree cover,False
88617,KOPERASI DESA MERAH PUTIH SYARIAH GAMPONG MEURIA SEULEUMAK KECAMATAN PAYA BAKONG KABUPATEN ACEH UTARA,ACEH,KAB. ACEH UTARA,Paya Bakong,5.00926246,97.23643649,False,,-1,,1884.1,True,,351852354,111.6,0.0,False,,-1,,1830.7,436.3,164.8,5.68,1,False,164.8,False,Sedang Diverifikasi,BUSINESS ASSISTANCE,219.0,17281.0,0.132,0.132,True,"https://www.google.com/maps/@5.00926246,97.23643649,250m/data=!3m1!1e3",True,True,40,Cropland,True
78428,KOPERASI DESA MERAH PUTIH BANYURIP KECAMATAN SAMBUNGMACAN,JAWA TENGAH,KAB. SRAGEN,Sambungmacan,-7.38351761,111.1130354,False,,-1,,993.9,True,,689359466,111.5,0.0,False,,-1,,2260.8,229.1,770.0,0.468,1,False,229.1,False,Terverifikasi,Agrinas,459.0,23172.0,0.132,0.132,True,"https://www.google.com/maps/@-7.38351761,111.1130354,250m/data=!3m1!1e3",True,True,40,Cropland,True
23141,KOPERASI KELURAHAN MERAH PUTIH NGADIREJO KECAMATAN EROMOKO KABUPATEN WONOGIRI,JAWA TENGAH,KAB. WONOGIRI,Eromoko,-7.9675515,110.8619842,False,,-1,,4470.7,True,,668130159,111.4,0.0,False,,-1,,2442.3,429.2,500.9,1.299,0,False,429.2,False,Terverifikasi,Agrinas,18.0,13661.0,0.132,0.0,True,"https://www.google.com/maps/@-7.9675515,110.8619842,250m/data=!3m1!1e3",True,True,40,Cropland,True
11097,KOPERASI KELURAHAN MERAH PUTIH BELENDUNG KECAMATAN BENDA,BANTEN,KOTA TANGERANG,Benda,-6.14490302,106.6632316,False,,-1,,3486.5,True,,512842619,111.4,0.0,False,,-1,,354.3,246.8,645.7,0.272,0,False,246.8,False,Sedang Diverifikasi,KOPERASI,3631.0,250538.0,0.132,0.132,True,"https://www.google.com/maps/@-6.14490302,106.6632316,250m/data=!3m1!1e3",True,True,40,Cropland,True
81790,KOPERASI DESA MERAH PUTIH SYARIAH GAMPONG MESJID PEUDAYA KECAMATAN PIDIE,ACEH,KAB. PIDIE,Padang Tiji,5.35739534,95.86688562,False,,-1,,10337.7,True,,428312204,111.2,0.0,False,,-1,,13915.4,520.5,2074.2,0.306,0,False,520.5,False,Tidak Ada Lahan,,170.0,17273.0,0.132,0.132,True,"https://www.google.com/maps/@5.35739534,95.86688562,250m/data=!3m1!1e3",True,True,40,Cropland,True
83262,KOPERASI DESA MERAH PUTIH BANYUSARI KECAMATAN KATAPANG KABUPATEN BANDUNG,JAWA BARAT,KAB. BANDUNG,Katapang,-7.01775045,107.5588738,False,,-1,,3785.3,True,,1371674990,111.1,0.0,False,,-1,,2433.4,411.6,1948.2,0.36,0,False,411.6,False,,,3836.0,118452.0,0.264,0.264,False,"https://www.google.com/maps/@-7.01775045,107.5588738,250m/data=!3m1!1e3",True,True,40,Cropland,True
83523,KOPERASI DESA MERAH PUTIH SYARIAH GAMPONG SANGKELAN KECAMATAN BANDA BARO KABUPATEN ACEH UTARA,ACEH,KAB. ACEH UTARA,Banda Baro,5.20833079,96.98790886,False,,-1,,2997.1,True,,5478655,110.5,0.0,False,,-1,,18557.3,667.3,2646.2,17.287,0,False,667.3,False,Terverifikasi,Agrinas,139.0,9060.0,0.264,0.0,True,"https://www.google.com/maps/@5.20833079,96.98790886,250m/data=!3m1!1e3",True,True,40,Cropland,True
83841,KOPERASI DESA MERAH PUTIH SYARIAH GAMPONG CEMPEUDAK,ACEH,KAB. ACEH UTARA,Kuta Makmur,5.09971539,97.09420058,False,,-1,,3110.7,True,,4727027,110.5,0.0,False,,-1,,10402.4,203.4,1276.6,4.942,0,False,203.4,False,Terverifikasi,BUSINESS ASSISTANCE,478.0,11114.0,0.132,0.132,True,"https://www.google.com/maps/@5.09971539,97.09420058,250m/data=!3m1!1e3",True,True,40,Cropland,True
73682,KOPERASI DESA MERAH PUTIH SIKUNANG KECAMATAN KEJAJAR KABUPATEN WONOSOBO,JAWA TENGAH,KAB. WONOSOBO,Kejajar,-7.23275251,109.8967037,False,,-1,,3390.8,True,,1225339323,110.2,0.0,False,,-1,,7477.7,745.0,2639.9,0.184,0,False,745.0,False,Sedang Diverifikasi,KOPERASI,520.0,11764.0,0.66,0.66,False,"https://www.google.com/maps/@-7.23275251,109.8967037,250m/data=!3m1!1e3",True,True,40,Cropland,True
33500,KOPERASI DESA MERAH PUTIH SYARIAH GAMPONG CUCUM,ACEH,KAB. ACEH BESAR,Kuta Baro,5.55594344,95.38796828,False,,-1,,2975.9,True,,4576707,109.8,0.0,False,,-1,,3484.7,564.8,1135.3,6.716,0,False,564.8,False,Terverifikasi,Agrinas,590.0,38496.0,0.132,0.132,True,"https://www.google.com/maps/@5.55594344,95.38796828,250m/data=!3m1!1e3",True,True,40,Cropland,True
63481,KOPERASI DESA MERAH PUTIH KALIANYAR KECAMATAN KAPAS KABUPATEN BOJONEGORO,JAWA TIMUR,KAB. BOJONEGORO,Kapas,-7.1787793,111.8987383,False,,-1,,2150.2,True,,458586083,109.5,0.0,False,,-1,,2260.0,216.1,351.9,4.719,1,False,216.1,False,Terverifikasi,Agrinas,87.0,36984.0,0.132,0.132,True,"https://www.google.com/maps/@-7.1787793,111.8987383,250m/data=!3m1!1e3",True,True,40,Cropland,True
40913,KOPERASI DESA MERAH PUTIH HEGARMANAH CIKARANG TIMUR,JAWA BARAT,KAB. BEKASI,Cikarang Timur,-6.31551768,107.2007431,False,,-1,,1672.2,True,,499406750,109.3,0.0,False,,-1,,4333.2,578.3,243.3,24.043,0,False,243.3,False,Sedang Diverifikasi,KEMENTERIAN DALAM NEGERI,1796.0,96693.0,0.132,0.132,True,"https://www.google.com/maps/@-6.31551768,107.2007431,250m/data=!3m1!1e3",True,True,40,Cropland,True
70040,KOPERASI DESA MERAH PUTIH SYARIAH GAMPONG TANJONG AWE KECAMATAN SAMUDERA,ACEH,KAB. ACEH UTARA,Samudera,5.07890154,97.23169282,False,,-1,,6956.1,True,,5247593,108.9,0.0,False,,-1,,5961.4,412.8,2355.3,31.447,1,False,412.8,False,Sedang Diverifikasi,BUSINESS ASSISTANCE,433.0,26643.0,0.0,0.0,True,"https://www.google.com/maps/@5.07890154,97.23169282,250m/data=!3m1!1e3",True,True,40,Cropland,True
47787,KOPERASI DESA MERAH PUTIH KRAGAN KECAMATAN GONDANGREJO,JAWA TENGAH,KAB. KARANGANYAR,Gondangrejo,-7.502706,110.894054,False,,-1,,2537.3,True,,691021115,108.7,0.0,False,,-1,,6476.0,1430.3,2535.5,0.276,0,False,1430.3,True,Terverifikasi,Agrinas,416.0,30780.0,0.0,0.0,True,"https://www.google.com/maps/@-7.502706,110.894054,250m/data=!3m1!1e3",True,True,40,Cropland,True
46990,KOPERASI DESA MERAH PUTIH SYARIAH ULEE BLANG NISAM,ACEH,KAB. ACEH UTARA,Nisam,5.19389369,97.04002317,False,,-1,,3032.1,True,,318977837,108.6,0.0,False,,-1,,12581.1,586.3,511.2,0.757,0,False,511.2,False,,,291.0,16711.0,0.132,0.132,True,"https://www.google.com/maps/@5.19389369,97.04002317,250m/data=!3m1!1e3",True,True,40,Cropland,True
72755,KOPERASI DESA MERAH PUTIH KEBONAGUNG KECAMATAN BALEREJO,JAWA TIMUR,KAB. MADIUN,Balerejo,-7.57188391,111.5962199,False,,-1,,3605.0,True,,1075784295,108.3,0.0,False,,-1,,1524.4,99.0,1553.4,1.586,1,False,99.0,False,Terverifikasi,Agrinas,62.0,23352.0,0.264,0.264,False,"https://www.google.com/maps/@-7.57188391,111.5962199,250m/data=!3m1!1e3",True,True,40,Cropland,True
25446,KOPERASI KELURAHAN MERAH PUTIH SEMARANG,BENGKULU,KOTA BENGKULU,Sungai Serut,-3.78820408,102.2975031,False,,-1,,1949.5,True,,302701557,107.7,0.0,False,,-1,,2995.2,558.5,1889.5,3.267,0,False,558.5,False,Sedang Diverifikasi,KOPERASI,531.0,89433.0,0.0,0.0,True,"https://www.google.com/maps/@-3.78820408,102.2975031,250m/data=!3m1!1e3",True,True,30,Grassland,False
81693,KOPERASI DESA MERAH PUTIH SYARIAH GAMPONG MEUNYE PEUT KECAMATAN MEURAH MULIA,ACEH,KAB. ACEH UTARA,Meurah Mulia,5.0409218,97.21217231,False,,-1,,5734.8,True,,5247593,107.5,0.0,False,,-1,,5487.0,560.4,2951.3,31.447,1,False,560.4,False,Sedang Diverifikasi,BUSINESS ASSISTANCE,302.0,19710.0,0.132,0.132,True,"https://www.google.com/maps/@5.0409218,97.21217231,250m/data=!3m1!1e3",True,True,40,Cropland,True
43576,KOPERASI DESA MERAH PUTIH TATAH JARUJU,KALIMANTAN SELATAN,KAB. BANJAR,Tatah Makmur,-3.40715547,114.5971589,False,,-1,,5629.8,True,,821904870,107.5,0.0,False,,-1,,2937.6,574.1,228.1,2.761,0,False,228.1,False,,,426.0,10156.0,0.132,0.132,True,"https://www.google.com/maps/@-3.40715547,114.5971589,250m/data=!3m1!1e3",True,True,40,Cropland,True
70215,KOPERASI DESA MERAH PUTIH BAKIPANDEYAN KECAMATAN BAKI KABUPATEN SUKOHARJO,JAWA TENGAH,KAB. SUKOHARJO,Baki,-7.59667538,110.7863531,False,,-1,,229.9,True,,501874566,106.6,0.0,False,,-1,,3134.8,805.9,653.0,0.197,0,False,653.0,False,Terverifikasi,Agrinas,726.0,77810.0,0.132,0.132,True,"https://www.google.com/maps/@-7.59667538,110.7863531,250m/data=!3m1!1e3",True,True,40,Cropland,True
70369,KOPERASI DESA MERAH PUTIH NETPALA,NUSA TENGGARA TIMUR,KAB. TIMOR TENGAH SELATAN,Mollo Utara,-9.74084709,124.2571395,False,,-1,,634.7,True,,9948337,106.6,0.0,False,,-1,,13197.0,2213.6,382.2,0.67,0,False,382.2,False,Terverifikasi,KOPERASI,228.0,7555.0,0.0,0.0,True,"https://www.google.com/maps/@-9.74084709,124.2571395,250m/data=!3m1!1e3",True,True,30,Grassland,False
68949,KOPERASI DESA MERAH PUTIH MONGGO MADAPANGGA,NUSA TENGGARA BARAT,KAB. BIMA,Madapangga,-8.49407527,118.555051,False,,-1,,1355.9,True,,196856537,106.3,0.0,False,,-1,,6872.9,1641.5,1636.1,2.573,0,False,1636.1,True,Terverifikasi,KOPERASI,0.0,5855.0,0.792,0.792,False,"https://www.google.com/maps/@-8.49407527,118.555051,250m/data=!3m1!1e3",True,True,40,Cropland,True
55959,KOPERASI DESA MERAH PUTIH SUKOSARI KECAMATAN DAGANGAN,JAWA TIMUR,KAB. MADIUN,Dagangan,-7.68394639,111.5534112,False,,-1,,4704.3,True,,1215204974,105.7,0.0,False,,-1,,1784.3,446.0,1700.6,6.046,0,False,446.0,False,Terverifikasi,Agrinas,286.0,29584.0,0.132,0.132,True,"https://www.google.com/maps/@-7.68394639,111.5534112,250m/data=!3m1!1e3",True,True,40,Cropland,True
2515,KOPERASI DESA MERAH PUTIH PILANGSARI KECAMATAN KEDAWUNG,JAWA BARAT,KAB. CIREBON,Kedawung,-6.6987979,108.5369097,False,,-1,,1708.4,True,,19927760,105.3,0.0,False,,-1,,2104.3,1296.0,316.1,1.364,0,False,316.1,False,Sedang Diverifikasi,KOPERASI,400.0,149239.0,0.132,0.132,True,"https://www.google.com/maps/@-6.6987979,108.5369097,250m/data=!3m1!1e3",True,True,40,Cropland,True
46552,KOPERASI DESA MERAH PUTIH DESA PILANGSARI KECAMATAN KEDAWUNG,JAWA BARAT,KAB. CIREBON,Kedawung,-6.6987979,108.5369097,False,,-1,,1708.4,True,,19927760,105.3,0.0,False,,-1,,2104.3,1296.0,316.1,1.364,0,False,316.1,False,Sedang Diverifikasi,BUSINESS ASSISTANCE,400.0,149239.0,0.132,0.132,True,"https://www.google.com/maps/@-6.6987979,108.5369097,250m/data=!3m1!1e3",True,True,40,Cropland,True
58050,KOPERASI KELURAHAN MERAH PUTIH BULAKAN KECAMATAN SUKOHARJO KABUPATEN SUKOHARJO,JAWA TENGAH,KAB. SUKOHARJO,Sukoharjo,-7.67643913,110.7898907,False,,-1,,925.9,True,,688426363,105.0,0.0,False,,-1,,3873.1,281.7,2396.6,0.244,0,False,281.7,False,Terverifikasi,Agrinas,1846.0,42635.0,0.0,0.0,True,"https://www.google.com/maps/@-7.67643913,110.7898907,250m/data=!3m1!1e3",True,True,40,Cropland,True
77343,KOPERASI DESA MERAH PUTIH SYARIAH GAMPONG CEURIH ALUE KECAMATAN DELIMA,ACEH,KAB. PIDIE,Delima,5.35311717,95.90997701,False,,-1,,6245.7,True,,6369573,104.6,0.0,False,,-1,,9115.9,335.6,1630.1,7.17,0,False,335.6,False,,,489.0,26691.0,0.132,0.132,True,"https://www.google.com/maps/@5.35311717,95.90997701,250m/data=!3m1!1e3",True,True,40,Cropland,True
84630,KOPERASI DESA MERAH PUTIH PLOSOHARJO KECAMATAN TOROH,JAWA TENGAH,KAB. GROBOGAN,Toroh,-7.14314297,110.9358938,False,,-1,,10361.9,True,,9731204,104.6,0.0,False,,-1,,7138.8,292.4,5248.3,0.464,0,False,292.4,False,Terverifikasi,Agrinas,932.0,34176.0,0.132,0.132,True,"https://www.google.com/maps/@-7.14314297,110.9358938,250m/data=!3m1!1e3",True,True,40,Cropland,True
18129,KOPERASI DESA MERAH PUTIH KALURAHAN PARANGTRITIS,DAERAH ISTIMEWA YOGYAKARTA,KAB. BANTUL,Kretek,-8.00936792,110.3148037,False,,-1,,810.1,True,,201276830,104.4,0.0,False,,-1,,2861.3,716.7,671.5,1.607,0,False,671.5,False,Terverifikasi,Agrinas,191.0,21587.0,0.0,0.0,True,"https://www.google.com/maps/@-8.00936792,110.3148037,250m/data=!3m1!1e3",True,True,40,Cropland,True
81570,KOPERASI DESA MERAH PUTIH KURANJI DALANG KECAMATAN LABUAPI,NUSA TENGGARA BARAT,KAB. LOMBOK BARAT,Labuapi,-8.629414,116.0802356,False,,-1,,679.6,True,,595556414,104.1,0.0,False,,-1,,2298.4,470.7,447.8,0.426,0,False,447.8,False,Terverifikasi,Agrinas,1229.0,36233.0,0.0,0.0,True,"https://www.google.com/maps/@-8.629414,116.0802356,250m/data=!3m1!1e3",True,True,40,Cropland,True
93614,KOPERASI DESA MERAH PUTIH SINAREKOWA,PAPUA PEGUNUNGAN,KAB. JAYAWIJAYA,Wouma,-4.11387414,138.93603905,False,,-1,,1402.6,True,,586783513,103.6,0.0,False,,-1,,1057.4,2750.6,362.1,0.138,0,False,362.1,False,,,1115.0,52520.0,0.396,0.396,False,"https://www.google.com/maps/@-4.11387414,138.93603905,250m/data=!3m1!1e3",True,True,30,Grassland,False
37953,KOPERASI DESA MERAH PUTIH DESA BANJAR SARI,NUSA TENGGARA BARAT,KAB. LOMBOK TIMUR,Labuhan Haji,-8.67848779,116.563001,False,,-1,,446.6,True,lahan pertanian,913047019,103.5,0.0,False,,-1,,1328.2,1155.3,327.7,1.302,0,False,327.7,False,Terverifikasi,BUSINESS ASSISTANCE,1788.0,33289.0,0.132,0.132,True,"https://www.google.com/maps/@-8.67848779,116.563001,250m/data=!3m1!1e3",True,True,40,Cropland,True
66254,KOPERASI DESA MERAH PUTIH SIOLIP KECAMATAN BARUMUN BARU,SUMATERA UTARA,KAB. PADANG LAWAS,Barumun Baru,1.05861318,99.71483713,False,,-1,,59288.4,True,,990512099,103.3,0.0,False,,-1,,27487.0,658.9,876.2,0.424,0,False,658.9,False,Sedang Diverifikasi,BUSINESS ASSISTANCE,361.0,21752.0,0.264,0.264,False,"https://www.google.com/maps/@1.05861318,99.71483713,250m/data=!3m1!1e3",True,True,40,Cropland,True
24178,KOPERASI DESA MERAH PUTIH PILANGSARI KECAMATAN GESI,JAWA TENGAH,KAB. SRAGEN,Gesi,-7.34708241,110.9845849,False,,-1,,6326.8,True,,700363827,103.1,0.0,False,,-1,,8171.4,395.1,3738.4,1.168,0,False,395.1,False,Terverifikasi,Agrinas,959.0,26111.0,0.264,0.264,False,"https://www.google.com/maps/@-7.34708241,110.9845849,250m/data=!3m1!1e3",True,True,40,Cropland,True
23386,KOPERASI DESA MERAH PUTIH BALEHARJO KECAMATAN EROMOKO KABUPATEN WONOGIRI,JAWA TENGAH,KAB. WONOGIRI,Eromoko,-8.0130329,110.8574831,False,,-1,,9447.9,True,,677145290,102.9,0.0,False,,-1,,4553.5,223.6,3337.2,0.985,0,False,223.6,False,Terverifikasi,Agrinas,210.0,10648.0,0.132,0.132,True,"https://www.google.com/maps/@-8.0130329,110.8574831,250m/data=!3m1!1e3",True,True,40,Cropland,True
71978,KOPERASI DESA MERAH PUTIH SYARIAH GAMPONG NICAH BLANG MEUNARA,ACEH,KAB. PIDIE,Grong-grong,5.36836032,95.90943165,False,,-1,,5486.8,True,,428312200,102.8,0.0,False,,-1,,9479.0,181.6,1995.3,3.314,0,False,181.6,False,Tidak Ada Lahan,,636.0,31820.0,0.132,0.132,True,"https://www.google.com/maps/@5.36836032,95.90943165,250m/data=!3m1!1e3",True,True,40,Cropland,True
70751,KOPERASI DESA MERAH PUTIH SYARIAH GAMPONG LAMPUJA DARUSSALAM,ACEH,KAB. ACEH BESAR,Darussalam,5.55762317,95.38447875,False,,-1,,2548.7,True,,4576707,102.7,0.0,False,,-1,,3141.8,386.5,1196.5,6.716,0,False,386.5,False,Terverifikasi,KOPERASI,1172.0,46532.0,0.132,0.0,True,"https://www.google.com/maps/@5.55762317,95.38447875,250m/data=!3m1!1e3",True,True,40,Cropland,True
56063,KOPERASI DESA MERAH PUTIH WANGUNREJO KECAMATAN BANYUURIP,JAWA TENGAH,KAB. PURWOREJO,Banyuurip,-7.77354771,109.9923599,False,,-1,,2715.2,True,,1005300689,102.7,0.0,False,,-1,,3891.7,260.9,304.1,1.439,0,False,260.9,False,Terverifikasi,Agrinas,532.0,20111.0,0.264,0.264,False,"https://www.google.com/maps/@-7.77354771,109.9923599,250m/data=!3m1!1e3",True,True,40,Cropland,True
77311,KOPERASI DESA MERAH PUTIH SYARIAH GAMPONG LAMPOH DRIEN,ACEH,KAB. ACEH BARAT DAYA,Susoh,3.71537041,96.84263275,False,,-1,,956.4,True,AREA PERSAWAHAN,328005491,102.5,0.0,False,,-1,,2368.1,203.9,203.2,0.192,0,False,203.2,False,Tidak Ada Lahan,,687.0,18919.0,0.132,0.132,True,"https://www.google.com/maps/@3.71537041,96.84263275,250m/data=!3m1!1e3",True,True,40,Cropland,True
15516,KOPERASI DESA MERAH PUTIH MAMBALAN,NUSA TENGGARA BARAT,KAB. LOMBOK BARAT,Gunungsari,-8.5497442,116.1241758,False,,-1,,483.4,True,,1221389896,102.5,0.0,False,,-1,,1213.9,376.1,137.7,0.814,1,False,137.7,False,,,1602.0,82378.0,0.0,0.0,True,"https://www.google.com/maps/@-8.5497442,116.1241758,250m/data=!3m1!1e3",True,True,40,Cropland,True
40921,KOPERASI DESA MERAH PUTIH JATIBARU CIKARANG TIMUR,JAWA BARAT,KAB. BEKASI,Cikarang Timur,-6.27790199,107.1982525,False,,-1,,676.2,True,,1425965099,101.9,0.0,False,,-1,,2189.3,1567.0,3443.4,3.273,0,False,1567.0,True,Terverifikasi,Agrinas,357.0,109415.0,0.132,0.132,True,"https://www.google.com/maps/@-6.27790199,107.1982525,250m/data=!3m1!1e3",True,True,40,Cropland,True
71010,KOPERASI DESA MERAH PUTIH SYARIAH GAMPONG KAMPONG COT,ACEH,KAB. PIDIE,Sakti,5.24700037,95.91514264,False,,-1,,16016.7,True,,1457573902,101.7,0.0,False,,-1,,13827.1,356.4,561.1,0.297,0,False,356.4,False,Tidak Ada Lahan,,309.0,17956.0,0.132,0.132,True,"https://www.google.com/maps/@5.24700037,95.91514264,250m/data=!3m1!1e3",True,True,40,Cropland,True
75135,KOPERASI DESA MERAH PUTIH SYARIAH GAMPONG TEUPIN U KECAMATAN PIRAK TIMU KABUPATEN ACEH UTARA,ACEH,KAB. ACEH UTARA,Pirak Timu,4.99843773,97.2805071,False,,-1,,5400.2,True,,351852353,101.5,0.0,False,,-1,,5671.8,420.3,2933.1,13.071,0,False,420.3,False,,,18.0,6056.0,0.264,0.264,False,"https://www.google.com/maps/@4.99843773,97.2805071,250m/data=!3m1!1e3",True,True,40,Cropland,True
54201,KOPERASI KELURAHAN MERAH PUTIH MANGUNHARJO KECAMATAN MAYANGAN KOTA PROBOLINGGO,JAWA TIMUR,KOTA PROBOLINGGO,Mayangan,-7.7438609,113.2264682,False,,-1,,994.2,True,,653571033,101.3,0.0,False,,-1,,1293.9,627.9,687.6,2.991,0,False,627.9,False,Terverifikasi,KOPERASI,1629.0,86519.0,0.132,0.132,True,"https://www.google.com/maps/@-7.7438609,113.2264682,250m/data=!3m1!1e3",True,True,50,Built-up,False
59338,KOPERASI DESA MERAH PUTIH BORONG PALALA KECAMATAN PATTALLASSANG,SULAWESI SELATAN,KAB. GOWA,Pattallasang,-5.21450245,119.533929,False,,-1,,2444.4,True,,1507151819,101.0,0.0,False,,-1,,2449.2,179.4,2488.4,5.355,1,False,179.4,False,Terverifikasi,Agrinas,52.0,26790.0,0.132,0.132,True,"https://www.google.com/maps/@-5.21450245,119.533929,250m/data=!3m1!1e3",True,True,40,Cropland,True
19105,KOPERASI DESA MERAH PUTIH KAUMAN KECAMATAN KARANGREJO,JAWA TIMUR,KAB. MAGETAN,Karangrejo,-7.55078674,111.4081495,False,,-1,,6095.3,True,,669968237,100.8,0.0,False,,-1,,8885.6,1350.6,1226.9,3.157,0,False,1226.9,True,Terverifikasi,KOPERASI,295.0,27561.0,0.132,0.132,True,"https://www.google.com/maps/@-7.55078674,111.4081495,250m/data=!3m1!1e3",True,True,40,Cropland,True
37800,KOPERASI DESA MERAH PUTIH SUMBEREJO KECAMATAN MADIUN,JAWA TIMUR,KAB. MADIUN,Madiun,-7.58752916,111.568916,False,,-1,,3257.2,True,,691197637,100.7,0.0,False,,-1,,2287.9,398.7,374.7,0.838,0,False,374.7,False,Terverifikasi,Agrinas,439.0,24074.0,0.132,0.132,True,"https://www.google.com/maps/@-7.58752916,111.568916,250m/data=!3m1!1e3",True,True,40,Cropland,True
31473,KOPERASI DESA MERAH PUTIH KALA,NUSA TENGGARA BARAT,KAB. BIMA,Donggo,-8.41377882,118.6120793,False,,-1,,4849.2,True,Tegalan,198238645,100.7,0.0,False,,-1,,9993.1,426.2,263.6,3.044,1,False,263.6,False,Tidak Ada Lahan,,303.0,4828.0,0.132,0.132,True,"https://www.google.com/maps/@-8.41377882,118.6120793,250m/data=!3m1!1e3",True,True,10,Tree cover,False
50236,KOPERASI DESA MERAH PUTIH NGAWENSARI KECAMATAN RINGINARUM KABUPATEN KENDAL,JAWA TENGAH,KAB. KENDAL,Ringinarum,-6.9808962,110.0980195,False,,-1,,5138.4,True,,666244576,100.6,0.0,False,,-1,,3139.7,242.8,954.7,1.279,0,False,242.8,False,Sedang Diverifikasi,KOPERASI,559.0,43912.0,0.0,0.0,True,"https://www.google.com/maps/@-6.9808962,110.0980195,250m/data=!3m1!1e3",True,True,40,Cropland,True
47770,KOPERASI DESA MERAH PUTIH MOJOPURO KECAMATAN SUMBERLAWANG,JAWA TENGAH,KAB. SRAGEN,Sumberlawang,-7.32767195,110.8758435,False,,-1,,7208.0,True,,700860521,100.3,0.0,False,,-1,,9260.2,821.3,3727.7,0.492,0,False,821.3,True,Terverifikasi,Agrinas,256.0,22864.0,0.396,0.132,True,"https://www.google.com/maps/@-7.32767195,110.8758435,250m/data=!3m1!1e3",True,True,40,Cropland,True
85598,KOPERASI DESA MERAH PUTIH SYARIAH GAMPONG ULEE MEURIA KECAMATAN SYAMTALIRA BAYU,ACEH,KAB. ACEH UTARA,Syamtalira Bayu,5.08762364,97.18181691,False,,-1,,6201.8,True,,5247593,100.3,0.0,False,,-1,,8729.7,482.6,3064.6,31.447,1,False,482.6,False,Terverifikasi,Agrinas,542.0,20801.0,0.132,0.132,True,"https://www.google.com/maps/@5.08762364,97.18181691,250m/data=!3m1!1e3",True,True,40,Cropland,True
78650,KOPERASI KELURAHAN MERAH PUTIH AEK PAING,SUMATERA UTARA,KAB. LABUHANBATU,Rantau Utara,2.13048059,99.81635745,False,,-1,,5026.2,True,,713276776,100.2,0.0,False,,-1,,3298.9,537.2,744.2,0.425,0,False,537.2,False,Sedang Diverifikasi,PMO,1212.0,24030.0,0.264,0.264,False,"https://www.google.com/maps/@2.13048059,99.81635745,250m/data=!3m1!1e3",True,True,40,Cropland,True
