cooperative_id,province,district,subdistrict,latitude,longitude,h3_8,own_cell_pop,pop_within_1_4km,pop_within_5_1km,remoteness_band,isolation_score,name,village,land_status,land_surveyor,elevation_m,relief_200m_m,landcover_code,landcover,flag_no_population,flag_implausible_cover,flag_cropland,flag_steep,flag_not_builtup,n_flags,imagery_url
47084,BENGKULU,KAB. MUKOMUKO,V Koto,-2.40751636,101.3941697,888cd5c6a5fffff,0.0,1.0,146.0,<500,5,KOPERASI DESA MERAH PUTIH TALANG SEPAKAT,Talang Sepakat,Terverifikasi,Agrinas,423.1502685546875,80.76849365234375,10.0,Tree cover,True,True,False,True,True,4,"https://www.google.com/maps/@-2.40751636,101.3941697,250m/data=!3m1!1e3"
60944,BENGKULU,KAB. SELUMA,Semidang Alas,-4.08660596,102.8900428,888cf088a1fffff,0.0,1.0,409.0,<500,5,KOPERASI DESA MERAH PUTIH GUNUNG MEGANG,Gunung Megang,Sedang Diverifikasi,KOPERASI,887.3704223632812,111.18133544921875,10.0,Tree cover,True,True,False,True,True,4,"https://www.google.com/maps/@-4.08660596,102.8900428,250m/data=!3m1!1e3"
50483,KALIMANTAN BARAT,KAB. KAPUAS HULU,Boyan Tanjung,0.2724214,112.4854254,8868b39069fffff,0.0,1.0,764.0,500-2k,5,KOPERASI DESA MERAH PUTIH NANGA JEMAH,,,,183.09359741210938,97.08413696289062,10.0,Tree cover,True,True,False,True,True,4,"https://www.google.com/maps/@0.2724214,112.4854254,250m/data=!3m1!1e3"
74531,KALIMANTAN BARAT,KAB. KAPUAS HULU,Embaloh Hulu,1.40506587,112.6037361,8868b57439fffff,0.0,1.0,13.0,<500,5,KOPERASI DESA MERAH PUTIH MENUA SADAP,,,,323.0145263671875,117.30548095703125,10.0,Tree cover,True,True,False,True,True,4,"https://www.google.com/maps/@1.40506587,112.6037361,250m/data=!3m1!1e3"
73995,KALIMANTAN BARAT,KAB. KAPUAS HULU,Putussibau Selatan,1.17308661,113.8543858,886884c54bfffff,0.0,1.0,13.0,<500,5,KOPERASI DESA MERAH PUTIH BUNGAN JAYA KECAMATAN PUTUSSIBAU SELATAN,,,,694.0252685546875,92.76165771484375,10.0,Tree cover,True,True,False,True,True,4,"https://www.google.com/maps/@1.17308661,113.8543858,250m/data=!3m1!1e3"
80324,KALIMANTAN BARAT,KAB. KAPUAS HULU,Putussibau Selatan,0.57519878,113.5391475,8868869049fffff,0.0,1.0,6.0,<500,5,KOPERASI DESA MERAH PUTIH KEREHO KECAMATAN PUTUSSIBAU SELATAN,,,,711.9104614257812,90.82861328125,10.0,Tree cover,True,True,False,True,True,4,"https://www.google.com/maps/@0.57519878,113.5391475,250m/data=!3m1!1e3"
82175,KALIMANTAN BARAT,KAB. KAPUAS HULU,Putussibau Selatan,0.81970866,113.7659738,8868845127fffff,0.0,1.0,14.0,<500,5,KOPERASI DESA MERAH PUTIH TANJUNG LOKANG,,,,490.5767517089844,97.5819091796875,10.0,Tree cover,True,True,False,True,True,4,"https://www.google.com/maps/@0.81970866,113.7659738,250m/data=!3m1!1e3"
49996,KALIMANTAN BARAT,KAB. MELAWI,Tanah Pinoh Barat,-0.76148843,111.3023233,888cb2db65fffff,0.0,1.0,696.0,500-2k,5,KOPERASI DESA MERAH PUTIH TOGAN BARU KECAMATAN TANAH PINOH BARAT KABUPATEN MELAWI,,,,489.4425964355469,67.67276000976562,10.0,Tree cover,True,True,False,True,True,4,"https://www.google.com/maps/@-0.76148843,111.3023233,250m/data=!3m1!1e3"
75033,GORONTALO,KAB. BOALEMO,Botumoito,0.87831435,122.1347094,8868c2364dfffff,0.0,1.0,36.0,<500,5,KOPERASI DESA MERAH PUTIH BOLIHUTUO,Bolihutuo,Terverifikasi,BUSINESS ASSISTANCE,794.0404052734375,80.6551513671875,10.0,Tree cover,True,True,False,True,True,4,"https://www.google.com/maps/@0.87831435,122.1347094,250m/data=!3m1!1e3"
15557,GORONTALO,KAB. POHUWATO,Taluditi,0.7497247,121.7693866,8868c202b1fffff,0.0,1.0,135.0,<500,5,KOPERASI DESA MERAH PUTIH MALANGO,Malango,Terverifikasi,Agrinas,830.20166015625,83.8497314453125,10.0,Tree cover,True,True,False,True,True,4,"https://www.google.com/maps/@0.7497247,121.7693866,250m/data=!3m1!1e3"
84763,GORONTALO,KAB. POHUWATO,Dengilo,0.71722483,122.0764027,8868c23193fffff,0.0,1.0,20.0,<500,5,KOPERASI DESA MERAH PUTIH KARYA BARU KECAMATAN DENGILO,Karya Baru,Tidak Ada Lahan,,703.6146240234375,67.4605712890625,10.0,Tree cover,True,True,False,True,True,4,"https://www.google.com/maps/@0.71722483,122.0764027,250m/data=!3m1!1e3"
27226,SULAWESI UTARA,KAB. BOLAANG MONGONDOW SELATAN,Posigadan,0.42051614,123.5669526,8868dd84a7fffff,0.0,1.0,292.0,<500,5,KOPERASI DESA MERAH PUTIH TONALA POSIGADAN,Tonala,Terverifikasi,Agrinas,758.6203002929688,69.52581787109375,10.0,Tree cover,True,True,False,True,True,4,"https://www.google.com/maps/@0.42051614,123.5669526,250m/data=!3m1!1e3"
27240,SULAWESI UTARA,KAB. BOLAANG MONGONDOW SELATAN,Posigadan,0.43454195,123.608004,8868ddb161fffff,0.0,1.0,147.0,<500,5,KOPERASI DESA MERAH PUTIH PILOLAHUNGA POSIGADAN,Pilolahunga,Terverifikasi,Agrinas,938.1292724609375,64.92718505859375,10.0,Tree cover,True,True,False,True,True,4,"https://www.google.com/maps/@0.43454195,123.608004,250m/data=!3m1!1e3"
69550,SULAWESI UTARA,KAB. BOLAANG MONGONDOW,Lolak,0.71206844,123.9763089,8868ce630bfffff,0.0,1.0,57.0,<500,5,KOPERASI DESA MERAH PUTIH SAUK,,,,1121.7220458984375,97.3414306640625,10.0,Tree cover,True,True,False,True,True,4,"https://www.google.com/maps/@0.71206844,123.9763089,250m/data=!3m1!1e3"
19239,SUMATERA UTARA,KAB. MANDAILING NATAL,Panyabungan Timur,0.82751027,99.79616867,88652d78e9fffff,0.0,1.0,234.0,<500,5,KOPERASI DESA MERAH PUTIH AEK NABARA PT,Aek Nabara,Tidak Ada Lahan,,1412.9906005859375,132.7210693359375,10.0,Tree cover,True,True,False,True,True,4,"https://www.google.com/maps/@0.82751027,99.79616867,250m/data=!3m1!1e3"
26914,SUMATERA UTARA,KAB. LANGKAT,Bahorok,3.40303717,98.05560899,8865099209fffff,0.0,1.0,22.0,<500,5,KOPERASI DESA MERAH PUTIH BATU JONG JONG KECAMATAN BAHOROK,Batu Jong - Jong,Terverifikasi,KOPERASI,912.738037109375,124.380126953125,10.0,Tree cover,True,True,False,True,True,4,"https://www.google.com/maps/@3.40303717,98.05560899,250m/data=!3m1!1e3"
3712,SUMATERA SELATAN,KAB. MUSI RAWAS UTARA,Ulu Rawas,-2.81892245,102.4213704,888cf224e9fffff,0.0,1.0,169.0,<500,5,KOPERASI DESA MERAH PUTIH MUARA KUIS,Muara Kuis,Terverifikasi,Agrinas,309.5897521972656,97.6241455078125,10.0,Tree cover,True,True,False,True,True,4,"https://www.google.com/maps/@-2.81892245,102.4213704,250m/data=!3m1!1e3"
2568,SUMATERA SELATAN,KAB. MUSI RAWAS,Selangit,-3.22221757,102.5833666,888cf2a4cbfffff,0.0,1.0,115.0,<500,5,KOPERASI DESA MERAH PUTIH NAPAL MELINTANG KECAMATAN SELANGIT,Napal Melintang,Terverifikasi,Agrinas,694.2736206054688,68.758544921875,10.0,Tree cover,True,True,False,True,True,4,"https://www.google.com/maps/@-3.22221757,102.5833666,250m/data=!3m1!1e3"
61374,KALIMANTAN TIMUR,KAB. BERAU,Sambaliung,1.88089518,117.5048271,8868ab31c7fffff,0.0,1.0,71.0,<500,5,KOPERASI DESA MERAH PUTIH INARAN,Inaran,Sedang Diverifikasi,KOPERASI,352.0403747558594,145.36215209960938,10.0,Tree cover,True,True,False,True,True,4,"https://www.google.com/maps/@1.88089518,117.5048271,250m/data=!3m1!1e3"
74008,KALIMANTAN TIMUR,KAB. BERAU,Kelay,1.73609932,116.8787849,8868ab521bfffff,0.0,1.0,7.0,<500,5,KOPERASI DESA MERAH PUTIH LONG BELIU,,,,384.7541198730469,89.4984130859375,10.0,Tree cover,True,True,False,True,True,4,"https://www.google.com/maps/@1.73609932,116.8787849,250m/data=!3m1!1e3"
83787,KALIMANTAN TIMUR,KAB. BERAU,Kelay,1.83657738,116.5971903,8868aa3641fffff,0.0,1.0,8.0,<500,5,KOPERASI DESA MERAH PUTIH LONG LAMCIN,Long Lamcin,Sedang Diverifikasi,KEMENTERIAN KESEHATAN,310.79736328125,96.33792114257812,10.0,Tree cover,True,True,False,True,True,4,"https://www.google.com/maps/@1.83657738,116.5971903,250m/data=!3m1!1e3"
84059,KALIMANTAN TIMUR,KAB. BERAU,Segah,2.35411759,116.6016151,8868a8634dfffff,0.0,1.0,18.0,<500,5,KOPERASI DESA MERAH PUTIH PUNAN SEGAH KECAMATAN SEGAH,Punan Segah,Sedang Diverifikasi,KEMENTERIAN KESEHATAN,277.9527282714844,76.95892333984375,10.0,Tree cover,True,True,False,True,True,4,"https://www.google.com/maps/@2.35411759,116.6016151,250m/data=!3m1!1e3"
28325,KALIMANTAN TIMUR,KAB. MAHAKAM ULU,Long Pahangai,0.70152315,114.5145949,8868809a25fffff,0.0,1.0,324.0,<500,5,KOPERASI DESA MERAH PUTIH DELANG KEROHONG,Delang Kerohong,Sedang Diverifikasi,BUSINESS ASSISTANCE,459.2723693847656,112.25418090820312,10.0,Tree cover,True,True,False,True,True,4,"https://www.google.com/maps/@0.70152315,114.5145949,250m/data=!3m1!1e3"
56939,SULAWESI SELATAN,KAB. LUWU TIMUR,Mangkutana,-2.32406198,120.6518412,88952c1563fffff,0.0,1.0,36.0,<500,5,KOPERASI DESA MERAH PUTIH PANCA KARSA KECAMATAN MANGKUTANA,Panca Karsa,Tidak Ada Lahan,,1588.4019775390625,81.755615234375,10.0,Tree cover,True,True,False,True,True,4,"https://www.google.com/maps/@-2.32406198,120.6518412,250m/data=!3m1!1e3"
59308,SULAWESI SELATAN,KAB. LUWU UTARA,Baebunta,-2.42051513,120.1686165,88952cca47fffff,0.0,1.0,259.0,<500,5,KOPERASI DESA MERAH PUTIH BAEBUNTA,Baebunta,Sedang Diverifikasi,KOPERASI,1361.479248046875,146.8485107421875,10.0,Tree cover,True,True,False,True,True,4,"https://www.google.com/maps/@-2.42051513,120.1686165,250m/data=!3m1!1e3"
53636,SULAWESI SELATAN,KAB. LUWU UTARA,Masamba,-2.37834972,120.10338,88952cd807fffff,0.0,1.0,8.0,<500,5,KOPERASI DESA MERAH PUTIH MAIPI,Maipi,Tidak Ada Lahan,,2468.458251953125,161.41455078125,10.0,Tree cover,True,True,False,True,True,4,"https://www.google.com/maps/@-2.37834972,120.10338,250m/data=!3m1!1e3"
59346,SULAWESI SELATAN,KAB. LUWU UTARA,Seko,-2.23641345,119.7505015,889521ba9dfffff,0.0,1.0,612.0,500-2k,5,KOPERASI DESA MERAH PUTIH TANAMAKALEANG,,,,1717.271728515625,153.479248046875,10.0,Tree cover,True,True,False,True,True,4,"https://www.google.com/maps/@-2.23641345,119.7505015,250m/data=!3m1!1e3"
66858,SUMATERA BARAT,KAB. PESISIR SELATAN,Ranah Pesisir,-1.73914484,100.9543468,888cd568a5fffff,0.0,1.0,128.0,<500,5,KOPERASI DESA MERAH PUTIH NAGARI PELANGAI KACIAK,Pelangai Kaciak,Tidak Ada Lahan,,466.71234130859375,60.621734619140625,10.0,Tree cover,True,True,False,True,True,4,"https://www.google.com/maps/@-1.73914484,100.9543468,250m/data=!3m1!1e3"
78678,SUMATERA BARAT,KAB. KEPULAUAN MENTAWAI,Siberut Barat,-1.17223397,98.71390713,888cd8896dfffff,0.0,1.0,834.0,500-2k,5,KOPERASI DESA MERAH PUTIH SIMALEGI MENTAWAI,,,,122.67314147949219,60.858001708984375,10.0,Tree cover,True,True,False,True,True,4,"https://www.google.com/maps/@-1.17223397,98.71390713,250m/data=!3m1!1e3"
10064,SULAWESI BARAT,KAB. MAMASA,Mamasa,-2.81961081,119.41216213,88952155e7fffff,0.0,1.0,659.0,500-2k,5,KOPERASI DESA MERAH PUTIH RAMBUSARATU,Rambusaratu,Terverifikasi,KOPERASI,2418.173583984375,103.596923828125,10.0,Tree cover,True,True,False,True,True,4,"https://www.google.com/maps/@-2.81961081,119.41216213,250m/data=!3m1!1e3"
60205,SULAWESI BARAT,KAB. PASANGKAYU,Bulu Taba,-1.4920804,119.5929114,8868d2c0e1fffff,0.0,1.0,647.0,500-2k,5,KOPERASI DESA MERAH PUTIH BUKIT HARAPAN KECAMATAN BULU TABA,Bukit Harapan,Terverifikasi,Agrinas,483.96575927734375,75.44769287109375,10.0,Tree cover,True,True,False,True,True,4,"https://www.google.com/maps/@-1.4920804,119.5929114,250m/data=!3m1!1e3"
87172,KALIMANTAN TENGAH,KAB. SERUYAN,Seruyan Hulu,-1.50976615,111.8938508,888cb6d8a5fffff,0.0,1.0,705.0,500-2k,5,KOPERASI DESA MERAH PUTIH TUMBANG SUEI,,,,388.7767639160156,77.94979858398438,10.0,Tree cover,True,True,False,True,True,4,"https://www.google.com/maps/@-1.50976615,111.8938508,250m/data=!3m1!1e3"
16323,ACEH,KAB. ACEH TENGGARA,Lawe Alas,3.44200308,97.61468307,886509b20dfffff,0.0,1.0,5.0,<500,5,KOPERASI DESA MERAH PUTIH SYARIAH PERAPAT BATU NUNGGUL KECAMATAN LAWE ALAS,Prapat Batu Nunggul,Tidak Ada Lahan,,1529.6279296875,145.580810546875,10.0,Tree cover,True,True,False,True,True,4,"https://www.google.com/maps/@3.44200308,97.61468307,250m/data=!3m1!1e3"
56966,ACEH,KAB. ACEH TENGGARA,Lawe Alas,3.47136928,97.53235525,886509b2b5fffff,0.0,1.0,11.0,<500,5,KOPERASI DESA MERAH PUTIH SYARIAH PULO GADUNG KECAMATAN LAWE ALAS,Pulo Gadung,Tidak Ada Lahan,,2025.9788818359375,77.8564453125,10.0,Tree cover,True,True,False,True,True,4,"https://www.google.com/maps/@3.47136928,97.53235525,250m/data=!3m1!1e3"
60861,ACEH,KAB. ACEH TENGGARA,Lawe Alas,3.4318617,97.60845511,886509b209fffff,0.0,1.0,5.0,<500,5,KOPERASI DESA MERAH PUTIH SYARIAH KUTA BATU I KECAMATAN LAWE ALAS,Kuta Batu I,Terverifikasi,Agrinas,1592.58642578125,71.5557861328125,10.0,Tree cover,True,True,False,True,True,4,"https://www.google.com/maps/@3.4318617,97.60845511,250m/data=!3m1!1e3"
69714,ACEH,KAB. ACEH TENGGARA,Lawe Alas,3.42173909,97.61320499,886509b25dfffff,0.0,1.0,7.0,<500,5,KOPERASI DESA MERAH PUTIH SYARIAH RIH MBELANG KECAMATAN LAWE ALAS,Rih Mbelang,Tidak Ada Lahan,,1681.22265625,81.9580078125,10.0,Tree cover,True,True,False,True,True,4,"https://www.google.com/maps/@3.42173909,97.61320499,250m/data=!3m1!1e3"
11726,ACEH,KAB. ACEH TENGGARA,Leuser,3.17323813,97.59965747,8865724295fffff,0.0,1.0,10.0,<500,5,KOPERASI DESA MERAH PUTIH SYARIAH TUAH KEKHINE KECAMATAN LEUSER,Tuah Kekhine,Dipertimbangkan,Agrinas,1008.2781982421875,76.9854736328125,10.0,Tree cover,True,True,False,True,True,4,"https://www.google.com/maps/@3.17323813,97.59965747,250m/data=!3m1!1e3"
46027,ACEH,KAB. ACEH TENGGARA,Leuser,3.00834544,97.78246332,886572cd67fffff,0.0,1.0,15.0,<500,5,KOPERASI DESA MERAH PUTIH SYARIAH DESA UKHAT PESELUK KECAMATAN LEUSER,,,,220.58538818359375,60.135894775390625,10.0,Tree cover,True,True,False,True,True,4,"https://www.google.com/maps/@3.00834544,97.78246332,250m/data=!3m1!1e3"
58005,ACEH,KAB. ACEH TENGGARA,Babussalam,3.48658473,97.61889569,886509b311fffff,0.0,1.0,83.0,<500,5,KOPERASI DESA MERAH PUTIH SYARIAH BATUMBULAN SEPAKAT KECAMATAN BABUSSALAM,Batu Mbulan Sepakat,Tidak Ada Lahan,,1343.733154296875,108.1614990234375,10.0,Tree cover,True,True,False,True,True,4,"https://www.google.com/maps/@3.48658473,97.61889569,250m/data=!3m1!1e3"
67701,ACEH,KAB. ACEH TENGGARA,Babussalam,3.478215,97.61907513,886509b31bfffff,0.0,1.0,36.0,<500,5,KOPERASI DESA MERAH PUTIH SYARIAH MBARUNG DATUK SAUDANE KECAMATAN BABUSSALAM,Mbarung Datuk Saudane,Tidak Ada Lahan,,1620.0997314453125,172.6114501953125,10.0,Tree cover,True,True,False,True,True,4,"https://www.google.com/maps/@3.478215,97.61907513,250m/data=!3m1!1e3"
54418,ACEH,KAB. ACEH TENGGARA,Ketambe,3.64279925,97.49047127,886509a151fffff,0.0,1.0,16.0,<500,5,KOPERASI DESA MERAH PUTIH SYARIAH AUNAN SEPAKAT KECAMATAN KETAMBE,,,,1926.6590576171875,92.0521240234375,10.0,Tree cover,True,True,False,True,True,4,"https://www.google.com/maps/@3.64279925,97.49047127,250m/data=!3m1!1e3"
51173,ACEH,KAB. ACEH TENGGARA,Tanoh Alas,3.34646759,97.55593325,8865724c61fffff,0.0,1.0,3.0,<500,5,KOPERASI DESA MERAH PUTIH SYARIAH LAWE TUNGKAL KECAMATAN TANOH ALAS,Lawe Tungkal,Sedang Diverifikasi,BUSINESS ASSISTANCE,1442.4403076171875,136.2611083984375,10.0,Tree cover,True,True,False,True,True,4,"https://www.google.com/maps/@3.34646759,97.55593325,250m/data=!3m1!1e3"
46650,ACEH,KAB. GAYO LUES,Dabun Gelang,3.89911949,97.66457244,88650902dbfffff,0.0,1.0,9.0,<500,5,KOPERASI DESA MERAH PUTIH SYARIAH BLANG TEMUNG,Blangtemung,Terverifikasi,Agrinas,1420.13720703125,78.640625,10.0,Tree cover,True,True,False,True,True,4,"https://www.google.com/maps/@3.89911949,97.66457244,250m/data=!3m1!1e3"
81703,ACEH,KAB. ACEH BARAT DAYA,Manggeng,3.69498652,97.03364164,886554c111fffff,0.0,1.0,687.0,500-2k,5,KOPERASI DESA MERAH PUTIH SYARIAH GAMPONG PUSU INGIN JAYA,Pusu Ingin Jaya,Terverifikasi,KOPERASI,898.7687377929688,115.25762939453125,10.0,Tree cover,True,True,False,True,True,4,"https://www.google.com/maps/@3.69498652,97.03364164,250m/data=!3m1!1e3"
72057,ACEH,KAB. ACEH BARAT DAYA,Blangpidie,3.87044344,97.05112768,886554c9e3fffff,0.0,1.0,15.0,<500,5,KOPERASI DESA MERAH PUTIH SYARIAH PANTON RAYA KECAMATAN BLANGPIDIE,Panton Raya,Sedang Diverifikasi,KOPERASI,1424.0308837890625,107.5616455078125,10.0,Tree cover,True,True,False,True,True,4,"https://www.google.com/maps/@3.87044344,97.05112768,250m/data=!3m1!1e3"
81751,ACEH,KAB. ACEH BARAT DAYA,Jeumpa,3.91101985,96.84768358,8865545727fffff,0.0,1.0,33.0,<500,5,KOPERASI DESA MERAH PUTIH SYARIAH GAMPONG BARU KECAMATAN JEUMPA,Baru,Terverifikasi,Agrinas,422.0953674316406,185.67752075195312,10.0,Tree cover,True,True,False,True,True,4,"https://www.google.com/maps/@3.91101985,96.84768358,250m/data=!3m1!1e3"
13625,ACEH,KAB. ACEH TENGAH,Linge,3.47136928,97.53235525,886509b2b5fffff,0.0,1.0,11.0,<500,5,KOPERASI DESA MERAH PUTIH SYARIAH ANTARA KECAMATAN LINGE KABUPATEN ACEH TENGAH,Antara,Terverifikasi,Agrinas,2025.9788818359375,77.8564453125,10.0,Tree cover,True,True,False,True,True,4,"https://www.google.com/maps/@3.47136928,97.53235525,250m/data=!3m1!1e3"
46084,ACEH,KAB. ACEH TENGAH,Linge,4.51054073,97.25714692,8865569915fffff,0.0,1.0,532.0,500-2k,5,KOPERASI DESA MERAH PUTIH SYARIAH REJE PAYUNG KECAMATAN LINGE,Reje Payung,Sedang Diverifikasi,Agrinas,1279.66455078125,91.771484375,10.0,Tree cover,True,True,False,True,True,4,"https://www.google.com/maps/@4.51054073,97.25714692,250m/data=!3m1!1e3"
46086,ACEH,KAB. ACEH TENGAH,Linge,4.2971214,96.92515051,8865568619fffff,0.0,1.0,40.0,<500,5,KOPERASI DESA MERAH PUTIH SYARIAH KUTE RAYANG KECAMATAN LINGE,Kute Rayang,Sedang Diverifikasi,TNI,2360.921875,76.155517578125,10.0,Tree cover,True,True,False,True,True,4,"https://www.google.com/maps/@4.2971214,96.92515051,250m/data=!3m1!1e3"
41963,ACEH,KAB. BIREUEN,Peudada,4.97276391,96.56350813,88655639b5fffff,0.0,1.0,26.0,<500,5,KOPERASI DESA MERAH PUTIH SYARIAH GAMPONG PINTO RIMBA,Pinto Rimba,Tidak Ada Lahan,,490.5418395996094,148.05120849609375,10.0,Tree cover,True,True,False,True,True,4,"https://www.google.com/maps/@4.97276391,96.56350813,250m/data=!3m1!1e3"
86143,ACEH,KAB. ACEH JAYA,Panga,4.67879823,95.87818714,8865500b61fffff,0.0,1.0,432.0,<500,5,KOPERASI DESA MERAH PUTIH SYARIAH GUNONG BULOH PANGA,Gunong Buloh,Terverifikasi,Agrinas,622.4985961914062,76.8016357421875,10.0,Tree cover,True,True,False,True,True,4,"https://www.google.com/maps/@4.67879823,95.87818714,250m/data=!3m1!1e3"
54676,ACEH,KAB. ACEH TIMUR,Serbajadi,4.55992789,97.45209378,8865096d05fffff,0.0,1.0,56.0,<500,5,KOPERASI DESA MERAH PUTIH SYARIAH GAMPONG SEMBUANG,,,,818.3541870117188,166.58929443359375,10.0,Tree cover,True,True,False,True,True,4,"https://www.google.com/maps/@4.55992789,97.45209378,250m/data=!3m1!1e3"
54755,ACEH,KAB. ACEH TIMUR,Serbajadi,4.31841357,97.39348534,886509671bfffff,0.0,1.0,18.0,<500,5,KOPERASI DESA MERAH PUTIH SYARIAH GAMPONG TERUJAK,,,,1560.049560546875,103.9989013671875,10.0,Tree cover,True,True,False,True,True,4,"https://www.google.com/maps/@4.31841357,97.39348534,250m/data=!3m1!1e3"
54917,ACEH,KAB. ACEH TIMUR,Serbajadi,4.44975045,97.38968383,8865096ee1fffff,0.0,1.0,12.0,<500,5,KOPERASI DESA MERAH PUTIH SYARIAH GAMPONG NALON,,,,1149.5333251953125,107.8990478515625,10.0,Tree cover,True,True,False,True,True,4,"https://www.google.com/maps/@4.44975045,97.38968383,250m/data=!3m1!1e3"
55359,ACEH,KAB. ACEH TIMUR,Serbajadi,4.55416645,97.38503886,8865096d8dfffff,0.0,1.0,3.0,<500,5,KOPERASI DESA MERAH PUTIH SYARIAH GAMPONG SELEMAK,,,,918.4198608398438,89.44293212890625,10.0,Tree cover,True,True,False,True,True,4,"https://www.google.com/maps/@4.55416645,97.38503886,250m/data=!3m1!1e3"
60192,ACEH,KAB. ACEH TIMUR,Serbajadi,4.48989119,97.38786225,8865096c1dfffff,0.0,1.0,6.0,<500,5,KOPERASI DESA MERAH PUTIH SYARIAH GAMPONG JERING,,,,1098.4053955078125,79.4991455078125,10.0,Tree cover,True,True,False,True,True,4,"https://www.google.com/maps/@4.48989119,97.38786225,250m/data=!3m1!1e3"
63529,NUSA TENGGARA BARAT,KAB. SUMBAWA,Lunyuk,-9.01032503,117.3098802,88951248e5fffff,0.0,1.0,560.0,500-2k,5,KOPERASI DESA MERAH PUTIH PERUNG KECAMATAN LUNYUK,Perung,Sedang Diverifikasi,KOPERASI,107.54518127441406,110.8113784790039,10.0,Tree cover,True,True,False,True,True,4,"https://www.google.com/maps/@-9.01032503,117.3098802,250m/data=!3m1!1e3"
83905,NUSA TENGGARA BARAT,KAB. SUMBAWA,Lunyuk,-8.9394388,117.3127869,8895124ad5fffff,0.0,1.0,458.0,<500,5,KOPERASI KELURAHAN MERAH PUTIH LUNYUK ODE,Lunyuk Ode,Terverifikasi,Agrinas,413.8182067871094,72.31878662109375,10.0,Tree cover,True,True,False,True,True,4,"https://www.google.com/maps/@-8.9394388,117.3127869,250m/data=!3m1!1e3"
84162,KALIMANTAN UTARA,KAB. BULUNGAN,Sekatak,3.1086241,116.7682046,8868a8a219fffff,0.0,1.0,13.0,<500,5,KOPERASI DESA MERAH PUTIH UJANG,,,,404.46173095703125,108.3231201171875,10.0,Tree cover,True,True,False,True,True,4,"https://www.google.com/maps/@3.1086241,116.7682046,250m/data=!3m1!1e3"
70393,KALIMANTAN UTARA,KAB. BULUNGAN,Peso,2.65391459,116.7091228,8868a83b4bfffff,0.0,1.0,847.0,500-2k,5,KOPERASI DESA MERAH PUTIH LONG LIAN,,,,267.0635681152344,76.24324035644531,10.0,Tree cover,True,True,False,True,True,4,"https://www.google.com/maps/@2.65391459,116.7091228,250m/data=!3m1!1e3"
78342,KALIMANTAN UTARA,KAB. BULUNGAN,Peso,2.8111868,116.7966331,8868a8322bfffff,0.0,1.0,964.0,500-2k,5,KOPERASI DESA MERAH PUTIH LONG LASAN,,,,206.2304229736328,102.71244812011719,10.0,Tree cover,True,True,False,True,True,4,"https://www.google.com/maps/@2.8111868,116.7966331,250m/data=!3m1!1e3"
27834,KALIMANTAN UTARA,KAB. MALINAU,Malinau Selatan Hulu,3.07281185,116.2936326,8868a898ddfffff,0.0,1.0,381.0,<500,5,KOPERASI DESA MERAH PUTIH PUNAN MIRAU,,,,396.5118713378906,121.89971923828125,10.0,Tree cover,True,True,False,True,True,4,"https://www.google.com/maps/@3.07281185,116.2936326,250m/data=!3m1!1e3"
15326,KALIMANTAN UTARA,KAB. MALINAU,Kayan Selatan,1.59226262,114.957312,8868858953fffff,0.0,1.0,18.0,<500,5,KOPERASI DESA MERAH PUTIH LONG URO,Long Uro,Sedang Diverifikasi,KOPERASI,1019.9137573242188,111.0247802734375,10.0,Tree cover,True,True,False,True,True,4,"https://www.google.com/maps/@1.59226262,114.957312,250m/data=!3m1!1e3"
17930,KALIMANTAN UTARA,KAB. MALINAU,Pujungan,2.49959456,115.7402333,8868ae049bfffff,0.0,1.0,288.0,<500,5,KOPERASI DESA MERAH PUTIH LONG KETAMAN,Long Ketaman,Sedang Diverifikasi,KEMENTERIAN KESEHATAN,404.7608642578125,69.423095703125,10.0,Tree cover,True,True,False,True,True,4,"https://www.google.com/maps/@2.49959456,115.7402333,250m/data=!3m1!1e3"
21953,KALIMANTAN UTARA,KAB. MALINAU,Mentarang Hulu,3.73067824,116.1767477,8868acac0dfffff,0.0,1.0,582.0,500-2k,5,KOPERASI DESA MERAH PUTIH TEMALANG,,,,552.3499755859375,119.77340698242188,10.0,Tree cover,True,True,False,True,True,4,"https://www.google.com/maps/@3.73067824,116.1767477,250m/data=!3m1!1e3"
70809,KALIMANTAN UTARA,KAB. NUNUKAN,Lumbis Ogong,4.0460939,116.4128967,8868136c2dfffff,0.0,1.0,10.0,<500,5,KOPERASI DESA MERAH PUTIH SANAL,Sanal,Sedang Diverifikasi,KOPERASI,462.7503356933594,102.19784545898438,10.0,Tree cover,True,True,False,True,True,4,"https://www.google.com/maps/@4.0460939,116.4128967,250m/data=!3m1!1e3"
79827,KALIMANTAN UTARA,KAB. NUNUKAN,Lumbis Ogong,3.93869845,116.4496255,8868add0dbfffff,0.0,1.0,162.0,<500,5,KOPERASI DESA MERAH PUTIH TADUNGUS,,,,369.24462890625,121.48861694335938,10.0,Tree cover,True,True,False,True,True,4,"https://www.google.com/maps/@3.93869845,116.4496255,250m/data=!3m1!1e3"
26986,KALIMANTAN UTARA,KAB. NUNUKAN,Lumbis Pansiangan,4.35276437,116.3802703,886813745dfffff,0.0,1.0,530.0,500-2k,5,KOPERASI DESA MERAH PUTIH SUMANTIPAL,Sumantipal,Sedang Diverifikasi,PMO,363.5684814453125,96.72512817382812,10.0,Tree cover,True,True,False,True,True,4,"https://www.google.com/maps/@4.35276437,116.3802703,250m/data=!3m1!1e3"
7817,MALUKU,KAB. MALUKU TENGAH,Seram Utara Barat,-2.96544056,128.8514836,88956aa855fffff,0.0,1.0,33.0,<500,5,KOPERASI DESA MERAH PUTIH NEGERI RUMAHWEY,Rumahwey,Sedang Diverifikasi,KOPERASI,540.251220703125,80.72817993164062,10.0,Tree cover,True,True,False,True,True,4,"https://www.google.com/maps/@-2.96544056,128.8514836,250m/data=!3m1!1e3"
79511,MALUKU,KAB. SERAM BAGIAN BARAT,Taniwel Timur,-2.98968363,128.6389809,88956a171dfffff,0.0,1.0,22.0,<500,5,KOPERASI DESA MERAH PUTIH SOHUWE KECAMATAN TANIWEL TIMUR,Sohuwe,Tidak Ada Lahan,,900.4668579101562,112.52935791015625,10.0,Tree cover,True,True,False,True,True,4,"https://www.google.com/maps/@-2.98968363,128.6389809,250m/data=!3m1!1e3"
82905,MALUKU,KAB. BURU SELATAN,Namrole,-3.65822995,126.6860732,889544398bfffff,0.0,1.0,274.0,<500,5,KOPERASI DESA MERAH PUTIH WAENALUT,Waenalut,Dipertimbangkan,Agrinas,726.0213012695312,82.0592041015625,10.0,Tree cover,True,True,False,True,True,4,"https://www.google.com/maps/@-3.65822995,126.6860732,250m/data=!3m1!1e3"
28134,MALUKU,KAB. BURU SELATAN,Leksula,-3.64785012,126.5943133,8895443969fffff,0.0,1.0,491.0,<500,5,KOPERASI DESA MERAH PUTIH LIANG KECAMATAN LEKSULA,,,,1047.6942138671875,126.306884765625,10.0,Tree cover,True,True,False,True,True,4,"https://www.google.com/maps/@-3.64785012,126.5943133,250m/data=!3m1!1e3"
77638,MALUKU,KAB. BURU SELATAN,Leksula,-3.53712233,126.3828368,8895440119fffff,0.0,1.0,372.0,<500,5,KOPERASI DESA MERAH PUTIH WAEHAKA,,,,873.6554565429688,62.8953857421875,10.0,Tree cover,True,True,False,True,True,4,"https://www.google.com/maps/@-3.53712233,126.3828368,250m/data=!3m1!1e3"
72441,MALUKU,KAB. SERAM BAGIAN TIMUR,Werinama,-3.5353949,130.3889066,88954d8197fffff,0.0,1.0,446.0,<500,5,KOPERASI DESA MERAH PUTIH NEGERI BATUASA,,,,274.6649475097656,122.14912414550781,10.0,Tree cover,True,True,False,True,True,4,"https://www.google.com/maps/@-3.5353949,130.3889066,250m/data=!3m1!1e3"
27701,MALUKU,KAB. BURU,Air Buaya,-3.23326804,126.222309,8895448aa7fffff,0.0,1.0,929.0,500-2k,5,KOPERASI DESA MERAH PUTIH BARA KECAMATAN AIRBUAYA,Bara,Terverifikasi,Agrinas,1759.846923828125,209.594970703125,10.0,Tree cover,True,True,False,True,True,4,"https://www.google.com/maps/@-3.23326804,126.222309,250m/data=!3m1!1e3"
27379,SULAWESI TENGGARA,KAB. KONAWE,Abuki,-3.61808486,122.0020735,88952b94c7fffff,0.0,1.0,680.0,500-2k,5,KOPERASI KELURAHAN MERAH PUTIH ABUKI,Abuki,Sedang Diverifikasi,BUSINESS ASSISTANCE,742.7738647460938,89.93707275390625,10.0,Tree cover,True,True,False,True,True,4,"https://www.google.com/maps/@-3.61808486,122.0020735,250m/data=!3m1!1e3"
83297,SULAWESI TENGGARA,KAB. KONAWE,Routa,-3.09342871,121.677201,889528ac69fffff,0.0,1.0,372.0,<500,5,KOPERASI DESA MERAH PUTIH PUUWIWIRANO,,,,769.1735229492188,61.8160400390625,10.0,Tree cover,True,True,False,True,True,4,"https://www.google.com/maps/@-3.09342871,121.677201,250m/data=!3m1!1e3"
44958,SULAWESI TENGGARA,KAB. KONAWE UTARA,Lasolo Kepulauan,-3.47234584,122.4379151,8895297135fffff,0.0,1.0,366.0,<500,5,KOPERASI DESA MERAH PUTIH LABENGKI,Labengki,Sedang Diverifikasi,KOPERASI,209.92555236816406,76.64408874511719,10.0,Tree cover,True,True,False,True,True,4,"https://www.google.com/maps/@-3.47234584,122.4379151,250m/data=!3m1!1e3"
81085,SULAWESI TENGGARA,KAB. KOLAKA,Wolo,-3.80959741,121.4154722,8895286b1bfffff,0.0,1.0,610.0,500-2k,5,KOPERASI DESA MERAH PUTIH LAPAO PAO,,,,868.7958374023438,75.00213623046875,10.0,Tree cover,True,True,False,True,True,4,"https://www.google.com/maps/@-3.80959741,121.4154722,250m/data=!3m1!1e3"
15093,SULAWESI TENGAH,KAB. PARIGI MOUTONG,Moutong,0.63869097,121.1195245,8868d53451fffff,0.0,1.0,33.0,<500,5,KOPERASI DESA MERAH PUTIH AEDAN RAYA,,,,729.4866333007812,80.15399169921875,10.0,Tree cover,True,True,False,True,True,4,"https://www.google.com/maps/@0.63869097,121.1195245,250m/data=!3m1!1e3"
68407,SULAWESI TENGAH,KAB. TOJO UNA UNA,Ampana Tete,-1.17029364,121.7986368,8868dec533fffff,0.0,1.0,30.0,<500,5,KOPERASI DESA MERAH PUTIH SABO DAN LONGGE,Sabo,Terverifikasi,KOPERASI,1185.034912109375,153.4959716796875,10.0,Tree cover,True,True,False,True,True,4,"https://www.google.com/maps/@-1.17029364,121.7986368,250m/data=!3m1!1e3"
11147,SULAWESI TENGAH,KAB. TOJO UNA UNA,Tojo,-1.29054799,121.3431457,8868d33287fffff,0.0,1.0,52.0,<500,5,KOPERASI DESA MERAH PUTIH PANCUMA,Pancuma,Terverifikasi,KOPERASI,947.5588989257812,152.32806396484375,10.0,Tree cover,True,True,False,True,True,4,"https://www.google.com/maps/@-1.29054799,121.3431457,250m/data=!3m1!1e3"
63856,SULAWESI TENGAH,KAB. POSO,Lore Selatan,-1.86695362,120.3876096,88952c9235fffff,0.0,1.0,56.0,<500,5,KOPERASI DESA MERAH PUTIH PADA,Pada,Terverifikasi,KOPERASI,1849.0989990234375,61.7110595703125,10.0,Tree cover,True,True,False,True,True,4,"https://www.google.com/maps/@-1.86695362,120.3876096,250m/data=!3m1!1e3"
82329,SULAWESI TENGAH,KAB. MOROWALI UTARA,Mamosalato,-1.42741786,121.5613491,8868d32401fffff,0.0,1.0,309.0,<500,5,KOPERASI DESA MERAH PUTIH MENYOE,Menyo'e,Sedang Diverifikasi,KOPERASI,1234.8309326171875,93.110107421875,10.0,Tree cover,True,True,False,True,True,4,"https://www.google.com/maps/@-1.42741786,121.5613491,250m/data=!3m1!1e3"
77685,SULAWESI TENGAH,KAB. MOROWALI,Bumi Raya,-2.48705491,121.7067687,88952d7359fffff,0.0,1.0,10.0,<500,5,KOPERASI DESA MERAH PUTIH HARAPAN JAYA KECAMATAN BUMI RAYA,Harapan Jaya,Terverifikasi,KOPERASI,387.2215881347656,99.65554809570312,10.0,Tree cover,True,True,False,True,True,4,"https://www.google.com/maps/@-2.48705491,121.7067687,250m/data=!3m1!1e3"
6503,SULAWESI TENGAH,KAB. TOLI-TOLI,Baolan,0.99383773,120.9738049,8868d5b431fffff,0.0,1.0,152.0,<500,5,KOPERASI DESA MERAH PUTIH DADAKITAN,Dadakitan,Sedang Diverifikasi,KEMENTERIAN KESEHATAN,1023.064697265625,101.484130859375,10.0,Tree cover,True,True,False,True,True,4,"https://www.google.com/maps/@0.99383773,120.9738049,250m/data=!3m1!1e3"
61473,SULAWESI TENGAH,KAB. TOLI-TOLI,Galang,1.08926307,120.9748337,8868c67927fffff,0.0,1.0,121.0,<500,5,KOPERASI DESA MERAH PUTIH KINOPASAN,Kinopasan,Tidak Ada Lahan,,1203.5478515625,127.5665283203125,10.0,Tree cover,True,True,False,True,True,4,"https://www.google.com/maps/@1.08926307,120.9748337,250m/data=!3m1!1e3"
77376,JAMBI,KAB. MERANGIN,Tabir Barat,-1.86102115,101.8200131,888cd42ab5fffff,0.0,1.0,39.0,<500,5,KOPERASI DESA MERAH PUTIH BATANG KIBUL,,,,836.5538940429688,86.2215576171875,10.0,Tree cover,True,True,False,True,True,4,"https://www.google.com/maps/@-1.86102115,101.8200131,250m/data=!3m1!1e3"
86267,JAMBI,KAB. KERINCI,Keliling Danau,-2.23216774,101.3759124,888cd5cc91fffff,0.0,1.0,997.0,500-2k,5,KOPERASI DESA MERAH PUTIH JEMBATAN MERAH PULAU TENGAH,Jembatan Merah Pulau Tengah,Tidak Ada Lahan,,850.8466186523438,105.2147216796875,10.0,Tree cover,True,True,False,True,True,4,"https://www.google.com/maps/@-2.23216774,101.3759124,250m/data=!3m1!1e3"
82375,JAMBI,KAB. KERINCI,Danau Kerinci,-1.99602257,101.5788287,888cd55a5dfffff,0.0,1.0,7.0,<500,5,KOPERASI DESA MERAH PUTIH TEBING TINGGI KECAMATAN DANAU KERINCI,Tebing Tinggi,Tidak Ada Lahan,,1356.6988525390625,91.1357421875,10.0,Tree cover,True,True,False,True,True,4,"https://www.google.com/maps/@-1.99602257,101.5788287,250m/data=!3m1!1e3"
59844,JAMBI,KAB. KERINCI,Batang Merangin,-2.07590227,101.695108,888cd42605fffff,0.0,1.0,500.0,<500,5,KOPERASI DESA MERAH PUTIH TAMIAI,Tamiai,Sedang Diverifikasi,Agrinas,1068.7630615234375,132.69476318359375,10.0,Tree cover,True,True,False,True,True,4,"https://www.google.com/maps/@-2.07590227,101.695108,250m/data=!3m1!1e3"
81142,MALUKU UTARA,KAB. HALMAHERA TIMUR,Maba,0.9296105,128.1714911,887390a9cbfffff,0.0,1.0,55.0,<500,5,KOPERASI DESA MERAH PUTIH BULI KARYA,,,,788.4153442382812,80.71026611328125,10.0,Tree cover,True,True,False,True,True,4,"https://www.google.com/maps/@0.9296105,128.1714911,250m/data=!3m1!1e3"
87293,MALUKU UTARA,KAB. HALMAHERA TIMUR,Maba,0.93854864,128.1771967,887390a837fffff,0.0,1.0,34.0,<500,5,KOPERASI DESA MERAH PUTIH TELUK BULI,,,,661.0244750976562,117.71832275390625,10.0,Tree cover,True,True,False,True,True,4,"https://www.google.com/maps/@0.93854864,128.1771967,250m/data=!3m1!1e3"
88034,MALUKU UTARA,KAB. HALMAHERA TIMUR,Maba,0.95131432,128.20582685,887390a88dfffff,0.0,1.0,53.0,<500,5,KOPERASI DESA MERAH PUTIH BULI KECAMATAN MABA,,,,895.2302856445312,158.048583984375,10.0,Tree cover,True,True,False,True,True,4,"https://www.google.com/maps/@0.95131432,128.20582685,250m/data=!3m1!1e3"
88112,MALUKU UTARA,KAB. HALMAHERA TIMUR,Maba,0.93897782,128.18933192,887390a8e5fffff,0.0,1.0,36.0,<500,5,KOPERASI DESA MERAH PUTIH SAILAL,,,,766.40380859375,119.11627197265625,10.0,Tree cover,True,True,False,True,True,4,"https://www.google.com/maps/@0.93897782,128.18933192,250m/data=!3m1!1e3"
20732,MALUKU UTARA,KAB. PULAU MOROTAI,Morotai Selatan,2.17496094,128.4172087,887395b861fffff,0.0,1.0,193.0,<500,5,KOPERASI DESA MERAH PUTIH DAEO,,,,413.4156799316406,81.40744018554688,10.0,Tree cover,True,True,False,True,True,4,"https://www.google.com/maps/@2.17496094,128.4172087,250m/data=!3m1!1e3"
13831,MALUKU UTARA,KAB. PULAU MOROTAI,Morotai Selatan Barat,2.24964568,128.4104881,887395ba47fffff,0.0,1.0,29.0,<500,5,KOPERASI DESA MERAH PUTIH TILEY,Tiley,Terverifikasi,Agrinas,392.39166259765625,60.158966064453125,10.0,Tree cover,True,True,False,True,True,4,"https://www.google.com/maps/@2.24964568,128.4104881,250m/data=!3m1!1e3"
21345,MALUKU UTARA,KAB. PULAU MOROTAI,Morotai Selatan Barat,2.25242768,128.35637,8873958581fffff,0.0,1.0,464.0,<500,5,KOPERASI DESA MERAH PUTIH RAJA KECAMATAN MOROTAI SELATAN BARAT,,,,497.0847473144531,69.10971069335938,10.0,Tree cover,True,True,False,True,True,4,"https://www.google.com/maps/@2.25242768,128.35637,250m/data=!3m1!1e3"
86824,PAPUA BARAT DAYA,KAB. MAYBRAT,Aifat Utara,-1.02752123,132.5825329,8872b5b229fffff,0.0,1.0,35.0,<500,5,KOPERASI DESA MERAH PUTIH KAMPUNG RAHA,Raha,Sedang Diverifikasi,KOPERASI,454.8330078125,79.07809448242188,10.0,Tree cover,True,True,False,True,True,4,"https://www.google.com/maps/@-1.02752123,132.5825329,250m/data=!3m1!1e3"
88865,PAPUA BARAT DAYA,KAB. MAYBRAT,Aifat Timur Jauh,-1.42379311,132.82903225,8872b53299fffff,0.0,1.0,173.0,<500,5,KOPERASI DESA MERAH PUTIH KAMPUNG MESYAM,,,,286.2183532714844,81.844970703125,10.0,Tree cover,True,True,False,True,True,4,"https://www.google.com/maps/@-1.42379311,132.82903225,250m/data=!3m1!1e3"
54311,PAPUA BARAT DAYA,KAB. RAJA AMPAT,Teluk Mayalibit,-0.27593441,131.0071724,8873986b53fffff,0.0,1.0,422.0,<500,5,KOPERASI DESA MERAH PUTIH MUMES,,,,545.1781005859375,78.72567749023438,10.0,Tree cover,True,True,False,True,True,4,"https://www.google.com/maps/@-0.27593441,131.0071724,250m/data=!3m1!1e3"
86135,PAPUA BARAT DAYA,KAB. RAJA AMPAT,Waigeo Barat Kepulauan,-0.29941019,130.2202874,88739a9321fffff,0.0,1.0,411.0,<500,5,KOPERASI DESA MERAH PUTIH MANYAIFUN,Manyaifun,Tidak Ada Lahan,,135.09609985351562,78.37606048583984,10.0,Tree cover,True,True,False,True,True,4,"https://www.google.com/maps/@-0.29941019,130.2202874,250m/data=!3m1!1e3"
82206,PAPUA BARAT DAYA,KAB. TAMBRAUW,Kwesefo,-0.62014809,132.7033694,8872a60b2dfffff,0.0,1.0,36.0,<500,5,KOPERASI DESA MERAH PUTIH DOMBRON,,,,985.0736694335938,96.898193359375,10.0,Tree cover,True,True,False,True,True,4,"https://www.google.com/maps/@-0.62014809,132.7033694,250m/data=!3m1!1e3"
86429,PAPUA BARAT DAYA,KAB. TAMBRAUW,Bikar,-0.5761356,132.2248977,88739b34e1fffff,0.0,1.0,243.0,<500,5,KOPERASI DESA MERAH PUTIH WERTIM,Wertim,Terverifikasi,Agrinas,707.7247924804688,108.1202392578125,10.0,Tree cover,True,True,False,True,True,4,"https://www.google.com/maps/@-0.5761356,132.2248977,250m/data=!3m1!1e3"
87277,PAPUA BARAT DAYA,KAB. TAMBRAUW,Miyah Selatan,-1.06834546,132.6269282,8872b5b01dfffff,0.0,1.0,31.0,<500,5,KOPERASI DESA MERAH PUTIH SAHAE,,,,769.2813110351562,122.77435302734375,10.0,Tree cover,True,True,False,True,True,4,"https://www.google.com/maps/@-1.06834546,132.6269282,250m/data=!3m1!1e3"
87894,PAPUA BARAT DAYA,KAB. TAMBRAUW,Senopi,-0.72961324,132.76135867,8872a646abfffff,0.0,1.0,26.0,<500,5,KOPERASI DESA MERAH PUTIH SURUREM,Srurem,Sedang Diverifikasi,BUSINESS ASSISTANCE,1484.5723876953125,116.9417724609375,10.0,Tree cover,True,True,False,True,True,4,"https://www.google.com/maps/@-0.72961324,132.76135867,250m/data=!3m1!1e3"
89084,PAPUA BARAT DAYA,KAB. TAMBRAUW,Miyah,-0.93033924,132.73855428,8872a64c83fffff,0.0,1.0,786.0,500-2k,5,KOPERASI DESA MERAH PUTIH AYAE,,,,826.1070556640625,94.3341064453125,10.0,Tree cover,True,True,False,True,True,4,"https://www.google.com/maps/@-0.93033924,132.73855428,250m/data=!3m1!1e3"
89299,PAPUA BARAT DAYA,KAB. TAMBRAUW,Miyah,-0.91136635,132.79275285,8872a67b37fffff,0.0,1.0,722.0,500-2k,5,KOPERASI DESA MERAH PUTIH AYAWIT,,,,1147.4107666015625,87.1666259765625,10.0,Tree cover,True,True,False,True,True,4,"https://www.google.com/maps/@-0.91136635,132.79275285,250m/data=!3m1!1e3"
88705,PAPUA BARAT DAYA,KAB. TAMBRAUW,Fef,-0.77463253,132.53587331,8872a64313fffff,0.0,1.0,372.0,<500,5,KOPERASI DESA MERAH PUTIH SIKOR,,,,994.5592041015625,97.61279296875,10.0,Tree cover,True,True,False,True,True,4,"https://www.google.com/maps/@-0.77463253,132.53587331,250m/data=!3m1!1e3"
88228,PAPUA BARAT DAYA,KAB. TAMBRAUW,Wilhem Roumbouts,-0.81739289,132.65677261,8872a6456dfffff,0.0,1.0,190.0,<500,5,KOPERASI DESA MERAH PUTIH SAYAM,,,,991.6439208984375,65.850830078125,10.0,Tree cover,True,True,False,True,True,4,"https://www.google.com/maps/@-0.81739289,132.65677261,250m/data=!3m1!1e3"
90199,PAPUA BARAT DAYA,KAB. TAMBRAUW,Yembun,-0.79146275,132.26470073,88739b2e8dfffff,0.0,1.0,474.0,<500,5,KOPERASI DESA MERAH PUTIH SINAR SALEM JAYA,,,,541.267578125,104.1651611328125,10.0,Tree cover,True,True,False,True,True,4,"https://www.google.com/maps/@-0.79146275,132.26470073,250m/data=!3m1!1e3"
90790,PAPUA BARAT DAYA,KAB. TAMBRAUW,Manekar,-1.03386634,133.08169635,8872a66d1dfffff,0.0,1.0,70.0,<500,5,KOPERASI DESA MERAH PUTIH KAMPUNG WAUMI,Waumi,Sedang Diverifikasi,BUSINESS ASSISTANCE,1218.694580078125,101.388427734375,10.0,Tree cover,True,True,False,True,True,4,"https://www.google.com/maps/@-1.03386634,133.08169635,250m/data=!3m1!1e3"
90537,PAPUA BARAT DAYA,KAB. TAMBRAUW,Amberbaken,-0.68514763,132.94673166,8872a6729dfffff,0.0,1.0,15.0,<500,5,KOPERASI DESA MERAH PUTIH MANGGAPNUT,,,,1697.258544921875,76.372314453125,10.0,Tree cover,True,True,False,True,True,4,"https://www.google.com/maps/@-0.68514763,132.94673166,250m/data=!3m1!1e3"
89840,PAPUA BARAT DAYA,KAB. TAMBRAUW,Kebar Selatan,-0.96843724,133.31090748,8872a298c5fffff,0.0,1.0,36.0,<500,5,KOPERASI DESA MERAH PUTIH BOMERI,Aniti,Sedang Diverifikasi,BUSINESS ASSISTANCE,1291.95703125,67.9285888671875,10.0,Tree cover,True,True,False,True,True,4,"https://www.google.com/maps/@-0.96843724,133.31090748,250m/data=!3m1!1e3"
90433,PAPUA BARAT DAYA,KAB. TAMBRAUW,Kebar Selatan,-1.24596371,133.08799706,8872a2c35dfffff,0.0,1.0,44.0,<500,5,KOPERASI DESA MERAH PUTIH WAMITI,,,,933.6655883789062,70.86163330078125,10.0,Tree cover,True,True,False,True,True,4,"https://www.google.com/maps/@-1.24596371,133.08799706,250m/data=!3m1!1e3"
60517,PAPUA TENGAH,KAB. NABIRE,Teluk Umar,-2.97404665,134.8140188,8872808925fffff,0.0,1.0,618.0,500-2k,5,KOPERASI DESA MERAH PUTIH KAMPUNG NAPAN YAUR,,,,692.7930297851562,160.73443603515625,10.0,Tree cover,True,True,False,True,True,4,"https://www.google.com/maps/@-2.97404665,134.8140188,250m/data=!3m1!1e3"
90700,PAPUA TENGAH,KAB. INTAN JAYA,Biandoga,-3.15991947,136.40509518,8872817645fffff,0.0,1.0,42.0,<500,5,KOPERASI DESA MERAH PUTIH KAMPUNG MBIANDOGA,,,,950.6714477539062,154.079833984375,10.0,Tree cover,True,True,False,True,True,4,"https://www.google.com/maps/@-3.15991947,136.40509518,250m/data=!3m1!1e3"
72516,PAPUA,KAB. WAROPEN,Masirei,-2.61957899,136.99261564,88728cd531fffff,0.0,1.0,49.0,<500,5,KOPERASI DESA MERAH PUTIH SIRAMI KECAMATAN MASIREI,,,,584.052490234375,130.1439208984375,10.0,Tree cover,True,True,False,True,True,4,"https://www.google.com/maps/@-2.61957899,136.99261564,250m/data=!3m1!1e3"
90282,PAPUA,KAB. WAROPEN,Masirei,-2.52140957,136.96396779,88728cd751fffff,0.0,1.0,82.0,<500,5,KOPERASI DESA MERAH PUTIH KALI BARU KECAMATAN MASIREI,Kali Baru,Sedang Diverifikasi,BUSINESS ASSISTANCE,606.5441284179688,118.9237060546875,10.0,Tree cover,True,True,False,True,True,4,"https://www.google.com/maps/@-2.52140957,136.96396779,250m/data=!3m1!1e3"
89611,PAPUA,KAB. WAROPEN,Wonti,-2.69956018,136.82766456,88728cda85fffff,0.0,1.0,14.0,<500,5,KOPERASI DESA MERAH PUTIH FIMORE,,,,709.2902221679688,66.80499267578125,10.0,Tree cover,True,True,False,True,True,4,"https://www.google.com/maps/@-2.69956018,136.82766456,250m/data=!3m1!1e3"
89261,PAPUA,KAB. SARMI,Tor Atas,-2.40993286,138.8329146,88728da8c3fffff,0.0,1.0,28.0,<500,5,KOPERASI DESA MERAH PUTIH WAAF,,,,348.1976013183594,91.41403198242188,10.0,Tree cover,True,True,False,True,True,4,"https://www.google.com/maps/@-2.40993286,138.8329146,250m/data=!3m1!1e3"
89049,PAPUA,KAB. MAMBERAMO RAYA,Mamberamo Tengah Timur,-2.67351329,137.82663233,88728c375dfffff,0.0,1.0,276.0,<500,5,KOPERASI DESA MERAH PUTIH NOYADI,,,,350.4653625488281,74.122802734375,10.0,Tree cover,True,True,False,True,True,4,"https://www.google.com/maps/@-2.67351329,137.82663233,250m/data=!3m1!1e3"
85482,PAPUA BARAT,KAB. TELUK BINTUNI,Manimeri,-1.99012125,133.9712138,887284d6e5fffff,0.0,1.0,349.0,<500,5,KOPERASI DESA MERAH PUTIH PASAMAI MANIMERI,Pasamai,Sedang Diverifikasi,Agrinas,422.2843933105469,73.60848999023438,10.0,Tree cover,True,True,False,True,True,4,"https://www.google.com/maps/@-1.99012125,133.9712138,250m/data=!3m1!1e3"
84808,PAPUA BARAT,KAB. TELUK BINTUNI,Kuri,-2.56509047,133.9662566,887284434dfffff,0.0,1.0,69.0,<500,5,KOPERASI DESA MERAH PUTIH NARAMASA,Naramasa,Tidak Ada Lahan,,202.14822387695312,72.06573486328125,10.0,Tree cover,True,True,False,True,True,4,"https://www.google.com/maps/@-2.56509047,133.9662566,250m/data=!3m1!1e3"
49347,PAPUA BARAT,KAB. MANOKWARI,Warmare,-1.09228789,133.9681728,8872a2ae39fffff,0.0,1.0,903.0,500-2k,5,KOPERASI DESA MERAH PUTIH FIGOUD,,,,1826.980224609375,197.2572021484375,10.0,Tree cover,True,True,False,True,True,4,"https://www.google.com/maps/@-1.09228789,133.9681728,250m/data=!3m1!1e3"
89244,PAPUA BARAT,KAB. TELUK WONDAMA,Wasior,-2.65582557,134.61823598,8872846733fffff,0.0,1.0,87.0,<500,5,KOPERASI DESA MERAH PUTIH MAIMARI,,,,1064.4276123046875,99.559814453125,10.0,Tree cover,True,True,False,True,True,4,"https://www.google.com/maps/@-2.65582557,134.61823598,250m/data=!3m1!1e3"
90944,PAPUA BARAT,KAB. TELUK WONDAMA,Wasior,-2.72269267,134.61966605,8872846ec9fffff,0.0,1.0,108.0,<500,5,KOPERASI DESA MERAH PUTIH KELURAHAN WASIOR,Wasior I,Sedang Diverifikasi,Agrinas,543.7050170898438,82.26626586914062,10.0,Tree cover,True,True,False,True,True,4,"https://www.google.com/maps/@-2.72269267,134.61966605,250m/data=!3m1!1e3"
91038,PAPUA BARAT,KAB. TELUK WONDAMA,Soug Jaya,-1.97234359,134.09595477,8872848a27fffff,0.0,1.0,478.0,<500,5,KOPERASI DESA MERAH PUTIH KAMPUNG KAPRUS,,,,180.8150634765625,135.9091796875,10.0,Tree cover,True,True,False,True,True,4,"https://www.google.com/maps/@-1.97234359,134.09595477,250m/data=!3m1!1e3"
87322,PAPUA BARAT,KAB. FAK FAK,Fakfak Timur Tengah,-3.03793302,132.56832644,8872b39191fffff,0.0,1.0,626.0,500-2k,5,KOPERASI DESA MERAH PUTIH WASERAT,,,,1023.79345703125,94.93798828125,10.0,Tree cover,True,True,False,True,True,4,"https://www.google.com/maps/@-3.03793302,132.56832644,250m/data=!3m1!1e3"
90932,PAPUA BARAT,KAB. KAIMANA,Kaimana,-3.69628318,133.96397522,8872867ad9fffff,0.0,1.0,474.0,<500,5,KOPERASI DESA MERAH PUTIH MAI MAI,,,,548.9819946289062,62.4052734375,10.0,Tree cover,True,True,False,True,True,4,"https://www.google.com/maps/@-3.69628318,133.96397522,250m/data=!3m1!1e3"
52539,BENGKULU,KAB. MUKOMUKO,Selagan Raya,-2.4573037,101.4599562,888cd5c641fffff,0.0,2.0,77.0,<500,5,KOPERASI DESA MERAH PUTIH PONDOK BARU KECAMATAN SELAGAN RAYA,Pondok Baru,Sedang Diverifikasi,Agrinas,378.54095458984375,100.81814575195312,10.0,Tree cover,True,True,False,True,True,4,"https://www.google.com/maps/@-2.4573037,101.4599562,250m/data=!3m1!1e3"
12674,BENGKULU,KAB. BENGKULU SELATAN,Air Nipis,-4.25733885,103.1908246,888cf46535fffff,0.0,2.0,273.0,<500,5,KOPERASI DESA MERAH PUTIH SUKA RAMI KECAMATAN AIR NIPIS,Sukarami,Terverifikasi,Agrinas,1756.18115234375,206.1160888671875,10.0,Tree cover,True,True,False,True,True,4,"https://www.google.com/maps/@-4.25733885,103.1908246,250m/data=!3m1!1e3"
21802,BENGKULU,KAB. LEBONG,Pinang Belapis,-2.80600707,102.02391213,888cf3440bfffff,0.0,2.0,590.0,500-2k,5,KOPERASI DESA MERAH PUTIH SEBELAT ULU DAN SUNGAI LISAI,Sungai Lisai,Sedang Diverifikasi,KOPERASI,1351.18115234375,93.56640625,10.0,Tree cover,True,True,False,True,True,4,"https://www.google.com/maps/@-2.80600707,102.02391213,250m/data=!3m1!1e3"
22557,KALIMANTAN BARAT,KAB. KETAPANG,Hulu Sungai,-1.36961463,110.9091679,888cb62d01fffff,0.0,2.0,197.0,<500,5,KOPERASI DESA MERAH PUTIH BATU LAPIS KECAMATAN HULU SUNGAI,Batu Lapis,Ditolak,Agrinas,200.65684509277344,63.571990966796875,10.0,Tree cover,True,True,False,True,True,4,"https://www.google.com/maps/@-1.36961463,110.9091679,250m/data=!3m1!1e3"
83846,KALIMANTAN BARAT,KAB. SINTANG,Ketungau Hulu,1.0183369,111.0057899,8868b44363fffff,0.0,2.0,82.0,<500,5,KOPERASI DESA MERAH PUTIH JASA KECAMATAN KETUNGAU HULU,Jasa,Sedang Diverifikasi,KOPERASI,472.9372253417969,65.4422607421875,10.0,Tree cover,True,True,False,True,True,4,"https://www.google.com/maps/@1.0183369,111.0057899,250m/data=!3m1!1e3"
3717,GORONTALO,KAB. BOALEMO,Mananggu,0.74166662,122.126118,8868c23567fffff,0.0,2.0,46.0,<500,5,KOPERASI DESA MERAH PUTIH BUTI,Buti,Terverifikasi,KOPERASI,358.7775573730469,72.5926513671875,10.0,Tree cover,True,True,False,True,True,4,"https://www.google.com/maps/@0.74166662,122.126118,250m/data=!3m1!1e3"
1569,GORONTALO,KAB. POHUWATO,Buntulia,0.71599808,121.9920032,8868c23107fffff,0.0,2.0,33.0,<500,5,KOPERASI DESA MERAH PUTIH HULAWA,,,,694.3926391601562,73.33355712890625,10.0,Tree cover,True,True,False,True,True,4,"https://www.google.com/maps/@0.71599808,121.9920032,250m/data=!3m1!1e3"
66139,GORONTALO,KAB. POHUWATO,Wanggarasi,0.73339134,121.718971,8868c20009fffff,0.0,2.0,560.0,500-2k,5,KOPERASI DESA MERAH PUTIH TUWEYA,Tuweya,Sedang Diverifikasi,BUSINESS ASSISTANCE,584.3903198242188,66.3521728515625,10.0,Tree cover,True,True,False,True,True,4,"https://www.google.com/maps/@0.73339134,121.718971,250m/data=!3m1!1e3"
81219,SULAWESI UTARA,KAB. BOLAANG MONGONDOW,Dumoga Utara,0.61581219,123.8362923,8868ce7905fffff,0.0,2.0,735.0,500-2k,5,KOPERASI DESA MERAH PUTIH TUMOKANG TIMUR,,,,910.9273681640625,61.00006103515625,10.0,Tree cover,True,True,False,True,True,4,"https://www.google.com/maps/@0.61581219,123.8362923,250m/data=!3m1!1e3"
58186,SULAWESI UTARA,KAB. BOLAANG MONGONDOW,Sang Tombolang,0.70916219,123.8101033,8868ce45b5fffff,0.0,2.0,47.0,<500,5,KOPERASI DESA MERAH PUTIH MAELANG,Maelang,Terverifikasi,Agrinas,748.329833984375,114.086181640625,10.0,Tree cover,True,True,False,True,True,4,"https://www.google.com/maps/@0.70916219,123.8101033,250m/data=!3m1!1e3"
28355,SUMATERA UTARA,KAB. LANGKAT,Bahorok,3.51778582,97.97472884,8865099191fffff,0.0,2.0,70.0,<500,5,KOPERASI DESA MERAH PUTIH TIMBANG JAYA KECAMATAN BAHOROK,Timbang Jaya,Terverifikasi,Agrinas,988.4277954101562,142.229736328125,10.0,Tree cover,True,True,False,True,True,4,"https://www.google.com/maps/@3.51778582,97.97472884,250m/data=!3m1!1e3"
43453,SUMATERA UTARA,KAB. PAKPAK BHARAT,Salak,2.41628633,98.26797249,88657645bbfffff,0.0,2.0,217.0,<500,5,KOPERASI DESA MERAH PUTIH DESA SIBONGKARAS,,,,522.0393676757812,108.90292358398438,10.0,Tree cover,True,True,False,True,True,4,"https://www.google.com/maps/@2.41628633,98.26797249,250m/data=!3m1!1e3"
1987,SUMATERA SELATAN,KAB. MUSI RAWAS,STL Ulu Terawas,-3.05920536,102.6468594,888cf2accdfffff,0.0,2.0,246.0,<500,5,KOPERASI DESA MERAH PUTIH SUKARAYA BARU,Sukaraya Baru,Terverifikasi,KOPERASI,321.4393615722656,145.066162109375,10.0,Tree cover,True,True,False,True,True,4,"https://www.google.com/maps/@-3.05920536,102.6468594,250m/data=!3m1!1e3"
12522,KALIMANTAN TIMUR,KAB. KUTAI KARTANEGARA,Tabang,0.71033898,116.029002,88688106ebfffff,0.0,2.0,27.0,<500,5,KOPERASI DESA MERAH PUTIH SIDOMULYO TABANG,,,,599.0846557617188,72.068603515625,10.0,Tree cover,True,True,False,True,True,4,"https://www.google.com/maps/@0.71033898,116.029002,250m/data=!3m1!1e3"
51034,SULAWESI SELATAN,KAB. LUWU UTARA,Rongkong,-2.66633094,119.8765995,8895213aa5fffff,0.0,2.0,338.0,<500,5,KOPERASI DESA MERAH PUTIH MARAMPA,,,,2218.459228515625,83.97314453125,10.0,Tree cover,True,True,False,True,True,4,"https://www.google.com/maps/@-2.66633094,119.8765995,250m/data=!3m1!1e3"
76272,SUMATERA BARAT,KAB. PESISIR SELATAN,Linggo Sari Baganti,-1.76315285,100.9809519,888cd5683bfffff,0.0,2.0,68.0,<500,5,KOPERASI DESA MERAH PUTIH NAGARI PADANG XI PUNGGASAN PESISIR SELATAN,Padang XI Punggasan,Tidak Ada Lahan,,879.3453979492188,111.62860107421875,10.0,Tree cover,True,True,False,True,True,4,"https://www.google.com/maps/@-1.76315285,100.9809519,250m/data=!3m1!1e3"
37750,SUMATERA BARAT,KAB. SOLOK SELATAN,Sangir Jujuan,-1.36984582,101.2612803,888cd0a917fffff,0.0,2.0,655.0,500-2k,5,KOPERASI DESA MERAH PUTIH NAGARI PADANG LIMAU SUNDAI SOLOK SELATAN,Padang Limau Sundai,Sedang Diverifikasi,KOPERASI,562.45751953125,73.9930419921875,10.0,Tree cover,True,True,False,True,True,4,"https://www.google.com/maps/@-1.36984582,101.2612803,250m/data=!3m1!1e3"
46677,NUSA TENGGARA TIMUR,KAB. MANGGARAI BARAT,Komodo,-8.73988275,119.6537388,88951e7881fffff,0.0,2.0,48.0,<500,5,KOPERASI DESA MERAH PUTIH PASIR PANJANG,Pasir Panjang,Tidak Ada Lahan,,235.0397186279297,190.11061096191406,10.0,Tree cover,True,True,False,True,True,4,"https://www.google.com/maps/@-8.73988275,119.6537388,250m/data=!3m1!1e3"
18959,KALIMANTAN TENGAH,KAB. MURUNG RAYA,Seribu Riam,0.14446664,113.6097486,886886c4c7fffff,0.0,2.0,5.0,<500,5,KOPERASI DESA MERAH PUTIH TUMBANG TOHAN,Tumbang Tohan,Sedang Diverifikasi,KEMENTERIAN KESEHATAN,547.2603149414062,91.28152465820312,10.0,Tree cover,True,True,False,True,True,4,"https://www.google.com/maps/@0.14446664,113.6097486,250m/data=!3m1!1e3"
51023,KALIMANTAN TENGAH,KAB. KATINGAN,Petak Malai,-1.08749863,112.9946308,886895cb19fffff,0.0,2.0,697.0,500-2k,5,KOPERASI DESA MERAH PUTIH TUMBANG BARAOI,Tumbang Baraoi,Sedang Diverifikasi,KOPERASI,120.75643157958984,65.05107116699219,10.0,Tree cover,True,True,False,True,True,4,"https://www.google.com/maps/@-1.08749863,112.9946308,250m/data=!3m1!1e3"
81593,KALIMANTAN TENGAH,KAB. SERUYAN,Seruyan Hulu,-1.39855465,111.8392898,888cb6c9cdfffff,0.0,2.0,709.0,500-2k,5,KOPERASI DESA MERAH PUTIH MARANDANG,,,,744.5880126953125,101.49810791015625,10.0,Tree cover,True,True,False,True,True,4,"https://www.google.com/maps/@-1.39855465,111.8392898,250m/data=!3m1!1e3"
5818,ACEH,KAB. BENER MERIAH,Syiah Utama,4.6125685,97.27648339,886556d41dfffff,0.0,2.0,824.0,500-2k,5,KOPERASI DESA MERAH PUTIH SYARIAH TEMPEN BARU,,,,835.6553344726562,72.12652587890625,10.0,Tree cover,True,True,False,True,True,4,"https://www.google.com/maps/@4.6125685,97.27648339,250m/data=!3m1!1e3"
54927,ACEH,KAB. ACEH TENGGARA,Leuser,3.20236378,97.70794095,8865724357fffff,0.0,2.0,6.0,<500,5,KOPERASI DESA MERAH PUTIH SYARIAH PERMATA MUSARA KECAMATAN LEUSER,Permata Musara,Tidak Ada Lahan,,1069.234130859375,130.43499755859375,10.0,Tree cover,True,True,False,True,True,4,"https://www.google.com/maps/@3.20236378,97.70794095,250m/data=!3m1!1e3"
43370,ACEH,KAB. ACEH TENGGARA,Tanoh Alas,3.33416871,97.56439119,8865724c69fffff,0.0,2.0,3.0,<500,5,KOPERASI DESA MERAH PUTIH SYARIAH SALIM PINIM II KECAMATAN TANOH ALAS,Salim Pinim II,Tidak Ada Lahan,,1513.4365234375,136.782958984375,10.0,Tree cover,True,True,False,True,True,4,"https://www.google.com/maps/@3.33416871,97.56439119,250m/data=!3m1!1e3"
56149,ACEH,KAB. ACEH SELATAN,Meukek,3.57538392,97.19011636,886554d147fffff,0.0,2.0,22.0,<500,5,KOPERASI DESA MERAH PUTIH SYARIAH GAMPONG JAMBO PAPEUN KECAMATAN MEUKEK,,,,1781.137939453125,140.4468994140625,10.0,Tree cover,True,True,False,True,True,4,"https://www.google.com/maps/@3.57538392,97.19011636,250m/data=!3m1!1e3"
59095,ACEH,KAB. ACEH SELATAN,Kluet Tengah,3.33742564,97.40376852,886572790bfffff,0.0,2.0,35.0,<500,5,KOPERASI DESA MERAH PUTIH SYARIAH GAMPONG KOTO KECAMATAN KLUET TENGAH,Koto,Sedang Diverifikasi,KOPERASI,476.68658447265625,105.70303344726562,10.0,Tree cover,True,True,False,True,True,4,"https://www.google.com/maps/@3.33742564,97.40376852,250m/data=!3m1!1e3"
59336,ACEH,KAB. ACEH SELATAN,Kluet Tengah,3.41577285,97.29416506,8865726b3bfffff,0.0,2.0,490.0,<500,5,KOPERASI DESA MERAH PUTIH SYARIAH GAMPONG ALUR KEUJRUN KECAMATAN KLUET TENGAH,Alur Keujrun,Tidak Ada Lahan,,1320.521484375,122.939453125,10.0,Tree cover,True,True,False,True,True,4,"https://www.google.com/maps/@3.41577285,97.29416506,250m/data=!3m1!1e3"
73189,ACEH,KAB. PIDIE,Geumpang,4.8871998,96.39187146,8865562199fffff,0.0,2.0,65.0,<500,5,KOPERASI DESA MERAH PUTIH SYARIAH GAMPONG PUCOK KECAMATAN GEUMPANG,Pucok,Perlu Verifikasi Lanjutan,Agrinas,1717.0028076171875,170.92431640625,10.0,Tree cover,True,True,False,True,True,4,"https://www.google.com/maps/@4.8871998,96.39187146,250m/data=!3m1!1e3"
48735,ACEH,KAB. ACEH TENGAH,Linge,4.40523891,97.29216972,8865569a61fffff,0.0,2.0,963.0,500-2k,5,KOPERASI DESA MERAH PUTIH SYARIAH DELUNG SEKINEL KECAMATAN LINGE,Delung Sekinel,Sedang Diverifikasi,KOPERASI,1487.53271484375,84.3179931640625,10.0,Tree cover,True,True,False,True,True,4,"https://www.google.com/maps/@4.40523891,97.29216972,250m/data=!3m1!1e3"
71411,ACEH,KAB. ACEH BARAT,Sungai Mas,4.64692985,96.04925002,886550cd89fffff,0.0,2.0,100.0,<500,5,KOPERASI DESA MERAH PUTIH TANOH MIRAH,Tanoh Mirah,Terverifikasi,Agrinas,340.5484924316406,75.92080688476562,10.0,Tree cover,True,True,False,True,True,4,"https://www.google.com/maps/@4.64692985,96.04925002,250m/data=!3m1!1e3"
85623,ACEH,KAB. ACEH JAYA,Panga,4.65026446,95.80738817,8865500849fffff,0.0,2.0,360.0,<500,5,KOPERASI DESA MERAH PUTIH SYARIAH DESA ALUE ABED,Alue Abed,Terverifikasi,Agrinas,189.05316162109375,99.70944213867188,10.0,Tree cover,True,True,False,True,True,4,"https://www.google.com/maps/@4.65026446,95.80738817,250m/data=!3m1!1e3"
34528,ACEH,KAB. ACEH JAYA,Jaya,5.11314687,95.57675965,88655069c3fffff,0.0,2.0,12.0,<500,5,KOPERASI DESA MERAH PUTIH SYARIAH LAM ASAN KECAMATAN JAYA,,,,375.22747802734375,110.50262451171875,10.0,Tree cover,True,True,False,True,True,4,"https://www.google.com/maps/@5.11314687,95.57675965,250m/data=!3m1!1e3"
86253,ACEH,KAB. ACEH JAYA,Sampoi Niet,4.97314557,95.60320308,8865506163fffff,0.0,2.0,32.0,<500,5,KOPERASI DESA MERAH PUTIH SYARIAH KRUENG AYON,Krueng Ayon,Tidak Ada Lahan,,1001.85791015625,123.29608154296875,10.0,Tree cover,True,True,False,True,True,4,"https://www.google.com/maps/@4.97314557,95.60320308,250m/data=!3m1!1e3"
16765,ACEH,KAB. ACEH TIMUR,Serbajadi,4.42125039,97.4176095,8865096e53fffff,0.0,2.0,296.0,<500,5,KOPERASI DESA MERAH PUTIH SYARIAH GAMPONG LOKOP,Lokop,Terverifikasi,Agrinas,526.3766479492188,98.6202392578125,10.0,Tree cover,True,True,False,True,True,4,"https://www.google.com/maps/@4.42125039,97.4176095,250m/data=!3m1!1e3"
81199,ACEH,KAB. ACEH TIMUR,Pante Bidari,4.71627169,97.38749173,886556c269fffff,0.0,2.0,617.0,500-2k,5,KOPERASI DESA MERAH PUTIH SYARIAH GAMPONG SAH RAJA,Sah Raja,Tidak Ada Lahan,,774.8548583984375,139.80877685546875,10.0,Tree cover,True,True,False,True,True,4,"https://www.google.com/maps/@4.71627169,97.38749173,250m/data=!3m1!1e3"
78027,KALIMANTAN UTARA,KAB. NUNUKAN,Lumbis Ogong,3.98987688,116.6436315,8868ad8869fffff,0.0,2.0,692.0,500-2k,5,KOPERASI DESA MERAH PUTIH UBOL SULOK,,,,263.1677551269531,65.10397338867188,10.0,Tree cover,True,True,False,True,True,4,"https://www.google.com/maps/@3.98987688,116.6436315,250m/data=!3m1!1e3"
78155,KALIMANTAN UTARA,KAB. NUNUKAN,Lumbis Ogong,4.24499098,116.472357,8868136637fffff,0.0,2.0,755.0,500-2k,5,KOPERASI DESA MERAH PUTIH SALAN,,,,319.14837646484375,92.8336181640625,10.0,Tree cover,True,True,False,True,True,4,"https://www.google.com/maps/@4.24499098,116.472357,250m/data=!3m1!1e3"
77697,KALIMANTAN UTARA,KAB. NUNUKAN,Lumbis Pansiangan,4.24954476,116.3676824,88681362d1fffff,0.0,2.0,824.0,500-2k,5,KOPERASI DESA MERAH PUTIH LAGAS,Lagas,Sedang Diverifikasi,PMO,514.1729736328125,122.58987426757812,10.0,Tree cover,True,True,False,True,True,4,"https://www.google.com/maps/@4.24954476,116.3676824,250m/data=!3m1!1e3"
85399,KALIMANTAN UTARA,KAB. NUNUKAN,Lumbis Hulu,4.16772611,116.0927763,8868134e99fffff,0.0,2.0,40.0,<500,5,KOPERASI DESA MERAH PUTIH DESA TETAGAS,Tetagas,Tidak Ada Lahan,,908.0243530273438,84.032958984375,10.0,Tree cover,True,True,False,True,True,4,"https://www.google.com/maps/@4.16772611,116.0927763,250m/data=!3m1!1e3"
81250,MALUKU,KAB. SERAM BAGIAN BARAT,Taniwel,-2.9726192,128.5975652,88956a8da7fffff,0.0,2.0,320.0,<500,5,KOPERASI DESA MERAH PUTIH LATURAKE,Laturake,Tidak Ada Lahan,,710.1463012695312,80.31396484375,10.0,Tree cover,True,True,False,True,True,4,"https://www.google.com/maps/@-2.9726192,128.5975652,250m/data=!3m1!1e3"
87657,MALUKU,KAB. SERAM BAGIAN BARAT,Taniwel,-2.97003112,128.35288469,88956ac659fffff,0.0,2.0,615.0,500-2k,5,KOPERASI DESA MERAH PUTIH NINIARI,Niniari,Sedang Diverifikasi,Agrinas,728.5249633789062,62.77490234375,10.0,Tree cover,True,True,False,True,True,4,"https://www.google.com/maps/@-2.97003112,128.35288469,250m/data=!3m1!1e3"
62051,MALUKU,KAB. SERAM BAGIAN BARAT,Taniwel Timur,-2.97438152,128.6825082,88956a1637fffff,0.0,2.0,48.0,<500,5,KOPERASI DESA MERAH PUTIH DESA SEAKASALE,Seakasale,Tidak Ada Lahan,,695.6206665039062,146.73822021484375,10.0,Tree cover,True,True,False,True,True,4,"https://www.google.com/maps/@-2.97438152,128.6825082,250m/data=!3m1!1e3"
70405,MALUKU,KAB. BURU SELATAN,Leksula,-3.56214698,126.3308052,8895440165fffff,0.0,2.0,44.0,<500,5,KOPERASI DESA MERAH PUTIH WAETUREN,Waeturen,Sedang Diverifikasi,KEMENTERIAN KESEHATAN,962.7528076171875,79.579833984375,10.0,Tree cover,True,True,False,True,True,4,"https://www.google.com/maps/@-3.56214698,126.3308052,250m/data=!3m1!1e3"
51265,MALUKU,KAB. MALUKU BARAT DAYA,Wetar Timur,-7.70849887,126.60189,88955e5b21fffff,0.0,2.0,634.0,500-2k,5,KOPERASI DESA MERAH PUTIH ILPOKIL,,,,1029.281494140625,101.857666015625,10.0,Tree cover,True,True,False,True,True,4,"https://www.google.com/maps/@-7.70849887,126.60189,250m/data=!3m1!1e3"
76206,MALUKU,KAB. BURU,Air Buaya,-3.26621449,126.4131447,8895448ca3fffff,0.0,2.0,59.0,<500,5,KOPERASI DESA MERAH PUTIH AIRBUAYA,Air Buaya,Terverifikasi,Agrinas,1027.46533203125,121.57794189453125,10.0,Tree cover,True,True,False,True,True,4,"https://www.google.com/maps/@-3.26621449,126.4131447,250m/data=!3m1!1e3"
45205,SULAWESI TENGGARA,KAB. KOLAKA UTARA,Wawo,-3.61493909,121.1833822,8895284093fffff,0.0,2.0,43.0,<500,5,KOPERASI DESA MERAH PUTIH PUMBOLO,Puumbolo,Tidak Ada Lahan,,1491.544921875,102.894775390625,10.0,Tree cover,True,True,False,True,True,4,"https://www.google.com/maps/@-3.61493909,121.1833822,250m/data=!3m1!1e3"
45839,SULAWESI TENGGARA,KAB. KOLAKA UTARA,Wawo,-3.61461029,121.1447129,889528408dfffff,0.0,2.0,209.0,<500,5,KOPERASI DESA MERAH PUTIH SALURENGKO,Salurengko,Tidak Ada Lahan,,1297.745361328125,122.2730712890625,10.0,Tree cover,True,True,False,True,True,4,"https://www.google.com/maps/@-3.61461029,121.1447129,250m/data=!3m1!1e3"
72555,SULAWESI TENGGARA,KAB. KOLAKA TIMUR,Ueesi,-3.55835721,121.3445097,8895287307fffff,0.0,2.0,9.0,<500,5,KOPERASI DESA MERAH PUTIH TONGAUNA KECAMATAN UEESI,Tongauna,Sedang Diverifikasi,BUSINESS ASSISTANCE,835.5621948242188,91.9212646484375,10.0,Tree cover,True,True,False,True,True,4,"https://www.google.com/maps/@-3.55835721,121.3445097,250m/data=!3m1!1e3"
34294,SULAWESI TENGAH,KAB. PARIGI MOUTONG,Ongka Malino,0.62505637,120.8747385,8868d5a9a7fffff,0.0,2.0,356.0,<500,5,KOPERASI DESA MERAH PUTIH KAYU JATI KECAMATAN ONGKA MALINO,Kayu Jati,Sedang Diverifikasi,Koperasi,798.470703125,93.6182861328125,10.0,Tree cover,True,True,False,True,True,4,"https://www.google.com/maps/@0.62505637,120.8747385,250m/data=!3m1!1e3"
17079,SULAWESI TENGAH,KAB. BANGGAI,Toili Barat,-1.41304122,122.0769703,8868de7245fffff,0.0,2.0,49.0,<500,5,KOPERASI DESA MERAH PUTIH MANTAWA,Mantawa,Terverifikasi,Agrinas,615.2623291015625,107.5703125,10.0,Tree cover,True,True,False,True,True,4,"https://www.google.com/maps/@-1.41304122,122.0769703,250m/data=!3m1!1e3"
64380,SULAWESI TENGAH,KAB. BANGGAI,Kintom,-1.06661313,122.6084698,8868d8cb49fffff,0.0,2.0,204.0,<500,5,KOPERASI DESA MERAH PUTIH SOLAN KECAMATAN KINTOM,Solan,Sedang Diverifikasi,BUSINESS ASSISTANCE,543.3447265625,80.115234375,10.0,Tree cover,True,True,False,True,True,4,"https://www.google.com/maps/@-1.06661313,122.6084698,250m/data=!3m1!1e3"
26993,SULAWESI TENGAH,KAB. BANGGAI,Nuhon,-1.11323396,122.1521379,8868de1583fffff,0.0,2.0,108.0,<500,5,KOPERASI DESA MERAH PUTIH PULODALAGAN,Pulo Dalagan,Tidak Ada Lahan,,893.7870483398438,140.78564453125,10.0,Tree cover,True,True,False,True,True,4,"https://www.google.com/maps/@-1.11323396,122.1521379,250m/data=!3m1!1e3"
52043,SULAWESI TENGAH,KAB. TOLI-TOLI,Galang,1.14312847,120.962782,8868c67949fffff,0.0,2.0,203.0,<500,5,KOPERASI DESA MERAH PUTIH MALANGGA,Malangga,Tidak Ada Lahan,,1737.69482421875,81.3333740234375,10.0,Tree cover,True,True,False,True,True,4,"https://www.google.com/maps/@1.14312847,120.962782,250m/data=!3m1!1e3"
85292,JAMBI,KAB. MERANGIN,Jangkat Timur,-2.67797341,102.0074532,888cf37b6dfffff,0.0,2.0,826.0,500-2k,5,KOPERASI DESA MERAH PUTIH TALANG TEMBAGO KECAMATAN JANGKAT TIMUR,,,,1141.74951171875,122.2802734375,10.0,Tree cover,True,True,False,True,True,4,"https://www.google.com/maps/@-2.67797341,102.0074532,250m/data=!3m1!1e3"
86270,JAMBI,KAB. KERINCI,Keliling Danau,-2.25386241,101.3722321,888cd51b21fffff,0.0,2.0,456.0,<500,5,KOPERASI DESA MERAH PUTIH PULAU TENGAH KECAMATAN KELILING DANAU,Pulautengah,Sedang Diverifikasi,KOPERASI,829.2118530273438,127.31024169921875,10.0,Tree cover,True,True,False,True,True,4,"https://www.google.com/maps/@-2.25386241,101.3722321,250m/data=!3m1!1e3"
78852,JAMBI,KAB. KERINCI,Gunung Raya,-2.34980562,101.5017302,888cd5c0d7fffff,0.0,2.0,239.0,<500,5,KOPERASI DESA MERAH PUTIH DUSUN BARU LEMPUR,Dusun Baru Lempur,Tidak Ada Lahan,,1086.0126953125,111.66766357421875,10.0,Tree cover,True,True,False,True,True,4,"https://www.google.com/maps/@-2.34980562,101.5017302,250m/data=!3m1!1e3"
19490,JAMBI,KAB. SAROLANGUN,Batang Asai,-2.68024133,102.1661216,888cf341a1fffff,0.0,2.0,307.0,<500,5,KOPERASI DESA MERAH PUTIH BATU EMPANG KECAMATAN BATANG ASAI,,,,565.4857788085938,91.1746826171875,10.0,Tree cover,True,True,False,True,True,4,"https://www.google.com/maps/@-2.68024133,102.1661216,250m/data=!3m1!1e3"
27042,MALUKU UTARA,KAB. PULAU MOROTAI,Morotai Timur,2.20066286,128.4597943,887395b853fffff,0.0,2.0,198.0,<500,5,KOPERASI DESA MERAH PUTIH SAMBIKI BARU,Sambiki Baru,Sedang Diverifikasi,KOPERASI,616.9032592773438,70.37060546875,10.0,Tree cover,True,True,False,True,True,4,"https://www.google.com/maps/@2.20066286,128.4597943,250m/data=!3m1!1e3"
60934,MALUKU UTARA,KAB. HALMAHERA SELATAN,Obi,-1.45693059,127.5753168,8895612063fffff,0.0,2.0,507.0,500-2k,5,KOPERASI DESA MERAH PUTIH BARU KECAMATAN OBI,,,,509.5541687011719,89.59085083007812,10.0,Tree cover,True,True,False,True,True,4,"https://www.google.com/maps/@-1.45693059,127.5753168,250m/data=!3m1!1e3"
85727,MALUKU UTARA,KAB. PULAU TALIABU,Taliabu Utara,-1.74260196,124.6730011,889566ce85fffff,0.0,2.0,700.0,500-2k,5,KOPERASI DESA MERAH PUTIH GELA,Gela,Sedang Diverifikasi,KOPERASI,736.3015747070312,114.97503662109375,10.0,Tree cover,True,True,False,True,True,4,"https://www.google.com/maps/@-1.74260196,124.6730011,250m/data=!3m1!1e3"
86791,PAPUA BARAT DAYA,KAB. MAYBRAT,Aifat,-1.15651541,132.5644938,8872b5b127fffff,0.0,2.0,400.0,<500,5,KOPERASI DESA MERAH PUTIH KAMPUNG SAMPIKA,,,,446.54473876953125,70.021240234375,10.0,Tree cover,True,True,False,True,True,4,"https://www.google.com/maps/@-1.15651541,132.5644938,250m/data=!3m1!1e3"
86972,PAPUA BARAT DAYA,KAB. MAYBRAT,Aifat Utara,-1.05613197,132.5678825,8872b5b31dfffff,0.0,2.0,46.0,<500,5,KOPERASI DESA MERAH PUTIH KAMPUNG NESET,Neset,Sedang Diverifikasi,KOPERASI,508.6497802734375,104.81527709960938,10.0,Tree cover,True,True,False,True,True,4,"https://www.google.com/maps/@-1.05613197,132.5678825,250m/data=!3m1!1e3"
87479,PAPUA BARAT DAYA,KAB. MAYBRAT,Aifat Timur Tengah,-1.19007403,132.67074703,8872b5a31dfffff,0.0,2.0,196.0,<500,5,KOPERASI DESA MERAH PUTIH KAMPUNG FRAMBU,Frambu,Sedang Diverifikasi,KOPERASI,565.5494995117188,95.7926025390625,10.0,Tree cover,True,True,False,True,True,4,"https://www.google.com/maps/@-1.19007403,132.67074703,250m/data=!3m1!1e3"
50325,PAPUA BARAT DAYA,KAB. RAJA AMPAT,Tiplol Mayalibit,-0.18468045,130.6459817,8873984a8dfffff,0.0,2.0,235.0,<500,5,KOPERASI DESA MERAH PUTIH ARAWAY,,,,481.9186096191406,72.64669799804688,10.0,Tree cover,True,True,False,True,True,4,"https://www.google.com/maps/@-0.18468045,130.6459817,250m/data=!3m1!1e3"
85772,PAPUA BARAT DAYA,KAB. RAJA AMPAT,Salawati Barat,-0.97061243,130.8056224,88739a3911fffff,0.0,2.0,691.0,500-2k,5,KOPERASI DESA MERAH PUTIH WAIBON,,,,631.4315185546875,121.52471923828125,10.0,Tree cover,True,True,False,True,True,4,"https://www.google.com/maps/@-0.97061243,130.8056224,250m/data=!3m1!1e3"
86612,PAPUA BARAT DAYA,KAB. TAMBRAUW,Kwesefo,-0.57259154,132.5702226,8872a65669fffff,0.0,2.0,105.0,<500,5,KOPERASI DESA MERAH PUTIH DONAN,,,,847.896240234375,89.34527587890625,10.0,Tree cover,True,True,False,True,True,4,"https://www.google.com/maps/@-0.57259154,132.5702226,250m/data=!3m1!1e3"
87599,PAPUA BARAT DAYA,KAB. TAMBRAUW,Miyah Selatan,-1.06334579,132.71041559,8872b5b723fffff,0.0,2.0,43.0,<500,5,KOPERASI DESA MERAH PUTIH RUF,,,,1320.75244140625,154.3802490234375,10.0,Tree cover,True,True,False,True,True,4,"https://www.google.com/maps/@-1.06334579,132.71041559,250m/data=!3m1!1e3"
87605,PAPUA BARAT DAYA,KAB. TAMBRAUW,Miyah Selatan,-0.81804174,132.73188812,8872a645ebfffff,0.0,2.0,652.0,500-2k,5,KOPERASI DESA MERAH PUTIH YABOUW,,,,1585.6689453125,133.4027099609375,10.0,Tree cover,True,True,False,True,True,4,"https://www.google.com/maps/@-0.81804174,132.73188812,250m/data=!3m1!1e3"
87230,PAPUA BARAT DAYA,KAB. TAMBRAUW,Tinggouw,-0.71811881,132.5929705,8872a642cbfffff,0.0,2.0,49.0,<500,5,KOPERASI DESA MERAH PUTIH IFATKAN,,,,1069.439208984375,101.94683837890625,10.0,Tree cover,True,True,False,True,True,4,"https://www.google.com/maps/@-0.71811881,132.5929705,250m/data=!3m1!1e3"
87845,PAPUA BARAT DAYA,KAB. TAMBRAUW,Tinggouw,-0.66182412,132.56514043,8872a65541fffff,0.0,2.0,54.0,<500,5,KOPERASI DESA MERAH PUTIH KAMPUNG HOHAIR,,,,1168.9273681640625,130.583984375,10.0,Tree cover,True,True,False,True,True,4,"https://www.google.com/maps/@-0.66182412,132.56514043,250m/data=!3m1!1e3"
88265,PAPUA BARAT DAYA,KAB. TAMBRAUW,Sausapor,-0.59125217,132.18541168,88739b35c9fffff,0.0,2.0,60.0,<500,5,KOPERASI DESA MERAH PUTIH JOKTE,,,,816.235107421875,107.97235107421875,10.0,Tree cover,True,True,False,True,True,4,"https://www.google.com/maps/@-0.59125217,132.18541168,250m/data=!3m1!1e3"
89608,PAPUA BARAT DAYA,KAB. TAMBRAUW,Ases,-0.92420835,132.4401816,8872a64b09fffff,0.0,2.0,121.0,<500,5,KOPERASI DESA MERAH PUTIH FRASAYOAH,,,,549.9359130859375,106.11080932617188,10.0,Tree cover,True,True,False,True,True,4,"https://www.google.com/maps/@-0.92420835,132.4401816,250m/data=!3m1!1e3"
88634,PAPUA BARAT DAYA,KAB. TAMBRAUW,Yembun,-0.83815612,132.32331832,8872a65b25fffff,0.0,2.0,352.0,<500,5,KOPERASI DESA MERAH PUTIH METNAYAM,,,,455.21868896484375,123.76800537109375,10.0,Tree cover,True,True,False,True,True,4,"https://www.google.com/maps/@-0.83815612,132.32331832,250m/data=!3m1!1e3"
90300,PAPUA BARAT DAYA,KAB. TAMBRAUW,Manekar,-0.98708558,133.05761621,8872a66f15fffff,0.0,2.0,67.0,<500,5,KOPERASI DESA MERAH PUTIH KAMPUNG NARAI,,,,943.8642578125,66.22900390625,10.0,Tree cover,True,True,False,True,True,4,"https://www.google.com/maps/@-0.98708558,133.05761621,250m/data=!3m1!1e3"
60505,PAPUA TENGAH,KAB. NABIRE,Menou,-3.78297692,135.1405221,8872806907fffff,0.0,2.0,45.0,<500,5,KOPERASI DESA MERAH PUTIH KAMPUNG LOKODIMI,,,,693.6917114257812,92.02447509765625,10.0,Tree cover,True,True,False,True,True,4,"https://www.google.com/maps/@-3.78297692,135.1405221,250m/data=!3m1!1e3"
89046,PAPUA,KAB. WAROPEN,Masirei,-2.47013551,136.83991379,8872aa6d69fffff,0.0,2.0,31.0,<500,5,KOPERASI DESA MERAH PUTIH OBUTAY,Obutay,Sedang Diverifikasi,BUSINESS ASSISTANCE,502.04296875,71.35269165039062,10.0,Tree cover,True,True,False,True,True,4,"https://www.google.com/maps/@-2.47013551,136.83991379,250m/data=!3m1!1e3"
89205,PAPUA,KAB. WAROPEN,Kirihi,-2.72342099,137.07328701,88728cc509fffff,0.0,2.0,30.0,<500,5,KOPERASI DESA MERAH PUTIH DIWAH KECAMATAN KIRIHI,,,,543.7205200195312,73.0751953125,10.0,Tree cover,True,True,False,True,True,4,"https://www.google.com/maps/@-2.72342099,137.07328701,250m/data=!3m1!1e3"
88680,PAPUA,KAB. MAMBERAMO RAYA,Mamberamo Tengah,-2.44139533,138.27383578,88728dc615fffff,0.0,2.0,95.0,<500,5,KOPERASI DESA MERAH PUTIH MARINA VALEN,,,,436.0774230957031,93.36782836914062,10.0,Tree cover,True,True,False,True,True,4,"https://www.google.com/maps/@-2.44139533,138.27383578,250m/data=!3m1!1e3"
90928,PAPUA,KAB. MAMBERAMO RAYA,Benuki,-2.19606732,137.66530458,8872ab4ddbfffff,0.0,2.0,36.0,<500,5,KOPERASI DESA MERAH PUTIH TEUW,,,,127.90419006347656,66.58179473876953,10.0,Tree cover,True,True,False,True,True,4,"https://www.google.com/maps/@-2.19606732,137.66530458,250m/data=!3m1!1e3"
4682,PAPUA BARAT,KAB. TELUK BINTUNI,Wamesa,-2.28014506,133.95480837,887284cf51fffff,0.0,2.0,156.0,<500,5,KOPERASI DESA MERAH PUTIH MAMURANU WAMESA,,,,100.07976531982422,103.9538803100586,10.0,Tree cover,True,True,False,True,True,4,"https://www.google.com/maps/@-2.28014506,133.95480837,250m/data=!3m1!1e3"
67508,PAPUA BARAT,KAB. FAK FAK,Fak-Fak Timur,-3.04977053,132.69491054,8872b3829bfffff,0.0,2.0,11.0,<500,5,KOPERASI DESA MERAH PUTIH KIRIABISA,,,,330.0771179199219,65.56338500976562,10.0,Tree cover,True,True,False,True,True,4,"https://www.google.com/maps/@-3.04977053,132.69491054,250m/data=!3m1!1e3"
89225,PAPUA BARAT,KAB. KAIMANA,Teluk Arguni Atas,-3.14331621,134.12619243,887286a84dfffff,0.0,2.0,10.0,<500,5,KOPERASI DESA MERAH PUTIH KENSI,,,,725.137939453125,100.931884765625,10.0,Tree cover,True,True,False,True,True,4,"https://www.google.com/maps/@-3.14331621,134.12619243,250m/data=!3m1!1e3"
90723,PAPUA BARAT,KAB. KAIMANA,Teluk Arguni Atas,-2.88202077,133.97368355,88728686a7fffff,0.0,2.0,115.0,<500,5,KOPERASI DESA MERAH PUTIH ERGARA,,,,322.3541564941406,72.68392944335938,10.0,Tree cover,True,True,False,True,True,4,"https://www.google.com/maps/@-2.88202077,133.97368355,250m/data=!3m1!1e3"
89931,PAPUA BARAT,KAB. PEGUNUNGAN ARFAK,Catubouw,-1.11846375,133.62233787,8872a2165dfffff,0.0,2.0,75.0,<500,5,KOPERASI DESA MERAH PUTIH JIM,,,,1308.360595703125,146.2935791015625,10.0,Tree cover,True,True,False,True,True,4,"https://www.google.com/maps/@-1.11846375,133.62233787,250m/data=!3m1!1e3"
77915,BENGKULU,KAB. KAUR,Nasal,-4.69967103,103.618719,888cf41ad9fffff,0.0,3.0,436.0,<500,5,KOPERASI DESA MERAH PUTIH MUARA DUA KECAMATAN NASAL,Muara Dua,Terverifikasi,Agrinas,1190.332763671875,75.0662841796875,10.0,Tree cover,True,True,False,True,True,4,"https://www.google.com/maps/@-4.69967103,103.618719,250m/data=!3m1!1e3"
12989,KALIMANTAN BARAT,KAB. KAPUAS HULU,Putussibau Utara,1.15598416,112.8309846,8868b199d1fffff,0.0,3.0,27.0,<500,5,KOPERASI DESA MERAH PUTIH SUNGAI ULUK PALIN,Sungai Uluk Palin,Sedang Diverifikasi,KOPERASI,159.4521484375,83.53984832763672,10.0,Tree cover,True,True,False,True,True,4,"https://www.google.com/maps/@1.15598416,112.8309846,250m/data=!3m1!1e3"
48230,KALIMANTAN BARAT,KAB. MELAWI,Tanah Pinoh Barat,-0.65558599,111.2979287,8868b2c9d7fffff,0.0,3.0,900.0,500-2k,5,KOPERASI DESA MERAH PUTIH KELUAS HULU KECAMATAN TANAH PINOH BARAT KABUPATEN MELAWI,,,,428.1162414550781,110.6158447265625,10.0,Tree cover,True,True,False,True,True,4,"https://www.google.com/maps/@-0.65558599,111.2979287,250m/data=!3m1!1e3"
86345,GORONTALO,KAB. BONE BOLANGO,Pinogu,0.60697509,123.4442172,8868dd96a7fffff,0.0,3.0,74.0,<500,5,KOPERASI DESA MERAH PUTIH PINOGU PERMAI,Pinogu Permai,Sedang Diverifikasi,KOPERASI,800.3153686523438,90.76458740234375,10.0,Tree cover,True,True,False,True,True,4,"https://www.google.com/maps/@0.60697509,123.4442172,250m/data=!3m1!1e3"
86412,GORONTALO,KAB. BONE BOLANGO,Pinogu,0.61337188,123.4749067,8868dd96b3fffff,0.0,3.0,20.0,<500,5,KOPERASI DESA MERAH PUTIH PINOGU,Pinogu,Sedang Diverifikasi,KOPERASI,808.5866088867188,74.75213623046875,10.0,Tree cover,True,True,False,True,True,4,"https://www.google.com/maps/@0.61337188,123.4749067,250m/data=!3m1!1e3"
15472,GORONTALO,KAB. BOALEMO,Botumoito,0.63175151,122.235586,8868c2250dfffff,0.0,3.0,624.0,500-2k,5,KOPERASI DESA MERAH PUTIH HUTAMONU,Hutamonu,Terverifikasi,Agrinas,685.841796875,75.82330322265625,10.0,Tree cover,True,True,False,True,True,4,"https://www.google.com/maps/@0.63175151,122.235586,250m/data=!3m1!1e3"
83929,KALIMANTAN TIMUR,KAB. BERAU,Kelay,1.88190913,116.8626359,8868abc197fffff,0.0,3.0,303.0,<500,5,KOPERASI DESA MERAH PUTIH LONG KELUH,,,,515.6243896484375,119.2340087890625,10.0,Tree cover,True,True,False,True,True,4,"https://www.google.com/maps/@1.88190913,116.8626359,250m/data=!3m1!1e3"
60770,KALIMANTAN TIMUR,KAB. PASER,Muara Samu,-2.07372973,115.8563391,8868981767fffff,0.0,3.0,863.0,500-2k,5,KOPERASI DESA MERAH PUTIH LIBUR DINDING,Libur Dinding,Terverifikasi,Agrinas,383.18701171875,87.16555786132812,10.0,Tree cover,True,True,False,True,True,4,"https://www.google.com/maps/@-2.07372973,115.8563391,250m/data=!3m1!1e3"
66989,SULAWESI SELATAN,KAB. LUWU TIMUR,Mangkutana,-2.23493741,120.6827331,88952c1623fffff,0.0,3.0,515.0,500-2k,5,KOPERASI DESA MERAH PUTIH KASINTUWU KECAMATAN MANGKUTANA,Kasintuwu,Sedang Diverifikasi,KEMENTERIAN KESEHATAN,1440.861328125,119.6121826171875,10.0,Tree cover,True,True,False,True,True,4,"https://www.google.com/maps/@-2.23493741,120.6827331,250m/data=!3m1!1e3"
60096,KALIMANTAN TENGAH,KAB. LAMANDAU,Menthobi Raya,-1.76003683,111.7748677,888cb6d625fffff,0.0,3.0,49.0,<500,5,KOPERASI DESA MERAH PUTIH LUBUK HIJU,Lubuk Hiju,Terverifikasi,BUSINESS ASSISTANCE,543.515625,160.16729736328125,10.0,Tree cover,True,True,False,True,True,4,"https://www.google.com/maps/@-1.76003683,111.7748677,250m/data=!3m1!1e3"
51844,ACEH,KAB. GAYO LUES,Blangpegayon,3.77960997,97.30247091,886509ad99fffff,0.0,3.0,36.0,<500,5,KOPERASI DESA MERAH PUTIH SYARIAH AKANG SIWAH,Akang Siwah,Tidak Ada Lahan,,2421.875244140625,134.873779296875,10.0,Tree cover,True,True,False,True,True,4,"https://www.google.com/maps/@3.77960997,97.30247091,250m/data=!3m1!1e3"
74394,ACEH,KAB. PIDIE,Geumpang,4.80952959,96.32388237,886556273bfffff,0.0,3.0,80.0,<500,5,KOPERASI DESA MERAH PUTIH SYARIAH GAMPONG PULO LHOIH KECAMATAN GEUMPANG,Pulo Lhoih,Tidak Ada Lahan,,1042.5849609375,84.1983642578125,10.0,Tree cover,True,True,False,True,True,4,"https://www.google.com/maps/@4.80952959,96.32388237,250m/data=!3m1!1e3"
83341,MALUKU,KAB. MALUKU TENGAH,Teluk Elpaputih,-3.09068449,128.8528498,88956a0695fffff,0.0,3.0,355.0,<500,5,KOPERASI DESA MERAH PUTIH NEGERI LIANG,Liang,Tidak Ada Lahan,,585.84814453125,112.36505126953125,10.0,Tree cover,True,True,False,True,True,4,"https://www.google.com/maps/@-3.09068449,128.8528498,250m/data=!3m1!1e3"
83235,MALUKU,KAB. MALUKU TENGAH,Telutih,-3.22296062,129.6967112,88956b46d1fffff,0.0,3.0,638.0,500-2k,5,KOPERASI DESA MERAH PUTIH NEGERI LAFA,Lafa,Tidak Ada Lahan,,1383.1058349609375,168.237060546875,10.0,Tree cover,True,True,False,True,True,4,"https://www.google.com/maps/@-3.22296062,129.6967112,250m/data=!3m1!1e3"
78134,MALUKU,KAB. SERAM BAGIAN BARAT,Taniwel,-3.0514006,128.5658681,88956a10e1fffff,0.0,3.0,28.0,<500,5,KOPERASI DESA MERAH PUTIH LOHIA SAPALEWA,Lohiasapalewa,Dipertimbangkan,Agrinas,663.23388671875,81.603759765625,10.0,Tree cover,True,True,False,True,True,4,"https://www.google.com/maps/@-3.0514006,128.5658681,250m/data=!3m1!1e3"
85376,MALUKU,KAB. SERAM BAGIAN BARAT,Elpaputih,-3.14655275,128.756219,88956a0733fffff,0.0,3.0,179.0,<500,5,KOPERASI DESA MERAH PUTIH ELPAPUTIH,Elpaputih,Terverifikasi,Agrinas,541.2123413085938,114.49649047851562,10.0,Tree cover,True,True,False,True,True,4,"https://www.google.com/maps/@-3.14655275,128.756219,250m/data=!3m1!1e3"
86693,MALUKU,KAB. SERAM BAGIAN BARAT,Elpaputih,-3.17022917,128.6420178,88956a0039fffff,0.0,3.0,782.0,500-2k,5,KOPERASI DESA MERAH PUTIH HUKU KECIL,,,,657.5379028320312,88.73419189453125,10.0,Tree cover,True,True,False,True,True,4,"https://www.google.com/maps/@-3.17022917,128.6420178,250m/data=!3m1!1e3"
77816,MALUKU,KAB. BURU SELATAN,Namrole,-3.70666887,126.767344,8895442859fffff,0.0,3.0,445.0,<500,5,KOPERASI DESA MERAH PUTIH ELFULE,Elfule,Dipertimbangkan,Agrinas,895.579345703125,73.1229248046875,10.0,Tree cover,True,True,False,True,True,4,"https://www.google.com/maps/@-3.70666887,126.767344,250m/data=!3m1!1e3"
83931,MALUKU,KAB. BURU SELATAN,Kepala Madan,-3.37303845,126.2649721,8895441317fffff,0.0,3.0,20.0,<500,5,KOPERASI DESA MERAH PUTIH EMGUHEN,,,,894.4813842773438,84.608642578125,10.0,Tree cover,True,True,False,True,True,4,"https://www.google.com/maps/@-3.37303845,126.2649721,250m/data=!3m1!1e3"
82239,MALUKU,KAB. MALUKU BARAT DAYA,Damer,-7.13528467,128.5510964,88955832a1fffff,0.0,3.0,958.0,500-2k,5,KOPERASI DESA MERAH PUTIH BATU MERAH KECAMATAN DAMER,Batu Merah,Terverifikasi,Agrinas,124.24225616455078,83.72898864746094,10.0,Tree cover,True,True,False,True,True,4,"https://www.google.com/maps/@-7.13528467,128.5510964,250m/data=!3m1!1e3"
39818,MALUKU,KAB. BURU,Fena Leisela,-3.4371943,126.6906123,889544304dfffff,0.0,3.0,701.0,500-2k,5,KOPERASI DESA MERAH PUTIH WASI,Wasi,Sedang Diverifikasi,KOPERASI,530.6526489257812,66.4305419921875,10.0,Tree cover,True,True,False,True,True,4,"https://www.google.com/maps/@-3.4371943,126.6906123,250m/data=!3m1!1e3"
23888,SULAWESI TENGGARA,KAB. KONAWE UTARA,Lasolo,-3.71013902,122.1324974,88952bb363fffff,0.0,3.0,880.0,500-2k,5,KOPERASI DESA MERAH PUTIH LARODANGGE KECAMATAN LASOLO,Larodangge,Sedang Diverifikasi,KOPERASI,330.803955078125,109.04302978515625,10.0,Tree cover,True,True,False,True,True,4,"https://www.google.com/maps/@-3.71013902,122.1324974,250m/data=!3m1!1e3"
19667,SULAWESI TENGAH,KAB. PARIGI MOUTONG,Moutong,0.61234181,121.1051836,8868d53405fffff,0.0,3.0,42.0,<500,5,KOPERASI DESA MERAH PUTIH GIO TIMUR,,,,733.3310546875,80.058837890625,10.0,Tree cover,True,True,False,True,True,4,"https://www.google.com/maps/@0.61234181,121.1051836,250m/data=!3m1!1e3"
74637,SULAWESI TENGAH,KAB. BANGGAI,Moilong,-1.16016751,122.2157173,8868de0443fffff,0.0,3.0,35.0,<500,5,KOPERASI DESA MERAH PUTIH DESA TOILI,Toili,Sedang Diverifikasi,Agrinas,1345.330810546875,102.836181640625,10.0,Tree cover,True,True,False,True,True,4,"https://www.google.com/maps/@-1.16016751,122.2157173,250m/data=!3m1!1e3"
11154,SULAWESI TENGAH,KAB. TOJO UNA UNA,Tojo,-1.26315691,121.382122,8868d3ada3fffff,0.0,3.0,28.0,<500,5,KOPERASI DESA MERAH PUTIH TONGKU,Tongku,Sedang Diverifikasi,KOPERASI,1375.435302734375,89.61474609375,10.0,Tree cover,True,True,False,True,True,4,"https://www.google.com/maps/@-1.26315691,121.382122,250m/data=!3m1!1e3"
48190,SULAWESI TENGAH,KAB. POSO,Lore Selatan,-1.7966709,120.3677393,8868d228b9fffff,0.0,3.0,23.0,<500,5,KOPERASI DESA MERAH PUTIH BOMBA KECAMATAN LORE SELATAN,Bomba,Terverifikasi,Agrinas,1730.0115966796875,71.2447509765625,10.0,Tree cover,True,True,False,True,True,4,"https://www.google.com/maps/@-1.7966709,120.3677393,250m/data=!3m1!1e3"
48055,SULAWESI TENGAH,KAB. BUOL,Tiloan,0.87850174,121.1057407,8868d5a4e3fffff,0.0,3.0,452.0,<500,5,KOPERASI DESA MERAH PUTIH KOKOBUKA,Kokobuka,Sedang Diverifikasi,KOPERASI,540.462646484375,92.753662109375,10.0,Tree cover,True,True,False,True,True,4,"https://www.google.com/maps/@0.87850174,121.1057407,250m/data=!3m1!1e3"
88512,PAPUA BARAT DAYA,KAB. MAYBRAT,Aifat Timur Jauh,-1.30276712,132.85796969,8872b5aea1fffff,0.0,3.0,188.0,<500,5,KOPERASI DESA MERAH PUTIH KAMPUNG AINESRA,,,,1001.9882202148438,87.01763916015625,10.0,Tree cover,True,True,False,True,True,4,"https://www.google.com/maps/@-1.30276712,132.85796969,250m/data=!3m1!1e3"
89509,PAPUA BARAT DAYA,KAB. SORONG,Sunook,-0.86316457,132.14359668,88739b28d7fffff,0.0,3.0,995.0,500-2k,5,KOPERASI DESA MERAH PUTIH BOUWOI,,,,437.55419921875,88.21908569335938,10.0,Tree cover,True,True,False,True,True,4,"https://www.google.com/maps/@-0.86316457,132.14359668,250m/data=!3m1!1e3"
89875,PAPUA BARAT DAYA,KAB. SORONG,Saengkeduk,-0.82168571,132.09226503,88739b2aebfffff,0.0,3.0,415.0,<500,5,KOPERASI DESA MERAH PUTIH KLAMEDE,,,,300.41168212890625,121.31137084960938,10.0,Tree cover,True,True,False,True,True,4,"https://www.google.com/maps/@-0.82168571,132.09226503,250m/data=!3m1!1e3"
89113,PAPUA BARAT DAYA,KAB. TAMBRAUW,Mpur,-0.6904802,133.14349264,8872a62b2dfffff,0.0,3.0,38.0,<500,5,KOPERASI DESA MERAH PUTIH KALI AN,,,,1027.7376708984375,162.63165283203125,10.0,Tree cover,True,True,False,True,True,4,"https://www.google.com/maps/@-0.6904802,133.14349264,250m/data=!3m1!1e3"
87855,PAPUA BARAT DAYA,KAB. TAMBRAUW,Abun,-0.58839509,132.84016316,8872a60ab7fffff,0.0,3.0,34.0,<500,5,KOPERASI DESA MERAH PUTIH WEPRARI,,,,1571.218994140625,108.602294921875,10.0,Tree cover,True,True,False,True,True,4,"https://www.google.com/maps/@-0.58839509,132.84016316,250m/data=!3m1!1e3"
88234,PAPUA BARAT DAYA,KAB. TAMBRAUW,Amberbaken Barat,-0.62584741,132.95686974,8872a60dc1fffff,0.0,3.0,35.0,<500,5,KOPERASI DESA MERAH PUTIH WASAMONTEM,,,,1730.0821533203125,76.3671875,10.0,Tree cover,True,True,False,True,True,4,"https://www.google.com/maps/@-0.62584741,132.95686974,250m/data=!3m1!1e3"
89561,PAPUA BARAT DAYA,KAB. TAMBRAUW,Amberbaken,-0.72559388,133.1974799,8872a6291dfffff,0.0,3.0,256.0,<500,5,KOPERASI DESA MERAH PUTIH WARPAPERI,,,,1131.7410888671875,159.380615234375,10.0,Tree cover,True,True,False,True,True,4,"https://www.google.com/maps/@-0.72559388,133.1974799,250m/data=!3m1!1e3"
89723,PAPUA BARAT DAYA,KAB. TAMBRAUW,Ireres,-1.15631602,132.92000841,8872b5a6a7fffff,0.0,3.0,43.0,<500,5,KOPERASI DESA MERAH PUTIH AIFAMAS,,,,1581.55859375,113.5855712890625,10.0,Tree cover,True,True,False,True,True,4,"https://www.google.com/maps/@-1.15631602,132.92000841,250m/data=!3m1!1e3"
89184,PAPUA,KAB. WAROPEN,Masirei,-2.49646636,136.97651585,88728cd66bfffff,0.0,3.0,99.0,<500,5,KOPERASI DESA MERAH PUTIH KOWOGI,,,,321.6954345703125,111.20278930664062,10.0,Tree cover,True,True,False,True,True,4,"https://www.google.com/maps/@-2.49646636,136.97651585,250m/data=!3m1!1e3"
88500,PAPUA,KAB. SARMI,Tor Atas,-2.18818877,138.72925242,88728db1ebfffff,0.0,3.0,191.0,<500,5,KOPERASI DESA MERAH PUTIH SAFRON TANE,,,,242.90695190429688,71.646484375,10.0,Tree cover,True,True,False,True,True,4,"https://www.google.com/maps/@-2.18818877,138.72925242,250m/data=!3m1!1e3"
90475,PAPUA,KAB. SARMI,Apawer Hulu,-2.16985151,138.32715235,88728d830dfffff,0.0,3.0,344.0,<500,5,KOPERASI DESA MERAH PUTIH TAMAJA,,,,139.21383666992188,65.23985290527344,10.0,Tree cover,True,True,False,True,True,4,"https://www.google.com/maps/@-2.16985151,138.32715235,250m/data=!3m1!1e3"
88910,PAPUA BARAT,KAB. TELUK BINTUNI,Moskona Timur,-1.30321005,133.2415269,8872a2c56dfffff,0.0,3.0,120.0,<500,5,KOPERASI DESA MERAH PUTIH IGOMU,,,,1014.5233154296875,86.8701171875,10.0,Tree cover,True,True,False,True,True,4,"https://www.google.com/maps/@-1.30321005,133.2415269,250m/data=!3m1!1e3"
91030,PAPUA BARAT,KAB. TELUK WONDAMA,Naikere,-3.21673436,134.37017523,8872863665fffff,0.0,3.0,36.0,<500,5,KOPERASI DESA MERAH PUTIH KAMPUNG INYORA,,,,409.4509582519531,91.07479858398438,10.0,Tree cover,True,True,False,True,True,4,"https://www.google.com/maps/@-3.21673436,134.37017523,250m/data=!3m1!1e3"
88629,PAPUA BARAT,KAB. KAIMANA,Kaimana,-3.65917032,134.07120646,8872867565fffff,0.0,3.0,737.0,500-2k,5,KOPERASI DESA MERAH PUTIH JARATI,,,,286.22137451171875,105.56591796875,10.0,Tree cover,True,True,False,True,True,4,"https://www.google.com/maps/@-3.65917032,134.07120646,250m/data=!3m1!1e3"
90938,PAPUA BARAT,KAB. KAIMANA,Teluk Arguni Atas,-2.84645838,133.84573921,88728695a9fffff,0.0,3.0,524.0,500-2k,5,KOPERASI DESA MERAH PUTIH WESWASA,,,,172.7949676513672,81.324462890625,10.0,Tree cover,True,True,False,True,True,4,"https://www.google.com/maps/@-2.84645838,133.84573921,250m/data=!3m1!1e3"
91009,PAPUA BARAT,KAB. KAIMANA,Teluk Arguni Atas,-2.84645838,133.84573921,88728695a9fffff,0.0,3.0,524.0,500-2k,5,KOPERASI DESA MERAH PUTIH KAMPUNG WESWASA,Weswasa,Tidak Ada Lahan,,172.7949676513672,81.324462890625,10.0,Tree cover,True,True,False,True,True,4,"https://www.google.com/maps/@-2.84645838,133.84573921,250m/data=!3m1!1e3"
88837,PAPUA BARAT,KAB. PEGUNUNGAN ARFAK,Testega,-1.3953047,133.49040327,8872a21881fffff,0.0,3.0,673.0,500-2k,5,KOPERASI DESA MERAH PUTIH MEKSI,,,,1291.639404296875,74.5230712890625,10.0,Tree cover,True,True,False,True,True,4,"https://www.google.com/maps/@-1.3953047,133.49040327,250m/data=!3m1!1e3"
28818,GORONTALO,KAB. BOALEMO,Botumoito,0.87903884,122.1799691,8868c3d925fffff,0.0,4.0,338.0,<500,5,KOPERASI DESA MERAH PUTIH RUMBIA KECAMATAN BOTUMOITO,Rumbia,Terverifikasi,BUSINESS ASSISTANCE,580.7003784179688,98.765625,10.0,Tree cover,True,True,False,True,True,4,"https://www.google.com/maps/@0.87903884,122.1799691,250m/data=!3m1!1e3"
36492,GORONTALO,KAB. POHUWATO,Wanggarasi,0.74087999,121.689488,8868c2031bfffff,0.0,4.0,41.0,<500,5,KOPERASI DESA MERAH PUTIH BUKIT HARAPAN KECAMATAN WANGGARASI,Bukit Harapan,Terverifikasi,Agrinas,358.30853271484375,104.31271362304688,10.0,Tree cover,True,True,False,True,True,4,"https://www.google.com/maps/@0.74087999,121.689488,250m/data=!3m1!1e3"
84591,GORONTALO,KAB. POHUWATO,Popayato Barat,0.61239814,121.3061246,8868c2c8adfffff,0.0,4.0,106.0,<500,5,KOPERASI DESA MERAH PUTIH PERSATUAN KECAMATAN POPAYATO BARAT,Persatuan,Tidak Ada Lahan,,937.4214477539062,68.0123291015625,10.0,Tree cover,True,True,False,True,True,4,"https://www.google.com/maps/@0.61239814,121.3061246,250m/data=!3m1!1e3"
85834,SULAWESI UTARA,KAB. BOLAANG MONGONDOW,Dumoga Utara,0.61774389,123.7572961,8868ce4ce5fffff,0.0,4.0,26.0,<500,5,KOPERASI DESA MERAH PUTIH TUMOKANG BARU,Tumokang Baru,Terverifikasi,KOPERASI,718.8223876953125,80.34930419921875,10.0,Tree cover,True,True,False,True,True,4,"https://www.google.com/maps/@0.61774389,123.7572961,250m/data=!3m1!1e3"
5671,SUMATERA SELATAN,KAB. MUSI RAWAS UTARA,Ulu Rawas,-2.72859109,102.2176648,888cf34151fffff,0.0,4.0,101.0,<500,5,KOPERASI DESA MERAH PUTIH KUTO TANJUNG,Kuto Tanjung,Terverifikasi,Agrinas,394.3393859863281,121.33074951171875,10.0,Tree cover,True,True,False,True,True,4,"https://www.google.com/maps/@-2.72859109,102.2176648,250m/data=!3m1!1e3"
49268,KALIMANTAN TIMUR,KAB. KUTAI TIMUR,Busang,0.80870265,116.2064488,886881adc1fffff,0.0,4.0,6.0,<500,5,KOPERASI DESA MERAH PUTIH MEKAR BARU KECAMATAN BUSANG,Mekar Baru,Terverifikasi,Agrinas,406.5896911621094,76.68026733398438,10.0,Tree cover,True,True,False,True,True,4,"https://www.google.com/maps/@0.80870265,116.2064488,250m/data=!3m1!1e3"
79008,KALIMANTAN TIMUR,KAB. MAHAKAM ULU,Long Apari,0.90152498,114.2520047,88688472bbfffff,0.0,4.0,124.0,<500,5,KOPERASI DESA MERAH PUTIH TIONG BUU LONG APARI,Tiong Bu'u,Sedang Diverifikasi,PMO,356.4197692871094,60.479736328125,10.0,Tree cover,True,True,False,True,True,4,"https://www.google.com/maps/@0.90152498,114.2520047,250m/data=!3m1!1e3"
31478,SUMATERA BARAT,KAB. PESISIR SELATAN,IV Jurai,-1.25548792,100.715421,888cd15021fffff,0.0,4.0,525.0,500-2k,5,KOPERASI DESA MERAH PUTIH NAGARI SALIDO SARI BULAN PESISIR SELATAN,Salido Sari Bulan,Tidak Ada Lahan,,1563.15283203125,134.288818359375,10.0,Tree cover,True,True,False,True,True,4,"https://www.google.com/maps/@-1.25548792,100.715421,250m/data=!3m1!1e3"
33263,SULAWESI BARAT,KAB. PASANGKAYU,Duripoku,-1.59789097,119.5797304,8868d2cf67fffff,0.0,4.0,90.0,<500,5,KOPERASI DESA MERAH PUTIH SIPAKAINGA KECAMATAN DURIPOKU,Sipakainga,Terverifikasi,KOPERASI,961.1528930664062,78.9407958984375,10.0,Tree cover,True,True,False,True,True,4,"https://www.google.com/maps/@-1.59789097,119.5797304,250m/data=!3m1!1e3"
54285,KALIMANTAN TENGAH,KAB. KOTAWARINGIN TIMUR,Telaga Antang,-1.39504084,112.2451607,886894561bfffff,0.0,4.0,147.0,<500,5,KOPERASI DESA MERAH PUTIH RANTAU SUANG,,,,224.97511291503906,118.20887756347656,10.0,Tree cover,True,True,False,True,True,4,"https://www.google.com/maps/@-1.39504084,112.2451607,250m/data=!3m1!1e3"
32769,KALIMANTAN TENGAH,KAB. BARITO UTARA,Gunung Purei,-1.28601687,115.5010954,88689cad05fffff,0.0,4.0,145.0,<500,5,KOPERASI DESA MERAH PUTIH MUARA MEA,Muara Mea,Sedang Diverifikasi,KEMENTERIAN KESEHATAN,231.99365234375,77.22882080078125,10.0,Tree cover,True,True,False,True,True,4,"https://www.google.com/maps/@-1.28601687,115.5010954,250m/data=!3m1!1e3"
52171,ACEH,KAB. PIDIE JAYA,Meurah Dua,4.98335715,96.26858162,8865562ca9fffff,0.0,4.0,28.0,<500,5,KOPERASI DESA MERAH PUTIH SYARIAH GAMPONG LHOK SANDENG,Lhok Sandeng,Tidak Ada Lahan,,1462.89599609375,99.58544921875,10.0,Tree cover,True,True,False,True,True,4,"https://www.google.com/maps/@4.98335715,96.26858162,250m/data=!3m1!1e3"
59899,ACEH,KAB. GAYO LUES,Terangun,4.05998868,96.84245564,8865544063fffff,0.0,4.0,924.0,500-2k,5,KOPERASI DESA MERAH PUTIH SYARIAH PERSADA TONGRA,Persada Tongra,Sedang Diverifikasi,KOPERASI,985.324951171875,123.7740478515625,10.0,Tree cover,True,True,False,True,True,4,"https://www.google.com/maps/@4.05998868,96.84245564,250m/data=!3m1!1e3"
10984,ACEH,KAB. GAYO LUES,Puteri Betung,3.73198226,97.43363443,886509af69fffff,0.0,4.0,27.0,<500,5,KOPERASI DESA MERAH PUTIH SYARIAH GUMPANG LEMPUH,,,,2177.102294921875,116.718994140625,10.0,Tree cover,True,True,False,True,True,4,"https://www.google.com/maps/@3.73198226,97.43363443,250m/data=!3m1!1e3"
35981,ACEH,KAB. GAYO LUES,Kutapanjang,3.73542557,97.19879845,886554d911fffff,0.0,4.0,53.0,<500,5,KOPERASI DESA MERAH PUTIH SYARIAH KONG PALUH,Kong Paluh,Dipertimbangkan,Agrinas,2641.637939453125,80.295654296875,10.0,Tree cover,True,True,False,True,True,4,"https://www.google.com/maps/@3.73542557,97.19879845,250m/data=!3m1!1e3"
83064,ACEH,KAB. ACEH JAYA,Setia Bakti,4.97277081,95.76404414,8865507b35fffff,0.0,4.0,16.0,<500,5,KOPERASI DESA MERAH PUTIH SYARIAH GAMPONG BAROH SETIA BAKTI,Gampong Baroh,Terverifikasi,Agrinas,1033.6673583984375,113.27386474609375,10.0,Tree cover,True,True,False,True,True,4,"https://www.google.com/maps/@4.97277081,95.76404414,250m/data=!3m1!1e3"
15099,KEPULAUAN RIAU,KAB. NATUNA,Pulau Panjang,2.6786102,108.5740632,8869931a27fffff,0.0,4.0,4.0,<500,5,KOPERASI DESA MERAH PUTIH PULAU KERDAU,,,,176.1007537841797,111.51484680175781,10.0,Tree cover,True,True,False,True,True,4,"https://www.google.com/maps/@2.6786102,108.5740632,250m/data=!3m1!1e3"
82075,KALIMANTAN UTARA,KAB. MALINAU,Pujungan,2.51617906,116.0263013,8868ae2609fffff,0.0,4.0,249.0,<500,5,KOPERASI DESA MERAH PUTIH LONG ARAN KECAMATAN PUJUNGAN,Long Aran,Sedang Diverifikasi,KEMENTERIAN KESEHATAN,554.6988525390625,135.40444946289062,10.0,Tree cover,True,True,False,True,True,4,"https://www.google.com/maps/@2.51617906,116.0263013,250m/data=!3m1!1e3"
52049,KALIMANTAN UTARA,KAB. NUNUKAN,Lumbis Pansiangan,4.1381258,116.286483,8868136147fffff,0.0,4.0,6.0,<500,5,KOPERASI DESA MERAH PUTIH BOKOK,,,,422.41546630859375,102.12460327148438,10.0,Tree cover,True,True,False,True,True,4,"https://www.google.com/maps/@4.1381258,116.286483,250m/data=!3m1!1e3"
22469,MALUKU,KAB. MALUKU TENGAH,Seram Utara,-3.03085406,129.5160513,88956bcc99fffff,0.0,4.0,320.0,<500,5,KOPERASI DESA MERAH PUTIH NEGERI MANUSELA,Manusela,Tidak Ada Lahan,,363.1461486816406,111.3699951171875,10.0,Tree cover,True,True,False,True,True,4,"https://www.google.com/maps/@-3.03085406,129.5160513,250m/data=!3m1!1e3"
82410,MALUKU,KAB. MALUKU TENGAH,Tehoru,-3.21244944,129.4571923,88956b50b9fffff,0.0,4.0,60.0,<500,5,KOPERASI DESA MERAH PUTIH NEGERI SAUNULU,Saunulu,Terverifikasi,KOPERASI,1387.7269287109375,84.780029296875,10.0,Tree cover,True,True,False,True,True,4,"https://www.google.com/maps/@-3.21244944,129.4571923,250m/data=!3m1!1e3"
78477,MALUKU,KAB. SERAM BAGIAN BARAT,Taniwel Timur,-2.98509276,128.7521238,88956a14d9fffff,0.0,4.0,32.0,<500,5,KOPERASI DESA MERAH PUTIH WARALOIN,Waraloin,Sedang Diverifikasi,KOPERASI,658.3681640625,80.97833251953125,10.0,Tree cover,True,True,False,True,True,4,"https://www.google.com/maps/@-2.98509276,128.7521238,250m/data=!3m1!1e3"
79568,MALUKU,KAB. BURU SELATAN,Namrole,-3.70310332,126.7282381,8895442a25fffff,0.0,4.0,290.0,<500,5,KOPERASI DESA MERAH PUTIH LEKTAMA,,,,290.1813049316406,130.82839965820312,10.0,Tree cover,True,True,False,True,True,4,"https://www.google.com/maps/@-3.70310332,126.7282381,250m/data=!3m1!1e3"
48992,MALUKU,KAB. BURU SELATAN,Leksula,-3.47858021,126.2897066,8895441a9dfffff,0.0,4.0,54.0,<500,5,KOPERASI DESA MERAH PUTIH WAEMULANG,Waemulang,Sedang Diverifikasi,KOPERASI,1030.6025390625,118.67742919921875,10.0,Tree cover,True,True,False,True,True,4,"https://www.google.com/maps/@-3.47858021,126.2897066,250m/data=!3m1!1e3"
60133,SULAWESI TENGGARA,KAB. KONAWE UTARA,Lasolo,-3.6837516,122.1223995,88952949a7fffff,0.0,4.0,227.0,<500,5,KOPERASI DESA MERAH PUTIH OTOLE,,,,362.5506896972656,113.45401000976562,10.0,Tree cover,True,True,False,True,True,4,"https://www.google.com/maps/@-3.6837516,122.1223995,250m/data=!3m1!1e3"
15062,SULAWESI TENGAH,KAB. PARIGI MOUTONG,Moutong,0.57764323,121.168865,8868d534a7fffff,0.0,4.0,441.0,<500,5,KOPERASI DESA MERAH PUTIH SALUMPENGUT,,,,374.6169128417969,113.07974243164062,10.0,Tree cover,True,True,False,True,True,4,"https://www.google.com/maps/@0.57764323,121.168865,250m/data=!3m1!1e3"
15094,SULAWESI TENGAH,KAB. PARIGI MOUTONG,Moutong,0.60476718,121.1420915,8868d534edfffff,0.0,4.0,49.0,<500,5,KOPERASI DESA MERAH PUTIH MBELANG MBELANG,,,,764.8217163085938,65.52093505859375,10.0,Tree cover,True,True,False,True,True,4,"https://www.google.com/maps/@0.60476718,121.1420915,250m/data=!3m1!1e3"
39261,SULAWESI TENGAH,KAB. POSO,Poso Pesisir Selatan,-1.60780518,120.5501536,8868d2248dfffff,0.0,4.0,554.0,500-2k,5,KOPERASI DESA MERAH PUTIH SANGGINORA,Sangginora,Terverifikasi,Agrinas,1395.0338134765625,98.59619140625,10.0,Tree cover,True,True,False,True,True,4,"https://www.google.com/maps/@-1.60780518,120.5501536,250m/data=!3m1!1e3"
25799,SULAWESI TENGAH,KAB. DONGGALA,Rio Pakava,-1.34448075,119.7452241,8868d2891bfffff,0.0,4.0,149.0,<500,5,KOPERASI DESA MERAH PUTIH LALUNDU KECAMATAN RIO PAKAVA,Lalundu,Terverifikasi,Agrinas,1215.76953125,86.3345947265625,10.0,Tree cover,True,True,False,True,True,4,"https://www.google.com/maps/@-1.34448075,119.7452241,250m/data=!3m1!1e3"
86799,MALUKU UTARA,KAB. HALMAHERA SELATAN,Obi,-1.45140003,127.6421446,88956120c7fffff,0.0,4.0,451.0,<500,5,KOPERASI DESA MERAH PUTIH BUTON,Buton,Sedang Diverifikasi,KOPERASI,990.099365234375,102.4647216796875,10.0,Tree cover,True,True,False,True,True,4,"https://www.google.com/maps/@-1.45140003,127.6421446,250m/data=!3m1!1e3"
81473,PAPUA BARAT DAYA,KAB. MAYBRAT,Mare,-0.97439335,132.2818319,8872b59707fffff,0.0,4.0,786.0,500-2k,5,KOPERASI DESA MERAH PUTIH KUBER KAMPUNG SUSWA DISTRIK MARE KABUPATEN MAYBRAT,,,,255.077392578125,69.40863037109375,10.0,Tree cover,True,True,False,True,True,4,"https://www.google.com/maps/@-0.97439335,132.2818319,250m/data=!3m1!1e3"
58122,PAPUA BARAT DAYA,KAB. RAJA AMPAT,Meos Mansar,-0.4920489,130.5301997,88739a8e8dfffff,0.0,4.0,817.0,500-2k,5,KOPERASI DESA MERAH PUTIH KAPISAWAR,Kapisawar,Sedang Diverifikasi,PMO,126.53294372558594,60.70692443847656,10.0,Tree cover,True,True,False,True,True,4,"https://www.google.com/maps/@-0.4920489,130.5301997,250m/data=!3m1!1e3"
82334,PAPUA BARAT DAYA,KAB. TAMBRAUW,Kwesefo,-0.55662313,132.3711997,8872a6c837fffff,0.0,4.0,416.0,<500,5,KOPERASI DESA MERAH PUTIH KRANFOTSU,,,,992.8325805664062,108.7435302734375,10.0,Tree cover,True,True,False,True,True,4,"https://www.google.com/maps/@-0.55662313,132.3711997,250m/data=!3m1!1e3"
86678,PAPUA BARAT DAYA,KAB. TAMBRAUW,Abun,-0.41894367,132.6678599,8872a61a03fffff,0.0,4.0,175.0,<500,5,KOPERASI DESA MERAH PUTIH SYUKWO,,,,779.958740234375,109.26422119140625,10.0,Tree cover,True,True,False,True,True,4,"https://www.google.com/maps/@-0.41894367,132.6678599,250m/data=!3m1!1e3"
88251,PAPUA BARAT DAYA,KAB. TAMBRAUW,Abun,-0.47215648,132.76015709,8872a61899fffff,0.0,4.0,74.0,<500,5,KOPERASI DESA MERAH PUTIH WAU,,,,526.5167236328125,108.5206298828125,10.0,Tree cover,True,True,False,True,True,4,"https://www.google.com/maps/@-0.47215648,132.76015709,250m/data=!3m1!1e3"
87243,PAPUA BARAT DAYA,KAB. TAMBRAUW,Tinggouw,-0.68047103,132.6230335,8872a655c5fffff,0.0,4.0,53.0,<500,5,KOPERASI DESA MERAH PUTIH RURIAI,,,,1257.19189453125,104.9053955078125,10.0,Tree cover,True,True,False,True,True,4,"https://www.google.com/maps/@-0.68047103,132.6230335,250m/data=!3m1!1e3"
88525,PAPUA BARAT DAYA,KAB. TAMBRAUW,Yembun,-0.82859122,132.2780316,88739b2cc9fffff,0.0,4.0,395.0,<500,5,KOPERASI DESA MERAH PUTIH SUMBEKAS,,,,599.8399047851562,172.43557739257812,10.0,Tree cover,True,True,False,True,True,4,"https://www.google.com/maps/@-0.82859122,132.2780316,250m/data=!3m1!1e3"
89874,PAPUA BARAT DAYA,KAB. TAMBRAUW,Kebar Selatan,-1.18518471,133.12745604,8872a2d0b7fffff,0.0,4.0,43.0,<500,5,KOPERASI DESA MERAH PUTIH TOSROR MANDIRI,,,,1004.5856323242188,88.68353271484375,10.0,Tree cover,True,True,False,True,True,4,"https://www.google.com/maps/@-1.18518471,133.12745604,250m/data=!3m1!1e3"
89376,PAPUA BARAT DAYA,KAB. TAMBRAUW,Moraid,-0.6136734,132.01037761,88739b3025fffff,0.0,4.0,480.0,<500,5,KOPERASI DESA MERAH PUTIH WARMANEN JOKNDA,,,,164.52658081054688,69.95173645019531,10.0,Tree cover,True,True,False,True,True,4,"https://www.google.com/maps/@-0.6136734,132.01037761,250m/data=!3m1!1e3"
88852,PAPUA,KAB. SARMI,Sarmi Selatan,-2.10754447,138.60698011,88728d8681fffff,0.0,4.0,321.0,<500,5,KOPERASI DESA MERAH PUTIH MUNUKANIA,,,,227.49900817871094,83.48759460449219,10.0,Tree cover,True,True,False,True,True,4,"https://www.google.com/maps/@-2.10754447,138.60698011,250m/data=!3m1!1e3"
90294,PAPUA,KAB. SARMI,Tor Atas,-2.40631525,138.58720799,88728d1623fffff,0.0,4.0,83.0,<500,5,KOPERASI DESA MERAH PUTIH BORA BORA,,,,442.0710144042969,140.7423095703125,10.0,Tree cover,True,True,False,True,True,4,"https://www.google.com/maps/@-2.40631525,138.58720799,250m/data=!3m1!1e3"
86441,PAPUA BARAT,KAB. TELUK BINTUNI,Biscoop,-1.52203103,133.4543674,8872a20b2dfffff,0.0,4.0,139.0,<500,5,KOPERASI DESA MERAH PUTIH MEYORGA,Meyorga,Sedang Diverifikasi,KOPERASI,731.120849609375,62.8677978515625,10.0,Tree cover,True,True,False,True,True,4,"https://www.google.com/maps/@-1.52203103,133.4543674,250m/data=!3m1!1e3"
79775,PAPUA BARAT,KAB. TELUK BINTUNI,Dataran Beimes,-1.72045123,133.7814267,8872a26281fffff,0.0,4.0,261.0,<500,5,KOPERASI DESA MERAH PUTIH HORNA,,,,445.8655700683594,89.40206909179688,10.0,Tree cover,True,True,False,True,True,4,"https://www.google.com/maps/@-1.72045123,133.7814267,250m/data=!3m1!1e3"
85360,PAPUA BARAT,KAB. TELUK BINTUNI,Tuhiba,-1.85267691,133.3766914,8872a24d55fffff,0.0,4.0,59.0,<500,5,KOPERASI DESA MERAH PUTIH KUCIR,Kucir,Sedang Diverifikasi,BUSINESS ASSISTANCE,163.00482177734375,131.99234008789062,10.0,Tree cover,True,True,False,True,True,4,"https://www.google.com/maps/@-1.85267691,133.3766914,250m/data=!3m1!1e3"
91258,PAPUA BARAT,KAB. TELUK WONDAMA,Windesi,-2.60460106,134.29026797,88728444b5fffff,0.0,4.0,866.0,500-2k,5,KOPERASI DESA MERAH PUTIH KAMPUNG SANDEY,,,,209.55752563476562,77.78338623046875,10.0,Tree cover,True,True,False,True,True,4,"https://www.google.com/maps/@-2.60460106,134.29026797,250m/data=!3m1!1e3"
72502,BENGKULU,KAB. MUKOMUKO,Selagan Raya,-2.44902251,101.4149052,888cd5c61bfffff,0.0,5.0,316.0,<500,5,KOPERASI DESA MERAH PUTIH LUBUK BANGKO KECAMATAN SELAGAN RAYA,Lubuk Bangko,Terverifikasi,Agrinas,299.459228515625,79.23519897460938,10.0,Tree cover,True,True,False,True,True,4,"https://www.google.com/maps/@-2.44902251,101.4149052,250m/data=!3m1!1e3"
31534,GORONTALO,KAB. POHUWATO,Taluditi,0.82660268,121.8212007,8868c2159bfffff,0.0,5.0,157.0,<500,5,KOPERASI DESA MERAH PUTIH MAKARTI JAYA KECAMATAN TALUDITI,Makarti Jaya,Terverifikasi,Agrinas,503.5547180175781,110.38388061523438,10.0,Tree cover,True,True,False,True,True,4,"https://www.google.com/maps/@0.82660268,121.8212007,250m/data=!3m1!1e3"
85281,SULAWESI UTARA,KAB. BOLAANG MONGONDOW UTARA,Bintauna,0.68575941,123.5962175,8868ce4acbfffff,0.0,5.0,52.0,<500,5,KOPERASI DESA MERAH PUTIH HUNTUK,Huntuk,Sedang Diverifikasi,TNI,518.0947265625,75.58334350585938,10.0,Tree cover,True,True,False,True,True,4,"https://www.google.com/maps/@0.68575941,123.5962175,250m/data=!3m1!1e3"
34285,SULAWESI UTARA,KAB. BOLAANG MONGONDOW,Dumoga Utara,0.6522472,123.7924244,8868ce4cd1fffff,0.0,5.0,28.0,<500,5,KOPERASI DESA MERAH PUTIH MOPUGAD UTARA,Mopugad Utara,Sedang Diverifikasi,KOPERASI,543.3880615234375,64.29229736328125,10.0,Tree cover,True,True,False,True,True,4,"https://www.google.com/maps/@0.6522472,123.7924244,250m/data=!3m1!1e3"
17976,KALIMANTAN TIMUR,KAB. KUTAI KARTANEGARA,Tabang,0.70360197,115.939129,88688115bdfffff,0.0,5.0,64.0,<500,5,KOPERASI DESA MERAH PUTIH TABANG LAMA,,,,214.4896240234375,67.3560791015625,10.0,Tree cover,True,True,False,True,True,4,"https://www.google.com/maps/@0.70360197,115.939129,250m/data=!3m1!1e3"
45221,KALIMANTAN TIMUR,KAB. PASER,Batu Sopang,-1.5783675,115.9894173,88689d4185fffff,0.0,5.0,313.0,<500,5,KOPERASI DESA MERAH PUTIH RANTAU LAYUNG,,,,396.74871826171875,86.88815307617188,10.0,Tree cover,True,True,False,True,True,4,"https://www.google.com/maps/@-1.5783675,115.9894173,250m/data=!3m1!1e3"
60098,KALIMANTAN TIMUR,KAB. MAHAKAM ULU,Long Bagun,0.60132493,115.2898574,886881db31fffff,0.0,5.0,676.0,500-2k,5,KOPERASI DESA MERAH PUTIH UJOH BILANG,Ujoh Bilang,Terverifikasi,PMO,333.9866943359375,110.51580810546875,10.0,Tree cover,True,True,False,True,True,4,"https://www.google.com/maps/@0.60132493,115.2898574,250m/data=!3m1!1e3"
78658,SUMATERA BARAT,KAB. PESISIR SELATAN,Linggo Sari Baganti,-1.77324269,101.0233136,888cd5686bfffff,0.0,5.0,36.0,<500,5,KOPERASI DESA MERAH PUTIH NAGARI PUNGGASAN TIMUR PESISIR SELATAN,Punggasan Timur,Tidak Ada Lahan,,1182.558349609375,68.6318359375,10.0,Tree cover,True,True,False,True,True,4,"https://www.google.com/maps/@-1.77324269,101.0233136,250m/data=!3m1!1e3"
5801,ACEH,KAB. BENER MERIAH,Syiah Utama,4.73814144,97.28940379,886556c287fffff,0.0,5.0,88.0,<500,5,KOPERASI DESA MERAH PUTIH SYARIAH PASIR PUTIH KECAMATAN SYIAH UTAMA,Pasir Putih,Tidak Ada Lahan,,293.5690612792969,112.32785034179688,10.0,Tree cover,True,True,False,True,True,4,"https://www.google.com/maps/@4.73814144,97.28940379,250m/data=!3m1!1e3"
59329,ACEH,KAB. ACEH SELATAN,Kluet Tengah,3.51508429,97.39019709,886509b581fffff,0.0,5.0,22.0,<500,5,KOPERASI DESA MERAH PUTIH SYARIAH GAMPONG KAMPUNG SAWAH KECAMATAN KLUET TENGAH,Kampung Sawah,Tidak Ada Lahan,,1523.1761474609375,131.4705810546875,10.0,Tree cover,True,True,False,True,True,4,"https://www.google.com/maps/@3.51508429,97.39019709,250m/data=!3m1!1e3"
48255,ACEH,KAB. ACEH TENGAH,Linge,4.29592401,97.29324426,886556936dfffff,0.0,5.0,32.0,<500,5,KOPERASI DESA MERAH PUTIH SYARIAH KUTE REJE KECAMATAN LINGE,Kute Reje,Sedang Diverifikasi,KOPERASI,1214.8636474609375,123.7628173828125,10.0,Tree cover,True,True,False,True,True,4,"https://www.google.com/maps/@4.29592401,97.29324426,250m/data=!3m1!1e3"
76053,ACEH,KAB. BIREUEN,Jeunieb,4.98603164,96.46339242,8865562aa5fffff,0.0,5.0,34.0,<500,5,KOPERASI DESA MERAH PUTIH SYARIAH GAMPONG ALUE LAMSABA,Alue Lamsaba,Sedang Diverifikasi,BUSINESS ASSISTANCE,767.736083984375,104.01605224609375,10.0,Tree cover,True,True,False,True,True,4,"https://www.google.com/maps/@4.98603164,96.46339242,250m/data=!3m1!1e3"
92510,PAPUA PEGUNUNGAN,KAB. YAHUKIMO,Wusama,-0.80486752,132.2577546,88739b2ee7fffff,0.0,5.0,456.0,<500,5,KOPERASI DESA MERAH PUTIH WALKUMA,,,,511.9151306152344,92.9287109375,10.0,Tree cover,True,True,False,True,True,4,"https://www.google.com/maps/@-0.80486752,132.2577546,250m/data=!3m1!1e3"
56594,KEPULAUAN RIAU,KAB. KEPULAUAN ANAMBAS,Siantan Timur,3.14088922,106.4285699,886996c85bfffff,0.0,5.0,45.0,<500,5,KOPERASI DESA MERAH PUTIH BATU BELAH KECAMATAN SIANTAN TIMUR,Batu Belah,Sedang Diverifikasi,Agrinas,303.7097473144531,74.56001281738281,10.0,Tree cover,True,True,False,True,True,4,"https://www.google.com/maps/@3.14088922,106.4285699,250m/data=!3m1!1e3"
13053,KALIMANTAN UTARA,KAB. MALINAU,Kayan Hulu,1.83412226,114.9770486,8868859193fffff,0.0,5.0,198.0,<500,5,KOPERASI DESA MERAH PUTIH LONG PAYAU,,,,935.6087036132812,61.9920654296875,10.0,Tree cover,True,True,False,True,True,4,"https://www.google.com/maps/@1.83412226,114.9770486,250m/data=!3m1!1e3"
80114,KALIMANTAN UTARA,KAB. MALINAU,Mentarang,3.49982323,116.2074799,8868ac2221fffff,0.0,5.0,35.0,<500,5,KOPERASI DESA MERAH PUTIH HARAPAN MAJU KECAMATAN MENTARANG,Harapan Maju,Sedang Diverifikasi,KEMENTERIAN KESEHATAN,276.1084899902344,164.38169860839844,10.0,Tree cover,True,True,False,True,True,4,"https://www.google.com/maps/@3.49982323,116.2074799,250m/data=!3m1!1e3"
25431,KALIMANTAN UTARA,KAB. MALINAU,Mentarang Hulu,3.88143345,116.0995908,8868aca2e5fffff,0.0,5.0,309.0,<500,5,KOPERASI DESA MERAH PUTIH LUNG BERANG,,,,872.1368408203125,100.7431640625,10.0,Tree cover,True,True,False,True,True,4,"https://www.google.com/maps/@3.88143345,116.0995908,250m/data=!3m1!1e3"
38895,MALUKU,KAB. KEPULAUAN ARU,Pulau-Pulau Aru,-5.785108,134.4792035,8872916e61fffff,0.0,5.0,167.0,<500,5,KOPERASI DESA MERAH PUTIH TUNGUWATU,,,,51.44740676879883,65.6158676147461,10.0,Tree cover,True,True,False,True,True,4,"https://www.google.com/maps/@-5.785108,134.4792035,250m/data=!3m1!1e3"
83203,MALUKU,KAB. SERAM BAGIAN TIMUR,Kilmury,-3.55840923,130.45067,88954d8e33fffff,0.0,5.0,415.0,<500,5,KOPERASI DESA MERAH PUTIH NEGERI ADMINISTRATIF MISING,Mising,Sedang Diverifikasi,KOPERASI,400.90185546875,120.0360107421875,10.0,Tree cover,True,True,False,True,True,4,"https://www.google.com/maps/@-3.55840923,130.45067,250m/data=!3m1!1e3"
21567,MALUKU,KAB. BURU,Fena Leisela,-3.21465064,126.5371228,889544b8edfffff,0.0,5.0,327.0,<500,5,KOPERASI DESA MERAH PUTIH WAMLANA,Wamlana,Terverifikasi,Agrinas,1063.5634765625,93.1221923828125,10.0,Tree cover,True,True,False,True,True,4,"https://www.google.com/maps/@-3.21465064,126.5371228,250m/data=!3m1!1e3"
70772,SULAWESI TENGAH,KAB. BANGGAI,Toili,-1.25656493,122.1986388,8868de0ecbfffff,0.0,5.0,623.0,500-2k,5,KOPERASI DESA MERAH PUTIH UEMEA KECAMATAN TOILI,Ue Mea,Terverifikasi,Agrinas,660.1968994140625,122.995361328125,10.0,Tree cover,True,True,False,True,True,4,"https://www.google.com/maps/@-1.25656493,122.1986388,250m/data=!3m1!1e3"
7571,SULAWESI TENGAH,KAB. TOJO UNA UNA,Tojo,-1.18978841,121.3446014,8868d3ac63fffff,0.0,5.0,848.0,500-2k,5,KOPERASI DESA MERAH PUTIH PODI,Podi,Terverifikasi,KOPERASI,489.67364501953125,118.60980224609375,10.0,Tree cover,True,True,False,True,True,4,"https://www.google.com/maps/@-1.18978841,121.3446014,250m/data=!3m1!1e3"
6181,SULAWESI TENGAH,KAB. MOROWALI UTARA,Bungku Utara,-1.58056244,121.4788001,8868d32c6dfffff,0.0,5.0,39.0,<500,5,KOPERASI DESA MERAH PUTIH TARONGGO,Taronggo,Terverifikasi,KOPERASI,924.9598388671875,107.4693603515625,10.0,Tree cover,True,True,False,True,True,4,"https://www.google.com/maps/@-1.58056244,121.4788001,250m/data=!3m1!1e3"
88826,MALUKU UTARA,KAB. HALMAHERA TIMUR,Kota Maba,0.70503949,128.04787911,8873900e17fffff,0.0,5.0,153.0,<500,5,KOPERASI DESA MERAH PUTIH MABA SANGAJI,,,,533.700927734375,78.37643432617188,10.0,Tree cover,True,True,False,True,True,4,"https://www.google.com/maps/@0.70503949,128.04787911,250m/data=!3m1!1e3"
87842,MALUKU UTARA,KAB. HALMAHERA TIMUR,Wasile Utara,1.4523866,128.47636297,8873956005fffff,0.0,5.0,209.0,<500,5,KOPERASI DESA MERAH PUTIH MAJIKO TONGONE,,,,597.5352172851562,64.9141845703125,10.0,Tree cover,True,True,False,True,True,4,"https://www.google.com/maps/@1.4523866,128.47636297,250m/data=!3m1!1e3"
88127,MALUKU UTARA,KAB. HALMAHERA TIMUR,Maba Tengah,1.07318371,128.43685049,887391da61fffff,0.0,5.0,672.0,500-2k,5,KOPERASI DESA MERAH PUTIH WAYAMLI,Wayamli,Sedang Diverifikasi,BUSINESS ASSISTANCE,439.8546142578125,74.42788696289062,10.0,Tree cover,True,True,False,True,True,4,"https://www.google.com/maps/@1.07318371,128.43685049,250m/data=!3m1!1e3"
88201,PAPUA BARAT DAYA,KAB. MAYBRAT,Aifat Timur Jauh,-1.2159139,132.79770908,8872b5a095fffff,0.0,5.0,49.0,<500,5,KOPERASI DESA MERAH PUTIH KAMPUNG TIEFROMEN,Tiefromen,Sedang Diverifikasi,KOPERASI,427.7192077636719,76.2327880859375,10.0,Tree cover,True,True,False,True,True,4,"https://www.google.com/maps/@-1.2159139,132.79770908,250m/data=!3m1!1e3"
90659,PAPUA BARAT DAYA,KAB. SORONG,Sunook,-0.8127756,132.24765028,88739b2c5bfffff,0.0,5.0,453.0,<500,5,KOPERASI DESA MERAH PUTIH KAMPUNG KETAWAS,,,,754.7232055664062,120.71197509765625,10.0,Tree cover,True,True,False,True,True,4,"https://www.google.com/maps/@-0.8127756,132.24765028,250m/data=!3m1!1e3"
87494,PAPUA BARAT DAYA,KAB. TAMBRAUW,Miyah Selatan,-0.92768287,132.64148196,8872a64c65fffff,0.0,5.0,424.0,<500,5,KOPERASI DESA MERAH PUTIH HEWI,,,,553.7986450195312,137.27923583984375,10.0,Tree cover,True,True,False,True,True,4,"https://www.google.com/maps/@-0.92768287,132.64148196,250m/data=!3m1!1e3"
91520,PAPUA BARAT DAYA,KAB. TAMBRAUW,Senopi,-0.84458463,132.68899812,8872a64ec9fffff,0.0,5.0,818.0,500-2k,5,KOPERASI DESA MERAH PUTIH HOBIAH,,,,1356.1002197265625,88.462646484375,10.0,Tree cover,True,True,False,True,True,4,"https://www.google.com/maps/@-0.84458463,132.68899812,250m/data=!3m1!1e3"
88124,PAPUA BARAT DAYA,KAB. TAMBRAUW,Amberbaken Barat,-0.55635655,132.94338011,8872a60c4bfffff,0.0,5.0,973.0,500-2k,5,KOPERASI DESA MERAH PUTIH IMBUAN,,,,1059.405029296875,169.0682373046875,10.0,Tree cover,True,True,False,True,True,4,"https://www.google.com/maps/@-0.55635655,132.94338011,250m/data=!3m1!1e3"
88543,PAPUA BARAT DAYA,KAB. TAMBRAUW,Amberbaken Barat,-0.59011198,133.02740943,8872a60c9dfffff,0.0,5.0,988.0,500-2k,5,KOPERASI DESA MERAH PUTIH SASUI,,,,1076.227783203125,138.2410888671875,10.0,Tree cover,True,True,False,True,True,4,"https://www.google.com/maps/@-0.59011198,133.02740943,250m/data=!3m1!1e3"
89146,PAPUA BARAT DAYA,KAB. TAMBRAUW,Tobouw,-0.50714153,132.65654707,8872a61953fffff,0.0,5.0,47.0,<500,5,KOPERASI DESA MERAH PUTIH KRISNOS,,,,568.0924682617188,75.66973876953125,10.0,Tree cover,True,True,False,True,True,4,"https://www.google.com/maps/@-0.50714153,132.65654707,250m/data=!3m1!1e3"
15126,KALIMANTAN BARAT,KAB. KAPUAS HULU,Putussibau Utara,1.00216618,113.0865592,8868b11705fffff,0.0,6.0,72.0,<500,5,KOPERASI DESA MERAH PUTIH PADUA MENDALAM,Padua Mendalam,Sedang Diverifikasi,BUSINESS ASSISTANCE,234.5958251953125,60.66853332519531,10.0,Tree cover,True,True,False,True,True,4,"https://www.google.com/maps/@1.00216618,113.0865592,250m/data=!3m1!1e3"
11869,GORONTALO,KAB. POHUWATO,Taluditi,0.75428865,121.8943539,8868c20411fffff,0.0,6.0,90.0,<500,5,KOPERASI DESA MERAH PUTIH PUNCAK JAYA KECAMATAN TALUDITI,Puncak Jaya,Terverifikasi,Agrinas,286.06292724609375,106.32839965820312,10.0,Tree cover,True,True,False,True,True,4,"https://www.google.com/maps/@0.75428865,121.8943539,250m/data=!3m1!1e3"
3309,SULAWESI UTARA,KAB. BOLAANG MONGONDOW SELATAN,Posigadan,0.45521831,123.53917392,8868dd8417fffff,0.0,6.0,95.0,<500,5,KOPERASI DESA MERAH PUTIH SAIBUAH POSIGADAN,Saibuah,Terverifikasi,BUSINESS ASSISTANCE,485.6613464355469,72.86495971679688,10.0,Tree cover,True,True,False,True,True,4,"https://www.google.com/maps/@0.45521831,123.53917392,250m/data=!3m1!1e3"
70127,ACEH,KAB. NAGAN RAYA,Darul Makmur,4.16114079,96.71705219,8865544c09fffff,0.0,6.0,48.0,<500,5,KOPERASI DESA MERAH PUTIH SYARIAH GAMPONG ALUE RAMBOT,,,,718.0147705078125,204.5439453125,10.0,Tree cover,True,True,False,True,True,4,"https://www.google.com/maps/@4.16114079,96.71705219,250m/data=!3m1!1e3"
35903,ACEH,KAB. BIREUEN,Peulimbang,4.99620212,96.49668739,8865562847fffff,0.0,6.0,37.0,<500,5,KOPERASI DESA MERAH PUTIH SYARIAH GAMPONG GARAB PEULIMBANG,Garab,Terverifikasi,Agrinas,661.2408447265625,90.3876953125,10.0,Tree cover,True,True,False,True,True,4,"https://www.google.com/maps/@4.99620212,96.49668739,250m/data=!3m1!1e3"
40224,KALIMANTAN UTARA,KAB. MALINAU,Mentarang Hulu,3.93996776,116.336872,8868add353fffff,0.0,6.0,9.0,<500,5,KOPERASI DESA MERAH PUTIH LUNG SIMAU,,,,481.841552734375,99.44403076171875,10.0,Tree cover,True,True,False,True,True,4,"https://www.google.com/maps/@3.93996776,116.336872,250m/data=!3m1!1e3"
84064,MALUKU,KAB. BURU SELATAN,Fena Fafan,-3.4600928,126.4466945,8895440283fffff,0.0,6.0,993.0,500-2k,5,KOPERASI DESA MERAH PUTIH WAERAMAN,,,,833.4961547851562,60.2403564453125,10.0,Tree cover,True,True,False,True,True,4,"https://www.google.com/maps/@-3.4600928,126.4466945,250m/data=!3m1!1e3"
67178,MALUKU,KAB. SERAM BAGIAN TIMUR,Werinama,-3.40709134,130.2631173,88954d9187fffff,0.0,6.0,50.0,<500,5,KOPERASI DESA MERAH PUTIH NEGERI HATUIMETEN,Hatuimeten,Terverifikasi,KOPERASI,433.74298095703125,68.30010986328125,10.0,Tree cover,True,True,False,True,True,4,"https://www.google.com/maps/@-3.40709134,130.2631173,250m/data=!3m1!1e3"
93718,PAPUA BARAT DAYA,KAB. RAJA AMPAT,Misool (Misool Utara),-1.87873019,130.03783078,8895691a8bfffff,0.0,6.0,17.0,<500,5,KOPERASI DESA MERAH PUTIH IT TOBEFI,,,,181.7289581298828,92.48331451416016,10.0,Tree cover,True,True,False,True,True,4,"https://www.google.com/maps/@-1.87873019,130.03783078,250m/data=!3m1!1e3"
88103,PAPUA BARAT DAYA,KAB. TAMBRAUW,Fef,-0.87017908,132.48866892,8872a64a55fffff,0.0,6.0,910.0,500-2k,5,KOPERASI DESA MERAH PUTIH KAMPUNG IWIN,,,,605.07080078125,129.02752685546875,10.0,Tree cover,True,True,False,True,True,4,"https://www.google.com/maps/@-0.87017908,132.48866892,250m/data=!3m1!1e3"
88255,PAPUA BARAT DAYA,KAB. TAMBRAUW,Sausapor,-0.60905141,132.14884051,88739b3501fffff,0.0,6.0,66.0,<500,5,KOPERASI DESA MERAH PUTIH NANGGOUW,Nanggou,Terverifikasi,Agrinas,556.446044921875,107.89837646484375,10.0,Tree cover,True,True,False,True,True,4,"https://www.google.com/maps/@-0.60905141,132.14884051,250m/data=!3m1!1e3"
90134,PAPUA BARAT DAYA,KAB. TAMBRAUW,Amberbaken,-0.65296731,133.08233951,8872a676c7fffff,0.0,6.0,53.0,<500,5,KOPERASI DESA MERAH PUTIH SAUKOREM,,,,649.5531616210938,106.8753662109375,10.0,Tree cover,True,True,False,True,True,4,"https://www.google.com/maps/@-0.65296731,133.08233951,250m/data=!3m1!1e3"
88710,PAPUA BARAT DAYA,KAB. TAMBRAUW,Syujak,-0.63808086,132.40753363,8872a65357fffff,0.0,6.0,317.0,<500,5,KOPERASI DESA MERAH PUTIH SYUJAK,,,,1257.756103515625,76.987060546875,10.0,Tree cover,True,True,False,True,True,4,"https://www.google.com/maps/@-0.63808086,132.40753363,250m/data=!3m1!1e3"
90244,PAPUA,KAB. MAMBERAMO RAYA,Mamberamo Tengah,-2.28064964,138.13087415,88728dd649fffff,0.0,6.0,333.0,<500,5,KOPERASI DESA MERAH PUTIH KASONAWEJA,Kasonaweja,Sedang Diverifikasi,KOPERASI,235.526611328125,60.35137939453125,10.0,Tree cover,True,True,False,True,True,4,"https://www.google.com/maps/@-2.28064964,138.13087415,250m/data=!3m1!1e3"
88913,PAPUA,KAB. MAMBERAMO RAYA,Mamberamo Hilir,-2.21850468,137.76401495,88728cb6cbfffff,0.0,6.0,166.0,<500,5,KOPERASI DESA MERAH PUTIH TAYA,,,,304.1593322753906,98.02403259277344,10.0,Tree cover,True,True,False,True,True,4,"https://www.google.com/maps/@-2.21850468,137.76401495,250m/data=!3m1!1e3"
39945,PAPUA BARAT,KAB. MANOKWARI,Sidey,-0.96811991,133.61392332,8872a2858dfffff,0.0,6.0,90.0,<500,5,KOPERASI DESA MERAH PUTIH WARAMUI DISTRIK SIDEY,Waramui,Terverifikasi,Agrinas,1565.4066162109375,118.8314208984375,10.0,Tree cover,True,True,False,True,True,4,"https://www.google.com/maps/@-0.96811991,133.61392332,250m/data=!3m1!1e3"
48588,PAPUA BARAT,KAB. MANOKWARI,Tanah Rubuh,-1.13387927,134.0051468,8872a2ac1bfffff,0.0,6.0,894.0,500-2k,5,KOPERASI DESA MERAH PUTIH UKOPTI,,,,1778.4290771484375,161.4412841796875,10.0,Tree cover,True,True,False,True,True,4,"https://www.google.com/maps/@-1.13387927,134.0051468,250m/data=!3m1!1e3"
86408,SULAWESI UTARA,KAB. BOLAANG MONGONDOW UTARA,Bolangitang Timur,0.69184899,123.504076,8868ce5999fffff,0.0,7.0,112.0,<500,5,KOPERASI DESA MERAH PUTIH BIONTONG II,,,,647.7681884765625,76.082763671875,10.0,Tree cover,True,True,False,True,True,4,"https://www.google.com/maps/@0.69184899,123.504076,250m/data=!3m1!1e3"
50297,RIAU,KAB. KAMPAR,Kampar Kiri Hulu,-0.25882923,100.8855303,888cd3563dfffff,0.0,7.0,873.0,500-2k,5,KOPERASI DESA MERAH PUTIH PANGKALAN SERAI,Pangkalan Serai,Terverifikasi,KOPERASI,567.1400756835938,103.8990478515625,10.0,Tree cover,True,True,False,True,True,4,"https://www.google.com/maps/@-0.25882923,100.8855303,250m/data=!3m1!1e3"
43309,ACEH,KAB. BIREUEN,Simpang Mamplam,5.05916816,96.36640546,886552921bfffff,0.0,7.0,299.0,<500,5,KOPERASI DESA MERAH PUTIH SYARIAH GAMPONG IE RHOB BABAH LUENG,Ie Rhob Babah Lueng,Terverifikasi,Agrinas,649.1771850585938,161.32366943359375,10.0,Tree cover,True,True,False,True,True,4,"https://www.google.com/maps/@5.05916816,96.36640546,250m/data=!3m1!1e3"
81977,KALIMANTAN UTARA,KAB. BULUNGAN,Peso,2.72864053,116.7081439,8868a804e1fffff,0.0,7.0,474.0,<500,5,KOPERASI DESA MERAH PUTIH LONG PESO,Long Peso,Sedang Diverifikasi,KEMENTERIAN KESEHATAN,248.67327880859375,76.11582946777344,10.0,Tree cover,True,True,False,True,True,4,"https://www.google.com/maps/@2.72864053,116.7081439,250m/data=!3m1!1e3"
66050,SULAWESI TENGAH,KAB. TOJO UNA UNA,Tojo,-1.37155207,121.33937,8868d331d7fffff,0.0,7.0,368.0,<500,5,KOPERASI DESA MERAH PUTIH TOJO,Tojo,Terverifikasi,KOPERASI,1079.257080078125,124.94244384765625,10.0,Tree cover,True,True,False,True,True,4,"https://www.google.com/maps/@-1.37155207,121.33937,250m/data=!3m1!1e3"
80082,SULAWESI TENGAH,KAB. MOROWALI,Bungku Tengah,-2.65286137,121.8206019,88952d633bfffff,0.0,7.0,146.0,<500,5,KOPERASI DESA MERAH PUTIH BENTE KECAMATAN BUNGKU TENGAH,Bente,Sedang Diverifikasi,KOPERASI,575.423828125,90.22650146484375,10.0,Tree cover,True,True,False,True,True,4,"https://www.google.com/maps/@-2.65286137,121.8206019,250m/data=!3m1!1e3"
88906,PAPUA BARAT DAYA,KAB. MAYBRAT,Aifat Utara,-1.02624272,132.53108438,8872a649a3fffff,0.0,7.0,522.0,500-2k,5,KOPERASI DESA MERAH PUTIH KAMPUNG HOWAIT,Howait,Sedang Diverifikasi,KOPERASI,550.646728515625,100.85623168945312,10.0,Tree cover,True,True,False,True,True,4,"https://www.google.com/maps/@-1.02624272,132.53108438,250m/data=!3m1!1e3"
90543,PAPUA BARAT DAYA,KAB. SORONG,Beraur,-1.22492866,131.68428014,8872b4b4c3fffff,0.0,7.0,815.0,500-2k,5,KOPERASI DESA MERAH PUTIH SERSELION BARU,,,,182.13021850585938,61.61515808105469,10.0,Tree cover,True,True,False,True,True,4,"https://www.google.com/maps/@-1.22492866,131.68428014,250m/data=!3m1!1e3"
88276,PAPUA BARAT DAYA,KAB. TAMBRAUW,Abun,-0.5738604,132.89115057,8872a60f07fffff,0.0,7.0,37.0,<500,5,KOPERASI DESA MERAH PUTIH WAIBEM,,,,942.5510864257812,132.67205810546875,10.0,Tree cover,True,True,False,True,True,4,"https://www.google.com/maps/@-0.5738604,132.89115057,250m/data=!3m1!1e3"
88917,PAPUA BARAT DAYA,KAB. TAMBRAUW,Syujak,-0.64212459,132.47619458,8872a65053fffff,0.0,7.0,176.0,<500,5,KOPERASI DESA MERAH PUTIH IOF,,,,926.6663208007812,81.13751220703125,10.0,Tree cover,True,True,False,True,True,4,"https://www.google.com/maps/@-0.64212459,132.47619458,250m/data=!3m1!1e3"
83024,KALIMANTAN SELATAN,KAB. KOTABARU,Hampang,-2.82530541,115.6181695,88689a84d3fffff,0.0,7.0,885.0,500-2k,5,KOPERASI DESA MERAH PUTIH HULU SAMPANAHAN,,,,573.8734741210938,65.68692016601562,10.0,Tree cover,True,True,False,True,True,4,"https://www.google.com/maps/@-2.82530541,115.6181695,250m/data=!3m1!1e3"
21510,PAPUA,KAB. KEPULAUAN YAPEN,Pulau Yerui,-1.49028264,135.11589135,8872a366d7fffff,0.0,7.0,192.0,<500,5,KOPERASI DESA MERAH PUTIH AUSEM,,,,133.3673858642578,78.69357299804688,10.0,Tree cover,True,True,False,True,True,4,"https://www.google.com/maps/@-1.49028264,135.11589135,250m/data=!3m1!1e3"
38410,GORONTALO,KAB. POHUWATO,Wanggarasi,0.73587729,121.6494202,8868c2036bfffff,0.0,8.0,61.0,<500,5,KOPERASI DESA MERAH PUTIH YIPILO KECAMATAN WANGGARASI,Yipilo,Sedang Diverifikasi,Agrinas,264.77435302734375,93.73722839355469,10.0,Tree cover,True,True,False,True,True,4,"https://www.google.com/maps/@0.73587729,121.6494202,250m/data=!3m1!1e3"
45239,SUMATERA BARAT,KAB. SOLOK SELATAN,Sungai Pagu,-1.45436701,101.1646977,888cd0af29fffff,0.0,8.0,656.0,500-2k,5,KOPERASI DESA MERAH PUTIH NAGARI KOTO BARU SOLOK SELATAN,Koto Baru,Tidak Ada Lahan,,635.93701171875,115.0469970703125,10.0,Tree cover,True,True,False,True,True,4,"https://www.google.com/maps/@-1.45436701,101.1646977,250m/data=!3m1!1e3"
61031,ACEH,KAB. GAYO LUES,Blangpegayon,3.71743789,97.26015052,886554db25fffff,0.0,8.0,40.0,<500,5,KOPERASI DESA MERAH PUTIH SYARIAH BENER BARU,Bener Baru,Tidak Ada Lahan,,1945.7554931640625,122.9635009765625,10.0,Tree cover,True,True,False,True,True,4,"https://www.google.com/maps/@3.71743789,97.26015052,250m/data=!3m1!1e3"
76214,ACEH,KAB. ACEH JAYA,Jaya,5.18747628,95.44513188,886553d013fffff,0.0,8.0,762.0,500-2k,5,KOPERASI DESA MERAH PUTIH SYARIAH GAMPONG MAREU SYARIAH,,,,424.58135986328125,79.44003295898438,10.0,Tree cover,True,True,False,True,True,4,"https://www.google.com/maps/@5.18747628,95.44513188,250m/data=!3m1!1e3"
75637,KALIMANTAN UTARA,KAB. NUNUKAN,Lumbis Ogong,4.22558844,116.4298135,8868136703fffff,0.0,8.0,715.0,500-2k,5,KOPERASI DESA MERAH PUTIH TUMANTALAS,,,,555.6157836914062,90.47589111328125,10.0,Tree cover,True,True,False,True,True,4,"https://www.google.com/maps/@4.22558844,116.4298135,250m/data=!3m1!1e3"
86695,PAPUA BARAT DAYA,KAB. TAMBRAUW,Kwesefo,-0.49189945,132.4043755,8872a6cab9fffff,0.0,8.0,306.0,<500,5,KOPERASI DESA MERAH PUTIH KWESEFO,,,,639.58349609375,97.3428955078125,10.0,Tree cover,True,True,False,True,True,4,"https://www.google.com/maps/@-0.49189945,132.4043755,250m/data=!3m1!1e3"
89413,PAPUA BARAT DAYA,KAB. TAMBRAUW,Bamusbama,-0.87998857,132.27386422,88739b2dd3fffff,0.0,8.0,750.0,500-2k,5,KOPERASI DESA MERAH PUTIH BAMUSKABU,,,,317.794677734375,78.72357177734375,10.0,Tree cover,True,True,False,True,True,4,"https://www.google.com/maps/@-0.87998857,132.27386422,250m/data=!3m1!1e3"
40227,KALIMANTAN SELATAN,KAB. BANJAR,Aranio,-3.43484206,115.2847853,88689a5765fffff,0.0,8.0,79.0,<500,5,KOPERASI DESA MERAH PUTIH RANTAU BUJUR KECAMATAN ARANIO,Rantau Bujur,Sedang Diverifikasi,KOPERASI,227.1485137939453,62.50273132324219,10.0,Tree cover,True,True,False,True,True,4,"https://www.google.com/maps/@-3.43484206,115.2847853,250m/data=!3m1!1e3"
31020,PAPUA,KAB. KEPULAUAN YAPEN,Raimbawi,-1.75802267,136.62244239,8872aa1099fffff,0.0,8.0,150.0,<500,5,KOPERASI DESA MERAH PUTIH SAWENDUI,Sawendui,Tidak Ada Lahan,,346.77435302734375,67.183349609375,10.0,Tree cover,True,True,False,True,True,4,"https://www.google.com/maps/@-1.75802267,136.62244239,250m/data=!3m1!1e3"
90935,PAPUA BARAT,KAB. KAIMANA,Teluk Arguni Atas,-3.200297,133.85061141,887286101bfffff,0.0,8.0,569.0,500-2k,5,KOPERASI DESA MERAH PUTIH FUDIMA,,,,475.26446533203125,146.30630493164062,10.0,Tree cover,True,True,False,True,True,4,"https://www.google.com/maps/@-3.200297,133.85061141,250m/data=!3m1!1e3"
84294,KALIMANTAN UTARA,KAB. NUNUKAN,Lumbis Hulu,4.34165151,116.2169938,8868137207fffff,0.0,9.0,874.0,500-2k,5,KOPERASI DESA MERAH PUTIH BULU LAUN HULU LIPAGA TAU LUMBIS,Bululaun Hulu,Tidak Ada Lahan,,354.4881896972656,68.24493408203125,10.0,Tree cover,True,True,False,True,True,4,"https://www.google.com/maps/@4.34165151,116.2169938,250m/data=!3m1!1e3"
44856,SULAWESI TENGGARA,KAB. KONAWE UTARA,Lasolo Kepulauan,-3.39024246,122.3434815,88952946abfffff,0.0,9.0,568.0,500-2k,5,KOPERASI DESA MERAH PUTIH WATURAMBAHA,,,,284.5307922363281,89.30429077148438,10.0,Tree cover,True,True,False,True,True,4,"https://www.google.com/maps/@-3.39024246,122.3434815,250m/data=!3m1!1e3"
85340,PAPUA BARAT DAYA,KAB. RAJA AMPAT,Batanta Selatan,-0.88455829,130.621605,88739a0e47fffff,0.0,9.0,945.0,500-2k,5,KOPERASI DESA MERAH PUTIH WAILEBET,,,,698.9201049804688,106.96856689453125,10.0,Tree cover,True,True,False,True,True,4,"https://www.google.com/maps/@-0.88455829,130.621605,250m/data=!3m1!1e3"
85813,PAPUA BARAT DAYA,KAB. TAMBRAUW,Kwesefo,-0.44151447,132.4824508,8872a6ce0dfffff,0.0,9.0,260.0,<500,5,KOPERASI DESA MERAH PUTIH JOKBUJOKER,,,,302.89990234375,83.80511474609375,10.0,Tree cover,True,True,False,True,True,4,"https://www.google.com/maps/@-0.44151447,132.4824508,250m/data=!3m1!1e3"
89066,PAPUA BARAT DAYA,KAB. TAMBRAUW,Kebar Selatan,-1.14329172,133.22572257,8872a2d431fffff,0.0,9.0,71.0,<500,5,KOPERASI DESA MERAH PUTIH ARITOWI,,,,1517.959716796875,100.494384765625,10.0,Tree cover,True,True,False,True,True,4,"https://www.google.com/maps/@-1.14329172,133.22572257,250m/data=!3m1!1e3"
80493,SUMATERA BARAT,KAB. KEPULAUAN MENTAWAI,Siberut Utara,-1.27962492,98.85661082,888cdc6ca3fffff,0.0,10.0,241.0,<500,5,KOPERASI DESA MERAH PUTIH BOJAKAN MENTAWAI,Bojakan,Sedang Diverifikasi,KOPERASI,100.59809112548828,70.55904388427734,10.0,Tree cover,True,True,False,True,True,4,"https://www.google.com/maps/@-1.27962492,98.85661082,250m/data=!3m1!1e3"
68124,ACEH,KAB. NAGAN RAYA,Seunagan Timur,4.39165722,96.41473558,886556a4c3fffff,0.0,10.0,565.0,500-2k,5,KOPERASI DESA MERAH PUTIH SYARIAH DESA KILA,Kila,Tidak Ada Lahan,,255.05821228027344,63.278533935546875,10.0,Tree cover,True,True,False,True,True,4,"https://www.google.com/maps/@4.39165722,96.41473558,250m/data=!3m1!1e3"
11327,ACEH,KAB. ACEH BARAT,Pante Ceureumen,4.56038717,96.29115406,886550d8a7fffff,0.0,10.0,79.0,<500,5,KOPERASI DESA MERAH PUTIH CANGGAI,Canggai,Sedang Diverifikasi,KOPERASI,406.46160888671875,72.3822021484375,10.0,Tree cover,True,True,False,True,True,4,"https://www.google.com/maps/@4.56038717,96.29115406,250m/data=!3m1!1e3"
87131,PAPUA BARAT DAYA,KAB. TAMBRAUW,Miyah Selatan,-0.92684172,132.5685308,8872a648d9fffff,0.0,10.0,198.0,<500,5,KOPERASI DESA MERAH PUTIH AYAMANE,,,,556.9751586914062,85.07611083984375,10.0,Tree cover,True,True,False,True,True,4,"https://www.google.com/maps/@-0.92684172,132.5685308,250m/data=!3m1!1e3"
90644,PAPUA BARAT DAYA,KAB. TAMBRAUW,Bamusbama,-0.69178977,132.36519621,88739b249dfffff,0.0,10.0,494.0,<500,5,KOPERASI DESA MERAH PUTIH SYARWOM,,,,1336.3182373046875,126.09716796875,10.0,Tree cover,True,True,False,True,True,4,"https://www.google.com/maps/@-0.69178977,132.36519621,250m/data=!3m1!1e3"
89021,PAPUA TENGAH,KAB. PANIAI,Teluk Deya,-3.7233434,136.2359489,887283a555fffff,0.0,10.0,862.0,500-2k,5,KOPERASI DESA MERAH PUTIH KAMPUNG PEKEGE,Pekege,Sedang Diverifikasi,BUSINESS ASSISTANCE,1427.7626953125,74.895751953125,10.0,Tree cover,True,True,False,True,True,4,"https://www.google.com/maps/@-3.7233434,136.2359489,250m/data=!3m1!1e3"
48893,PAPUA TENGAH,KAB. NABIRE,Siriwo,-3.44100721,135.9530885,8872814ab7fffff,0.0,10.0,122.0,<500,5,KOPERASI DESA MERAH PUTIH KAMPUNG UGIDA,,,,382.7388610839844,96.84649658203125,10.0,Tree cover,True,True,False,True,True,4,"https://www.google.com/maps/@-3.44100721,135.9530885,250m/data=!3m1!1e3"
89217,PAPUA BARAT,KAB. FAK FAK,Furwagi,-2.76164172,131.9828826,8872b00855fffff,0.0,10.0,698.0,500-2k,5,KOPERASI DESA MERAH PUTIH GAR,,,,108.62738037109375,70.92366027832031,10.0,Tree cover,True,True,False,True,True,4,"https://www.google.com/maps/@-2.76164172,131.9828826,250m/data=!3m1!1e3"
9421,SUMATERA SELATAN,KAB. MUSI RAWAS UTARA,Ulu Rawas,-2.84300214,102.224539,888cf350b5fffff,0.0,11.0,25.0,<500,5,KOPERASI DESA MERAH PUTIH NAPALLICIN,Napal Licin,Terverifikasi,KEMENTERIAN KESEHATAN,779.7431640625,74.173095703125,10.0,Tree cover,True,True,False,True,True,4,"https://www.google.com/maps/@-2.84300214,102.224539,250m/data=!3m1!1e3"
5873,ACEH,KAB. BENER MERIAH,Syiah Utama,4.63102555,97.21986606,886556d487fffff,0.0,11.0,891.0,500-2k,5,KOPERASI DESA MERAH PUTIH SYARIAH PAYUNG KECAMATAN SYIAH UTAMA,,,,752.4656982421875,116.50897216796875,10.0,Tree cover,True,True,False,True,True,4,"https://www.google.com/maps/@4.63102555,97.21986606,250m/data=!3m1!1e3"
87399,ACEH,KAB. ACEH JAYA,Sampoi Niet,4.97972068,95.5497843,88655061e5fffff,0.0,11.0,236.0,<500,5,KOPERASI DESA MERAH PUTIH SYARIAH RANTO SABON,,,,648.599853515625,130.2049560546875,10.0,Tree cover,True,True,False,True,True,4,"https://www.google.com/maps/@4.97972068,95.5497843,250m/data=!3m1!1e3"
85300,PAPUA BARAT DAYA,KAB. TAMBRAUW,Kwesefo,-0.55757059,132.4249827,8872a6c8b1fffff,0.0,11.0,345.0,<500,5,KOPERASI DESA MERAH PUTIH BAO,,,,578.0842895507812,61.1507568359375,10.0,Tree cover,True,True,False,True,True,4,"https://www.google.com/maps/@-0.55757059,132.4249827,250m/data=!3m1!1e3"
90185,PAPUA BARAT DAYA,KAB. TAMBRAUW,Bamusbama,-0.6935039,132.24667362,88739b2731fffff,0.0,11.0,421.0,<500,5,KOPERASI DESA MERAH PUTIH NAMBOM,,,,709.73193359375,100.44580078125,10.0,Tree cover,True,True,False,True,True,4,"https://www.google.com/maps/@-0.6935039,132.24667362,250m/data=!3m1!1e3"
45423,KALIMANTAN SELATAN,KAB. HULU SUNGAI TENGAH,Batang Alai Timur,-2.58492159,115.7726063,8868984eddfffff,0.0,11.0,127.0,<500,5,KOPERASI DESA MERAH PUTIH AING BANTAI,Aing Bantai,Tidak Ada Lahan,,632.188720703125,79.894775390625,10.0,Tree cover,True,True,False,True,True,4,"https://www.google.com/maps/@-2.58492159,115.7726063,250m/data=!3m1!1e3"
46954,BENGKULU,KAB. MUKOMUKO,V Koto,-2.39343322,101.3299114,888cd5c499fffff,0.0,12.0,709.0,500-2k,5,KOPERASI DESA MERAH PUTIH LUBUK CABAU,Lubuk Cabau,Terverifikasi,Agrinas,301.26483154296875,62.072967529296875,10.0,Tree cover,True,True,False,True,True,4,"https://www.google.com/maps/@-2.39343322,101.3299114,250m/data=!3m1!1e3"
15887,GORONTALO,KAB. BONE BOLANGO,Suwawa Timur,0.58924092,123.3083091,8868dd92b1fffff,0.0,12.0,74.0,<500,5,KOPERASI DESA MERAH PUTIH PODUWOMA,Poduwoma,Sedang Diverifikasi,BUSINESS ASSISTANCE,1005.0835571289062,112.58575439453125,10.0,Tree cover,True,True,False,True,True,4,"https://www.google.com/maps/@0.58924092,123.3083091,250m/data=!3m1!1e3"
83958,KALIMANTAN TIMUR,KAB. BERAU,Segah,2.29039707,116.8689351,8868ab9a6dfffff,0.0,12.0,587.0,500-2k,5,KOPERASI DESA MERAH PUTIH LONG AYAP,Long Ayap,Sedang Diverifikasi,KOPERASI,84.6782455444336,81.87193298339844,10.0,Tree cover,True,True,False,True,True,4,"https://www.google.com/maps/@2.29039707,116.8689351,250m/data=!3m1!1e3"
87326,PAPUA BARAT DAYA,KAB. TAMBRAUW,Bamusbama,-0.72228212,132.3070892,88739b25cbfffff,0.0,12.0,640.0,500-2k,5,KOPERASI DESA MERAH PUTIH BANSAS,,,,1186.065185546875,91.046142578125,10.0,Tree cover,True,True,False,True,True,4,"https://www.google.com/maps/@-0.72228212,132.3070892,250m/data=!3m1!1e3"
90232,PAPUA BARAT,KAB. MANOKWARI SELATAN,Dataran Isim,-1.5680884,133.7693031,8872a27629fffff,0.0,12.0,800.0,500-2k,5,KOPERASI DESA MERAH PUTIH HUGOMOT,,,,644.7398071289062,89.24017333984375,10.0,Tree cover,True,True,False,True,True,4,"https://www.google.com/maps/@-1.5680884,133.7693031,250m/data=!3m1!1e3"
83193,KALIMANTAN UTARA,KAB. NUNUKAN,Tulin Onsoi,4.16086561,116.7489039,8868ad82a7fffff,0.0,13.0,51.0,<500,5,KOPERASI DESA MERAH PUTIH BALATIKON TULIN ONSOI,,,,254.9400634765625,79.02613830566406,10.0,Tree cover,True,True,False,True,True,4,"https://www.google.com/maps/@4.16086561,116.7489039,250m/data=!3m1!1e3"
6005,ACEH,KAB. BENER MERIAH,Syiah Utama,4.61668056,97.18130957,8865568945fffff,0.0,14.0,936.0,500-2k,5,KOPERASI DESA MERAH PUTIH SYARIAH KUTELAH LANE,Kutelah Lane,Tidak Ada Lahan,,251.5152587890625,126.10824584960938,10.0,Tree cover,True,True,False,True,True,4,"https://www.google.com/maps/@4.61668056,97.18130957,250m/data=!3m1!1e3"
22719,KALIMANTAN UTARA,KAB. MALINAU,Mentarang Hulu,3.84592536,115.967784,8868acba85fffff,0.0,14.0,54.0,<500,5,KOPERASI DESA MERAH PUTIH LUNG SULIT,,,,1110.491943359375,148.241455078125,10.0,Tree cover,True,True,False,True,True,4,"https://www.google.com/maps/@3.84592536,115.967784,250m/data=!3m1!1e3"
87470,JAMBI,KAB. BUNGO,Limbur Lubuk Mengkuang,-1.71246864,101.6805413,888cd090b9fffff,0.0,14.0,836.0,500-2k,5,KOPERASI DESA MERAH PUTIH PEMUNYIAN,Pemunyian,Tidak Ada Lahan,,581.1250610351562,88.09912109375,10.0,Tree cover,True,True,False,True,True,4,"https://www.google.com/maps/@-1.71246864,101.6805413,250m/data=!3m1!1e3"
88467,PAPUA BARAT DAYA,KAB. TAMBRAUW,Fef,-0.83381747,132.55794765,8872a64113fffff,0.0,14.0,171.0,<500,5,KOPERASI DESA MERAH PUTIH ESYUM,,,,573.144775390625,114.14218139648438,10.0,Tree cover,True,True,False,True,True,4,"https://www.google.com/maps/@-0.83381747,132.55794765,250m/data=!3m1!1e3"
80132,KALIMANTAN BARAT,KAB. KETAPANG,Tumbang Titi,-1.70939535,110.8161698,888cb0cb33fffff,0.0,15.0,634.0,500-2k,5,KOPERASI DESA MERAH PUTIH BERINGIN RAYO KECAMATAN TUMBANG TITI,Beringin Rayo,Tidak Ada Lahan,,186.9643096923828,80.52288818359375,10.0,Tree cover,True,True,False,True,True,4,"https://www.google.com/maps/@-1.70939535,110.8161698,250m/data=!3m1!1e3"
15651,SULAWESI BARAT,KAB. MAMUJU,Kalumpang,-2.56144338,119.7008472,8895210707fffff,0.0,15.0,781.0,500-2k,5,KOPERASI DESA MERAH PUTIH SALUMAKKI,Salumakki,Sedang Diverifikasi,KOPERASI,1591.519287109375,91.68017578125,10.0,Tree cover,True,True,False,True,True,4,"https://www.google.com/maps/@-2.56144338,119.7008472,250m/data=!3m1!1e3"
88603,PAPUA BARAT DAYA,KAB. TAMBRAUW,Yembun,-0.69049786,132.15618096,88739b22a1fffff,0.0,15.0,320.0,<500,5,KOPERASI DESA MERAH PUTIH BAUN,,,,598.6824951171875,65.33697509765625,10.0,Tree cover,True,True,False,True,True,4,"https://www.google.com/maps/@-0.69049786,132.15618096,250m/data=!3m1!1e3"
90793,PAPUA BARAT DAYA,KAB. TAMBRAUW,Tobouw,-0.37994318,132.57541238,8872a6c5c9fffff,0.0,15.0,254.0,<500,5,KOPERASI DESA MERAH PUTIH RESYE,,,,148.69398498535156,91.56819915771484,10.0,Tree cover,True,True,False,True,True,4,"https://www.google.com/maps/@-0.37994318,132.57541238,250m/data=!3m1!1e3"
60094,KALIMANTAN UTARA,KAB. NUNUKAN,Lumbis Pansiangan,4.33099369,116.3329834,8868137739fffff,0.0,16.0,529.0,500-2k,5,KOPERASI DESA MERAH PUTIH TANTALUJUK,,,,327.5613708496094,94.78350830078125,10.0,Tree cover,True,True,False,True,True,4,"https://www.google.com/maps/@4.33099369,116.3329834,250m/data=!3m1!1e3"
86847,KALIMANTAN TENGAH,KAB. SERUYAN,Seruyan Hulu,-1.15805121,111.9220441,886894d025fffff,0.0,17.0,957.0,500-2k,5,KOPERASI DESA MERAH PUTIH TUMBANG KALANG KECAMATAN SERUYAN HULU,,,,273.65838623046875,91.22409057617188,10.0,Tree cover,True,True,False,True,True,4,"https://www.google.com/maps/@-1.15805121,111.9220441,250m/data=!3m1!1e3"
51424,MALUKU,KAB. MALUKU BARAT DAYA,Wetar Selatan,-7.74516933,126.6398627,88955e5903fffff,0.0,17.0,750.0,500-2k,5,KOPERASI DESA MERAH PUTIH MASAPUN,Masapun,Terverifikasi,Agrinas,841.1049194335938,183.5687255859375,10.0,Tree cover,True,True,False,True,True,4,"https://www.google.com/maps/@-7.74516933,126.6398627,250m/data=!3m1!1e3"
24542,SULAWESI TENGGARA,KAB. KOLAKA,Wundulako,-4.12974152,121.4234229,88952aac99fffff,0.0,17.0,43.0,<500,5,KOPERASI DESA MERAH PUTIH TOWUA,Towua,Tidak Ada Lahan,,96.8875732421875,103.01417541503906,10.0,Tree cover,True,True,False,True,True,4,"https://www.google.com/maps/@-4.12974152,121.4234229,250m/data=!3m1!1e3"
50467,JAMBI,KAB. BUNGO,Limbur Lubuk Mengkuang,-1.70989474,101.5976525,888cd095e9fffff,0.0,17.0,376.0,<500,5,KOPERASI DESA MERAH PUTIH RENAH SUNGAI IPUH,Renah Sungai Ipuh,Terverifikasi,Agrinas,635.7118530273438,126.93798828125,10.0,Tree cover,True,True,False,True,True,4,"https://www.google.com/maps/@-1.70989474,101.5976525,250m/data=!3m1!1e3"
21317,KALIMANTAN TIMUR,KAB. MAHAKAM ULU,Long Bagun,0.62264502,115.4118919,886881d89bfffff,0.0,18.0,33.0,<500,5,KOPERASI DESA MERAH PUTIH MAMAHAK BESAR,Memahak Besar,Terverifikasi,PMO,410.6192626953125,81.07489013671875,10.0,Tree cover,True,True,False,True,True,4,"https://www.google.com/maps/@0.62264502,115.4118919,250m/data=!3m1!1e3"
88573,PAPUA BARAT DAYA,KAB. SORONG,Klaso,-0.80458773,131.90048547,88739b765bfffff,0.0,18.0,788.0,500-2k,5,KOPERASI DESA MERAH PUTIH KLASOU,Klasou,Sedang Diverifikasi,BUSINESS ASSISTANCE,182.23159790039062,92.94221496582031,10.0,Tree cover,True,True,False,True,True,4,"https://www.google.com/maps/@-0.80458773,131.90048547,250m/data=!3m1!1e3"
83218,MALUKU,KAB. SERAM BAGIAN TIMUR,Siwalalat,-3.31599753,130.0491578,88956b6605fffff,0.0,19.0,391.0,<500,5,KOPERASI DESA MERAH PUTIH NEGERI ADMINISTRATIF NAIWEL AHINULIN,Naiwel Ahinulin,Sedang Diverifikasi,KOPERASI,569.3901977539062,65.28472900390625,10.0,Tree cover,True,True,False,True,True,4,"https://www.google.com/maps/@-3.31599753,130.0491578,250m/data=!3m1!1e3"
44825,SULAWESI TENGGARA,KAB. KOLAKA UTARA,Wawo,-3.65768376,121.1560734,8895284e4dfffff,0.0,19.0,525.0,500-2k,5,KOPERASI DESA MERAH PUTIH LATAWE KECAMATAN WAWO,Latawe,Sedang Diverifikasi,KOPERASI,954.251220703125,76.0103759765625,10.0,Tree cover,True,True,False,True,True,4,"https://www.google.com/maps/@-3.65768376,121.1560734,250m/data=!3m1!1e3"
49824,SUMATERA BARAT,KAB. SOLOK,Tigo Lurah,-1.1343375,101.1018858,888cd038bbfffff,0.0,21.0,55.0,<500,5,KOPERASI DESA MERAH PUTIH NAGARI GARABAK DATA KABUPATEN SOLOK,,,,750.0340576171875,108.60064697265625,10.0,Tree cover,True,True,False,True,True,4,"https://www.google.com/maps/@-1.1343375,101.1018858,250m/data=!3m1!1e3"
89383,PAPUA BARAT DAYA,KAB. TAMBRAUW,Moraid,-0.71739658,132.03796314,88739b2365fffff,0.0,21.0,518.0,500-2k,5,KOPERASI DESA MERAH PUTIH JAYA MANDIRI SELEWOK,,,,226.0973663330078,86.87760925292969,10.0,Tree cover,True,True,False,True,True,4,"https://www.google.com/maps/@-0.71739658,132.03796314,250m/data=!3m1!1e3"
88491,PAPUA TENGAH,KAB. PANIAI,Youtadi,-3.40948522,136.25258489,8872817813fffff,0.0,21.0,220.0,<500,5,KOPERASI DESA MERAH PUTIH KAMPUNG YOUTADI,Youtadi,Terverifikasi,BUSINESS ASSISTANCE,1260.8853759765625,98.4346923828125,10.0,Tree cover,True,True,False,True,True,4,"https://www.google.com/maps/@-3.40948522,136.25258489,250m/data=!3m1!1e3"
89389,PAPUA BARAT DAYA,KAB. TAMBRAUW,Bamusbama,-0.72473343,132.27027247,88739b2519fffff,0.0,22.0,422.0,<500,5,KOPERASI DESA MERAH PUTIH ASIY,,,,548.378662109375,111.60711669921875,10.0,Tree cover,True,True,False,True,True,4,"https://www.google.com/maps/@-0.72473343,132.27027247,250m/data=!3m1!1e3"
14820,KEPULAUAN RIAU,KAB. LINGGA,Lingga,-1.1598797,105.2975284,888c8e3121fffff,0.0,23.0,257.0,<500,5,KOPERASI DESA MERAH PUTIH PEKAJANG KECAMATAN LINGGA,Pekajang,Sedang Diverifikasi,KEMENTERIAN KESEHATAN,92.77825927734375,87.46021270751953,10.0,Tree cover,True,True,False,True,True,4,"https://www.google.com/maps/@-1.1598797,105.2975284,250m/data=!3m1!1e3"
27427,SULAWESI TENGAH,KAB. POSO,Poso Pesisir Utara,-1.24217073,120.4696258,8868d3d13dfffff,0.0,23.0,606.0,500-2k,5,KOPERASI DESA MERAH PUTIH KAWENDE,Kawende,Terverifikasi,KOPERASI,821.1156005859375,60.0357666015625,10.0,Tree cover,True,True,False,True,True,4,"https://www.google.com/maps/@-1.24217073,120.4696258,250m/data=!3m1!1e3"
83171,KALIMANTAN SELATAN,KAB. KOTABARU,Hampang,-2.71764776,115.7656667,8868984dabfffff,0.0,23.0,522.0,500-2k,5,KOPERASI DESA MERAH PUTIH MUARA URIE,,,,478.6787414550781,123.96456909179688,10.0,Tree cover,True,True,False,True,True,4,"https://www.google.com/maps/@-2.71764776,115.7656667,250m/data=!3m1!1e3"
74494,ACEH,KAB. NAGAN RAYA,Beutong,4.33673345,96.5298788,886556b593fffff,0.0,24.0,226.0,<500,5,KOPERASI DESA MERAH PUTIH SYARIAH GAMPONG PANTE ARA,Pante Ara,Terverifikasi,Agrinas,929.2944946289062,111.9139404296875,10.0,Tree cover,True,True,False,True,True,4,"https://www.google.com/maps/@4.33673345,96.5298788,250m/data=!3m1!1e3"
18811,MALUKU,KAB. BURU SELATAN,Namrole,-3.68572267,126.8239063,8895442a91fffff,0.0,24.0,431.0,<500,5,KOPERASI DESA MERAH PUTIH OKI LAMA,Oki Lama,Terverifikasi,Agrinas,922.5646362304688,80.21380615234375,10.0,Tree cover,True,True,False,True,True,4,"https://www.google.com/maps/@-3.68572267,126.8239063,250m/data=!3m1!1e3"
73098,ACEH,KAB. ACEH BARAT,Pante Ceureumen,4.5137559,96.39949445,886550db1dfffff,0.0,25.0,189.0,<500,5,KOPERASI DESA MERAH PUTIH SIKUNDO,,,,539.0407104492188,123.23086547851562,10.0,Tree cover,True,True,False,True,True,4,"https://www.google.com/maps/@4.5137559,96.39949445,250m/data=!3m1!1e3"
66772,PAPUA TENGAH,KAB. NABIRE,Menou,-3.84812203,135.4302285,887283d42dfffff,0.0,25.0,102.0,<500,5,KOPERASI DESA MERAH PUTIH KAMPUNG YEGEUGI,,,,1648.72021484375,84.450439453125,10.0,Tree cover,True,True,False,True,True,4,"https://www.google.com/maps/@-3.84812203,135.4302285,250m/data=!3m1!1e3"
31537,SULAWESI TENGGARA,KAB. KOLAKA TIMUR,Uluiwoi,-3.8798996,121.6305494,8895286db9fffff,0.0,26.0,125.0,<500,5,KOPERASI DESA MERAH PUTIH TAWANGA KECAMATAN ULUIWOI,,,,1335.198486328125,92.1375732421875,10.0,Tree cover,True,True,False,True,True,4,"https://www.google.com/maps/@-3.8798996,121.6305494,250m/data=!3m1!1e3"
87327,PAPUA BARAT DAYA,KAB. TAMBRAUW,Tinggouw,-0.75683037,132.5981302,8872a642abfffff,0.0,26.0,52.0,<500,5,KOPERASI DESA MERAH PUTIH KOPERASI MERAH PUTIH KAMPUNG SOON,,,,795.5872802734375,63.017822265625,10.0,Tree cover,True,True,False,True,True,4,"https://www.google.com/maps/@-0.75683037,132.5981302,250m/data=!3m1!1e3"
39920,MALUKU,KAB. MALUKU TENGAH,Amahai,-3.21895657,129.1879041,88956a246dfffff,0.0,27.0,531.0,500-2k,5,KOPERASI DESA MERAH PUTIH NUWELETETU,Nuweletetu,Tidak Ada Lahan,,218.33200073242188,62.73468017578125,10.0,Tree cover,True,True,False,True,True,4,"https://www.google.com/maps/@-3.21895657,129.1879041,250m/data=!3m1!1e3"
90145,PAPUA BARAT,KAB. TELUK BINTUNI,Moskona Utara,-1.36905397,133.02677691,8872a2d995fffff,0.0,27.0,487.0,<500,5,KOPERASI DESA MERAH PUTIH MERISTIM,,,,534.0821533203125,92.17962646484375,10.0,Tree cover,True,True,False,True,True,4,"https://www.google.com/maps/@-1.36905397,133.02677691,250m/data=!3m1!1e3"
81984,MALUKU,KAB. MALUKU BARAT DAYA,Wetar Utara,-7.65784082,126.455483,8895532197fffff,0.0,28.0,412.0,<500,5,KOPERASI DESA MERAH PUTIH UHAK,,,,383.6282043457031,135.21124267578125,10.0,Tree cover,True,True,False,True,True,4,"https://www.google.com/maps/@-7.65784082,126.455483,250m/data=!3m1!1e3"
53527,KALIMANTAN TIMUR,KAB. PASER,Muara Samu,-2.30396335,115.8656019,8868980a89fffff,0.0,30.0,708.0,500-2k,5,KOPERASI DESA MERAH PUTIH MUARA ANDEH,,,,272.7451477050781,79.92503356933594,10.0,Tree cover,True,True,False,True,True,4,"https://www.google.com/maps/@-2.30396335,115.8656019,250m/data=!3m1!1e3"
63805,KALIMANTAN UTARA,KAB. BULUNGAN,Tanjung Palas Barat,2.6692721,117.0564768,8868a82405fffff,0.0,30.0,163.0,<500,5,KOPERASI DESA MERAH PUTIH LONG BELUAH,Long Beluah,Terverifikasi,Agrinas,153.5039825439453,82.74174499511719,10.0,Tree cover,True,True,False,True,True,4,"https://www.google.com/maps/@2.6692721,117.0564768,250m/data=!3m1!1e3"
90099,PAPUA BARAT,KAB. KAIMANA,Teluk Arguni Atas,-3.29498473,134.05439862,8872860719fffff,0.0,30.0,365.0,<500,5,KOPERASI DESA MERAH PUTIH WAINAGA,Wainaga,Tidak Ada Lahan,,753.8599243164062,128.90496826171875,10.0,Tree cover,True,True,False,True,True,4,"https://www.google.com/maps/@-3.29498473,134.05439862,250m/data=!3m1!1e3"
91567,PAPUA BARAT,KAB. PEGUNUNGAN ARFAK,Testega,-1.45962177,133.52694615,8872a20a3bfffff,0.0,30.0,898.0,500-2k,5,KOPERASI DESA MERAH PUTIH MEIFOKEDA,,,,1107.5802001953125,61.3125,10.0,Tree cover,True,True,False,True,True,4,"https://www.google.com/maps/@-1.45962177,133.52694615,250m/data=!3m1!1e3"
86421,SULAWESI UTARA,KAB. BOLAANG MONGONDOW UTARA,Bolangitang Timur,0.74976526,123.489808,8868ce581bfffff,0.0,31.0,324.0,<500,5,KOPERASI DESA MERAH PUTIH BINUNI,Binuni,Sedang Diverifikasi,KOPERASI,354.19091796875,89.96218872070312,10.0,Tree cover,True,True,False,True,True,4,"https://www.google.com/maps/@0.74976526,123.489808,250m/data=!3m1!1e3"
84649,PAPUA BARAT DAYA,KAB. RAJA AMPAT,Waigeo Barat Kepulauan,-0.57707382,130.2721937,88739a8b21fffff,0.0,31.0,971.0,500-2k,5,KOPERASI DESA MERAH PUTIH SAUKABU,Saukabu,Tidak Ada Lahan,,27.620025634765625,66.95153045654297,10.0,Tree cover,True,True,False,True,True,4,"https://www.google.com/maps/@-0.57707382,130.2721937,250m/data=!3m1!1e3"
90654,PAPUA BARAT DAYA,KAB. TAMBRAUW,Manekar,-0.96173895,133.1213719,8872a66ee7fffff,0.0,32.0,539.0,500-2k,5,KOPERASI DESA MERAH PUTIH KAMPUNG AWORI,Awori,Sedang Diverifikasi,BUSINESS ASSISTANCE,944.1213989257812,60.13177490234375,10.0,Tree cover,True,True,False,True,True,4,"https://www.google.com/maps/@-0.96173895,133.1213719,250m/data=!3m1!1e3"
85358,PAPUA BARAT,KAB. TELUK BINTUNI,Wamesa,-2.35872868,134.0270942,887284cd89fffff,0.0,32.0,352.0,<500,5,KOPERASI DESA MERAH PUTIH YANSEI,,,,62.45147705078125,77.24085998535156,10.0,Tree cover,True,True,False,True,True,4,"https://www.google.com/maps/@-2.35872868,134.0270942,250m/data=!3m1!1e3"
61080,KEPULAUAN RIAU,KAB. KEPULAUAN ANAMBAS,Siantan Selatan,2.77068496,106.2249731,886534d723fffff,0.0,33.0,280.0,<500,5,KOPERASI DESA MERAH PUTIH KIABU,Kiabu,Sedang Diverifikasi,KEMENTERIAN DALAM NEGERI,128.15415954589844,123.70004272460938,10.0,Tree cover,True,True,False,True,True,4,"https://www.google.com/maps/@2.77068496,106.2249731,250m/data=!3m1!1e3"
32183,MALUKU,KAB. MALUKU BARAT DAYA,Wetar Barat,-7.80998461,125.8888545,8895534407fffff,0.0,34.0,998.0,500-2k,5,KOPERASI DESA MERAH PUTIH ILMAMAU,,,,471.8306884765625,71.58572387695312,10.0,Tree cover,True,True,False,True,True,4,"https://www.google.com/maps/@-7.80998461,125.8888545,250m/data=!3m1!1e3"
82502,PAPUA BARAT DAYA,KAB. TAMBRAUW,Kwesefo,-0.53845709,132.3230438,8872a6c861fffff,0.0,34.0,453.0,<500,5,KOPERASI DESA MERAH PUTIH SYUWAU,,,,736.389892578125,76.64227294921875,10.0,Tree cover,True,True,False,True,True,4,"https://www.google.com/maps/@-0.53845709,132.3230438,250m/data=!3m1!1e3"
16307,KALIMANTAN UTARA,KAB. MALINAU,Malinau Selatan Hulu,2.87724475,116.1503596,8868a8d54bfffff,0.0,35.0,650.0,500-2k,5,KOPERASI DESA MERAH PUTIH LONG JALAN,,,,546.5881958007812,118.38558959960938,10.0,Tree cover,True,True,False,True,True,4,"https://www.google.com/maps/@2.87724475,116.1503596,250m/data=!3m1!1e3"
12721,KALIMANTAN SELATAN,KAB. TANAH BUMBU,Teluk Kepayang,-3.4277024,115.5427676,88689a099dfffff,0.0,35.0,843.0,500-2k,5,KOPERASI DESA MERAH PUTIH MANGKALAPI,Mangkalapi,Terverifikasi,BUSINESS ASSISTANCE,239.44041442871094,93.88887023925781,10.0,Tree cover,True,True,False,True,True,4,"https://www.google.com/maps/@-3.4277024,115.5427676,250m/data=!3m1!1e3"
59433,SULAWESI TENGGARA,KAB. KONAWE UTARA,Lasolo Kepulauan,-3.45426749,122.3708306,88952944a3fffff,0.0,36.0,447.0,<500,5,KOPERASI DESA MERAH PUTIH BOEDINGI,Boedingi,Terverifikasi,KOPERASI,193.31588745117188,90.67050170898438,10.0,Tree cover,True,True,False,True,True,4,"https://www.google.com/maps/@-3.45426749,122.3708306,250m/data=!3m1!1e3"
74002,KALIMANTAN TIMUR,KAB. BERAU,Kelay,1.49963141,117.3066071,8868ab630bfffff,0.0,37.0,576.0,500-2k,5,KOPERASI DESA MERAH PUTIH MERABU,,,,296.41143798828125,73.03314208984375,10.0,Tree cover,True,True,False,True,True,4,"https://www.google.com/maps/@1.49963141,117.3066071,250m/data=!3m1!1e3"
69171,SULAWESI SELATAN,KAB. LUWU UTARA,Sabbang,-2.49709605,120.0812221,88952136a7fffff,0.0,38.0,598.0,500-2k,5,KOPERASI DESA MERAH PUTIH MALIMBU KECAMATAN SABBANG,Malimbu,Sedang Diverifikasi,KOPERASI,742.21728515625,126.6253662109375,10.0,Tree cover,True,True,False,True,True,4,"https://www.google.com/maps/@-2.49709605,120.0812221,250m/data=!3m1!1e3"
30991,MALUKU,KAB. MALUKU BARAT DAYA,Wetar Barat,-7.88864837,125.8441351,8895534ec5fffff,0.0,39.0,922.0,500-2k,5,KOPERASI DESA MERAH PUTIH KLISHATU,,,,210.13140869140625,70.89729309082031,10.0,Tree cover,True,True,False,True,True,4,"https://www.google.com/maps/@-7.88864837,125.8441351,250m/data=!3m1!1e3"
93507,PAPUA BARAT DAYA,KAB. TAMBRAUW,Ireres,-0.97957116,132.75831863,8872b5b60bfffff,0.0,39.0,192.0,<500,5,KOPERASI DESA MERAH PUTIH MIRI DISTRIK IRERES,,,,898.8157348632812,164.1019287109375,10.0,Tree cover,True,True,False,True,True,4,"https://www.google.com/maps/@-0.97957116,132.75831863,250m/data=!3m1!1e3"
90212,PAPUA BARAT DAYA,KAB. TAMBRAUW,Miyah Selatan,-0.87729145,132.79138357,8872a67b11fffff,0.0,40.0,684.0,500-2k,5,KOPERASI DESA MERAH PUTIH RUVEWES,,,,603.6332397460938,104.95648193359375,10.0,Tree cover,True,True,False,True,True,4,"https://www.google.com/maps/@-0.87729145,132.79138357,250m/data=!3m1!1e3"
88469,PAPUA,KAB. SARMI,Pantai Barat,-1.95948006,138.44202929,88728d960bfffff,0.0,40.0,223.0,<500,5,KOPERASI DESA MERAH PUTIH KAMENAWARI,,,,202.40980529785156,72.55516052246094,10.0,Tree cover,True,True,False,True,True,4,"https://www.google.com/maps/@-1.95948006,138.44202929,250m/data=!3m1!1e3"
88757,PAPUA BARAT DAYA,KAB. TAMBRAUW,Ireres,-0.95748402,132.79811193,8872a6793dfffff,0.0,41.0,64.0,<500,5,KOPERASI DESA MERAH PUTIH IFIAM,,,,932.6309814453125,122.49127197265625,10.0,Tree cover,True,True,False,True,True,4,"https://www.google.com/maps/@-0.95748402,132.79811193,250m/data=!3m1!1e3"
74935,MALUKU UTARA,KAB. HALMAHERA TIMUR,Maba Utara,1.26946401,128.5639474,8873956d39fffff,0.0,42.0,367.0,<500,5,KOPERASI DESA MERAH PUTIH LILI,,,,739.0999755859375,67.50103759765625,10.0,Tree cover,True,True,False,True,True,4,"https://www.google.com/maps/@1.26946401,128.5639474,250m/data=!3m1!1e3"
27872,PAPUA,KAB. KEPULAUAN YAPEN,Pulau Yerui,-1.49980649,135.29758327,88728592b3fffff,0.0,43.0,333.0,<500,5,KOPERASI DESA MERAH PUTIH MIOSNUM,,,,107.37915802001953,107.83650207519531,10.0,Tree cover,True,True,False,True,True,4,"https://www.google.com/maps/@-1.49980649,135.29758327,250m/data=!3m1!1e3"
87849,PAPUA BARAT DAYA,KAB. SORONG,Beraur,-1.25103965,131.69556255,8872b4b487fffff,0.0,44.0,850.0,500-2k,5,KOPERASI DESA MERAH PUTIH SERSELION,,,,50.90904235839844,115.61103820800781,10.0,Tree cover,True,True,False,True,True,4,"https://www.google.com/maps/@-1.25103965,131.69556255,250m/data=!3m1!1e3"
24818,KALIMANTAN BARAT,KAB. KAYONG UTARA,Kepulauan Karimata,-1.2152924,109.2449573,888cb332d5fffff,0.0,47.0,58.0,<500,5,KOPERASI KELURAHAN MERAH PUTIH PELAPIS,Pelapis,Sedang Diverifikasi,KOPERASI,120.06562805175781,119.74673461914062,10.0,Tree cover,True,True,False,True,True,4,"https://www.google.com/maps/@-1.2152924,109.2449573,250m/data=!3m1!1e3"
87834,KALIMANTAN BARAT,KAB. KAYONG UTARA,Kepulauan Karimata,-1.2152924,109.2449573,888cb332d5fffff,0.0,47.0,58.0,<500,5,KOPERASI DESA MERAH PUTIH PELAPIS KECAMATAN KEPULAUN KARIMATA,,,,120.06562805175781,119.74673461914062,10.0,Tree cover,True,True,False,True,True,4,"https://www.google.com/maps/@-1.2152924,109.2449573,250m/data=!3m1!1e3"
57227,PAPUA,KAB. KEEROM,Yaffi,-3.62518356,140.96069609,8872d092a9fffff,0.0,47.0,802.0,500-2k,5,KOPERASI DESA MERAH PUTIH KAMPUNG AKARINDA,Akarinda,Sedang Diverifikasi,KOPERASI,591.3846435546875,76.708984375,10.0,Tree cover,True,True,False,True,True,4,"https://www.google.com/maps/@-3.62518356,140.96069609,250m/data=!3m1!1e3"
88522,PAPUA,KAB. SARMI,Pantai Timur,-2.37461109,139.24473064,8872f2c11dfffff,0.0,48.0,201.0,<500,5,KOPERASI DESA MERAH PUTIH BETAF DUA,Betaf Dua,Sedang Diverifikasi,KOPERASI,172.29750061035156,85.45230102539062,10.0,Tree cover,True,True,False,True,True,4,"https://www.google.com/maps/@-2.37461109,139.24473064,250m/data=!3m1!1e3"
81120,KALIMANTAN TIMUR,KAB. BERAU,Segah,2.14321473,116.5940265,8868a86909fffff,0.0,49.0,80.0,<500,5,KOPERASI DESA MERAH PUTIH PUNAN MAHKAM,Punan Mahkam,Sedang Diverifikasi,KOPERASI,282.3434143066406,63.43980407714844,10.0,Tree cover,True,True,False,True,True,4,"https://www.google.com/maps/@2.14321473,116.5940265,250m/data=!3m1!1e3"
75707,SULAWESI TENGAH,KAB. BANGGAI,Nuhon,-1.11136861,122.0981946,8868de1539fffff,0.0,51.0,154.0,<500,5,KOPERASI DESA MERAH PUTIH TOBELOMBANG,Tobelombang,Tidak Ada Lahan,,443.1634826660156,67.3289794921875,10.0,Tree cover,True,True,False,True,True,4,"https://www.google.com/maps/@-1.11136861,122.0981946,250m/data=!3m1!1e3"
92326,PAPUA PEGUNUNGAN,KAB. YAHUKIMO,Talambo,-3.76793853,140.01715148,8872d44b4dfffff,0.0,52.0,72.0,<500,5,KOPERASI DESA MERAH PUTIH TALAMBO,,,,742.654541015625,96.70733642578125,10.0,Tree cover,True,True,False,True,True,4,"https://www.google.com/maps/@-3.76793853,140.01715148,250m/data=!3m1!1e3"
24463,KALIMANTAN UTARA,KAB. MALINAU,Mentarang Hulu,3.99671124,116.2408956,8868136943fffff,0.0,53.0,396.0,<500,5,KOPERASI DESA MERAH PUTIH LONG GAFID,,,,419.1259765625,99.40469360351562,10.0,Tree cover,True,True,False,True,True,4,"https://www.google.com/maps/@3.99671124,116.2408956,250m/data=!3m1!1e3"
69646,KALIMANTAN TIMUR,KAB. MAHAKAM ULU,Long Bagun,1.02224141,115.0687576,8868854eddfffff,0.0,54.0,388.0,<500,5,KOPERASI DESA MERAH PUTIH BATOQ KELO,Batoq Kelo,Sedang Diverifikasi,PMO,460.7176208496094,72.40621948242188,10.0,Tree cover,True,True,False,True,True,4,"https://www.google.com/maps/@1.02224141,115.0687576,250m/data=!3m1!1e3"
89216,PAPUA,KAB. SUPIORI,Kepulauan Aruri,-0.68391357,135.40064884,8872a16d33fffff,0.0,55.0,638.0,500-2k,5,KOPERASI DESA MERAH PUTIH IMBIRSBARI,,,,295.4939880371094,74.38572692871094,10.0,Tree cover,True,True,False,True,True,4,"https://www.google.com/maps/@-0.68391357,135.40064884,250m/data=!3m1!1e3"
87775,PAPUA BARAT DAYA,KAB. SORONG,Konhir,-1.20349825,131.73744215,88739b6b07fffff,0.0,60.0,791.0,500-2k,5,KOPERASI DESA MERAH PUTIH MLASIWOR,Mlasiwor,Tidak Ada Lahan,,231.11695861816406,78.52110290527344,10.0,Tree cover,True,True,False,True,True,4,"https://www.google.com/maps/@-1.20349825,131.73744215,250m/data=!3m1!1e3"
91552,PAPUA BARAT DAYA,KAB. TAMBRAUW,Wilhem Roumbouts,-0.86601353,132.62197268,8872a64e61fffff,0.0,68.0,298.0,<500,5,KOPERASI DESA MERAH PUTIH ARAF MAFAT,,,,607.208251953125,66.3480224609375,10.0,Tree cover,True,True,False,True,True,4,"https://www.google.com/maps/@-0.86601353,132.62197268,250m/data=!3m1!1e3"
90040,PAPUA TENGAH,KAB. INTAN JAYA,Biandoga,-3.35421332,136.33877418,8872816351fffff,0.0,69.0,836.0,500-2k,5,KOPERASI DESA MERAH PUTIH NDANIWOI KAMPUNG YAGAITO,,,,1455.587890625,114.9439697265625,10.0,Tree cover,True,True,False,True,True,4,"https://www.google.com/maps/@-3.35421332,136.33877418,250m/data=!3m1!1e3"
82019,MALUKU,KAB. MALUKU BARAT DAYA,Babar Barat,-7.54421591,129.6724753,8894669b05fffff,0.0,70.0,237.0,<500,5,KOPERASI DESA MERAH PUTIH SINAIRUSI,,,,360.3467102050781,133.52261352539062,10.0,Tree cover,True,True,False,True,True,4,"https://www.google.com/maps/@-7.54421591,129.6724753,250m/data=!3m1!1e3"
39387,SULAWESI TENGGARA,KAB. KOLAKA UTARA,Porehu,-3.08171945,121.323388,8895288d87fffff,0.0,70.0,504.0,500-2k,5,KOPERASI DESA MERAH PUTIH PONGGI,Ponggi,Terverifikasi,KOPERASI,608.556640625,82.6083984375,10.0,Tree cover,True,True,False,True,True,4,"https://www.google.com/maps/@-3.08171945,121.323388,250m/data=!3m1!1e3"
90527,PAPUA PEGUNUNGAN,KAB. MAMBERAMO TENGAH,Eragayam,-3.71379163,138.91120392,8872895039fffff,0.0,77.0,801.0,500-2k,5,KOPERASI DESA MERAH PUTIH ENGAIMA,,,,1129.6207275390625,65.982421875,10.0,Tree cover,True,True,False,True,True,4,"https://www.google.com/maps/@-3.71379163,138.91120392,250m/data=!3m1!1e3"
90602,PAPUA TENGAH,KAB. PANIAI,Fajar Timur,-3.5053575,136.25300506,8872816b41fffff,0.0,84.0,116.0,<500,5,KOPERASI DESA MERAH PUTIH KAMPUNG IBOUWAGU,Ibouwagu,Sedang Diverifikasi,BUSINESS ASSISTANCE,3078.931396484375,98.359130859375,10.0,Tree cover,True,True,False,True,True,4,"https://www.google.com/maps/@-3.5053575,136.25300506,250m/data=!3m1!1e3"
90695,PAPUA BARAT DAYA,KAB. TAMBRAUW,Bikar,-0.52808015,132.2405721,88739b36b1fffff,0.0,87.0,409.0,<500,5,KOPERASI DESA MERAH PUTIH WERTAM,Wertam,Terverifikasi,Agrinas,336.7129211425781,84.26736450195312,10.0,Tree cover,True,True,False,True,True,4,"https://www.google.com/maps/@-0.52808015,132.2405721,250m/data=!3m1!1e3"
38957,PAPUA,KAB. KEEROM,Web,-3.73295255,140.9760394,8872d0826dfffff,0.0,87.0,397.0,<500,5,KOPERASI DESA MERAH PUTIH KAMPUNG TATAKRA,Tatakra,Sedang Diverifikasi,KOPERASI,433.20977783203125,88.793701171875,10.0,Tree cover,True,True,False,True,True,4,"https://www.google.com/maps/@-3.73295255,140.9760394,250m/data=!3m1!1e3"
84767,PAPUA TENGAH,KAB. PUNCAK,Beoga Timur,-3.69490084,137.428538,88728eaca3fffff,0.0,89.0,223.0,<500,5,KOPERASI DESA MERAH PUTIH PILOKOMA,,,,1604.97998046875,159.6385498046875,10.0,Tree cover,True,True,False,True,True,4,"https://www.google.com/maps/@-3.69490084,137.428538,250m/data=!3m1!1e3"
89368,PAPUA PEGUNUNGAN,KAB. PEGUNUNGAN BINTANG,Borme,-4.23189614,140.36855609,8872d6ad63fffff,0.0,96.0,637.0,500-2k,5,KOPERASI DESA MERAH PUTIH KAMPUNG ARINA,,,,811.7669677734375,226.2020263671875,10.0,Tree cover,True,True,False,True,True,4,"https://www.google.com/maps/@-4.23189614,140.36855609,250m/data=!3m1!1e3"
91147,PAPUA PEGUNUNGAN,KAB. PEGUNUNGAN BINTANG,Awinbon,-5.02625104,140.34502303,8872d2d757fffff,0.0,96.0,288.0,<500,5,KOPERASI DESA MERAH PUTIH KAMPUNG AWINBON,,,,811.270263671875,107.1103515625,10.0,Tree cover,True,True,False,True,True,4,"https://www.google.com/maps/@-5.02625104,140.34502303,250m/data=!3m1!1e3"
84248,PAPUA BARAT DAYA,KAB. MAYBRAT,Mare,-0.99323348,132.3413179,8872b59423fffff,0.0,96.0,484.0,<500,5,KOPERASI DESA MERAH PUTIH BEBAM KAMPUNG WABAN DISTRIK MARE KABUPATEN MAYBRAT,,,,432.7785949707031,62.65679931640625,10.0,Tree cover,True,True,False,True,True,4,"https://www.google.com/maps/@-0.99323348,132.3413179,250m/data=!3m1!1e3"
84003,MALUKU,KAB. MALUKU TENGAH,Amahai,-6.73552538,129.5105427,889559b8d3fffff,0.0,98.0,99.0,<500,5,KOPERASI DESA MERAH PUTIH NUA NEA,Nua Nea,Sedang Diverifikasi,KOPERASI,507.1911926269531,92.7171630859375,10.0,Tree cover,True,True,False,True,True,4,"https://www.google.com/maps/@-6.73552538,129.5105427,250m/data=!3m1!1e3"
86207,PAPUA TENGAH,KAB. MIMIKA,Mimika Barat,-4.27495094,136.47014339,88728e596bfffff,0.0,99.0,99.0,<500,5,KOPERASI DESA MERAH PUTIH APURI,,,,125.43170928955078,92.7985610961914,10.0,Tree cover,True,True,False,True,True,4,"https://www.google.com/maps/@-4.27495094,136.47014339,250m/data=!3m1!1e3"
183,BENGKULU,KAB. KAUR,Padang Guci Hulu,-4.33703021,103.2957659,888cf46285fffff,0.0,,107.0,<500,5,KOPERASI DESA MERAH PUTIH BUNGIN TAMBUN TIGA,Bungin Tambun III,Terverifikasi,Agrinas,1408.0479736328125,164.451904296875,10.0,Tree cover,True,True,False,True,True,4,"https://www.google.com/maps/@-4.33703021,103.2957659,250m/data=!3m1!1e3"
34725,BENGKULU,KAB. MUKOMUKO,Sungai Rumbai,-2.77334905,101.6258707,888cf36713fffff,0.0,,9.0,<500,5,KOPERASI DESA MERAH PUTIH RETAK MUDIK KECAMATAN SUNGAI RUMBAI,Retak Mudik,Terverifikasi,TNI,184.3178253173828,132.31320190429688,10.0,Tree cover,True,True,False,True,True,4,"https://www.google.com/maps/@-2.77334905,101.6258707,250m/data=!3m1!1e3"
52538,BENGKULU,KAB. MUKOMUKO,Selagan Raya,-2.48944059,101.5009509,888cd5d4edfffff,0.0,,72.0,<500,5,KOPERASI DESA MERAH PUTIH TALANG BUAI KECAMATAN SELAGAN RAYA,Talang Buai,Terverifikasi,Agrinas,517.1295166015625,86.0589599609375,10.0,Tree cover,True,True,False,True,True,4,"https://www.google.com/maps/@-2.48944059,101.5009509,250m/data=!3m1!1e3"
6710,BENGKULU,KAB. BENGKULU SELATAN,Kedurang,-4.26948639,103.243045,888cf460b3fffff,0.0,,10.0,<500,5,KOPERASI DESA MERAH PUTIH BATU AMPAR KECAMATAN KEDURANG,Batu Ampar,Terverifikasi,KOPERASI,1849.311767578125,177.8076171875,10.0,Tree cover,True,True,False,True,True,4,"https://www.google.com/maps/@-4.26948639,103.243045,250m/data=!3m1!1e3"
22639,KALIMANTAN BARAT,KAB. KETAPANG,Hulu Sungai,-1.21117857,111.0523435,888cb66433fffff,0.0,,415.0,<500,5,KOPERASI DESA MERAH PUTIH BEGINCI DARAT KECAMATAN HULU SUNGAI,,,,485.2730712890625,139.175537109375,10.0,Tree cover,True,True,False,True,True,4,"https://www.google.com/maps/@-1.21117857,111.0523435,250m/data=!3m1!1e3"
7069,KALIMANTAN BARAT,KAB. KAPUAS HULU,Putussibau Utara,1.24367621,113.1168005,8868b18437fffff,0.0,,1.0,<500,5,KOPERASI DESA MERAH PUTIH TANJUNG LASA,Tanjung Lasa,Sedang Diverifikasi,TNI,333.4350280761719,87.37847900390625,10.0,Tree cover,True,True,False,True,True,4,"https://www.google.com/maps/@1.24367621,113.1168005,250m/data=!3m1!1e3"
15139,KALIMANTAN BARAT,KAB. KAPUAS HULU,Putussibau Utara,1.08018185,113.3303972,8868b1aa85fffff,0.0,,6.0,<500,5,KOPERASI DESA MERAH PUTIH DATAH DIAN,Datah Dian,Terverifikasi,Agrinas,768.4444580078125,111.93096923828125,10.0,Tree cover,True,True,False,True,True,4,"https://www.google.com/maps/@1.08018185,113.3303972,250m/data=!3m1!1e3"
79434,KALIMANTAN BARAT,KAB. KAPUAS HULU,Putussibau Selatan,0.98866148,113.4481177,8868b132d7fffff,0.0,,77.0,<500,5,KOPERASI DESA MERAH PUTIH BERINGIN JAYA KECAMATAN PUTUSSIBAU SELATAN KABUPATEN KAPUAS HULU,,,,595.1542358398438,175.73626708984375,10.0,Tree cover,True,True,False,True,True,4,"https://www.google.com/maps/@0.98866148,113.4481177,250m/data=!3m1!1e3"
78211,KALIMANTAN BARAT,KAB. KAPUAS HULU,Batang Lupar,1.2351755,112.2393737,8868b54e15fffff,0.0,,78.0,<500,5,KOPERASI DESA MERAH PUTIH MENSIAU,,,,229.53750610351562,82.431884765625,10.0,Tree cover,True,True,False,True,True,4,"https://www.google.com/maps/@1.2351755,112.2393737,250m/data=!3m1!1e3"
79737,KALIMANTAN BARAT,KAB. KAPUAS HULU,Silat Hulu,0.21613035,112.3879866,8868b06433fffff,0.0,,53.0,<500,5,KOPERASI DESA MERAH PUTIH RIAM TAPANG,Riam Tapang,Sedang Diverifikasi,KOPERASI,772.1305541992188,123.42437744140625,10.0,Tree cover,True,True,False,True,True,4,"https://www.google.com/maps/@0.21613035,112.3879866,250m/data=!3m1!1e3"
82195,KALIMANTAN BARAT,KAB. KAPUAS HULU,Silat Hulu,0.14567837,112.2968371,8868b06e0bfffff,0.0,,487.0,<500,5,KOPERASI DESA MERAH PUTIH LANDAU RANTAU,,,,174.27459716796875,84.76637268066406,10.0,Tree cover,True,True,False,True,True,4,"https://www.google.com/maps/@0.14567837,112.2968371,250m/data=!3m1!1e3"
24221,KALIMANTAN BARAT,KAB. SINTANG,Ambalau,0.06473849,112.8384935,8868b3b951fffff,0.0,,10.0,<500,5,KOPERASI DESA MERAH PUTIH BUNTUT PIMPIN,,,,963.482177734375,130.73541259765625,10.0,Tree cover,True,True,False,True,True,4,"https://www.google.com/maps/@0.06473849,112.8384935,250m/data=!3m1!1e3"
40288,KALIMANTAN BARAT,KAB. SINTANG,Ambalau,0.11397734,113.0628236,8868b3a0a9fffff,0.0,,3.0,<500,5,KOPERASI DESA MERAH PUTIH KEPALA JUNGAI,Kepala Jungai,Sedang Diverifikasi,KOPERASI,1159.9266357421875,189.034423828125,10.0,Tree cover,True,True,False,True,True,4,"https://www.google.com/maps/@0.11397734,113.0628236,250m/data=!3m1!1e3"
36792,KALIMANTAN BARAT,KAB. MELAWI,Sokan,-1.09128227,111.3591864,888cb67981fffff,0.0,,963.0,500-2k,5,KOPERASI DESA MERAH PUTIH TANJUNG MAHUNG KECAMATAN SOKAN KABUPATEN MELAWI PROVINSI KALIMANTAN BARAT,Tanjung Mahung,Sedang Diverifikasi,KOPERASI,520.1741943359375,101.4622802734375,10.0,Tree cover,True,True,False,True,True,4,"https://www.google.com/maps/@-1.09128227,111.3591864,250m/data=!3m1!1e3"
27219,SULAWESI UTARA,KAB. BOLAANG MONGONDOW SELATAN,Posigadan,0.53272831,123.703862,8868ddb281fffff,0.0,,7.0,<500,5,KOPERASI DESA MERAH PUTIH SINOMBAYUGA POSIGADAN,Sinombayuga,Sedang Diverifikasi,BUSINESS ASSISTANCE,1466.63720703125,74.3272705078125,10.0,Tree cover,True,True,False,True,True,4,"https://www.google.com/maps/@0.53272831,123.703862,250m/data=!3m1!1e3"
77803,SULAWESI UTARA,KAB. BOLAANG MONGONDOW SELATAN,Tomini,0.44783174,123.7055278,8868ddb1d3fffff,0.0,,15.0,<500,5,KOPERASI DESA MERAH PUTIH MILANGODAA KECAMATAN TOMINI,Milangodaa,Terverifikasi,BUSINESS ASSISTANCE,1184.372314453125,120.30908203125,10.0,Tree cover,True,True,False,True,True,4,"https://www.google.com/maps/@0.44783174,123.7055278,250m/data=!3m1!1e3"
74665,SULAWESI UTARA,KAB. BOLAANG MONGONDOW,Dumoga Barat,0.4788689,123.7232439,8868ddb08dfffff,0.0,,5.0,<500,5,KOPERASI DESA MERAH PUTIH UUWAN,Uuan,Terverifikasi,KOPERASI,1359.6036376953125,129.612060546875,10.0,Tree cover,True,True,False,True,True,4,"https://www.google.com/maps/@0.4788689,123.7232439,250m/data=!3m1!1e3"
28269,SUMATERA UTARA,KAB. LANGKAT,Bahorok,3.57718768,98.02310615,8865099a83fffff,0.0,,212.0,<500,5,KOPERASI DESA MERAH PUTIH SAMPE RAYA,Sampe Raya,Terverifikasi,KOPERASI,1454.923095703125,123.6220703125,10.0,Tree cover,True,True,False,True,True,4,"https://www.google.com/maps/@3.57718768,98.02310615,250m/data=!3m1!1e3"
7547,SUMATERA UTARA,KAB. LANGKAT,Batang Serangan,3.64113945,97.90202911,88650981e1fffff,0.0,,2.0,<500,5,KOPERASI DESA MERAH PUTIH SEI MUSAM,Sei Musam,Terverifikasi,KOPERASI,1339.4171142578125,111.6810302734375,10.0,Tree cover,True,True,False,True,True,4,"https://www.google.com/maps/@3.64113945,97.90202911,250m/data=!3m1!1e3"
58409,SUMATERA UTARA,KAB. PAKPAK BHARAT,Pagindar,2.37283874,98.21025351,8865767167fffff,0.0,,586.0,500-2k,5,KOPERASI DESA MERAH PUTIH DESA LAE MBENTAR,Lae Mbentar,Terverifikasi,Agrinas,401.3302001953125,73.267822265625,10.0,Tree cover,True,True,False,True,True,4,"https://www.google.com/maps/@2.37283874,98.21025351,250m/data=!3m1!1e3"
53533,KALIMANTAN TIMUR,KAB. BERAU,Tabalar,1.70104944,117.7007384,8868ab2c57fffff,0.0,,73.0,<500,5,KOPERASI DESA MERAH PUTIH TUBAAN KECAMATAN TABALAR,Tubaan,Sedang Diverifikasi,BUSINESS ASSISTANCE,344.4139099121094,120.32400512695312,10.0,Tree cover,True,True,False,True,True,4,"https://www.google.com/maps/@1.70104944,117.7007384,250m/data=!3m1!1e3"
84784,KALIMANTAN TIMUR,KAB. BERAU,Kelay,2.02397397,116.3887502,8868aaa357fffff,0.0,,8.0,<500,5,KOPERASI DESA MERAH PUTIH LONG SULUI KECAMATAN KELAY,,,,473.0154113769531,112.02703857421875,10.0,Tree cover,True,True,False,True,True,4,"https://www.google.com/maps/@2.02397397,116.3887502,250m/data=!3m1!1e3"
61520,KALIMANTAN TIMUR,KAB. KUTAI TIMUR,Muara Wahau,1.52926802,116.6793492,8868aa2e33fffff,0.0,,13.0,<500,5,KOPERASI DESA MERAH PUTIH NEHES LIAH BING,Nehes Liah Bing,Terverifikasi,BUSINESS ASSISTANCE,239.933837890625,67.92005920410156,10.0,Tree cover,True,True,False,True,True,4,"https://www.google.com/maps/@1.52926802,116.6793492,250m/data=!3m1!1e3"
75657,KALIMANTAN TIMUR,KAB. KUTAI TIMUR,Busang,1.09459307,116.2910546,8868aa69e9fffff,0.0,,0.0,nobody within 5km,5,KOPERASI DESA MERAH PUTIH LONG NYELONG,Long Nyelong,Terverifikasi,Agrinas,555.7354125976562,61.88092041015625,10.0,Tree cover,True,True,False,True,True,4,"https://www.google.com/maps/@1.09459307,116.2910546,250m/data=!3m1!1e3"
53547,KALIMANTAN TIMUR,KAB. KUTAI TIMUR,Karangan,1.52121631,117.651494,88688d903dfffff,0.0,,138.0,<500,5,KOPERASI DESA MERAH PUTIH KARANGAN HILIR,Karangan Hilir,Tidak Ada Lahan,,245.34225463867188,63.3837890625,10.0,Tree cover,True,True,False,True,True,4,"https://www.google.com/maps/@1.52121631,117.651494,250m/data=!3m1!1e3"
18191,KALIMANTAN TIMUR,KAB. KUTAI KARTANEGARA,Tabang,1.36170165,115.9452489,8868aa4235fffff,0.0,,0.0,nobody within 5km,5,KOPERASI DESA MERAH PUTIH MUARA TIQ,,,,935.1126098632812,112.29400634765625,10.0,Tree cover,True,True,False,True,True,4,"https://www.google.com/maps/@1.36170165,115.9452489,250m/data=!3m1!1e3"
18736,KALIMANTAN TIMUR,KAB. KUTAI KARTANEGARA,Tabang,0.9813234,115.4941763,88688565a7fffff,0.0,,4.0,<500,5,KOPERASI DESA MERAH PUTIH MUARA TUBOQ,,,,644.1002197265625,67.7442626953125,10.0,Tree cover,True,True,False,True,True,4,"https://www.google.com/maps/@0.9813234,115.4941763,250m/data=!3m1!1e3"
82087,KALIMANTAN TIMUR,KAB. MAHAKAM ULU,Long Bagun,0.56317655,115.5581645,886881cc49fffff,0.0,,18.0,<500,5,KOPERASI DESA MERAH PUTIH LONG MERAH,Long Merah,Sedang Diverifikasi,BUSINESS ASSISTANCE,243.36033630371094,73.453369140625,10.0,Tree cover,True,True,False,True,True,4,"https://www.google.com/maps/@0.56317655,115.5581645,250m/data=!3m1!1e3"
79005,KALIMANTAN TIMUR,KAB. MAHAKAM ULU,Long Apari,0.96895186,113.9729617,88688456a9fffff,0.0,,19.0,<500,5,KOPERASI DESA MERAH PUTIH NOHA TIVAB LONG APARI,Naha Tifab,Sedang Diverifikasi,PMO,570.9467163085938,137.37344360351562,10.0,Tree cover,True,True,False,True,True,4,"https://www.google.com/maps/@0.96895186,113.9729617,250m/data=!3m1!1e3"
20080,SULAWESI SELATAN,KAB. LUWU TIMUR,Malili,-2.75014975,121.2402984,8895289463fffff,0.0,,273.0,<500,5,KOPERASI DESA MERAH PUTIH LASKAP,Laskap,Terverifikasi,TNI,499.60772705078125,99.22933959960938,10.0,Tree cover,True,True,False,True,True,4,"https://www.google.com/maps/@-2.75014975,121.2402984,250m/data=!3m1!1e3"
50854,SULAWESI SELATAN,KAB. LUWU UTARA,Baebunta,-2.43757931,120.2115377,88952ccae9fffff,0.0,,69.0,<500,5,KOPERASI DESA MERAH PUTIH MELI KECAMATAN BAEBUNTA,Meli,Sedang Diverifikasi,TNI,1122.7320556640625,83.5743408203125,10.0,Tree cover,True,True,False,True,True,4,"https://www.google.com/maps/@-2.43757931,120.2115377,250m/data=!3m1!1e3"
53630,SULAWESI SELATAN,KAB. LUWU UTARA,Masamba,-2.31463475,120.2767801,88952cc2a1fffff,0.0,,13.0,<500,5,KOPERASI DESA MERAH PUTIH LANTANG TALLANG,Lantang Tallang,Sedang Diverifikasi,BUSINESS ASSISTANCE,1454.9051513671875,90.13232421875,10.0,Tree cover,True,True,False,True,True,4,"https://www.google.com/maps/@-2.31463475,120.2767801,250m/data=!3m1!1e3"
53637,SULAWESI SELATAN,KAB. LUWU UTARA,Masamba,-2.33736742,120.4495977,88952cc485fffff,0.0,,5.0,<500,5,KOPERASI DESA MERAH PUTIH SEPAKAT KECAMATAN MASAMBA,Sepakat,Terverifikasi,BUSINESS ASSISTANCE,613.6675415039062,106.87835693359375,10.0,Tree cover,True,True,False,True,True,4,"https://www.google.com/maps/@-2.33736742,120.4495977,250m/data=!3m1!1e3"
55191,SULAWESI SELATAN,KAB. LUWU UTARA,Masamba,-2.33169188,120.2370535,88952cc047fffff,0.0,,12.0,<500,5,KOPERASI DESA MERAH PUTIH SUMILIN,Sumilin,Tidak Ada Lahan,,1767.4337158203125,91.172119140625,10.0,Tree cover,True,True,False,True,True,4,"https://www.google.com/maps/@-2.33169188,120.2370535,250m/data=!3m1!1e3"
64401,SULAWESI SELATAN,KAB. LUWU UTARA,Masamba,-2.29229705,120.4050994,88952cc459fffff,0.0,,17.0,<500,5,KOPERASI DESA MERAH PUTIH PINCARA KECAMATAN MASAMBA,Pincara,Sedang Diverifikasi,BUSINESS ASSISTANCE,1453.694580078125,92.6484375,10.0,Tree cover,True,True,False,True,True,4,"https://www.google.com/maps/@-2.29229705,120.4050994,250m/data=!3m1!1e3"
48153,SULAWESI SELATAN,KAB. LUWU UTARA,Sukamaju,-2.46622707,120.5146235,88952c1837fffff,0.0,,621.0,500-2k,5,KOPERASI DESA MERAH PUTIH LAMPUAWA,Lampuawa,Tidak Ada Lahan,,1616.9232177734375,77.7763671875,10.0,Tree cover,True,True,False,True,True,4,"https://www.google.com/maps/@-2.46622707,120.5146235,250m/data=!3m1!1e3"
74433,SULAWESI SELATAN,KAB. LUWU UTARA,Seko,-2.17146509,120.0112046,8868d26927fffff,0.0,,764.0,500-2k,5,KOPERASI DESA MERAH PUTIH TALOTO,Taloto,Sedang Diverifikasi,KOPERASI,1605.1912841796875,74.52490234375,10.0,Tree cover,True,True,False,True,True,4,"https://www.google.com/maps/@-2.17146509,120.0112046,250m/data=!3m1!1e3"
64105,SULAWESI SELATAN,KAB. LUWU UTARA,Rampi,-2.21142784,120.1717423,88952cd011fffff,0.0,,4.0,<500,5,KOPERASI DESA MERAH PUTIH RAMPI KECAMATAN RAMPI,Rampi,Sedang Diverifikasi,KOPERASI,2129.108642578125,62.575439453125,10.0,Tree cover,True,True,False,True,True,4,"https://www.google.com/maps/@-2.21142784,120.1717423,250m/data=!3m1!1e3"
92754,PAPUA SELATAN,KAB. MAPPI,Mambioman Bapai,-3.52901915,137.71521038,887288d523fffff,0.0,,0.0,nobody within 5km,5,KOPERASI DESA MERAH PUTIH KAMPUNG WARUWE,,,,1849.7222900390625,124.250244140625,10.0,Tree cover,True,True,False,True,True,4,"https://www.google.com/maps/@-3.52901915,137.71521038,250m/data=!3m1!1e3"
92755,PAPUA SELATAN,KAB. MAPPI,Mambioman Bapai,-3.54811232,137.75685558,887288c299fffff,0.0,,0.0,nobody within 5km,5,KOPERASI DESA MERAH PUTIH KAMPUNG LINGGUA DISTRIK NAMBIOMAN BAPAI,,,,1760.650146484375,106.0821533203125,10.0,Tree cover,True,True,False,True,True,4,"https://www.google.com/maps/@-3.54811232,137.75685558,250m/data=!3m1!1e3"
91380,PAPUA SELATAN,KAB. BOVEN DIGOEL,Waropko,-5.52949281,140.84684711,8872d272a1fffff,0.0,,194.0,<500,5,KOPERASI DESA MERAH PUTIH KAMPUNG UPKIM,,,,203.67823791503906,69.52206420898438,10.0,Tree cover,True,True,False,True,True,4,"https://www.google.com/maps/@-5.52949281,140.84684711,250m/data=!3m1!1e3"
42616,SUMATERA BARAT,KAB. PESISIR SELATAN,Airpura,-1.9046576,101.0487057,888cd578d1fffff,0.0,,526.0,500-2k,5,KOPERASI DESA MERAH PUTIH NAGARI INDERAPURA UTARA PESISIR SELATAN,Inderapura Utara,Sedang Diverifikasi,KOPERASI,809.4937744140625,107.37103271484375,10.0,Tree cover,True,True,False,True,True,4,"https://www.google.com/maps/@-1.9046576,101.0487057,250m/data=!3m1!1e3"
78660,SUMATERA BARAT,KAB. PESISIR SELATAN,Ranah Pesisir,-1.63905375,100.9913317,888cd0a4ddfffff,0.0,,23.0,<500,5,KOPERASI DESA MERAH PUTIH NAGARI PELANGAI GADANG PESISIR SELATAN,Pelangai Gadang,Sedang Diverifikasi,KOPERASI,1191.665771484375,69.919189453125,10.0,Tree cover,True,True,False,True,True,4,"https://www.google.com/maps/@-1.63905375,100.9913317,250m/data=!3m1!1e3"
36799,SULAWESI BARAT,KAB. MAMUJU,Tommo,-2.18691056,119.5905628,889521842dfffff,0.0,,368.0,<500,5,KOPERASI DESA MERAH PUTIH LELING UTARA,Leling Utara,Terverifikasi,KOPERASI,1561.35693359375,86.0836181640625,10.0,Tree cover,True,True,False,True,True,4,"https://www.google.com/maps/@-2.18691056,119.5905628,250m/data=!3m1!1e3"
11540,SULAWESI BARAT,KAB. MAMASA,Tabulahan,-2.74083885,119.3317149,889521576bfffff,0.0,,403.0,<500,5,KOPERASI DESA MERAH PUTIH GANDANG DEWATA,,,,1887.775146484375,128.4442138671875,10.0,Tree cover,True,True,False,True,True,4,"https://www.google.com/maps/@-2.74083885,119.3317149,250m/data=!3m1!1e3"
44736,SULAWESI BARAT,KAB. PASANGKAYU,Dapurang,-1.72743783,119.6383958,8868d252a7fffff,0.0,,15.0,<500,5,KOPERASI DESA MERAH PUTIH BENGGAULU,Benggaulu,Terverifikasi,KOPERASI,1509.2947998046875,66.54150390625,10.0,Tree cover,True,True,False,True,True,4,"https://www.google.com/maps/@-1.72743783,119.6383958,250m/data=!3m1!1e3"
74321,KALIMANTAN TENGAH,KAB. KOTAWARINGIN TIMUR,Bukit Santuai,-1.52310852,112.1979092,8868945529fffff,0.0,,137.0,<500,5,KOPERASI DESA MERAH PUTIH TUMBANG SALUANG,,,,337.30126953125,112.54864501953125,10.0,Tree cover,True,True,False,True,True,4,"https://www.google.com/maps/@-1.52310852,112.1979092,250m/data=!3m1!1e3"
50913,KALIMANTAN TENGAH,KAB. KATINGAN,Katingan Tengah,1.426656,113.067612,8868a24b6bfffff,0.0,,201.0,<500,5,KOPERASI DESA MERAH PUTIH NAPU SAHUR,Napu Sahur,Sedang Diverifikasi,KOPERASI,785.3312377929688,83.440673828125,10.0,Tree cover,True,True,False,True,True,4,"https://www.google.com/maps/@1.426656,113.067612,250m/data=!3m1!1e3"
83786,KALIMANTAN TENGAH,KAB. SERUYAN,Suling Tambun,-1.39803589,111.7803875,888cb65249fffff,0.0,,226.0,<500,5,KOPERASI DESA MERAH PUTIH RANGKANG MUNDUK KECAMATAN SULING TAMBUN,Rangkang Munduk,Tidak Ada Lahan,,392.4997863769531,65.04193115234375,10.0,Tree cover,True,True,False,True,True,4,"https://www.google.com/maps/@-1.39803589,111.7803875,250m/data=!3m1!1e3"
87169,KALIMANTAN TENGAH,KAB. SERUYAN,Suling Tambun,-1.39087644,111.8040651,888cb6c9d7fffff,0.0,,764.0,500-2k,5,KOPERASI DESA MERAH PUTIH TUMBANG SALAU,Tumbang Salau,Tidak Ada Lahan,,375.75518798828125,137.10324096679688,10.0,Tree cover,True,True,False,True,True,4,"https://www.google.com/maps/@-1.39087644,111.8040651,250m/data=!3m1!1e3"
44782,KALIMANTAN TENGAH,KAB. KOTAWARINGIN BARAT,Arut Utara,-1.75555474,111.9044724,888cb6d21dfffff,0.0,,140.0,<500,5,KOPERASI DESA MERAH PUTIH PANAHAN KECAMATAN ARUT UTARA,,,,172.1984405517578,63.154083251953125,10.0,Tree cover,True,True,False,True,True,4,"https://www.google.com/maps/@-1.75555474,111.9044724,250m/data=!3m1!1e3"
56830,KALIMANTAN TENGAH,KAB. LAMANDAU,Belantikan Raya,-1.64467122,111.3500386,888cb61533fffff,0.0,,963.0,500-2k,5,KOPERASI DESA MERAH PUTIH BENUATAN,Benuatan,Sedang Diverifikasi,KEMENTERIAN KESEHATAN,148.44598388671875,67.70990753173828,10.0,Tree cover,True,True,False,True,True,4,"https://www.google.com/maps/@-1.64467122,111.3500386,250m/data=!3m1!1e3"
70043,KALIMANTAN TENGAH,KAB. LAMANDAU,Belantikan Raya,-1.40829447,111.4797688,888cb60b15fffff,0.0,,14.0,<500,5,KOPERASI DESA MERAH PUTIH PETARIKAN,Petarikan,Sedang Diverifikasi,KEMENTERIAN KESEHATAN,328.32861328125,67.79299926757812,10.0,Tree cover,True,True,False,True,True,4,"https://www.google.com/maps/@-1.40829447,111.4797688,250m/data=!3m1!1e3"
68740,ACEH,KAB. NAGAN RAYA,Beutong,4.29414426,96.57328654,886556b43bfffff,0.0,,137.0,<500,5,KOPERASI DESA MERAH PUTIH SYARIAH GAMPONG UJONG BLANG,Ujong Blang,Tidak Ada Lahan,,1059.6285400390625,86.8619384765625,10.0,Tree cover,True,True,False,True,True,4,"https://www.google.com/maps/@4.29414426,96.57328654,250m/data=!3m1!1e3"
8841,ACEH,KAB. ACEH TENGGARA,Lawe Alas,3.36777197,97.64187695,88657248c3fffff,0.0,,4.0,<500,5,KOPERASI DESA MERAH PUTIH SYARIAH DELENG KUKUSEN KECAMATAN LAWE ALAS,,,,1922.6768798828125,124.129150390625,10.0,Tree cover,True,True,False,True,True,4,"https://www.google.com/maps/@3.36777197,97.64187695,250m/data=!3m1!1e3"
20888,ACEH,KAB. ACEH TENGGARA,Lawe Alas,3.39018003,97.63222694,8865724887fffff,0.0,,5.0,<500,5,KOPERASI DESA MERAH PUTIH SYARIAH KUTA CINGKAM II KECAMATAN LAWE ALAS,Kuta Cingkam II,Tidak Ada Lahan,,1474.5042724609375,64.5751953125,10.0,Tree cover,True,True,False,True,True,4,"https://www.google.com/maps/@3.39018003,97.63222694,250m/data=!3m1!1e3"
21123,ACEH,KAB. ACEH TENGGARA,Lawe Alas,3.45445607,97.61743706,886509b229fffff,0.0,,6.0,<500,5,KOPERASI DESA MERAH PUTIH SYARIAH PULO SEPANG KECAMATAN LAWE ALAS,Pulo Sepang,Terverifikasi,Agrinas,1692.05322265625,132.6285400390625,10.0,Tree cover,True,True,False,True,True,4,"https://www.google.com/maps/@3.45445607,97.61743706,250m/data=!3m1!1e3"
43326,ACEH,KAB. ACEH TENGGARA,Lawe Alas,3.37810706,97.53478799,8865724dcdfffff,0.0,,10.0,<500,5,KOPERASI DESA MERAH PUTIH SYARIAH BATU HAMPARAN KECAMATAN LAWE ALAS,,,,1685.4375,162.91259765625,10.0,Tree cover,True,True,False,True,True,4,"https://www.google.com/maps/@3.37810706,97.53478799,250m/data=!3m1!1e3"
46011,ACEH,KAB. ACEH TENGGARA,Lawe Alas,3.41388643,97.52084037,8865724da9fffff,0.0,,15.0,<500,5,KOPERASI DESA MERAH PUTIH SYARIAH PINTU KHIMBE KECAMATAN LAWE ALAS,,,,1779.561767578125,137.5455322265625,10.0,Tree cover,True,True,False,True,True,4,"https://www.google.com/maps/@3.41388643,97.52084037,250m/data=!3m1!1e3"
10802,ACEH,KAB. ACEH TENGGARA,Darul Hasanah,3.56877216,97.60578724,886509b13dfffff,0.0,,200.0,<500,5,KOPERASI DESA MERAH PUTIH SYARIAH LAWE PINIS KECAMATAN DARUL HASANAH,Lawe Pinis,Sedang Diverifikasi,Agrinas,1927.382568359375,223.04638671875,10.0,Tree cover,True,True,False,True,True,4,"https://www.google.com/maps/@3.56877216,97.60578724,250m/data=!3m1!1e3"
19119,ACEH,KAB. ACEH TENGGARA,Darul Hasanah,3.5954589,97.58700511,886509bad5fffff,0.0,,47.0,<500,5,KOPERASI DESA MERAH PUTIH SYARIAH BUNTUL KENDAWI KECAMATAN DARUL HASANAH,Buntul Kendawi,Tidak Ada Lahan,,2075.8212890625,114.19921875,10.0,Tree cover,True,True,False,True,True,4,"https://www.google.com/maps/@3.5954589,97.58700511,250m/data=!3m1!1e3"
41524,ACEH,KAB. ACEH TENGGARA,Darul Hasanah,3.58769379,97.59486134,886509baddfffff,0.0,,68.0,<500,5,KOPERASI DESA MERAH PUTIH SYARIAH DARUL MAKMUR KECAMATAN DARUL HASANAH,Darul Makmur,Sedang Diverifikasi,BUSINESS ASSISTANCE,2335.787353515625,60.77978515625,10.0,Tree cover,True,True,False,True,True,4,"https://www.google.com/maps/@3.58769379,97.59486134,250m/data=!3m1!1e3"
43345,ACEH,KAB. ACEH TENGGARA,Darul Hasanah,3.51978856,97.61742365,886509b159fffff,0.0,,122.0,<500,5,KOPERASI DESA MERAH PUTIH SYARIAH PULO GABUNG KECAMATAN DARUL HASANAH,Pulo Gabung,Tidak Ada Lahan,,1526.42138671875,189.254150390625,10.0,Tree cover,True,True,False,True,True,4,"https://www.google.com/maps/@3.51978856,97.61742365,250m/data=!3m1!1e3"
45935,ACEH,KAB. ACEH TENGGARA,Darul Hasanah,3.54221791,97.55700706,886509b1d5fffff,0.0,,3.0,<500,5,KOPERASI DESA MERAH PUTIH SYARIAH KUTE UJUNG KECAMATAN DARUL HASANAH,Kute Ujung,Tidak Ada Lahan,,2200.593994140625,136.94287109375,10.0,Tree cover,True,True,False,True,True,4,"https://www.google.com/maps/@3.54221791,97.55700706,250m/data=!3m1!1e3"
43260,ACEH,KAB. ACEH TENGGARA,Badar,3.63931393,97.83313522,8865098e6bfffff,0.0,,226.0,<500,5,KOPERASI DESA MERAH PUTIH SYARIAH LAWE SEKERAH KECAMATAN BADAR,Lawe Sekerah,Tidak Ada Lahan,,1777.0970458984375,102.1009521484375,10.0,Tree cover,True,True,False,True,True,4,"https://www.google.com/maps/@3.63931393,97.83313522,250m/data=!3m1!1e3"
13278,ACEH,KAB. ACEH TENGGARA,Leuser,3.13002701,97.67589168,8865724259fffff,0.0,,33.0,<500,5,KOPERASI DESA MERAH PUTIH SYARIAH LAWE SEKHAKUT KECAMATAN LEUSER,Lawe Sekhakut,Tidak Ada Lahan,,913.0827026367188,98.65374755859375,10.0,Tree cover,True,True,False,True,True,4,"https://www.google.com/maps/@3.13002701,97.67589168,250m/data=!3m1!1e3"
43296,ACEH,KAB. ACEH TENGGARA,Leuser,3.2535978,97.72566393,886572589bfffff,0.0,,5.0,<500,5,KOPERASI DESA MERAH PUTIH SYARIAH BINTANG ALGA MUSARA KECAMATAN LEUSER,Bintang Alga Musara,Tidak Ada Lahan,,1333.2799072265625,72.701904296875,10.0,Tree cover,True,True,False,True,True,4,"https://www.google.com/maps/@3.2535978,97.72566393,250m/data=!3m1!1e3"
43380,ACEH,KAB. ACEH TENGGARA,Leuser,3.09046622,97.75927085,886572501dfffff,0.0,,40.0,<500,5,KOPERASI DESA MERAH PUTIH SYARIAH BUN BUN ALAS KECAMATAN LEUSER,Bun-bun Alas,Dipertimbangkan,Agrinas,568.6837768554688,100.36138916015625,10.0,Tree cover,True,True,False,True,True,4,"https://www.google.com/maps/@3.09046622,97.75927085,250m/data=!3m1!1e3"
41498,ACEH,KAB. ACEH TENGGARA,Babussalam,3.49481476,97.6192546,886509b317fffff,0.0,,83.0,<500,5,KOPERASI DESA MERAH PUTIH SYARIAH MENDABE KECAMATAN BABUSSALAM,Mendabe,Terverifikasi,Agrinas,1561.9134521484375,111.6156005859375,10.0,Tree cover,True,True,False,True,True,4,"https://www.google.com/maps/@3.49481476,97.6192546,250m/data=!3m1!1e3"
51830,ACEH,KAB. ACEH TENGGARA,Ketambe,3.72990285,97.79986851,8865098c25fffff,0.0,,2.0,<500,5,KOPERASI DESA MERAH PUTIH SYARIAH KATI MAJU KECAMATAN KETAMBE,Kati Maju,Sedang Diverifikasi,KOPERASI,2589.8125,127.760986328125,10.0,Tree cover,True,True,False,True,True,4,"https://www.google.com/maps/@3.72990285,97.79986851,250m/data=!3m1!1e3"
41470,ACEH,KAB. ACEH TENGGARA,Tanoh Alas,3.36860374,97.69587649,886572480bfffff,0.0,,12.0,<500,5,KOPERASI DESA MERAH PUTIH SYARIAH STAMBUL JAYA KECAMATAN TANOH ALAS,Stambul Jaya,Tidak Ada Lahan,,1381.382568359375,80.9501953125,10.0,Tree cover,True,True,False,True,True,4,"https://www.google.com/maps/@3.36860374,97.69587649,250m/data=!3m1!1e3"
52059,ACEH,KAB. ACEH TENGGARA,Babul Rahmah,3.33351532,97.68040431,8865724ae3fffff,0.0,,4.0,<500,5,KOPERASI DESA MERAH PUTIH SYARIAH TUAH MESADE KECAMATAN BABUL RAHMAH,Tuah Mesade,Terverifikasi,Agrinas,1764.5135498046875,88.771728515625,10.0,Tree cover,True,True,False,True,True,4,"https://www.google.com/maps/@3.33351532,97.68040431,250m/data=!3m1!1e3"
54972,ACEH,KAB. ACEH TENGGARA,Babul Rahmah,3.30332151,97.57303739,8865724e21fffff,0.0,,8.0,<500,5,KOPERASI DESA MERAH PUTIH SYARIAH LAWE MALUM KECAMATAN BABUL RAHMAH,,,,1308.0194091796875,167.0867919921875,10.0,Tree cover,True,True,False,True,True,4,"https://www.google.com/maps/@3.30332151,97.57303739,250m/data=!3m1!1e3"
67702,ACEH,KAB. ACEH TENGGARA,Babul Rahmah,3.28753368,97.65987093,88657241e5fffff,0.0,,7.0,<500,5,KOPERASI DESA MERAH PUTIH SYARIAH ALUKH BAKHU KECAMATAN BABUL RAHMAH,,,,1515.711669921875,123.35791015625,10.0,Tree cover,True,True,False,True,True,4,"https://www.google.com/maps/@3.28753368,97.65987093,250m/data=!3m1!1e3"
19225,ACEH,KAB. GAYO LUES,Puteri Betung,3.76719456,97.71391624,8865091663fffff,0.0,,122.0,<500,5,KOPERASI DESA MERAH PUTIH SYARIAH MARPUNGE,,,,1810.7696533203125,91.0260009765625,10.0,Tree cover,True,True,False,True,True,4,"https://www.google.com/maps/@3.76719456,97.71391624,250m/data=!3m1!1e3"
19372,ACEH,KAB. GAYO LUES,Pining,3.84974001,97.83598037,8865091055fffff,0.0,,4.0,<500,5,KOPERASI DESA MERAH PUTIH SYARIAH EKAN,Ekan,Terverifikasi,Agrinas,1494.7117919921875,186.9493408203125,10.0,Tree cover,True,True,False,True,True,4,"https://www.google.com/maps/@3.84974001,97.83598037,250m/data=!3m1!1e3"
87374,ACEH,KAB. GAYO LUES,Pining,4.0344175,97.73988276,8865090103fffff,0.0,,12.0,<500,5,KOPERASI DESA MERAH PUTIH SYARIAH PERTIK,Pertik,Terverifikasi,Agrinas,301.3042297363281,167.07513427734375,10.0,Tree cover,True,True,False,True,True,4,"https://www.google.com/maps/@4.0344175,97.73988276,250m/data=!3m1!1e3"
35569,ACEH,KAB. GAYO LUES,Teripe Jaya,4.18495234,96.87626799,886554485dfffff,0.0,,168.0,<500,5,KOPERASI DESA MERAH PUTIH SYARIAH PERLAK,Perlak,Sedang Diverifikasi,KOPERASI,1726.720703125,119.945068359375,10.0,Tree cover,True,True,False,True,True,4,"https://www.google.com/maps/@4.18495234,96.87626799,250m/data=!3m1!1e3"
82804,ACEH,KAB. ACEH BARAT DAYA,Blangpidie,3.76694254,97.03300534,886554ca85fffff,0.0,,13.0,<500,5,KOPERASI DESA MERAH PUTIH SYARIAH BABAH LHUNG,Babah Lhung,Terverifikasi,Agrinas,1697.323486328125,67.496826171875,10.0,Tree cover,True,True,False,True,True,4,"https://www.google.com/maps/@3.76694254,97.03300534,250m/data=!3m1!1e3"
81735,ACEH,KAB. ACEH BARAT DAYA,Jeumpa,3.87577909,96.95174459,8865545215fffff,0.0,,12.0,<500,5,KOPERASI DESA MERAH PUTIH SYARIAH KUTA JEUMPA KECAMATAN JEUMPA,,,,675.3099975585938,167.0069580078125,10.0,Tree cover,True,True,False,True,True,4,"https://www.google.com/maps/@3.87577909,96.95174459,250m/data=!3m1!1e3"
65445,ACEH,KAB. ACEH BARAT,Sungai Mas,4.61784056,96.38647409,88655636cdfffff,0.0,,26.0,<500,5,KOPERASI DESA MERAH PUTIH LANCONG,,,,573.0042114257812,104.84356689453125,10.0,Tree cover,True,True,False,True,True,4,"https://www.google.com/maps/@4.61784056,96.38647409,250m/data=!3m1!1e3"
16312,ACEH,KAB. BIREUEN,Simpang Mamplam,5.05392195,96.40626997,8865529243fffff,0.0,,318.0,<500,5,KOPERASI DESA MERAH PUTIH SYARIAH KRUENG MEUSEUGOB KECAMATAN SIMPANG MAMPLAM KABUPATEN BIREUEN,Krueng Meuseugob,Sedang Diverifikasi,KEMENTERIAN KESEHATAN,1099.7352294921875,169.322509765625,10.0,Tree cover,True,True,False,True,True,4,"https://www.google.com/maps/@5.05392195,96.40626997,250m/data=!3m1!1e3"
54843,ACEH,KAB. ACEH TIMUR,Serbajadi,4.50075948,97.42816027,8865096c61fffff,0.0,,490.0,<500,5,KOPERASI DESA MERAH PUTIH SYARIAH GAMPONG RAMPAH,,,,1160.7816162109375,136.59716796875,10.0,Tree cover,True,True,False,True,True,4,"https://www.google.com/maps/@4.50075948,97.42816027,250m/data=!3m1!1e3"
54914,ACEH,KAB. ACEH TIMUR,Serbajadi,4.27586134,97.44168772,8865097583fffff,0.0,,10.0,<500,5,KOPERASI DESA MERAH PUTIH SYARIAH GAMPONG TUALANG,,,,1953.1104736328125,161.401123046875,10.0,Tree cover,True,True,False,True,True,4,"https://www.google.com/maps/@4.27586134,97.44168772,250m/data=!3m1!1e3"
62774,ACEH,KAB. ACEH TIMUR,Serbajadi,4.26314731,97.51268076,886509750bfffff,0.0,,52.0,<500,5,KOPERASI DESA MERAH PUTIH SYARIAH GAMPONG LELES,,,,1011.1094360351562,99.3572998046875,10.0,Tree cover,True,True,False,True,True,4,"https://www.google.com/maps/@4.26314731,97.51268076,250m/data=!3m1!1e3"
77590,NUSA TENGGARA BARAT,KAB. SUMBAWA,Ropang,-8.95078842,117.4144859,8895124c4bfffff,0.0,,705.0,500-2k,5,KOPERASI DESA MERAH PUTIH ROPANG,Ropang,Sedang Diverifikasi,KEMENTERIAN KESEHATAN,593.836669921875,92.19287109375,10.0,Tree cover,True,True,False,True,True,4,"https://www.google.com/maps/@-8.95078842,117.4144859,250m/data=!3m1!1e3"
84209,NUSA TENGGARA BARAT,KAB. SUMBAWA,Lunyuk,-8.90428862,117.1315798,8895125945fffff,0.0,,500.0,<500,5,KOPERASI KELURAHAN MERAH PUTIH JAMU LUNYUK,Jamu,Terverifikasi,Agrinas,514.8385009765625,74.57562255859375,10.0,Tree cover,True,True,False,True,True,4,"https://www.google.com/maps/@-8.90428862,117.1315798,250m/data=!3m1!1e3"
82852,NUSA TENGGARA BARAT,KAB. SUMBAWA BARAT,Jereweh,-8.8990394,117.0056021,8895a52f37fffff,0.0,,55.0,<500,5,KOPERASI DESA MERAH PUTIH BERU KECAMATAN JEREWEH,Beru,Terverifikasi,KEMENTERIAN KESEHATAN,396.7519226074219,67.52597045898438,10.0,Tree cover,True,True,False,True,True,4,"https://www.google.com/maps/@-8.8990394,117.0056021,250m/data=!3m1!1e3"
36288,NUSA TENGGARA BARAT,KAB. BIMA,Wera,-8.19512896,119.0592849,88951eda19fffff,0.0,,138.0,<500,5,KOPERASI DESA MERAH PUTIH SANGIANG KECAMATAN WERA,Sangiang,Terverifikasi,BUSINESS ASSISTANCE,1330.7247314453125,150.0069580078125,60.0,Bare / sparse,True,True,False,True,True,4,"https://www.google.com/maps/@-8.19512896,119.0592849,250m/data=!3m1!1e3"
89982,PAPUA PEGUNUNGAN,KAB. PEGUNUNGAN BINTANG,Aboy,-4.17103502,140.47798498,8872d6acc3fffff,0.0,,830.0,500-2k,5,KOPERASI DESA MERAH PUTIH JUBLY DISTRIK ABOY,,,,351.28363037109375,87.75665283203125,10.0,Tree cover,True,True,False,True,True,4,"https://www.google.com/maps/@-4.17103502,140.47798498,250m/data=!3m1!1e3"
89158,PAPUA PEGUNUNGAN,KAB. PEGUNUNGAN BINTANG,Borme,-4.06929465,140.33568908,8872d6a033fffff,0.0,,287.0,<500,5,KOPERASI DESA MERAH PUTIH KAMPUNG KWIME,,,,803.9150390625,124.91650390625,10.0,Tree cover,True,True,False,True,True,4,"https://www.google.com/maps/@-4.06929465,140.33568908,250m/data=!3m1!1e3"
88537,PAPUA PEGUNUNGAN,KAB. PEGUNUNGAN BINTANG,Bime,-4.55168381,140.29685841,8872d639e1fffff,0.0,,511.0,500-2k,5,KOPERASI DESA MERAH PUTIH KAMPUNG TELI,,,,2619.462890625,81.9736328125,10.0,Tree cover,True,True,False,True,True,4,"https://www.google.com/maps/@-4.55168381,140.29685841,250m/data=!3m1!1e3"
90167,PAPUA PEGUNUNGAN,KAB. PEGUNUNGAN BINTANG,Bime,-4.60511068,140.23526959,8872d67631fffff,0.0,,32.0,<500,5,KOPERASI DESA MERAH PUTIH KAMPUNG TURWE,,,,3449.732177734375,86.777099609375,10.0,Tree cover,True,True,False,True,True,4,"https://www.google.com/maps/@-4.60511068,140.23526959,250m/data=!3m1!1e3"
91152,PAPUA PEGUNUNGAN,KAB. PEGUNUNGAN BINTANG,Batani,-3.89488895,140.20059827,8872d6b04bfffff,0.0,,255.0,<500,5,KOPERASI DESA MERAH PUTIH KAMPUNG BATANI,,,,353.0364074707031,76.01449584960938,10.0,Tree cover,True,True,False,True,True,4,"https://www.google.com/maps/@-3.89488895,140.20059827,250m/data=!3m1!1e3"
89065,PAPUA PEGUNUNGAN,KAB. PEGUNUNGAN BINTANG,Okbab,-4.5367137,140.39753007,8872d62a51fffff,0.0,,894.0,500-2k,5,KOPERASI DESA MERAH PUTIH KAMPUNG PENELI,,,,2739.828369140625,165.908203125,10.0,Tree cover,True,True,False,True,True,4,"https://www.google.com/maps/@-4.5367137,140.39753007,250m/data=!3m1!1e3"
89329,PAPUA PEGUNUNGAN,KAB. PEGUNUNGAN BINTANG,Pepera,-4.92241418,140.92995831,8872d2ba81fffff,0.0,,255.0,<500,5,KOPERASI DESA MERAH PUTIH OKBON,,,,2655.62158203125,149.978515625,10.0,Tree cover,True,True,False,True,True,4,"https://www.google.com/maps/@-4.92241418,140.92995831,250m/data=!3m1!1e3"
89231,PAPUA PEGUNUNGAN,KAB. PEGUNUNGAN BINTANG,Okbemtau,-4.5551986,140.77792182,8872d058c5fffff,0.0,,861.0,500-2k,5,KOPERASI DESA MERAH PUTIH OKALUT KUMAL,,,,1157.0618896484375,117.7021484375,10.0,Tree cover,True,True,False,True,True,4,"https://www.google.com/maps/@-4.5551986,140.77792182,250m/data=!3m1!1e3"
89212,PAPUA PEGUNUNGAN,KAB. PEGUNUNGAN BINTANG,Tarup,-5.05918476,140.95714101,8872d2aa25fffff,0.0,,223.0,<500,5,KOPERASI DESA MERAH PUTIH KAMPUNG BETEN DUA,,,,1467.0782470703125,73.580078125,10.0,Tree cover,True,True,False,True,True,4,"https://www.google.com/maps/@-5.05918476,140.95714101,250m/data=!3m1!1e3"
90385,PAPUA PEGUNUNGAN,KAB. PEGUNUNGAN BINTANG,Tarup,-4.99340754,140.81645999,8872d28c9bfffff,0.0,,96.0,<500,5,KOPERASI DESA MERAH PUTIH KAMPUNG IMSIN,,,,1565.2650146484375,94.8671875,10.0,Tree cover,True,True,False,True,True,4,"https://www.google.com/maps/@-4.99340754,140.81645999,250m/data=!3m1!1e3"
90717,PAPUA PEGUNUNGAN,KAB. PEGUNUNGAN BINTANG,Tarup,-4.93903139,140.87653936,8872d2b84bfffff,0.0,,0.0,nobody within 5km,5,KOPERASI DESA MERAH PUTIH KAMPUNG ONKOR,,,,2427.4326171875,184.447509765625,10.0,Tree cover,True,True,False,True,True,4,"https://www.google.com/maps/@-4.93903139,140.87653936,250m/data=!3m1!1e3"
91135,PAPUA PEGUNUNGAN,KAB. PEGUNUNGAN BINTANG,Alemsom,-4.73212741,140.27585173,8872d6674bfffff,0.0,,415.0,<500,5,KOPERASI DESA MERAH PUTIH PAYOL MASUMKON,,,,2353.089111328125,76.693603515625,10.0,Tree cover,True,True,False,True,True,4,"https://www.google.com/maps/@-4.73212741,140.27585173,250m/data=!3m1!1e3"
91759,PAPUA PEGUNUNGAN,KAB. PEGUNUNGAN BINTANG,Alemsom,-4.86497157,140.1519637,8872d66135fffff,0.0,,773.0,500-2k,5,KOPERASI DESA MERAH PUTIH MURUMAN,,,,1035.1058349609375,119.383544921875,10.0,Tree cover,True,True,False,True,True,4,"https://www.google.com/maps/@-4.86497157,140.1519637,250m/data=!3m1!1e3"
92622,PAPUA PEGUNUNGAN,KAB. PEGUNUNGAN BINTANG,Iwur,-4.99713925,140.85850131,8872d2b957fffff,0.0,,64.0,<500,5,KOPERASI DESA MERAH PUTIH NARNGER,,,,1371.6453857421875,69.204833984375,10.0,Tree cover,True,True,False,True,True,4,"https://www.google.com/maps/@-4.99713925,140.85850131,250m/data=!3m1!1e3"
91128,PAPUA PEGUNUNGAN,KAB. PEGUNUNGAN BINTANG,Mofinop,-4.2733851,140.85629408,8872d0cc23fffff,0.0,,574.0,500-2k,5,KOPERASI DESA MERAH PUTIH KAMPUNG TUAL,,,,337.355712890625,91.87704467773438,10.0,Tree cover,True,True,False,True,True,4,"https://www.google.com/maps/@-4.2733851,140.85629408,250m/data=!3m1!1e3"
91148,PAPUA PEGUNUNGAN,KAB. PEGUNUNGAN BINTANG,Awinbon,-4.98030659,140.44069338,8872d2d6d1fffff,0.0,,0.0,nobody within 5km,5,KOPERASI DESA MERAH PUTIH KAMPUNG KAWE,,,,1509.6361083984375,127.6739501953125,10.0,Tree cover,True,True,False,True,True,4,"https://www.google.com/maps/@-4.98030659,140.44069338,250m/data=!3m1!1e3"
91150,PAPUA PEGUNUNGAN,KAB. PEGUNUNGAN BINTANG,Awinbon,-4.96065267,140.30656724,8872d66dc3fffff,0.0,,183.0,<500,5,KOPERASI DESA MERAH PUTIH KAMPUNG YELOBIB,,,,1024.1025390625,145.31353759765625,10.0,Tree cover,True,True,False,True,True,4,"https://www.google.com/maps/@-4.96065267,140.30656724,250m/data=!3m1!1e3"
91154,PAPUA PEGUNUNGAN,KAB. PEGUNUNGAN BINTANG,Kawor,-5.15915843,140.48701763,8872d2c441fffff,0.0,,734.0,500-2k,5,KOPERASI DESA MERAH PUTIH ARINTAP,,,,405.9892272949219,77.52886962890625,10.0,Tree cover,True,True,False,True,True,4,"https://www.google.com/maps/@-5.15915843,140.48701763,250m/data=!3m1!1e3"
91165,PAPUA PEGUNUNGAN,KAB. PEGUNUNGAN BINTANG,Okbape,-4.73433081,140.37875642,8872d666a9fffff,0.0,,637.0,500-2k,5,KOPERASI DESA MERAH PUTIH KAMPUNG MASIM,,,,3106.474609375,118.041259765625,10.0,Tree cover,True,True,False,True,True,4,"https://www.google.com/maps/@-4.73433081,140.37875642,250m/data=!3m1!1e3"
91168,PAPUA PEGUNUNGAN,KAB. PEGUNUNGAN BINTANG,Murkim,-4.02321765,140.7516989,8872d0d563fffff,0.0,,96.0,<500,5,KOPERASI DESA MERAH PUTIH TERO,,,,384.78515625,64.64276123046875,10.0,Tree cover,True,True,False,True,True,4,"https://www.google.com/maps/@-4.02321765,140.7516989,250m/data=!3m1!1e3"
92263,PAPUA PEGUNUNGAN,KAB. PEGUNUNGAN BINTANG,Jetfa,-4.05755453,140.56155028,8872d6a4b7fffff,0.0,,830.0,500-2k,5,KOPERASI DESA MERAH PUTIH KALIMBU,,,,294.0640869140625,85.28994750976562,10.0,Tree cover,True,True,False,True,True,4,"https://www.google.com/maps/@-4.05755453,140.56155028,250m/data=!3m1!1e3"
92265,PAPUA PEGUNUNGAN,KAB. PEGUNUNGAN BINTANG,Jetfa,-4.12035501,140.45098536,8872d6aec7fffff,0.0,,989.0,500-2k,5,KOPERASI DESA MERAH PUTIH TUPALMA SATU,,,,501.6570739746094,122.904052734375,10.0,Tree cover,True,True,False,True,True,4,"https://www.google.com/maps/@-4.12035501,140.45098536,250m/data=!3m1!1e3"
89374,PAPUA PEGUNUNGAN,KAB. YALIMO,Abenaho,-3.62350609,139.38199754,8872890c6bfffff,0.0,,206.0,<500,5,KOPERASI DESA MERAH PUTIH BONGGI,Bonggi,Tidak Ada Lahan,,482.8049621582031,69.22000122070312,10.0,Tree cover,True,True,False,True,True,4,"https://www.google.com/maps/@-3.62350609,139.38199754,250m/data=!3m1!1e3"
91177,PAPUA PEGUNUNGAN,KAB. YALIMO,Abenaho,-3.93592609,139.20452138,8872897b29fffff,0.0,,511.0,500-2k,5,KOPERASI DESA MERAH PUTIH MOBAN,,,,2933.64111328125,63.55908203125,10.0,Tree cover,True,True,False,True,True,4,"https://www.google.com/maps/@-3.93592609,139.20452138,250m/data=!3m1!1e3"
91198,PAPUA PEGUNUNGAN,KAB. YALIMO,Apalapsili,-3.9925957,139.27175723,88728979edfffff,0.0,,847.0,500-2k,5,KOPERASI DESA MERAH PUTIH HUKALOPUNU,,,,2008.799560546875,78.8800048828125,10.0,Tree cover,True,True,False,True,True,4,"https://www.google.com/maps/@-3.9925957,139.27175723,250m/data=!3m1!1e3"
91514,PAPUA PEGUNUNGAN,KAB. YALIMO,Apalapsili,-3.97554332,139.23016753,887289790dfffff,0.0,,149.0,<500,5,KOPERASI DESA MERAH PUTIH EAL,,,,2755.37158203125,132.37255859375,10.0,Tree cover,True,True,False,True,True,4,"https://www.google.com/maps/@-3.97554332,139.23016753,250m/data=!3m1!1e3"
90907,PAPUA PEGUNUNGAN,KAB. YALIMO,Welarek,-3.88450715,139.65666662,88728964ebfffff,0.0,,103.0,<500,5,KOPERASI DESA MERAH PUTIH KAMPUNG AMBILIKI,,,,467.92193603515625,126.151123046875,10.0,Tree cover,True,True,False,True,True,4,"https://www.google.com/maps/@-3.88450715,139.65666662,250m/data=!3m1!1e3"
91239,PAPUA PEGUNUNGAN,KAB. YALIMO,Welarek,-4.11261826,139.22952866,88728bb435fffff,0.0,,929.0,500-2k,5,KOPERASI DESA MERAH PUTIH KAMPUNG PANALULUN,,,,3409.301025390625,99.56689453125,10.0,Tree cover,True,True,False,True,True,4,"https://www.google.com/maps/@-4.11261826,139.22952866,250m/data=!3m1!1e3"
91304,PAPUA PEGUNUNGAN,KAB. YALIMO,Welarek,-3.88961866,139.44452219,8872896055fffff,0.0,,879.0,500-2k,5,KOPERASI DESA MERAH PUTIH KAMPUNG WERENGGIK,,,,912.6190185546875,165.59051513671875,10.0,Tree cover,True,True,False,True,True,4,"https://www.google.com/maps/@-3.88961866,139.44452219,250m/data=!3m1!1e3"
91308,PAPUA PEGUNUNGAN,KAB. YALIMO,Welarek,-3.88743976,139.56604299,8872896731fffff,0.0,,0.0,nobody within 5km,5,KOPERASI DESA MERAH PUTIH KAMPUNG TAHAMAK,,,,1016.618408203125,72.40704345703125,10.0,Tree cover,True,True,False,True,True,4,"https://www.google.com/maps/@-3.88743976,139.56604299,250m/data=!3m1!1e3"
91444,PAPUA PEGUNUNGAN,KAB. YALIMO,Welarek,-4.15403179,139.22560716,88728bb5e3fffff,0.0,,413.0,<500,5,KOPERASI DESA MERAH PUTIH KAMPUNG SALY,,,,3461.7578125,70.5126953125,10.0,Tree cover,True,True,False,True,True,4,"https://www.google.com/maps/@-4.15403179,139.22560716,250m/data=!3m1!1e3"
91460,PAPUA PEGUNUNGAN,KAB. YALIMO,Welarek,-3.85576146,139.50604766,8872896291fffff,0.0,,0.0,nobody within 5km,5,KOPERASI DESA MERAH PUTIH KAMPUNG MONDEK,,,,702.374267578125,65.52093505859375,10.0,Tree cover,True,True,False,True,True,4,"https://www.google.com/maps/@-3.85576146,139.50604766,250m/data=!3m1!1e3"
91462,PAPUA PEGUNUNGAN,KAB. YALIMO,Welarek,-3.81210661,139.55163046,8872897597fffff,0.0,,0.0,nobody within 5km,5,KOPERASI DESA MERAH PUTIH KAMPUNG NANGKULAMULAN,,,,677.8211059570312,158.89544677734375,10.0,Tree cover,True,True,False,True,True,4,"https://www.google.com/maps/@-3.81210661,139.55163046,250m/data=!3m1!1e3"
93123,PAPUA PEGUNUNGAN,KAB. YAHUKIMO,Sela,-4.5116612,139.88766056,8872d60b4dfffff,0.0,,0.0,nobody within 5km,5,KOPERASI DESA MERAH PUTIH HOLDOMEN,,,,2984.869140625,186.804443359375,10.0,Tree cover,True,True,False,True,True,4,"https://www.google.com/maps/@-4.5116612,139.88766056,250m/data=!3m1!1e3"
88967,PAPUA PEGUNUNGAN,KAB. YAHUKIMO,Nipsan,-4.22231326,139.61304001,8872d6d52bfffff,0.0,,775.0,500-2k,5,KOPERASI DESA MERAH PUTIH TAPLA,,,,2894.296875,109.9775390625,10.0,Tree cover,True,True,False,True,True,4,"https://www.google.com/maps/@-4.22231326,139.61304001,250m/data=!3m1!1e3"
89660,PAPUA PEGUNUNGAN,KAB. YAHUKIMO,Suntamon,-4.87071384,140.02548892,8872d679c7fffff,0.0,,916.0,500-2k,5,KOPERASI DESA MERAH PUTIH YUP,,,,1578.0592041015625,114.9835205078125,10.0,Tree cover,True,True,False,True,True,4,"https://www.google.com/maps/@-4.87071384,140.02548892,250m/data=!3m1!1e3"
92325,PAPUA PEGUNUNGAN,KAB. YAHUKIMO,Suntamon,-4.89589336,140.21316882,8872d66f41fffff,0.0,,862.0,500-2k,5,KOPERASI DESA MERAH PUTIH TAPASIK KECAMATAN SUNTAMON,,,,1691.8482666015625,141.8714599609375,10.0,Tree cover,True,True,False,True,True,4,"https://www.google.com/maps/@-4.89589336,140.21316882,250m/data=!3m1!1e3"
91099,PAPUA PEGUNUNGAN,KAB. YAHUKIMO,Amuma,-4.54713953,139.09899123,88728b04c3fffff,0.0,,413.0,<500,5,KOPERASI DESA MERAH PUTIH GOLOWEN,,,,1048.9102783203125,140.655029296875,10.0,Tree cover,True,True,False,True,True,4,"https://www.google.com/maps/@-4.54713953,139.09899123,250m/data=!3m1!1e3"
91611,PAPUA PEGUNUNGAN,KAB. YAHUKIMO,Amuma,-4.53985057,139.1262969,88728b3325fffff,0.0,,956.0,500-2k,5,KOPERASI DESA MERAH PUTIH BALUM ERANG,,,,981.4296875,74.4193115234375,10.0,Tree cover,True,True,False,True,True,4,"https://www.google.com/maps/@-4.53985057,139.1262969,250m/data=!3m1!1e3"
91959,PAPUA PEGUNUNGAN,KAB. YAHUKIMO,Talambo,-3.86373111,140.0802867,8872d44931fffff,0.0,,0.0,nobody within 5km,5,KOPERASI DESA MERAH PUTIH PALEROMON,Paleromon,Sedang Diverifikasi,KOPERASI,455.9188537597656,75.7520751953125,10.0,Tree cover,True,True,False,True,True,4,"https://www.google.com/maps/@-3.86373111,140.0802867,250m/data=!3m1!1e3"
91974,PAPUA PEGUNUNGAN,KAB. YAHUKIMO,Talambo,-3.8287407,139.8353329,8872d692b7fffff,0.0,,52.0,<500,5,KOPERASI DESA MERAH PUTIH LELAMBO II,Lelambo 2,Sedang Diverifikasi,BUSINESS ASSISTANCE,228.1230926513672,80.38890075683594,10.0,Tree cover,True,True,False,True,True,4,"https://www.google.com/maps/@-3.8287407,139.8353329,250m/data=!3m1!1e3"
93231,PAPUA PEGUNUNGAN,KAB. YAHUKIMO,Kurima,-4.36752437,138.90376071,88728b1663fffff,0.0,,0.0,nobody within 5km,5,KOPERASI DESA MERAH PUTIH YAGARELO,,,,3226.98388671875,81.31298828125,10.0,Tree cover,True,True,False,True,True,4,"https://www.google.com/maps/@-4.36752437,138.90376071,250m/data=!3m1!1e3"
93783,PAPUA PEGUNUNGAN,KAB. YAHUKIMO,Kurima,-4.36806666,138.87473893,88728b8dbbfffff,0.0,,490.0,<500,5,KOPERASI DESA MERAH PUTIH SOROH,,,,3337.1064453125,168.51220703125,10.0,Tree cover,True,True,False,True,True,4,"https://www.google.com/maps/@-4.36806666,138.87473893,250m/data=!3m1!1e3"
92200,PAPUA PEGUNUNGAN,KAB. YAHUKIMO,Kwelamdua,-4.6543678,139.72892845,8872d6420bfffff,0.0,,826.0,500-2k,5,KOPERASI DESA MERAH PUTIH YALIDOMON KECAMATAN KWELAMDUA,,,,1561.8642578125,76.98388671875,10.0,Tree cover,True,True,False,True,True,4,"https://www.google.com/maps/@-4.6543678,139.72892845,250m/data=!3m1!1e3"
92305,PAPUA PEGUNUNGAN,KAB. YAHUKIMO,Endomen,-3.88681982,140.00247784,8872d6866bfffff,0.0,,413.0,<500,5,KOPERASI DESA MERAH PUTIH SURON,,,,474.35638427734375,128.73703002929688,10.0,Tree cover,True,True,False,True,True,4,"https://www.google.com/maps/@-3.88681982,140.00247784,250m/data=!3m1!1e3"
92362,PAPUA PEGUNUNGAN,KAB. YAHUKIMO,Ubahak,-4.28219247,139.60933468,8872d6c05bfffff,0.0,,104.0,<500,5,KOPERASI DESA MERAH PUTIH SOSOMIKMA,,,,3460.364990234375,128.284423828125,10.0,Tree cover,True,True,False,True,True,4,"https://www.google.com/maps/@-4.28219247,139.60933468,250m/data=!3m1!1e3"
92530,PAPUA PEGUNUNGAN,KAB. YAHUKIMO,Ubahak,-4.30554595,139.60368501,8872d6c00bfffff,0.0,,1.0,<500,5,KOPERASI DESA MERAH PUTIH OBLIN,,,,3631.332275390625,114.861083984375,10.0,Tree cover,True,True,False,True,True,4,"https://www.google.com/maps/@-4.30554595,139.60368501,250m/data=!3m1!1e3"
92580,PAPUA PEGUNUNGAN,KAB. YAHUKIMO,Ubahak,-4.31322658,139.57925312,8872d6c06bfffff,0.0,,1.0,<500,5,KOPERASI DESA MERAH PUTIH WELILE,,,,3686.168212890625,84.706298828125,10.0,Tree cover,True,True,False,True,True,4,"https://www.google.com/maps/@-4.31322658,139.57925312,250m/data=!3m1!1e3"
92440,PAPUA PEGUNUNGAN,KAB. YAHUKIMO,Hogio,-4.50067262,139.17560732,88728b331bfffff,0.0,,931.0,500-2k,5,KOPERASI DESA MERAH PUTIH SIPNIDIPMU,,,,1792.9158935546875,94.1591796875,10.0,Tree cover,True,True,False,True,True,4,"https://www.google.com/maps/@-4.50067262,139.17560732,250m/data=!3m1!1e3"
92651,PAPUA PEGUNUNGAN,KAB. YAHUKIMO,Wusama,-0.84488345,132.24924375,88739b2c15fffff,0.0,,752.0,500-2k,5,KOPERASI DESA MERAH PUTIH SANGATUR,,,,409.0015869140625,131.39456176757812,10.0,Tree cover,True,True,False,True,True,4,"https://www.google.com/maps/@-0.84488345,132.24924375,250m/data=!3m1!1e3"
92650,PAPUA PEGUNUNGAN,KAB. YAHUKIMO,Obio,-0.84488345,132.24924375,88739b2c15fffff,0.0,,752.0,500-2k,5,KOPERASI DESA MERAH PUTIH UJIN,,,,409.0015869140625,131.39456176757812,10.0,Tree cover,True,True,False,True,True,4,"https://www.google.com/maps/@-0.84488345,132.24924375,250m/data=!3m1!1e3"
93794,PAPUA PEGUNUNGAN,KAB. YAHUKIMO,Ubalihi,-4.29924881,139.58761039,8872d6c043fffff,0.0,,1.0,<500,5,KOPERASI DESA MERAH PUTIH UBALIHION,,,,3626.1103515625,65.804443359375,10.0,Tree cover,True,True,False,True,True,4,"https://www.google.com/maps/@-4.29924881,139.58761039,250m/data=!3m1!1e3"
93649,PAPUA PEGUNUNGAN,KAB. TOLIKARA,Wari/Taiyeve II,-3.3688885,138.69950798,887289d125fffff,0.0,,910.0,500-2k,5,KOPERASI DESA MERAH PUTIH KAMPUNG KURUKU DISTRIK WARI TAIYEVE II,,,,460.6575927734375,114.43304443359375,10.0,Tree cover,True,True,False,True,True,4,"https://www.google.com/maps/@-3.3688885,138.69950798,250m/data=!3m1!1e3"
94134,PAPUA PEGUNUNGAN,KAB. TOLIKARA,Wari/Taiyeve II,-3.40216797,138.74077242,887289da83fffff,0.0,,324.0,<500,5,KOPERASI DESA MERAH PUTIH KAMPUNG KALIBU DISTRIK WARI TAIYEVE II,,,,735.4251708984375,113.33612060546875,10.0,Tree cover,True,True,False,True,True,4,"https://www.google.com/maps/@-3.40216797,138.74077242,250m/data=!3m1!1e3"
93264,PAPUA PEGUNUNGAN,KAB. TOLIKARA,Bewani,-3.48990665,138.60913544,887288ac95fffff,0.0,,223.0,<500,5,KOPERASI DESA MERAH PUTIH KAMPUNG GELALO DISTRIK BEWANI,,,,1806.3416748046875,166.2294921875,10.0,Tree cover,True,True,False,True,True,4,"https://www.google.com/maps/@-3.48990665,138.60913544,250m/data=!3m1!1e3"
93976,PAPUA PEGUNUNGAN,KAB. TOLIKARA,Egiam,-3.50367834,138.55924564,887288addbfffff,0.0,,0.0,nobody within 5km,5,KOPERASI DESA MERAH PUTIH KAMPUNG KURBA DISTRIK EGIAM,,,,2275.94677734375,195.762451171875,10.0,Tree cover,True,True,False,True,True,4,"https://www.google.com/maps/@-3.50367834,138.55924564,250m/data=!3m1!1e3"
93979,PAPUA PEGUNUNGAN,KAB. TOLIKARA,Egiam,-3.46122435,138.51306592,887288ac47fffff,0.0,,270.0,<500,5,KOPERASI DESA MERAH PUTIH KAMPUNG TABONAKME DSITRIK EGIAM,,,,1894.52392578125,129.2828369140625,10.0,Tree cover,True,True,False,True,True,4,"https://www.google.com/maps/@-3.46122435,138.51306592,250m/data=!3m1!1e3"
94100,PAPUA PEGUNUNGAN,KAB. TOLIKARA,Egiam,-3.52418226,138.53042865,887288adc7fffff,0.0,,270.0,<500,5,KOPERASI DESA MERAH PUTIH KAMPUNG KALIUNDI DISTRIK EGIAM,,,,2615.39990234375,93.357421875,10.0,Tree cover,True,True,False,True,True,4,"https://www.google.com/maps/@-3.52418226,138.53042865,250m/data=!3m1!1e3"
93525,PAPUA PEGUNUNGAN,KAB. JAYAWIJAYA,Welesi,-4.24431524,138.85856399,88728b8e8dfffff,0.0,,239.0,<500,5,KOPERASI DESA MERAH PUTIH KAMPUNG TULIMA,,,,3912.937744140625,98.7099609375,10.0,Tree cover,True,True,False,True,True,4,"https://www.google.com/maps/@-4.24431524,138.85856399,250m/data=!3m1!1e3"
93253,PAPUA PEGUNUNGAN,KAB. JAYAWIJAYA,Itlay Hisage,-4.05683126,139.13884079,88728bb741fffff,0.0,,903.0,500-2k,5,KOPERASI DESA MERAH PUTIH KEMISAKE,,,,3034.72802734375,68.3623046875,10.0,Tree cover,True,True,False,True,True,4,"https://www.google.com/maps/@-4.05683126,139.13884079,250m/data=!3m1!1e3"
93503,PAPUA PEGUNUNGAN,KAB. JAYAWIJAYA,Itlay Hisage,-4.01011377,139.16514065,8872894d9bfffff,0.0,,10.0,<500,5,KOPERASI DESA MERAH PUTIH YOGONIMA,,,,3189.099609375,74.288818359375,10.0,Tree cover,True,True,False,True,True,4,"https://www.google.com/maps/@-4.01011377,139.16514065,250m/data=!3m1!1e3"
75858,PAPUA PEGUNUNGAN,KAB. MAMBERAMO TENGAH,Eragayam,-3.52476115,138.8827953,887289cf41fffff,0.0,,0.0,nobody within 5km,5,KOPERASI DESA MERAH PUTIH WURIGELOBAR,,,,2739.1669921875,75.828125,10.0,Tree cover,True,True,False,True,True,4,"https://www.google.com/maps/@-3.52476115,138.8827953,250m/data=!3m1!1e3"
88893,PAPUA PEGUNUNGAN,KAB. MAMBERAMO TENGAH,Eragayam,-3.62588139,138.90870928,887289cd25fffff,0.0,,654.0,500-2k,5,KOPERASI DESA MERAH PUTIH WINIMA,,,,1459.0264892578125,153.8282470703125,10.0,Tree cover,True,True,False,True,True,4,"https://www.google.com/maps/@-3.62588139,138.90870928,250m/data=!3m1!1e3"
89056,PAPUA PEGUNUNGAN,KAB. MAMBERAMO TENGAH,Eragayam,-3.60099713,138.86709867,887289c8bdfffff,0.0,,88.0,<500,5,KOPERASI DESA MERAH PUTIH KINO,,,,1921.57080078125,159.7999267578125,10.0,Tree cover,True,True,False,True,True,4,"https://www.google.com/maps/@-3.60099713,138.86709867,250m/data=!3m1!1e3"
88521,PAPUA PEGUNUNGAN,KAB. MAMBERAMO TENGAH,Kobakma,-3.6387511,139.29593643,88728908ddfffff,0.0,,206.0,<500,5,KOPERASI DESA MERAH PUTIH WIYUGOBAK,,,,561.7191772460938,100.13201904296875,10.0,Tree cover,True,True,False,True,True,4,"https://www.google.com/maps/@-3.6387511,139.29593643,250m/data=!3m1!1e3"
90792,PAPUA PEGUNUNGAN,KAB. MAMBERAMO TENGAH,Megambilis,-3.45913647,138.73650288,887289d8ebfffff,0.0,,223.0,<500,5,KOPERASI DESA MERAH PUTIH HIGISYAM,,,,2516.024169921875,161.50732421875,10.0,Tree cover,True,True,False,True,True,4,"https://www.google.com/maps/@-3.45913647,138.73650288,250m/data=!3m1!1e3"
21415,KALIMANTAN UTARA,KAB. BULUNGAN,Peso,2.43044378,116.4161365,8868a8444dfffff,0.0,,0.0,nobody within 5km,5,KOPERASI DESA MERAH PUTIH LONG PELBAN,,,,435.8389587402344,84.03564453125,10.0,Tree cover,True,True,False,True,True,4,"https://www.google.com/maps/@2.43044378,116.4161365,250m/data=!3m1!1e3"
65975,KALIMANTAN UTARA,KAB. BULUNGAN,Peso,2.5607311,116.3496856,8868a856e5fffff,0.0,,5.0,<500,5,KOPERASI DESA MERAH PUTIH LONG LEJUH,,,,453.17620849609375,90.67047119140625,10.0,Tree cover,True,True,False,True,True,4,"https://www.google.com/maps/@2.5607311,116.3496856,250m/data=!3m1!1e3"
20937,KALIMANTAN UTARA,KAB. MALINAU,Malinau Barat,3.27388971,116.7045796,8868ad4d19fffff,0.0,,9.0,<500,5,KOPERASI DESA MERAH PUTIH PUNAN BENGALUN,Punan Bengalun,Terverifikasi,Agrinas,193.19143676757812,101.01121520996094,10.0,Tree cover,True,True,False,True,True,4,"https://www.google.com/maps/@3.27388971,116.7045796,250m/data=!3m1!1e3"
15003,KALIMANTAN UTARA,KAB. MALINAU,Kayan Hulu,1.51299214,114.7977526,886885d523fffff,0.0,,0.0,nobody within 5km,5,KOPERASI DESA MERAH PUTIH NAWANG BARU,Nawang Baru,Sedang Diverifikasi,KOPERASI,911.9656372070312,140.91021728515625,10.0,Tree cover,True,True,False,True,True,4,"https://www.google.com/maps/@1.51299214,114.7977526,250m/data=!3m1!1e3"
25319,KALIMANTAN UTARA,KAB. MALINAU,Malinau Selatan Hulu,2.80348195,116.0421871,8868a8d1e1fffff,0.0,,4.0,<500,5,KOPERASI DESA MERAH PUTIH NAHAKRAMO BARU,Nahakramo,Terverifikasi,KOPERASI,574.8658447265625,130.74267578125,10.0,Tree cover,True,True,False,True,True,4,"https://www.google.com/maps/@2.80348195,116.0421871,250m/data=!3m1!1e3"
28580,KALIMANTAN UTARA,KAB. MALINAU,Malinau Selatan Hulu,3.17153504,116.2303335,8868a8914dfffff,0.0,,3.0,<500,5,KOPERASI DESA MERAH PUTIH LONG RAT,Long Rat,Sedang Diverifikasi,KOPERASI,884.505615234375,67.8486328125,10.0,Tree cover,True,True,False,True,True,4,"https://www.google.com/maps/@3.17153504,116.2303335,250m/data=!3m1!1e3"
45269,KALIMANTAN UTARA,KAB. MALINAU,Malinau Selatan Hulu,2.82966946,116.3357643,8868a8c6b9fffff,0.0,,1.0,<500,5,KOPERASI DESA MERAH PUTIH METUT,Metut,Terverifikasi,Agrinas,467.1734619140625,118.0091552734375,10.0,Tree cover,True,True,False,True,True,4,"https://www.google.com/maps/@2.82966946,116.3357643,250m/data=!3m1!1e3"
51440,KALIMANTAN UTARA,KAB. MALINAU,Malinau Selatan,3.09288778,116.6347971,8868a8b121fffff,0.0,,16.0,<500,5,KOPERASI DESA MERAH PUTIH PELENCAU,,,,303.9024658203125,74.66122436523438,10.0,Tree cover,True,True,False,True,True,4,"https://www.google.com/maps/@3.09288778,116.6347971,250m/data=!3m1!1e3"
14744,KALIMANTAN UTARA,KAB. MALINAU,Bahau Hulu,3.00377856,115.7221263,8868ac4d89fffff,0.0,,9.0,<500,5,KOPERASI DESA MERAH PUTIH LONG BERINI,,,,888.0512084960938,79.7237548828125,10.0,Tree cover,True,True,False,True,True,4,"https://www.google.com/maps/@3.00377856,115.7221263,250m/data=!3m1!1e3"
31053,KALIMANTAN UTARA,KAB. MALINAU,Bahau Hulu,2.79338699,115.8467294,8868aea541fffff,0.0,,532.0,500-2k,5,KOPERASI DESA MERAH PUTIH LONG ULI,Long Uli,Sedang Diverifikasi,KOPERASI,776.7687377929688,113.27166748046875,10.0,Tree cover,True,True,False,True,True,4,"https://www.google.com/maps/@2.79338699,115.8467294,250m/data=!3m1!1e3"
14927,KALIMANTAN UTARA,KAB. MALINAU,Kayan Hilir,1.86560695,115.4976425,886885b5dbfffff,0.0,,0.0,nobody within 5km,5,KOPERASI DESA MERAH PUTIH LONG PIPA,,,,688.8425903320312,113.599609375,10.0,Tree cover,True,True,False,True,True,4,"https://www.google.com/maps/@1.86560695,115.4976425,250m/data=!3m1!1e3"
14955,KALIMANTAN UTARA,KAB. MALINAU,Kayan Hilir,1.89174577,115.8848498,8868aad685fffff,0.0,,1.0,<500,5,KOPERASI DESA MERAH PUTIH LONG SULE,,,,675.1732788085938,103.3033447265625,10.0,Tree cover,True,True,False,True,True,4,"https://www.google.com/maps/@1.89174577,115.8848498,250m/data=!3m1!1e3"
14968,KALIMANTAN UTARA,KAB. MALINAU,Kayan Hilir,2.18816605,115.4723777,8868ae46bbfffff,0.0,,3.0,<500,5,KOPERASI DESA MERAH PUTIH DATA DIAN,Data Dian,Sedang Diverifikasi,KOPERASI,872.653076171875,143.3541259765625,10.0,Tree cover,True,True,False,True,True,4,"https://www.google.com/maps/@2.18816605,115.4723777,250m/data=!3m1!1e3"
14992,KALIMANTAN UTARA,KAB. MALINAU,Kayan Hilir,2.16613645,114.9940854,8868a32559fffff,0.0,,2.0,<500,5,KOPERASI DESA MERAH PUTIH SUNGAI ANAI,,,,895.2255249023438,80.76605224609375,10.0,Tree cover,True,True,False,True,True,4,"https://www.google.com/maps/@2.16613645,114.9940854,250m/data=!3m1!1e3"
27170,KALIMANTAN UTARA,KAB. MALINAU,Sungai Tubu,3.42058662,116.0247667,8868ac3b29fffff,0.0,,5.0,<500,5,KOPERASI DESA MERAH PUTIH LONG TITI,,,,1167.962158203125,78.00390625,10.0,Tree cover,True,True,False,True,True,4,"https://www.google.com/maps/@3.42058662,116.0247667,250m/data=!3m1!1e3"
71252,KALIMANTAN UTARA,KAB. MALINAU,Sungai Boh,1.27418148,115.2798475,8868850c3dfffff,0.0,,8.0,<500,5,KOPERASI DESA MERAH PUTIH DUMU MAHAK,,,,601.056640625,81.36004638671875,10.0,Tree cover,True,True,False,True,True,4,"https://www.google.com/maps/@1.27418148,115.2798475,250m/data=!3m1!1e3"
82954,KALIMANTAN UTARA,KAB. MALINAU,Sungai Boh,1.63161575,115.4112745,886885aa83fffff,0.0,,5.0,<500,5,KOPERASI DESA MERAH PUTIH MAHAK BARU,,,,671.90087890625,63.8592529296875,10.0,Tree cover,True,True,False,True,True,4,"https://www.google.com/maps/@1.63161575,115.4112745,250m/data=!3m1!1e3"
57027,KALIMANTAN UTARA,KAB. MALINAU,Mentarang,3.59032722,116.3399023,8868ac34a3fffff,0.0,,143.0,<500,5,KOPERASI DESA MERAH PUTIH PAKING,,,,387.2599792480469,67.26382446289062,10.0,Tree cover,True,True,False,True,True,4,"https://www.google.com/maps/@3.59032722,116.3399023,250m/data=!3m1!1e3"
25042,KALIMANTAN UTARA,KAB. MALINAU,Mentarang Hulu,3.67157075,116.0381221,8868aca823fffff,0.0,,507.0,500-2k,5,KOPERASI DESA MERAH PUTIH LUNG SEMAMU,,,,805.2770385742188,106.9730224609375,10.0,Tree cover,True,True,False,True,True,4,"https://www.google.com/maps/@3.67157075,116.0381221,250m/data=!3m1!1e3"
44566,KALIMANTAN UTARA,KAB. NUNUKAN,Lumbis Ogong,3.88518197,116.5457801,8868add5abfffff,0.0,,982.0,500-2k,5,KOPERASI DESA MERAH PUTIH LONG BULU,Long Bulu,Sedang Diverifikasi,KOPERASI,296.5411682128906,86.59742736816406,10.0,Tree cover,True,True,False,True,True,4,"https://www.google.com/maps/@3.88518197,116.5457801,250m/data=!3m1!1e3"
48215,KALIMANTAN UTARA,KAB. NUNUKAN,Lumbis Ogong,4.29576214,116.6005361,8868ad922bfffff,0.0,,12.0,<500,5,KOPERASI DESA MERAH PUTIH LIMPAKON,,,,303.25811767578125,60.3719482421875,10.0,Tree cover,True,True,False,True,True,4,"https://www.google.com/maps/@4.29576214,116.6005361,250m/data=!3m1!1e3"
65934,KALIMANTAN UTARA,KAB. NUNUKAN,Lumbis Ogong,3.8720802,116.5266397,8868adc2d3fffff,0.0,,784.0,500-2k,5,KOPERASI DESA MERAH PUTIH PALUAN,Paluan,Sedang Diverifikasi,KOPERASI,318.4564208984375,62.491363525390625,10.0,Tree cover,True,True,False,True,True,4,"https://www.google.com/maps/@3.8720802,116.5266397,250m/data=!3m1!1e3"
77068,KALIMANTAN UTARA,KAB. NUNUKAN,Lumbis Ogong,4.1091277,116.5652377,8868ad9847fffff,0.0,,106.0,<500,5,KOPERASI DESA MERAH PUTIH LABUK,,,,344.058837890625,75.73919677734375,10.0,Tree cover,True,True,False,True,True,4,"https://www.google.com/maps/@4.1091277,116.5652377,250m/data=!3m1!1e3"
78082,KALIMANTAN UTARA,KAB. NUNUKAN,Lumbis Ogong,4.0407669,116.5862733,8868ad9985fffff,0.0,,462.0,<500,5,KOPERASI DESA MERAH PUTIH SUNGOI,Sungoi,Sedang Diverifikasi,KOPERASI,412.9518127441406,91.54782104492188,10.0,Tree cover,True,True,False,True,True,4,"https://www.google.com/maps/@4.0407669,116.5862733,250m/data=!3m1!1e3"
79672,KALIMANTAN UTARA,KAB. NUNUKAN,Lumbis Ogong,4.16799257,116.5898923,8868ad9acdfffff,0.0,,57.0,<500,5,KOPERASI DESA MERAH PUTIH LINSAYUNG,,,,750.1289672851562,134.2891845703125,10.0,Tree cover,True,True,False,True,True,4,"https://www.google.com/maps/@4.16799257,116.5898923,250m/data=!3m1!1e3"
20115,KALIMANTAN UTARA,KAB. NUNUKAN,Lumbis Pansiangan,4.25996493,116.3169012,8868136251fffff,0.0,,383.0,<500,5,KOPERASI DESA MERAH PUTIH PANAS,Panas,Sedang Diverifikasi,PMO,386.1748352050781,111.88226318359375,10.0,Tree cover,True,True,False,True,True,4,"https://www.google.com/maps/@4.25996493,116.3169012,250m/data=!3m1!1e3"
31619,KALIMANTAN UTARA,KAB. NUNUKAN,Lumbis Pansiangan,4.30781801,116.5283555,88681329e3fffff,0.0,,84.0,<500,5,KOPERASI DESA MERAH PUTIH SUMENTOBOL,,,,477.5609436035156,95.44699096679688,10.0,Tree cover,True,True,False,True,True,4,"https://www.google.com/maps/@4.30781801,116.5283555,250m/data=!3m1!1e3"
51158,KALIMANTAN UTARA,KAB. NUNUKAN,Lumbis Pansiangan,4.3341038,116.2897064,886813776dfffff,0.0,,795.0,500-2k,5,KOPERASI DESA MERAH PUTIH TAMBALANG HULU,,,,365.4898986816406,75.34683227539062,10.0,Tree cover,True,True,False,True,True,4,"https://www.google.com/maps/@4.3341038,116.2897064,250m/data=!3m1!1e3"
62266,KALIMANTAN UTARA,KAB. NUNUKAN,Lumbis Pansiangan,4.28913346,116.4609664,8868136651fffff,0.0,,871.0,500-2k,5,KOPERASI DESA MERAH PUTIH NANTUKIDAN,Nantukidan,Sedang Diverifikasi,PMO,662.4341430664062,92.28802490234375,10.0,Tree cover,True,True,False,True,True,4,"https://www.google.com/maps/@4.28913346,116.4609664,250m/data=!3m1!1e3"
65969,KALIMANTAN UTARA,KAB. NUNUKAN,Lumbis Pansiangan,4.21057466,116.2325666,8868137ad3fffff,0.0,,110.0,<500,5,KOPERASI DESA MERAH PUTIH KUYO,Kuyo,Sedang Diverifikasi,PMO,569.6874389648438,78.95648193359375,10.0,Tree cover,True,True,False,True,True,4,"https://www.google.com/maps/@4.21057466,116.2325666,250m/data=!3m1!1e3"
75649,KALIMANTAN UTARA,KAB. NUNUKAN,Lumbis Pansiangan,4.373983,116.3301497,8868137665fffff,0.0,,489.0,<500,5,KOPERASI DESA MERAH PUTIH NGAWOL,,,,680.5252685546875,128.6962890625,10.0,Tree cover,True,True,False,True,True,4,"https://www.google.com/maps/@4.373983,116.3301497,250m/data=!3m1!1e3"
80595,KALIMANTAN UTARA,KAB. NUNUKAN,Tulin Onsoi,4.28761382,116.7675576,8868ad9401fffff,0.0,,18.0,<500,5,KOPERASI DESA MERAH PUTIH NAPUTI TULIN ONSOI,,,,675.7059326171875,60.55780029296875,10.0,Tree cover,True,True,False,True,True,4,"https://www.google.com/maps/@4.28761382,116.7675576,250m/data=!3m1!1e3"
84375,MALUKU,KAB. MALUKU TENGAH,Telutih,-3.19292934,129.6451405,88956b0967fffff,0.0,,759.0,500-2k,5,KOPERASI DESA MERAH PUTIH NEGERI WOLU,Wolu,Tidak Ada Lahan,,1359.4381103515625,69.7747802734375,10.0,Tree cover,True,True,False,True,True,4,"https://www.google.com/maps/@-3.19292934,129.6451405,250m/data=!3m1!1e3"
85933,MALUKU,KAB. SERAM BAGIAN BARAT,Taniwel Timur,-3.02067026,128.7042308,88956a143bfffff,0.0,,16.0,<500,5,KOPERASI DESA MERAH PUTIH DESA MAKUBUBUI,Makububui,Dipertimbangkan,KOPERASI,992.2389526367188,97.09844970703125,10.0,Tree cover,True,True,False,True,True,4,"https://www.google.com/maps/@-3.02067026,128.7042308,250m/data=!3m1!1e3"
39379,MALUKU,KAB. MALUKU BARAT DAYA,Wetar Selatan,-7.8147053,126.5169846,88942d9291fffff,0.0,,698.0,500-2k,5,KOPERASI DESA MERAH PUTIH ILPUTIH,Ilputih,Terverifikasi,Agrinas,471.56573486328125,167.67971801757812,10.0,Tree cover,True,True,False,True,True,4,"https://www.google.com/maps/@-7.8147053,126.5169846,250m/data=!3m1!1e3"
59423,SULAWESI TENGGARA,KAB. KOLAKA UTARA,Porehu,-3.12531316,121.2830624,8895281285fffff,0.0,,892.0,500-2k,5,KOPERASI DESA MERAH PUTIH TOBELA,Tobela,Sedang Diverifikasi,KOPERASI,1071.8314208984375,126.00860595703125,10.0,Tree cover,True,True,False,True,True,4,"https://www.google.com/maps/@-3.12531316,121.2830624,250m/data=!3m1!1e3"
53883,SULAWESI TENGGARA,KAB. KOLAKA TIMUR,Ueesi,-3.61024555,121.3696538,8895287103fffff,0.0,,13.0,<500,5,KOPERASI DESA MERAH PUTIH ALAAHA,,,,1128.3072509765625,135.9498291015625,10.0,Tree cover,True,True,False,True,True,4,"https://www.google.com/maps/@-3.61024555,121.3696538,250m/data=!3m1!1e3"
73223,SULAWESI TENGGARA,KAB. KOLAKA TIMUR,Ueesi,-3.39546926,121.2964045,8895280a3bfffff,0.0,,7.0,<500,5,KOPERASI DESA MERAH PUTIH PUURAU KECAMATAN UEESI,Puurau,Sedang Diverifikasi,BUSINESS ASSISTANCE,1202.68115234375,89.9542236328125,10.0,Tree cover,True,True,False,True,True,4,"https://www.google.com/maps/@-3.39546926,121.2964045,250m/data=!3m1!1e3"
9261,SULAWESI TENGGARA,KAB. BUTON UTARA,Kulisusu Utara,-4.5080011,123.064139,88950db61dfffff,0.0,,755.0,500-2k,5,KOPERASI DESA MERAH PUTIH LAANOSANGIA KECAMATAN KULISUSU UTARA,Lanosangia,Tidak Ada Lahan,,577.4815063476562,167.91213989257812,10.0,Tree cover,True,True,False,True,True,4,"https://www.google.com/maps/@-4.5080011,123.064139,250m/data=!3m1!1e3"
80228,SULAWESI TENGGARA,KAB. KONAWE UTARA,Oheo,-3.35777369,121.9555937,889528248dfffff,0.0,,310.0,<500,5,KOPERASI DESA MERAH PUTIH TADOLOIYO,Tadoloiyo,Terverifikasi,KOPERASI,621.3667602539062,172.0152587890625,10.0,Tree cover,True,True,False,True,True,4,"https://www.google.com/maps/@-3.35777369,121.9555937,250m/data=!3m1!1e3"
82259,SULAWESI TENGGARA,KAB. KONAWE UTARA,Oheo,-3.32359797,121.9787927,8895295367fffff,0.0,,930.0,500-2k,5,KOPERASI DESA MERAH PUTIH TADOLOIYO TRANS,Tadoloiyo Trans,Sedang Diverifikasi,KOPERASI,617.3924560546875,100.08868408203125,10.0,Tree cover,True,True,False,True,True,4,"https://www.google.com/maps/@-3.32359797,121.9787927,250m/data=!3m1!1e3"
36202,SULAWESI TENGGARA,KAB. KONAWE UTARA,Asera,-3.57321094,122.018841,88952b9693fffff,0.0,,936.0,500-2k,5,KOPERASI DESA MERAH PUTIH OHEO TRANS,,,,536.5122680664062,103.16921997070312,10.0,Tree cover,True,True,False,True,True,4,"https://www.google.com/maps/@-3.57321094,122.018841,250m/data=!3m1!1e3"
63980,SULAWESI TENGGARA,KAB. KONAWE UTARA,Asera,-3.37706997,121.7822579,88952820edfffff,0.0,,11.0,<500,5,KOPERASI DESA MERAH PUTIH ASEMINUNULAI,Aseminunulai,Sedang Diverifikasi,KOPERASI,1034.9852294921875,115.80218505859375,10.0,Tree cover,True,True,False,True,True,4,"https://www.google.com/maps/@-3.37706997,121.7822579,250m/data=!3m1!1e3"
72300,SULAWESI TENGGARA,KAB. KONAWE KEPULAUAN,Wawonii Selatan,-4.13871465,123.0798441,8895760857fffff,0.0,,72.0,<500,5,KOPERASI DESA MERAH PUTIH BAKU BAKU,Baku-baku,Tidak Ada Lahan,,693.3402099609375,77.53857421875,10.0,Tree cover,True,True,False,True,True,4,"https://www.google.com/maps/@-4.13871465,123.0798441,250m/data=!3m1!1e3"
16848,SULAWESI TENGAH,KAB. BANGGAI,Toili Barat,-1.48656919,122.071282,8868de7331fffff,0.0,,24.0,<500,5,KOPERASI DESA MERAH PUTIH GUNUNG KERAMAT,Gunung Kramat,Terverifikasi,BUSINESS ASSISTANCE,308.4922180175781,89.61175537109375,10.0,Tree cover,True,True,False,True,True,4,"https://www.google.com/maps/@-1.48656919,122.071282,250m/data=!3m1!1e3"
20699,SULAWESI TENGAH,KAB. BANGGAI,Nuhon,-1.07766822,122.1763745,8868de14abfffff,0.0,,95.0,<500,5,KOPERASI DESA MERAH PUTIH KABUA BUA,Kabua Bua,Terverifikasi,Agrinas,2251.93603515625,86.650146484375,10.0,Tree cover,True,True,False,True,True,4,"https://www.google.com/maps/@-1.07766822,122.1763745,250m/data=!3m1!1e3"
61491,SULAWESI TENGAH,KAB. TOJO UNA UNA,Ampana Tete,-1.03002087,121.6262862,8868ded0bdfffff,0.0,,461.0,<500,5,KOPERASI DESA MERAH PUTIH MANTANGISI,Mantangisi,Terverifikasi,Agrinas,1378.788818359375,188.5177001953125,10.0,Tree cover,True,True,False,True,True,4,"https://www.google.com/maps/@-1.03002087,121.6262862,250m/data=!3m1!1e3"
40320,SULAWESI TENGAH,KAB. TOJO UNA UNA,Tojo Barat,-1.60397748,121.028803,8868d37205fffff,0.0,,0.0,nobody within 5km,5,KOPERASI DESA MERAH PUTIH TOLIBA,Toliba,Terverifikasi,KOPERASI,2154.955810546875,80.66357421875,10.0,Tree cover,True,True,False,True,True,4,"https://www.google.com/maps/@-1.60397748,121.028803,250m/data=!3m1!1e3"
34288,SULAWESI TENGAH,KAB. POSO,Lore Tengah,-1.5802941,120.1852137,8868d23a55fffff,0.0,,520.0,500-2k,5,KOPERASI DESA MERAH PUTIH KATU,Katu,Tidak Ada Lahan,,1432.03759765625,74.300537109375,10.0,Tree cover,True,True,False,True,True,4,"https://www.google.com/maps/@-1.5802941,120.1852137,250m/data=!3m1!1e3"
55186,SULAWESI TENGAH,KAB. MOROWALI UTARA,Lembo Raya,-2.34776835,121.1743659,88952c3499fffff,0.0,,29.0,<500,5,KOPERASI DESA MERAH PUTIH POONA,Po'ona,Terverifikasi,KOPERASI,783.7870483398438,100.98333740234375,10.0,Tree cover,True,True,False,True,True,4,"https://www.google.com/maps/@-2.34776835,121.1743659,250m/data=!3m1!1e3"
17928,SULAWESI TENGAH,KAB. MOROWALI,Bahodopi,-2.94305842,122.0726422,889529d5c3fffff,0.0,,199.0,<500,5,KOPERASI DESA MERAH PUTIH FATUFIA,Fatufia,Sedang Diverifikasi,BUSINESS ASSISTANCE,1084.95947265625,75.38818359375,10.0,Tree cover,True,True,False,True,True,4,"https://www.google.com/maps/@-2.94305842,122.0726422,250m/data=!3m1!1e3"
19361,SULAWESI TENGAH,KAB. MOROWALI,Bahodopi,-3.04338733,122.1272471,889529c559fffff,0.0,,641.0,500-2k,5,KOPERASI DESA MERAH PUTIH BETE BETE,Bete-Bete,Sedang Diverifikasi,KOPERASI,651.0798950195312,125.056396484375,10.0,Tree cover,True,True,False,True,True,4,"https://www.google.com/maps/@-3.04338733,122.1272471,250m/data=!3m1!1e3"
72372,SULAWESI TENGAH,KAB. MOROWALI,Bahodopi,-2.96134966,122.001966,889529c25bfffff,0.0,,231.0,<500,5,KOPERASI DESA MERAH PUTIH KEUREA,Keurea,Terverifikasi,KOPERASI,592.9993286132812,70.00286865234375,10.0,Tree cover,True,True,False,True,True,4,"https://www.google.com/maps/@-2.96134966,122.001966,250m/data=!3m1!1e3"
53629,SULAWESI TENGAH,KAB. MOROWALI,Bungku Tengah,-2.5495272,121.8302777,88952d70b1fffff,0.0,,35.0,<500,5,KOPERASI DESA MERAH PUTIH BAHOMOHONI,Bahomohoni,Sedang Diverifikasi,BUSINESS ASSISTANCE,677.2390747070312,115.8956298828125,10.0,Tree cover,True,True,False,True,True,4,"https://www.google.com/maps/@-2.5495272,121.8302777,250m/data=!3m1!1e3"
68898,SULAWESI TENGAH,KAB. MOROWALI,Bungku Tengah,-2.50321563,121.8053124,88952d72b5fffff,0.0,,239.0,<500,5,KOPERASI DESA MERAH PUTIH LANONA,Lanona,Sedang Diverifikasi,TNI,796.8922119140625,71.12921142578125,10.0,Tree cover,True,True,False,True,True,4,"https://www.google.com/maps/@-2.50321563,121.8053124,250m/data=!3m1!1e3"
76342,SULAWESI TENGAH,KAB. MOROWALI,Bungku Tengah,-2.5918599,121.8394294,88952d6201fffff,0.0,,70.0,<500,5,KOPERASI KELURAHAN MERAH PUTIH LAMBEREA,Lamberea,Tidak Ada Lahan,,1092.2706298828125,70.4105224609375,10.0,Tree cover,True,True,False,True,True,4,"https://www.google.com/maps/@-2.5918599,121.8394294,250m/data=!3m1!1e3"
26601,SULAWESI TENGAH,KAB. MOROWALI,Wita Ponda,-2.32268931,121.5183915,88952d1901fffff,0.0,,230.0,<500,5,KOPERASI DESA MERAH PUTIH UNGKAYA KECAMATAN WITA PONDA,Ungkaya,Sedang Diverifikasi,KOPERASI,723.3547973632812,60.35015869140625,10.0,Tree cover,True,True,False,True,True,4,"https://www.google.com/maps/@-2.32268931,121.5183915,250m/data=!3m1!1e3"
65992,SULAWESI TENGAH,KAB. DONGGALA,Sindue,-0.56362247,119.9201757,8868d0cf65fffff,0.0,,883.0,500-2k,5,KOPERASI DESA MERAH PUTIH DALAKA,,,,1141.7633056640625,90.678466796875,10.0,Tree cover,True,True,False,True,True,4,"https://www.google.com/maps/@-0.56362247,119.9201757,250m/data=!3m1!1e3"
83150,JAMBI,KAB. MERANGIN,Pangkalan Jambu,-2.05663374,101.821134,888cd4221bfffff,0.0,,90.0,<500,5,KOPERASI DESA MERAH PUTIH TIGA ALUR PANGKALAN JAMBU,Tiga Alur,Terverifikasi,Agrinas,679.1657104492188,124.35540771484375,10.0,Tree cover,True,True,False,True,True,4,"https://www.google.com/maps/@-2.05663374,101.821134,250m/data=!3m1!1e3"
68863,JAMBI,KAB. MERANGIN,Tabir Barat,-1.93456755,101.6933128,888cd42ec5fffff,0.0,,777.0,500-2k,5,KOPERASI DESA MERAH PUTIH AIR LIKI BARU,Air Liki Baru,Sedang Diverifikasi,KOPERASI,1430.38232421875,64.2589111328125,10.0,Tree cover,True,True,False,True,True,4,"https://www.google.com/maps/@-1.93456755,101.6933128,250m/data=!3m1!1e3"
46853,JAMBI,KAB. KERINCI,Keliling Danau,-2.28434929,101.4376776,888cd5cec7fffff,0.0,,276.0,<500,5,KOPERASI DESA MERAH PUTIH JUJUN,Jujun,Tidak Ada Lahan,,1165.05517578125,86.3558349609375,10.0,Tree cover,True,True,False,True,True,4,"https://www.google.com/maps/@-2.28434929,101.4376776,250m/data=!3m1!1e3"
75239,JAMBI,KAB. KERINCI,Gunung Raya,-2.36203492,101.5372314,888cd5c2a7fffff,0.0,,148.0,<500,5,KOPERASI DESA MERAH PUTIH MANJUNTO LEMPUR,Manjunto Lempur,Terverifikasi,KOPERASI,1357.7298583984375,109.861328125,10.0,Tree cover,True,True,False,True,True,4,"https://www.google.com/maps/@-2.36203492,101.5372314,250m/data=!3m1!1e3"
88072,MALUKU UTARA,KAB. HALMAHERA TIMUR,Maba Utara,1.31623492,128.59441237,8873956c3dfffff,0.0,,305.0,<500,5,KOPERASI DESA MERAH PUTIH DOROMOI,,,,657.14453125,122.30291748046875,10.0,Tree cover,True,True,False,True,True,4,"https://www.google.com/maps/@1.31623492,128.59441237,250m/data=!3m1!1e3"
85328,MALUKU UTARA,KAB. HALMAHERA TIMUR,Wasile Tengah,1.30095468,128.3127119,887390b6b5fffff,0.0,,56.0,<500,5,KOPERASI DESA MERAH PUTIH LOLOBATA,,,,684.5805053710938,67.67486572265625,10.0,Tree cover,True,True,False,True,True,4,"https://www.google.com/maps/@1.30095468,128.3127119,250m/data=!3m1!1e3"
85835,MALUKU UTARA,KAB. HALMAHERA TIMUR,Maba,0.91808961,128.1640151,887390a9c7fffff,0.0,,53.0,<500,5,KOPERASI DESA MERAH PUTIH WAYAFLI,,,,414.92108154296875,102.09573364257812,10.0,Tree cover,True,True,False,True,True,4,"https://www.google.com/maps/@0.91808961,128.1640151,250m/data=!3m1!1e3"
88184,PAPUA BARAT DAYA,KAB. MAYBRAT,Aifat Timur Jauh,-1.19897923,132.74436888,8872b5a011fffff,0.0,,42.0,<500,5,KOPERASI DESA MERAH PUTIH AIKINGGING,,,,1143.71044921875,156.3494873046875,10.0,Tree cover,True,True,False,True,True,4,"https://www.google.com/maps/@-1.19897923,132.74436888,250m/data=!3m1!1e3"
88599,PAPUA BARAT DAYA,KAB. MAYBRAT,Aifat Timur Jauh,-1.37710665,132.86432031,8872b5ad99fffff,0.0,,115.0,<500,5,KOPERASI DESA MERAH PUTIH KAMPUNG AISASIOR,,,,1061.9532470703125,61.664794921875,10.0,Tree cover,True,True,False,True,True,4,"https://www.google.com/maps/@-1.37710665,132.86432031,250m/data=!3m1!1e3"
90683,PAPUA BARAT DAYA,KAB. SORONG,Saengkeduk,-0.80913401,132.17585469,88739b2f5dfffff,0.0,,815.0,500-2k,5,KOPERASI DESA MERAH PUTIH SELEKOBO,Selekobo,Sedang Diverifikasi,BUSINESS ASSISTANCE,542.5601196289062,94.89984130859375,10.0,Tree cover,True,True,False,True,True,4,"https://www.google.com/maps/@-0.80913401,132.17585469,250m/data=!3m1!1e3"
93715,PAPUA BARAT DAYA,KAB. RAJA AMPAT,Batanta Utara,-0.84730357,130.58608635,88739a00e5fffff,0.0,,229.0,<500,5,KOPERASI DESA MERAH PUTIH KAMPUNG YENSAWAI BARAT,,,,222.5515899658203,66.13677978515625,10.0,Tree cover,True,True,False,True,True,4,"https://www.google.com/maps/@-0.84730357,130.58608635,250m/data=!3m1!1e3"
93877,PAPUA BARAT DAYA,KAB. RAJA AMPAT,Waigeo Utara,-0.12259344,130.81339832,8873984537fffff,0.0,,216.0,<500,5,KOPERASI DESA MERAH PUTIH KALISADE,,,,129.51229858398438,87.7315902709961,10.0,Tree cover,True,True,False,True,True,4,"https://www.google.com/maps/@-0.12259344,130.81339832,250m/data=!3m1!1e3"
93101,PAPUA BARAT DAYA,KAB. RAJA AMPAT,Misool Selatan,-1.91139297,130.28560103,8895690551fffff,0.0,,290.0,<500,5,KOPERASI DESA MERAH PUTIH FAFANLAP,,,,180.25906372070312,75.54734802246094,10.0,Tree cover,True,True,False,True,True,4,"https://www.google.com/maps/@-1.91139297,130.28560103,250m/data=!3m1!1e3"
92948,PAPUA BARAT DAYA,KAB. RAJA AMPAT,Misool Timur,-1.77436968,130.29977146,889569a96dfffff,0.0,,651.0,500-2k,5,KOPERASI DESA MERAH PUTIH FOLLEY,,,,208.8629608154297,144.70384216308594,10.0,Tree cover,True,True,False,True,True,4,"https://www.google.com/maps/@-1.77436968,130.29977146,250m/data=!3m1!1e3"
93062,PAPUA BARAT DAYA,KAB. RAJA AMPAT,Misool Barat,-1.90656813,130.23642536,8895690099fffff,0.0,,16.0,<500,5,KOPERASI DESA MERAH PUTIH GAMTA,,,,223.2811737060547,73.041015625,10.0,Tree cover,True,True,False,True,True,4,"https://www.google.com/maps/@-1.90656813,130.23642536,250m/data=!3m1!1e3"
89424,PAPUA BARAT DAYA,KAB. TAMBRAUW,Syujak,-0.6521519,132.5213786,8872a650d5fffff,0.0,,35.0,<500,5,KOPERASI DESA MERAH PUTIH DESA BANSO,,,,780.3002319335938,76.40716552734375,10.0,Tree cover,True,True,False,True,True,4,"https://www.google.com/maps/@-0.6521519,132.5213786,250m/data=!3m1!1e3"
88874,PAPUA BARAT DAYA,KAB. TAMBRAUW,Kebar Selatan,-1.01422565,133.31826253,8872a2999bfffff,0.0,,7.0,<500,5,KOPERASI DESA MERAH PUTIH AKARI,,,,1481.716064453125,131.017333984375,10.0,Tree cover,True,True,False,True,True,4,"https://www.google.com/maps/@-1.01422565,133.31826253,250m/data=!3m1!1e3"
88971,PAPUA BARAT DAYA,KAB. TAMBRAUW,Kebar Selatan,-1.07785705,133.28124818,8872a2d697fffff,0.0,,35.0,<500,5,KOPERASI DESA MERAH PUTIH ATIKI,,,,1609.3721923828125,105.45654296875,10.0,Tree cover,True,True,False,True,True,4,"https://www.google.com/maps/@-1.07785705,133.28124818,250m/data=!3m1!1e3"
89460,PAPUA BARAT DAYA,KAB. TAMBRAUW,Kebar Selatan,-1.04739917,133.29804492,8872a299bdfffff,0.0,,12.0,<500,5,KOPERASI DESA MERAH PUTIH WANGUCAN,,,,1872.23583984375,75.8922119140625,10.0,Tree cover,True,True,False,True,True,4,"https://www.google.com/maps/@-1.04739917,133.29804492,250m/data=!3m1!1e3"
91066,PAPUA TENGAH,KAB. PANIAI,Nakama,-3.78392944,136.18803078,887283ae09fffff,0.0,,97.0,<500,5,KOPERASI DESA MERAH PUTIH KAMPUNG GEIKETAGO,Geiketago,Sedang Diverifikasi,BUSINESS ASSISTANCE,866.25537109375,95.32489013671875,10.0,Tree cover,True,True,False,True,True,4,"https://www.google.com/maps/@-3.78392944,136.18803078,250m/data=!3m1!1e3"
91070,PAPUA TENGAH,KAB. PANIAI,Nakama,-3.80374451,136.16620035,887283af5bfffff,0.0,,760.0,500-2k,5,KOPERASI DESA MERAH PUTIH KAMPUNG DIGIYO TUWATAIDA,Digiyo Tuwataida,Sedang Diverifikasi,KOPERASI,834.8181762695312,84.433837890625,10.0,Tree cover,True,True,False,True,True,4,"https://www.google.com/maps/@-3.80374451,136.16620035,250m/data=!3m1!1e3"
91071,PAPUA TENGAH,KAB. PANIAI,Nakama,-3.75597614,136.14522644,887283a1d3fffff,0.0,,71.0,<500,5,KOPERASI DESA MERAH PUTIH KAMPUNG ITOKA,Itoka,Sedang Diverifikasi,BUSINESS ASSISTANCE,909.1306762695312,79.46240234375,10.0,Tree cover,True,True,False,True,True,4,"https://www.google.com/maps/@-3.75597614,136.14522644,250m/data=!3m1!1e3"
91004,PAPUA TENGAH,KAB. PANIAI,Paniai Barat,-3.81753755,136.13465542,887283af41fffff,0.0,,673.0,500-2k,5,KOPERASI DESA MERAH PUTIH KAMPUNG EKINAUWO,Ekinauwo,Sedang Diverifikasi,BUSINESS ASSISTANCE,974.479248046875,117.77362060546875,10.0,Tree cover,True,True,False,True,True,4,"https://www.google.com/maps/@-3.81753755,136.13465542,250m/data=!3m1!1e3"
92062,PAPUA TENGAH,KAB. PANIAI,Wegee Muka,-3.08013059,136.7665861,8872812565fffff,0.0,,0.0,nobody within 5km,5,KOPERASI DESA MERAH PUTIH KAMPUNG OBAIDAGI,,,,585.2721557617188,83.7484130859375,10.0,Tree cover,True,True,False,True,True,4,"https://www.google.com/maps/@-3.08013059,136.7665861,250m/data=!3m1!1e3"
92346,PAPUA TENGAH,KAB. PANIAI,Dumadama,-3.29962697,133.90235818,887286022bfffff,0.0,,12.0,<500,5,KOPERASI DESA MERAH PUTIH KAMPUNG DUMA,,,,729.9435424804688,98.0574951171875,10.0,Tree cover,True,True,False,True,True,4,"https://www.google.com/maps/@-3.29962697,133.90235818,250m/data=!3m1!1e3"
88498,PAPUA TENGAH,KAB. PANIAI,Bogabaida,-3.45457532,136.26847124,8872817999fffff,0.0,,274.0,<500,5,KOPERASI DESA MERAH PUTIH KAMPUNG YUMAUWO,Yumauwo,Terverifikasi,BUSINESS ASSISTANCE,2377.515869140625,101.683837890625,10.0,Tree cover,True,True,False,True,True,4,"https://www.google.com/maps/@-3.45457532,136.26847124,250m/data=!3m1!1e3"
89858,PAPUA TENGAH,KAB. PANIAI,Bogabaida,-3.61968574,136.45928041,88728ed2ebfffff,0.0,,575.0,500-2k,5,KOPERASI DESA MERAH PUTIH KAMPUNG MADOU,Madou,Terverifikasi,BUSINESS ASSISTANCE,2508.892822265625,158.34228515625,10.0,Tree cover,True,True,False,True,True,4,"https://www.google.com/maps/@-3.61968574,136.45928041,250m/data=!3m1!1e3"
88766,PAPUA TENGAH,KAB. PANIAI,Siriwo,-3.56879211,136.43732005,8872816d63fffff,0.0,,487.0,<500,5,KOPERASI DESA MERAH PUTIH KAMPUNG WAGEME,Wageme,Sedang Diverifikasi,BUSINESS ASSISTANCE,2858.06298828125,137.95361328125,10.0,Tree cover,True,True,False,True,True,4,"https://www.google.com/maps/@-3.56879211,136.43732005,250m/data=!3m1!1e3"
88982,PAPUA TENGAH,KAB. PANIAI,Siriwo,-3.52000934,136.11485382,887283b665fffff,0.0,,320.0,<500,5,KOPERASI DESA MERAH PUTIH KAMPUNG BUGUBUTU,Bugubutu,Sedang Diverifikasi,BUSINESS ASSISTANCE,1622.6156005859375,127.7235107421875,10.0,Tree cover,True,True,False,True,True,4,"https://www.google.com/maps/@-3.52000934,136.11485382,250m/data=!3m1!1e3"
88999,PAPUA TENGAH,KAB. PANIAI,Siriwo,-3.58814891,136.14123947,887283b55bfffff,0.0,,606.0,500-2k,5,KOPERASI DESA MERAH PUTIH KAMPUNG KEPI,Kepi,Sedang Diverifikasi,BUSINESS ASSISTANCE,1859.8526611328125,118.5816650390625,10.0,Tree cover,True,True,False,True,True,4,"https://www.google.com/maps/@-3.58814891,136.14123947,250m/data=!3m1!1e3"
89821,PAPUA TENGAH,KAB. PANIAI,Siriwo,-3.54966947,136.1747416,887283b457fffff,0.0,,501.0,500-2k,5,KOPERASI DESA MERAH PUTIH KAMPUNG DADOU,Dadou,Sedang Diverifikasi,BUSINESS ASSISTANCE,1467.1214599609375,149.335205078125,10.0,Tree cover,True,True,False,True,True,4,"https://www.google.com/maps/@-3.54966947,136.1747416,250m/data=!3m1!1e3"
90103,PAPUA TENGAH,KAB. PANIAI,Siriwo,-3.58389325,136.12008393,887283b737fffff,0.0,,586.0,500-2k,5,KOPERASI DESA MERAH PUTIH KAMPUNG TODIA,Todia,Terverifikasi,BUSINESS ASSISTANCE,1544.0416259765625,69.1976318359375,10.0,Tree cover,True,True,False,True,True,4,"https://www.google.com/maps/@-3.58389325,136.12008393,250m/data=!3m1!1e3"
89796,PAPUA TENGAH,KAB. PANIAI,Bibida,-3.9251565,136.74568779,88728e194dfffff,0.0,,410.0,<500,5,KOPERASI DESA MERAH PUTIH KAMPUNG UGIDIMI,Ugidimi,Sedang Diverifikasi,KOPERASI,3626.378662109375,136.12158203125,10.0,Tree cover,True,True,False,True,True,4,"https://www.google.com/maps/@-3.9251565,136.74568779,250m/data=!3m1!1e3"
30450,PAPUA TENGAH,KAB. MIMIKA,Jila,-4.33954041,137.6920809,88728a8733fffff,0.0,,0.0,nobody within 5km,5,KOPERASI DESA MERAH PUTIH BUNARAUGIN,,,,1017.5675659179688,104.94049072265625,10.0,Tree cover,True,True,False,True,True,4,"https://www.google.com/maps/@-4.33954041,137.6920809,250m/data=!3m1!1e3"
30619,PAPUA TENGAH,KAB. MIMIKA,Jila,-4.3301809,137.7513705,88728a8415fffff,0.0,,137.0,<500,5,KOPERASI DESA MERAH PUTIH PILIK OGOM,Pilik Ogom,Tidak Ada Lahan,,1549.0657958984375,159.079833984375,10.0,Tree cover,True,True,False,True,True,4,"https://www.google.com/maps/@-4.3301809,137.7513705,250m/data=!3m1!1e3"
31063,PAPUA TENGAH,KAB. MIMIKA,Jila,-4.39291583,137.7441936,88728a85e3fffff,0.0,,0.0,nobody within 5km,5,KOPERASI DESA MERAH PUTIH JENGKON,Jengkon,Tidak Ada Lahan,,858.3637084960938,195.55169677734375,10.0,Tree cover,True,True,False,True,True,4,"https://www.google.com/maps/@-4.39291583,137.7441936,250m/data=!3m1!1e3"
31102,PAPUA TENGAH,KAB. MIMIKA,Jila,-4.3813018,137.6551589,88728a80b3fffff,0.0,,0.0,nobody within 5km,5,KOPERASI DESA MERAH PUTIH DILOA DUA,,,,1523.3265380859375,177.707763671875,10.0,Tree cover,True,True,False,True,True,4,"https://www.google.com/maps/@-4.3813018,137.6551589,250m/data=!3m1!1e3"
45091,PAPUA TENGAH,KAB. MIMIKA,Jila,-4.39283213,137.6034092,88728a81d3fffff,0.0,,0.0,nobody within 5km,5,KOPERASI DESA MERAH PUTIH PASIR PUTIH DISTRIK JILA,Pasir Putih,Tidak Ada Lahan,,732.4903564453125,104.8814697265625,10.0,Tree cover,True,True,False,True,True,4,"https://www.google.com/maps/@-4.39283213,137.6034092,250m/data=!3m1!1e3"
46383,PAPUA TENGAH,KAB. MIMIKA,Jila,-4.29446345,137.706751,88728a8621fffff,0.0,,533.0,500-2k,5,KOPERASI DESA MERAH PUTIH JILA,,,,1846.378662109375,129.3631591796875,10.0,Tree cover,True,True,False,True,True,4,"https://www.google.com/maps/@-4.29446345,137.706751,250m/data=!3m1!1e3"
17372,PAPUA TENGAH,KAB. MIMIKA,Hoya,-4.37258485,137.4352843,88728a981bfffff,0.0,,0.0,nobody within 5km,5,KOPERASI DESA MERAH PUTIH HOYA DISTRIK HOYA,Hoya,Tidak Ada Lahan,,831.2029418945312,123.25006103515625,10.0,Tree cover,True,True,False,True,True,4,"https://www.google.com/maps/@-4.37258485,137.4352843,250m/data=!3m1!1e3"
17507,PAPUA TENGAH,KAB. MIMIKA,Hoya,-4.34086489,137.5495904,88728a8045fffff,0.0,,0.0,nobody within 5km,5,KOPERASI DESA MERAH PUTIH JINONIN,Jinonin,Tidak Ada Lahan,,1308.7225341796875,200.2108154296875,10.0,Tree cover,True,True,False,True,True,4,"https://www.google.com/maps/@-4.34086489,137.5495904,250m/data=!3m1!1e3"
21647,PAPUA TENGAH,KAB. MIMIKA,Hoya,-4.40410738,137.5333813,88728a8103fffff,0.0,,0.0,nobody within 5km,5,KOPERASI DESA MERAH PUTIH KULAMA OGOM,Kulama Ogom,Tidak Ada Lahan,,1207.68994140625,131.7835693359375,10.0,Tree cover,True,True,False,True,True,4,"https://www.google.com/maps/@-4.40410738,137.5333813,250m/data=!3m1!1e3"
22024,PAPUA TENGAH,KAB. MIMIKA,Hoya,-4.31056324,137.3876556,88728a9a55fffff,0.0,,0.0,nobody within 5km,5,KOPERASI DESA MERAH PUTIH PUTI,Puti,Sedang Diverifikasi,BUSINESS ASSISTANCE,1248.7080078125,135.8770751953125,10.0,Tree cover,True,True,False,True,True,4,"https://www.google.com/maps/@-4.31056324,137.3876556,250m/data=!3m1!1e3"
45050,PAPUA TENGAH,KAB. MIMIKA,Mimika Barat Tengah,-4.35999351,135.5859734,88728342bdfffff,0.0,,106.0,<500,5,KOPERASI DESA MERAH PUTIH PRONGGO,,,,89.9021987915039,67.29483795166016,10.0,Tree cover,True,True,False,True,True,4,"https://www.google.com/maps/@-4.35999351,135.5859734,250m/data=!3m1!1e3"
57146,PAPUA TENGAH,KAB. MIMIKA,Mimika Barat Tengah,-4.37661769,135.743539,88728344e1fffff,0.0,,366.0,<500,5,KOPERASI DESA MERAH PUTIH KIPIA,Kipia,Tidak Ada Lahan,,120.8237075805664,63.511268615722656,10.0,Tree cover,True,True,False,True,True,4,"https://www.google.com/maps/@-4.37661769,135.743539,250m/data=!3m1!1e3"
26846,PAPUA TENGAH,KAB. MIMIKA,Tembagapura,-4.29107502,137.2418208,88728e6547fffff,0.0,,748.0,500-2k,5,KOPERASI DESA MERAH PUTIH AINGONGIN,,,,1645.8441162109375,108.0528564453125,10.0,Tree cover,True,True,False,True,True,4,"https://www.google.com/maps/@-4.29107502,137.2418208,250m/data=!3m1!1e3"
57118,PAPUA TENGAH,KAB. MIMIKA,Tembagapura,-4.41913603,137.3412717,88728a9945fffff,0.0,,0.0,nobody within 5km,5,KOPERASI DESA MERAH PUTIH BANTI DUA,Banti Dua,Tidak Ada Lahan,,521.9618530273438,92.94281005859375,10.0,Tree cover,True,True,False,True,True,4,"https://www.google.com/maps/@-4.41913603,137.3412717,250m/data=!3m1!1e3"
30636,PAPUA TENGAH,KAB. MIMIKA,Alama,-4.36950195,137.8986092,88728ab1e7fffff,0.0,,0.0,nobody within 5km,5,KOPERASI DESA MERAH PUTIH WUAREM,Wuarem,Tidak Ada Lahan,,889.5438842773438,113.053466796875,10.0,Tree cover,True,True,False,True,True,4,"https://www.google.com/maps/@-4.36950195,137.8986092,250m/data=!3m1!1e3"
39368,PAPUA TENGAH,KAB. MIMIKA,Alama,-4.37726412,137.8243334,88728aba51fffff,0.0,,11.0,<500,5,KOPERASI DESA MERAH PUTIH JENGGELO,Jenggelo,Tidak Ada Lahan,,1134.3206787109375,165.174072265625,10.0,Tree cover,True,True,False,True,True,4,"https://www.google.com/maps/@-4.37726412,137.8243334,250m/data=!3m1!1e3"
45707,PAPUA TENGAH,KAB. MIMIKA,Alama,-4.40807095,137.9029113,88728aba91fffff,0.0,,0.0,nobody within 5km,5,KOPERASI DESA MERAH PUTIH PURUA,Purua,Tidak Ada Lahan,,1077.2716064453125,104.26214599609375,10.0,Tree cover,True,True,False,True,True,4,"https://www.google.com/maps/@-4.40807095,137.9029113,250m/data=!3m1!1e3"
48198,PAPUA TENGAH,KAB. MIMIKA,Alama,-4.3945091,137.7952303,88728aba69fffff,0.0,,11.0,<500,5,KOPERASI DESA MERAH PUTIH TAGALARAMA,Tagaralma,Tidak Ada Lahan,,1041.9447021484375,69.43560791015625,10.0,Tree cover,True,True,False,True,True,4,"https://www.google.com/maps/@-4.3945091,137.7952303,250m/data=!3m1!1e3"
86217,PAPUA TENGAH,KAB. MIMIKA,Mimika Barat Jauh,-4.29942063,135.41549696,8872835119fffff,0.0,,0.0,nobody within 5km,5,KOPERASI DESA MERAH PUTIH UMAR,,,,329.510498046875,67.70596313476562,10.0,Tree cover,True,True,False,True,True,4,"https://www.google.com/maps/@-4.29942063,135.41549696,250m/data=!3m1!1e3"
83411,PAPUA TENGAH,KAB. PUNCAK,Pogoma,-3.7373463,137.6422661,887288c85dfffff,0.0,,449.0,<500,5,KOPERASI DESA MERAH PUTIH YUGUME,,,,2323.212890625,91.72802734375,10.0,Tree cover,True,True,False,True,True,4,"https://www.google.com/maps/@-3.7373463,137.6422661,250m/data=!3m1!1e3"
72401,PAPUA TENGAH,KAB. PUNCAK,Dervos,-3.28285171,137.0408833,88728c4805fffff,0.0,,0.0,nobody within 5km,5,KOPERASI DESA MERAH PUTIH FOKRI,,,,335.45135498046875,85.49249267578125,10.0,Tree cover,True,True,False,True,True,4,"https://www.google.com/maps/@-3.28285171,137.0408833,250m/data=!3m1!1e3"
74265,PAPUA TENGAH,KAB. PUNCAK,Erelmakawia,-4.1573729,137.7029463,8872884b69fffff,0.0,,313.0,<500,5,KOPERASI DESA MERAH PUTIH IPMANGKOP,,,,2237.0625,181.153564453125,10.0,Tree cover,True,True,False,True,True,4,"https://www.google.com/maps/@-4.1573729,137.7029463,250m/data=!3m1!1e3"
82884,PAPUA TENGAH,KAB. PUNCAK,Erelmakawia,-4.12492985,137.6394055,8872885927fffff,0.0,,0.0,nobody within 5km,5,KOPERASI DESA MERAH PUTIH WAMAGUN,,,,3290.06396484375,354.32373046875,10.0,Tree cover,True,True,False,True,True,4,"https://www.google.com/maps/@-4.12492985,137.6394055,250m/data=!3m1!1e3"
84684,PAPUA TENGAH,KAB. PUNCAK,Erelmakawia,-4.11261583,137.6655422,8872885931fffff,0.0,,0.0,nobody within 5km,5,KOPERASI DESA MERAH PUTIH TAMAGUN,,,,3201.68603515625,225.967529296875,10.0,Tree cover,True,True,False,True,True,4,"https://www.google.com/maps/@-4.11261583,137.6655422,250m/data=!3m1!1e3"
72895,PAPUA TENGAH,KAB. PUNCAK,Beoga Timur,-3.77921071,137.2842692,88728e3223fffff,0.0,,223.0,<500,5,KOPERASI DESA MERAH PUTIH GIMURIK,,,,2769.095703125,104.967041015625,10.0,Tree cover,True,True,False,True,True,4,"https://www.google.com/maps/@-3.77921071,137.2842692,250m/data=!3m1!1e3"
85071,PAPUA TENGAH,KAB. PUNCAK,Beoga Timur,-3.67055052,137.3128184,88728eaf3dfffff,0.0,,424.0,<500,5,KOPERASI DESA MERAH PUTIH BUNGOK,,,,1098.1966552734375,129.487060546875,10.0,Tree cover,True,True,False,True,True,4,"https://www.google.com/maps/@-3.67055052,137.3128184,250m/data=!3m1!1e3"
85189,PAPUA TENGAH,KAB. PUNCAK,Beoga Timur,-3.55847566,137.367415,88728ea561fffff,0.0,,157.0,<500,5,KOPERASI DESA MERAH PUTIH MENINGIMTE,,,,1438.594970703125,185.1505126953125,10.0,Tree cover,True,True,False,True,True,4,"https://www.google.com/maps/@-3.55847566,137.367415,250m/data=!3m1!1e3"
86639,PAPUA TENGAH,KAB. PUNCAK,Beoga Timur,-3.68914566,137.3579577,88728eac25fffff,0.0,,134.0,<500,5,KOPERASI DESA MERAH PUTIH KELANDIRUMA,,,,1045.7462158203125,114.59320068359375,10.0,Tree cover,True,True,False,True,True,4,"https://www.google.com/maps/@-3.68914566,137.3579577,250m/data=!3m1!1e3"
80686,PAPUA TENGAH,KAB. PUNCAK,Beoga,-3.9662372,137.3806259,88728e2159fffff,0.0,,936.0,500-2k,5,KOPERASI DESA MERAH PUTIH ONDUGI,,,,3685.80859375,91.0146484375,10.0,Tree cover,True,True,False,True,True,4,"https://www.google.com/maps/@-3.9662372,137.3806259,250m/data=!3m1!1e3"
79582,PAPUA TENGAH,KAB. PUNCAK,Bina,-3.50572267,137.4103454,88728ea46bfffff,0.0,,0.0,nobody within 5km,5,KOPERASI DESA MERAH PUTIH WOGOT,,,,844.1734619140625,133.4732666015625,10.0,Tree cover,True,True,False,True,True,4,"https://www.google.com/maps/@-3.50572267,137.4103454,250m/data=!3m1!1e3"
84842,PAPUA TENGAH,KAB. PUNCAK,Bina,-3.46697193,137.4933463,88728ea697fffff,0.0,,0.0,nobody within 5km,5,KOPERASI DESA MERAH PUTIH GOLU,,,,488.06451416015625,108.44622802734375,10.0,Tree cover,True,True,False,True,True,4,"https://www.google.com/maps/@-3.46697193,137.4933463,250m/data=!3m1!1e3"
86659,PAPUA TENGAH,KAB. PUNCAK,Omukia,-3.96018732,137.4362116,88728e203bfffff,0.0,,401.0,<500,5,KOPERASI DESA MERAH PUTIH PUNGTRAMA,,,,3180.001708984375,76.4140625,10.0,Tree cover,True,True,False,True,True,4,"https://www.google.com/maps/@-3.96018732,137.4362116,250m/data=!3m1!1e3"
82367,PAPUA TENGAH,KAB. PUNCAK,Amungkalpia,-4.05534781,137.8641138,88728841cbfffff,0.0,,944.0,500-2k,5,KOPERASI DESA MERAH PUTIH KAMPUNG AMUNGKALPIA,,,,3330.298583984375,109.874267578125,10.0,Tree cover,True,True,False,True,True,4,"https://www.google.com/maps/@-4.05534781,137.8641138,250m/data=!3m1!1e3"
85771,PAPUA TENGAH,KAB. PUNCAK,Doufo,-3.38414875,137.3321976,88728eb403fffff,0.0,,89.0,<500,5,KOPERASI DESA MERAH PUTIH SIBITA,,,,401.55841064453125,95.07623291015625,10.0,Tree cover,True,True,False,True,True,4,"https://www.google.com/maps/@-3.38414875,137.3321976,250m/data=!3m1!1e3"
37233,PAPUA TENGAH,KAB. NABIRE,Menou,-3.74257384,135.268355,8872806d6dfffff,0.0,,13.0,<500,5,KOPERASI DESA MERAH PUTIH KAMPUNG KUNUPI,Kunupi,Sedang Diverifikasi,KOPERASI,1061.2884521484375,121.383544921875,10.0,Tree cover,True,True,False,True,True,4,"https://www.google.com/maps/@-3.74257384,135.268355,250m/data=!3m1!1e3"
71533,PAPUA TENGAH,KAB. NABIRE,Menou,-3.74433165,135.528248,88728399abfffff,0.0,,36.0,<500,5,KOPERASI DESA MERAH PUTIH KAMPUNG OGIYAI,,,,470.15533447265625,61.1614990234375,10.0,Tree cover,True,True,False,True,True,4,"https://www.google.com/maps/@-3.74433165,135.528248,250m/data=!3m1!1e3"
48869,PAPUA TENGAH,KAB. NABIRE,Siriwo,-3.40501304,136.0929597,8872814eabfffff,0.0,,55.0,<500,5,KOPERASI DESA MERAH PUTIH KAMPUNG EPOMANI,,,,717.2635498046875,164.61798095703125,10.0,Tree cover,True,True,False,True,True,4,"https://www.google.com/maps/@-3.40501304,136.0929597,250m/data=!3m1!1e3"
64010,PAPUA TENGAH,KAB. NABIRE,Siriwo,-3.28027601,136.2170306,887281714dfffff,0.0,,379.0,<500,5,KOPERASI DESA MERAH PUTIH KAMPUNG TIBAI,,,,803.2026977539062,113.55792236328125,10.0,Tree cover,True,True,False,True,True,4,"https://www.google.com/maps/@-3.28027601,136.2170306,250m/data=!3m1!1e3"
75090,PAPUA TENGAH,KAB. NABIRE,Siriwo,-3.61742631,135.9655907,887283b151fffff,0.0,,510.0,500-2k,5,KOPERASI DESA MERAH PUTIH KAMPUNG UNIPO,Unipo,Sedang Diverifikasi,KOPERASI,834.7387084960938,161.67486572265625,10.0,Tree cover,True,True,False,True,True,4,"https://www.google.com/maps/@-3.61742631,135.9655907,250m/data=!3m1!1e3"
60584,PAPUA TENGAH,KAB. NABIRE,Dipa,-3.69400777,135.7150912,8872838199fffff,0.0,,133.0,<500,5,KOPERASI DESA MERAH PUTIH KAMPUNG TAGAUTO,,,,823.3585205078125,135.5013427734375,10.0,Tree cover,True,True,False,True,True,4,"https://www.google.com/maps/@-3.69400777,135.7150912,250m/data=!3m1!1e3"
85222,PAPUA TENGAH,KAB. NABIRE,Dipa,-3.69354934,135.5221356,8872839837fffff,0.0,,36.0,<500,5,KOPERASI DESA MERAH PUTIH KAMPUNG DIKIYA,,,,559.0633544921875,104.08111572265625,10.0,Tree cover,True,True,False,True,True,4,"https://www.google.com/maps/@-3.69354934,135.5221356,250m/data=!3m1!1e3"
93660,PAPUA TENGAH,KAB. DEIYAI,Bowobado,-4.21991023,136.76543535,88728e4083fffff,0.0,,0.0,nobody within 5km,5,KOPERASI DESA MERAH PUTIH KAMPUNG MUDETADI,,,,924.0562744140625,118.02996826171875,10.0,Tree cover,True,True,False,True,True,4,"https://www.google.com/maps/@-4.21991023,136.76543535,250m/data=!3m1!1e3"
91407,PAPUA TENGAH,KAB. DEIYAI,Kapiraya,-4.29267017,136.15957441,8872832b33fffff,0.0,,18.0,<500,5,KOPERASI DESA MERAH PUTIH KAMPUNG YAMOUWITINA,,,,629.1378784179688,209.7791748046875,10.0,Tree cover,True,True,False,True,True,4,"https://www.google.com/maps/@-4.29267017,136.15957441,250m/data=!3m1!1e3"
88739,PAPUA TENGAH,KAB. INTAN JAYA,Hitadipa,-3.60483973,137.31546577,88728eae6dfffff,0.0,,832.0,500-2k,5,KOPERASI DESA MERAH PUTIH KAMPUNG SAKUMBA,,,,1562.802734375,84.543701171875,10.0,Tree cover,True,True,False,True,True,4,"https://www.google.com/maps/@-3.60483973,137.31546577,250m/data=!3m1!1e3"
74647,PAPUA TENGAH,KAB. INTAN JAYA,Tomosiga,-3.18979588,136.6996108,8872812f2dfffff,0.0,,0.0,nobody within 5km,5,KOPERASI DESA MERAH PUTIH TUBAYATO KAMPUNG BIGASIGA,,,,1763.6917724609375,118.23046875,10.0,Tree cover,True,True,False,True,True,4,"https://www.google.com/maps/@-3.18979588,136.6996108,250m/data=!3m1!1e3"
74673,PAPUA TENGAH,KAB. INTAN JAYA,Tomosiga,-3.25976477,136.6937858,88728e9209fffff,0.0,,0.0,nobody within 5km,5,KOPERASI DESA MERAH PUTIH BALI BALI KAMPUNG TOMOSIGA,,,,875.4964599609375,87.76959228515625,10.0,Tree cover,True,True,False,True,True,4,"https://www.google.com/maps/@-3.25976477,136.6937858,250m/data=!3m1!1e3"
75761,PAPUA TENGAH,KAB. INTAN JAYA,Tomosiga,-3.41411954,136.7442101,88728e91a3fffff,0.0,,103.0,<500,5,KOPERASI DESA MERAH PUTIH MBAIWANIMBA KAMPUNG DUGINGGOBO,,,,990.0927734375,72.978515625,10.0,Tree cover,True,True,False,True,True,4,"https://www.google.com/maps/@-3.41411954,136.7442101,250m/data=!3m1!1e3"
76247,PAPUA TENGAH,KAB. INTAN JAYA,Tomosiga,-3.25445402,136.6015854,8872812917fffff,0.0,,69.0,<500,5,KOPERASI DESA MERAH PUTIH HOLAMBABUTU KAMPUNG DAPIAGA,,,,2074.02197265625,117.8372802734375,10.0,Tree cover,True,True,False,True,True,4,"https://www.google.com/maps/@-3.25445402,136.6015854,250m/data=!3m1!1e3"
78738,PAPUA TENGAH,KAB. INTAN JAYA,Tomosiga,-3.36072088,136.8385673,88728e9505fffff,0.0,,0.0,nobody within 5km,5,KOPERASI DESA MERAH PUTIH MBAINDOTADI KAMPUNG JAWASIGA,,,,927.2769165039062,107.2188720703125,10.0,Tree cover,True,True,False,True,True,4,"https://www.google.com/maps/@-3.36072088,136.8385673,250m/data=!3m1!1e3"
74650,PAPUA TENGAH,KAB. INTAN JAYA,Biandoga,-3.1544073,136.474555,88728176c9fffff,0.0,,3.0,<500,5,KOPERASI DESA MERAH PUTIH JAMAMO KAMPUNG MAOLANI,,,,961.309326171875,126.88116455078125,10.0,Tree cover,True,True,False,True,True,4,"https://www.google.com/maps/@-3.1544073,136.474555,250m/data=!3m1!1e3"
78791,PAPUA TENGAH,KAB. INTAN JAYA,Biandoga,-3.56975319,136.8374272,88728e8a97fffff,0.0,,138.0,<500,5,KOPERASI DESA MERAH PUTIH MOYABU AMANO KAMPUNG MOYOMATAGA,,,,2921.687744140625,219.816162109375,10.0,Tree cover,True,True,False,True,True,4,"https://www.google.com/maps/@-3.56975319,136.8374272,250m/data=!3m1!1e3"
78824,PAPUA TENGAH,KAB. INTAN JAYA,Biandoga,-3.3865046,136.4868647,887281654dfffff,0.0,,241.0,<500,5,KOPERASI DESA MERAH PUTIH NGONE BOY KAMPUNG YANEI,,,,1656.99853515625,128.712890625,10.0,Tree cover,True,True,False,True,True,4,"https://www.google.com/maps/@-3.3865046,136.4868647,250m/data=!3m1!1e3"
89530,PAPUA TENGAH,KAB. INTAN JAYA,Biandoga,-3.49395258,136.71021086,88728e988dfffff,0.0,,725.0,500-2k,5,KOPERASI DESA MERAH PUTIH KAMPUNG ANEYA,,,,2135.113525390625,133.426513671875,10.0,Tree cover,True,True,False,True,True,4,"https://www.google.com/maps/@-3.49395258,136.71021086,250m/data=!3m1!1e3"
90148,PAPUA TENGAH,KAB. INTAN JAYA,Biandoga,-3.50380361,136.85085477,88728e81d5fffff,0.0,,863.0,500-2k,5,KOPERASI DESA MERAH PUTIH BATU PUTIH KELETAGA KAMPUNG PITADI,,,,1762.9036865234375,123.0931396484375,10.0,Tree cover,True,True,False,True,True,4,"https://www.google.com/maps/@-3.50380361,136.85085477,250m/data=!3m1!1e3"
90269,PAPUA TENGAH,KAB. INTAN JAYA,Biandoga,-3.41633366,136.39628361,88728161c9fffff,0.0,,69.0,<500,5,KOPERASI DESA MERAH PUTIH NGGAIBEO UKB KAMPUNG KALAWA,,,,1697.41845703125,116.1434326171875,10.0,Tree cover,True,True,False,True,True,4,"https://www.google.com/maps/@-3.41633366,136.39628361,250m/data=!3m1!1e3"
90315,PAPUA TENGAH,KAB. INTAN JAYA,Biandoga,-3.60938468,136.86793408,88728e8f27fffff,0.0,,138.0,<500,5,KOPERASI DESA MERAH PUTIH SAHABAT WALA KAMPUNG ULAR MERAH,,,,3046.65087890625,149.503662109375,10.0,Tree cover,True,True,False,True,True,4,"https://www.google.com/maps/@-3.60938468,136.86793408,250m/data=!3m1!1e3"
90451,PAPUA TENGAH,KAB. INTAN JAYA,Homeyo,-3.90918118,136.86901976,88728e188dfffff,0.0,,672.0,500-2k,5,KOPERASI DESA MERAH PUTIH KAMPUNG SANEPA,,,,3098.38427734375,93.416015625,10.0,Tree cover,True,True,False,True,True,4,"https://www.google.com/maps/@-3.90918118,136.86901976,250m/data=!3m1!1e3"
90534,PAPUA TENGAH,KAB. INTAN JAYA,Ugimba,-3.87355472,137.14513397,88728e05c9fffff,0.0,,0.0,nobody within 5km,5,KOPERASI DESA MERAH PUTIH KAMPUNG DUKENDOPA,,,,3185.5849609375,72.58447265625,10.0,Tree cover,True,True,False,True,True,4,"https://www.google.com/maps/@-3.87355472,137.14513397,250m/data=!3m1!1e3"
89542,PAPUA TENGAH,KAB. INTAN JAYA,Agisiga,-3.5845392,136.97728346,88728e8cc5fffff,0.0,,794.0,500-2k,5,KOPERASI DESA MERAH PUTIH KAMPUNG NABIA,,,,1863.1866455078125,140.073486328125,10.0,Tree cover,True,True,False,True,True,4,"https://www.google.com/maps/@-3.5845392,136.97728346,250m/data=!3m1!1e3"
89988,PAPUA TENGAH,KAB. INTAN JAYA,Agisiga,-3.38268895,137.0034499,88728e86e9fffff,0.0,,0.0,nobody within 5km,5,KOPERASI DESA MERAH PUTIH MASIGA KAMPUNG MBAMOGO,,,,1283.098388671875,121.00732421875,10.0,Tree cover,True,True,False,True,True,4,"https://www.google.com/maps/@-3.38268895,137.0034499,250m/data=!3m1!1e3"
90190,PAPUA TENGAH,KAB. INTAN JAYA,Agisiga,-3.29968374,137.09233744,88728c48e7fffff,0.0,,0.0,nobody within 5km,5,KOPERASI DESA MERAH PUTIH TOGOLIGI KAMPUNG TAUSIGA,,,,358.185791015625,68.49746704101562,10.0,Tree cover,True,True,False,True,True,4,"https://www.google.com/maps/@-3.29968374,137.09233744,250m/data=!3m1!1e3"
91077,PAPUA TENGAH,KAB. PUNCAK JAYA,Fawi,-3.3295857,137.71674945,88728c6c8bfffff,0.0,,764.0,500-2k,5,KOPERASI DESA MERAH PUTIH KAMPUNG KAHO,,,,859.3096923828125,94.9312744140625,10.0,Tree cover,True,True,False,True,True,4,"https://www.google.com/maps/@-3.3295857,137.71674945,250m/data=!3m1!1e3"
89409,PAPUA TENGAH,KAB. PUNCAK JAYA,Yamo,-3.4979981,137.87464823,8872888921fffff,0.0,,69.0,<500,5,KOPERASI DESA MERAH PUTIH KAMPUNG KWANTINERI,,,,2131.861572265625,161.91552734375,10.0,Tree cover,True,True,False,True,True,4,"https://www.google.com/maps/@-3.4979981,137.87464823,250m/data=!3m1!1e3"
90869,PAPUA TENGAH,KAB. PUNCAK JAYA,Yamo,-3.55215583,137.84492565,887288c449fffff,0.0,,204.0,<500,5,KOPERASI DESA MERAH PUTIH KAMPUNG WUNDU,,,,2632.218505859375,88.14111328125,10.0,Tree cover,True,True,False,True,True,4,"https://www.google.com/maps/@-3.55215583,137.84492565,250m/data=!3m1!1e3"
91677,PAPUA TENGAH,KAB. PUNCAK JAYA,Molanikime,-3.53185005,137.6904227,887288c253fffff,0.0,,0.0,nobody within 5km,5,KOPERASI DESA MERAH PUTIH KAMPUNG MALOINGGEN,,,,1150.9129638671875,147.0562744140625,10.0,Tree cover,True,True,False,True,True,4,"https://www.google.com/maps/@-3.53185005,137.6904227,250m/data=!3m1!1e3"
88904,PAPUA TENGAH,KAB. DOGIYAI,Mapia Tengah,-4.24754849,135.86309485,887283725bfffff,0.0,,0.0,nobody within 5km,5,KOPERASI DESA MERAH PUTIH ATOU,,,,865.791259765625,77.5218505859375,10.0,Tree cover,True,True,False,True,True,4,"https://www.google.com/maps/@-4.24754849,135.86309485,250m/data=!3m1!1e3"
89473,PAPUA TENGAH,KAB. DOGIYAI,Sukikai Selatan,-4.05781103,135.26758554,887283d991fffff,0.0,,0.0,nobody within 5km,5,KOPERASI DESA MERAH PUTIH SUKIKAI,,,,653.5509033203125,83.47509765625,10.0,Tree cover,True,True,False,True,True,4,"https://www.google.com/maps/@-4.05781103,135.26758554,250m/data=!3m1!1e3"
89902,PAPUA TENGAH,KAB. DOGIYAI,Piyaiye,-3.87864315,135.2542385,887283d151fffff,0.0,,33.0,<500,5,KOPERASI DESA MERAH PUTIH IDEDUWA,,,,1344.4456787109375,121.3961181640625,10.0,Tree cover,True,True,False,True,True,4,"https://www.google.com/maps/@-3.87864315,135.2542385,250m/data=!3m1!1e3"
40225,KALIMANTAN SELATAN,KAB. BANJAR,Aranio,-3.66913067,115.0135174,888d92d019fffff,0.0,,446.0,<500,5,KOPERASI DESA MERAH PUTIH BELANGIAN KECAMATAN ARANIO,Belangian,Sedang Diverifikasi,KOPERASI,329.5701904296875,84.38296508789062,10.0,Tree cover,True,True,False,True,True,4,"https://www.google.com/maps/@-3.66913067,115.0135174,250m/data=!3m1!1e3"
92975,PAPUA,KAB. BIAK NUMFOR,Yendidori,-3.75916165,135.50930999,88728399a5fffff,0.0,,174.0,<500,5,KOPERASI DESA MERAH PUTIH KABIDON,Kabidon,Tidak Ada Lahan,,681.0274047851562,72.64202880859375,10.0,Tree cover,True,True,False,True,True,4,"https://www.google.com/maps/@-3.75916165,135.50930999,250m/data=!3m1!1e3"
33349,PAPUA,KAB. KEEROM,Web,-3.70737508,140.7771019,8872d46431fffff,0.0,,157.0,<500,5,KOPERASI DESA MERAH PUTIH KAMPUNG EMBI,Embi,Sedang Diverifikasi,KOPERASI,423.86968994140625,90.74432373046875,10.0,Tree cover,True,True,False,True,True,4,"https://www.google.com/maps/@-3.70737508,140.7771019,250m/data=!3m1!1e3"
59659,PAPUA,KAB. KEEROM,Web,-3.63357197,140.7300559,8872d46663fffff,0.0,,65.0,<500,5,KOPERASI DESA MERAH PUTIH KAMPUNG DUBU,Dubu,Sedang Diverifikasi,KOPERASI,358.52606201171875,106.50607299804688,10.0,Tree cover,True,True,False,True,True,4,"https://www.google.com/maps/@-3.63357197,140.7300559,250m/data=!3m1!1e3"
87064,PAPUA,KAB. KEEROM,Yaffi,-3.55271637,140.91453289,8872d42d6dfffff,0.0,,723.0,500-2k,5,KOPERASI DESA MERAH PUTIH KAMPUNG YURUF,,,,455.3638610839844,65.96798706054688,10.0,Tree cover,True,True,False,True,True,4,"https://www.google.com/maps/@-3.55271637,140.91453289,250m/data=!3m1!1e3"
57536,PAPUA,KAB. KEEROM,Senggi,-3.52718056,140.4656688,8872d4720dfffff,0.0,,0.0,nobody within 5km,5,KOPERASI DESA MERAH PUTIH KAMPUNG MOLOF,Molof,Sedang Diverifikasi,KOPERASI,464.5386657714844,61.722930908203125,10.0,Tree cover,True,True,False,True,True,4,"https://www.google.com/maps/@-3.52718056,140.4656688,250m/data=!3m1!1e3"
84990,PAPUA,KAB. KEEROM,Kaisenar,-3.73472226,140.6044386,8872d4603dfffff,0.0,,11.0,<500,5,KOPERASI DESA MERAH PUTIH KAMPUNG TEFANMA SATU,,,,838.044677734375,133.05120849609375,10.0,Tree cover,True,True,False,True,True,4,"https://www.google.com/maps/@-3.73472226,140.6044386,250m/data=!3m1!1e3"
85511,PAPUA,KAB. KEEROM,Towe,-3.82188308,140.74148645,8872d46ea7fffff,0.0,,0.0,nobody within 5km,5,KOPERASI DESA MERAH PUTIH KAMPUNG TOWE HITAM,Towe Hitam,Sedang Diverifikasi,KOPERASI,483.72637939453125,172.30203247070312,10.0,Tree cover,True,True,False,True,True,4,"https://www.google.com/maps/@-3.82188308,140.74148645,250m/data=!3m1!1e3"
85913,PAPUA,KAB. KEEROM,Towe,-3.83872964,140.70997235,8872d46c0bfffff,0.0,,455.0,<500,5,KOPERASI DESA MERAH PUTIH KAMPUNG TEFALMA,Tefalma,Sedang Diverifikasi,KOPERASI,579.021728515625,128.17669677734375,10.0,Tree cover,True,True,False,True,True,4,"https://www.google.com/maps/@-3.83872964,140.70997235,250m/data=!3m1!1e3"
53860,PAPUA,KAB. JAYAPURA,Kaureh,-3.36928063,139.9303001,8872d4c84dfffff,0.0,,0.0,nobody within 5km,5,KOPERASI DESA MERAH PUTIH KAMPUNG SOSKOTEK,,,,283.07330322265625,71.59529113769531,10.0,Tree cover,True,True,False,True,True,4,"https://www.google.com/maps/@-3.36928063,139.9303001,250m/data=!3m1!1e3"
87045,PAPUA,KAB. JAYAPURA,Airu,-3.54513464,139.92288956,8872892417fffff,0.0,,195.0,<500,5,KOPERASI DESA MERAH PUTIH PAGAI,Pagai,Tidak Ada Lahan,,186.81344604492188,96.800537109375,10.0,Tree cover,True,True,False,True,True,4,"https://www.google.com/maps/@-3.54513464,139.92288956,250m/data=!3m1!1e3"
90753,PAPUA,KAB. JAYAPURA,Airu,-3.6233981,140.05394024,8872d45a95fffff,0.0,,41.0,<500,5,KOPERASI DESA MERAH PUTIH NAIRA,,,,285.0510559082031,70.98178100585938,10.0,Tree cover,True,True,False,True,True,4,"https://www.google.com/maps/@-3.6233981,140.05394024,250m/data=!3m1!1e3"
89666,PAPUA,KAB. WAROPEN,Masirei,-2.51456878,137.04963043,88728cd685fffff,0.0,,23.0,<500,5,KOPERASI DESA MERAH PUTIH WAIRO KECAMATAN MASIREI,,,,523.0789184570312,72.49008178710938,10.0,Tree cover,True,True,False,True,True,4,"https://www.google.com/maps/@-2.51456878,137.04963043,250m/data=!3m1!1e3"
89788,PAPUA,KAB. WAROPEN,Risei Sayati,-2.45467529,136.66021004,8872aa6b67fffff,0.0,,10.0,<500,5,KOPERASI DESA MERAH PUTIH MUI,,,,168.17123413085938,63.552703857421875,10.0,Tree cover,True,True,False,True,True,4,"https://www.google.com/maps/@-2.45467529,136.66021004,250m/data=!3m1!1e3"
90682,PAPUA,KAB. WAROPEN,Risei Sayati,-2.50618927,136.67247856,8872aa696dfffff,0.0,,5.0,<500,5,KOPERASI DESA MERAH PUTIH WOMORISI,Womorisi,Tidak Ada Lahan,,491.26861572265625,108.97357177734375,10.0,Tree cover,True,True,False,True,True,4,"https://www.google.com/maps/@-2.50618927,136.67247856,250m/data=!3m1!1e3"
88924,PAPUA,KAB. WAROPEN,Wonti,-2.62978676,136.82261878,88728cd11dfffff,0.0,,21.0,<500,5,KOPERASI DESA MERAH PUTIH GHEROI,Gheroi,Sedang Diverifikasi,BUSINESS ASSISTANCE,606.339111328125,60.1646728515625,10.0,Tree cover,True,True,False,True,True,4,"https://www.google.com/maps/@-2.62978676,136.82261878,250m/data=!3m1!1e3"
89262,PAPUA,KAB. WAROPEN,Wonti,-2.73750767,136.85115613,88728cd889fffff,0.0,,20.0,<500,5,KOPERASI DESA MERAH PUTIH SIFUISERA,Sifuisera,Sedang Diverifikasi,BUSINESS ASSISTANCE,536.1472778320312,66.7740478515625,10.0,Tree cover,True,True,False,True,True,4,"https://www.google.com/maps/@-2.73750767,136.85115613,250m/data=!3m1!1e3"
89998,PAPUA,KAB. WAROPEN,Wonti,-2.55388527,136.78337531,88728cd343fffff,0.0,,8.0,<500,5,KOPERASI DESA MERAH PUTIH GHOIWI SAMBERI,Ghoiwi Samberi,Sedang Diverifikasi,BUSINESS ASSISTANCE,411.4554748535156,64.02935791015625,10.0,Tree cover,True,True,False,True,True,4,"https://www.google.com/maps/@-2.55388527,136.78337531,250m/data=!3m1!1e3"
90249,PAPUA,KAB. WAROPEN,Wonti,-2.5093051,136.76317991,8872aa6981fffff,0.0,,4.0,<500,5,KOPERASI DESA MERAH PUTIH WONTI KAI,Wonti Kai,Sedang Diverifikasi,BUSINESS ASSISTANCE,276.40057373046875,109.42915344238281,10.0,Tree cover,True,True,False,True,True,4,"https://www.google.com/maps/@-2.5093051,136.76317991,250m/data=!3m1!1e3"
89703,PAPUA,KAB. WAROPEN,Kirihi,-3.27983755,136.98567192,88728c4b2bfffff,0.0,,0.0,nobody within 5km,5,KOPERASI DESA MERAH PUTIH KUAISA,,,,626.9464111328125,77.48980712890625,10.0,Tree cover,True,True,False,True,True,4,"https://www.google.com/maps/@-3.27983755,136.98567192,250m/data=!3m1!1e3"
90383,PAPUA,KAB. WAROPEN,Kirihi,-3.08013059,136.76658608,8872812565fffff,0.0,,0.0,nobody within 5km,5,KOPERASI DESA MERAH PUTIH SOOH KECAMATAN KIRIHI,,,,585.2721557617188,83.7484130859375,10.0,Tree cover,True,True,False,True,True,4,"https://www.google.com/maps/@-3.08013059,136.76658608,250m/data=!3m1!1e3"
88095,PAPUA,KAB. SARMI,Bonggo Timur,-2.51387328,139.65713835,8872f20aedfffff,0.0,,12.0,<500,5,KOPERASI DESA MERAH PUTIH TAMAR SARI,Tamar Sari,Sedang Diverifikasi,BUSINESS ASSISTANCE,222.59877014160156,65.12471008300781,10.0,Tree cover,True,True,False,True,True,4,"https://www.google.com/maps/@-2.51387328,139.65713835,250m/data=!3m1!1e3"
90098,PAPUA,KAB. MAMBERAMO RAYA,Mamberamo Hulu,-2.86354789,138.71557651,88728d7731fffff,0.0,,3.0,<500,5,KOPERASI DESA MERAH PUTIH PAPASENA I,,,,292.06805419921875,99.71726989746094,10.0,Tree cover,True,True,False,True,True,4,"https://www.google.com/maps/@-2.86354789,138.71557651,250m/data=!3m1!1e3"
91489,PAPUA BARAT,KAB. TELUK BINTUNI,Kuri,-2.73435663,133.93564633,8872844b01fffff,0.0,,275.0,<500,5,KOPERASI DESA MERAH PUTIH REFIDESO,Refideso,Tidak Ada Lahan,,227.5926055908203,93.24807739257812,10.0,Tree cover,True,True,False,True,True,4,"https://www.google.com/maps/@-2.73435663,133.93564633,250m/data=!3m1!1e3"
86426,PAPUA BARAT,KAB. TELUK BINTUNI,Biscoop,-1.45736143,133.3637402,8872a25653fffff,0.0,,29.0,<500,5,KOPERASI DESA MERAH PUTIH IBORI,Ibori,Sedang Diverifikasi,KOPERASI,850.0655517578125,68.85614013671875,10.0,Tree cover,True,True,False,True,True,4,"https://www.google.com/maps/@-1.45736143,133.3637402,250m/data=!3m1!1e3"
86539,PAPUA BARAT,KAB. TELUK BINTUNI,Biscoop,-1.38972651,133.4129148,8872a21863fffff,0.0,,22.0,<500,5,KOPERASI DESA MERAH PUTIH MEYEMBRU,Menyembru,Sedang Diverifikasi,KOPERASI,1377.5225830078125,91.9354248046875,10.0,Tree cover,True,True,False,True,True,4,"https://www.google.com/maps/@-1.38972651,133.4129148,250m/data=!3m1!1e3"
67198,PAPUA BARAT,KAB. FAK FAK,Fak-Fak Timur,-3.12247032,132.6891875,8872b38081fffff,0.0,,536.0,500-2k,5,KOPERASI DESA MERAH PUTIH TUNAS GAIN,,,,606.768798828125,106.21514892578125,10.0,Tree cover,True,True,False,True,True,4,"https://www.google.com/maps/@-3.12247032,132.6891875,250m/data=!3m1!1e3"
67511,PAPUA BARAT,KAB. FAK FAK,Fak-Fak Timur,-3.11464622,132.75059691,8872b38555fffff,0.0,,8.0,<500,5,KOPERASI DESA MERAH PUTIH WERI KECAMATAN FAKFAK TIMUR,,,,307.9792785644531,91.99917602539062,10.0,Tree cover,True,True,False,True,True,4,"https://www.google.com/maps/@-3.11464622,132.75059691,250m/data=!3m1!1e3"
86726,PAPUA BARAT,KAB. FAK FAK,Fakfak Timur Tengah,-2.91388366,132.56371787,8872b392d1fffff,0.0,,13.0,<500,5,KOPERASI DESA MERAH PUTIH WAYATI TIMUR,,,,850.0220336914062,70.48358154296875,10.0,Tree cover,True,True,False,True,True,4,"https://www.google.com/maps/@-2.91388366,132.56371787,250m/data=!3m1!1e3"
87347,PAPUA BARAT,KAB. FAK FAK,Fakfak Timur Tengah,-2.95883876,132.53193089,8872b3905bfffff,0.0,,151.0,<500,5,KOPERASI DESA MERAH PUTIH KWAMA,,,,1273.861572265625,94.197021484375,10.0,Tree cover,True,True,False,True,True,4,"https://www.google.com/maps/@-2.95883876,132.53193089,250m/data=!3m1!1e3"
89351,PAPUA BARAT,KAB. FAK FAK,Fakfak Timur Tengah,-2.95347744,132.5147514,8872b39237fffff,0.0,,488.0,<500,5,KOPERASI DESA MERAH PUTIH KALAMANUK,,,,1195.25048828125,81.2593994140625,10.0,Tree cover,True,True,False,True,True,4,"https://www.google.com/maps/@-2.95347744,132.5147514,250m/data=!3m1!1e3"
89709,PAPUA BARAT,KAB. FAK FAK,Fakfak Timur Tengah,-2.93415806,132.63816229,8872b39719fffff,0.0,,14.0,<500,5,KOPERASI DESA MERAH PUTIH WAMBAR,,,,346.6995544433594,78.10427856445312,10.0,Tree cover,True,True,False,True,True,4,"https://www.google.com/maps/@-2.93415806,132.63816229,250m/data=!3m1!1e3"
89086,PAPUA BARAT,KAB. KAIMANA,Kaimana,-3.88508458,134.20347012,8872866c15fffff,0.0,,267.0,<500,5,KOPERASI DESA MERAH PUTIH KAMAKA,,,,617.601318359375,67.6239013671875,10.0,Tree cover,True,True,False,True,True,4,"https://www.google.com/maps/@-3.88508458,134.20347012,250m/data=!3m1!1e3"
89135,PAPUA BARAT,KAB. KAIMANA,Teluk Arguni Atas,-2.98223657,133.98176428,88728685b3fffff,0.0,,521.0,500-2k,5,KOPERASI DESA MERAH PUTIH AFUAFU,,,,195.22857666015625,66.76228332519531,10.0,Tree cover,True,True,False,True,True,4,"https://www.google.com/maps/@-2.98223657,133.98176428,250m/data=!3m1!1e3"
89730,PAPUA BARAT,KAB. KAIMANA,Teluk Arguni Atas,-3.26779111,133.98020453,88728602dbfffff,0.0,,43.0,<500,5,KOPERASI DESA MERAH PUTIH KOKOROBA,,,,781.3291625976562,141.7237548828125,10.0,Tree cover,True,True,False,True,True,4,"https://www.google.com/maps/@-3.26779111,133.98020453,250m/data=!3m1!1e3"
89377,PAPUA BARAT,KAB. KAIMANA,Teluk Etna,-3.93943952,134.57772833,8872828f1dfffff,0.0,,399.0,<500,5,KOPERASI DESA MERAH PUTIH BAMANA,,,,504.3442687988281,119.37460327148438,10.0,Tree cover,True,True,False,True,True,4,"https://www.google.com/maps/@-3.93943952,134.57772833,250m/data=!3m1!1e3"
88931,PAPUA BARAT,KAB. KAIMANA,Buruway,-3.9384886,133.00557271,8872b3608bfffff,0.0,,5.0,<500,5,KOPERASI DESA MERAH PUTIH NUSAULAN,,,,1289.6328125,65.7530517578125,10.0,Tree cover,True,True,False,True,True,4,"https://www.google.com/maps/@-3.9384886,133.00557271,250m/data=!3m1!1e3"
89695,PAPUA BARAT,KAB. KAIMANA,Yamor,-3.73873372,134.92032168,887282b76dfffff,0.0,,724.0,500-2k,5,KOPERASI DESA MERAH PUTIH WOSOKUNO,,,,141.9024200439453,89.14742279052734,10.0,Tree cover,True,True,False,True,True,4,"https://www.google.com/maps/@-3.73873372,134.92032168,250m/data=!3m1!1e3"
90976,PAPUA BARAT,KAB. PEGUNUNGAN ARFAK,Testega,-1.26302599,133.41320786,8872a2c493fffff,0.0,,17.0,<500,5,KOPERASI DESA MERAH PUTIH KAMPUNG DUMBREY,,,,1876.5157470703125,68.5538330078125,10.0,Tree cover,True,True,False,True,True,4,"https://www.google.com/maps/@-1.26302599,133.41320786,250m/data=!3m1!1e3"
91049,PAPUA BARAT,KAB. PEGUNUNGAN ARFAK,Testega,-1.11544127,133.48722694,8872a28d6bfffff,0.0,,5.0,<500,5,KOPERASI DESA MERAH PUTIH MEIJUGJIJIGJA,,,,2281.947509765625,95.811279296875,10.0,Tree cover,True,True,False,True,True,4,"https://www.google.com/maps/@-1.11544127,133.48722694,250m/data=!3m1!1e3"
15136,JAWA TIMUR,KAB. PROBOLINGGO,Krucil,-7.9576748,113.5510728,888d849a55fffff,0.0,1.0,21937.0,>10k,4,KOPERASI DESA MERAH PUTIH KALIANAN KECAMATAN KRUCIL KABUPATEN PROBOLINGGO,Kalianan,Terverifikasi,Agrinas,2238.072021484375,90.946044921875,10.0,Tree cover,True,True,False,True,True,4,"https://www.google.com/maps/@-7.9576748,113.5510728,250m/data=!3m1!1e3"
23709,JAWA TIMUR,KAB. BONDOWOSO,Sumberwringin,-8.07249734,114.0499323,888da24641fffff,0.0,1.0,4013.0,2k-10k,4,KOPERASI DESA MERAH PUTIH SUMBERWRINGIN KECAMATAN SUMBERWRINGIN,Sumberwringin,Terverifikasi,Agrinas,1795.8800048828125,82.014892578125,10.0,Tree cover,True,True,False,True,True,4,"https://www.google.com/maps/@-8.07249734,114.0499323,250m/data=!3m1!1e3"
29993,BENGKULU,KAB. KAUR,Kinal,-4.41957742,103.3379062,888cf47549fffff,0.0,1.0,2003.0,2k-10k,4,KOPERASI DESA MERAH PUTIH GUNUNG MEGANG KECAMATAN KINAL KABUPATEN KAUR,Gunung Megang,Terverifikasi,KOPERASI,707.25634765625,60.14556884765625,10.0,Tree cover,True,True,False,True,True,4,"https://www.google.com/maps/@-4.41957742,103.3379062,250m/data=!3m1!1e3"
78506,BENGKULU,KAB. BENGKULU UTARA,Napal Putih,-3.05453693,102.0974068,888cf31805fffff,0.0,1.0,4573.0,2k-10k,4,KOPERASI DESA MERAH PUTIH KINAL JAYA KECAMATAN NAPAL PUTIH,Kinal Jaya,Sedang Diverifikasi,KOPERASI,620.4634399414062,94.21795654296875,10.0,Tree cover,True,True,False,True,True,4,"https://www.google.com/maps/@-3.05453693,102.0974068,250m/data=!3m1!1e3"
1330,JAWA BARAT,KAB. SUKABUMI,Kadudampit,-6.78567016,106.9520862,888c101287fffff,0.0,1.0,107490.0,>10k,4,KOPERASI DESA MERAH PUTIH GEDEPANGRANGO KECAMATAN KADUDAMPIT KABUPATEN SUKABUMI,Gedepangrango,Sedang Diverifikasi,BUSINESS ASSISTANCE,2167.833740234375,155.97509765625,10.0,Tree cover,True,True,False,True,True,4,"https://www.google.com/maps/@-6.78567016,106.9520862,250m/data=!3m1!1e3"
63915,KALIMANTAN BARAT,KAB. MELAWI,Sokan,-0.90806356,111.5621137,8868b24e3dfffff,0.0,1.0,9001.0,2k-10k,4,KOPERASI DESA MERAH PUTIH SEPAKAT KECAMATAN SOKAN KABUPATEN MELAWI PROVINSI KALIMANTAN BARAT,Sepakat,Tidak Ada Lahan,,334.4781188964844,84.86691284179688,10.0,Tree cover,True,True,False,True,True,4,"https://www.google.com/maps/@-0.90806356,111.5621137,250m/data=!3m1!1e3"
14595,LAMPUNG,KAB. LAMPUNG BARAT,Bandar Negeri Suoh,-5.14581971,104.1650176,888c1a70adfffff,0.0,1.0,11101.0,>10k,4,KOPERASI DESA MERAH PUTIH BUMI HANTATAI,Bumi Hantatai,Terverifikasi,Agrinas,799.6875610351562,101.49627685546875,10.0,Tree cover,True,True,False,True,True,4,"https://www.google.com/maps/@-5.14581971,104.1650176,250m/data=!3m1!1e3"
11914,LAMPUNG,KAB. PESISIR BARAT,Karya Penggawa,-5.03452811,103.9568191,888c1a6533fffff,0.0,1.0,12370.0,>10k,4,KOPERASI DESA MERAH PUTIH WAY SINDI KECAMATAN KARYA PENGGAWA KABUPATEN PESISIR BARAT,Way Sindi,Tidak Ada Lahan,,977.521728515625,81.20098876953125,10.0,Tree cover,True,True,False,True,True,4,"https://www.google.com/maps/@-5.03452811,103.9568191,250m/data=!3m1!1e3"
47848,GORONTALO,KAB. BONE BOLANGO,Bulango Ulu,0.71226455,123.2222746,8868c32f65fffff,0.0,1.0,4566.0,2k-10k,4,KOPERASI DESA MERAH PUTIH ILOMATA KECAMATAN BULANGO ULU,Ilomata,Tidak Ada Lahan,,602.6446533203125,102.92022705078125,10.0,Tree cover,True,True,False,True,True,4,"https://www.google.com/maps/@0.71226455,123.2222746,250m/data=!3m1!1e3"
50523,GORONTALO,KAB. BONE BOLANGO,Bulango Ulu,0.73589423,123.1330488,8868c32a07fffff,0.0,1.0,14778.0,>10k,4,KOPERASI DESA MERAH PUTIH MONGIILO UTARA,Mongiilo Utara,Tidak Ada Lahan,,734.6110229492188,130.8988037109375,10.0,Tree cover,True,True,False,True,True,4,"https://www.google.com/maps/@0.73589423,123.1330488,250m/data=!3m1!1e3"
84308,GORONTALO,KAB. BONE BOLANGO,Bone Raya,0.39790959,123.3652897,8868dd81c1fffff,0.0,1.0,14599.0,>10k,4,KOPERASI DESA MERAH PUTIH ALO BONE RAYA,Alo,Tidak Ada Lahan,,1254.54931640625,67.2991943359375,10.0,Tree cover,True,True,False,True,True,4,"https://www.google.com/maps/@0.39790959,123.3652897,250m/data=!3m1!1e3"
73820,GORONTALO,KAB. GORONTALO UTARA,Biau,0.93663571,122.1576795,8868c3db25fffff,0.0,1.0,15861.0,>10k,4,KOPERASI DESA MERAH PUTIH POTANGA KECAMATAN BIAU,Potanga,Terverifikasi,BUSINESS ASSISTANCE,690.1602172851562,105.05255126953125,10.0,Tree cover,True,True,False,True,True,4,"https://www.google.com/maps/@0.93663571,122.1576795,250m/data=!3m1!1e3"
75028,GORONTALO,KAB. GORONTALO UTARA,Sumalata Timur,0.88482226,122.5444368,8868c3ceb3fffff,0.0,1.0,5171.0,2k-10k,4,KOPERASI DESA MERAH PUTIH MOTIHELUMO,Motihelumo,Tidak Ada Lahan,,978.8407592773438,152.0906982421875,10.0,Tree cover,True,True,False,True,True,4,"https://www.google.com/maps/@0.88482226,122.5444368,250m/data=!3m1!1e3"
82889,GORONTALO,KAB. GORONTALO UTARA,Sumalata Timur,0.89498308,122.4997822,8868c3cee5fffff,0.0,1.0,3172.0,2k-10k,4,KOPERASI DESA MERAH PUTIH WUBUDU,Wubudu,Tidak Ada Lahan,,1407.9373779296875,190.907958984375,10.0,Tree cover,True,True,False,True,True,4,"https://www.google.com/maps/@0.89498308,122.4997822,250m/data=!3m1!1e3"
68868,GORONTALO,KAB. GORONTALO UTARA,Atinggola,0.80542599,123.2167563,8868c321cbfffff,0.0,1.0,2254.0,2k-10k,4,KOPERASI DESA MERAH PUTIH TOMBULILATO KECAMATAN ATINGGOLA,Tombulilato,Sedang Diverifikasi,BUSINESS ASSISTANCE,492.1097717285156,89.46670532226562,10.0,Tree cover,True,True,False,True,True,4,"https://www.google.com/maps/@0.80542599,123.2167563,250m/data=!3m1!1e3"
114,SULAWESI UTARA,KAB. BOLAANG MONGONDOW SELATAN,Posigadan,0.39084766,123.573558,8868ddba61fffff,0.0,1.0,9378.0,2k-10k,4,KOPERASI DESA MERAH PUTIH MEYAMBANGA,,,,942.7476196289062,66.5357666015625,10.0,Tree cover,True,True,False,True,True,4,"https://www.google.com/maps/@0.39084766,123.573558,250m/data=!3m1!1e3"
64123,SULAWESI UTARA,KAB. BOLAANG MONGONDOW,Lolak,0.78262409,123.9984194,8868ce70b5fffff,0.0,1.0,14126.0,>10k,4,KOPERASI DESA MERAH PUTIH BATURAPA,,,,479.0843811035156,104.32000732421875,10.0,Tree cover,True,True,False,True,True,4,"https://www.google.com/maps/@0.78262409,123.9984194,250m/data=!3m1!1e3"
76209,SULAWESI UTARA,KAB. BOLAANG MONGONDOW,Lolak,0.7825734,123.9735374,8868ce70a5fffff,0.0,1.0,12196.0,>10k,4,KOPERASI DESA MERAH PUTIH BATURAPA II,,,,951.5174560546875,93.3614501953125,10.0,Tree cover,True,True,False,True,True,4,"https://www.google.com/maps/@0.7825734,123.9735374,250m/data=!3m1!1e3"
82205,SULAWESI UTARA,KAB. KEPULAUAN TALAUD,Essang,4.46044535,126.7824627,8873b424b7fffff,0.0,1.0,16093.0,>10k,4,KOPERASI DESA MERAH PUTIH LALUE KECAMATAN ESSANG,Lalue,Sedang Diverifikasi,KOPERASI,202.08999633789062,91.84529113769531,10.0,Tree cover,True,True,False,True,True,4,"https://www.google.com/maps/@4.46044535,126.7824627,250m/data=!3m1!1e3"
38793,BALI,KAB. JEMBRANA,Mendoyo,-8.30216862,114.789897,888db5bab1fffff,0.0,1.0,12903.0,>10k,4,KOPERASI DESA MERAH PUTIH YEHEMBANG,Yehembang,Terverifikasi,KOPERASI,711.9255981445312,105.79913330078125,10.0,Tree cover,True,True,False,True,True,4,"https://www.google.com/maps/@-8.30216862,114.789897,250m/data=!3m1!1e3"
33685,SUMATERA UTARA,KAB. MANDAILING NATAL,Muara Batang Gadis,0.86155596,99.20866773,88652981c3fffff,0.0,1.0,1967.0,500-2k,4,KOPERASI DESA MERAH PUTIH TAGILANG JULU,Tagilang Julu,Sedang Diverifikasi,KEMENTERIAN KESEHATAN,584.2606811523438,102.43212890625,10.0,Tree cover,True,True,False,True,True,4,"https://www.google.com/maps/@0.86155596,99.20866773,250m/data=!3m1!1e3"
65417,SUMATERA UTARA,KAB. MANDAILING NATAL,Panyabungan,0.87553698,99.69726145,88652d6ac1fffff,0.0,1.0,3184.0,2k-10k,4,KOPERASI DESA MERAH PUTIH AEK MATA,Aek Mata,Terverifikasi,Agrinas,1692.9945068359375,139.96142578125,10.0,Tree cover,True,True,False,True,True,4,"https://www.google.com/maps/@0.87553698,99.69726145,250m/data=!3m1!1e3"
4047,SUMATERA UTARA,KAB. LANGKAT,Bahorok,3.47221866,98.09833828,8865099329fffff,0.0,1.0,20794.0,>10k,4,KOPERASI DESA MERAH PUTIH LAU DAMAK,Lau Damak,Terverifikasi,Agrinas,539.59326171875,120.68804931640625,10.0,Tree cover,True,True,False,True,True,4,"https://www.google.com/maps/@3.47221866,98.09833828,250m/data=!3m1!1e3"
17176,SUMATERA UTARA,KAB. LANGKAT,Kutambaru,3.27309533,98.31507162,88650d3945fffff,0.0,1.0,4820.0,2k-10k,4,KOPERASI DESA MERAH PUTIH SULKAM,Sulkam,Terverifikasi,Agrinas,1317.8841552734375,118.8018798828125,10.0,Tree cover,True,True,False,True,True,4,"https://www.google.com/maps/@3.27309533,98.31507162,250m/data=!3m1!1e3"
52190,SUMATERA UTARA,KAB. PADANG LAWAS,Barumun Selatan,0.96288776,99.68865368,88652d6833fffff,0.0,1.0,10666.0,>10k,4,KOPERASI DESA MERAH PUTIH TANJUNG PURBA TUA,Tanjung Purba Tua,Sedang Diverifikasi,KOPERASI,1235.68701171875,135.052734375,10.0,Tree cover,True,True,False,True,True,4,"https://www.google.com/maps/@0.96288776,99.68865368,250m/data=!3m1!1e3"
61654,SUMATERA UTARA,KAB. SIMALUNGUN,Hatonduhan,2.68108025,99.0298128,88652b6461fffff,0.0,1.0,11388.0,>10k,4,KOPERASI DESA MERAH PUTIH TANGGA BATU KECAMATAN HATONDUHAN,Tangga Batu,Tidak Ada Lahan,,1365.030029296875,97.0770263671875,10.0,Tree cover,True,True,False,True,True,4,"https://www.google.com/maps/@2.68108025,99.0298128,250m/data=!3m1!1e3"
55843,SUMATERA UTARA,KAB. PADANG LAWAS UTARA,Dolok Sigompulon,2.00019405,99.59326457,88652b8129fffff,0.0,1.0,5847.0,2k-10k,4,KOPERASI DESA MERAH PUTIH SIPOGAS B,,,,970.1566162109375,1052.526123046875,10.0,Tree cover,True,True,False,True,True,4,"https://www.google.com/maps/@2.00019405,99.59326457,250m/data=!3m1!1e3"
78991,SULAWESI SELATAN,KAB. LUWU,Latimojong,-3.39678708,120.0589571,88952ec5c7fffff,0.0,1.0,2298.0,2k-10k,4,KOPERASI DESA MERAH PUTIH ULUSALU LATIMOJONG,Ulusalu,Tidak Ada Lahan,,2307.828369140625,186.30322265625,10.0,Tree cover,True,True,False,True,True,4,"https://www.google.com/maps/@-3.39678708,120.0589571,250m/data=!3m1!1e3"
50908,SULAWESI SELATAN,KAB. SIDENRENG RAPPANG,Pitu Riase,-3.59211307,120.1310238,88952e56a1fffff,0.0,1.0,1017.0,500-2k,4,KOPERASI DESA MERAH PUTIH LEPPANGENG,,,,1461.651123046875,155.802490234375,10.0,Tree cover,True,True,False,True,True,4,"https://www.google.com/maps/@-3.59211307,120.1310238,250m/data=!3m1!1e3"
62194,SULAWESI SELATAN,KAB. LUWU UTARA,Rongkong,-2.64306472,119.9430851,8895212309fffff,0.0,1.0,2178.0,2k-10k,4,KOPERASI DESA MERAH PUTIH PENGKENDEKAN KECAMATAN RONGKONG,,,,2241.08349609375,69.630859375,10.0,Tree cover,True,True,False,True,True,4,"https://www.google.com/maps/@-2.64306472,119.9430851,250m/data=!3m1!1e3"
16685,RIAU,KAB. KUANTAN SINGINGI,Hulu Kuantan,-0.63651765,101.3571155,888cd0690bfffff,0.0,1.0,13950.0,>10k,4,KOPERASI DESA MERAH PUTIH LUBUK AMBACANG,Lubuk Ambacang,Terverifikasi,KOPERASI,266.4612121582031,71.42420959472656,10.0,Tree cover,True,True,False,True,True,4,"https://www.google.com/maps/@-0.63651765,101.3571155,250m/data=!3m1!1e3"
66305,RIAU,KAB. KUANTAN SINGINGI,Kuantan Mudik,-0.69689239,101.382564,888cd06b55fffff,0.0,1.0,14085.0,>10k,4,KOPERASI DESA MERAH PUTIH AUR DURI KECAMATAN KUANTAN MUDIK,Aur Duri,Tidak Ada Lahan,,244.31793212890625,65.32177734375,10.0,Tree cover,True,True,False,True,True,4,"https://www.google.com/maps/@-0.69689239,101.382564,250m/data=!3m1!1e3"
76825,SUMATERA BARAT,KOTA PADANG,Pauh,-0.82101376,100.5183276,888cd3b1e7fffff,0.0,1.0,7560.0,2k-10k,4,KOPERASI KELURAHAN MERAH PUTIH LAMBUNG BUKIT PADANG,,,,867.6539306640625,118.05462646484375,10.0,Tree cover,True,True,False,True,True,4,"https://www.google.com/maps/@-0.82101376,100.5183276,250m/data=!3m1!1e3"
40781,SUMATERA BARAT,KAB. PESISIR SELATAN,Pancung Soal,-2.02126458,101.1107844,888cd5715dfffff,0.0,1.0,1360.0,500-2k,4,KOPERASI DESA MERAH PUTIH NAGARI INDERAPURA SELATAN PESISIR SELATAN,Inderapura Selatan,Terverifikasi,Agrinas,484.7836608886719,105.36065673828125,10.0,Tree cover,True,True,False,True,True,4,"https://www.google.com/maps/@-2.02126458,101.1107844,250m/data=!3m1!1e3"
61756,SUMATERA BARAT,KAB. PASAMAN,Rao,0.49294615,99.95021208,88652d0a69fffff,0.0,1.0,28444.0,>10k,4,KOPERASI DESA MERAH PUTIH NAGARI TARUANG TARUANG SELATAN,Taruang Taruang Selatan,Terverifikasi,KOPERASI,1115.70556640625,165.2891845703125,10.0,Tree cover,True,True,False,True,True,4,"https://www.google.com/maps/@0.49294615,99.95021208,250m/data=!3m1!1e3"
15408,SULAWESI BARAT,KAB. MAMUJU,Bonehau,-2.67739506,119.3008077,889521cd17fffff,0.0,1.0,3097.0,2k-10k,4,KOPERASI DESA MERAH PUTIH BUTTUADA,Buttuada,Terverifikasi,Agrinas,1326.0928955078125,101.0731201171875,10.0,Tree cover,True,True,False,True,True,4,"https://www.google.com/maps/@-2.67739506,119.3008077,250m/data=!3m1!1e3"
21530,SULAWESI BARAT,KAB. MAMASA,Mamasa,-2.83668131,119.3328659,8895214209fffff,0.0,1.0,1210.0,500-2k,4,KOPERASI DESA MERAH PUTIH MAMBULILLING,,,,2116.443115234375,92.87353515625,10.0,Tree cover,True,True,False,True,True,4,"https://www.google.com/maps/@-2.83668131,119.3328659,250m/data=!3m1!1e3"
61396,KALIMANTAN TENGAH,KAB. KATINGAN,Katingan Hulu,-1.09135991,112.4103114,8868941749fffff,0.0,1.0,4544.0,2k-10k,4,KOPERASI DESA MERAH PUTIH SEI NANJAN,,,,196.6683349609375,71.53483581542969,10.0,Tree cover,True,True,False,True,True,4,"https://www.google.com/maps/@-1.09135991,112.4103114,250m/data=!3m1!1e3"
30310,ACEH,KAB. BENER MERIAH,Pintu Rime Gayo,4.96081826,96.63809653,8865563923fffff,0.0,1.0,4432.0,2k-10k,4,KOPERASI DESA MERAH PUTIH SYARIAH PANTAN LAH,,,,440.3393859863281,114.69854736328125,10.0,Tree cover,True,True,False,True,True,4,"https://www.google.com/maps/@4.96081826,96.63809653,250m/data=!3m1!1e3"
77319,ACEH,KAB. NAGAN RAYA,Beutong Ateuh Banggalang,4.53934665,96.51020583,886556ac51fffff,0.0,1.0,2311.0,2k-10k,4,KOPERASI DESA MERAH PUTIH SYARIAH GAMPONG BABAH SUAK,Babah Suak,Tidak Ada Lahan,,1660.73388671875,152.8177490234375,10.0,Tree cover,True,True,False,True,True,4,"https://www.google.com/maps/@4.53934665,96.51020583,250m/data=!3m1!1e3"
24996,ACEH,KAB. ACEH SELATAN,Trumon Tengah,2.93661325,97.61682264,8865721941fffff,0.0,1.0,17752.0,>10k,4,KOPERASI DESA MERAH PUTIH SYARIAH DESA KAMPONG TEUNGOH TRUMON TENGAH,Kampong Teungoh,Sedang Diverifikasi,KOPERASI,793.58251953125,77.589599609375,10.0,Tree cover,True,True,False,True,True,4,"https://www.google.com/maps/@2.93661325,97.61682264,250m/data=!3m1!1e3"
55804,ACEH,KAB. ACEH SELATAN,Labuhanhaji Barat,3.61093899,97.06080872,886554c229fffff,0.0,1.0,13831.0,>10k,4,KOPERASI DESA MERAH PUTIH SYARIAH GAMPONG BATEE MEUCANANG KECAMATAN LABUHAN HAJI BARAT,Batee Meucanang,Sedang Diverifikasi,KOPERASI,438.2688293457031,142.5810546875,10.0,Tree cover,True,True,False,True,True,4,"https://www.google.com/maps/@3.61093899,97.06080872,250m/data=!3m1!1e3"
48728,ACEH,KAB. GAYO LUES,Terangun,4.01090827,96.97311781,8865545ac9fffff,0.0,1.0,3863.0,2k-10k,4,KOPERASI DESA MERAH PUTIH SYARIAH LESTARI KECAMATAN TERANGUN,Lestari,Sedang Diverifikasi,KOPERASI,1195.192626953125,78.9207763671875,10.0,Tree cover,True,True,False,True,True,4,"https://www.google.com/maps/@4.01090827,96.97311781,250m/data=!3m1!1e3"
19226,ACEH,KAB. GAYO LUES,Puteri Betung,3.75790303,97.52105996,886509a84bfffff,0.0,1.0,4755.0,2k-10k,4,KOPERASI DESA MERAH PUTIH SYARIAH PUTRI BETUNG,,,,1460.8609619140625,146.9581298828125,10.0,Tree cover,True,True,False,True,True,4,"https://www.google.com/maps/@3.75790303,97.52105996,250m/data=!3m1!1e3"
73730,ACEH,KAB. PIDIE,Tangse,4.98988426,95.86751244,8865504c1dfffff,0.0,1.0,15170.0,>10k,4,KOPERASI DESA MERAH PUTIH SYARIAH GAMPONG PULO KAWA,,,,1234.2628173828125,77.29052734375,10.0,Tree cover,True,True,False,True,True,4,"https://www.google.com/maps/@4.98988426,95.86751244,250m/data=!3m1!1e3"
75178,ACEH,KAB. ACEH BARAT DAYA,Kuala Batee,3.88908192,96.81021753,8865545469fffff,0.0,1.0,11769.0,>10k,4,KOPERASI DESA MERAH PUTIH SYARIAH KOTA BAHAGIA,Kota Bahagia,Sedang Diverifikasi,KOPERASI,313.3977355957031,94.70039367675781,10.0,Tree cover,True,True,False,True,True,4,"https://www.google.com/maps/@3.88908192,96.81021753,250m/data=!3m1!1e3"
16730,ACEH,KAB. ACEH TENGAH,Linge,4.3431062,96.86055432,88655686b7fffff,0.0,1.0,5123.0,2k-10k,4,KOPERASI DESA MERAH PUTIH SYARIAH ARUL ITEM KECAMATAN LINGE,Arul Item,Terverifikasi,Agrinas,1976.463134765625,70.41259765625,10.0,Tree cover,True,True,False,True,True,4,"https://www.google.com/maps/@4.3431062,96.86055432,250m/data=!3m1!1e3"
16631,ACEH,KAB. ACEH TENGAH,Jagong Jeget,4.32521263,96.74555452,886556b003fffff,0.0,1.0,14179.0,>10k,4,KOPERASI DESA MERAH PUTIH SYARIAH PAYA TUNGEL,Paya Tungel,Sedang Diverifikasi,KOPERASI,1682.2991943359375,131.7113037109375,10.0,Tree cover,True,True,False,True,True,4,"https://www.google.com/maps/@4.32521263,96.74555452,250m/data=!3m1!1e3"
15766,ACEH,KAB. ACEH TAMIANG,Tenggulun,4.04873142,97.8891078,8865091821fffff,0.0,1.0,4854.0,2k-10k,4,KOPERASI DESA MERAH PUTIH SYARIAH SELAMAT KECAMATAN TENGGULUN KABUPATEN ACEH TAMIANG,,,,729.5540771484375,84.6611328125,10.0,Tree cover,True,True,False,True,True,4,"https://www.google.com/maps/@4.04873142,97.8891078,250m/data=!3m1!1e3"
26806,ACEH,KAB. BIREUEN,Simpang Mamplam,5.06218055,96.38645577,886552920bfffff,0.0,1.0,1219.0,500-2k,4,KOPERASI DESA MERAH PUTIH SYARIAH GAMPONG LHOK TANOH,Lhok Tanoh,Terverifikasi,Agrinas,1320.7318115234375,90.156982421875,10.0,Tree cover,True,True,False,True,True,4,"https://www.google.com/maps/@5.06218055,96.38645577,250m/data=!3m1!1e3"
73209,ACEH,KAB. BIREUEN,Simpang Mamplam,5.07659953,96.37883129,8865529239fffff,0.0,1.0,5969.0,2k-10k,4,KOPERASI DESA MERAH PUTIH SYARIAH GAMPONG IE RHOB TIMU,Ie Rhob Timu,Tidak Ada Lahan,,892.9512939453125,75.68707275390625,10.0,Tree cover,True,True,False,True,True,4,"https://www.google.com/maps/@5.07659953,96.37883129,250m/data=!3m1!1e3"
74569,ACEH,KAB. BIREUEN,Pandrah,5.07401554,96.45382453,8865562987fffff,0.0,1.0,10284.0,>10k,4,KOPERASI DESA MERAH PUTIH SYARIAH GAMPONG PANTON BILI PANDRAH,Panton Bili,Tidak Ada Lahan,,576.9583740234375,68.09228515625,10.0,Tree cover,True,True,False,True,True,4,"https://www.google.com/maps/@5.07401554,96.45382453,250m/data=!3m1!1e3"
74183,NUSA TENGGARA BARAT,KAB. SUMBAWA,Plampang,-8.79115986,117.7072187,889512770bfffff,0.0,1.0,13854.0,>10k,4,KOPERASI DESA MERAH PUTIH MUER,Muer,Tidak Ada Lahan,,631.5971069335938,82.20892333984375,10.0,Tree cover,True,True,False,True,True,4,"https://www.google.com/maps/@-8.79115986,117.7072187,250m/data=!3m1!1e3"
91113,PAPUA PEGUNUNGAN,KAB. YAHUKIMO,Sobaham,-4.37793798,139.40446502,8872d6d957fffff,0.0,1.0,11418.0,>10k,4,KOPERASI DESA MERAH PUTIH HUBIK,,,,2713.997314453125,152.402099609375,10.0,Tree cover,True,True,False,True,True,4,"https://www.google.com/maps/@-4.37793798,139.40446502,250m/data=!3m1!1e3"
93541,PAPUA PEGUNUNGAN,KAB. NDUGA,Nenggeagin,-4.08810459,138.1718801,8872887abdfffff,0.0,1.0,16510.0,>10k,4,KOPERASI DESA MERAH PUTIH NENGGEAGIN,,,,3744.5185546875,86.037353515625,10.0,Tree cover,True,True,False,True,True,4,"https://www.google.com/maps/@-4.08810459,138.1718801,250m/data=!3m1!1e3"
71393,KALIMANTAN UTARA,KAB. BULUNGAN,Peso Hilir,2.8550999,116.9848228,8868a836c7fffff,0.0,1.0,1734.0,500-2k,4,KOPERASI DESA MERAH PUTIH LONG BANG,Long Bang,Sedang Diverifikasi,KOPERASI,114.69371795654297,66.5614013671875,10.0,Tree cover,True,True,False,True,True,4,"https://www.google.com/maps/@2.8550999,116.9848228,250m/data=!3m1!1e3"
48590,KALIMANTAN UTARA,KAB. MALINAU,Malinau Selatan Hilir,3.3621458,116.4447081,8868ad595dfffff,0.0,1.0,1234.0,500-2k,4,KOPERASI DESA MERAH PUTIH PUNAN SETARAP,Punan Setarap,Sedang Diverifikasi,KEMENTERIAN KESEHATAN,295.5414123535156,110.8641357421875,10.0,Tree cover,True,True,False,True,True,4,"https://www.google.com/maps/@3.3621458,116.4447081,250m/data=!3m1!1e3"
4464,MALUKU,KAB. SERAM BAGIAN BARAT,Kairatu Barat,-3.23953737,128.3729028,88956accabfffff,0.0,1.0,28085.0,>10k,4,KOPERASI DESA MERAH PUTIH LOHIATALA,Lohiatala,Sedang Diverifikasi,KOPERASI,246.1953887939453,99.54849243164062,10.0,Tree cover,True,True,False,True,True,4,"https://www.google.com/maps/@-3.23953737,128.3729028,250m/data=!3m1!1e3"
78440,MALUKU,KAB. SERAM BAGIAN BARAT,Taniwel,-2.9951968,128.5299148,88956a1233fffff,0.0,1.0,3140.0,2k-10k,4,KOPERASI DESA MERAH PUTIH BURIA,Buria,Sedang Diverifikasi,KOPERASI,753.25927734375,98.13385009765625,10.0,Tree cover,True,True,False,True,True,4,"https://www.google.com/maps/@-2.9951968,128.5299148,250m/data=!3m1!1e3"
82223,MALUKU,KAB. SERAM BAGIAN BARAT,Amalatu,-3.39671463,128.5517278,88956a46cbfffff,0.0,1.0,8118.0,2k-10k,4,KOPERASI DESA MERAH PUTIH RUMAHKAY,Rumahkay,Sedang Diverifikasi,KEMENTERIAN KESEHATAN,647.5123291015625,159.1312255859375,10.0,Tree cover,True,True,False,True,True,4,"https://www.google.com/maps/@-3.39671463,128.5517278,250m/data=!3m1!1e3"
82301,MALUKU,KAB. SERAM BAGIAN BARAT,Inamosol,-3.1664516,128.4805011,88956a1851fffff,0.0,1.0,2549.0,2k-10k,4,KOPERASI DESA MERAH PUTIH RAMBATU,Rambatu,Sedang Diverifikasi,KOPERASI,595.686279296875,60.9322509765625,10.0,Tree cover,True,True,False,True,True,4,"https://www.google.com/maps/@-3.1664516,128.4805011,250m/data=!3m1!1e3"
83133,MALUKU,KAB. SERAM BAGIAN BARAT,Inamosol,-3.09563176,128.5127757,88956a1133fffff,0.0,1.0,1130.0,500-2k,4,KOPERASI DESA MERAH PUTIH MANUSA,,,,862.404541015625,110.55810546875,10.0,Tree cover,True,True,False,True,True,4,"https://www.google.com/maps/@-3.09563176,128.5127757,250m/data=!3m1!1e3"
66129,MALUKU,KAB. SERAM BAGIAN BARAT,Elpaputih,-3.27908482,128.7060028,88956a0f13fffff,0.0,1.0,7074.0,2k-10k,4,KOPERASI DESA MERAH PUTIH WASIA,Wasia,Terverifikasi,KOPERASI,530.0891723632812,93.45074462890625,10.0,Tree cover,True,True,False,True,True,4,"https://www.google.com/maps/@-3.27908482,128.7060028,250m/data=!3m1!1e3"
22892,MALUKU,KAB. BURU SELATAN,Kepala Madan,-3.37948857,126.1072322,889544c71bfffff,0.0,1.0,1698.0,500-2k,4,KOPERASI DESA MERAH PUTIH WAEPANDAN,,,,665.7685546875,86.47479248046875,10.0,Tree cover,True,True,False,True,True,4,"https://www.google.com/maps/@-3.37948857,126.1072322,250m/data=!3m1!1e3"
82012,MALUKU,KAB. BURU SELATAN,Kepala Madan,-3.26799366,126.0560026,889544d419fffff,0.0,1.0,3971.0,2k-10k,4,KOPERASI DESA MERAH PUTIH AIR TERNATE,Air Ternate,Sedang Diverifikasi,KOPERASI,1425.65087890625,160.3096923828125,10.0,Tree cover,True,True,False,True,True,4,"https://www.google.com/maps/@-3.26799366,126.0560026,250m/data=!3m1!1e3"
23189,SULAWESI TENGGARA,KAB. BUTON SELATAN,Batauga,-5.57096132,122.6628031,889508b753fffff,0.0,1.0,30276.0,>10k,4,KOPERASI KELURAHAN MERAH PUTIH LAOMPO,Laompo,Tidak Ada Lahan,,307.0183410644531,62.5535888671875,10.0,Tree cover,True,True,False,True,True,4,"https://www.google.com/maps/@-5.57096132,122.6628031,250m/data=!3m1!1e3"
22577,SULAWESI TENGGARA,KAB. KONAWE,Tongauna Utara,-3.69181536,122.0327894,88952b8605fffff,0.0,1.0,4587.0,2k-10k,4,KOPERASI DESA MERAH PUTIH NAMBEABORU,,,,315.6831970214844,63.693084716796875,10.0,Tree cover,True,True,False,True,True,4,"https://www.google.com/maps/@-3.69181536,122.0327894,250m/data=!3m1!1e3"
19012,SULAWESI TENGGARA,KAB. KOLAKA UTARA,Kodeoha,-3.44181225,121.0135955,88952852e1fffff,0.0,1.0,8605.0,2k-10k,4,KOPERASI DESA MERAH PUTIH AWO KECAMATAN KODEOHA,Awo,Tidak Ada Lahan,,1532.10791015625,104.4017333984375,10.0,Tree cover,True,True,False,True,True,4,"https://www.google.com/maps/@-3.44181225,121.0135955,250m/data=!3m1!1e3"
23369,SULAWESI TENGGARA,KAB. KOLAKA UTARA,Katoi,-3.45867443,121.0106293,889528505bfffff,0.0,1.0,6924.0,2k-10k,4,KOPERASI DESA MERAH PUTIH MARUGE,Maruge,Terverifikasi,Agrinas,1585.6583251953125,106.4603271484375,10.0,Tree cover,True,True,False,True,True,4,"https://www.google.com/maps/@-3.45867443,121.0106293,250m/data=!3m1!1e3"
62195,SULAWESI TENGGARA,KAB. KOLAKA UTARA,Pakue Tengah,-3.18057195,121.158597,889528c4d5fffff,0.0,1.0,11410.0,>10k,4,KOPERASI DESA MERAH PUTIH MAJAPAHIT KECAMATAN PAKUE TENGAH,Majapahit,Terverifikasi,Agrinas,1260.08056640625,73.6551513671875,10.0,Tree cover,True,True,False,True,True,4,"https://www.google.com/maps/@-3.18057195,121.158597,250m/data=!3m1!1e3"
23167,SULAWESI TENGGARA,KAB. KOLAKA TIMUR,Uluiwoi,-3.8231575,121.65598,8895286c81fffff,0.0,1.0,4348.0,2k-10k,4,KOPERASI DESA MERAH PUTIH UNDOLO,,,,714.3952026367188,117.01568603515625,10.0,Tree cover,True,True,False,True,True,4,"https://www.google.com/maps/@-3.8231575,121.65598,250m/data=!3m1!1e3"
33300,SULAWESI TENGGARA,KAB. KOLAKA TIMUR,Mowewe,-3.88641395,121.6738412,88952bd605fffff,0.0,1.0,4797.0,2k-10k,4,KOPERASI DESA MERAH PUTIH ULU MOWEWE,Ulu Mowewe,Terverifikasi,Agrinas,1303.3790283203125,81.1810302734375,10.0,Tree cover,True,True,False,True,True,4,"https://www.google.com/maps/@-3.88641395,121.6738412,250m/data=!3m1!1e3"
24086,SULAWESI TENGGARA,KAB. KONAWE UTARA,Lasolo,-3.72668961,122.1845883,88952bb065fffff,0.0,1.0,4574.0,2k-10k,4,KOPERASI DESA MERAH PUTIH ANDUMOWU,Andumowu,Sedang Diverifikasi,KOPERASI,425.9958801269531,73.85382080078125,10.0,Tree cover,True,True,False,True,True,4,"https://www.google.com/maps/@-3.72668961,122.1845883,250m/data=!3m1!1e3"
13860,SULAWESI TENGGARA,KAB. KOLAKA,Samaturu,-3.87209262,121.4561974,88952869c1fffff,0.0,1.0,2555.0,2k-10k,4,KOPERASI DESA MERAH PUTIH LAMBOLEMO,Lambolemo,Tidak Ada Lahan,,1012.2650756835938,61.4404296875,10.0,Tree cover,True,True,False,True,True,4,"https://www.google.com/maps/@-3.87209262,121.4561974,250m/data=!3m1!1e3"
55371,SULAWESI TENGAH,KAB. BANGGAI,Kintom,-1.18677907,122.5816882,8868de3593fffff,0.0,1.0,10285.0,>10k,4,KOPERASI DESA MERAH PUTIH BABANG BUYANGGE,Babang Buyangge,Terverifikasi,Agrinas,211.14881896972656,82.65199279785156,10.0,Tree cover,True,True,False,True,True,4,"https://www.google.com/maps/@-1.18677907,122.5816882,250m/data=!3m1!1e3"
40577,SULAWESI TENGAH,KAB. BANGGAI,Nuhon,-1.04625325,122.2044222,8868deab25fffff,0.0,1.0,3110.0,2k-10k,4,KOPERASI DESA MERAH PUTIH SUMBER AGUNG NUHON,Sumber Agung,Terverifikasi,Agrinas,1653.1842041015625,146.8604736328125,10.0,Tree cover,True,True,False,True,True,4,"https://www.google.com/maps/@-1.04625325,122.2044222,250m/data=!3m1!1e3"
64036,SULAWESI TENGAH,KAB. BANGGAI,Nambo,-1.0269924,122.6648976,8868d8ca51fffff,0.0,1.0,3159.0,2k-10k,4,KOPERASI KELURAHAN MERAH PUTIH NAMBO PADANG,,,,934.655029296875,68.437255859375,10.0,Tree cover,True,True,False,True,True,4,"https://www.google.com/maps/@-1.0269924,122.6648976,250m/data=!3m1!1e3"
41363,SULAWESI TENGAH,KAB. POSO,Pamona Barat,-1.97542382,120.4914013,88952c8239fffff,0.0,1.0,2983.0,2k-10k,4,KOPERASI DESA MERAH PUTIH OWINI,Owini,Terverifikasi,Agrinas,1601.087646484375,67.3792724609375,10.0,Tree cover,True,True,False,True,True,4,"https://www.google.com/maps/@-1.97542382,120.4914013,250m/data=!3m1!1e3"
22708,SULAWESI TENGAH,KAB. POSO,Lore Barat,-1.80281833,120.2690916,8868d22955fffff,0.0,1.0,10001.0,>10k,4,KOPERASI DESA MERAH PUTIH KOLORI,Kolori,Terverifikasi,KEMENTERIAN KESEHATAN,1508.5162353515625,83.893798828125,10.0,Tree cover,True,True,False,True,True,4,"https://www.google.com/maps/@-1.80281833,120.2690916,250m/data=!3m1!1e3"
41384,SULAWESI TENGAH,KAB. POSO,Lore Barat,-1.81294479,120.183354,8868d274edfffff,0.0,1.0,3567.0,2k-10k,4,KOPERASI DESA MERAH PUTIH KAGEROA,Kageroa,Terverifikasi,KEMENTERIAN KESEHATAN,1715.70947265625,121.961181640625,10.0,Tree cover,True,True,False,True,True,4,"https://www.google.com/maps/@-1.81294479,120.183354,250m/data=!3m1!1e3"
50399,SULAWESI TENGAH,KAB. POSO,Lore Barat,-1.83684219,120.1420908,8868d2751bfffff,0.0,1.0,2779.0,2k-10k,4,KOPERASI DESA MERAH PUTIH TUARE,Tuare,Sedang Diverifikasi,KOPERASI,955.2894287109375,76.37652587890625,10.0,Tree cover,True,True,False,True,True,4,"https://www.google.com/maps/@-1.83684219,120.1420908,250m/data=!3m1!1e3"
29801,SULAWESI TENGAH,KAB. POSO,Poso Pesisir Utara,-1.15259249,120.4834478,8868d3d049fffff,0.0,1.0,9350.0,2k-10k,4,KOPERASI DESA MERAH PUTIH TUMORA,Tumora,Terverifikasi,KOPERASI,349.60693359375,83.42410278320312,10.0,Tree cover,True,True,False,True,True,4,"https://www.google.com/maps/@-1.15259249,120.4834478,250m/data=!3m1!1e3"
12607,SULAWESI TENGAH,KAB. MOROWALI UTARA,Soyo Jaya,-1.76709646,121.1433768,8868d36047fffff,0.0,1.0,4392.0,2k-10k,4,KOPERASI DESA MERAH PUTIH TODDOPOLI UEBANGKE,Toddopoli Uebangke,Terverifikasi,KOPERASI,644.2442016601562,63.17962646484375,10.0,Tree cover,True,True,False,True,True,4,"https://www.google.com/maps/@-1.76709646,121.1433768,250m/data=!3m1!1e3"
28733,SULAWESI TENGAH,KAB. MOROWALI UTARA,Mori Atas,-2.13336086,120.96665,88952ca0b5fffff,0.0,1.0,1489.0,500-2k,4,KOPERASI DESA MERAH PUTIH TOMATA,Tomata,Tidak Ada Lahan,,742.6221313476562,72.50421142578125,10.0,Tree cover,True,True,False,True,True,4,"https://www.google.com/maps/@-2.13336086,120.96665,250m/data=!3m1!1e3"
62002,SULAWESI TENGAH,KAB. DONGGALA,Labuan,-0.61303055,119.9298901,8868d0c8b1fffff,0.0,1.0,6594.0,2k-10k,4,KOPERASI DESA MERAH PUTIH LABUAN LUMBUBAKA KECAMATAN LABUAN,,,,630.2938232421875,143.11346435546875,10.0,Tree cover,True,True,False,True,True,4,"https://www.google.com/maps/@-0.61303055,119.9298901,250m/data=!3m1!1e3"
60552,SULAWESI TENGAH,KAB. DONGGALA,Rio Pakava,-1.19888493,119.7157025,8868d29887fffff,0.0,1.0,1093.0,500-2k,4,KOPERASI DESA MERAH PUTIH BONEMARAWA KECAMATAN RIO PAKAVA KABUPATEN DONGGALA,Bonemarawa,Terverifikasi,KOPERASI,1204.672119140625,91.85546875,10.0,Tree cover,True,True,False,True,True,4,"https://www.google.com/maps/@-1.19888493,119.7157025,250m/data=!3m1!1e3"
73808,SULAWESI TENGAH,KAB. DONGGALA,Pinembani,-1.06025262,119.7749471,8868d290b1fffff,0.0,1.0,10620.0,>10k,4,KOPERASI DESA MERAH PUTIH KANAGALONGGA,Kanagalongga,Tidak Ada Lahan,,1684.4261474609375,182.1907958984375,10.0,Tree cover,True,True,False,True,True,4,"https://www.google.com/maps/@-1.06025262,119.7749471,250m/data=!3m1!1e3"
72399,SULAWESI TENGAH,KAB. SIGI,Kulawi Selatan,-1.5801017,120.0833209,8868d20515fffff,0.0,1.0,14555.0,>10k,4,KOPERASI DESA MERAH PUTIH LAWUA,Lawua,Terverifikasi,Agrinas,1327.1907958984375,97.3563232421875,10.0,Tree cover,True,True,False,True,True,4,"https://www.google.com/maps/@-1.5801017,120.0833209,250m/data=!3m1!1e3"
56407,SULAWESI TENGAH,KAB. SIGI,Dolo Selatan,-1.32512761,119.8832837,8868d28d15fffff,0.0,1.0,7736.0,2k-10k,4,KOPERASI DESA MERAH PUTIH BANGGA,Bangga,Terverifikasi,KOPERASI,1108.8487548828125,139.53118896484375,10.0,Tree cover,True,True,False,True,True,4,"https://www.google.com/maps/@-1.32512761,119.8832837,250m/data=!3m1!1e3"
65548,JAMBI,KAB. MERANGIN,Pangkalan Jambu,-2.21038585,101.8525372,888cd4ad9dfffff,0.0,1.0,4106.0,2k-10k,4,KOPERASI DESA MERAH PUTIH BIRUN,Birun,Terverifikasi,Agrinas,445.8040466308594,69.21087646484375,10.0,Tree cover,True,True,False,True,True,4,"https://www.google.com/maps/@-2.21038585,101.8525372,250m/data=!3m1!1e3"
80173,JAMBI,KAB. MERANGIN,Jangkat,-2.44868409,101.6879621,888cd5d005fffff,0.0,1.0,1017.0,500-2k,4,KOPERASI DESA MERAH PUTIH TANJUNG KASRI,Tanjung Kasri,Sedang Diverifikasi,KOPERASI,1227.4700927734375,116.2318115234375,10.0,Tree cover,True,True,False,True,True,4,"https://www.google.com/maps/@-2.44868409,101.6879621,250m/data=!3m1!1e3"
76731,JAMBI,KAB. MERANGIN,Tabir Barat,-1.94266179,101.8400333,888cd42115fffff,0.0,1.0,3586.0,2k-10k,4,KOPERASI DESA MERAH PUTIH NGAOL,Ngaol,Sedang Diverifikasi,KOPERASI,496.04974365234375,127.35018920898438,10.0,Tree cover,True,True,False,True,True,4,"https://www.google.com/maps/@-1.94266179,101.8400333,250m/data=!3m1!1e3"
38910,JAMBI,KAB. SAROLANGUN,Cermin Nan Gedang,-2.42103997,102.4530664,888cd48041fffff,0.0,1.0,2091.0,2k-10k,4,KOPERASI DESA MERAH PUTIH TAMBANG TINGGI,,,,229.54002380371094,111.87840270996094,10.0,Tree cover,True,True,False,True,True,4,"https://www.google.com/maps/@-2.42103997,102.4530664,250m/data=!3m1!1e3"
66291,JAMBI,KOTA SUNGAI PENUH,Sungai Bungkal,-2.08018934,101.303153,888cd555d3fffff,0.0,1.0,21577.0,>10k,4,KOPERASI DESA MERAH PUTIH TALANG LINDUNG KECAMATAN SUNGAI BUNGKAL,Talang Lindung,Terverifikasi,BUSINESS ASSISTANCE,1566.85888671875,88.8736572265625,10.0,Tree cover,True,True,False,True,True,4,"https://www.google.com/maps/@-2.08018934,101.303153,250m/data=!3m1!1e3"
64841,MALUKU UTARA,KAB. HALMAHERA TIMUR,Wasile Selatan,0.69659308,127.8758729,8873900a57fffff,0.0,1.0,2572.0,2k-10k,4,KOPERASI DESA MERAH PUTIH NUSA JAYA WASILE SELATAN,,,,303.7327880859375,69.44088745117188,10.0,Tree cover,True,True,False,True,True,4,"https://www.google.com/maps/@0.69659308,127.8758729,250m/data=!3m1!1e3"
24858,MALUKU UTARA,KOTA TIDORE KEPULAUAN,Oba,0.22857607,127.7565306,887392b2d5fffff,0.0,1.0,2035.0,2k-10k,4,KOPERASI DESA MERAH PUTIH KUSUSINOPA,,,,332.65283203125,90.381591796875,10.0,Tree cover,True,True,False,True,True,4,"https://www.google.com/maps/@0.22857607,127.7565306,250m/data=!3m1!1e3"
88192,MALUKU UTARA,KAB. HALMAHERA BARAT,Jailolo,1.04069339,127.56708684,887390d637fffff,0.0,1.0,19146.0,>10k,4,KOPERASI DESA MERAH PUTIH MATUI,Matui,Terverifikasi,KOPERASI,850.5009155273438,100.02655029296875,10.0,Tree cover,True,True,False,True,True,4,"https://www.google.com/maps/@1.04069339,127.56708684,250m/data=!3m1!1e3"
85084,MALUKU UTARA,KAB. HALMAHERA BARAT,Sahu Timur,1.18239419,127.6028733,887390984dfffff,0.0,1.0,7489.0,2k-10k,4,KOPERASI DESA MERAH PUTIH NGAON,,,,357.0968017578125,63.600677490234375,10.0,Tree cover,True,True,False,True,True,4,"https://www.google.com/maps/@1.18239419,127.6028733,250m/data=!3m1!1e3"
86490,MALUKU UTARA,KAB. PULAU TALIABU,Taliabu Barat,-1.92017426,124.5220966,8895665309fffff,0.0,1.0,1097.0,500-2k,4,KOPERASI DESA MERAH PUTIH KAWALO,Kawalo,Perlu Verifikasi Lanjutan,KOPERASI,391.9034729003906,101.18231201171875,10.0,Tree cover,True,True,False,True,True,4,"https://www.google.com/maps/@-1.92017426,124.5220966,250m/data=!3m1!1e3"
87442,MALUKU UTARA,KAB. PULAU TALIABU,Taliabu Barat,-1.91027906,124.45437367,8868db268dfffff,0.0,1.0,7126.0,2k-10k,4,KOPERASI DESA MERAH PUTIH RATAHAYA,Ratahaya,Tidak Ada Lahan,,443.7152099609375,97.37704467773438,10.0,Tree cover,True,True,False,True,True,4,"https://www.google.com/maps/@-1.91027906,124.45437367,250m/data=!3m1!1e3"
85864,PAPUA BARAT DAYA,KAB. TAMBRAUW,Mpur,-0.67089997,133.2496415,8872a6281bfffff,0.0,1.0,1959.0,500-2k,4,KOPERASI DESA MERAH PUTIH ARUPI,,,,430.3927917480469,140.02499389648438,10.0,Tree cover,True,True,False,True,True,4,"https://www.google.com/maps/@-0.67089997,133.2496415,250m/data=!3m1!1e3"
88681,PAPUA BARAT DAYA,KAB. TAMBRAUW,Senopi,-0.8187694,132.83257743,8872a67a19fffff,0.0,1.0,2430.0,2k-10k,4,KOPERASI DESA MERAH PUTIH TINTUM ARAW,,,,1207.9095458984375,81.3521728515625,10.0,Tree cover,True,True,False,True,True,4,"https://www.google.com/maps/@-0.8187694,132.83257743,250m/data=!3m1!1e3"
88455,PAPUA BARAT DAYA,KAB. TAMBRAUW,Kebar,-0.89314154,133.14308886,8872a66515fffff,0.0,1.0,1779.0,500-2k,4,KOPERASI DESA MERAH PUTIH JAFAI,Jafai,Sedang Diverifikasi,BUSINESS ASSISTANCE,1170.2049560546875,140.3369140625,10.0,Tree cover,True,True,False,True,True,4,"https://www.google.com/maps/@-0.89314154,133.14308886,250m/data=!3m1!1e3"
88478,PAPUA BARAT DAYA,KAB. TAMBRAUW,Kebar,-0.8764078,133.11116696,8872a66547fffff,0.0,1.0,2391.0,2k-10k,4,KOPERASI DESA MERAH PUTIH APOKI,Apoki,Sedang Diverifikasi,BUSINESS ASSISTANCE,885.8639526367188,113.94000244140625,10.0,Tree cover,True,True,False,True,True,4,"https://www.google.com/maps/@-0.8764078,133.11116696,250m/data=!3m1!1e3"
30963,KALIMANTAN SELATAN,KAB. KOTABARU,Hampang,-3.05154777,115.7417668,88689aa80dfffff,0.0,1.0,2934.0,2k-10k,4,KOPERASI DESA MERAH PUTIH CANTUNG KIRI HULU,Cantung Kiri Hulu,Terverifikasi,Agrinas,132.20469665527344,61.654945373535156,10.0,Tree cover,True,True,False,True,True,4,"https://www.google.com/maps/@-3.05154777,115.7417668,250m/data=!3m1!1e3"
24393,KALIMANTAN SELATAN,KAB. HULU SUNGAI TENGAH,Batang Alai Timur,-2.66958167,115.5991168,886898485dfffff,0.0,1.0,3303.0,2k-10k,4,KOPERASI DESA MERAH PUTIH HINAS KIRI,Hinas Kiri,Tidak Ada Lahan,,607.5802001953125,62.30340576171875,10.0,Tree cover,True,True,False,True,True,4,"https://www.google.com/maps/@-2.66958167,115.5991168,250m/data=!3m1!1e3"
24896,PAPUA,KAB. KEPULAUAN YAPEN,Kosiwo,-1.77831709,136.04528377,8872aada17fffff,0.0,1.0,3837.0,2k-10k,4,KOPERASI DESA MERAH PUTIH KAMANAP,Kamanap,Tidak Ada Lahan,,318.4891052246094,123.16258239746094,10.0,Tree cover,True,True,False,True,True,4,"https://www.google.com/maps/@-1.77831709,136.04528377,250m/data=!3m1!1e3"
28619,PAPUA,KAB. KEPULAUAN YAPEN,Teluk Ampimoi,-1.80076691,136.49091376,8872aa110dfffff,0.0,1.0,3617.0,2k-10k,4,KOPERASI DESA MERAH PUTIH SIROMI,Siromi,Sedang Diverifikasi,KOPERASI,741.4214477539062,97.73651123046875,10.0,Tree cover,True,True,False,True,True,4,"https://www.google.com/maps/@-1.80076691,136.49091376,250m/data=!3m1!1e3"
88148,PAPUA,KAB. SARMI,Bonggo Timur,-2.45311665,139.69977707,8872f20113fffff,0.0,1.0,3585.0,2k-10k,4,KOPERASI DESA MERAH PUTIH MAWES MUKTI DISTRIK BONGGO TIMUR,,,,200.7688751220703,63.67802429199219,10.0,Tree cover,True,True,False,True,True,4,"https://www.google.com/maps/@-2.45311665,139.69977707,250m/data=!3m1!1e3"
88520,PAPUA,KAB. SUPIORI,Supiori Selatan,-0.78256978,135.57234397,8872aed4a1fffff,0.0,1.0,5137.0,2k-10k,4,KOPERASI DESA MERAH PUTIH ODORI,Odori,Sedang Diverifikasi,Agrinas,572.5590209960938,69.03204345703125,10.0,Tree cover,True,True,False,True,True,4,"https://www.google.com/maps/@-0.78256978,135.57234397,250m/data=!3m1!1e3"
84856,PAPUA BARAT,KAB. TELUK BINTUNI,Wamesa,-2.46866169,134.0630076,8872845543fffff,0.0,1.0,2774.0,2k-10k,4,KOPERASI DESA MERAH PUTIH IDOOR,,,,614.5340576171875,109.0450439453125,10.0,Tree cover,True,True,False,True,True,4,"https://www.google.com/maps/@-2.46866169,134.0630076,250m/data=!3m1!1e3"
91346,PAPUA BARAT,KAB. TELUK WONDAMA,Windesi,-2.46899509,134.23824155,8872840907fffff,0.0,1.0,4561.0,2k-10k,4,KOPERASI DESA MERAH PUTIH KAMPUNG WAMESA TENGAH,Wamesa Tengah,Tidak Ada Lahan,,132.7970428466797,66.42393493652344,10.0,Tree cover,True,True,False,True,True,4,"https://www.google.com/maps/@-2.46899509,134.23824155,250m/data=!3m1!1e3"
89004,PAPUA BARAT,KAB. MANOKWARI SELATAN,Oransbari,-1.26343297,134.14203959,8872a234ddfffff,0.0,1.0,3539.0,2k-10k,4,KOPERASI DESA MERAH PUTIH MASABUI II,Masabui II,Sedang Diverifikasi,Agrinas,437.80413818359375,117.67462158203125,10.0,Tree cover,True,True,False,True,True,4,"https://www.google.com/maps/@-1.26343297,134.14203959,250m/data=!3m1!1e3"
89669,PAPUA BARAT,KAB. MANOKWARI SELATAN,Dataran Isim,-1.55026112,133.87102857,8872a2769bfffff,0.0,1.0,2004.0,2k-10k,4,KOPERASI DESA MERAH PUTIH SIBJO,Sibjo,Tidak Ada Lahan,,1267.6461181640625,83.980712890625,10.0,Tree cover,True,True,False,True,True,4,"https://www.google.com/maps/@-1.55026112,133.87102857,250m/data=!3m1!1e3"
86610,PAPUA BARAT,KAB. FAK FAK,Kayauni,-2.76623006,132.25697025,8872b03947fffff,0.0,1.0,2798.0,2k-10k,4,KOPERASI DESA MERAH PUTIH HOMORKOKMA,,,,694.3255004882812,80.569580078125,10.0,Tree cover,True,True,False,True,True,4,"https://www.google.com/maps/@-2.76623006,132.25697025,250m/data=!3m1!1e3"
67516,PAPUA BARAT,KAB. FAK FAK,Teluk Patipi,-2.74706761,132.21663588,8872b00cd7fffff,0.0,1.0,2607.0,2k-10k,4,KOPERASI DESA MERAH PUTIH MUHRI,,,,476.1182556152344,66.5572509765625,10.0,Tree cover,True,True,False,True,True,4,"https://www.google.com/maps/@-2.74706761,132.21663588,250m/data=!3m1!1e3"
90512,PAPUA BARAT,KAB. KAIMANA,Teluk Arguni Bawah,-3.13648152,133.57186246,887286d437fffff,0.0,1.0,2214.0,2k-10k,4,KOPERASI DESA MERAH PUTIH TANUSAN,,,,167.98727416992188,61.5552978515625,10.0,Tree cover,True,True,False,True,True,4,"https://www.google.com/maps/@-3.13648152,133.57186246,250m/data=!3m1!1e3"
17631,JAWA TIMUR,KAB. SITUBONDO,Asembagus,-7.89684169,114.2313034,888da258b7fffff,0.0,2.0,9071.0,2k-10k,4,KOPERASI DESA MERAH PUTIH BANTAL,Bantal,Terverifikasi,KOPERASI,393.85870361328125,79.50955200195312,10.0,Tree cover,True,True,False,True,True,4,"https://www.google.com/maps/@-7.89684169,114.2313034,250m/data=!3m1!1e3"
52527,BENGKULU,KAB. MUKOMUKO,Penarik,-2.59763719,101.4891486,888cd59917fffff,0.0,2.0,2612.0,2k-10k,4,KOPERASI DESA MERAH PUTIH BUKIT MAKMUR KECAMATAN PENARIK,Bukit Makmur,Terverifikasi,Agrinas,285.1699523925781,68.55038452148438,10.0,Tree cover,True,True,False,True,True,4,"https://www.google.com/maps/@-2.59763719,101.4891486,250m/data=!3m1!1e3"
34746,BENGKULU,KAB. REJANG LEBONG,Sindang Beliti Ulu,-3.51999878,102.8342699,888cf04539fffff,0.0,2.0,8847.0,2k-10k,4,KOPERASI DESA MERAH PUTIH TANJUNG HERAN,Tanjung Herang,Terverifikasi,KOPERASI,1106.099853515625,90.053466796875,10.0,Tree cover,True,True,False,True,True,4,"https://www.google.com/maps/@-3.51999878,102.8342699,250m/data=!3m1!1e3"
56837,KALIMANTAN BARAT,KAB. KAPUAS HULU,Hulu Gurung,0.3029493,112.3622199,8868b0661bfffff,0.0,2.0,3539.0,2k-10k,4,KOPERASI DESA MERAH PUTIH KARYA MANDIRI KECAMATAN HULU GURUNG,Karya Mandiri,Terverifikasi,Agrinas,356.6072082519531,128.0250244140625,10.0,Tree cover,True,True,False,True,True,4,"https://www.google.com/maps/@0.3029493,112.3622199,250m/data=!3m1!1e3"
14478,LAMPUNG,KAB. PESISIR BARAT,Pesisir Selatan,-5.21799323,104.0736392,888c1a7447fffff,0.0,2.0,3086.0,2k-10k,4,KOPERASI DESA MERAH PUTIH SUKARAME KECAMATAN PESISIR SELATAN KABUPATEN PESISIR BARAT PROVINSI LAMPUNG,,,,387.8568420410156,76.78231811523438,10.0,Tree cover,True,True,False,True,True,4,"https://www.google.com/maps/@-5.21799323,104.0736392,250m/data=!3m1!1e3"
10400,LAMPUNG,KAB. PESISIR BARAT,Karya Penggawa,-5.06829784,103.9251426,888c1a65ddfffff,0.0,2.0,10322.0,>10k,4,KOPERASI DESA MERAH PUTIH WAY SINDI HANUAN KECAMATAN KARYA PENGGAWA KABUPATEN PESISIR BARAT,Way Sindi Hanuan,Terverifikasi,Agrinas,509.48968505859375,81.05105590820312,10.0,Tree cover,True,True,False,True,True,4,"https://www.google.com/maps/@-5.06829784,103.9251426,250m/data=!3m1!1e3"
50518,GORONTALO,KAB. BONE BOLANGO,Bulango Ulu,0.63432014,123.2401161,8868dd9255fffff,0.0,2.0,3426.0,2k-10k,4,KOPERASI DESA MERAH PUTIH SUKA MAKMUR BULANGO ULU,Suka Makmur,Tidak Ada Lahan,,362.1605224609375,81.83822631835938,10.0,Tree cover,True,True,False,True,True,4,"https://www.google.com/maps/@0.63432014,123.2401161,250m/data=!3m1!1e3"
10634,GORONTALO,KAB. GORONTALO UTARA,Sumalata,0.92855411,122.4675424,8868c3ce55fffff,0.0,2.0,12087.0,>10k,4,KOPERASI DESA MERAH PUTIH PULOHENTI,Pulohenti,Terverifikasi,KOPERASI,1026.6890869140625,131.8203125,10.0,Tree cover,True,True,False,True,True,4,"https://www.google.com/maps/@0.92855411,122.4675424,250m/data=!3m1!1e3"
11347,SULAWESI UTARA,KAB. BOLAANG MONGONDOW SELATAN,Pinolosian,0.52954719,124.1596305,8868ce6dd5fffff,0.0,2.0,2422.0,2k-10k,4,KOPERASI DESA MERAH PUTIH LUNGKAP,Lungkap,Terverifikasi,KOPERASI,1007.5325317382812,64.857666015625,10.0,Tree cover,True,True,False,True,True,4,"https://www.google.com/maps/@0.52954719,124.1596305,250m/data=!3m1!1e3"
41228,SUMATERA UTARA,KAB. MANDAILING NATAL,Ulu Pungkut,0.53473596,99.80780878,88652d0f25fffff,0.0,2.0,8328.0,2k-10k,4,KOPERASI DESA MERAH PUTIH HABINCARAN,Habincaran,Sedang Diverifikasi,KOPERASI,1399.1654052734375,98.6651611328125,10.0,Tree cover,True,True,False,True,True,4,"https://www.google.com/maps/@0.53473596,99.80780878,250m/data=!3m1!1e3"
11418,SUMATERA UTARA,KAB. PADANG LAWAS,Ulu Barumun,1.04973431,99.59798611,886529d009fffff,0.0,2.0,11312.0,>10k,4,KOPERASI DESA MERAH PUTIH PARINNGONAN JULU,Paringgonan Julu,Tidak Ada Lahan,,544.569580078125,215.02761840820312,10.0,Tree cover,True,True,False,True,True,4,"https://www.google.com/maps/@1.04973431,99.59798611,250m/data=!3m1!1e3"
71041,SUMATERA UTARA,KAB. PADANG LAWAS,Barumun,0.99424136,99.6536403,88652d6993fffff,0.0,2.0,18159.0,>10k,4,KOPERASI DESA MERAH PUTIH SAYUR MATUA KECAMATAN BARUMUN,Sayur Matua,Sedang Diverifikasi,BUSINESS ASSISTANCE,1039.970947265625,140.82958984375,10.0,Tree cover,True,True,False,True,True,4,"https://www.google.com/maps/@0.99424136,99.6536403,250m/data=!3m1!1e3"
22534,SUMATERA UTARA,KAB. TAPANULI SELATAN,Batang Angkola,1.21561285,99.3242237,886529ced9fffff,0.0,2.0,40723.0,>10k,4,KOPERASI DESA MERAH PUTIH PADANG KAHOMBU BATANG ANGKOLA,,,,753.1123657226562,96.6011962890625,10.0,Tree cover,True,True,False,True,True,4,"https://www.google.com/maps/@1.21561285,99.3242237,250m/data=!3m1!1e3"
45806,SUMATERA UTARA,KAB. HUMBANG HASUNDUTAN,Parlilitan,2.36694585,98.33758966,8865764467fffff,0.0,2.0,4657.0,2k-10k,4,KOPERASI DESA MERAH PUTIH SIONOM HUDON VII KECAMATAN PARLILITAN,,,,801.306884765625,107.69708251953125,10.0,Tree cover,True,True,False,True,True,4,"https://www.google.com/maps/@2.36694585,98.33758966,250m/data=!3m1!1e3"
72568,SUMATERA UTARA,KAB. TAPANULI TENGAH,Manduamas,2.28244165,98.21102379,8865767351fffff,0.0,2.0,10900.0,>10k,4,KOPERASI DESA MERAH PUTIH SARAGIH TIMUR,Saragih Timur,Terverifikasi,Agrinas,533.3966674804688,122.23626708984375,10.0,Tree cover,True,True,False,True,True,4,"https://www.google.com/maps/@2.28244165,98.21102379,250m/data=!3m1!1e3"
71562,SULAWESI SELATAN,KAB. LUWU,Latimojong,-3.44084049,120.1016088,88952e1b51fffff,0.0,2.0,2964.0,2k-10k,4,KOPERASI DESA MERAH PUTIH BUNTU SAREK,Buntu Sarek,Tidak Ada Lahan,,2205.212158203125,86.21044921875,10.0,Tree cover,True,True,False,True,True,4,"https://www.google.com/maps/@-3.44084049,120.1016088,250m/data=!3m1!1e3"
33330,RIAU,KAB. KAMPAR,Kampar Kiri Hulu,-0.2542248,101.0887152,888cd3c8a5fffff,0.0,2.0,1686.0,500-2k,4,KOPERASI DESA MERAH PUTIH GAJAH BERTALUT,Gajah Bertalut,Sedang Diverifikasi,KOPERASI,180.53733825683594,65.64225769042969,10.0,Tree cover,True,True,False,True,True,4,"https://www.google.com/maps/@-0.2542248,101.0887152,250m/data=!3m1!1e3"
25686,SULAWESI BARAT,KAB. MAMUJU,Tapalang,-2.90852249,118.9947026,8895202f4bfffff,0.0,2.0,1548.0,500-2k,4,KOPERASI DESA MERAH PUTIH BELA,Bela,Sedang Diverifikasi,BUSINESS ASSISTANCE,863.0774536132812,109.78704833984375,10.0,Tree cover,True,True,False,True,True,4,"https://www.google.com/maps/@-2.90852249,118.9947026,250m/data=!3m1!1e3"
11709,SULAWESI BARAT,KAB. MAMUJU,Bonehau,-2.63933631,119.3289318,889521cc3bfffff,0.0,2.0,2938.0,2k-10k,4,KOPERASI DESA MERAH PUTIH BANUADA KECAMATAN BONEHAU,Banuada,Terverifikasi,Agrinas,822.8358764648438,71.57281494140625,10.0,Tree cover,True,True,False,True,True,4,"https://www.google.com/maps/@-2.63933631,119.3289318,250m/data=!3m1!1e3"
20594,SULAWESI BARAT,KAB. MAMUJU,Kalumpang,-2.61999693,119.549042,8895210145fffff,0.0,2.0,2548.0,2k-10k,4,KOPERASI DESA MERAH PUTIH KARATAUN,Karataun,Terverifikasi,Agrinas,1060.378662109375,162.71478271484375,10.0,Tree cover,True,True,False,True,True,4,"https://www.google.com/maps/@-2.61999693,119.549042,250m/data=!3m1!1e3"
27129,SULAWESI BARAT,KAB. MAMASA,Bambang,-2.88256759,119.2727957,8895215a97fffff,0.0,2.0,7443.0,2k-10k,4,KOPERASI DESA MERAH PUTIH ULUMAMBI BARAT,,,,2059.289306640625,129.0211181640625,10.0,Tree cover,True,True,False,True,True,4,"https://www.google.com/maps/@-2.88256759,119.2727957,250m/data=!3m1!1e3"
86655,NUSA TENGGARA TIMUR,KAB. ENDE,Maukaro,-8.68505315,121.5373208,88951ba24dfffff,0.0,2.0,16944.0,>10k,4,KOPERASI DESA MERAH PUTIH KOLIKAPA,Kolikapa,Terverifikasi,Agrinas,749.6646118164062,61.354248046875,10.0,Tree cover,True,True,False,True,True,4,"https://www.google.com/maps/@-8.68505315,121.5373208,250m/data=!3m1!1e3"
72062,BENGKULU,KAB. MUKOMUKO,Pondok Suguh,-2.64923912,101.6095378,888cf36eabfffff,0.0,1.0,30.0,<500,5,KOPERASI DESA MERAH PUTIH AIR BERAU,Air Berau,Terverifikasi,KOPERASI,799.5728149414062,41.14447021484375,10.0,Tree cover,True,True,False,False,True,3,"https://www.google.com/maps/@-2.64923912,101.6095378,250m/data=!3m1!1e3"
49190,BENGKULU,KAB. MUKOMUKO,Teramang Jaya,-2.62851077,101.5180193,888cd5995dfffff,0.0,1.0,545.0,500-2k,5,KOPERASI DESA MERAH PUTIH LUBUK SELANDAK KECAMATAN TERAMANG JAYA,Lubuk Selandak,Terverifikasi,Agrinas,492.2751770019531,22.201629638671875,10.0,Tree cover,True,True,False,False,True,3,"https://www.google.com/maps/@-2.62851077,101.5180193,250m/data=!3m1!1e3"
81124,BENGKULU,KAB. BENGKULU UTARA,Marga Sakti Sebelat,-2.90436505,101.8534509,888cf372cdfffff,0.0,1.0,29.0,<500,5,KOPERASI DESA MERAH PUTIH SUKA BARU KECAMATAN MARGA SAKTI SEBELAT,Suka Baru,Terverifikasi,Agrinas,488.0048522949219,14.957061767578125,10.0,Tree cover,True,True,False,False,True,3,"https://www.google.com/maps/@-2.90436505,101.8534509,250m/data=!3m1!1e3"
23019,KALIMANTAN BARAT,KAB. KETAPANG,Hulu Sungai,-0.7487031,111.0547416,888cb2c1e3fffff,0.0,1.0,74.0,<500,5,KOPERASI DESA MERAH PUTIH KENYABUR,,,,147.04676818847656,29.827835083007812,10.0,Tree cover,True,True,False,False,True,3,"https://www.google.com/maps/@-0.7487031,111.0547416,250m/data=!3m1!1e3"
69546,KALIMANTAN BARAT,KAB. KETAPANG,Hulu Sungai,-1.10589357,110.8342015,888cb28117fffff,0.0,1.0,632.0,500-2k,5,KOPERASI DESA MERAH PUTIH DESA CINTA MANIS,,,,84.57488250732422,52.17871856689453,10.0,Tree cover,True,True,False,False,True,3,"https://www.google.com/maps/@-1.10589357,110.8342015,250m/data=!3m1!1e3"
19717,KALIMANTAN BARAT,KAB. KETAPANG,Matan Hilir Selatan,-2.25233914,110.1729445,888cb0b1c7fffff,0.0,1.0,937.0,500-2k,5,KOPERASI DESA MERAH PUTIH PAGAR MENTIMUN KECAMATAN MATAN HILIR SELATAN,Pagar Mentimun,Terverifikasi,Agrinas,23.13847541809082,6.097810745239258,10.0,Tree cover,True,True,False,False,True,3,"https://www.google.com/maps/@-2.25233914,110.1729445,250m/data=!3m1!1e3"
24590,KALIMANTAN BARAT,KAB. KETAPANG,Matan Hilir Selatan,-2.0561669,110.2553482,888cb016c7fffff,0.0,1.0,170.0,<500,5,KOPERASI DESA MERAH PUTIH PESAGUAN KANAN,Pesaguan Kanan,Tidak Ada Lahan,,11.447882652282715,5.339511871337891,10.0,Tree cover,True,True,False,False,True,3,"https://www.google.com/maps/@-2.0561669,110.2553482,250m/data=!3m1!1e3"
21176,KALIMANTAN BARAT,KAB. SINTANG,Serawai,-0.20773338,112.4971636,8868b3c531fffff,0.0,1.0,773.0,500-2k,5,KOPERASI DESA MERAH PUTIH BEGORI,Begori,Sedang Diverifikasi,KOPERASI,0.0,0.0,10.0,Tree cover,True,True,False,False,True,3,"https://www.google.com/maps/@-0.20773338,112.4971636,250m/data=!3m1!1e3"
25067,KALIMANTAN BARAT,KAB. SINTANG,Serawai,-0.2254145,112.4558559,8868b3ce57fffff,0.0,1.0,762.0,500-2k,5,KOPERASI DESA MERAH PUTIH GURUNG SENGHIANG KECAMATAN SERAWAI,Gurung Senghiang,Sedang Diverifikasi,KOPERASI,0.0,0.0,10.0,Tree cover,True,True,False,False,True,3,"https://www.google.com/maps/@-0.2254145,112.4558559,250m/data=!3m1!1e3"
9825,GORONTALO,KAB. POHUWATO,Popayato Timur,0.69446885,121.4708089,8868c2ceb3fffff,0.0,1.0,186.0,<500,5,KOPERASI DESA MERAH PUTIH LONDOUN,Londoun,Terverifikasi,Agrinas,609.5712280273438,42.8638916015625,10.0,Tree cover,True,True,False,False,True,3,"https://www.google.com/maps/@0.69446885,121.4708089,250m/data=!3m1!1e3"
12468,SUMATERA SELATAN,KAB. BANYUASIN,Banyuasin II,-2.09902476,104.5807194,888c8d5951fffff,0.0,1.0,68.0,<500,5,KOPERASI DESA MERAH PUTIH SUNGSANG IV KECAMATAN BANYUASIN II,Sungsang IV,Dipertimbangkan,KOPERASI,14.721053123474121,9.261092185974121,95.0,Mangrove,True,True,False,False,True,3,"https://www.google.com/maps/@-2.09902476,104.5807194,250m/data=!3m1!1e3"
5403,SUMATERA SELATAN,KAB. MUSI RAWAS UTARA,Karang Jaya,-3.02218926,102.5705798,888cf3d92dfffff,0.0,1.0,14.0,<500,5,KOPERASI DESA MERAH PUTIH LUBUK KUMBUNG,Lubuk Kumbung,Terverifikasi,Agrinas,521.9403076171875,47.511749267578125,10.0,Tree cover,True,True,False,False,True,3,"https://www.google.com/maps/@-3.02218926,102.5705798,250m/data=!3m1!1e3"
73363,SUMATERA SELATAN,KAB. OGAN KOMERING ILIR,Pedamaran,-3.46074309,104.9650435,888cab1769fffff,0.0,1.0,841.0,500-2k,5,KOPERASI DESA MERAH PUTIH CINTA JAYA,Cinta Jaya,Tidak Ada Lahan,,14.404387474060059,2.354137420654297,10.0,Tree cover,True,True,False,False,True,3,"https://www.google.com/maps/@-3.46074309,104.9650435,250m/data=!3m1!1e3"
53526,KALIMANTAN TIMUR,KAB. BERAU,Gunung Tabur,2.26886306,117.794268,8868f6d0ddfffff,0.0,1.0,473.0,<500,5,KOPERASI DESA MERAH PUTIH BATU BATU KECAMATAN GUNUNG TABUR,Batu-Batu,Sedang Diverifikasi,KOPERASI,102.40656280517578,25.07391357421875,10.0,Tree cover,True,True,False,False,True,3,"https://www.google.com/maps/@2.26886306,117.794268,250m/data=!3m1!1e3"
61413,KALIMANTAN TIMUR,KAB. BERAU,Kelay,1.76379443,117.2705123,8868ab0f11fffff,0.0,1.0,879.0,500-2k,5,KOPERASI DESA MERAH PUTIH MERASA,Merasa,Terverifikasi,BUSINESS ASSISTANCE,108.11854553222656,50.287513732910156,10.0,Tree cover,True,True,False,False,True,3,"https://www.google.com/maps/@1.76379443,117.2705123,250m/data=!3m1!1e3"
64721,KALIMANTAN TIMUR,KAB. BERAU,Kelay,1.69605186,117.3645909,8868ab7645fffff,0.0,1.0,71.0,<500,5,KOPERASI DESA MERAH PUTIH PANAAN,Panaan,Sedang Diverifikasi,BUSINESS ASSISTANCE,534.1884155273438,55.2047119140625,10.0,Tree cover,True,True,False,False,True,3,"https://www.google.com/maps/@1.69605186,117.3645909,250m/data=!3m1!1e3"
86104,KALIMANTAN TIMUR,KAB. KUTAI BARAT,Bongan,-1.04135321,116.0480665,88689d89b5fffff,0.0,1.0,152.0,<500,5,KOPERASI DESA MERAH PUTIH GERUNGGUNG KECAMATAN BONGAN,,,,168.86932373046875,27.970932006835938,10.0,Tree cover,True,True,False,False,True,3,"https://www.google.com/maps/@-1.04135321,116.0480665,250m/data=!3m1!1e3"
85773,KALIMANTAN TIMUR,KAB. KUTAI BARAT,Bentian Besar,-1.11039033,115.7705656,88689dd1b1fffff,0.0,1.0,931.0,500-2k,5,KOPERASI DESA MERAH PUTIH RANDA EMPAS,Randa Empas,Sedang Diverifikasi,KEMENTERIAN KESEHATAN,357.2312927246094,57.341644287109375,10.0,Tree cover,True,True,False,False,True,3,"https://www.google.com/maps/@-1.11039033,115.7705656,250m/data=!3m1!1e3"
28087,KALIMANTAN TIMUR,KAB. MAHAKAM ULU,Long Pahangai,0.7190935,114.5793899,8868809a85fffff,0.0,1.0,60.0,<500,5,KOPERASI DESA MERAH PUTIH LONG LUNUK,Long Lunuk,Sedang Diverifikasi,BUSINESS ASSISTANCE,229.72531127929688,36.36907958984375,10.0,Tree cover,True,True,False,False,True,3,"https://www.google.com/maps/@0.7190935,114.5793899,250m/data=!3m1!1e3"
28379,KALIMANTAN TIMUR,KAB. MAHAKAM ULU,Long Pahangai,0.98351232,114.9000545,8868854127fffff,0.0,1.0,100.0,<500,5,KOPERASI DESA MERAH PUTIH LONG TUYOQ,Long Tuyoq,Sedang Diverifikasi,PMO,274.09918212890625,38.286834716796875,10.0,Tree cover,True,True,False,False,True,3,"https://www.google.com/maps/@0.98351232,114.9000545,250m/data=!3m1!1e3"
75799,KALIMANTAN TIMUR,KAB. MAHAKAM ULU,Long Apari,0.68607011,113.944954,8868844f09fffff,0.0,1.0,9.0,<500,5,KOPERASI DESA MERAH PUTIH LONG PENANEH I LONG APARI,Long Penaneh I,Sedang Diverifikasi,BUSINESS ASSISTANCE,384.6259460449219,49.329803466796875,10.0,Tree cover,True,True,False,False,True,3,"https://www.google.com/maps/@0.68607011,113.944954,250m/data=!3m1!1e3"
75636,KALIMANTAN TIMUR,KAB. MAHAKAM ULU,Long Hubung,0.40552596,115.605936,8868815725fffff,0.0,1.0,113.0,<500,5,KOPERASI DESA MERAH PUTIH MATALIBAQ,Matalibaq,Sedang Diverifikasi,BUSINESS ASSISTANCE,113.36239624023438,27.846466064453125,10.0,Tree cover,True,True,False,False,True,3,"https://www.google.com/maps/@0.40552596,115.605936,250m/data=!3m1!1e3"
82346,KALIMANTAN TIMUR,KAB. MAHAKAM ULU,Laham,0.09936746,114.9624067,88688070d7fffff,0.0,1.0,5.0,<500,5,KOPERASI DESA MERAH PUTIH DANUM PAROY,Danum Paroy,Sedang Diverifikasi,BUSINESS ASSISTANCE,91.54054260253906,15.635139465332031,10.0,Tree cover,True,True,False,False,True,3,"https://www.google.com/maps/@0.09936746,114.9624067,250m/data=!3m1!1e3"
67033,SULAWESI SELATAN,KAB. LUWU TIMUR,Tomoni,-2.42016636,120.6128313,88952c033bfffff,0.0,1.0,20.0,<500,5,KOPERASI DESA MERAH PUTIH UJUNG BARU KECAMATAN TOMONI,Ujung Baru,Sedang Diverifikasi,KOPERASI,2192.4111328125,30.476318359375,10.0,Tree cover,True,True,False,False,True,3,"https://www.google.com/maps/@-2.42016636,120.6128313,250m/data=!3m1!1e3"
59339,SULAWESI SELATAN,KAB. LUWU TIMUR,Mangkutana,-2.30262293,120.5952063,88952c10ebfffff,0.0,1.0,23.0,<500,5,KOPERASI DESA MERAH PUTIH MALEKU,Maleku,Terverifikasi,KOPERASI,1390.7110595703125,32.244140625,10.0,Tree cover,True,True,False,False,True,3,"https://www.google.com/maps/@-2.30262293,120.5952063,250m/data=!3m1!1e3"
69316,SULAWESI SELATAN,KAB. LUWU UTARA,Rampi,-2.14592088,120.4058674,88952c8b57fffff,0.0,1.0,682.0,500-2k,5,KOPERASI DESA MERAH PUTIH LEBONI KABUPATEN LUWU UTARA,Leboni,Sedang Diverifikasi,KOPERASI,1853.075439453125,45.0225830078125,10.0,Tree cover,True,True,False,False,True,3,"https://www.google.com/maps/@-2.14592088,120.4058674,250m/data=!3m1!1e3"
84546,PAPUA SELATAN,KAB. BOVEN DIGOEL,Kombay,-5.62417485,139.9036537,889cdac60bfffff,0.0,1.0,369.0,<500,5,KOPERASI DESA MERAH PUTIH UGO,,,,48.97492980957031,9.018077850341797,10.0,Tree cover,True,True,False,False,True,3,"https://www.google.com/maps/@-5.62417485,139.9036537,250m/data=!3m1!1e3"
6109,RIAU,KAB. BENGKALIS,Bukit Batu,1.3624778,101.9450129,8865216313fffff,0.0,1.0,418.0,<500,5,KOPERASI DESA MERAH PUTIH BUKIT BATU KECAMATAN BUKIT BATU,Bukit Batu,Terverifikasi,KOPERASI,20.716663360595703,6.833827972412109,10.0,Tree cover,True,True,False,False,True,3,"https://www.google.com/maps/@1.3624778,101.9450129,250m/data=!3m1!1e3"
63310,RIAU,KAB. PELALAWAN,Teluk Meranti,0.51321058,102.9340338,88652544a7fffff,0.0,1.0,161.0,<500,5,KOPERASI DESA MERAH PUTIH SEGAMAI KECAMATAN TELUK MERANTI,Segamai,Sedang Diverifikasi,BUSINESS ASSISTANCE,24.59638214111328,10.388795852661133,10.0,Tree cover,True,True,False,False,True,3,"https://www.google.com/maps/@0.51321058,102.9340338,250m/data=!3m1!1e3"
50082,RIAU,KAB. INDRAGIRI HULU,Batang Gansal,-0.9027881,102.3832513,888cd605bdfffff,0.0,1.0,598.0,500-2k,5,KOPERASI DESA MERAH PUTIH RANTAU LANGSAT KECAMATAN BATANG GANSAL,Rantau Langsat,Tidak Ada Lahan,,0.0,0.0,10.0,Tree cover,True,True,False,False,True,3,"https://www.google.com/maps/@-0.9027881,102.3832513,250m/data=!3m1!1e3"
78778,SUMATERA BARAT,KAB. PESISIR SELATAN,Linggo Sari Baganti,-1.87356981,101.022862,888cd5616dfffff,0.0,1.0,360.0,<500,5,KOPERASI DESA MERAH PUTIH NAGARI SUNGAI SIRAH AIR HAJI PESISIR SELATAN,Sungai Sirah Air Haji,Terverifikasi,Agrinas,505.2822570800781,36.819793701171875,10.0,Tree cover,True,True,False,False,True,3,"https://www.google.com/maps/@-1.87356981,101.022862,250m/data=!3m1!1e3"
72047,SUMATERA BARAT,KAB. PESISIR SELATAN,Lengayang,-1.53051086,100.8342808,888cd1c323fffff,0.0,1.0,885.0,500-2k,5,KOPERASI DESA MERAH PUTIH NAGARI KAMBANG PESISIR SELATAN,Kambang,Terverifikasi,KOPERASI,693.4706420898438,40.42083740234375,10.0,Tree cover,True,True,False,False,True,3,"https://www.google.com/maps/@-1.53051086,100.8342808,250m/data=!3m1!1e3"
72061,SUMATERA BARAT,KAB. PESISIR SELATAN,Lengayang,-1.53051086,100.8342808,888cd1c323fffff,0.0,1.0,885.0,500-2k,5,KOPERASI DESA MERAH PUTIH NAGARI KAMBANG TIMUR PESISIR SELATAN,,,,693.4706420898438,40.42083740234375,10.0,Tree cover,True,True,False,False,True,3,"https://www.google.com/maps/@-1.53051086,100.8342808,250m/data=!3m1!1e3"
18696,KALIMANTAN TENGAH,KAB. KOTAWARINGIN TIMUR,Telaga Antang,-1.45700999,112.4844755,8868947253fffff,0.0,1.0,223.0,<500,5,KOPERASI DESA MERAH PUTIH TUMBANG PUAN,,,,108.59571075439453,37.79991149902344,10.0,Tree cover,True,True,False,False,True,3,"https://www.google.com/maps/@-1.45700999,112.4844755,250m/data=!3m1!1e3"
41342,KALIMANTAN TENGAH,KAB. KOTAWARINGIN TIMUR,Telaga Antang,-1.42822059,112.3803023,8868940863fffff,0.0,1.0,338.0,<500,5,KOPERASI DESA MERAH PUTIH RANTAU SAWANG,,,,94.82535552978516,21.648155212402344,10.0,Tree cover,True,True,False,False,True,3,"https://www.google.com/maps/@-1.42822059,112.3803023,250m/data=!3m1!1e3"
55232,KALIMANTAN TENGAH,KAB. KOTAWARINGIN TIMUR,Bukit Santuai,-1.68215987,112.3698928,8868947b61fffff,0.0,1.0,864.0,500-2k,5,KOPERASI DESA MERAH PUTIH TUMBANG TORUNG,,,,55.934329986572266,20.893543243408203,10.0,Tree cover,True,True,False,False,True,3,"https://www.google.com/maps/@-1.68215987,112.3698928,250m/data=!3m1!1e3"
80146,KALIMANTAN TENGAH,KAB. KOTAWARINGIN TIMUR,Bukit Santuai,-1.64450532,112.1952717,88689441cdfffff,0.0,1.0,210.0,<500,5,KOPERASI DESA MERAH PUTIH TUMBANG PAYANG,,,,175.96295166015625,46.30931091308594,10.0,Tree cover,True,True,False,False,True,3,"https://www.google.com/maps/@-1.64450532,112.1952717,250m/data=!3m1!1e3"
5365,KALIMANTAN TENGAH,KAB. MURUNG RAYA,Seribu Riam,-0.28611918,114.0873655,8868866551fffff,0.0,1.0,415.0,<500,5,KOPERASI DESA MERAH PUTIH TAKAJUNG,Takajung,Sedang Diverifikasi,KEMENTERIAN KESEHATAN,0.0,0.0,10.0,Tree cover,True,True,False,False,True,3,"https://www.google.com/maps/@-0.28611918,114.0873655,250m/data=!3m1!1e3"
18846,KALIMANTAN TENGAH,KAB. MURUNG RAYA,Murung,-0.79380573,114.4742043,8868820a13fffff,0.0,1.0,909.0,500-2k,5,KOPERASI DESA MERAH PUTIH MANGKAHUI,Mangkahui,Sedang Diverifikasi,BUSINESS ASSISTANCE,0.0,0.0,10.0,Tree cover,True,True,False,False,True,3,"https://www.google.com/maps/@-0.79380573,114.4742043,250m/data=!3m1!1e3"
74267,KALIMANTAN TENGAH,KAB. KATINGAN,Marikit,-0.76787638,112.63735585,886894b297fffff,0.0,1.0,4.0,<500,5,KOPERASI DESA MERAH PUTIH SABAUNG,,,,0.0,0.0,10.0,Tree cover,True,True,False,False,True,3,"https://www.google.com/maps/@-0.76787638,112.63735585,250m/data=!3m1!1e3"
44745,KALIMANTAN TENGAH,KAB. KATINGAN,Petak Malai,-0.69879604,112.8934948,8868b36ae7fffff,0.0,1.0,43.0,<500,5,KOPERASI DESA MERAH PUTIH NUSA KUTAU,,,,0.0,0.0,10.0,Tree cover,True,True,False,False,True,3,"https://www.google.com/maps/@-0.69879604,112.8934948,250m/data=!3m1!1e3"
53522,KALIMANTAN TENGAH,KAB. KATINGAN,Petak Malai,-0.98437701,113.1100363,886895c1d1fffff,0.0,1.0,219.0,<500,5,KOPERASI DESA MERAH PUTIH BATU TUKAN,Batu Tukan,Sedang Diverifikasi,KOPERASI,0.0,0.0,10.0,Tree cover,True,True,False,False,True,3,"https://www.google.com/maps/@-0.98437701,113.1100363,250m/data=!3m1!1e3"
77779,KALIMANTAN TENGAH,KAB. BARITO UTARA,Lahei,-0.30831089,115.1508834,886883d521fffff,0.0,1.0,48.0,<500,5,KOPERASI DESA MERAH PUTIH HARAGANDANG,Haragandang,Tidak Ada Lahan,,0.0,0.0,10.0,Tree cover,True,True,False,False,True,3,"https://www.google.com/maps/@-0.30831089,115.1508834,250m/data=!3m1!1e3"
13464,KALIMANTAN TENGAH,KAB. PULANG PISAU,Jabiren Raya,-2.57570372,114.2690173,886893acb3fffff,0.0,1.0,951.0,500-2k,5,KOPERASI DESA MERAH PUTIH SIMPUR KECAMATAN JABIREN RAYA,Simpur,Sedang Diverifikasi,KOPERASI,5.595595359802246,1.6232008934020996,10.0,Tree cover,True,True,False,False,True,3,"https://www.google.com/maps/@-2.57570372,114.2690173,250m/data=!3m1!1e3"
55442,KALIMANTAN TENGAH,KAB. PULANG PISAU,Sebangau Kuala,-2.74726819,113.8718643,88689302e3fffff,0.0,1.0,22.0,<500,5,KOPERASI DESA MERAH PUTIH PADURAN SEBANGAU,Paduran Sebangau,Sedang Diverifikasi,KOPERASI,22.532377243041992,4.570749282836914,10.0,Tree cover,True,True,False,False,True,3,"https://www.google.com/maps/@-2.74726819,113.8718643,250m/data=!3m1!1e3"
57454,KALIMANTAN TENGAH,KAB. KOTAWARINGIN BARAT,Kumai,-2.9812224,111.9633135,888d9a4e45fffff,0.0,1.0,3.0,<500,5,KOPERASI DESA MERAH PUTIH TELUK PULAI,Teluk Pulai,Sedang Diverifikasi,KOPERASI,9.939301490783691,16.715999603271484,10.0,Tree cover,True,True,False,False,True,3,"https://www.google.com/maps/@-2.9812224,111.9633135,250m/data=!3m1!1e3"
21856,KALIMANTAN TENGAH,KAB. SUKAMARA,Pantai Lunci,-2.96713707,111.0125158,888cb4ba69fffff,0.0,1.0,175.0,<500,5,KOPERASI DESA MERAH PUTIH SUNGAI DAMAR KECAMATAN PANTAI LUNCI,Sungai Damar,Sedang Diverifikasi,BUSINESS ASSISTANCE,7.373728275299072,3.2382969856262207,10.0,Tree cover,True,True,False,False,True,3,"https://www.google.com/maps/@-2.96713707,111.0125158,250m/data=!3m1!1e3"
8770,ACEH,KAB. BENER MERIAH,Syiah Utama,4.68903064,97.28182114,886556d5e7fffff,0.0,1.0,888.0,500-2k,5,KOPERASI DESA MERAH PUTIH SYARIAH GERUTI JAYA,Geruti Jaya,Tidak Ada Lahan,,486.4981689453125,49.53814697265625,10.0,Tree cover,True,True,False,False,True,3,"https://www.google.com/maps/@4.68903064,97.28182114,250m/data=!3m1!1e3"
60844,ACEH,KAB. ACEH TENGGARA,Lawe Alas,3.40069816,97.63096714,88657248bdfffff,0.0,1.0,5.0,<500,5,KOPERASI DESA MERAH PUTIH SYARIAH LAWE SEMPILANG KECAMATAN LAWE ALAS,Lawe Sempilang,Tidak Ada Lahan,,1517.4798583984375,41.6273193359375,10.0,Tree cover,True,True,False,False,True,3,"https://www.google.com/maps/@3.40069816,97.63096714,250m/data=!3m1!1e3"
27955,ACEH,KAB. ACEH SELATAN,Trumon,2.4661419,97.69215436,8865729ab3fffff,0.0,1.0,479.0,<500,5,KOPERASI DESA MERAH PUTIH RAKET KECAMATAN TRUMON,Raket,Sedang Diverifikasi,BUSINESS ASSISTANCE,20.35871124267578,6.651153564453125,10.0,Tree cover,True,True,False,False,True,3,"https://www.google.com/maps/@2.4661419,97.69215436,250m/data=!3m1!1e3"
46641,ACEH,KAB. ACEH TENGAH,Ketol,4.8114294,96.53088631,88655631a3fffff,0.0,1.0,242.0,<500,5,KOPERASI DESA MERAH PUTIH SYARIAH PANTAN REDUK,,,,822.12890625,59.34185791015625,10.0,Tree cover,True,True,False,False,True,3,"https://www.google.com/maps/@4.8114294,96.53088631,250m/data=!3m1!1e3"
75919,ACEH,KAB. ACEH JAYA,Jaya,5.17250996,95.50612723,886553d04dfffff,0.0,1.0,86.0,<500,5,KOPERASI DESA MERAH PUTIH SYARIAH SABET KECAMATAN JAYA,,,,585.7057495117188,56.44256591796875,10.0,Tree cover,True,True,False,False,True,3,"https://www.google.com/maps/@5.17250996,95.50612723,250m/data=!3m1!1e3"
87312,ACEH,KAB. ACEH JAYA,Setia Bakti,4.77979487,95.68910085,8865507041fffff,0.0,1.0,689.0,500-2k,5,KOPERASI DESA MERAH PUTIH SYARIAH GLEE SEUBAK SETIA BAKTI,Glee Seubak,Terverifikasi,Agrinas,72.0774917602539,52.789207458496094,10.0,Tree cover,True,True,False,False,True,3,"https://www.google.com/maps/@4.77979487,95.68910085,250m/data=!3m1!1e3"
85584,ACEH,KAB. ACEH JAYA,Pasie Raya,4.67467104,95.95353954,8865505633fffff,0.0,1.0,31.0,<500,5,KOPERASI DESA MERAH PUTIH SYARIAH ALUE JANG,Alue Jang,Terverifikasi,Agrinas,766.4717407226562,46.2330322265625,10.0,Tree cover,True,True,False,False,True,3,"https://www.google.com/maps/@4.67467104,95.95353954,250m/data=!3m1!1e3"
62996,ACEH,KAB. ACEH SINGKIL,Pulau Banyak Barat,2.1879023,97.1019055,8865707b33fffff,0.0,1.0,8.0,<500,5,KOPERASI DESA MERAH PUTIH SYARIAH KAMPUNG ASANTOLA,Asantola,Sedang Diverifikasi,KOPERASI,0.0,0.0,80.0,Water,True,True,False,False,True,3,"https://www.google.com/maps/@2.1879023,97.1019055,250m/data=!3m1!1e3"
92728,PAPUA PEGUNUNGAN,KAB. YAHUKIMO,Kurima,-0.13313498,130.51971902,88739859cbfffff,0.0,1.0,11.0,<500,5,KOPERASI DESA MERAH PUTIH HUKEN,,,,224.09352111816406,50.5438232421875,10.0,Tree cover,True,True,False,False,True,3,"https://www.google.com/maps/@-0.13313498,130.51971902,250m/data=!3m1!1e3"
27940,KALIMANTAN UTARA,KAB. BULUNGAN,Sekatak,3.30134715,116.8130576,8868ad7945fffff,0.0,1.0,97.0,<500,5,KOPERASI DESA MERAH PUTIH PUNAN DULAU,,,,140.0540313720703,52.90834045410156,10.0,Tree cover,True,True,False,False,True,3,"https://www.google.com/maps/@3.30134715,116.8130576,250m/data=!3m1!1e3"
65958,KALIMANTAN UTARA,KAB. BULUNGAN,Sekatak,3.12326432,117.0805235,8868a9d2adfffff,0.0,1.0,175.0,<500,5,KOPERASI DESA MERAH PUTIH PUNGIT,,,,116.86678314208984,47.47601318359375,10.0,Tree cover,True,True,False,False,True,3,"https://www.google.com/maps/@3.12326432,117.0805235,250m/data=!3m1!1e3"
71362,KALIMANTAN UTARA,KAB. BULUNGAN,Sekatak,3.13473091,116.987721,8868ad69a3fffff,0.0,1.0,34.0,<500,5,KOPERASI DESA MERAH PUTIH TERINDAK,,,,161.06668090820312,25.508392333984375,10.0,Tree cover,True,True,False,False,True,3,"https://www.google.com/maps/@3.13473091,116.987721,250m/data=!3m1!1e3"
57134,KALIMANTAN UTARA,KAB. BULUNGAN,Tanjung Palas Utara,3.03509276,117.1197774,8868a9c26bfffff,0.0,1.0,146.0,<500,5,KOPERASI DESA MERAH PUTIH KARANG AGUNG,Karang Agung,Terverifikasi,Agrinas,235.26148986816406,51.49658203125,10.0,Tree cover,True,True,False,False,True,3,"https://www.google.com/maps/@3.03509276,117.1197774,250m/data=!3m1!1e3"
22606,KALIMANTAN UTARA,KAB. TANA TIDUNG,Muruk Rian,3.43177798,116.7472945,8868ad4553fffff,0.0,1.0,333.0,<500,5,KOPERASI DESA MERAH PUTIH BELAYAN ARI,Balayan Ari,Sedang Diverifikasi,BUSINESS ASSISTANCE,114.52164459228516,44.553306579589844,10.0,Tree cover,True,True,False,False,True,3,"https://www.google.com/maps/@3.43177798,116.7472945,250m/data=!3m1!1e3"
51057,MALUKU,KAB. KEPULAUAN TANIMBAR,Wertamrian,-7.6705891,131.3678809,88946006c9fffff,0.0,1.0,15.0,<500,5,KOPERASI DESA MERAH PUTIH ARUI DAS,Arui Das,Terverifikasi,Agrinas,106.0139389038086,14.459075927734375,10.0,Tree cover,True,True,False,False,True,3,"https://www.google.com/maps/@-7.6705891,131.3678809,250m/data=!3m1!1e3"
39789,MALUKU,KAB. KEPULAUAN ARU,Pulau-Pulau Aru,-5.84475239,134.4223435,8872916ab7fffff,0.0,1.0,803.0,500-2k,5,KOPERASI DESA MERAH PUTIH GORAR,Gorar,Terverifikasi,KOPERASI,36.44291305541992,9.340621948242188,10.0,Tree cover,True,True,False,False,True,3,"https://www.google.com/maps/@-5.84475239,134.4223435,250m/data=!3m1!1e3"
35222,MALUKU,KAB. KEPULAUAN ARU,Aru Selatan,-6.54675828,134.2634922,8872932ac7fffff,0.0,1.0,799.0,500-2k,5,KOPERASI DESA MERAH PUTIH LAININIR,Laininir,Sedang Diverifikasi,KOPERASI,37.33458709716797,21.545209884643555,10.0,Tree cover,True,True,False,False,True,3,"https://www.google.com/maps/@-6.54675828,134.2634922,250m/data=!3m1!1e3"
29289,MALUKU,KAB. KEPULAUAN ARU,Aru Tengah,-5.93766842,134.4607489,88729ed215fffff,0.0,1.0,968.0,500-2k,5,KOPERASI DESA MERAH PUTIH SELIBATA BATA,Selibata-bata,Sedang Diverifikasi,KOPERASI,67.30772399902344,11.995006561279297,10.0,Tree cover,True,True,False,False,True,3,"https://www.google.com/maps/@-5.93766842,134.4607489,250m/data=!3m1!1e3"
39058,MALUKU,KAB. KEPULAUAN ARU,Aru Tengah,-6.41012808,134.5628509,88729e5323fffff,0.0,1.0,830.0,500-2k,5,KOPERASI DESA MERAH PUTIH MURAI ARU TENGAH,,,,32.29249954223633,17.39303970336914,10.0,Tree cover,True,True,False,False,True,3,"https://www.google.com/maps/@-6.41012808,134.5628509,250m/data=!3m1!1e3"
21562,MALUKU,KAB. KEPULAUAN ARU,Aru Selatan Timur,-6.6101924,134.4494692,8872932ca1fffff,0.0,1.0,486.0,<500,5,KOPERASI DESA MERAH PUTIH GOMAR METI,Gomar Meti,Tidak Ada Lahan,,16.917367935180664,10.774481773376465,10.0,Tree cover,True,True,False,False,True,3,"https://www.google.com/maps/@-6.6101924,134.4494692,250m/data=!3m1!1e3"
38859,MALUKU,KAB. KEPULAUAN ARU,Aru Selatan Utara,-6.2997816,134.1918643,887293305dfffff,0.0,1.0,857.0,500-2k,5,KOPERASI DESA MERAH PUTIH LUTUR KECAMATAN ARU SELATAN UTARA,,,,48.1784553527832,18.620412826538086,10.0,Tree cover,True,True,False,False,True,3,"https://www.google.com/maps/@-6.2997816,134.1918643,250m/data=!3m1!1e3"
38137,MALUKU,KAB. KEPULAUAN ARU,Aru Tengah Selatan,-6.64170236,134.7158071,88729e4a87fffff,0.0,1.0,895.0,500-2k,5,KOPERASI DESA MERAH PUTIH MESIANG,,,,36.78462600708008,12.862279891967773,10.0,Tree cover,True,True,False,False,True,3,"https://www.google.com/maps/@-6.64170236,134.7158071,250m/data=!3m1!1e3"
34426,MALUKU,KAB. SERAM BAGIAN TIMUR,Bula Barat,-3.16046208,130.317425,88956b2eadfffff,0.0,1.0,236.0,<500,5,KOPERASI DESA MERAH PUTIH NEGERI HOTE,Hote,Sedang Diverifikasi,KOPERASI,445.3760070800781,52.84674072265625,10.0,Tree cover,True,True,False,False,True,3,"https://www.google.com/maps/@-3.16046208,130.317425,250m/data=!3m1!1e3"
84969,MALUKU,KAB. SERAM BAGIAN TIMUR,Siwalalat,-3.30239159,130.10182,88956b66c1fffff,0.0,1.0,255.0,<500,5,KOPERASI DESA MERAH PUTIH NEGERI ATIAHU,Atiahu,Sedang Diverifikasi,KOPERASI,234.28839111328125,40.472686767578125,10.0,Tree cover,True,True,False,False,True,3,"https://www.google.com/maps/@-3.30239159,130.10182,250m/data=!3m1!1e3"
83226,MALUKU,KAB. SERAM BAGIAN TIMUR,Kilmury,-3.68086475,130.6624813,88954dab0bfffff,0.0,1.0,500.0,<500,5,KOPERASI DESA MERAH PUTIH NEGERI ADMINISTRATIF KUMELANG KECAMATAN KILMURY,Kumelang,Sedang Diverifikasi,KOPERASI,294.5498962402344,20.47674560546875,10.0,Tree cover,True,True,False,False,True,3,"https://www.google.com/maps/@-3.68086475,130.6624813,250m/data=!3m1!1e3"
83358,MALUKU,KAB. SERAM BAGIAN TIMUR,Kilmury,-3.71148894,130.6711193,88954dab31fffff,0.0,1.0,725.0,500-2k,5,KOPERASI DESA MERAH PUTIH NEGERI ADMINISTRATIF UNDUR,Undur,Sedang Diverifikasi,KOPERASI,204.36325073242188,56.33058166503906,10.0,Tree cover,True,True,False,False,True,3,"https://www.google.com/maps/@-3.71148894,130.6711193,250m/data=!3m1!1e3"
55736,MALUKU,KAB. MALUKU BARAT DAYA,Wetar Selatan,-7.85900074,126.2884658,889553644bfffff,0.0,1.0,486.0,<500,5,KOPERASI DESA MERAH PUTIH HIAY,,,,500.1704406738281,209.60556030273438,30.0,Grassland,True,False,False,True,True,3,"https://www.google.com/maps/@-7.85900074,126.2884658,250m/data=!3m1!1e3"
85498,SULAWESI TENGGARA,KAB. KONAWE,Routa,-3.06170781,121.5264651,889528aa0dfffff,0.0,1.0,10.0,<500,5,KOPERASI DESA MERAH PUTIH PARUDONGKA,Parudongka,Sedang Diverifikasi,KOPERASI,748.4982299804688,58.92926025390625,10.0,Tree cover,True,True,False,False,True,3,"https://www.google.com/maps/@-3.06170781,121.5264651,250m/data=!3m1!1e3"
81365,SULAWESI TENGAH,KAB. BANGGAI,Kintom,-1.04124608,122.5947959,8868d8d985fffff,0.0,1.0,169.0,<500,5,KOPERASI DESA MERAH PUTIH SOLAN BARU KECAMATAN KINTOM,Solan Baru,Tidak Ada Lahan,,1105.763916015625,44.595458984375,10.0,Tree cover,True,True,False,False,True,3,"https://www.google.com/maps/@-1.04124608,122.5947959,250m/data=!3m1!1e3"
63992,SULAWESI TENGAH,KAB. BANGGAI,Nambo,-1.0248793,122.5993059,8868d8d989fffff,0.0,1.0,85.0,<500,5,KOPERASI KELURAHAN MERAH PUTIH NAMBO BOSAA,Nambo Bosaa,Tidak Ada Lahan,,1156.233642578125,47.19921875,10.0,Tree cover,True,True,False,False,True,3,"https://www.google.com/maps/@-1.0248793,122.5993059,250m/data=!3m1!1e3"
67052,SULAWESI TENGAH,KAB. BANGGAI,Nambo,-1.02085249,122.5955372,8868d8d9c3fffff,0.0,1.0,52.0,<500,5,KOPERASI DESA MERAH PUTIH SAYAMBONGIN KECAMATAN NAMBO,Sayambongin,Terverifikasi,BUSINESS ASSISTANCE,1208.491943359375,11.8740234375,10.0,Tree cover,True,True,False,False,True,3,"https://www.google.com/maps/@-1.02085249,122.5955372,250m/data=!3m1!1e3"
76210,SULAWESI TENGAH,KAB. BANGGAI,Bunta,-0.91496806,122.3683323,8868dea0a5fffff,0.0,1.0,576.0,500-2k,5,KOPERASI DESA MERAH PUTIH KOILI KECAMATAN BUNTA KABUPATEN BANGGAI,Koili,Tidak Ada Lahan,,0.0,0.0,10.0,Tree cover,True,True,False,False,True,3,"https://www.google.com/maps/@-0.91496806,122.3683323,250m/data=!3m1!1e3"
48841,SULAWESI TENGAH,KAB. POSO,Lore Peore,-1.67486638,120.4624538,8868d22527fffff,0.0,1.0,8.0,<500,5,KOPERASI DESA MERAH PUTIH TALABOSA,Talabosa,Terverifikasi,Agrinas,2013.693359375,19.7821044921875,10.0,Tree cover,True,True,False,False,True,3,"https://www.google.com/maps/@-1.67486638,120.4624538,250m/data=!3m1!1e3"
36217,SULAWESI TENGAH,KAB. POSO,Pamona Utara,-1.64845731,120.8533125,8868d34751fffff,0.0,1.0,17.0,<500,5,KOPERASI DESA MERAH PUTIH PANJOKA,Panjoka,Terverifikasi,KOPERASI,1218.65087890625,46.2381591796875,10.0,Tree cover,True,True,False,False,True,3,"https://www.google.com/maps/@-1.64845731,120.8533125,250m/data=!3m1!1e3"
56388,SULAWESI TENGAH,KAB. MOROWALI UTARA,Lembo Raya,-2.26998168,121.1550147,88952dd9e7fffff,0.0,1.0,10.0,<500,5,KOPERASI DESA MERAH PUTIH LEMBOBELALA,Lembobelala,Terverifikasi,KOPERASI,946.32568359375,59.27490234375,10.0,Tree cover,True,True,False,False,True,3,"https://www.google.com/maps/@-2.26998168,121.1550147,250m/data=!3m1!1e3"
71835,JAMBI,KAB. MUARO JAMBI,Kumpeh,-1.46688668,104.144801,888c8831ebfffff,0.0,1.0,18.0,<500,5,KOPERASI DESA MERAH PUTIH JEBUS KECAMATAN KUMPEH,Jebus,Sedang Diverifikasi,KOPERASI,22.220434188842773,11.410408020019531,10.0,Tree cover,True,True,False,False,True,3,"https://www.google.com/maps/@-1.46688668,104.144801,250m/data=!3m1!1e3"
71844,JAMBI,KAB. MUARO JAMBI,Kumpeh,-1.49660976,104.1398774,888c883035fffff,0.0,1.0,13.0,<500,5,KOPERASI DESA MERAH PUTIH GEDONG KARYA,Gedong Karya,Terverifikasi,Agrinas,25.679460525512695,10.184442520141602,10.0,Tree cover,True,True,False,False,True,3,"https://www.google.com/maps/@-1.49660976,104.1398774,250m/data=!3m1!1e3"
71880,JAMBI,KAB. MUARO JAMBI,Kumpeh,-1.53686824,104.0458522,888c88354bfffff,0.0,1.0,170.0,<500,5,KOPERASI DESA MERAH PUTIH SUNGAI BUNGUR,Sungai Bungur,Sedang Diverifikasi,BUSINESS ASSISTANCE,7.680253028869629,6.63228702545166,10.0,Tree cover,True,True,False,False,True,3,"https://www.google.com/maps/@-1.53686824,104.0458522,250m/data=!3m1!1e3"
71895,JAMBI,KAB. MUARO JAMBI,Kumpeh,-1.60627347,104.173348,888c883259fffff,0.0,1.0,28.0,<500,5,KOPERASI DESA MERAH PUTIH SOGO KECAMATAN KUMPEH,Sogo,Sedang Diverifikasi,BUSINESS ASSISTANCE,28.607707977294922,5.607891082763672,10.0,Tree cover,True,True,False,False,True,3,"https://www.google.com/maps/@-1.60627347,104.173348,250m/data=!3m1!1e3"
86520,JAMBI,KAB. KERINCI,Keliling Danau,-2.27871115,101.3693814,888cd51b0dfffff,0.0,1.0,37.0,<500,5,KOPERASI DESA MERAH PUTIH KOTO TUO PULAU TENGAH,Kt Tuo P. Tengah,Tidak Ada Lahan,,1074.77490234375,54.6181640625,10.0,Tree cover,True,True,False,False,True,3,"https://www.google.com/maps/@-2.27871115,101.3693814,250m/data=!3m1!1e3"
80259,MALUKU UTARA,KAB. HALMAHERA UTARA,Tobelo,1.65900751,127.7837123,8873942637fffff,0.0,1.0,735.0,500-2k,5,KOPERASI DESA MERAH PUTIH WARI INO,Wari Ino,Tidak Ada Lahan,,580.3582153320312,30.4403076171875,10.0,Tree cover,True,True,False,False,True,3,"https://www.google.com/maps/@1.65900751,127.7837123,250m/data=!3m1!1e3"
79251,MALUKU UTARA,KAB. KEPULAUAN SULA,Mangoli Utara Timur,-1.82220482,126.4293894,88956029c1fffff,0.0,1.0,218.0,<500,5,KOPERASI DESA MERAH PUTIH WAISUM,,,,158.4109649658203,28.699478149414062,10.0,Tree cover,True,True,False,False,True,3,"https://www.google.com/maps/@-1.82220482,126.4293894,250m/data=!3m1!1e3"
28443,MALUKU UTARA,KOTA TIDORE KEPULAUAN,Oba Tengah,0.55628175,127.7075868,8873905511fffff,0.0,1.0,30.0,<500,5,KOPERASI KELURAHAN MERAH PUTIH AKELAMO,Akelamo,Terverifikasi,KOPERASI,818.177978515625,48.82452392578125,10.0,Tree cover,True,True,False,False,True,3,"https://www.google.com/maps/@0.55628175,127.7075868,250m/data=!3m1!1e3"
86984,PAPUA BARAT DAYA,KAB. MAYBRAT,Aifat Selatan,-1.54537947,132.5731482,8872b50557fffff,0.0,1.0,23.0,<500,5,KOPERASI DESA MERAH PUTIH SAME RAKATOR,Same Rakator,Sedang Diverifikasi,BUSINESS ASSISTANCE,184.2445068359375,31.478118896484375,10.0,Tree cover,True,True,False,False,True,3,"https://www.google.com/maps/@-1.54537947,132.5731482,250m/data=!3m1!1e3"
89227,PAPUA BARAT DAYA,KAB. MAYBRAT,Mare Selatan,-1.07107368,132.23532343,8872b58261fffff,0.0,1.0,884.0,500-2k,5,KOPERASI DESA MERAH PUTIH KAMPUNG SENI,,,,363.09967041015625,33.71240234375,10.0,Tree cover,True,True,False,False,True,3,"https://www.google.com/maps/@-1.07107368,132.23532343,250m/data=!3m1!1e3"
89794,PAPUA BARAT DAYA,KAB. MAYBRAT,Mare Selatan,-1.07525542,132.29807208,8872b582e9fffff,0.0,1.0,766.0,500-2k,5,KOPERASI DESA MERAH PUTIH OSSOM,,,,445.6046142578125,34.045989990234375,10.0,Tree cover,True,True,False,False,True,3,"https://www.google.com/maps/@-1.07525542,132.29807208,250m/data=!3m1!1e3"
88685,PAPUA BARAT DAYA,KAB. MAYBRAT,Aifat Timur Selatan,-1.81016132,132.58461134,8872b57721fffff,0.0,1.0,143.0,<500,5,KOPERASI DESA MERAH PUTIH KAMPUNG WARBA,Warba,Sedang Diverifikasi,KOPERASI,74.12468719482422,23.154701232910156,10.0,Tree cover,True,True,False,False,True,3,"https://www.google.com/maps/@-1.81016132,132.58461134,250m/data=!3m1!1e3"
89161,PAPUA BARAT DAYA,KAB. MAYBRAT,Aifat Timur Selatan,-1.71917096,132.5493047,8872b50dc5fffff,0.0,1.0,24.0,<500,5,KOPERASI DESA MERAH PUTIH KAMPUNG MAKIRI,Makiri,Sedang Diverifikasi,KOPERASI,77.15281677246094,18.20379638671875,10.0,Tree cover,True,True,False,False,True,3,"https://www.google.com/maps/@-1.71917096,132.5493047,250m/data=!3m1!1e3"
87509,PAPUA BARAT DAYA,KAB. MAYBRAT,Aifat Timur Tengah,-1.1705706,132.64168976,8872b5a341fffff,0.0,1.0,36.0,<500,5,KOPERASI DESA MERAH PUTIH KAMPUNG TIAM,Tiam,Sedang Diverifikasi,KOPERASI,610.21484375,44.96380615234375,10.0,Tree cover,True,True,False,False,True,3,"https://www.google.com/maps/@-1.1705706,132.64168976,250m/data=!3m1!1e3"
90197,PAPUA BARAT DAYA,KAB. MAYBRAT,Aifat Timur,-1.41932974,132.72709979,8872b53245fffff,0.0,1.0,508.0,500-2k,5,KOPERASI DESA MERAH PUTIH KAMPUNG AITREM,Aitrem,Sedang Diverifikasi,KOPERASI,134.5739288330078,29.53247833251953,10.0,Tree cover,True,True,False,False,True,3,"https://www.google.com/maps/@-1.41932974,132.72709979,250m/data=!3m1!1e3"
87306,PAPUA BARAT DAYA,KAB. SORONG,Makbon,-0.79915227,131.6293053,88739b0805fffff,0.0,1.0,882.0,500-2k,5,KOPERASI DESA MERAH PUTIH MALAUMKARTA,,,,107.55134582519531,15.370620727539062,10.0,Tree cover,True,True,False,False,True,3,"https://www.google.com/maps/@-0.79915227,131.6293053,250m/data=!3m1!1e3"
89043,PAPUA BARAT DAYA,KAB. SORONG,Sunook,-0.96398042,132.18071175,8872b59233fffff,0.0,1.0,570.0,500-2k,5,KOPERASI DESA MERAH PUTIH SULYA,,,,229.7972412109375,25.974929809570312,10.0,Tree cover,True,True,False,False,True,3,"https://www.google.com/maps/@-0.96398042,132.18071175,250m/data=!3m1!1e3"
88120,PAPUA BARAT DAYA,KAB. SORONG,Botain,-1.40517406,131.61543081,8872b4a0e3fffff,0.0,1.0,42.0,<500,5,KOPERASI DESA MERAH PUTIH SABAKE,Sabake,Tidak Ada Lahan,,22.365570068359375,25.07889747619629,95.0,Mangrove,True,True,False,False,True,3,"https://www.google.com/maps/@-1.40517406,131.61543081,250m/data=!3m1!1e3"
90024,PAPUA BARAT DAYA,KAB. SORONG,Klayili,-0.88392901,131.51018534,88739b5595fffff,0.0,1.0,583.0,500-2k,5,KOPERASI DESA MERAH PUTIH KWAKEIK,,,,84.91177368164062,11.639350891113281,10.0,Tree cover,True,True,False,False,True,3,"https://www.google.com/maps/@-0.88392901,131.51018534,250m/data=!3m1!1e3"
89993,PAPUA BARAT DAYA,KAB. SORONG,Maudus,-0.98993637,132.12050572,8872b59303fffff,0.0,1.0,359.0,<500,5,KOPERASI DESA MERAH PUTIH KAMUYAR,,,,175.85723876953125,14.759719848632812,10.0,Tree cover,True,True,False,False,True,3,"https://www.google.com/maps/@-0.98993637,132.12050572,250m/data=!3m1!1e3"
89889,PAPUA BARAT DAYA,KAB. SORONG,Salawati Selatan,-1.16522762,130.94654353,8872b49345fffff,0.0,1.0,155.0,<500,5,KOPERASI DESA MERAH PUTIH KOTLOL,,,,43.101715087890625,23.376590728759766,10.0,Tree cover,True,True,False,False,True,3,"https://www.google.com/maps/@-1.16522762,130.94654353,250m/data=!3m1!1e3"
86455,PAPUA BARAT DAYA,KAB. RAJA AMPAT,Salawati Tengah,-1.07572533,130.8953741,88739a2959fffff,0.0,1.0,60.0,<500,5,KOPERASI DESA MERAH PUTIH WAILABU,Wailabu,Sedang Diverifikasi,BUSINESS ASSISTANCE,57.32134246826172,31.246845245361328,10.0,Tree cover,True,True,False,False,True,3,"https://www.google.com/maps/@-1.07572533,130.8953741,250m/data=!3m1!1e3"
87734,PAPUA BARAT DAYA,KAB. RAJA AMPAT,Misool (Misool Utara),-1.74718723,130.10260988,88956912b1fffff,0.0,1.0,441.0,<500,5,KOPERASI DESA MERAH PUTIH ATKARI,,,,159.15225219726562,27.3975830078125,10.0,Tree cover,True,True,False,False,True,3,"https://www.google.com/maps/@-1.74718723,130.10260988,250m/data=!3m1!1e3"
92925,PAPUA BARAT DAYA,KAB. RAJA AMPAT,Waigeo Barat,-0.13313498,130.51971902,88739859cbfffff,0.0,1.0,11.0,<500,5,KOPERASI DESA MERAH PUTIH SALIO,Saleo,Tidak Ada Lahan,,224.09352111816406,50.5438232421875,10.0,Tree cover,True,True,False,False,True,3,"https://www.google.com/maps/@-0.13313498,130.51971902,250m/data=!3m1!1e3"
93711,PAPUA BARAT DAYA,KAB. RAJA AMPAT,Waigeo Barat,-0.24080831,130.55506538,8873984b23fffff,0.0,1.0,17.0,<500,5,KOPERASI DESA MERAH PUTIH KAMPUNG WAISILIP,Waisilip,Tidak Ada Lahan,,344.77972412109375,45.11895751953125,10.0,Tree cover,True,True,False,False,True,3,"https://www.google.com/maps/@-0.24080831,130.55506538,250m/data=!3m1!1e3"
93713,PAPUA BARAT DAYA,KAB. RAJA AMPAT,Waigeo Utara,-0.18024441,130.98350311,88739878c5fffff,0.0,1.0,25.0,<500,5,KOPERASI DESA MERAH PUTIH BONSAYOR,Bonsayor,Sedang Diverifikasi,BUSINESS ASSISTANCE,147.19468688964844,30.2589111328125,10.0,Tree cover,True,True,False,False,True,3,"https://www.google.com/maps/@-0.18024441,130.98350311,250m/data=!3m1!1e3"
88465,PAPUA BARAT DAYA,KAB. SORONG SELATAN,Kais Darat,-1.7720628,132.33869387,8872b50927fffff,0.0,1.0,823.0,500-2k,5,KOPERASI DESA MERAH PUTIH KAMPUNG MAKARORO,,,,29.471263885498047,16.806854248046875,10.0,Tree cover,True,True,False,False,True,3,"https://www.google.com/maps/@-1.7720628,132.33869387,250m/data=!3m1!1e3"
91244,PAPUA BARAT DAYA,KAB. SORONG SELATAN,Matemani,-2.00179059,132.22850042,8872b54f17fffff,0.0,1.0,997.0,500-2k,5,KOPERASI DESA MERAH PUTIH KAMPUNG BEDARE,,,,19.533132553100586,11.043987274169922,10.0,Tree cover,True,True,False,False,True,3,"https://www.google.com/maps/@-2.00179059,132.22850042,250m/data=!3m1!1e3"
39794,PAPUA TENGAH,KAB. NABIRE,Yaur,-3.40082938,134.9822326,88728046cdfffff,0.0,1.0,143.0,<500,5,KOPERASI DESA MERAH PUTIH KAMPUNG AKUDIOMI,Akudiomi,Tidak Ada Lahan,,234.07382202148438,51.480804443359375,10.0,Tree cover,True,True,False,False,True,3,"https://www.google.com/maps/@-3.40082938,134.9822326,250m/data=!3m1!1e3"
44798,PAPUA TENGAH,KAB. NABIRE,Siriwo,-3.08287272,136.2759852,8872810f09fffff,0.0,1.0,414.0,<500,5,KOPERASI DESA MERAH PUTIH KAMPUNG AIBORE,,,,51.40230178833008,13.749752044677734,10.0,Tree cover,True,True,False,False,True,3,"https://www.google.com/maps/@-3.08287272,136.2759852,250m/data=!3m1!1e3"
64914,KALIMANTAN SELATAN,KAB. TABALONG,Muara Uya,-1.52532829,115.6161039,88689c21d5fffff,0.0,1.0,56.0,<500,5,KOPERASI DESA MERAH PUTIH SALIKUNG,Salikung,Tidak Ada Lahan,,208.75619506835938,53.44677734375,10.0,Tree cover,True,True,False,False,True,3,"https://www.google.com/maps/@-1.52532829,115.6161039,250m/data=!3m1!1e3"
90460,PAPUA,KAB. JAYAPURA,Unurum Guay,-2.65288367,139.65010311,8872f246d3fffff,0.0,1.0,14.0,<500,5,KOPERASI DESA MERAH PUTIH GURYAD,Guryard,Sedang Diverifikasi,KEMENTERIAN KESEHATAN,281.6613464355469,57.029144287109375,10.0,Tree cover,True,True,False,False,True,3,"https://www.google.com/maps/@-2.65288367,139.65010311,250m/data=!3m1!1e3"
90341,PAPUA,KAB. WAROPEN,Soyoi Mambai,-2.42243957,136.5847688,887281b617fffff,0.0,1.0,293.0,<500,5,KOPERASI DESA MERAH PUTIH SINABO,Sinabo,Sedang Diverifikasi,BUSINESS ASSISTANCE,102.19763946533203,26.477279663085938,10.0,Tree cover,True,True,False,False,True,3,"https://www.google.com/maps/@-2.42243957,136.5847688,250m/data=!3m1!1e3"
89774,PAPUA,KAB. SARMI,Pantai Barat,-1.78699157,138.44060877,8872ab25d7fffff,0.0,1.0,882.0,500-2k,5,KOPERASI DESA MERAH PUTIH WEBRO,Webro,Sedang Diverifikasi,KOPERASI,17.43376922607422,8.134232521057129,10.0,Tree cover,True,True,False,False,True,3,"https://www.google.com/maps/@-1.78699157,138.44060877,250m/data=!3m1!1e3"
90731,PAPUA,KAB. SARMI,Tor Atas,-2.14127216,138.8991003,88728db5c1fffff,0.0,1.0,793.0,500-2k,5,KOPERASI DESA MERAH PUTIH KONDERJAN,,,,51.27287292480469,6.958896636962891,10.0,Tree cover,True,True,False,False,True,3,"https://www.google.com/maps/@-2.14127216,138.8991003,250m/data=!3m1!1e3"
90347,PAPUA,KAB. MAMBERAMO RAYA,Sawai,-1.83611427,137.2000974,8872aa34a1fffff,0.0,1.0,487.0,<500,5,KOPERASI DESA MERAH PUTIH RAPAMEREI,,,,21.853641510009766,17.81842803955078,10.0,Tree cover,True,True,False,False,True,3,"https://www.google.com/maps/@-1.83611427,137.2000974,250m/data=!3m1!1e3"
88798,PAPUA,KAB. MAMBERAMO RAYA,Mamberamo Hilir,-1.9206094,138.10077097,8872ab2b61fffff,0.0,1.0,61.0,<500,5,KOPERASI DESA MERAH PUTIH SUASESO,,,,40.985252380371094,19.79107666015625,10.0,Tree cover,True,True,False,False,True,3,"https://www.google.com/maps/@-1.9206094,138.10077097,250m/data=!3m1!1e3"
88936,PAPUA,KAB. MAMBERAMO RAYA,Waropen Atas,-2.23599528,136.86916113,8872aa629bfffff,0.0,1.0,678.0,500-2k,5,KOPERASI DESA MERAH PUTIH NADOFOAI,Nadofoai,Sedang Diverifikasi,KOPERASI,17.2723388671875,27.435216903686523,80.0,Water,True,True,False,False,True,3,"https://www.google.com/maps/@-2.23599528,136.86916113,250m/data=!3m1!1e3"
89589,PAPUA,KAB. MAMBERAMO RAYA,Waropen Atas,-2.24682226,137.22960568,88728c954dfffff,0.0,1.0,992.0,500-2k,5,KOPERASI DESA MERAH PUTIH BENSOR,Bensor,Sedang Diverifikasi,KOPERASI,69.95812225341797,51.171077728271484,10.0,Tree cover,True,True,False,False,True,3,"https://www.google.com/maps/@-2.24682226,137.22960568,250m/data=!3m1!1e3"
89062,PAPUA,KAB. MAMBERAMO RAYA,Mamberamo Tengah Timur,-2.81456896,137.93219181,88728c2709fffff,0.0,1.0,405.0,<500,5,KOPERASI DESA MERAH PUTIH OBOGOI,Obogoi,Sedang Diverifikasi,KOPERASI,121.8256607055664,21.891036987304688,10.0,Tree cover,True,True,False,False,True,3,"https://www.google.com/maps/@-2.81456896,137.93219181,250m/data=!3m1!1e3"
89441,PAPUA,KAB. MAMBERAMO RAYA,Mamberamo Tengah Timur,-2.71407739,137.6191219,88728c0695fffff,0.0,1.0,115.0,<500,5,KOPERASI DESA MERAH PUTIH WAKEYADI,,,,250.74847412109375,48.29747009277344,10.0,Tree cover,True,True,False,False,True,3,"https://www.google.com/maps/@-2.71407739,137.6191219,250m/data=!3m1!1e3"
89752,PAPUA,KAB. MAMBERAMO RAYA,Mamberamo Tengah Timur,-2.78844938,137.74298595,88728c3181fffff,0.0,1.0,160.0,<500,5,KOPERASI DESA MERAH PUTIH BIRI,,,,198.75453186035156,43.395477294921875,10.0,Tree cover,True,True,False,False,True,3,"https://www.google.com/maps/@-2.78844938,137.74298595,250m/data=!3m1!1e3"
84817,PAPUA BARAT,KAB. TELUK BINTUNI,Wamesa,-2.16657355,134.0162286,887284c731fffff,0.0,1.0,3.0,<500,5,KOPERASI DESA MERAH PUTIH YAKATI,,,,75.72216033935547,39.23345184326172,10.0,Tree cover,True,True,False,False,True,3,"https://www.google.com/maps/@-2.16657355,134.0162286,250m/data=!3m1!1e3"
91486,PAPUA BARAT,KAB. TELUK BINTUNI,Tembuni,-2.05629805,133.28450961,8872b1ba55fffff,0.0,1.0,12.0,<500,5,KOPERASI DESA MERAH PUTIH TEMBUNI,,,,26.336532592773438,9.598369598388672,10.0,Tree cover,True,True,False,False,True,3,"https://www.google.com/maps/@-2.05629805,133.28450961,250m/data=!3m1!1e3"
71833,PAPUA BARAT,KAB. TELUK BINTUNI,Manimeri,-1.94416743,133.8786248,8872a26dd5fffff,0.0,1.0,343.0,<500,5,KOPERASI DESA MERAH PUTIH KORANO JAYA,Korano Jaya,Terverifikasi,KOPERASI,202.13623046875,17.517242431640625,10.0,Tree cover,True,True,False,False,True,3,"https://www.google.com/maps/@-1.94416743,133.8786248,250m/data=!3m1!1e3"
93447,PAPUA BARAT,KAB. TELUK BINTUNI,Kuri,-2.80375843,134.16956719,8872844dadfffff,0.0,1.0,83.0,<500,5,KOPERASI KELURAHAN MERAH PUTIH OBO,Obo,Tidak Ada Lahan,,190.05516052246094,12.17608642578125,10.0,Tree cover,True,True,False,False,True,3,"https://www.google.com/maps/@-2.80375843,134.16956719,250m/data=!3m1!1e3"
78394,PAPUA BARAT,KAB. TELUK BINTUNI,Aroba,-2.87108209,133.278888,8872b16149fffff,0.0,1.0,65.0,<500,5,KOPERASI DESA MERAH PUTIH AROBA,Aroba,Sedang Diverifikasi,KOPERASI,92.06968688964844,12.055839538574219,10.0,Tree cover,True,True,False,False,True,3,"https://www.google.com/maps/@-2.87108209,133.278888,250m/data=!3m1!1e3"
84026,PAPUA BARAT,KAB. TELUK BINTUNI,Dataran Beimes,-1.79640886,133.7064321,8872a2615dfffff,0.0,1.0,21.0,<500,5,KOPERASI KELURAHAN MERAH PUTIH UGDOHOP,,,,438.6777648925781,38.22149658203125,10.0,Tree cover,True,True,False,False,True,3,"https://www.google.com/maps/@-1.79640886,133.7064321,250m/data=!3m1!1e3"
93571,PAPUA BARAT,KAB. TELUK BINTUNI,Dataran Beimes,-1.61646818,133.57065413,8872a27309fffff,0.0,1.0,585.0,500-2k,5,KOPERASI KELURAHAN MERAH PUTIH HUSS,,,,220.96055603027344,23.173385620117188,10.0,Tree cover,True,True,False,False,True,3,"https://www.google.com/maps/@-1.61646818,133.57065413,250m/data=!3m1!1e3"
83870,PAPUA BARAT,KAB. TELUK BINTUNI,Kamundan,-2.08706057,132.7277092,8872b56c17fffff,0.0,1.0,20.0,<500,5,KOPERASI DESA MERAH PUTIH KENARA,,,,11.643967628479004,4.01632022857666,10.0,Tree cover,True,True,False,False,True,3,"https://www.google.com/maps/@-2.08706057,132.7277092,250m/data=!3m1!1e3"
91753,PAPUA BARAT,KAB. TELUK BINTUNI,Kamundan,-2.22612459,132.7469849,8872b1d723fffff,0.0,1.0,901.0,500-2k,5,KOPERASI DESA MERAH PUTIH KALITAMI I,,,,15.816322326660156,6.815871238708496,10.0,Tree cover,True,True,False,False,True,3,"https://www.google.com/maps/@-2.22612459,132.7469849,250m/data=!3m1!1e3"
85739,PAPUA BARAT,KAB. TELUK BINTUNI,Moskona Utara,-1.48873725,133.0372911,8872a2c963fffff,0.0,1.0,99.0,<500,5,KOPERASI DESA MERAH PUTIH MOSUM,Mosum,Tidak Ada Lahan,,571.5960693359375,47.00726318359375,10.0,Tree cover,True,True,False,False,True,3,"https://www.google.com/maps/@-1.48873725,133.0372911,250m/data=!3m1!1e3"
89109,PAPUA BARAT,KAB. TELUK BINTUNI,Moskona Utara,-1.42046433,132.97224448,8872b53687fffff,0.0,1.0,473.0,<500,5,KOPERASI DESA MERAH PUTIH MOYEBA,Moyeba,Sedang Diverifikasi,KOPERASI,829.1798095703125,28.039306640625,10.0,Tree cover,True,True,False,False,True,3,"https://www.google.com/maps/@-1.42046433,132.97224448,250m/data=!3m1!1e3"
93570,PAPUA BARAT,KAB. TELUK BINTUNI,Aranday,-2.02680103,133.13192225,8872b18549fffff,0.0,1.0,188.0,<500,5,KOPERASI DESA MERAH PUTIH KAMPUNG BARU ARANDAY,Kampung Baru,Tidak Ada Lahan,,22.466962814331055,4.18684196472168,10.0,Tree cover,True,True,False,False,True,3,"https://www.google.com/maps/@-2.02680103,133.13192225,250m/data=!3m1!1e3"
88535,PAPUA BARAT,KAB. TELUK BINTUNI,Merdey,-1.69615408,133.31611795,8872a24003fffff,0.0,1.0,78.0,<500,5,KOPERASI DESA MERAH PUTIH MERDEY,,,,198.7565155029297,52.62791442871094,10.0,Tree cover,True,True,False,False,True,3,"https://www.google.com/maps/@-1.69615408,133.31611795,250m/data=!3m1!1e3"
91563,PAPUA BARAT,KAB. TELUK BINTUNI,Merdey,-1.46671398,133.31694787,8872a2cd93fffff,0.0,1.0,330.0,<500,5,KOPERASI DESA MERAH PUTIH MOGROMUS,,,,676.6031494140625,57.3702392578125,10.0,Tree cover,True,True,False,False,True,3,"https://www.google.com/maps/@-1.46671398,133.31694787,250m/data=!3m1!1e3"
89828,PAPUA BARAT,KAB. TELUK BINTUNI,Weriagar,-2.01267619,132.83290401,8872b19a29fffff,0.0,1.0,9.0,<500,5,KOPERASI DESA MERAH PUTIH WERIAGAR UTARA,Weriagar Utara,Sedang Diverifikasi,KOPERASI,16.937435150146484,3.353517532348633,10.0,Tree cover,True,True,False,False,True,3,"https://www.google.com/maps/@-2.01267619,132.83290401,250m/data=!3m1!1e3"
91028,PAPUA BARAT,KAB. TELUK WONDAMA,Naikere,-3.16104625,134.46339391,887280d917fffff,0.0,1.0,794.0,500-2k,5,KOPERASI DESA MERAH PUTIH SARARTI,,,,149.6196746826172,22.816452026367188,10.0,Tree cover,True,True,False,False,True,3,"https://www.google.com/maps/@-3.16104625,134.46339391,250m/data=!3m1!1e3"
83324,PAPUA BARAT,KAB. FAK FAK,Fakfak Timur Tengah,-2.89646638,132.53120098,8872b02d21fffff,0.0,1.0,21.0,<500,5,KOPERASI DESA MERAH PUTIH WAYATI BARAT,,,,975.0040893554688,57.98577880859375,10.0,Tree cover,True,True,False,False,True,3,"https://www.google.com/maps/@-2.89646638,132.53120098,250m/data=!3m1!1e3"
84941,PAPUA BARAT,KAB. FAK FAK,Fakfak Timur Tengah,-2.96662216,132.6020079,8872b3972dfffff,0.0,1.0,10.0,<500,5,KOPERASI DESA MERAH PUTIH WAMBAR TIMUR,,,,757.3554077148438,32.12982177734375,10.0,Tree cover,True,True,False,False,True,3,"https://www.google.com/maps/@-2.96662216,132.6020079,250m/data=!3m1!1e3"
88866,PAPUA BARAT,KAB. KAIMANA,Kaimana,-3.54000948,134.02876091,8872860de5fffff,0.0,1.0,648.0,500-2k,5,KOPERASI DESA MERAH PUTIH WERUA,,,,702.2764282226562,36.351806640625,10.0,Tree cover,True,True,False,False,True,3,"https://www.google.com/maps/@-3.54000948,134.02876091,250m/data=!3m1!1e3"
89295,PAPUA BARAT,KAB. KAIMANA,Buruway,-3.70577729,133.33142106,8872b32c51fffff,0.0,1.0,574.0,500-2k,5,KOPERASI DESA MERAH PUTIH YARONA,,,,33.698333740234375,16.07689666748047,10.0,Tree cover,True,True,False,False,True,3,"https://www.google.com/maps/@-3.70577729,133.33142106,250m/data=!3m1!1e3"
64528,BENGKULU,KAB. BENGKULU UTARA,Napal Putih,-3.02281743,101.975348,888cf30127fffff,0.0,2.0,352.0,<500,5,KOPERASI DESA MERAH PUTIH LEBONG TANDAI,Lebong Tandai,Sedang Diverifikasi,KOPERASI,407.8460388183594,42.105712890625,10.0,Tree cover,True,True,False,False,True,3,"https://www.google.com/maps/@-3.02281743,101.975348,250m/data=!3m1!1e3"
33296,KALIMANTAN BARAT,KAB. KETAPANG,Kendawangan,-2.8243994,110.4237834,888cb5ca85fffff,0.0,2.0,72.0,<500,5,KOPERASI DESA MERAH PUTIH PEMBEDILAN,Pembedilan,Terverifikasi,Agrinas,15.666912078857422,11.547298431396484,10.0,Tree cover,True,True,False,False,True,3,"https://www.google.com/maps/@-2.8243994,110.4237834,250m/data=!3m1!1e3"
71242,KALIMANTAN BARAT,KAB. KETAPANG,Jelai Hulu,-1.79262472,110.8811859,888cb0d9c1fffff,0.0,2.0,423.0,<500,5,KOPERASI DESA MERAH PUTIH LIMPANG KECAMATAN JELAI HULU,Limpang,Tidak Ada Lahan,,103.13953399658203,15.771072387695312,10.0,Tree cover,True,True,False,False,True,3,"https://www.google.com/maps/@-1.79262472,110.8811859,250m/data=!3m1!1e3"
16196,KALIMANTAN BARAT,KAB. KETAPANG,Simpang Dua,-0.78328744,110.1701752,888cb22767fffff,0.0,2.0,289.0,<500,5,KOPERASI DESA MERAH PUTIH KAMPAR SEBOMBAN,Kampar Sebomban,Tidak Ada Lahan,,30.752452850341797,11.144716262817383,10.0,Tree cover,True,True,False,False,True,3,"https://www.google.com/maps/@-0.78328744,110.1701752,250m/data=!3m1!1e3"
17154,KALIMANTAN BARAT,KAB. KAPUAS HULU,Embaloh Hulu,1.20225414,112.6677739,8868b56ec7fffff,0.0,2.0,723.0,500-2k,5,KOPERASI DESA MERAH PUTIH RANTAU PRAPAT,Rantau Prapat,Terverifikasi,Agrinas,262.0422668457031,57.67808532714844,10.0,Tree cover,True,True,False,False,True,3,"https://www.google.com/maps/@1.20225414,112.6677739,250m/data=!3m1!1e3"
83957,KALIMANTAN BARAT,KAB. KAPUAS HULU,Badau,0.9266586,112.0208323,8868b08531fffff,0.0,2.0,688.0,500-2k,5,KOPERASI DESA MERAH PUTIH PULAU MAJANG,Pulau Majang,Sedang Diverifikasi,KOPERASI,17.5,3.0612354278564453,80.0,Water,True,True,False,False,True,3,"https://www.google.com/maps/@0.9266586,112.0208323,250m/data=!3m1!1e3"
24949,KALIMANTAN BARAT,KAB. SINTANG,Ambalau,-0.46062791,112.899585,8868b37099fffff,0.0,2.0,55.0,<500,5,KOPERASI DESA MERAH PUTIH BUNTUT SABON,,,,0.0,0.0,10.0,Tree cover,True,True,False,False,True,3,"https://www.google.com/maps/@-0.46062791,112.899585,250m/data=!3m1!1e3"
28638,KALIMANTAN BARAT,KAB. SINTANG,Ambalau,-0.28537921,113.1235545,8868b32147fffff,0.0,2.0,77.0,<500,5,KOPERASI DESA MERAH PUTIH NANGA PAHANGAN,,,,0.0,0.0,10.0,Tree cover,True,True,False,False,True,3,"https://www.google.com/maps/@-0.28537921,113.1235545,250m/data=!3m1!1e3"
60387,KALIMANTAN BARAT,KAB. MELAWI,Menukung,-0.25858512,112.2872119,8868b3ca4bfffff,0.0,2.0,929.0,500-2k,5,KOPERASI DESA MERAH PUTIH TANJUNG BERINGIN KECAMATAN MENUKUNG KABUPATEN MELAWI,,,,0.0,0.0,10.0,Tree cover,True,True,False,False,True,3,"https://www.google.com/maps/@-0.25858512,112.2872119,250m/data=!3m1!1e3"
8374,LAMPUNG,KAB. PESISIR BARAT,Pesisir Selatan,-5.21961375,104.1376606,888c1a7745fffff,0.0,2.0,541.0,500-2k,5,KOPERASI DESA MERAH PUTIH SUMUR JAYA KECAMATAN PESISIR SELATAN KABUPATEN PESISIR BARAT,,,,444.1406555175781,27.7960205078125,10.0,Tree cover,True,True,False,False,True,3,"https://www.google.com/maps/@-5.21961375,104.1376606,250m/data=!3m1!1e3"
15796,GORONTALO,KAB. POHUWATO,Popayato Timur,0.7115815,121.5009786,8868c21b47fffff,0.0,2.0,145.0,<500,5,KOPERASI DESA MERAH PUTIH KELAPA LIMA KECAMATAN POPAYATO TIMUR,Kelapa Lima,Sedang Diverifikasi,KOPERASI,585.974609375,57.5081787109375,10.0,Tree cover,True,True,False,False,True,3,"https://www.google.com/maps/@0.7115815,121.5009786,250m/data=!3m1!1e3"
31555,GORONTALO,KAB. POHUWATO,Popayato Barat,0.72872669,121.3622431,8868c2c197fffff,0.0,2.0,488.0,<500,5,KOPERASI DESA MERAH PUTIH BUTUNGALE,Butungale,Sedang Diverifikasi,BUSINESS ASSISTANCE,714.0980224609375,45.0167236328125,10.0,Tree cover,True,True,False,False,True,3,"https://www.google.com/maps/@0.72872669,121.3622431,250m/data=!3m1!1e3"
34076,SUMATERA UTARA,KAB. MANDAILING NATAL,Muara Batang Gadis,0.92816311,99.30193774,8865298a05fffff,0.0,2.0,46.0,<500,5,KOPERASI DESA MERAH PUTIH RANTAU PANJANG KECAMATAN MUARA BATANG GADIS,Rantau Panjang,Tidak Ada Lahan,,453.5523681640625,48.5751953125,10.0,Tree cover,True,True,False,False,True,3,"https://www.google.com/maps/@0.92816311,99.30193774,250m/data=!3m1!1e3"
87396,SUMATERA UTARA,KAB. NIAS SELATAN,Pulau-Pulau Batu Timur,0.12359211,98.80050025,888cda0325fffff,0.0,2.0,778.0,500-2k,5,KOPERASI DESA MERAH PUTIH LABUHAN BAZAU,,,,45.688262939453125,13.539478302001953,10.0,Tree cover,True,True,False,False,True,3,"https://www.google.com/maps/@0.12359211,98.80050025,250m/data=!3m1!1e3"
87472,SUMATERA UTARA,KAB. NIAS SELATAN,Pulau-Pulau Batu Timur,0.11259705,98.60447464,888cda0501fffff,0.0,2.0,808.0,500-2k,5,KOPERASI DESA MERAH PUTIH LABUAN RIMA,,,,31.53373146057129,21.590566635131836,10.0,Tree cover,True,True,False,False,True,3,"https://www.google.com/maps/@0.11259705,98.60447464,250m/data=!3m1!1e3"
44619,KALIMANTAN TIMUR,KAB. KUTAI TIMUR,Bengalon,0.92421963,117.5693372,88688dcd03fffff,0.0,2.0,132.0,<500,5,KOPERASI DESA MERAH PUTIH KERAITAN,Keraitan,Terverifikasi,Agrinas,50.39772033691406,12.577056884765625,10.0,Tree cover,True,True,False,False,True,3,"https://www.google.com/maps/@0.92421963,117.5693372,250m/data=!3m1!1e3"
79571,KALIMANTAN TIMUR,KAB. KUTAI TIMUR,Sandaran,0.88186483,118.5919959,8868f258dbfffff,0.0,2.0,251.0,<500,5,KOPERASI DESA MERAH PUTIH MANUBAR,,,,72.91487121582031,33.95162582397461,10.0,Tree cover,True,True,False,False,True,3,"https://www.google.com/maps/@0.88186483,118.5919959,250m/data=!3m1!1e3"
80758,KALIMANTAN TIMUR,KAB. KUTAI TIMUR,Sandaran,1.08837907,118.2959005,88688d3559fffff,0.0,2.0,154.0,<500,5,KOPERASI DESA MERAH PUTIH SUSUK DALAM,Susuk Dalam,Sedang Diverifikasi,KOPERASI,210.01805114746094,24.246795654296875,10.0,Tree cover,True,True,False,False,True,3,"https://www.google.com/maps/@1.08837907,118.2959005,250m/data=!3m1!1e3"
14874,KALIMANTAN TIMUR,KAB. KUTAI KARTANEGARA,Tabang,0.71105376,115.6630236,886881c4c9fffff,0.0,2.0,28.0,<500,5,KOPERASI DESA MERAH PUTIH MUARA KEBAQ,,,,281.89007568359375,52.7685546875,10.0,Tree cover,True,True,False,False,True,3,"https://www.google.com/maps/@0.71105376,115.6630236,250m/data=!3m1!1e3"
17152,KALIMANTAN TIMUR,KAB. KUTAI BARAT,Nyuatan,-0.35652675,115.4015936,8868831101fffff,0.0,2.0,132.0,<500,5,KOPERASI DESA MERAH PUTIH SEMBUAN,,,,0.0,0.0,10.0,Tree cover,True,True,False,False,True,3,"https://www.google.com/maps/@-0.35652675,115.4015936,250m/data=!3m1!1e3"
82081,KALIMANTAN TIMUR,KAB. MAHAKAM ULU,Long Hubung,0.2307031,115.6247049,88688141e9fffff,0.0,2.0,604.0,500-2k,5,KOPERASI DESA MERAH PUTIH LUTAN,Lutan,Sedang Diverifikasi,BUSINESS ASSISTANCE,82.82869720458984,27.371387481689453,10.0,Tree cover,True,True,False,False,True,3,"https://www.google.com/maps/@0.2307031,115.6247049,250m/data=!3m1!1e3"
82059,KALIMANTAN TIMUR,KAB. MAHAKAM ULU,Laham,-0.02765446,115.1945404,8868839a4dfffff,0.0,2.0,29.0,<500,5,KOPERASI DESA MERAH PUTIH NYARIBUNGAN,Nyaribungan,Sedang Diverifikasi,KEMENTERIAN KESEHATAN,0.0,0.0,10.0,Tree cover,True,True,False,False,True,3,"https://www.google.com/maps/@-0.02765446,115.1945404,250m/data=!3m1!1e3"
44911,SULAWESI SELATAN,KAB. TORAJA UTARA,Baruppu,-2.78956502,119.7040138,88952172d3fffff,0.0,2.0,472.0,<500,5,KOPERASI DESA MERAH PUTIH BARUPPU BENTENG BATU,Baruppu Benteng Batu,Tidak Ada Lahan,,2242.820068359375,35.530029296875,10.0,Tree cover,True,True,False,False,True,3,"https://www.google.com/maps/@-2.78956502,119.7040138,250m/data=!3m1!1e3"
43462,RIAU,KAB. INDRAGIRI HULU,Kuala Cenaku,-0.04004658,102.7041821,886525a847fffff,0.0,2.0,124.0,<500,5,KOPERASI DESA MERAH PUTIH TANJUNG SARI KECAMATAN KUALA CENAKU,Tanjung Sari,Terverifikasi,KOPERASI,0.0,0.0,10.0,Tree cover,True,True,False,False,True,3,"https://www.google.com/maps/@-0.04004658,102.7041821,250m/data=!3m1!1e3"
44604,RIAU,KAB. INDRAGIRI HULU,Rengat,-0.14822082,102.5787972,886525ae4dfffff,0.0,2.0,92.0,<500,5,KOPERASI DESA MERAH PUTIH RANTAU MAPESAI KECAMATAN RENGAT,Rantau Mapesai,Terverifikasi,KOPERASI,0.0,0.0,10.0,Tree cover,True,True,False,False,True,3,"https://www.google.com/maps/@-0.14822082,102.5787972,250m/data=!3m1!1e3"
61361,KALIMANTAN TENGAH,KAB. KOTAWARINGIN TIMUR,Cempaga,-2.30935919,113.1166906,88689044d9fffff,0.0,2.0,357.0,<500,5,KOPERASI DESA MERAH PUTIH CEMPAKA MULIA TIMUR,Cempaka Mulia Timur,Terverifikasi,BUSINESS ASSISTANCE,23.100757598876953,3.4862899780273438,10.0,Tree cover,True,True,False,False,True,3,"https://www.google.com/maps/@-2.30935919,113.1166906,250m/data=!3m1!1e3"
24569,KALIMANTAN TENGAH,KAB. MURUNG RAYA,Murung,-0.7932338,114.452916,8868820a1dfffff,0.0,2.0,961.0,500-2k,5,KOPERASI DESA MERAH PUTIH BATU PUTIH KECAMATAN MURUNG,Batu Putih,Sedang Diverifikasi,BUSINESS ASSISTANCE,0.0,0.0,10.0,Tree cover,True,True,False,False,True,3,"https://www.google.com/maps/@-0.7932338,114.452916,250m/data=!3m1!1e3"
55472,KALIMANTAN TENGAH,KAB. BARITO UTARA,Gunung Purei,-1.1996106,115.7417847,88689dd881fffff,0.0,2.0,32.0,<500,5,KOPERASI DESA MERAH PUTIH BAOK KECAMATAN GUNUNG PUREI,Baok,Tidak Ada Lahan,,251.3182830810547,50.70866394042969,10.0,Tree cover,True,True,False,False,True,3,"https://www.google.com/maps/@-1.1996106,115.7417847,250m/data=!3m1!1e3"
74166,KALIMANTAN TENGAH,KAB. BARITO UTARA,Lahei,-0.82261836,115.1574543,8868835835fffff,0.0,2.0,867.0,500-2k,5,KOPERASI DESA MERAH PUTIH MUARA INU,Muara Inu,Sedang Diverifikasi,Agrinas,0.0,0.0,10.0,Tree cover,True,True,False,False,True,3,"https://www.google.com/maps/@-0.82261836,115.1574543,250m/data=!3m1!1e3"
86899,KALIMANTAN TENGAH,KAB. SERUYAN,Seruyan Hulu,-1.04308576,112.0737442,886894d639fffff,0.0,2.0,927.0,500-2k,5,KOPERASI DESA MERAH PUTIH TUMBANG KASAI,,,,154.88760375976562,16.462554931640625,10.0,Tree cover,True,True,False,False,True,3,"https://www.google.com/maps/@-1.04308576,112.0737442,250m/data=!3m1!1e3"
79876,KALIMANTAN TENGAH,KAB. SERUYAN,Suling Tambun,-1.38561616,111.7605142,888cb65209fffff,0.0,2.0,939.0,500-2k,5,KOPERASI DESA MERAH PUTIH TANJUNG TUKAL,Tanjung Tukal,Tidak Ada Lahan,,294.7275390625,49.764495849609375,10.0,Tree cover,True,True,False,False,True,3,"https://www.google.com/maps/@-1.38561616,111.7605142,250m/data=!3m1!1e3"
29053,KALIMANTAN TENGAH,KAB. PULANG PISAU,Jabiren Raya,-2.32405747,114.1749632,886893b5dbfffff,0.0,2.0,419.0,<500,5,KOPERASI DESA MERAH PUTIH TUMBANG NUSA KECAMATAN JABIREN RAYA,Tumbang Nusa,Sedang Diverifikasi,BUSINESS ASSISTANCE,20.624849319458008,4.859096527099609,10.0,Tree cover,True,True,False,False,True,3,"https://www.google.com/maps/@-2.32405747,114.1749632,250m/data=!3m1!1e3"
29257,KALIMANTAN TENGAH,KAB. PULANG PISAU,Jabiren Raya,-2.42782421,114.2269254,886893a42dfffff,0.0,2.0,538.0,500-2k,5,KOPERASI DESA MERAH PUTIH DESA PILANG KECAMATAN JABIREN RAYA,Pilang,Sedang Diverifikasi,BUSINESS ASSISTANCE,5.523251533508301,9.729352951049805,10.0,Tree cover,True,True,False,False,True,3,"https://www.google.com/maps/@-2.42782421,114.2269254,250m/data=!3m1!1e3"
48855,KALIMANTAN TENGAH,KAB. KOTAWARINGIN BARAT,Kotawaringin Lama,-2.61121982,111.402499,888cb4c0a3fffff,0.0,2.0,680.0,500-2k,5,KOPERASI DESA MERAH PUTIH BABUAL BABOTI,Babual Baboti,Terverifikasi,BUSINESS ASSISTANCE,16.08430290222168,12.065428733825684,10.0,Tree cover,True,True,False,False,True,3,"https://www.google.com/maps/@-2.61121982,111.402499,250m/data=!3m1!1e3"
85888,KALIMANTAN TENGAH,KAB. BARITO SELATAN,Karau Kuala,-1.80222191,114.6811174,8868912521fffff,0.0,2.0,54.0,<500,5,KOPERASI DESA MERAH PUTIH TELUK SAMPUDAU TAMPIJAK,,,,30.16946792602539,7.019365310668945,10.0,Tree cover,True,True,False,False,True,3,"https://www.google.com/maps/@-1.80222191,114.6811174,250m/data=!3m1!1e3"
53924,ACEH,KAB. ACEH TIMUR,Peunaron,4.6650416,97.52721085,886556d363fffff,0.0,2.0,801.0,500-2k,5,KOPERASI DESA MERAH PUTIH SYARIAH GAMPONG ARUL PINANG,,,,152.80633544921875,47.47113037109375,10.0,Tree cover,True,True,False,False,True,3,"https://www.google.com/maps/@4.6650416,97.52721085,250m/data=!3m1!1e3"
85427,ACEH,KAB. ACEH TIMUR,Peunaron,4.6650416,97.52721085,886556d363fffff,0.0,2.0,801.0,500-2k,5,KOPERASI DESA MERAH PUTIH SYARIAH GAMPONG ARUL PINANG,,,,152.80633544921875,47.47113037109375,10.0,Tree cover,True,True,False,False,True,3,"https://www.google.com/maps/@4.6650416,97.52721085,250m/data=!3m1!1e3"
12503,KALIMANTAN UTARA,KAB. MALINAU,Malinau Selatan Hilir,3.21780767,116.6018601,8868ad4987fffff,0.0,2.0,164.0,<500,5,KOPERASI DESA MERAH PUTIH PUNAN GONG SOLOK,Punan Gong Solok,Sedang Diverifikasi,KOPERASI,141.53903198242188,24.167808532714844,10.0,Tree cover,True,True,False,False,True,3,"https://www.google.com/maps/@3.21780767,116.6018601,250m/data=!3m1!1e3"
22325,KALIMANTAN UTARA,KAB. MALINAU,Bahau Hulu,3.2433657,115.7241913,8868ac462bfffff,0.0,2.0,12.0,<500,5,KOPERASI DESA MERAH PUTIH APAU PING,,,,811.0576171875,47.15380859375,10.0,Tree cover,True,True,False,False,True,3,"https://www.google.com/maps/@3.2433657,115.7241913,250m/data=!3m1!1e3"
84771,MALUKU,KAB. MALUKU TENGAH,Amahai,-3.24234419,129.2982035,88956a24b1fffff,0.0,2.0,33.0,<500,5,KOPERASI DESA MERAH PUTIH TAMILOUW,Tamilouw,Terverifikasi,KOPERASI,848.3622436523438,39.60968017578125,10.0,Tree cover,True,True,False,False,True,3,"https://www.google.com/maps/@-3.24234419,129.2982035,250m/data=!3m1!1e3"
48468,MALUKU,KAB. MALUKU TENGGARA,Kei Kecil Barat,-5.89946631,132.5271475,8872962dcbfffff,0.0,2.0,714.0,500-2k,5,KOPERASI DESA MERAH PUTIH UR PULAU,Ur Pulau,Tidak Ada Lahan,,21.09992790222168,7.003259658813477,10.0,Tree cover,True,True,False,False,True,3,"https://www.google.com/maps/@-5.89946631,132.5271475,250m/data=!3m1!1e3"
37701,MALUKU,KAB. KEPULAUAN TANIMBAR,Wertamrian,-7.69493226,131.406003,8894600691fffff,0.0,2.0,877.0,500-2k,5,KOPERASI DESA MERAH PUTIH SANGLIAT KRAWAIN,Sangliat Krawain,Terverifikasi,Agrinas,76.91851043701172,29.446395874023438,10.0,Tree cover,True,True,False,False,True,3,"https://www.google.com/maps/@-7.69493226,131.406003,250m/data=!3m1!1e3"
53825,MALUKU,KAB. KEPULAUAN TANIMBAR,Nirunmas,-7.49925187,131.5326508,889460ae47fffff,0.0,2.0,238.0,<500,5,KOPERASI DESA MERAH PUTIH TUTUKEMBONG,Tutukembong,Terverifikasi,Agrinas,125.18441772460938,28.599205017089844,10.0,Tree cover,True,True,False,False,True,3,"https://www.google.com/maps/@-7.49925187,131.5326508,250m/data=!3m1!1e3"
38139,MALUKU,KAB. KEPULAUAN ARU,Pulau-Pulau Aru,-5.74199554,134.37315,887291614bfffff,0.0,2.0,585.0,500-2k,5,KOPERASI DESA MERAH PUTIH JABULENGA,Jabulenga,Terverifikasi,KOPERASI,40.52669906616211,12.534378051757812,10.0,Tree cover,True,True,False,False,True,3,"https://www.google.com/maps/@-5.74199554,134.37315,250m/data=!3m1!1e3"
31293,MALUKU,KAB. KEPULAUAN ARU,Aru Tengah Timur,-6.31394502,134.6676176,88729ecd33fffff,0.0,2.0,752.0,500-2k,5,KOPERASI DESA MERAH PUTIH KAIWABAR,,,,30.915266036987305,8.372308731079102,10.0,Tree cover,True,True,False,False,True,3,"https://www.google.com/maps/@-6.31394502,134.6676176,250m/data=!3m1!1e3"
38861,MALUKU,KAB. KEPULAUAN ARU,Aru Tengah,-6.50505958,134.7012512,88729e404dfffff,0.0,2.0,425.0,<500,5,KOPERASI DESA MERAH PUTIH KOBA DANGAR,Kobadangar,Sedang Diverifikasi,KOPERASI,23.459705352783203,10.724411010742188,10.0,Tree cover,True,True,False,False,True,3,"https://www.google.com/maps/@-6.50505958,134.7012512,250m/data=!3m1!1e3"
21149,MALUKU,KAB. KEPULAUAN ARU,Aru Selatan Timur,-6.6734098,134.4029938,88946d9299fffff,0.0,2.0,784.0,500-2k,5,KOPERASI DESA MERAH PUTIH JORANG,Jorang,Sedang Diverifikasi,KOPERASI,8.617990493774414,12.389690399169922,80.0,Water,True,True,False,False,True,3,"https://www.google.com/maps/@-6.6734098,134.4029938,250m/data=!3m1!1e3"
83318,MALUKU,KAB. SERAM BAGIAN TIMUR,Kilmury,-3.62643261,130.6280202,88954db98dfffff,0.0,2.0,25.0,<500,5,KOPERASI DESA MERAH PUTIH NEGERI ADMINISTRATIF NEKAN,Nekan,Sedang Diverifikasi,KOPERASI,265.21588134765625,50.526153564453125,10.0,Tree cover,True,True,False,False,True,3,"https://www.google.com/maps/@-3.62643261,130.6280202,250m/data=!3m1!1e3"
84431,MALUKU,KAB. SERAM BAGIAN TIMUR,Kilmury,-3.58469682,130.5876142,88954db867fffff,0.0,2.0,40.0,<500,5,KOPERASI DESA MERAH PUTIH NEGERI ADMINISTRATIF KILBON KWAY,Kilbon Kway,Sedang Diverifikasi,KOPERASI,253.6657257080078,20.69781494140625,10.0,Tree cover,True,True,False,False,True,3,"https://www.google.com/maps/@-3.58469682,130.5876142,250m/data=!3m1!1e3"
78187,SULAWESI TENGAH,KAB. BANGGAI,Bunta,-0.90074393,122.3862166,8868dea087fffff,0.0,2.0,427.0,<500,5,KOPERASI DESA MERAH PUTIH HUHAK KECAMATAN BUNTA KABUPATEN BANGGAI PROVINSI SULAWESI TENGAH,Huhak,Tidak Ada Lahan,,0.0,0.0,10.0,Tree cover,True,True,False,False,True,3,"https://www.google.com/maps/@-0.90074393,122.3862166,250m/data=!3m1!1e3"
70457,SULAWESI TENGAH,KAB. TOJO UNA UNA,Ampana Tete,-1.08156237,121.7323511,8868dec293fffff,0.0,2.0,667.0,500-2k,5,KOPERASI DESA MERAH PUTIH UEMAKUNI,Uemakuni,Terverifikasi,KOPERASI,361.6230163574219,38.83349609375,10.0,Tree cover,True,True,False,False,True,3,"https://www.google.com/maps/@-1.08156237,121.7323511,250m/data=!3m1!1e3"
40154,SULAWESI TENGAH,KAB. TOJO UNA UNA,Tojo Barat,-1.50972566,120.9001606,8868d30b0bfffff,0.0,2.0,738.0,500-2k,5,KOPERASI DESA MERAH PUTIH MALEI TOJO,Malei Tojo,Terverifikasi,KOPERASI,1196.1875,55.6605224609375,10.0,Tree cover,True,True,False,False,True,3,"https://www.google.com/maps/@-1.50972566,120.9001606,250m/data=!3m1!1e3"
5706,SULAWESI TENGAH,KAB. MOROWALI UTARA,Bungku Utara,-1.87242119,121.6701647,88952d8501fffff,0.0,2.0,61.0,<500,5,KOPERASI DESA MERAH PUTIH UEWAJO,Uewajo,Dipertimbangkan,Agrinas,30.08446502685547,16.409393310546875,10.0,Tree cover,True,True,False,False,True,3,"https://www.google.com/maps/@-1.87242119,121.6701647,250m/data=!3m1!1e3"
54590,SULAWESI TENGAH,KAB. MOROWALI UTARA,Lembo Raya,-2.27417455,121.418273,88952dcc5bfffff,0.0,2.0,218.0,<500,5,KOPERASI DESA MERAH PUTIH PETUMBEA,Petumbea,Terverifikasi,BUSINESS ASSISTANCE,662.2120361328125,49.4437255859375,10.0,Tree cover,True,True,False,False,True,3,"https://www.google.com/maps/@-2.27417455,121.418273,250m/data=!3m1!1e3"
82762,JAMBI,KAB. TANJUNG JABUNG TIMUR,S a d u,-1.39663024,104.2779923,888c883b49fffff,0.0,2.0,21.0,<500,5,KOPERASI DESA MERAH PUTIH SUNGAI CEMARA,Sungai Cemara,Terverifikasi,KOPERASI,5.473991394042969,4.827877521514893,10.0,Tree cover,True,True,False,False,True,3,"https://www.google.com/maps/@-1.39663024,104.2779923,250m/data=!3m1!1e3"
87622,MALUKU UTARA,KAB. HALMAHERA UTARA,Kao Barat,1.31306161,127.69088794,8873909039fffff,0.0,2.0,841.0,500-2k,5,KOPERASI DESA MERAH PUTIH WONOSARI KECAMATAN KAO BARAT,Wonosari,Sedang Diverifikasi,TNI,506.0056457519531,31.8729248046875,10.0,Tree cover,True,True,False,False,True,3,"https://www.google.com/maps/@1.31306161,127.69088794,250m/data=!3m1!1e3"
59612,MALUKU UTARA,KAB. HALMAHERA TIMUR,Maba Utara,1.1858092,128.4699772,887391d301fffff,0.0,2.0,34.0,<500,5,KOPERASI DESA MERAH PUTIH SOSOLAT,,,,609.0909423828125,48.6597900390625,10.0,Tree cover,True,True,False,False,True,3,"https://www.google.com/maps/@1.1858092,128.4699772,250m/data=!3m1!1e3"
88725,MALUKU UTARA,KAB. HALMAHERA BARAT,Ibu Selatan,1.35560349,127.60420332,887390934bfffff,0.0,2.0,959.0,500-2k,5,KOPERASI DESA MERAH PUTIH DESA TOSOA,,,,226.05638122558594,37.39241027832031,10.0,Tree cover,True,True,False,False,True,3,"https://www.google.com/maps/@1.35560349,127.60420332,250m/data=!3m1!1e3"
87249,MALUKU UTARA,KAB. PULAU TALIABU,Taliabu Barat,-1.91056811,124.5723188,889566504bfffff,0.0,2.0,820.0,500-2k,5,KOPERASI DESA MERAH PUTIH WOYO,Woyo,Sedang Diverifikasi,KOPERASI,321.8534851074219,37.3681640625,10.0,Tree cover,True,True,False,False,True,3,"https://www.google.com/maps/@-1.91056811,124.5723188,250m/data=!3m1!1e3"
86488,PAPUA BARAT DAYA,KAB. MAYBRAT,Aifat Selatan,-1.56716918,132.4724041,8872b500e5fffff,0.0,2.0,398.0,<500,5,KOPERASI DESA MERAH PUTIH KAMPUNG ROMA,Roma,Sedang Diverifikasi,BUSINESS ASSISTANCE,57.70566940307617,20.358684539794922,10.0,Tree cover,True,True,False,False,True,3,"https://www.google.com/maps/@-1.56716918,132.4724041,250m/data=!3m1!1e3"
86941,PAPUA BARAT DAYA,KAB. MAYBRAT,Aifat Selatan,-1.61842906,132.5610192,8872b50ee9fffff,0.0,2.0,60.0,<500,5,KOPERASI DESA MERAH PUTIH KAMPUNG KAITANA,Kaitana,Sedang Diverifikasi,BUSINESS ASSISTANCE,104.20687103271484,6.915489196777344,10.0,Tree cover,True,True,False,False,True,3,"https://www.google.com/maps/@-1.61842906,132.5610192,250m/data=!3m1!1e3"
87274,PAPUA BARAT DAYA,KAB. MAYBRAT,Aifat Selatan,-1.51559327,132.5949511,8872b5040dfffff,0.0,2.0,49.0,<500,5,KOPERASI DESA MERAH PUTIH KAMPUNG FUOG SELATAN,,,,129.08395385742188,25.721282958984375,10.0,Tree cover,True,True,False,False,True,3,"https://www.google.com/maps/@-1.51559327,132.5949511,250m/data=!3m1!1e3"
85190,PAPUA BARAT DAYA,KAB. MAYBRAT,Mare Selatan,-1.08548625,132.36947,8872b5876bfffff,0.0,2.0,839.0,500-2k,5,KOPERASI DESA MERAH PUTIH KAMPUNG SABES,,,,473.2059631347656,52.367919921875,10.0,Tree cover,True,True,False,False,True,3,"https://www.google.com/maps/@-1.08548625,132.36947,250m/data=!3m1!1e3"
90059,PAPUA BARAT DAYA,KAB. MAYBRAT,Aifat Timur Selatan,-1.7847952,132.51625872,8872b572e3fffff,0.0,2.0,423.0,<500,5,KOPERASI DESA MERAH PUTIH KAMPUNG WINUNI,Winuni,Sedang Diverifikasi,KOPERASI,68.78839111328125,27.804214477539062,10.0,Tree cover,True,True,False,False,True,3,"https://www.google.com/maps/@-1.7847952,132.51625872,250m/data=!3m1!1e3"
88565,PAPUA BARAT DAYA,KAB. SORONG,Bagun,-1.28030193,131.62917506,8872b4b5c5fffff,0.0,2.0,661.0,500-2k,5,KOPERASI DESA MERAH PUTIH MODE KECAMATAN BAGUN,,,,47.3712158203125,31.086082458496094,10.0,Tree cover,True,True,False,False,True,3,"https://www.google.com/maps/@-1.28030193,131.62917506,250m/data=!3m1!1e3"
72252,PAPUA BARAT DAYA,KAB. SORONG,Segun,-1.42094943,131.2362815,8872b48c4bfffff,0.0,2.0,129.0,<500,5,KOPERASI DESA MERAH PUTIH WAIMON,Waimon,Sedang Diverifikasi,BUSINESS ASSISTANCE,27.618276596069336,18.496057510375977,10.0,Tree cover,True,True,False,False,True,3,"https://www.google.com/maps/@-1.42094943,131.2362815,250m/data=!3m1!1e3"
89888,PAPUA BARAT DAYA,KAB. SORONG,Sunook,-1.04123222,132.17042531,8872b59113fffff,0.0,2.0,672.0,500-2k,5,KOPERASI DESA MERAH PUTIH SUUS,,,,175.4442596435547,13.253036499023438,10.0,Tree cover,True,True,False,False,True,3,"https://www.google.com/maps/@-1.04123222,132.17042531,250m/data=!3m1!1e3"
90281,PAPUA BARAT DAYA,KAB. SORONG,Maudus,-1.01385357,132.03995686,88739b641bfffff,0.0,2.0,334.0,<500,5,KOPERASI DESA MERAH PUTIH KLAGEN,Klagen,Sedang Diverifikasi,BUSINESS ASSISTANCE,214.37754821777344,40.09844970703125,10.0,Tree cover,True,True,False,False,True,3,"https://www.google.com/maps/@-1.01385357,132.03995686,250m/data=!3m1!1e3"
90715,PAPUA BARAT DAYA,KAB. SORONG,Salawati Selatan,-1.16500212,130.87304767,88739a66edfffff,0.0,2.0,9.0,<500,5,KOPERASI DESA MERAH PUTIH SAILOLOF,Sailolof,Sedang Diverifikasi,BUSINESS ASSISTANCE,47.824493408203125,10.804794311523438,10.0,Tree cover,True,True,False,False,True,3,"https://www.google.com/maps/@-1.16500212,130.87304767,250m/data=!3m1!1e3"
93719,PAPUA BARAT DAYA,KAB. RAJA AMPAT,Misool Timur,-1.73382911,130.19707456,8895691441fffff,0.0,2.0,18.0,<500,5,KOPERASI DESA MERAH PUTIH LIMALAS BARAT,,,,42.802146911621094,48.94343948364258,10.0,Tree cover,True,True,False,False,True,3,"https://www.google.com/maps/@-1.73382911,130.19707456,250m/data=!3m1!1e3"
88651,PAPUA BARAT DAYA,KAB. SORONG SELATAN,Kokoda Utara,-2.02636656,132.61059892,8872b561abfffff,0.0,2.0,472.0,<500,5,KOPERASI DESA MERAH PUTIH KARIRIF,,,,22.94900894165039,8.124347686767578,10.0,Tree cover,True,True,False,False,True,3,"https://www.google.com/maps/@-2.02636656,132.61059892,250m/data=!3m1!1e3"
82695,PAPUA BARAT DAYA,KAB. SORONG SELATAN,Kais Darat,-1.75052165,132.0467909,8872b5500dfffff,0.0,2.0,9.0,<500,5,KOPERASI DESA MERAH PUTIH KAMPUNG ONIMSEFA,Onimsefa,Tidak Ada Lahan,,24.848894119262695,16.68079376220703,95.0,Mangrove,True,True,False,False,True,3,"https://www.google.com/maps/@-1.75052165,132.0467909,250m/data=!3m1!1e3"
89534,PAPUA BARAT DAYA,KAB. SORONG SELATAN,Kais,-1.84282194,132.13676567,8872b54223fffff,0.0,2.0,150.0,<500,5,KOPERASI DESA MERAH PUTIH KAMPUNG TAPURI,,,,23.45166015625,23.7204647064209,10.0,Tree cover,True,True,False,False,True,3,"https://www.google.com/maps/@-1.84282194,132.13676567,250m/data=!3m1!1e3"
88153,PAPUA BARAT DAYA,KAB. TAMBRAUW,Sausapor,-0.63302683,132.07924454,88739b224dfffff,0.0,2.0,171.0,<500,5,KOPERASI DESA MERAH PUTIH SUNGGWAM,,,,626.6492309570312,47.7991943359375,10.0,Tree cover,True,True,False,False,True,3,"https://www.google.com/maps/@-0.63302683,132.07924454,250m/data=!3m1!1e3"
55219,PAPUA TENGAH,KAB. NABIRE,Yaur,-3.16494483,134.8040866,887280ce83fffff,0.0,2.0,88.0,<500,5,KOPERASI DESA MERAH PUTIH KAMPUNG YAUR,Yaur,Tidak Ada Lahan,,14.197376251220703,8.155274391174316,10.0,Tree cover,True,True,False,False,True,3,"https://www.google.com/maps/@-3.16494483,134.8040866,250m/data=!3m1!1e3"
71550,PAPUA TENGAH,KAB. NABIRE,Wapoga,-2.84800463,136.0971651,887281106dfffff,0.0,2.0,482.0,<500,5,KOPERASI DESA MERAH PUTIH KAMPUNG TOTOBERI,,,,4.961210250854492,2.0264649391174316,90.0,Herbaceous wetland,True,True,False,False,True,3,"https://www.google.com/maps/@-2.84800463,136.0971651,250m/data=!3m1!1e3"
48594,PAPUA,KAB. JAYAPURA,Kemtuk Gresi,-2.78056466,140.3343924,8872d4951dfffff,0.0,2.0,138.0,<500,5,KOPERASI DESA MERAH PUTIH YANBRA,,,,491.09698486328125,53.69757080078125,10.0,Tree cover,True,True,False,False,True,3,"https://www.google.com/maps/@-2.78056466,140.3343924,250m/data=!3m1!1e3"
90109,PAPUA,KAB. WAROPEN,Risei Sayati,-2.60681086,136.76259538,887281a499fffff,0.0,2.0,3.0,<500,5,KOPERASI DESA MERAH PUTIH WAGHARE,,,,341.58135986328125,53.955413818359375,10.0,Tree cover,True,True,False,False,True,3,"https://www.google.com/maps/@-2.60681086,136.76259538,250m/data=!3m1!1e3"
89059,PAPUA,KAB. WAROPEN,Soyoi Mambai,-2.40241384,136.62418276,887281b6d9fffff,0.0,2.0,929.0,500-2k,5,KOPERASI DESA MERAH PUTIH WAINARISI,Wainarisi,Sedang Diverifikasi,BUSINESS ASSISTANCE,50.384605407714844,17.275596618652344,10.0,Tree cover,True,True,False,False,True,3,"https://www.google.com/maps/@-2.40241384,136.62418276,250m/data=!3m1!1e3"
88049,PAPUA,KAB. SARMI,Bonggo Timur,-2.47775539,139.61598157,8872f20a4bfffff,0.0,2.0,16.0,<500,5,KOPERASI DESA MERAH PUTIH GWINJAYA,,,,197.58770751953125,40.10015869140625,10.0,Tree cover,True,True,False,False,True,3,"https://www.google.com/maps/@-2.47775539,139.61598157,250m/data=!3m1!1e3"
90331,PAPUA,KAB. SARMI,Pantai Barat,-1.77163075,138.41626846,8872ab2435fffff,0.0,2.0,724.0,500-2k,5,KOPERASI DESA MERAH PUTIH WAIM DISTRIK PANTAI BARAT,Waim,Sedang Diverifikasi,KOPERASI,18.733232498168945,5.593366622924805,10.0,Tree cover,True,True,False,False,True,3,"https://www.google.com/maps/@-1.77163075,138.41626846,250m/data=!3m1!1e3"
89334,PAPUA,KAB. MAMBERAMO RAYA,Mamberamo Hilir,-2.10728332,137.93651473,8872ab6069fffff,0.0,2.0,450.0,<500,5,KOPERASI DESA MERAH PUTIH TRIMURIS,,,,105.909423828125,45.190269470214844,10.0,Tree cover,True,True,False,False,True,3,"https://www.google.com/maps/@-2.10728332,137.93651473,250m/data=!3m1!1e3"
89336,PAPUA,KAB. MAMBERAMO RAYA,Mamberamo Hilir,-2.2004615,137.85962848,8872ab6a6bfffff,0.0,2.0,703.0,500-2k,5,KOPERASI DESA MERAH PUTIH BAUDI,,,,52.547996520996094,30.47545051574707,10.0,Tree cover,True,True,False,False,True,3,"https://www.google.com/maps/@-2.2004615,137.85962848,250m/data=!3m1!1e3"
89150,PAPUA,KAB. MAMBERAMO RAYA,Rufaer,-2.79030001,138.33613648,88728d5439fffff,0.0,2.0,618.0,500-2k,5,KOPERASI DESA MERAH PUTIH SIKARI,,,,60.81435775756836,14.479190826416016,10.0,Tree cover,True,True,False,False,True,3,"https://www.google.com/maps/@-2.79030001,138.33613648,250m/data=!3m1!1e3"
89879,PAPUA,KAB. MAMBERAMO RAYA,Waropen Atas,-2.4064335,137.06667185,88728c9805fffff,0.0,2.0,40.0,<500,5,KOPERASI DESA MERAH PUTIH SIPISI,,,,170.24575805664062,50.75831604003906,10.0,Tree cover,True,True,False,False,True,3,"https://www.google.com/maps/@-2.4064335,137.06667185,250m/data=!3m1!1e3"
91655,PAPUA,KAB. MAMBERAMO RAYA,Benuki,-2.05037961,137.6368064,8872ab450dfffff,0.0,2.0,25.0,<500,5,KOPERASI DESA MERAH PUTIH KAMAI,,,,30.03697395324707,7.350099563598633,10.0,Tree cover,True,True,False,False,True,3,"https://www.google.com/maps/@-2.05037961,137.6368064,250m/data=!3m1!1e3"
85908,PAPUA BARAT,KAB. TELUK BINTUNI,Kuri,-2.5956774,133.8873962,887284585dfffff,0.0,2.0,671.0,500-2k,5,KOPERASI DESA MERAH PUTIH WAGURA KURI,Wagura,Sedang Diverifikasi,KEMENTERIAN KESEHATAN,33.06291580200195,40.99172592163086,10.0,Tree cover,True,True,False,False,True,3,"https://www.google.com/maps/@-2.5956774,133.8873962,250m/data=!3m1!1e3"
77054,PAPUA BARAT,KAB. TELUK BINTUNI,Biscoop,-1.81335554,133.5915639,8872a27831fffff,0.0,2.0,23.0,<500,5,KOPERASI DESA MERAH PUTIH ENIBA,Eniba,Sedang Diverifikasi,KOPERASI,319.1233215332031,22.351348876953125,10.0,Tree cover,True,True,False,False,True,3,"https://www.google.com/maps/@-1.81335554,133.5915639,250m/data=!3m1!1e3"
78357,PAPUA BARAT,KAB. TELUK BINTUNI,Dataran Beimes,-1.6597622,133.5470275,8872a244d7fffff,0.0,2.0,50.0,<500,5,KOPERASI DESA MERAH PUTIH CUMNAJI,,,,208.83016967773438,49.12425231933594,10.0,Tree cover,True,True,False,False,True,3,"https://www.google.com/maps/@-1.6597622,133.5470275,250m/data=!3m1!1e3"
75775,PAPUA BARAT,KAB. FAK FAK,Fakfak Timur Tengah,-2.95624822,132.55601169,8872b392abfffff,0.0,2.0,10.0,<500,5,KOPERASI DESA MERAH PUTIH KOTAM KECAMATAN FAKFAK TIMUR TENGAH,,,,1391.77001953125,43.2867431640625,10.0,Tree cover,True,True,False,False,True,3,"https://www.google.com/maps/@-2.95624822,132.55601169,250m/data=!3m1!1e3"
89303,PAPUA BARAT,KAB. KAIMANA,Kaimana,-3.61593023,133.9054591,887286730dfffff,0.0,2.0,210.0,<500,5,KOPERASI DESA MERAH PUTIH FOROMA JAYA,,,,45.123260498046875,23.2470703125,10.0,Tree cover,True,True,False,False,True,3,"https://www.google.com/maps/@-3.61593023,133.9054591,250m/data=!3m1!1e3"
89156,PAPUA BARAT,KAB. KAIMANA,Buruway,-3.91779098,133.23742084,8872959157fffff,0.0,2.0,34.0,<500,5,KOPERASI DESA MERAH PUTIH KAMBALA,,,,42.56910705566406,24.903911590576172,10.0,Tree cover,True,True,False,False,True,3,"https://www.google.com/maps/@-3.91779098,133.23742084,250m/data=!3m1!1e3"
77958,KALIMANTAN BARAT,KAB. KAPUAS HULU,Kalis,0.49046899,113.0860411,8868b17a01fffff,0.0,3.0,884.0,500-2k,5,KOPERASI DESA MERAH PUTIH BAHENAP,,,,876.9995727539062,30.7735595703125,10.0,Tree cover,True,True,False,False,True,3,"https://www.google.com/maps/@0.49046899,113.0860411,250m/data=!3m1!1e3"
24446,KALIMANTAN BARAT,KAB. SINTANG,Ambalau,0.09214353,112.5952251,8868b38137fffff,0.0,3.0,25.0,<500,5,KOPERASI DESA MERAH PUTIH KOLANGAN JUOI,Kolangan Juoi,Sedang Diverifikasi,KOPERASI,163.2386474609375,39.2982177734375,10.0,Tree cover,True,True,False,False,True,3,"https://www.google.com/maps/@0.09214353,112.5952251,250m/data=!3m1!1e3"
73036,GORONTALO,KAB. BOALEMO,Mananggu,0.69287383,122.1691286,8868c22287fffff,0.0,3.0,38.0,<500,5,KOPERASI DESA MERAH PUTIH KAARUYAN,Kaaruyan,Sedang Diverifikasi,Agrinas,363.7803649902344,53.975860595703125,10.0,Tree cover,True,True,False,False,True,3,"https://www.google.com/maps/@0.69287383,122.1691286,250m/data=!3m1!1e3"
35431,GORONTALO,KAB. POHUWATO,Popayato Timur,0.70197784,121.4354998,8868c2cee7fffff,0.0,3.0,231.0,<500,5,KOPERASI DESA MERAH PUTIH MARISA KECAMATAN POPAYATO TIMUR,,,,498.3548889160156,44.494110107421875,10.0,Tree cover,True,True,False,False,True,3,"https://www.google.com/maps/@0.70197784,121.4354998,250m/data=!3m1!1e3"
6770,SUMATERA SELATAN,KAB. MUSI RAWAS UTARA,Ulu Rawas,-2.98219367,102.3139174,888cf3c893fffff,0.0,3.0,5.0,<500,5,KOPERASI DESA MERAH PUTIH PULAU KIDAK,Pulau Kidak,Terverifikasi,Agrinas,868.7002563476562,49.78448486328125,10.0,Tree cover,True,True,False,False,True,3,"https://www.google.com/maps/@-2.98219367,102.3139174,250m/data=!3m1!1e3"
30332,KALIMANTAN TIMUR,KAB. KUTAI TIMUR,Muara Ancalong,0.60589566,116.5319473,88688c511bfffff,0.0,3.0,446.0,<500,5,KOPERASI DESA MERAH PUTIH LONG NAH,Long Nah,Terverifikasi,Agrinas,92.0429458618164,19.870407104492188,10.0,Tree cover,True,True,False,False,True,3,"https://www.google.com/maps/@0.60589566,116.5319473,250m/data=!3m1!1e3"
78222,KALIMANTAN TIMUR,KAB. KUTAI BARAT,Tering,0.12178039,115.7172813,8868814de9fffff,0.0,3.0,44.0,<500,5,KOPERASI DESA MERAH PUTIH TUKUL,,,,76.58739471435547,19.6080322265625,10.0,Tree cover,True,True,False,False,True,3,"https://www.google.com/maps/@0.12178039,115.7172813,250m/data=!3m1!1e3"
20583,SULAWESI SELATAN,KAB. KEPULAUAN SELAYAR,Pasimarannu,-7.30494031,120.9894685,88951d0a91fffff,0.0,3.0,606.0,500-2k,5,KOPERASI DESA MERAH PUTIH LAMBEGO,Lambego,Sedang Diverifikasi,BUSINESS ASSISTANCE,224.9242401123047,36.08033752441406,10.0,Tree cover,True,True,False,False,True,3,"https://www.google.com/maps/@-7.30494031,120.9894685,250m/data=!3m1!1e3"
81362,SULAWESI SELATAN,KAB. TORAJA UTARA,Baruppu,-2.68916994,119.7929703,8895213b2bfffff,0.0,3.0,555.0,500-2k,5,KOPERASI DESA MERAH PUTIH BARUPPU PARODO,Baruppu' Parodo,Tidak Ada Lahan,,2102.90966796875,50.497802734375,10.0,Tree cover,True,True,False,False,True,3,"https://www.google.com/maps/@-2.68916994,119.7929703,250m/data=!3m1!1e3"
52418,RIAU,KAB. INDRAGIRI HULU,Rengat,-0.17606011,102.487211,886525a5e9fffff,0.0,3.0,31.0,<500,5,KOPERASI DESA MERAH PUTIH SUNGAI GUNTUNG TENGAH KECAMATAN RENGAT,Sungai Guntung Tengah,Terverifikasi,BUSINESS ASSISTANCE,0.0,0.0,10.0,Tree cover,True,True,False,False,True,3,"https://www.google.com/maps/@-0.17606011,102.487211,250m/data=!3m1!1e3"
35480,KALIMANTAN TENGAH,KAB. KATINGAN,Katingan Kuala,-3.03977109,113.4842032,886893515bfffff,0.0,3.0,255.0,<500,5,KOPERASI DESA MERAH PUTIH SUNGAI KAKI,,,,16.674243927001953,4.143274307250977,10.0,Tree cover,True,True,False,False,True,3,"https://www.google.com/maps/@-3.03977109,113.4842032,250m/data=!3m1!1e3"
72915,KALIMANTAN TENGAH,KAB. BARITO UTARA,Gunung Purei,-1.29123861,115.6244452,88689c3603fffff,0.0,3.0,51.0,<500,5,KOPERASI DESA MERAH PUTIH BERONG,Berong,Sedang Diverifikasi,KEMENTERIAN KESEHATAN,145.22830200195312,42.573455810546875,10.0,Tree cover,True,True,False,False,True,3,"https://www.google.com/maps/@-1.29123861,115.6244452,250m/data=!3m1!1e3"
65909,KALIMANTAN TENGAH,KAB. SERUYAN,Seruyan Hulu,-1.2057887,112.0434045,886894c2e5fffff,0.0,3.0,415.0,<500,5,KOPERASI DESA MERAH PUTIH MONGOH JUOI,Mongoh Juoi,Tidak Ada Lahan,,136.579345703125,18.473388671875,10.0,Tree cover,True,True,False,False,True,3,"https://www.google.com/maps/@-1.2057887,112.0434045,250m/data=!3m1!1e3"
87308,ACEH,KAB. ACEH JAYA,Krueng Sabee,4.77093118,95.72508268,8865507357fffff,0.0,3.0,313.0,<500,5,KOPERASI DESA MERAH PUTIH SYARIAH PANGGONG KRUENG SABEE,Panggong,Terverifikasi,Agrinas,60.24038314819336,7.378467559814453,10.0,Tree cover,True,True,False,False,True,3,"https://www.google.com/maps/@4.77093118,95.72508268,250m/data=!3m1!1e3"
92718,PAPUA PEGUNUNGAN,KAB. YAHUKIMO,Kurima,-0.34321137,130.39464737,88739a8219fffff,0.0,3.0,446.0,<500,5,KOPERASI DESA MERAH PUTIH LOTIA,,,,0.0,0.0,80.0,Water,True,True,False,False,True,3,"https://www.google.com/maps/@-0.34321137,130.39464737,250m/data=!3m1!1e3"
89964,PAPUA PEGUNUNGAN,KAB. TOLIKARA,Wari/Taiyeve II,-3.29615634,138.69650923,887289d33dfffff,0.0,3.0,582.0,500-2k,5,KOPERASI DESA MERAH PUTIH KAMPUNG BELEISE DISTRIK WARI,,,,61.85939407348633,7.070003509521484,10.0,Tree cover,True,True,False,False,True,3,"https://www.google.com/maps/@-3.29615634,138.69650923,250m/data=!3m1!1e3"
16829,KEPULAUAN RIAU,KAB. NATUNA,Subi,2.88561462,108.8518444,88699316b1fffff,0.0,3.0,28.0,<500,5,KOPERASI DESA MERAH PUTIH SUBI BESAR TIMUR,Subi Besar Timur,Terverifikasi,Agrinas,12.495519638061523,13.254897117614746,10.0,Tree cover,True,True,False,False,True,3,"https://www.google.com/maps/@2.88561462,108.8518444,250m/data=!3m1!1e3"
47587,KEPULAUAN RIAU,KAB. LINGGA,Bakung Serumpun,0.1777807,104.2248953,8865248ae1fffff,0.0,3.0,808.0,500-2k,5,KOPERASI DESA MERAH PUTIH BATU BELUBANG,Batu Belubang,Sedang Diverifikasi,KEMENTERIAN KESEHATAN,162.00128173828125,38.72307586669922,10.0,Tree cover,True,True,False,False,True,3,"https://www.google.com/maps/@0.1777807,104.2248953,250m/data=!3m1!1e3"
12083,KALIMANTAN UTARA,KAB. TANA TIDUNG,Tana Lia,3.65884496,117.6258072,88681a4235fffff,0.0,3.0,920.0,500-2k,5,KOPERASI DESA MERAH PUTIH SAMBUNGAN,,,,20.393098831176758,13.552392959594727,10.0,Tree cover,True,True,False,False,True,3,"https://www.google.com/maps/@3.65884496,117.6258072,250m/data=!3m1!1e3"
22109,MALUKU,KAB. MALUKU TENGAH,Seram Utara,-2.93218468,129.4123171,88956bc0bbfffff,0.0,3.0,729.0,500-2k,5,KOPERASI DESA MERAH PUTIH NEGERI ROHO,,,,87.64412689208984,28.60625457763672,10.0,Tree cover,True,True,False,False,True,3,"https://www.google.com/maps/@-2.93218468,129.4123171,250m/data=!3m1!1e3"
38688,MALUKU,KAB. KEPULAUAN TANIMBAR,Wermaktian,-7.45668015,131.0600074,8894608f41fffff,0.0,3.0,538.0,500-2k,5,KOPERASI DESA MERAH PUTIH THEMIN,Themin,Terverifikasi,Agrinas,42.60346221923828,15.096649169921875,10.0,Tree cover,True,True,False,False,True,3,"https://www.google.com/maps/@-7.45668015,131.0600074,250m/data=!3m1!1e3"
82497,MALUKU,KAB. SERAM BAGIAN TIMUR,Kilmury,-3.5475437,130.5088804,88954d8e91fffff,0.0,3.0,51.0,<500,5,KOPERASI DESA MERAH PUTIH NEGERI ADMINISTRATIF SELOR,Selor,Sedang Diverifikasi,KOPERASI,293.6934814453125,31.183624267578125,10.0,Tree cover,True,True,False,False,True,3,"https://www.google.com/maps/@-3.5475437,130.5088804,250m/data=!3m1!1e3"
22942,SULAWESI TENGGARA,KAB. KOLAKA UTARA,Pakue Utara,-3.23199158,121.3499896,8895280211fffff,0.0,3.0,80.0,<500,5,KOPERASI DESA MERAH PUTIH LENGKONG BATU,Lengkong Batu,Terverifikasi,KOPERASI,956.172607421875,50.67498779296875,10.0,Tree cover,True,True,False,False,True,3,"https://www.google.com/maps/@-3.23199158,121.3499896,250m/data=!3m1!1e3"
60560,SULAWESI TENGAH,KAB. BANGGAI,Batui,-1.13369239,122.461283,8868de3729fffff,0.0,3.0,660.0,500-2k,5,KOPERASI DESA MERAH PUTIH HONBOLA KECAMATAN BATUI,Honbola,Tidak Ada Lahan,,731.0222778320312,15.4891357421875,10.0,Tree cover,True,True,False,False,True,3,"https://www.google.com/maps/@-1.13369239,122.461283,250m/data=!3m1!1e3"
28445,SULAWESI TENGAH,KAB. BANGGAI,Pagimana,-0.94834515,122.4949805,8868d8db4dfffff,0.0,3.0,287.0,<500,5,KOPERASI DESA MERAH PUTIH BALOA DODA KECAMATAN PAGIMANA,Baloa Doda,Tidak Ada Lahan,,0.0,0.0,10.0,Tree cover,True,True,False,False,True,3,"https://www.google.com/maps/@-0.94834515,122.4949805,250m/data=!3m1!1e3"
30695,SULAWESI TENGAH,KAB. MOROWALI UTARA,Bungku Utara,-1.7657962,121.4928484,88952d91d3fffff,0.0,3.0,152.0,<500,5,KOPERASI DESA MERAH PUTIH TOKONANAKA,Tokonanaka,Sedang Diverifikasi,Agrinas,185.32736206054688,39.135406494140625,10.0,Tree cover,True,True,False,False,True,3,"https://www.google.com/maps/@-1.7657962,121.4928484,250m/data=!3m1!1e3"
80241,JAMBI,KAB. BATANG HARI,Batin XXIV,-1.83302032,102.8026404,888c8934b3fffff,0.0,3.0,372.0,<500,5,KOPERASI DESA MERAH PUTIH OLAK BESAR,Olak Besar,Terverifikasi,Agrinas,58.75381088256836,9.749557495117188,10.0,Tree cover,True,True,False,False,True,3,"https://www.google.com/maps/@-1.83302032,102.8026404,250m/data=!3m1!1e3"
30524,MALUKU UTARA,KAB. HALMAHERA TIMUR,Kota Maba,0.80166952,128.1088027,8873900439fffff,0.0,3.0,311.0,<500,5,KOPERASI DESA MERAH PUTIH SOA SANGAJI,,,,90.57632446289062,11.647689819335938,10.0,Tree cover,True,True,False,False,True,3,"https://www.google.com/maps/@0.80166952,128.1088027,250m/data=!3m1!1e3"
30026,MALUKU UTARA,KAB. HALMAHERA TENGAH,Weda Timur,0.44899705,128.4167888,887393905dfffff,0.0,3.0,537.0,500-2k,5,KOPERASI DESA MERAH PUTIH DOTTE,Dotte,Sedang Diverifikasi,Agrinas,142.2655792236328,39.55192565917969,10.0,Tree cover,True,True,False,False,True,3,"https://www.google.com/maps/@0.44899705,128.4167888,250m/data=!3m1!1e3"
87603,PAPUA BARAT DAYA,KAB. MAYBRAT,Ayamaru Jaya,-1.12537252,132.14167646,8872b59aadfffff,0.0,3.0,873.0,500-2k,5,KOPERASI DESA MERAH PUTIH MALEO MANDIRI JAYA,,,,181.6198272705078,42.47027587890625,10.0,Tree cover,True,True,False,False,True,3,"https://www.google.com/maps/@-1.12537252,132.14167646,250m/data=!3m1!1e3"
90667,PAPUA BARAT DAYA,KAB. MAYBRAT,Ayamaru Jaya,-1.12537252,132.14167646,8872b59aadfffff,0.0,3.0,873.0,500-2k,5,KOPERASI DESA MERAH PUTIH TEMEL,Temel,Sedang Diverifikasi,BUSINESS ASSISTANCE,181.6198272705078,42.47027587890625,10.0,Tree cover,True,True,False,False,True,3,"https://www.google.com/maps/@-1.12537252,132.14167646,250m/data=!3m1!1e3"
86541,PAPUA BARAT DAYA,KAB. MAYBRAT,Mare Selatan,-1.0765569,132.3365808,8872b5829dfffff,0.0,3.0,903.0,500-2k,5,KOPERASI DESA MERAH PUTIH TUREKA KAMPUNG RENIS,,,,465.3586730957031,49.913909912109375,10.0,Tree cover,True,True,False,False,True,3,"https://www.google.com/maps/@-1.0765569,132.3365808,250m/data=!3m1!1e3"
87520,PAPUA BARAT DAYA,KAB. MAYBRAT,Aifat Timur Tengah,-1.21253417,132.61826074,8872b5b8d9fffff,0.0,3.0,497.0,<500,5,KOPERASI DESA MERAH PUTIH KAMPUNG ASSEM,Assem,Sedang Diverifikasi,KOPERASI,361.3454895019531,34.71783447265625,10.0,Tree cover,True,True,False,False,True,3,"https://www.google.com/maps/@-1.21253417,132.61826074,250m/data=!3m1!1e3"
90693,PAPUA BARAT DAYA,KAB. MAYBRAT,Aifat Timur,-1.7116864,132.64125827,8872b5765bfffff,0.0,3.0,124.0,<500,5,KOPERASI DESA MERAH PUTIH KAMPUNG WAKOM,Wakom,Sedang Diverifikasi,KOPERASI,47.060516357421875,16.687271118164062,10.0,Tree cover,True,True,False,False,True,3,"https://www.google.com/maps/@-1.7116864,132.64125827,250m/data=!3m1!1e3"
88731,PAPUA BARAT DAYA,KAB. SORONG,Konhir,-1.1790719,131.73626676,88739b6b55fffff,0.0,3.0,845.0,500-2k,5,KOPERASI DESA MERAH PUTIH KLAFELEM,Klafelem,Tidak Ada Lahan,,106.30667877197266,15.312477111816406,10.0,Tree cover,True,True,False,False,True,3,"https://www.google.com/maps/@-1.1790719,131.73626676,250m/data=!3m1!1e3"
88246,PAPUA BARAT DAYA,KAB. SORONG,Saengkeduk,-0.79537478,132.15497838,88739b21a3fffff,0.0,3.0,738.0,500-2k,5,KOPERASI DESA MERAH PUTIH SUYE,,,,324.9337158203125,21.436553955078125,10.0,Tree cover,True,True,False,False,True,3,"https://www.google.com/maps/@-0.79537478,132.15497838,250m/data=!3m1!1e3"
54054,PAPUA BARAT DAYA,KAB. RAJA AMPAT,Meos Mansar,-0.44266476,130.5876142,88739a858bfffff,0.0,3.0,584.0,500-2k,5,KOPERASI DESA MERAH PUTIH KABUI,Kabuy,Sedang Diverifikasi,PMO,237.3236541748047,24.568984985351562,10.0,Tree cover,True,True,False,False,True,3,"https://www.google.com/maps/@-0.44266476,130.5876142,250m/data=!3m1!1e3"
93111,PAPUA BARAT DAYA,KAB. RAJA AMPAT,Waigeo Barat,-0.34321137,130.39464737,88739a8219fffff,0.0,3.0,446.0,<500,5,KOPERASI DESA MERAH PUTIH MUTUS,Mutus,Tidak Ada Lahan,,0.0,0.0,80.0,Water,True,True,False,False,True,3,"https://www.google.com/maps/@-0.34321137,130.39464737,250m/data=!3m1!1e3"
88548,PAPUA BARAT DAYA,KAB. SORONG SELATAN,Kokoda Utara,-1.88540961,132.4947595,8872b571e3fffff,0.0,3.0,99.0,<500,5,KOPERASI DESA MERAH PUTIH KAMUNDAN SATU,Kamundan Satu,Terverifikasi,Agrinas,9.297743797302246,5.669896125793457,10.0,Tree cover,True,True,False,False,True,3,"https://www.google.com/maps/@-1.88540961,132.4947595,250m/data=!3m1!1e3"
90436,PAPUA BARAT DAYA,KAB. SORONG SELATAN,Kokoda Utara,-1.97228757,132.3800351,8872b57b03fffff,0.0,3.0,588.0,500-2k,5,KOPERASI DESA MERAH PUTIH BENAWA DUA,Benawa II,Terverifikasi,Agrinas,29.05787467956543,10.231771469116211,10.0,Tree cover,True,True,False,False,True,3,"https://www.google.com/maps/@-1.97228757,132.3800351,250m/data=!3m1!1e3"
88239,PAPUA BARAT DAYA,KAB. TAMBRAUW,Wilhem Roumbouts,-0.87363991,132.59118989,8872a641b5fffff,0.0,3.0,211.0,<500,5,KOPERASI DESA MERAH PUTIH ESYUOM,,,,606.5744018554688,42.74932861328125,10.0,Tree cover,True,True,False,False,True,3,"https://www.google.com/maps/@-0.87363991,132.59118989,250m/data=!3m1!1e3"
88907,PAPUA BARAT DAYA,KAB. TAMBRAUW,Ireres,-0.97779552,132.90062979,8872a66a67fffff,0.0,3.0,30.0,<500,5,KOPERASI DESA MERAH PUTIH MEINAD,Meinad,Sedang Diverifikasi,BUSINESS ASSISTANCE,1143.2027587890625,54.191650390625,10.0,Tree cover,True,True,False,False,True,3,"https://www.google.com/maps/@-0.97779552,132.90062979,250m/data=!3m1!1e3"
89340,PAPUA,KAB. WAROPEN,Wapoga,-2.77714829,136.36530032,887281ab69fffff,0.0,3.0,243.0,<500,5,KOPERASI DESA MERAH PUTIH WAWERI,Waweri,Sedang Diverifikasi,BUSINESS ASSISTANCE,49.12248992919922,5.995018005371094,10.0,Tree cover,True,True,False,False,True,3,"https://www.google.com/maps/@-2.77714829,136.36530032,250m/data=!3m1!1e3"
90380,PAPUA,KAB. WAROPEN,Demba,-2.59129599,136.88700917,88728cd0e9fffff,0.0,3.0,62.0,<500,5,KOPERASI DESA MERAH PUTIH BIATI,Biati,Sedang Diverifikasi,BUSINESS ASSISTANCE,550.3856201171875,50.4207763671875,10.0,Tree cover,True,True,False,False,True,3,"https://www.google.com/maps/@-2.59129599,136.88700917,250m/data=!3m1!1e3"
88132,PAPUA,KAB. SARMI,Bonggo Timur,-2.47628527,139.74741591,8872f201bbfffff,0.0,3.0,735.0,500-2k,5,KOPERASI DESA MERAH PUTIH MAWESDAY,,,,90.82762145996094,27.116119384765625,10.0,Tree cover,True,True,False,False,True,3,"https://www.google.com/maps/@-2.47628527,139.74741591,250m/data=!3m1!1e3"
90710,PAPUA,KAB. MAMBERAMO RAYA,Mamberamo Tengah,-2.5295339,138.22226974,88728dc541fffff,0.0,3.0,80.0,<500,5,KOPERASI DESA MERAH PUTIH DANAU BIRA,Danau Bira,Sedang Diverifikasi,BUSINESS ASSISTANCE,258.59735107421875,55.45872497558594,10.0,Tree cover,True,True,False,False,True,3,"https://www.google.com/maps/@-2.5295339,138.22226974,250m/data=!3m1!1e3"
91601,PAPUA,KAB. MAMBERAMO RAYA,Mamberamo Tengah,-2.20182717,138.1004123,8872ab6e85fffff,0.0,3.0,196.0,<500,5,KOPERASI DESA MERAH PUTIH ANGGRESO,,,,172.78353881835938,28.4229736328125,10.0,Tree cover,True,True,False,False,True,3,"https://www.google.com/maps/@-2.20182717,138.1004123,250m/data=!3m1!1e3"
90007,PAPUA BARAT,KAB. TELUK BINTUNI,Bintuni,-1.9169112,133.54530101,8872b1b6e7fffff,0.0,3.0,40.0,<500,5,KOPERASI DESA MERAH PUTIH IGURIJI,Iguriji,Terverifikasi,KOPERASI,181.11456298828125,35.88621520996094,10.0,Tree cover,True,True,False,False,True,3,"https://www.google.com/maps/@-1.9169112,133.54530101,250m/data=!3m1!1e3"
88994,PAPUA BARAT,KAB. TELUK BINTUNI,Biscoop,-1.69441794,133.42802123,8872a24543fffff,0.0,3.0,8.0,<500,5,KOPERASI DESA MERAH PUTIH MOWITKA,Mowitka,Sedang Diverifikasi,KOPERASI,150.15447998046875,17.93487548828125,10.0,Tree cover,True,True,False,False,True,3,"https://www.google.com/maps/@-1.69441794,133.42802123,250m/data=!3m1!1e3"
91318,PAPUA BARAT,KAB. TELUK BINTUNI,Dataran Beimes,-1.54572695,133.65345615,8872a20d2bfffff,0.0,3.0,806.0,500-2k,5,KOPERASI DESA MERAH PUTIH MENCI,,,,862.6536254882812,59.5374755859375,10.0,Tree cover,True,True,False,False,True,3,"https://www.google.com/maps/@-1.54572695,133.65345615,250m/data=!3m1!1e3"
87802,PAPUA BARAT,KAB. TELUK BINTUNI,Moskona Selatan,-1.80802441,133.13457705,8872b196d1fffff,0.0,3.0,765.0,500-2k,5,KOPERASI DESA MERAH PUTIH JAGIRO,,,,70.83255767822266,30.699047088623047,10.0,Tree cover,True,True,False,False,True,3,"https://www.google.com/maps/@-1.80802441,133.13457705,250m/data=!3m1!1e3"
91345,PAPUA BARAT,KAB. TELUK BINTUNI,Babo,-2.60402241,133.60836273,8872b12ad1fffff,0.0,3.0,434.0,<500,5,KOPERASI KELURAHAN MERAH PUTIH NUSEI,,,,3.9253411293029785,33.31174087524414,95.0,Mangrove,True,True,False,False,True,3,"https://www.google.com/maps/@-2.60402241,133.60836273,250m/data=!3m1!1e3"
89432,PAPUA BARAT,KAB. TELUK WONDAMA,Wasior,-2.68342416,134.6171405,887284650bfffff,0.0,3.0,92.0,<500,5,KOPERASI DESA MERAH PUTIH KAMPUNG RADO,,,,992.064208984375,51.79815673828125,10.0,Tree cover,True,True,False,False,True,3,"https://www.google.com/maps/@-2.68342416,134.6171405,250m/data=!3m1!1e3"
90525,PAPUA BARAT,KAB. TELUK WONDAMA,Kuri Wamesa,-2.80629518,134.37581419,8872846b0bfffff,0.0,3.0,998.0,500-2k,5,KOPERASI DESA MERAH PUTIH NANIMORI,,,,239.87876892089844,22.587860107421875,10.0,Tree cover,True,True,False,False,True,3,"https://www.google.com/maps/@-2.80629518,134.37581419,250m/data=!3m1!1e3"
85925,PAPUA BARAT,KAB. FAK FAK,Bomberay,-2.96236567,132.84900967,8872b149c9fffff,0.0,3.0,297.0,<500,5,KOPERASI DESA MERAH PUTIH WONO REJO KECAMATAN BOMBERAY,Wono Rejo,Terverifikasi,Agrinas,9.866190910339355,19.834020614624023,10.0,Tree cover,True,True,False,False,True,3,"https://www.google.com/maps/@-2.96236567,132.84900967,250m/data=!3m1!1e3"
88728,PAPUA BARAT,KAB. KAIMANA,Teluk Arguni Bawah,-3.28590978,133.52138078,887286c033fffff,0.0,3.0,177.0,<500,5,KOPERASI DESA MERAH PUTIH INARI,,,,15.299195289611816,17.78290557861328,10.0,Tree cover,True,True,False,False,True,3,"https://www.google.com/maps/@-3.28590978,133.52138078,250m/data=!3m1!1e3"
90233,PAPUA BARAT,KAB. KAIMANA,Kambrau,-3.43561276,133.40241022,887286c959fffff,0.0,3.0,793.0,500-2k,5,KOPERASI DESA MERAH PUTIH UBIA SERMUKU,,,,31.337932586669922,20.21657371520996,10.0,Tree cover,True,True,False,False,True,3,"https://www.google.com/maps/@-3.43561276,133.40241022,250m/data=!3m1!1e3"
88855,PAPUA BARAT,KAB. KAIMANA,Teluk Arguni Atas,-2.87068122,133.87378887,887286875dfffff,0.0,3.0,563.0,500-2k,5,KOPERASI DESA MERAH PUTIH TIWARA,Tiwara,Tidak Ada Lahan,,314.9407958984375,55.4085693359375,10.0,Tree cover,True,True,False,False,True,3,"https://www.google.com/maps/@-2.87068122,133.87378887,250m/data=!3m1!1e3"
49562,KALIMANTAN BARAT,KAB. KAPUAS HULU,Selimbau,0.86268239,112.3526925,8868b0ae69fffff,0.0,4.0,855.0,500-2k,5,KOPERASI DESA MERAH PUTIH TEMPURAU,,,,39.85422897338867,14.85175895690918,10.0,Tree cover,True,True,False,False,True,3,"https://www.google.com/maps/@0.86268239,112.3526925,250m/data=!3m1!1e3"
22643,KALIMANTAN BARAT,KAB. KAYONG UTARA,Pulau Maya,-1.03737731,109.55641792,888cb301dbfffff,0.0,4.0,848.0,500-2k,5,KOPERASI DESA MERAH PUTIH DUSUN KECIL KECAMATAN PULAU MAYA,Dusun Kecil,Sedang Diverifikasi,KOPERASI,18.019100189208984,6.56600284576416,10.0,Tree cover,True,True,False,False,True,3,"https://www.google.com/maps/@-1.03737731,109.55641792,250m/data=!3m1!1e3"
56345,SULAWESI UTARA,KAB. BOLAANG MONGONDOW UTARA,Bintauna,0.7195762,123.5323759,8868ce58b9fffff,0.0,4.0,152.0,<500,5,KOPERASI DESA MERAH PUTIH MOME,Mome,Tidak Ada Lahan,,302.0992431640625,35.774444580078125,10.0,Tree cover,True,True,False,False,True,3,"https://www.google.com/maps/@0.7195762,123.5323759,250m/data=!3m1!1e3"
9356,SUMATERA SELATAN,KAB. BANYUASIN,Banyuasin II,-1.78355701,104.3417901,888c88baabfffff,0.0,4.0,94.0,<500,5,KOPERASI DESA MERAH PUTIH TANAH PILIH,Tanah Pilih,Terverifikasi,Agrinas,25.8619441986084,5.773761749267578,10.0,Tree cover,True,True,False,False,True,3,"https://www.google.com/maps/@-1.78355701,104.3417901,250m/data=!3m1!1e3"
70422,KALIMANTAN TIMUR,KAB. BERAU,Kelay,1.92584842,116.720587,8868abd8cbfffff,0.0,4.0,151.0,<500,5,KOPERASI DESA MERAH PUTIH LONG PELAY,Long Pelay,Sedang Diverifikasi,KEMENTERIAN KESEHATAN,244.14215087890625,39.11183166503906,10.0,Tree cover,True,True,False,False,True,3,"https://www.google.com/maps/@1.92584842,116.720587,250m/data=!3m1!1e3"
38217,KALIMANTAN TIMUR,KAB. KUTAI TIMUR,Batu Ampar,0.77078807,116.9735841,88688c0e17fffff,0.0,4.0,733.0,500-2k,5,KOPERASI DESA MERAH PUTIH MUGI RAHAYU KECAMATAN BATU AMPAR,Mugi Rahayu,Terverifikasi,Agrinas,118.59637451171875,29.071372985839844,10.0,Tree cover,True,True,False,False,True,3,"https://www.google.com/maps/@0.77078807,116.9735841,250m/data=!3m1!1e3"
7565,KALIMANTAN TIMUR,KAB. KUTAI KARTANEGARA,Muara Kaman,-0.04669451,116.6040423,88688e143bfffff,0.0,4.0,922.0,500-2k,5,KOPERASI DESA MERAH PUTIH MUARA SIRAN,Muara Siran,Tidak Ada Lahan,,0.0,0.0,10.0,Tree cover,True,True,False,False,True,3,"https://www.google.com/maps/@-0.04669451,116.6040423,250m/data=!3m1!1e3"
18244,KALIMANTAN TIMUR,KAB. KUTAI KARTANEGARA,Tabang,0.68730198,115.8227187,886881024dfffff,0.0,4.0,95.0,<500,5,KOPERASI DESA MERAH PUTIH MUARA SALUNG,,,,234.4046173095703,53.409637451171875,10.0,Tree cover,True,True,False,False,True,3,"https://www.google.com/maps/@0.68730198,115.8227187,250m/data=!3m1!1e3"
75648,KALIMANTAN TIMUR,KAB. MAHAKAM ULU,Long Bagun,0.64284873,115.1255375,886880a199fffff,0.0,4.0,266.0,<500,5,KOPERASI DESA MERAH PUTIH LONG BAGUN ULU,Long Bagun Ulu,Sedang Diverifikasi,PMO,337.89630126953125,42.75482177734375,10.0,Tree cover,True,True,False,False,True,3,"https://www.google.com/maps/@0.64284873,115.1255375,250m/data=!3m1!1e3"
22329,KALIMANTAN TENGAH,KAB. MURUNG RAYA,Permata Intan,-0.82004566,114.3768505,88688219a5fffff,0.0,4.0,162.0,<500,5,KOPERASI DESA MERAH PUTIH TUMBANG SALIO,Tumbang Salio,Terverifikasi,BUSINESS ASSISTANCE,0.0,0.0,10.0,Tree cover,True,True,False,False,True,3,"https://www.google.com/maps/@-0.82004566,114.3768505,250m/data=!3m1!1e3"
59145,KALIMANTAN TENGAH,KAB. KATINGAN,Katingan Hulu,-0.82022568,112.3774202,8868948759fffff,0.0,4.0,14.0,<500,5,KOPERASI DESA MERAH PUTIH KIHAM BATANG,,,,0.0,0.0,10.0,Tree cover,True,True,False,False,True,3,"https://www.google.com/maps/@-0.82022568,112.3774202,250m/data=!3m1!1e3"
79473,KALIMANTAN TENGAH,KAB. KATINGAN,Katingan Hulu,-1.20241743,112.2523201,886894c483fffff,0.0,4.0,158.0,<500,5,KOPERASI DESA MERAH PUTIH TUMBANG MAHOP,,,,136.14569091796875,22.160202026367188,10.0,Tree cover,True,True,False,False,True,3,"https://www.google.com/maps/@-1.20241743,112.2523201,250m/data=!3m1!1e3"
84600,KALIMANTAN TENGAH,KAB. SERUYAN,Suling Tambun,-1.39482531,111.6800296,888cb6cda5fffff,0.0,4.0,108.0,<500,5,KOPERASI DESA MERAH PUTIH TUMBANG LANGKAI,Tumbang Langkai,Tidak Ada Lahan,,230.92755126953125,58.99024963378906,10.0,Tree cover,True,True,False,False,True,3,"https://www.google.com/maps/@-1.39482531,111.6800296,250m/data=!3m1!1e3"
61389,KALIMANTAN TENGAH,KAB. KAPUAS,Mantangai,-2.36113701,114.5726202,88689ed4a5fffff,0.0,4.0,50.0,<500,5,KOPERASI DESA MERAH PUTIH MANTANGAI HULU,Mantangai Hulu,Tidak Ada Lahan,,3.3683247566223145,0.7185790538787842,10.0,Tree cover,True,True,False,False,True,3,"https://www.google.com/maps/@-2.36113701,114.5726202,250m/data=!3m1!1e3"
42527,KALIMANTAN TENGAH,KAB. BARITO SELATAN,Dusun Utara,-1.48099417,114.7032196,88689cd8e1fffff,0.0,4.0,13.0,<500,5,KOPERASI DESA MERAH PUTIH MARAWAN LAMA,Marawan Lama,Sedang Diverifikasi,KOPERASI,67.48680877685547,25.746002197265625,10.0,Tree cover,True,True,False,False,True,3,"https://www.google.com/maps/@-1.48099417,114.7032196,250m/data=!3m1!1e3"
60959,NUSA TENGGARA BARAT,KAB. BIMA,Sape,-8.43028792,119.2947586,88951e52d9fffff,0.0,4.0,15.0,<500,5,KOPERASI DESA MERAH PUTIH BAJO PULAU SAPE,Bajo Pulau,Sedang Diverifikasi,KOPERASI,27.534500122070312,77.73252868652344,30.0,Grassland,True,False,False,True,True,3,"https://www.google.com/maps/@-8.43028792,119.2947586,250m/data=!3m1!1e3"
28168,KEPULAUAN RIAU,KAB. NATUNA,Subi,2.8961549,108.8215541,88699316e1fffff,0.0,4.0,29.0,<500,5,KOPERASI DESA MERAH PUTIH SUBI BESAR,Subi Besar,Terverifikasi,Agrinas,16.59251594543457,15.245708465576172,10.0,Tree cover,True,True,False,False,True,3,"https://www.google.com/maps/@2.8961549,108.8215541,250m/data=!3m1!1e3"
71251,KALIMANTAN UTARA,KAB. BULUNGAN,Sekatak,3.17218321,116.9097484,8868ad696bfffff,0.0,4.0,76.0,<500,5,KOPERASI DESA MERAH PUTIH TENGGILING,,,,243.82769775390625,52.85528564453125,10.0,Tree cover,True,True,False,False,True,3,"https://www.google.com/maps/@3.17218321,116.9097484,250m/data=!3m1!1e3"
19102,KALIMANTAN UTARA,KAB. MALINAU,Malinau Utara,3.757334,116.568935,8868adce19fffff,0.0,4.0,79.0,<500,5,KOPERASI DESA MERAH PUTIH BELAYAN,Belayan,Sedang Diverifikasi,KEMENTERIAN KESEHATAN,100.84474182128906,51.16062927246094,10.0,Tree cover,True,True,False,False,True,3,"https://www.google.com/maps/@3.757334,116.568935,250m/data=!3m1!1e3"
38886,MALUKU,KAB. KEPULAUAN ARU,Aru Tengah,-6.19307009,134.2789718,887293ace5fffff,0.0,4.0,459.0,<500,5,KOPERASI DESA MERAH PUTIH GARDAKAU,Gardakau,Sedang Diverifikasi,KOPERASI,45.15081024169922,15.86996841430664,10.0,Tree cover,True,True,False,False,True,3,"https://www.google.com/maps/@-6.19307009,134.2789718,250m/data=!3m1!1e3"
35218,MALUKU,KAB. KEPULAUAN ARU,Aru Selatan Timur,-6.82673371,134.1342732,8872936527fffff,0.0,4.0,82.0,<500,5,KOPERASI DESA MERAH PUTIH DOSIMAR,Dosimar,Sedang Diverifikasi,KOPERASI,91.56214141845703,26.48676300048828,10.0,Tree cover,True,True,False,False,True,3,"https://www.google.com/maps/@-6.82673371,134.1342732,250m/data=!3m1!1e3"
80538,MALUKU,KAB. SERAM BAGIAN TIMUR,Werinama,-3.52554993,130.3326316,88954d8117fffff,0.0,4.0,459.0,<500,5,KOPERASI DESA MERAH PUTIH NEGERI ADMINISTRATIF OSONG,Osong,Sedang Diverifikasi,KOPERASI,110.35147857666016,33.80353546142578,10.0,Tree cover,True,True,False,False,True,3,"https://www.google.com/maps/@-3.52554993,130.3326316,250m/data=!3m1!1e3"
83243,MALUKU,KAB. SERAM BAGIAN TIMUR,Siwalalat,-3.22456473,129.91626,88956b770bfffff,0.0,4.0,356.0,<500,5,KOPERASI DESA MERAH PUTIH NEGERI ADMINISTRATIF LILIAMA,Liliama,Sedang Diverifikasi,KOPERASI,227.69805908203125,51.8819580078125,10.0,Tree cover,True,True,False,False,True,3,"https://www.google.com/maps/@-3.22456473,129.91626,250m/data=!3m1!1e3"
85534,MALUKU,KAB. SERAM BAGIAN TIMUR,Siwalalat,-3.23702133,129.9489275,88956b7469fffff,0.0,4.0,275.0,<500,5,KOPERASI DESA MERAH PUTIH NEGERI ADMINISTRATIF POLIN,Polin,Terverifikasi,KOPERASI,743.0003662109375,57.5382080078125,10.0,Tree cover,True,True,False,False,True,3,"https://www.google.com/maps/@-3.23702133,129.9489275,250m/data=!3m1!1e3"
51333,MALUKU,KAB. MALUKU BARAT DAYA,Wetar Timur,-7.64607856,126.6304486,88955e5a63fffff,0.0,4.0,305.0,<500,5,KOPERASI DESA MERAH PUTIH MONING,Moning,Terverifikasi,Agrinas,392.12017822265625,54.11456298828125,10.0,Tree cover,True,True,False,False,True,3,"https://www.google.com/maps/@-7.64607856,126.6304486,250m/data=!3m1!1e3"
66132,MALUKU,KAB. BURU,Air Buaya,-3.26867573,126.4873285,889544b931fffff,0.0,4.0,167.0,<500,5,KOPERASI DESA MERAH PUTIH WAEPURE,Waepure,Terverifikasi,Agrinas,1452.28662109375,53.16357421875,10.0,Tree cover,True,True,False,False,True,3,"https://www.google.com/maps/@-3.26867573,126.4873285,250m/data=!3m1!1e3"
11749,SULAWESI TENGGARA,KAB. BUTON UTARA,Kulisusu Barat,-4.56564229,122.9894343,88950db761fffff,0.0,4.0,102.0,<500,5,KOPERASI DESA MERAH PUTIH LAMBALE,Lambale,Terverifikasi,Agrinas,157.60885620117188,28.3065185546875,10.0,Tree cover,True,True,False,False,True,3,"https://www.google.com/maps/@-4.56564229,122.9894343,250m/data=!3m1!1e3"
75110,SULAWESI TENGAH,KAB. BANGGAI,Bunta,-0.90000646,122.4553019,8868dea515fffff,0.0,4.0,301.0,<500,5,KOPERASI DESA MERAH PUTIH BALANGA KECAMATAN BUNTA KABUPATEN BANGGAI PROVINSI SULAWESI TENGAH,Balanga,Tidak Ada Lahan,,0.0,0.0,10.0,Tree cover,True,True,False,False,True,3,"https://www.google.com/maps/@-0.90000646,122.4553019,250m/data=!3m1!1e3"
88507,PAPUA BARAT DAYA,KAB. MAYBRAT,Aifat Utara,-1.07279048,132.53627943,8872b5b363fffff,0.0,4.0,709.0,500-2k,5,KOPERASI DESA MERAH PUTIH KAMPUNG IRATA,Irata,Sedang Diverifikasi,KOPERASI,467.7427062988281,21.4609375,10.0,Tree cover,True,True,False,False,True,3,"https://www.google.com/maps/@-1.07279048,132.53627943,250m/data=!3m1!1e3"
88825,PAPUA BARAT DAYA,KAB. MAYBRAT,Aifat Timur,-1.65291649,132.69379975,8872b53863fffff,0.0,4.0,32.0,<500,5,KOPERASI DESA MERAH PUTIH KAMPUNG SAHBUKU,Sahbuku,Sedang Diverifikasi,KOPERASI,98.293212890625,5.3303070068359375,10.0,Tree cover,True,True,False,False,True,3,"https://www.google.com/maps/@-1.65291649,132.69379975,250m/data=!3m1!1e3"
89543,PAPUA BARAT DAYA,KAB. RAJA AMPAT,Kofiau,-1.18054309,129.7100926,88956d3987fffff,0.0,4.0,607.0,500-2k,5,KOPERASI DESA MERAH PUTIH TOLOBI,,,,24.53620147705078,8.615795135498047,10.0,Tree cover,True,True,False,False,True,3,"https://www.google.com/maps/@-1.18054309,129.7100926,250m/data=!3m1!1e3"
90593,PAPUA BARAT DAYA,KAB. SORONG SELATAN,Kokoda Utara,-1.93020068,132.4228711,8872b57a39fffff,0.0,4.0,638.0,500-2k,5,KOPERASI DESA MERAH PUTIH ATORI,,,,10.647272109985352,2.5594701766967773,10.0,Tree cover,True,True,False,False,True,3,"https://www.google.com/maps/@-1.93020068,132.4228711,250m/data=!3m1!1e3"
89898,PAPUA BARAT DAYA,KAB. TAMBRAUW,Bamusbama,-0.67802707,132.22502003,88739b270dfffff,0.0,4.0,376.0,<500,5,KOPERASI DESA MERAH PUTIH ESPOS,,,,980.8318481445312,49.6495361328125,10.0,Tree cover,True,True,False,False,True,3,"https://www.google.com/maps/@-0.67802707,132.22502003,250m/data=!3m1!1e3"
88666,PAPUA BARAT DAYA,KAB. TAMBRAUW,Kasi,-0.82567357,133.33115246,8872a2903dfffff,0.0,4.0,440.0,<500,5,KOPERASI DESA MERAH PUTIH KAMPUNG KASI INOM,,,,857.8073120117188,29.53436279296875,10.0,Tree cover,True,True,False,False,True,3,"https://www.google.com/maps/@-0.82567357,133.33115246,250m/data=!3m1!1e3"
90550,PAPUA BARAT DAYA,KAB. TAMBRAUW,Manekar,-0.91169165,133.04941118,8872a6619bfffff,0.0,4.0,913.0,500-2k,5,KOPERASI DESA MERAH PUTIH KAMPUNG AKMURI,,,,993.2950439453125,52.2265625,10.0,Tree cover,True,True,False,False,True,3,"https://www.google.com/maps/@-0.91169165,133.04941118,250m/data=!3m1!1e3"
26903,PAPUA,KAB. KEPULAUAN YAPEN,Pulau Yerui,-1.49979759,135.19942185,8872859227fffff,0.0,4.0,290.0,<500,5,KOPERASI DESA MERAH PUTIH YEITUARAU,,,,193.06211853027344,49.113677978515625,10.0,Tree cover,True,True,False,False,True,3,"https://www.google.com/maps/@-1.49979759,135.19942185,250m/data=!3m1!1e3"
38853,PAPUA,KAB. KEEROM,Web,-3.65182356,140.8610315,8872d0930dfffff,0.0,4.0,857.0,500-2k,5,KOPERASI DESA MERAH PUTIH KAMPUNG UMURAF,Umuraf,Sedang Diverifikasi,KOPERASI,305.5249938964844,43.57666015625,10.0,Tree cover,True,True,False,False,True,3,"https://www.google.com/maps/@-3.65182356,140.8610315,250m/data=!3m1!1e3"
64455,PAPUA,KAB. KEEROM,Waris,-3.31380753,140.8595762,8872d42209fffff,0.0,4.0,640.0,500-2k,5,KOPERASI DESA MERAH PUTIH KAMPUNG BOMPAY,Bompai,Sedang Diverifikasi,KOPERASI,384.434326171875,54.59527587890625,10.0,Tree cover,True,True,False,False,True,3,"https://www.google.com/maps/@-3.31380753,140.8595762,250m/data=!3m1!1e3"
53866,PAPUA,KAB. JAYAPURA,Demta,-2.40142868,140.0188078,8872f23115fffff,0.0,4.0,209.0,<500,5,KOPERASI DESA MERAH PUTIH KAMPUNG MUAIF,Muaif,Tidak Ada Lahan,,22.6140193939209,12.55636215209961,10.0,Tree cover,True,True,False,False,True,3,"https://www.google.com/maps/@-2.40142868,140.0188078,250m/data=!3m1!1e3"
89878,PAPUA,KAB. WAROPEN,Masirei,-2.32923362,136.85640152,8872aa60a1fffff,0.0,4.0,580.0,500-2k,5,KOPERASI DESA MERAH PUTIH SAURI SIRAMI,,,,279.1875915527344,56.58660888671875,10.0,Tree cover,True,True,False,False,True,3,"https://www.google.com/maps/@-2.32923362,136.85640152,250m/data=!3m1!1e3"
88262,PAPUA,KAB. SARMI,Sarmi Selatan,-1.85870333,138.64651153,8872f64159fffff,0.0,4.0,747.0,500-2k,5,KOPERASI DESA MERAH PUTIH AMSIRA,Amsira,Sedang Diverifikasi,KOPERASI,29.63993263244629,14.620271682739258,10.0,Tree cover,True,True,False,False,True,3,"https://www.google.com/maps/@-1.85870333,138.64651153,250m/data=!3m1!1e3"
91950,PAPUA,KAB. MAMBERAMO RAYA,Sawai,-2.10439607,137.2875915,8872ab5969fffff,0.0,4.0,218.0,<500,5,KOPERASI DESA MERAH PUTIH SORABI,Sorabi,Sedang Diverifikasi,KOPERASI,12.093213081359863,6.961931228637695,10.0,Tree cover,True,True,False,False,True,3,"https://www.google.com/maps/@-2.10439607,137.2875915,250m/data=!3m1!1e3"
91005,PAPUA,KAB. MAMBERAMO RAYA,Benuki,-2.27829573,137.51154278,88728cb359fffff,0.0,4.0,75.0,<500,5,KOPERASI DESA MERAH PUTIH BAITANISA,,,,141.1635284423828,45.078758239746094,10.0,Tree cover,True,True,False,False,True,3,"https://www.google.com/maps/@-2.27829573,137.51154278,250m/data=!3m1!1e3"
87790,PAPUA BARAT,KAB. TELUK BINTUNI,Moskona Barat,-1.59296691,133.06375194,8872b52417fffff,0.0,4.0,179.0,<500,5,KOPERASI DESA MERAH PUTIH ISTIWKEM,Istiwkem,Tidak Ada Lahan,,180.99598693847656,37.328125,10.0,Tree cover,True,True,False,False,True,3,"https://www.google.com/maps/@-1.59296691,133.06375194,250m/data=!3m1!1e3"
93560,PAPUA BARAT,KAB. TELUK BINTUNI,Moskona Barat,-1.65774767,132.89416018,8872b521c3fffff,0.0,4.0,739.0,500-2k,5,KOPERASI KELURAHAN MERAH PUTIH MEYERGA,Meyerga,Tidak Ada Lahan,,49.341068267822266,4.518001556396484,10.0,Tree cover,True,True,False,False,True,3,"https://www.google.com/maps/@-1.65774767,132.89416018,250m/data=!3m1!1e3"
91262,PAPUA BARAT,KAB. TELUK WONDAMA,Roswar,-2.02441926,134.38780143,8872841653fffff,0.0,4.0,458.0,<500,5,KOPERASI DESA MERAH PUTIH KAMPUNG SYEIWAR,,,,223.1361541748047,45.89277648925781,10.0,Tree cover,True,True,False,False,True,3,"https://www.google.com/maps/@-2.02441926,134.38780143,250m/data=!3m1!1e3"
71036,KALIMANTAN BARAT,KAB. KAPUAS HULU,Bunut Hilir,0.68200199,112.6450955,8868b1c917fffff,0.0,5.0,442.0,<500,5,KOPERASI DESA MERAH PUTIH NANGA TUAN,,,,43.32283401489258,8.928966522216797,10.0,Tree cover,True,True,False,False,True,3,"https://www.google.com/maps/@0.68200199,112.6450955,250m/data=!3m1!1e3"
75607,KALIMANTAN BARAT,KAB. KAPUAS HULU,Batang Lupar,1.01295266,112.3818177,8868b0b595fffff,0.0,5.0,904.0,500-2k,5,KOPERASI DESA MERAH PUTIH SUNGAI AJUNG,,,,58.313480377197266,7.935188293457031,10.0,Tree cover,True,True,False,False,True,3,"https://www.google.com/maps/@1.01295266,112.3818177,250m/data=!3m1!1e3"
27976,KALIMANTAN BARAT,KAB. SINTANG,Ambalau,-0.13636014,112.7278549,8868b30249fffff,0.0,5.0,843.0,500-2k,5,KOPERASI DESA MERAH PUTIH PURUT BERIBIT,Purut Beribit,Tidak Ada Lahan,,0.0,0.0,10.0,Tree cover,True,True,False,False,True,3,"https://www.google.com/maps/@-0.13636014,112.7278549,250m/data=!3m1!1e3"
86059,SULAWESI UTARA,KAB. BOLAANG MONGONDOW UTARA,Bolangitang Timur,0.66546616,123.449776,8868dd96d9fffff,0.0,5.0,35.0,<500,5,KOPERASI DESA MERAH PUTIH BINJEITA,Binjeita,Sedang Diverifikasi,KOPERASI,672.4083862304688,45.85009765625,10.0,Tree cover,True,True,False,False,True,3,"https://www.google.com/maps/@0.66546616,123.449776,250m/data=!3m1!1e3"
78801,KALIMANTAN TIMUR,KAB. BERAU,Biatan,1.38931257,117.9545446,88688dba47fffff,0.0,5.0,826.0,500-2k,5,KOPERASI DESA MERAH PUTIH BIATAN ULU,Biatan Ulu,Sedang Diverifikasi,BUSINESS ASSISTANCE,222.75465393066406,25.988021850585938,10.0,Tree cover,True,True,False,False,True,3,"https://www.google.com/maps/@1.38931257,117.9545446,250m/data=!3m1!1e3"
48946,KALIMANTAN TIMUR,KAB. KUTAI TIMUR,Karangan,1.42202486,117.445499,8868ab6e1dfffff,0.0,5.0,191.0,<500,5,KOPERASI DESA MERAH PUTIH KARANGAN DALAM,Karangan Dalam,Terverifikasi,KOPERASI,196.18243408203125,31.830230712890625,10.0,Tree cover,True,True,False,False,True,3,"https://www.google.com/maps/@1.42202486,117.445499,250m/data=!3m1!1e3"
73497,KALIMANTAN TIMUR,KAB. KUTAI TIMUR,Karangan,1.15608338,117.5076032,88688dc213fffff,0.0,5.0,618.0,500-2k,5,KOPERASI DESA MERAH PUTIH BAAY KECAMATAN KARANGAN,Baay,Sedang Diverifikasi,KOPERASI,71.83618927001953,22.294750213623047,10.0,Tree cover,True,True,False,False,True,3,"https://www.google.com/maps/@1.15608338,117.5076032,250m/data=!3m1!1e3"
18120,KALIMANTAN TIMUR,KAB. KUTAI KARTANEGARA,Tabang,0.5332376,115.8272139,8868810a13fffff,0.0,5.0,83.0,<500,5,KOPERASI DESA MERAH PUTIH UMAQ BEKUAY,,,,134.6620635986328,56.46965026855469,10.0,Tree cover,True,True,False,False,True,3,"https://www.google.com/maps/@0.5332376,115.8272139,250m/data=!3m1!1e3"
45426,KALIMANTAN TIMUR,KAB. PASER,Long Kali,-1.26802403,115.9331218,88689dcc39fffff,0.0,5.0,304.0,<500,5,KOPERASI DESA MERAH PUTIH KEPALA TELAKE,Kepala Telake,Tidak Ada Lahan,,137.39678955078125,43.99822235107422,10.0,Tree cover,True,True,False,False,True,3,"https://www.google.com/maps/@-1.26802403,115.9331218,250m/data=!3m1!1e3"
82335,KALIMANTAN TIMUR,KAB. MAHAKAM ULU,Laham,0.18272417,115.280271,8868802d49fffff,0.0,5.0,256.0,<500,5,KOPERASI DESA MERAH PUTIH LONG GELAWANG,Long Gelawang,Sedang Diverifikasi,BUSINESS ASSISTANCE,79.94918823242188,14.372467041015625,10.0,Tree cover,True,True,False,False,True,3,"https://www.google.com/maps/@0.18272417,115.280271,250m/data=!3m1!1e3"
21587,RIAU,KAB. BENGKALIS,Bandar Laksamana,1.40353186,101.8473552,8865216e49fffff,0.0,5.0,716.0,500-2k,5,KOPERASI DESA MERAH PUTIH TEMIANG,Temiang,Terverifikasi,Agrinas,25.888912200927734,10.961641311645508,10.0,Tree cover,True,True,False,False,True,3,"https://www.google.com/maps/@1.40353186,101.8473552,250m/data=!3m1!1e3"
77959,KALIMANTAN TENGAH,KAB. KATINGAN,Katingan Hulu,-0.95484004,112.3942387,8868948ee9fffff,0.0,5.0,645.0,500-2k,5,KOPERASI DESA MERAH PUTIH KULUK SAPANGI,Kuluk Sapangi,Sedang Diverifikasi,KOPERASI,0.0,0.0,10.0,Tree cover,True,True,False,False,True,3,"https://www.google.com/maps/@-0.95484004,112.3942387,250m/data=!3m1!1e3"
84773,KALIMANTAN TENGAH,KAB. SERUYAN,Suling Tambun,-1.2312825,111.6017156,888cb642a7fffff,0.0,5.0,298.0,<500,5,KOPERASI DESA MERAH PUTIH TUMBANG MAGIN,Tumbang Magin,Tidak Ada Lahan,,147.9319610595703,15.765182495117188,10.0,Tree cover,True,True,False,False,True,3,"https://www.google.com/maps/@-1.2312825,111.6017156,250m/data=!3m1!1e3"
68922,KALIMANTAN TENGAH,KAB. KAPUAS,Kapuas Tengah,-1.18463625,114.3571973,8868824d19fffff,0.0,5.0,397.0,<500,5,KOPERASI DESA MERAH PUTIH MANIS KARUKUS,Manis,Tidak Ada Lahan,,46.496360778808594,22.40097427368164,10.0,Tree cover,True,True,False,False,True,3,"https://www.google.com/maps/@-1.18463625,114.3571973,250m/data=!3m1!1e3"
49727,KALIMANTAN TENGAH,KAB. KOTAWARINGIN BARAT,Arut Utara,-1.98271277,111.8982698,8868968149fffff,0.0,5.0,872.0,500-2k,5,KOPERASI DESA MERAH PUTIH PANDAU,,,,67.99494934082031,24.352012634277344,10.0,Tree cover,True,True,False,False,True,3,"https://www.google.com/maps/@-1.98271277,111.8982698,250m/data=!3m1!1e3"
38460,ACEH,KAB. GAYO LUES,Blangjerango,3.88587446,97.17030216,88650934a1fffff,0.0,5.0,32.0,<500,5,KOPERASI DESA MERAH PUTIH SYARIAH PENOSAN SEPAKAT,Penosan Sepakat,Tidak Ada Lahan,,2399.42138671875,42.76220703125,10.0,Tree cover,True,True,False,False,True,3,"https://www.google.com/maps/@3.88587446,97.17030216,250m/data=!3m1!1e3"
30069,NUSA TENGGARA BARAT,KAB. LOMBOK UTARA,Kayangan,-8.38837408,116.3661395,8895a58a03fffff,0.0,5.0,949.0,500-2k,5,KOPERASI DESA MERAH PUTIH SELENGEN KECAMATAN KAYANGAN,Selengen,Terverifikasi,Agrinas,1875.6055908203125,87.10107421875,30.0,Grassland,True,False,False,True,True,3,"https://www.google.com/maps/@-8.38837408,116.3661395,250m/data=!3m1!1e3"
30076,NUSA TENGGARA BARAT,KAB. LOMBOK UTARA,Kayangan,-8.38837408,116.3661395,8895a58a03fffff,0.0,5.0,949.0,500-2k,5,KOPERASI DESA MERAH PUTIH SELENGEN,,,,1875.6055908203125,87.10107421875,30.0,Grassland,True,False,False,True,True,3,"https://www.google.com/maps/@-8.38837408,116.3661395,250m/data=!3m1!1e3"
40591,KEPULAUAN RIAU,KAB. NATUNA,Bunguran Utara,4.0186122,108.1033616,886990b221fffff,0.0,5.0,667.0,500-2k,5,KOPERASI DESA MERAH PUTIH KELARIK UTARA,Kelarik Utara,Terverifikasi,Agrinas,26.432323455810547,17.411300659179688,10.0,Tree cover,True,True,False,False,True,3,"https://www.google.com/maps/@4.0186122,108.1033616,250m/data=!3m1!1e3"
84407,MALUKU,KAB. SERAM BAGIAN TIMUR,Tutuk Tolu,-3.59886945,130.7546336,88954da115fffff,0.0,5.0,991.0,500-2k,5,KOPERASI DESA MERAH PUTIH NEGERI KILBAT,Kilbat,Sedang Diverifikasi,KOPERASI,173.463623046875,55.68243408203125,10.0,Tree cover,True,True,False,False,True,3,"https://www.google.com/maps/@-3.59886945,130.7546336,250m/data=!3m1!1e3"
83270,MALUKU,KAB. SERAM BAGIAN TIMUR,Kilmury,-3.66676177,130.6508389,88954dab4bfffff,0.0,5.0,203.0,<500,5,KOPERASI DESA MERAH PUTIH NEGERI ADMINISTRATIF AFANG DEFOL,Afang Defol,Sedang Diverifikasi,KOPERASI,273.09228515625,44.900909423828125,10.0,Tree cover,True,True,False,False,True,3,"https://www.google.com/maps/@-3.66676177,130.6508389,250m/data=!3m1!1e3"
44340,SULAWESI TENGGARA,KAB. KOLAKA UTARA,Wawo,-3.60410655,121.127195,8895284013fffff,0.0,5.0,876.0,500-2k,5,KOPERASI DESA MERAH PUTIH TINUKARI,Tinukari,Sedang Diverifikasi,KOPERASI,785.2120971679688,58.1868896484375,10.0,Tree cover,True,True,False,False,True,3,"https://www.google.com/maps/@-3.60410655,121.127195,250m/data=!3m1!1e3"
90416,PAPUA BARAT DAYA,KAB. MAYBRAT,Aifat Timur,-1.50086808,132.83072792,8872b53081fffff,0.0,5.0,76.0,<500,5,KOPERASI DESA MERAH PUTIH KAMPUNG SASIOR FRABUKU,Sasior Frabuku,Sedang Diverifikasi,KOPERASI,155.1001739501953,20.008026123046875,10.0,Tree cover,True,True,False,False,True,3,"https://www.google.com/maps/@-1.50086808,132.83072792,250m/data=!3m1!1e3"
87102,PAPUA BARAT DAYA,KAB. SORONG,Bagun,-1.2861669,131.5593149,8872b4b56dfffff,0.0,5.0,707.0,500-2k,5,KOPERASI DESA MERAH PUTIH DISFRA,,,,20.92045783996582,10.8134765625,95.0,Mangrove,True,True,False,False,True,3,"https://www.google.com/maps/@-1.2861669,131.5593149,250m/data=!3m1!1e3"
93061,PAPUA BARAT DAYA,KAB. RAJA AMPAT,Misool Timur,-1.86796513,130.34934012,88956906a7fffff,0.0,5.0,306.0,<500,5,KOPERASI DESA MERAH PUTIH TOMOLOL,Tomolol,Sedang Diverifikasi,PMO,71.40013885498047,18.25415802001953,10.0,Tree cover,True,True,False,False,True,3,"https://www.google.com/maps/@-1.86796513,130.34934012,250m/data=!3m1!1e3"
90301,PAPUA BARAT DAYA,KAB. SORONG SELATAN,Kokoda,-2.13321557,132.55275033,8872b56837fffff,0.0,5.0,353.0,<500,5,KOPERASI DESA MERAH PUTIH KAMPUNG MIGIRITO,Migrito,Tidak Ada Lahan,,25.56345558166504,9.841348648071289,10.0,Tree cover,True,True,False,False,True,3,"https://www.google.com/maps/@-2.13321557,132.55275033,250m/data=!3m1!1e3"
89018,PAPUA BARAT DAYA,KAB. TAMBRAUW,Wilhem Roumbouts,-0.82225384,132.6178715,8872a640a1fffff,0.0,5.0,226.0,<500,5,KOPERASI DESA MERAH PUTIH TABAMSERE,,,,1058.764892578125,42.701904296875,10.0,Tree cover,True,True,False,False,True,3,"https://www.google.com/maps/@-0.82225384,132.6178715,250m/data=!3m1!1e3"
42049,PAPUA TENGAH,KAB. NABIRE,Moora,-2.94822559,135.757063,887281c101fffff,0.0,5.0,865.0,500-2k,5,KOPERASI DESA MERAH PUTIH KAMPUNG ARUI,Arui,Tidak Ada Lahan,,106.07882690429688,17.994178771972656,10.0,Tree cover,True,True,False,False,True,3,"https://www.google.com/maps/@-2.94822559,135.757063,250m/data=!3m1!1e3"
82564,KALIMANTAN SELATAN,KAB. KOTABARU,Pulau Sembilan,-4.81105446,115.7989554,8895368d41fffff,0.0,5.0,371.0,<500,5,KOPERASI DESA MERAH PUTIH LABUAN BARAT,Labuan Barat,Sedang Diverifikasi,KOPERASI,358.53265380859375,54.015777587890625,10.0,Tree cover,True,True,False,False,True,3,"https://www.google.com/maps/@-4.81105446,115.7989554,250m/data=!3m1!1e3"
89029,PAPUA,KAB. MAMBERAMO RAYA,Rufaer,-2.77834775,137.45541975,88728c00d5fffff,0.0,5.0,45.0,<500,5,KOPERASI DESA MERAH PUTIH FONA,,,,483.0639343261719,33.9149169921875,10.0,Tree cover,True,True,False,False,True,3,"https://www.google.com/maps/@-2.77834775,137.45541975,250m/data=!3m1!1e3"
91252,PAPUA,KAB. MAMBERAMO RAYA,Waropen Atas,-2.41583204,137.20208309,88728c810bfffff,0.0,5.0,41.0,<500,5,KOPERASI DESA MERAH PUTIH BARIWARO,Bariwaro,Sedang Diverifikasi,KOPERASI,163.26356506347656,19.079864501953125,10.0,Tree cover,True,True,False,False,True,3,"https://www.google.com/maps/@-2.41583204,137.20208309,250m/data=!3m1!1e3"
90858,KALIMANTAN BARAT,KAB. SINTANG,Ketungau Hulu,0.90645867,110.86074739,8868b69659fffff,0.0,6.0,625.0,500-2k,5,KOPERASI DESA MERAH PUTIH NERACI JAYA,,,,0.0,0.0,10.0,Tree cover,True,True,False,False,True,3,"https://www.google.com/maps/@0.90645867,110.86074739,250m/data=!3m1!1e3"
49393,KEPULAUAN BANGKA BELITUNG,KAB. BELITUNG TIMUR,Manggar,-2.50390716,108.5418623,888c84c291fffff,0.0,6.0,6.0,<500,5,KOPERASI DESA MERAH PUTIH BUKU LIMAU,Buku Limau,Terverifikasi,BUSINESS ASSISTANCE,2.213130474090576,2.9533896446228027,95.0,Mangrove,True,True,False,False,True,3,"https://www.google.com/maps/@-2.50390716,108.5418623,250m/data=!3m1!1e3"
69128,SULAWESI UTARA,KAB. BOLAANG MONGONDOW,Lolak,0.71935856,123.9198293,8868ce7a8bfffff,0.0,6.0,417.0,<500,5,KOPERASI DESA MERAH PUTIH BUNTALO TIMUR,,,,588.9486694335938,48.412109375,10.0,Tree cover,True,True,False,False,True,3,"https://www.google.com/maps/@0.71935856,123.9198293,250m/data=!3m1!1e3"
68983,KALIMANTAN TIMUR,KAB. KUTAI BARAT,Siluq Ngurai,-0.92837167,115.9962387,88689d8a2bfffff,0.0,6.0,334.0,<500,5,KOPERASI DESA MERAH PUTIH KENDISIQ,,,,0.0,0.0,10.0,Tree cover,True,True,False,False,True,3,"https://www.google.com/maps/@-0.92837167,115.9962387,250m/data=!3m1!1e3"
71316,SULAWESI SELATAN,KAB. LUWU TIMUR,Mangkutana,-2.20278882,120.5915221,88952c8dedfffff,0.0,6.0,41.0,<500,5,KOPERASI DESA MERAH PUTIH MARGOLEMBO,Margolembo,Terverifikasi,PMO,1243.155029296875,40.3990478515625,10.0,Tree cover,True,True,False,False,True,3,"https://www.google.com/maps/@-2.20278882,120.5915221,250m/data=!3m1!1e3"
48006,RIAU,KAB. INDRAGIRI HULU,Kuala Cenaku,-0.17350443,102.6637746,886525a067fffff,0.0,6.0,105.0,<500,5,KOPERASI DESA MERAH PUTIH SUKA JADI KECAMATAN KUALA CENAKU,Suka Jadi,Terverifikasi,KOPERASI,0.0,0.0,10.0,Tree cover,True,True,False,False,True,3,"https://www.google.com/maps/@-0.17350443,102.6637746,250m/data=!3m1!1e3"
65953,KALIMANTAN TENGAH,KAB. KATINGAN,Marikit,-0.99209076,112.5730521,886894b8adfffff,0.0,6.0,718.0,500-2k,5,KOPERASI DESA MERAH PUTIH TUMBANG TABULUS,,,,0.0,0.0,10.0,Tree cover,True,True,False,False,True,3,"https://www.google.com/maps/@-0.99209076,112.5730521,250m/data=!3m1!1e3"
6878,KALIMANTAN TENGAH,KAB. KAPUAS,Mantangai,-2.17261144,114.3593816,8868916187fffff,0.0,6.0,211.0,<500,5,KOPERASI DESA MERAH PUTIH TUMBANG MANGKUTUP,Tumbang Mangkutup,Sedang Diverifikasi,KOPERASI,12.14423942565918,9.08930778503418,10.0,Tree cover,True,True,False,False,True,3,"https://www.google.com/maps/@-2.17261144,114.3593816,250m/data=!3m1!1e3"
32215,KALIMANTAN TENGAH,KAB. KAPUAS,Mantangai,-2.06863724,114.478849,8868916401fffff,0.0,6.0,555.0,500-2k,5,KOPERASI DESA MERAH PUTIH TUMBANG MUROI,Tumbang Muroi,Tidak Ada Lahan,,27.245492935180664,6.378734588623047,10.0,Tree cover,True,True,False,False,True,3,"https://www.google.com/maps/@-2.06863724,114.478849,250m/data=!3m1!1e3"
79341,NUSA TENGGARA BARAT,KAB. LOMBOK UTARA,Bayan,-8.4012009,116.4029851,8895a58ae3fffff,0.0,6.0,130.0,<500,5,KOPERASI DESA MERAH PUTIH SENARU,Senaru,Terverifikasi,BUSINESS ASSISTANCE,1998.0,0.0,80.0,Water,True,True,False,False,True,3,"https://www.google.com/maps/@-8.4012009,116.4029851,250m/data=!3m1!1e3"
15321,KALIMANTAN UTARA,KAB. TANA TIDUNG,Betayau,3.4081184,116.8392661,8868ad7a43fffff,0.0,6.0,227.0,<500,5,KOPERASI DESA MERAH PUTIH DESA MENDUPO DAN PERIUK,Mendupo,Terverifikasi,BUSINESS ASSISTANCE,84.0307846069336,35.09113311767578,10.0,Tree cover,True,True,False,False,True,3,"https://www.google.com/maps/@3.4081184,116.8392661,250m/data=!3m1!1e3"
82492,MALUKU,KAB. SERAM BAGIAN TIMUR,Teluk Waru,-3.30337947,130.5319171,8872b64865fffff,0.0,6.0,718.0,500-2k,5,KOPERASI DESA MERAH PUTIH NEGERI DAWANG,Dawang,Sedang Diverifikasi,KOPERASI,245.7372283935547,54.766571044921875,10.0,Tree cover,True,True,False,False,True,3,"https://www.google.com/maps/@-3.30337947,130.5319171,250m/data=!3m1!1e3"
22753,MALUKU,KAB. MALUKU BARAT DAYA,Wetar Barat,-7.86963156,125.9381217,8895537a69fffff,0.0,6.0,435.0,<500,5,KOPERASI DESA MERAH PUTIH TELEMAR,,,,580.1128540039062,19.4525146484375,10.0,Tree cover,True,True,False,False,True,3,"https://www.google.com/maps/@-7.86963156,125.9381217,250m/data=!3m1!1e3"
88230,PAPUA BARAT DAYA,KAB. TAMBRAUW,Fef,-0.98109826,132.53886983,8872a649d1fffff,0.0,6.0,59.0,<500,5,KOPERASI DESA MERAH PUTIH IMOR,,,,764.8679809570312,80.57611083984375,30.0,Grassland,True,False,False,True,True,3,"https://www.google.com/maps/@-0.98109826,132.53886983,250m/data=!3m1!1e3"
75089,PAPUA TENGAH,KAB. NABIRE,Wapoga,-2.9234523,136.0770889,8872811125fffff,0.0,6.0,22.0,<500,5,KOPERASI DESA MERAH PUTIH KAMPUNG TAUMI,Taumi,Tidak Ada Lahan,,8.258584022521973,1.6564407348632812,90.0,Herbaceous wetland,True,True,False,False,True,3,"https://www.google.com/maps/@-2.9234523,136.0770889,250m/data=!3m1!1e3"
14554,KALIMANTAN SELATAN,KAB. TANAH BUMBU,Teluk Kepayang,-3.25301909,115.4876736,88689a032dfffff,0.0,6.0,757.0,500-2k,5,KOPERASI DESA MERAH PUTIH TAMUNIH KECAMATAN TELUK KEPAYANG,Tamunih,Sedang Diverifikasi,BUSINESS ASSISTANCE,312.7074279785156,53.372039794921875,10.0,Tree cover,True,True,False,False,True,3,"https://www.google.com/maps/@-3.25301909,115.4876736,250m/data=!3m1!1e3"
88755,PAPUA,KAB. SARMI,Pantai Barat,-1.8601181,138.31141794,8872ab2e2dfffff,0.0,6.0,197.0,<500,5,KOPERASI DESA MERAH PUTIH SAMORKENA,Samorkena,Tidak Ada Lahan,,68.9770278930664,11.413368225097656,10.0,Tree cover,True,True,False,False,True,3,"https://www.google.com/maps/@-1.8601181,138.31141794,250m/data=!3m1!1e3"
93605,PAPUA,KAB. SARMI,Pantai Barat,-1.87042847,138.44455167,8872f65b05fffff,0.0,6.0,191.0,<500,5,KOPERASI DESA MERAH PUTIH SIANTOA,,,,124.81548309326172,46.531494140625,10.0,Tree cover,True,True,False,False,True,3,"https://www.google.com/maps/@-1.87042847,138.44455167,250m/data=!3m1!1e3"
89469,PAPUA,KAB. SARMI,Apawer Hulu,-2.03464469,138.31791209,88728d92a5fffff,0.0,6.0,256.0,<500,5,KOPERASI DESA MERAH PUTIH AIRORAN,Airoran,Sedang Diverifikasi,KOPERASI,193.712158203125,50.132476806640625,10.0,Tree cover,True,True,False,False,True,3,"https://www.google.com/maps/@-2.03464469,138.31791209,250m/data=!3m1!1e3"
91255,PAPUA BARAT,KAB. TELUK BINTUNI,Babo,-2.4702752,133.55473288,8872b131b3fffff,0.0,6.0,435.0,<500,5,KOPERASI DESA MERAH PUTIH AMUTU,,,,28.076078414916992,21.875646591186523,95.0,Mangrove,True,True,False,False,True,3,"https://www.google.com/maps/@-2.4702752,133.55473288,250m/data=!3m1!1e3"
88877,PAPUA BARAT,KAB. KAIMANA,Teluk Arguni Atas,-3.01654317,134.0385526,887286b843fffff,0.0,6.0,383.0,<500,5,KOPERASI DESA MERAH PUTIH BAYEDA,,,,42.11288833618164,15.474494934082031,10.0,Tree cover,True,True,False,False,True,3,"https://www.google.com/maps/@-3.01654317,134.0385526,250m/data=!3m1!1e3"
89098,PAPUA BARAT,KAB. KAIMANA,Teluk Arguni Atas,-2.95912433,133.71304557,887286814dfffff,0.0,6.0,629.0,500-2k,5,KOPERASI DESA MERAH PUTIH SAWATAWERA,Sawatawera,Tidak Ada Lahan,,41.89379119873047,20.9146728515625,10.0,Tree cover,True,True,False,False,True,3,"https://www.google.com/maps/@-2.95912433,133.71304557,250m/data=!3m1!1e3"
90977,PAPUA BARAT,KAB. PEGUNUNGAN ARFAK,Testega,-1.45624925,133.48996828,8872a20a63fffff,0.0,6.0,570.0,500-2k,5,KOPERASI DESA MERAH PUTIH MORUMFEYI,,,,1004.956787109375,54.12738037109375,10.0,Tree cover,True,True,False,False,True,3,"https://www.google.com/maps/@-1.45624925,133.48996828,250m/data=!3m1!1e3"
25556,KALIMANTAN BARAT,KAB. SINTANG,Ambalau,-0.23361387,113.0210625,8868b33a17fffff,0.0,7.0,282.0,<500,5,KOPERASI DESA MERAH PUTIH NANGA MENANTAK,,,,0.0,0.0,10.0,Tree cover,True,True,False,False,True,3,"https://www.google.com/maps/@-0.23361387,113.0210625,250m/data=!3m1!1e3"
18525,KALIMANTAN TIMUR,KAB. KUTAI KARTANEGARA,Kembang Janggut,0.49269429,116.2458626,8868812a8bfffff,0.0,7.0,212.0,<500,5,KOPERASI DESA MERAH PUTIH LONG BELEH MODANG,,,,56.312198638916016,16.17959213256836,10.0,Tree cover,True,True,False,False,True,3,"https://www.google.com/maps/@0.49269429,116.2458626,250m/data=!3m1!1e3"
93022,PAPUA SELATAN,KAB. MERAUKE,Waan,-8.27904333,137.71723554,889cca9589fffff,0.0,7.0,235.0,<500,5,KOPERASI DESA MERAH PUTIH KAMPUNG SABON,,,,2.36234974861145,3.3771395683288574,95.0,Mangrove,True,True,False,False,True,3,"https://www.google.com/maps/@-8.27904333,137.71723554,250m/data=!3m1!1e3"
65903,KALIMANTAN TENGAH,KAB. KATINGAN,Katingan Hulu,-0.96813417,112.3994815,8868948ee1fffff,0.0,7.0,676.0,500-2k,5,KOPERASI DESA MERAH PUTIH TUMBANG KUAI,Tumbang Kuai,Sedang Diverifikasi,BUSINESS ASSISTANCE,0.0,0.0,10.0,Tree cover,True,True,False,False,True,3,"https://www.google.com/maps/@-0.96813417,112.3994815,250m/data=!3m1!1e3"
86925,KALIMANTAN TENGAH,KAB. SERUYAN,Seruyan Hulu,-0.91250691,111.9729543,8868b26e19fffff,0.0,7.0,544.0,500-2k,5,KOPERASI DESA MERAH PUTIH TUMBANG SEPAN KECAMATAN SERUYAN HULU,Tumbang Sepan,Sedang Diverifikasi,BUSINESS ASSISTANCE,188.27993774414062,34.889617919921875,10.0,Tree cover,True,True,False,False,True,3,"https://www.google.com/maps/@-0.91250691,111.9729543,250m/data=!3m1!1e3"
76353,SULAWESI TENGAH,KAB. BANGGAI,Bunta,-0.89533397,122.4119002,8868dea569fffff,0.0,7.0,309.0,<500,5,KOPERASI DESA MERAH PUTIH LONTIO KECAMATAN BUNTA KABUPATEN BANGGAI PROVINSI SULAWESI TENGAH,Lontio,Terverifikasi,Agrinas,0.0,0.0,10.0,Tree cover,True,True,False,False,True,3,"https://www.google.com/maps/@-0.89533397,122.4119002,250m/data=!3m1!1e3"
86434,PAPUA BARAT DAYA,KAB. SORONG,Bagun,-1.23729104,131.6511275,8872b4b417fffff,0.0,7.0,711.0,500-2k,5,KOPERASI DESA MERAH PUTIH KLAWON,Klawon,Sedang Diverifikasi,KOPERASI,37.84335708618164,22.836288452148438,10.0,Tree cover,True,True,False,False,True,3,"https://www.google.com/maps/@-1.23729104,131.6511275,250m/data=!3m1!1e3"
93695,PAPUA BARAT DAYA,KAB. RAJA AMPAT,Misool Barat,-2.04317556,130.23832217,8895690c61fffff,0.0,7.0,828.0,500-2k,5,KOPERASI DESA MERAH PUTIH LILINTA,Lilinta,Sedang Diverifikasi,BUSINESS ASSISTANCE,47.793861389160156,13.640182495117188,10.0,Tree cover,True,True,False,False,True,3,"https://www.google.com/maps/@-2.04317556,130.23832217,250m/data=!3m1!1e3"
84815,PAPUA BARAT DAYA,KAB. TAMBRAUW,Kwesefo,-0.51640045,132.4915087,8872a6cc67fffff,0.0,7.0,176.0,<500,5,KOPERASI DESA MERAH PUTIH SYUBI,,,,420.2777099609375,39.719512939453125,10.0,Tree cover,True,True,False,False,True,3,"https://www.google.com/maps/@-0.51640045,132.4915087,250m/data=!3m1!1e3"
88744,PAPUA,KAB. SARMI,Apawer Hulu,-2.09370917,138.35989073,88728d90b5fffff,0.0,7.0,243.0,<500,5,KOPERASI DESA MERAH PUTIH MANIWA,,,,100.92298126220703,14.886810302734375,10.0,Tree cover,True,True,False,False,True,3,"https://www.google.com/maps/@-2.09370917,138.35989073,250m/data=!3m1!1e3"
90161,PAPUA,KAB. MAMBERAMO RAYA,Mamberamo Tengah,-2.32515788,138.19829936,88728dd6e3fffff,0.0,7.0,251.0,<500,5,KOPERASI DESA MERAH PUTIH MURU MARE,,,,582.139404296875,47.64959716796875,10.0,Tree cover,True,True,False,False,True,3,"https://www.google.com/maps/@-2.32515788,138.19829936,250m/data=!3m1!1e3"
89101,PAPUA,KAB. MAMBERAMO RAYA,Mamberamo Hilir,-1.94423338,137.918202,8872ab72bbfffff,0.0,7.0,272.0,<500,5,KOPERASI DESA MERAH PUTIH BAGUSA,,,,44.810935974121094,26.07342529296875,10.0,Tree cover,True,True,False,False,True,3,"https://www.google.com/maps/@-1.94423338,137.918202,250m/data=!3m1!1e3"
90718,PAPUA,KAB. MAMBERAMO RAYA,Mamberamo Tengah Timur,-2.62654893,138.13583214,88728dcf45fffff,0.0,7.0,162.0,<500,5,KOPERASI DESA MERAH PUTIH ERI,Eri,Sedang Diverifikasi,BUSINESS ASSISTANCE,168.5758514404297,44.575103759765625,10.0,Tree cover,True,True,False,False,True,3,"https://www.google.com/maps/@-2.62654893,138.13583214,250m/data=!3m1!1e3"
73276,PAPUA BARAT,KAB. TELUK BINTUNI,Kuri,-2.50940572,133.8741788,8872b12497fffff,0.0,7.0,309.0,<500,5,KOPERASI DESA MERAH PUTIH SARBE,Sarbe,Tidak Ada Lahan,,13.089425086975098,16.955778121948242,95.0,Mangrove,True,True,False,False,True,3,"https://www.google.com/maps/@-2.50940572,133.8741788,250m/data=!3m1!1e3"
88777,PAPUA BARAT,KAB. KAIMANA,Kambrau,-3.34744314,133.3628944,887286d99dfffff,0.0,7.0,631.0,500-2k,5,KOPERASI DESA MERAH PUTIH WERAFUTA,,,,43.7725715637207,18.244720458984375,10.0,Tree cover,True,True,False,False,True,3,"https://www.google.com/maps/@-3.34744314,133.3628944,250m/data=!3m1!1e3"
49594,KALIMANTAN BARAT,KAB. KETAPANG,Nanga Tayap,-1.44226785,110.7945057,888cb05b21fffff,0.0,8.0,447.0,<500,5,KOPERASI DESA MERAH PUTIH SEBADAK RAYA,Sebadak Raya,Terverifikasi,Agrinas,238.59475708007812,52.02134704589844,10.0,Tree cover,True,True,False,False,True,3,"https://www.google.com/maps/@-1.44226785,110.7945057,250m/data=!3m1!1e3"
55721,KALIMANTAN TIMUR,KAB. BERAU,Maratua,2.1451274,118.5319572,8868f63051fffff,0.0,8.0,48.0,<500,5,KOPERASI DESA MERAH PUTIH PAYUNG PAYUNG,Payung-Payung,Sedang Diverifikasi,KOPERASI,5.983266830444336,5.803369045257568,95.0,Mangrove,True,True,False,False,True,3,"https://www.google.com/maps/@2.1451274,118.5319572,250m/data=!3m1!1e3"
57170,KALIMANTAN TIMUR,KAB. PASER,Long Kali,-1.16548829,116.3022925,88689d070bfffff,0.0,8.0,205.0,<500,5,KOPERASI DESA MERAH PUTIH MUARA TOYU,Muara Toyu,Sedang Diverifikasi,KEMENTERIAN KESEHATAN,288.6475830078125,57.01739501953125,10.0,Tree cover,True,True,False,False,True,3,"https://www.google.com/maps/@-1.16548829,116.3022925,250m/data=!3m1!1e3"
88423,PAPUA SELATAN,KAB. MERAUKE,Naukenjerai,-8.77076297,140.83951047,889cc2956dfffff,0.0,8.0,16.0,<500,5,KOPERASI DESA MERAH PUTIH KAMPUNG TOMERAU,Tomerau,Tidak Ada Lahan,,13.145567893981934,13.09737491607666,10.0,Tree cover,True,True,False,False,True,3,"https://www.google.com/maps/@-8.77076297,140.83951047,250m/data=!3m1!1e3"
93441,PAPUA SELATAN,KAB. MERAUKE,Kaptel,-7.81810697,139.88121762,889cdc84e3fffff,0.0,8.0,321.0,<500,5,KOPERASI DESA MERAH PUTIH KAMPUNG KWEMSID,,,,27.422252655029297,7.591804504394531,10.0,Tree cover,True,True,False,False,True,3,"https://www.google.com/maps/@-7.81810697,139.88121762,250m/data=!3m1!1e3"
76754,RIAU,KAB. SIAK,Dayun,0.65310646,102.1277664,8865218e83fffff,0.0,8.0,855.0,500-2k,5,KOPERASI DESA MERAH PUTIH KAMPUNG DAYUN,Dayun,Terverifikasi,KOPERASI,21.103116989135742,16.747257232666016,10.0,Tree cover,True,True,False,False,True,3,"https://www.google.com/maps/@0.65310646,102.1277664,250m/data=!3m1!1e3"
26940,KALIMANTAN TENGAH,KAB. MURUNG RAYA,Sumber Barito,-0.32952257,114.1826409,8868829a29fffff,0.0,8.0,234.0,<500,5,KOPERASI DESA MERAH PUTIH LAAS BARU,Laas Baru,Sedang Diverifikasi,BUSINESS ASSISTANCE,0.0,0.0,10.0,Tree cover,True,True,False,False,True,3,"https://www.google.com/maps/@-0.32952257,114.1826409,250m/data=!3m1!1e3"
63700,KALIMANTAN TENGAH,KAB. KATINGAN,Tewang Sangalang Garing,-1.76895874,113.4008671,886890a1adfffff,0.0,8.0,897.0,500-2k,5,KOPERASI DESA MERAH PUTIH HAPALAM,Hapalam,Terverifikasi,BUSINESS ASSISTANCE,47.126869201660156,6.850914001464844,10.0,Tree cover,True,True,False,False,True,3,"https://www.google.com/maps/@-1.76895874,113.4008671,250m/data=!3m1!1e3"
70311,KALIMANTAN TENGAH,KAB. KAPUAS,Mandau Talawang,-0.75006049,113.9034108,886895ac91fffff,0.0,8.0,559.0,500-2k,5,KOPERASI DESA MERAH PUTIH LAWANG TAMANG DAN KARETAU MANTAA,Lawang Tamang,Tidak Ada Lahan,,0.0,0.0,10.0,Tree cover,True,True,False,False,True,3,"https://www.google.com/maps/@-0.75006049,113.9034108,250m/data=!3m1!1e3"
39008,MALUKU,KAB. KEPULAUAN ARU,Aru Tengah Timur,-6.30113154,134.60526565,88729ecd6dfffff,0.0,8.0,938.0,500-2k,5,KOPERASI DESA MERAH PUTIH WAILAY KECAMATAN ARU TENGAH TIMUR,Wailay,Tidak Ada Lahan,,34.5542106628418,13.818658828735352,10.0,Tree cover,True,True,False,False,True,3,"https://www.google.com/maps/@-6.30113154,134.60526565,250m/data=!3m1!1e3"
29167,SULAWESI TENGAH,KAB. BANGGAI,Kintom,-1.0692902,122.5786131,8868de36d7fffff,0.0,8.0,147.0,<500,5,KOPERASI DESA MERAH PUTIH ULING KECAMATAN KINTOM,Uling,Terverifikasi,TNI,972.0694580078125,41.83953857421875,10.0,Tree cover,True,True,False,False,True,3,"https://www.google.com/maps/@-1.0692902,122.5786131,250m/data=!3m1!1e3"
89758,PAPUA BARAT DAYA,KAB. MAYBRAT,Aifat Timur,-1.53704478,132.69383906,8872b5316dfffff,0.0,8.0,36.0,<500,5,KOPERASI DESA MERAH PUTIH KAMPUNG SANEM,,,,147.73077392578125,31.243125915527344,10.0,Tree cover,True,True,False,False,True,3,"https://www.google.com/maps/@-1.53704478,132.69383906,250m/data=!3m1!1e3"
59481,PAPUA BARAT DAYA,KAB. SORONG,Bagun,-1.22595041,131.640958,8872b4b41dfffff,0.0,8.0,361.0,<500,5,KOPERASI DESA MERAH PUTIH DISFRA BAGUN KLAWON,,,,27.673006057739258,16.730958938598633,10.0,Tree cover,True,True,False,False,True,3,"https://www.google.com/maps/@-1.22595041,131.640958,250m/data=!3m1!1e3"
88237,PAPUA BARAT DAYA,KAB. SORONG,Bagun,-1.22595041,131.64095802,8872b4b41dfffff,0.0,8.0,361.0,<500,5,KOPERASI DESA MERAH PUTIH KLAWOM,,,,27.673006057739258,16.730958938598633,10.0,Tree cover,True,True,False,False,True,3,"https://www.google.com/maps/@-1.22595041,131.64095802,250m/data=!3m1!1e3"
82505,PAPUA BARAT DAYA,KAB. SORONG SELATAN,Moswaren,-1.60723979,132.2229546,8872b51947fffff,0.0,8.0,874.0,500-2k,5,KOPERASI DESA MERAH PUTIH KAMPUNG JOHSIRO,,,,50.63807678222656,21.156063079833984,10.0,Tree cover,True,True,False,False,True,3,"https://www.google.com/maps/@-1.60723979,132.2229546,250m/data=!3m1!1e3"
54240,KALIMANTAN SELATAN,KAB. TABALONG,Bintang Ara,-1.62293077,115.4573485,88689c7693fffff,0.0,8.0,581.0,500-2k,5,KOPERASI DESA MERAH PUTIH DAMBUNG RAYA,,,,248.22654724121094,49.57977294921875,10.0,Tree cover,True,True,False,False,True,3,"https://www.google.com/maps/@-1.62293077,115.4573485,250m/data=!3m1!1e3"
91599,PAPUA,KAB. SARMI,Apawer Hulu,-2.1988292,138.5006039,88728d8545fffff,0.0,8.0,494.0,<500,5,KOPERASI DESA MERAH PUTIH SURIMANIA,Surimania,Sedang Diverifikasi,KOPERASI,134.7845458984375,27.851364135742188,10.0,Tree cover,True,True,False,False,True,3,"https://www.google.com/maps/@-2.1988292,138.5006039,250m/data=!3m1!1e3"
88846,PAPUA,KAB. MAMBERAMO RAYA,Mamberamo Tengah,-2.06167985,138.20953538,88728d932dfffff,0.0,8.0,230.0,<500,5,KOPERASI DESA MERAH PUTIH SASAKWESAR,,,,207.96246337890625,57.28727722167969,10.0,Tree cover,True,True,False,False,True,3,"https://www.google.com/maps/@-2.06167985,138.20953538,250m/data=!3m1!1e3"
15009,KALIMANTAN BARAT,KAB. KETAPANG,Hulu Sungai,-0.88545071,110.8874817,888cb2c6a9fffff,0.0,9.0,815.0,500-2k,5,KOPERASI DESA MERAH PUTIH KRIO HULU KECAMATAN HULU SUNGAI,,,,104.7726821899414,34.97132873535156,10.0,Tree cover,True,True,False,False,True,3,"https://www.google.com/maps/@-0.88545071,110.8874817,250m/data=!3m1!1e3"
18741,KALIMANTAN TIMUR,KAB. KUTAI KARTANEGARA,Kembang Janggut,0.19398666,116.0825734,8868816e0dfffff,0.0,9.0,323.0,<500,5,KOPERASI DESA MERAH PUTIH PULAU PINANG KEMBANG JANGGUT,Pulau Pinang,Terverifikasi,Agrinas,52.533206939697266,24.054149627685547,10.0,Tree cover,True,True,False,False,True,3,"https://www.google.com/maps/@0.19398666,116.0825734,250m/data=!3m1!1e3"
88071,PAPUA SELATAN,KAB. BOVEN DIGOEL,Ki,-6.48888565,140.15678791,889cdea957fffff,0.0,9.0,87.0,<500,5,KOPERASI DESA MERAH PUTIH KAMPUNG WATEMU,,,,57.43476104736328,21.07120132446289,10.0,Tree cover,True,True,False,False,True,3,"https://www.google.com/maps/@-6.48888565,140.15678791,250m/data=!3m1!1e3"
89959,PAPUA SELATAN,KAB. BOVEN DIGOEL,Kawagit,-5.5356207,140.38770723,8872d251ebfffff,0.0,9.0,317.0,<500,5,KOPERASI DESA MERAH PUTIH KAMPUNG NIOP,,,,71.6556167602539,13.715923309326172,10.0,Tree cover,True,True,False,False,True,3,"https://www.google.com/maps/@-5.5356207,140.38770723,250m/data=!3m1!1e3"
59121,KALIMANTAN TENGAH,KAB. KATINGAN,Bukit Raya,-0.83477367,112.2325378,8868949193fffff,0.0,9.0,487.0,<500,5,KOPERASI DESA MERAH PUTIH TANJUNG BATIK,,,,0.0,0.0,10.0,Tree cover,True,True,False,False,True,3,"https://www.google.com/maps/@-0.83477367,112.2325378,250m/data=!3m1!1e3"
35546,KALIMANTAN TENGAH,KAB. BARITO UTARA,Lahei Barat,-0.63610996,114.9627741,886882358dfffff,0.0,9.0,154.0,<500,5,KOPERASI DESA MERAH PUTIH BENAO HILIR,,,,0.0,0.0,10.0,Tree cover,True,True,False,False,True,3,"https://www.google.com/maps/@-0.63610996,114.9627741,250m/data=!3m1!1e3"
16510,KALIMANTAN UTARA,KAB. MALINAU,Sungai Boh,1.48587632,115.502912,88688530cdfffff,0.0,9.0,114.0,<500,5,KOPERASI DESA MERAH PUTIH LONG LEBUSAN,,,,573.2352294921875,38.55950927734375,10.0,Tree cover,True,True,False,False,True,3,"https://www.google.com/maps/@1.48587632,115.502912,250m/data=!3m1!1e3"
25506,MALUKU,KAB. MALUKU BARAT DAYA,Wetar Selatan,-7.83025751,126.0963498,889553624dfffff,0.0,9.0,642.0,500-2k,5,KOPERASI DESA MERAH PUTIH ARNAU,Arnau,Terverifikasi,Agrinas,1007.0751953125,58.032958984375,10.0,Tree cover,True,True,False,False,True,3,"https://www.google.com/maps/@-7.83025751,126.0963498,250m/data=!3m1!1e3"
36236,MALUKU UTARA,KAB. HALMAHERA TIMUR,Kota Maba,0.86227514,128.1504911,887390069dfffff,0.0,9.0,989.0,500-2k,5,KOPERASI DESA MERAH PUTIH SOALAIPOH,,,,258.31365966796875,57.614044189453125,10.0,Tree cover,True,True,False,False,True,3,"https://www.google.com/maps/@0.86227514,128.1504911,250m/data=!3m1!1e3"
65940,MALUKU UTARA,KAB. HALMAHERA TENGAH,Weda Tengah,0.56793886,127.9783975,8873907257fffff,0.0,9.0,375.0,<500,5,KOPERASI DESA MERAH PUTIH LELILEF SAWAI,,,,702.8445434570312,85.07745361328125,30.0,Grassland,True,False,False,True,True,3,"https://www.google.com/maps/@0.56793886,127.9783975,250m/data=!3m1!1e3"
85182,PAPUA BARAT DAYA,KAB. MAYBRAT,Aifat Selatan,-1.45499675,132.5812202,8872b50601fffff,0.0,9.0,771.0,500-2k,5,KOPERASI DESA MERAH PUTIH KAMPUNG FUOG,Fuog,Sedang Diverifikasi,BUSINESS ASSISTANCE,95.05123138427734,15.062614440917969,10.0,Tree cover,True,True,False,False,True,3,"https://www.google.com/maps/@-1.45499675,132.5812202,250m/data=!3m1!1e3"
84657,PAPUA BARAT,KAB. TELUK BINTUNI,Kaitaro,-2.73603861,133.8103743,8872869623fffff,0.0,9.0,85.0,<500,5,KOPERASI DESA MERAH PUTIH SUGA,,,,7.910057067871094,10.579792022705078,95.0,Mangrove,True,True,False,False,True,3,"https://www.google.com/maps/@-2.73603861,133.8103743,250m/data=!3m1!1e3"
91360,PAPUA BARAT,KAB. FAK FAK,Fak-Fak Timur,-3.12249232,132.49157814,8872b39aa7fffff,0.0,9.0,776.0,500-2k,5,KOPERASI DESA MERAH PUTIH URAT KECAMATAN FAKFAK TIMUR,,,,346.7789611816406,50.608245849609375,10.0,Tree cover,True,True,False,False,True,3,"https://www.google.com/maps/@-3.12249232,132.49157814,250m/data=!3m1!1e3"
89242,PAPUA BARAT,KAB. KAIMANA,Teluk Arguni Atas,-3.2001163,133.88518455,88728610ddfffff,0.0,9.0,302.0,<500,5,KOPERASI DESA MERAH PUTIH GUSI,,,,85.33597564697266,24.340957641601562,10.0,Tree cover,True,True,False,False,True,3,"https://www.google.com/maps/@-3.2001163,133.88518455,250m/data=!3m1!1e3"
91007,PAPUA BARAT,KAB. KAIMANA,Buruway,-3.65367482,133.16940722,8872b32105fffff,0.0,9.0,629.0,500-2k,5,KOPERASI DESA MERAH PUTIH GURIASA,,,,30.68682098388672,20.458667755126953,10.0,Tree cover,True,True,False,False,True,3,"https://www.google.com/maps/@-3.65367482,133.16940722,250m/data=!3m1!1e3"
30109,KALIMANTAN TIMUR,KAB. KUTAI TIMUR,Telen,1.05432655,116.6313738,88688c8941fffff,0.0,10.0,113.0,<500,5,KOPERASI DESA MERAH PUTIH MARAH HALOQ,Marah Haloq,Perlu Verifikasi Lanjutan,Agrinas,143.3009490966797,43.53443908691406,10.0,Tree cover,True,True,False,False,True,3,"https://www.google.com/maps/@1.05432655,116.6313738,250m/data=!3m1!1e3"
89141,PAPUA SELATAN,KAB. BOVEN DIGOEL,Ambatkwi,-5.39173795,140.66622394,8872d20a2dfffff,0.0,10.0,494.0,<500,5,KOPERASI DESA MERAH PUTIH KAMPUNG KUKEN,,,,210.193603515625,54.58934020996094,10.0,Tree cover,True,True,False,False,True,3,"https://www.google.com/maps/@-5.39173795,140.66622394,250m/data=!3m1!1e3"
90504,PAPUA SELATAN,KAB. BOVEN DIGOEL,Ambatkwi,-5.45539014,140.72145121,8872d20835fffff,0.0,10.0,523.0,500-2k,5,KOPERASI DESA MERAH PUTIH KAMPUNG ANYUMKA,,,,195.1650390625,45.72993469238281,10.0,Tree cover,True,True,False,False,True,3,"https://www.google.com/maps/@-5.45539014,140.72145121,250m/data=!3m1!1e3"
89916,PAPUA SELATAN,KAB. BOVEN DIGOEL,Sesnuk,-6.23782035,140.90928834,889cdec94dfffff,0.0,10.0,78.0,<500,5,KOPERASI DESA MERAH PUTIH KAMPUNG KANGGUP,,,,52.06543731689453,13.582515716552734,10.0,Tree cover,True,True,False,False,True,3,"https://www.google.com/maps/@-6.23782035,140.90928834,250m/data=!3m1!1e3"
17426,KALIMANTAN TENGAH,KAB. MURUNG RAYA,Murung,-0.79694799,114.587285,8868820c4dfffff,0.0,10.0,606.0,500-2k,5,KOPERASI DESA MERAH PUTIH MUARA JAAN,Muara Ja'an,Terverifikasi,BUSINESS ASSISTANCE,0.0,0.0,10.0,Tree cover,True,True,False,False,True,3,"https://www.google.com/maps/@-0.79694799,114.587285,250m/data=!3m1!1e3"
5995,KALIMANTAN TENGAH,KAB. BARITO UTARA,Teweh Tengah,-1.11284963,114.5720002,8868827881fffff,0.0,10.0,845.0,500-2k,5,KOPERASI DESA MERAH PUTIH LEMO I,Lemo I,Terverifikasi,Agrinas,79.56365203857422,16.114730834960938,10.0,Tree cover,True,True,False,False,True,3,"https://www.google.com/maps/@-1.11284963,114.5720002,250m/data=!3m1!1e3"
92506,PAPUA PEGUNUNGAN,KAB. YAHUKIMO,Pasema,-0.67440123,132.09289319,88739b222dfffff,0.0,10.0,519.0,500-2k,5,KOPERASI DESA MERAH PUTIH PUPI,,,,580.854248046875,52.5333251953125,10.0,Tree cover,True,True,False,False,True,3,"https://www.google.com/maps/@-0.67440123,132.09289319,250m/data=!3m1!1e3"
15106,KALIMANTAN UTARA,KAB. MALINAU,Sungai Tubu,3.0011204,116.1264028,8868ac6ce1fffff,0.0,10.0,268.0,<500,5,KOPERASI DESA MERAH PUTIH LONG PADA,,,,400.55615234375,49.111846923828125,10.0,Tree cover,True,True,False,False,True,3,"https://www.google.com/maps/@3.0011204,116.1264028,250m/data=!3m1!1e3"
12262,KALIMANTAN UTARA,KAB. TANA TIDUNG,Betayau,3.45050501,117.0984512,8868ad75bbfffff,0.0,10.0,704.0,500-2k,5,KOPERASI DESA MERAH PUTIH BUONG BARU,Buong Baru,Terverifikasi,BUSINESS ASSISTANCE,28.48212242126465,12.06906509399414,10.0,Tree cover,True,True,False,False,True,3,"https://www.google.com/maps/@3.45050501,117.0984512,250m/data=!3m1!1e3"
89071,PAPUA BARAT DAYA,KAB. SORONG,Klayili,-0.91201357,131.62384098,88739b4687fffff,0.0,10.0,366.0,<500,5,KOPERASI DESA MERAH PUTIH KLAYILI KECAMATAN KLAYILI,,,,220.3479766845703,17.985000610351562,10.0,Tree cover,True,True,False,False,True,3,"https://www.google.com/maps/@-0.91201357,131.62384098,250m/data=!3m1!1e3"
90655,PAPUA BARAT DAYA,KAB. SORONG,Klayili,-0.91201357,131.62384098,88739b4687fffff,0.0,10.0,366.0,<500,5,KOPERASI KELURAHAN MERAH PUTIH KLAYILI,,,,220.3479766845703,17.985000610351562,10.0,Tree cover,True,True,False,False,True,3,"https://www.google.com/maps/@-0.91201357,131.62384098,250m/data=!3m1!1e3"
88644,PAPUA BARAT DAYA,KAB. TAMBRAUW,Tobouw,-0.48883784,132.54119593,8872a6cea5fffff,0.0,10.0,145.0,<500,5,KOPERASI DESA MERAH PUTIH SYUMBAB,,,,431.21563720703125,52.94671630859375,10.0,Tree cover,True,True,False,False,True,3,"https://www.google.com/maps/@-0.48883784,132.54119593,250m/data=!3m1!1e3"
42651,KALIMANTAN TIMUR,KAB. MAHAKAM ULU,Long Pahangai,0.93798321,114.6416222,8868842dc5fffff,0.0,11.0,960.0,500-2k,5,KOPERASI DESA MERAH PUTIH NAHA ARU,Naha Aru,Sedang Diverifikasi,BUSINESS ASSISTANCE,243.459228515625,54.81541442871094,10.0,Tree cover,True,True,False,False,True,3,"https://www.google.com/maps/@0.93798321,114.6416222,250m/data=!3m1!1e3"
93546,PAPUA SELATAN,KAB. ASMAT,Kolf Braza,-5.23902656,139.43182639,889cda7627fffff,0.0,11.0,576.0,500-2k,5,KOPERASI DESA MERAH PUTIH PIRABANAK,,,,26.25786781311035,6.845741271972656,10.0,Tree cover,True,True,False,False,True,3,"https://www.google.com/maps/@-5.23902656,139.43182639,250m/data=!3m1!1e3"
53517,KALIMANTAN TENGAH,KAB. KATINGAN,Sanaman Mantikei,-1.35363151,113.2090561,8868954151fffff,0.0,11.0,758.0,500-2k,5,KOPERASI DESA MERAH PUTIH DEHES,Dehes,Sedang Diverifikasi,BUSINESS ASSISTANCE,102.80776977539062,10.857513427734375,10.0,Tree cover,True,True,False,False,True,3,"https://www.google.com/maps/@-1.35363151,113.2090561,250m/data=!3m1!1e3"
21286,MALUKU,KAB. MALUKU TENGAH,Seram Utara,-3.14313537,129.630954,88956b0b29fffff,0.0,11.0,982.0,500-2k,5,KOPERASI DESA MERAH PUTIH NEGERI KANIKEH,,,,874.6129760742188,20.54290771484375,10.0,Tree cover,True,True,False,False,True,3,"https://www.google.com/maps/@-3.14313537,129.630954,250m/data=!3m1!1e3"
86185,MALUKU,KAB. SERAM BAGIAN BARAT,Elpaputih,-3.12706651,128.6165106,88956a0235fffff,0.0,11.0,737.0,500-2k,5,KOPERASI DESA MERAH PUTIH ABIO AHIOLO KECAMATAN ELPAPUTIH,Abio Ahiolo,Sedang Diverifikasi,KOPERASI,888.1091918945312,48.31329345703125,10.0,Tree cover,True,True,False,False,True,3,"https://www.google.com/maps/@-3.12706651,128.6165106,250m/data=!3m1!1e3"
8075,MALUKU,KAB. KEPULAUAN TANIMBAR,Wuar Labobar,-7.34520469,131.2531886,889460848bfffff,0.0,11.0,694.0,500-2k,5,KOPERASI DESA MERAH PUTIH LINGADA,Lingada,Terverifikasi,Agrinas,76.5853271484375,41.45840072631836,10.0,Tree cover,True,True,False,False,True,3,"https://www.google.com/maps/@-7.34520469,131.2531886,250m/data=!3m1!1e3"
84624,KALIMANTAN TIMUR,KAB. BERAU,Segah,2.37436275,117.0214033,8868ab9081fffff,0.0,12.0,731.0,500-2k,5,KOPERASI DESA MERAH PUTIH PUNAN MALINAU,,,,77.10369110107422,36.772705078125,10.0,Tree cover,True,True,False,False,True,3,"https://www.google.com/maps/@2.37436275,117.0214033,250m/data=!3m1!1e3"
18998,KALIMANTAN TIMUR,KAB. MAHAKAM ULU,Long Pahangai,0.70032381,114.3892198,8868846e1dfffff,0.0,12.0,198.0,<500,5,KOPERASI DESA MERAH PUTIH LONG PAKAQ,Long Pakaq,Sedang Diverifikasi,BUSINESS ASSISTANCE,246.07225036621094,55.2799072265625,10.0,Tree cover,True,True,False,False,True,3,"https://www.google.com/maps/@0.70032381,114.3892198,250m/data=!3m1!1e3"
2800,PAPUA SELATAN,KAB. ASMAT,Safan,-6.46851892,138.63148558,889cd8255bfffff,0.0,12.0,965.0,500-2k,5,KOPERASI DESA MERAH PUTIH KAMPUNG SEMENDORO,,,,27.939119338989258,18.107555389404297,10.0,Tree cover,True,True,False,False,True,3,"https://www.google.com/maps/@-6.46851892,138.63148558,250m/data=!3m1!1e3"
49710,RIAU,KAB. INDRAGIRI HULU,Kuala Cenaku,-0.1656957,102.6333971,886525a035fffff,0.0,12.0,69.0,<500,5,KOPERASI DESA MERAH PUTIH PULAU GELANG KECAMATAN KUALA CENAKU,Pulau Gelang,Terverifikasi,Agrinas,0.0,0.0,10.0,Tree cover,True,True,False,False,True,3,"https://www.google.com/maps/@-0.1656957,102.6333971,250m/data=!3m1!1e3"
51369,KALIMANTAN TENGAH,KAB. KAPUAS,Mantangai,-1.65618912,114.2964376,886891060dfffff,0.0,12.0,523.0,500-2k,5,KOPERASI DESA MERAH PUTIH SEI GITA MAJU BERSAMA,,,,35.87749099731445,16.755403518676758,10.0,Tree cover,True,True,False,False,True,3,"https://www.google.com/maps/@-1.65618912,114.2964376,250m/data=!3m1!1e3"
50815,KALIMANTAN TENGAH,KAB. GUNUNG MAS,Damang Batu,-0.9729175,113.2943841,8868951a6bfffff,0.0,12.0,544.0,500-2k,5,KOPERASI DESA MERAH PUTIH TUMBANG POSU,,,,0.0,0.0,10.0,Tree cover,True,True,False,False,True,3,"https://www.google.com/maps/@-0.9729175,113.2943841,250m/data=!3m1!1e3"
20730,MALUKU,KAB. MALUKU TENGAH,Seram Utara,-2.91653089,129.5509992,88956bc4a3fffff,0.0,12.0,378.0,<500,5,KOPERASI DESA MERAH PUTIH NEGERI SOLEA,Solea,Sedang Diverifikasi,KOPERASI,100.57328796386719,30.9281005859375,10.0,Tree cover,True,True,False,False,True,3,"https://www.google.com/maps/@-2.91653089,129.5509992,250m/data=!3m1!1e3"
27435,MALUKU,KAB. KEPULAUAN ARU,Sir-Sir,-5.64994691,134.4716737,88729162d1fffff,0.0,12.0,551.0,500-2k,5,KOPERASI DESA MERAH PUTIH GODA GODA,Goda-Goda,Terverifikasi,,49.3127555847168,17.10378646850586,10.0,Tree cover,True,True,False,False,True,3,"https://www.google.com/maps/@-5.64994691,134.4716737,250m/data=!3m1!1e3"
89689,PAPUA,KAB. MAMBERAMO RAYA,Mamberamo Tengah,-2.294148,138.31016692,88728d8a2bfffff,0.0,12.0,158.0,<500,5,KOPERASI DESA MERAH PUTIH METAWEJA,,,,450.5444030761719,48.3995361328125,10.0,Tree cover,True,True,False,False,True,3,"https://www.google.com/maps/@-2.294148,138.31016692,250m/data=!3m1!1e3"
90926,PAPUA,KAB. MAMBERAMO RAYA,Benuki,-2.12327492,137.51368396,8872ab4ad1fffff,0.0,12.0,417.0,<500,5,KOPERASI DESA MERAH PUTIH GESA BARU,Gesa Baru,Sedang Diverifikasi,KOPERASI,42.400047302246094,17.72873306274414,10.0,Tree cover,True,True,False,False,True,3,"https://www.google.com/maps/@-2.12327492,137.51368396,250m/data=!3m1!1e3"
89095,PAPUA BARAT,KAB. TELUK BINTUNI,Kaitaro,-2.83299006,133.64768134,8872869119fffff,0.0,12.0,482.0,<500,5,KOPERASI DESA MERAH PUTIH WARGANUSA II,Warga Nusa II,Tidak Ada Lahan,,44.59408187866211,28.209640502929688,10.0,Tree cover,True,True,False,False,True,3,"https://www.google.com/maps/@-2.83299006,133.64768134,250m/data=!3m1!1e3"
88706,PAPUA BARAT,KAB. KAIMANA,Kaimana,-3.52580868,133.86440662,8872860827fffff,0.0,12.0,390.0,<500,5,KOPERASI DESA MERAH PUTIH MURANO,,,,11.650390625,7.015267372131348,10.0,Tree cover,True,True,False,False,True,3,"https://www.google.com/maps/@-3.52580868,133.86440662,250m/data=!3m1!1e3"
25520,KALIMANTAN BARAT,KAB. KETAPANG,Jelai Hulu,-1.74943868,110.990276,888cb6ad9bfffff,0.0,13.0,200.0,<500,5,KOPERASI DESA MERAH PUTIH KARANG DANGIN,,,,124.24398040771484,42.47004699707031,10.0,Tree cover,True,True,False,False,True,3,"https://www.google.com/maps/@-1.74943868,110.990276,250m/data=!3m1!1e3"
25113,KALIMANTAN BARAT,KAB. SINTANG,Serawai,-0.60695128,112.580904,8868b34e69fffff,0.0,13.0,27.0,<500,5,KOPERASI DESA MERAH PUTIH NANGA JELUNDUNG,,,,0.0,0.0,10.0,Tree cover,True,True,False,False,True,3,"https://www.google.com/maps/@-0.60695128,112.580904,250m/data=!3m1!1e3"
85036,KALIMANTAN TENGAH,KAB. SERUYAN,Seruyan Tengah,-1.78022573,112.0493153,88689696b7fffff,0.0,13.0,603.0,500-2k,5,KOPERASI DESA MERAH PUTIH PANYUMPA,Panyumpa,Sedang Diverifikasi,BUSINESS ASSISTANCE,67.61836242675781,16.34453582763672,10.0,Tree cover,True,True,False,False,True,3,"https://www.google.com/maps/@-1.78022573,112.0493153,250m/data=!3m1!1e3"
90020,PAPUA BARAT DAYA,KAB. SORONG,Saengkeduk,-0.82897338,132.13650379,88739b2a97fffff,0.0,13.0,477.0,<500,5,KOPERASI DESA MERAH PUTIH SAMBATIE,,,,603.1676025390625,58.28887939453125,10.0,Tree cover,True,True,False,False,True,3,"https://www.google.com/maps/@-0.82897338,132.13650379,250m/data=!3m1!1e3"
90482,PAPUA BARAT DAYA,KAB. SORONG,Sayosa Timur,-0.95649018,131.81299487,88739b70b5fffff,0.0,13.0,590.0,500-2k,5,KOPERASI DESA MERAH PUTIH KLAWON KECAMATAN SAYOSA TIMUR,,,,170.05690002441406,30.856399536132812,10.0,Tree cover,True,True,False,False,True,3,"https://www.google.com/maps/@-0.95649018,131.81299487,250m/data=!3m1!1e3"
14510,KALIMANTAN SELATAN,KAB. TANAH BUMBU,Teluk Kepayang,-3.13603532,115.4762507,88689a1015fffff,0.0,13.0,321.0,<500,5,KOPERASI DESA MERAH PUTIH DADAP KUSAN RAYA,Dadap Kusan Raya,Sedang Diverifikasi,BUSINESS ASSISTANCE,353.871826171875,58.878204345703125,10.0,Tree cover,True,True,False,False,True,3,"https://www.google.com/maps/@-3.13603532,115.4762507,250m/data=!3m1!1e3"
91006,PAPUA BARAT,KAB. KAIMANA,Kaimana,-3.46165527,134.04668605,8872860c1dfffff,0.0,13.0,711.0,500-2k,5,KOPERASI DESA MERAH PUTIH KAMPUNG SARA,,,,87.86876678466797,16.787071228027344,10.0,Tree cover,True,True,False,False,True,3,"https://www.google.com/maps/@-3.46165527,134.04668605,250m/data=!3m1!1e3"
36522,KALIMANTAN TIMUR,KAB. BERAU,Segah,2.32151009,117.1776174,8868ab8621fffff,0.0,14.0,784.0,500-2k,5,KOPERASI DESA MERAH PUTIH GUNUNG SARI KECAMATAN SEGAH,Gunung Sari,Terverifikasi,KOPERASI,25.633506774902344,25.541776657104492,10.0,Tree cover,True,True,False,False,True,3,"https://www.google.com/maps/@2.32151009,117.1776174,250m/data=!3m1!1e3"
39346,KALIMANTAN TIMUR,KAB. KUTAI BARAT,Long Iram,0.08332702,115.594734,886881498dfffff,0.0,14.0,939.0,500-2k,5,KOPERASI DESA MERAH PUTIH UJOH HALANG,,,,74.881103515625,35.736045837402344,10.0,Tree cover,True,True,False,False,True,3,"https://www.google.com/maps/@0.08332702,115.594734,250m/data=!3m1!1e3"
19448,RIAU,KAB. BENGKALIS,Bandar Laksamana,1.42498663,101.811769,8865216e11fffff,0.0,14.0,329.0,<500,5,KOPERASI DESA MERAH PUTIH API API,Api-Api,Tidak Ada Lahan,,8.213066101074219,0.9500551223754883,10.0,Tree cover,True,True,False,False,True,3,"https://www.google.com/maps/@1.42498663,101.811769,250m/data=!3m1!1e3"
86084,KALIMANTAN TENGAH,KAB. SERUYAN,Seruyan Hulu,-1.31062709,112.0482386,886894c1a9fffff,0.0,14.0,572.0,500-2k,5,KOPERASI DESA MERAH PUTIH RANTAU PANJANG KECAMATAN SERUYAN HULU,,,,111.55531311035156,12.997055053710938,10.0,Tree cover,True,True,False,False,True,3,"https://www.google.com/maps/@-1.31062709,112.0482386,250m/data=!3m1!1e3"
70813,KALIMANTAN TENGAH,KAB. KAPUAS,Pasak Talawang,-1.04863768,114.2655391,8868824005fffff,0.0,14.0,781.0,500-2k,5,KOPERASI DESA MERAH PUTIH TUMBANG NUSA PASAK TALAWANG,,,,109.21222686767578,26.208335876464844,10.0,Tree cover,True,True,False,False,True,3,"https://www.google.com/maps/@-1.04863768,114.2655391,250m/data=!3m1!1e3"
89974,PAPUA BARAT DAYA,KAB. SORONG,Saengkeduk,-0.82144872,132.15405882,88739b2f45fffff,0.0,14.0,528.0,500-2k,5,KOPERASI DESA MERAH PUTIH KAMPUNG KLAGELE,,,,409.0415954589844,22.72821044921875,10.0,Tree cover,True,True,False,False,True,3,"https://www.google.com/maps/@-0.82144872,132.15405882,250m/data=!3m1!1e3"
90571,PAPUA,KAB. WAROPEN,Oudate,-2.41210024,136.36385225,8872aa48a3fffff,0.0,14.0,786.0,500-2k,5,KOPERASI DESA MERAH PUTIH RASAWA,,,,26.202749252319336,6.518516540527344,10.0,Tree cover,True,True,False,False,True,3,"https://www.google.com/maps/@-2.41210024,136.36385225,250m/data=!3m1!1e3"
21821,KALIMANTAN BARAT,KAB. SINTANG,Ambalau,-0.32754116,112.9020233,8868b30ce9fffff,0.0,15.0,778.0,500-2k,5,KOPERASI DESA MERAH PUTIH SUNGAI TAMBUN,,,,0.0,0.0,10.0,Tree cover,True,True,False,False,True,3,"https://www.google.com/maps/@-0.32754116,112.9020233,250m/data=!3m1!1e3"
93238,PAPUA SELATAN,KAB. MERAUKE,Sota,-8.6370892,140.86843102,889cc28143fffff,0.0,15.0,342.0,<500,5,KOPERASI DESA MERAH PUTIH KAMPUNG RAWA BIRU,Rawa Biru,Tidak Ada Lahan,,15.652898788452148,8.468426704406738,10.0,Tree cover,True,True,False,False,True,3,"https://www.google.com/maps/@-8.6370892,140.86843102,250m/data=!3m1!1e3"
92692,PAPUA SELATAN,KAB. MERAUKE,Padua,-7.56647054,138.92086453,889cdd1813fffff,0.0,15.0,807.0,500-2k,5,KOPERASI DESA MERAH PUTIH KAMPUNG PADUA,,,,16.036540985107422,8.756260871887207,10.0,Tree cover,True,True,False,False,True,3,"https://www.google.com/maps/@-7.56647054,138.92086453,250m/data=!3m1!1e3"
41593,RIAU,KAB. INDRAGIRI HULU,Rengat,-0.17324643,102.5134503,886525a539fffff,0.0,15.0,27.0,<500,5,KOPERASI DESA MERAH PUTIH SUNGAI GUNTUNG HILIR KECAMATAN RENGAT,Sungai Guntung Hilir,Terverifikasi,BUSINESS ASSISTANCE,0.0,0.0,10.0,Tree cover,True,True,False,False,True,3,"https://www.google.com/maps/@-0.17324643,102.5134503,250m/data=!3m1!1e3"
12549,KALIMANTAN TENGAH,KAB. MURUNG RAYA,Uut Murung,0.03018203,114.2388458,88688620edfffff,0.0,15.0,653.0,500-2k,5,KOPERASI DESA MERAH PUTIH TUMBANG OLONG I,Tumbang Olong I,Perlu Verifikasi Lanjutan,Agrinas,306.34918212890625,13.9185791015625,10.0,Tree cover,True,True,False,False,True,3,"https://www.google.com/maps/@0.03018203,114.2388458,250m/data=!3m1!1e3"
39464,KALIMANTAN TENGAH,KAB. GUNUNG MAS,Rungan,-1.2990799,113.6758468,886895628bfffff,0.0,15.0,270.0,<500,5,KOPERASI DESA MERAH PUTIH TUMBANG BUNUT,,,,109.31400299072266,11.581687927246094,10.0,Tree cover,True,True,False,False,True,3,"https://www.google.com/maps/@-1.2990799,113.6758468,250m/data=!3m1!1e3"
88914,PAPUA BARAT,KAB. TELUK BINTUNI,Dataran Beimes,-1.59189155,133.60159329,8872a27229fffff,0.0,15.0,685.0,500-2k,5,KOPERASI DESA MERAH PUTIH SIR,,,,438.00189208984375,46.186614990234375,10.0,Tree cover,True,True,False,False,True,3,"https://www.google.com/maps/@-1.59189155,133.60159329,250m/data=!3m1!1e3"
20553,KALIMANTAN BARAT,KAB. KETAPANG,Manis Mata,-2.73447898,111.0734876,888cb41727fffff,0.0,16.0,967.0,500-2k,5,KOPERASI DESA MERAH PUTIH SUKA RAMAI KECAMATAN MANIS MATA KABUPATEN KETAPANG,Suka Ramai,Tidak Ada Lahan,,7.595650672912598,3.2345004081726074,10.0,Tree cover,True,True,False,False,True,3,"https://www.google.com/maps/@-2.73447898,111.0734876,250m/data=!3m1!1e3"
17245,KALIMANTAN TIMUR,KAB. KUTAI KARTANEGARA,Tabang,1.0376646,115.9740986,886881b155fffff,0.0,16.0,75.0,<500,5,KOPERASI DESA MERAH PUTIH MUARA BELINAU TABANG,,,,637.5186767578125,28.53472900390625,10.0,Tree cover,True,True,False,False,True,3,"https://www.google.com/maps/@1.0376646,115.9740986,250m/data=!3m1!1e3"
93307,PAPUA SELATAN,KAB. MAPPI,Bamgi,-6.83127684,139.51415613,889cd899adfffff,0.0,16.0,514.0,500-2k,5,KOPERASI DESA MERAH PUTIH KAMPUNG SIBI,,,,20.071096420288086,15.23850154876709,10.0,Tree cover,True,True,False,False,True,3,"https://www.google.com/maps/@-6.83127684,139.51415613,250m/data=!3m1!1e3"
93658,PAPUA SELATAN,KAB. MAPPI,Passue,-6.64610574,139.63445392,889cd8c233fffff,0.0,16.0,81.0,<500,5,KOPERASI DESA MERAH PUTIH KAMPUNG BAITATE,,,,24.244190216064453,13.7528657913208,10.0,Tree cover,True,True,False,False,True,3,"https://www.google.com/maps/@-6.64610574,139.63445392,250m/data=!3m1!1e3"
89399,PAPUA SELATAN,KAB. BOVEN DIGOEL,Fofi,-6.32604408,139.82267823,889cde2743fffff,0.0,16.0,302.0,<500,5,KOPERASI DESA MERAH PUTIH KAMPUNG BANGUN,,,,45.27632522583008,18.946685791015625,10.0,Tree cover,True,True,False,False,True,3,"https://www.google.com/maps/@-6.32604408,139.82267823,250m/data=!3m1!1e3"
68173,PAPUA BARAT DAYA,KAB. SORONG SELATAN,Kais Darat,-1.75909865,132.4544303,8872b57247fffff,0.0,16.0,512.0,500-2k,5,KOPERASI DESA MERAH PUTIH KAMPUNG IKANA,,,,36.22047424316406,15.827720642089844,10.0,Tree cover,True,True,False,False,True,3,"https://www.google.com/maps/@-1.75909865,132.4544303,250m/data=!3m1!1e3"
87745,PAPUA BARAT DAYA,KAB. SORONG SELATAN,Kais Darat,-1.75909865,132.45443033,8872b57247fffff,0.0,16.0,512.0,500-2k,5,KOPERASI DESA MERAH PUTIH IKANA,,,,36.22047424316406,15.827720642089844,10.0,Tree cover,True,True,False,False,True,3,"https://www.google.com/maps/@-1.75909865,132.45443033,250m/data=!3m1!1e3"
88895,PAPUA BARAT DAYA,KAB. TAMBRAUW,Kasi,-0.90102091,133.3715116,8872a291b7fffff,0.0,16.0,78.0,<500,5,KOPERASI DESA MERAH PUTIH KAMPUNG MEYCOCFORGA,,,,1209.44482421875,37.93701171875,10.0,Tree cover,True,True,False,False,True,3,"https://www.google.com/maps/@-0.90102091,133.3715116,250m/data=!3m1!1e3"
90138,PAPUA,KAB. WAROPEN,Wapoga,-2.88580229,136.36323463,887281066bfffff,0.0,16.0,321.0,<500,5,KOPERASI DESA MERAH PUTIH DOKIS KECAMATAN WAPOGA,Dokis,Sedang Diverifikasi,BUSINESS ASSISTANCE,36.384029388427734,15.532951354980469,10.0,Tree cover,True,True,False,False,True,3,"https://www.google.com/maps/@-2.88580229,136.36323463,250m/data=!3m1!1e3"
69274,MALUKU,KAB. SERAM BAGIAN TIMUR,Siwalalat,-3.26887371,130.0203167,88956b74a9fffff,0.0,17.0,137.0,<500,5,KOPERASI DESA MERAH PUTIH DESA ADMINISTRATIF ELNUSA,Elnusa,Sedang Diverifikasi,KOPERASI,452.06744384765625,46.57220458984375,10.0,Tree cover,True,True,False,False,True,3,"https://www.google.com/maps/@-3.26887371,130.0203167,250m/data=!3m1!1e3"
74455,SULAWESI TENGAH,KAB. BANGGAI,Nambo,-1.03121372,122.6525073,8868d8ca43fffff,0.0,17.0,424.0,<500,5,KOPERASI KELURAHAN MERAH PUTIH LONTIO,,,,847.148681640625,47.88677978515625,10.0,Tree cover,True,True,False,False,True,3,"https://www.google.com/maps/@-1.03121372,122.6525073,250m/data=!3m1!1e3"
25450,SULAWESI TENGAH,KAB. BANGGAI,Pagimana,-0.91957791,122.6642501,8868d8c34bfffff,0.0,17.0,91.0,<500,5,KOPERASI DESA MERAH PUTIH PISOU,Pisou,Tidak Ada Lahan,,0.0,0.0,10.0,Tree cover,True,True,False,False,True,3,"https://www.google.com/maps/@-0.91957791,122.6642501,250m/data=!3m1!1e3"
85785,PAPUA BARAT DAYA,KAB. RAJA AMPAT,Salawati Barat,-1.03383023,130.7608216,88739a763bfffff,0.0,17.0,214.0,<500,5,KOPERASI DESA MERAH PUTIH KALWAL,,,,39.671653747558594,11.322052001953125,10.0,Tree cover,True,True,False,False,True,3,"https://www.google.com/maps/@-1.03383023,130.7608216,250m/data=!3m1!1e3"
76986,KALIMANTAN BARAT,KAB. KAPUAS HULU,Bunut Hulu,0.33571486,113.0130614,8868b3b669fffff,0.0,18.0,743.0,500-2k,5,KOPERASI DESA MERAH PUTIH BATU TIGA KECAMATAN BUNUT HULU,,,,137.2701416015625,47.64002227783203,10.0,Tree cover,True,True,False,False,True,3,"https://www.google.com/maps/@0.33571486,113.0130614,250m/data=!3m1!1e3"
35260,MALUKU,KAB. BURU,Waeapo,-3.24598348,126.9059413,889545da23fffff,0.0,18.0,445.0,<500,5,KOPERASI DESA MERAH PUTIH WAEKERTA,Waekerta,Terverifikasi,Agrinas,348.5400390625,63.74658203125,30.0,Grassland,True,False,False,True,True,3,"https://www.google.com/maps/@-3.24598348,126.9059413,250m/data=!3m1!1e3"
88863,PAPUA BARAT DAYA,KAB. MAYBRAT,Aifat Utara,-1.04363172,132.50300852,8872b5869dfffff,0.0,18.0,712.0,500-2k,5,KOPERASI DESA MERAH PUTIH KAMPUNG HAENKANES,Haenkanes,Sedang Diverifikasi,KOPERASI,431.7797546386719,21.139923095703125,10.0,Tree cover,True,True,False,False,True,3,"https://www.google.com/maps/@-1.04363172,132.50300852,250m/data=!3m1!1e3"
87104,PAPUA BARAT DAYA,KAB. SORONG,Bagun,-1.31830648,131.5720863,8872b4a219fffff,0.0,18.0,258.0,<500,5,KOPERASI DESA MERAH PUTIH BAGUN,,,,13.853120803833008,16.883628845214844,95.0,Mangrove,True,True,False,False,True,3,"https://www.google.com/maps/@-1.31830648,131.5720863,250m/data=!3m1!1e3"
88959,PAPUA BARAT DAYA,KAB. SORONG,Bagun,-1.2347741,131.58970258,8872b4b73bfffff,0.0,18.0,243.0,<500,5,KOPERASI DESA MERAH PUTIH MLAMLI,Mlamli,Sedang Diverifikasi,KOPERASI,22.503114700317383,8.414888381958008,10.0,Tree cover,True,True,False,False,True,3,"https://www.google.com/maps/@-1.2347741,131.58970258,250m/data=!3m1!1e3"
84688,PAPUA BARAT DAYA,KAB. TAMBRAUW,Kwesefo,-0.4281576,132.4134089,8872a6c1ebfffff,0.0,18.0,567.0,500-2k,5,KOPERASI DESA MERAH PUTIH BATDEY,,,,99.21690368652344,43.05817413330078,10.0,Tree cover,True,True,False,False,True,3,"https://www.google.com/maps/@-0.4281576,132.4134089,250m/data=!3m1!1e3"
17393,KALIMANTAN TIMUR,KAB. KUTAI BARAT,Linggang Bigung,-0.00936261,115.4088216,88688382e3fffff,0.0,19.0,479.0,<500,5,KOPERASI DESA MERAH PUTIH LINGGANG TUTUNG,,,,0.0,0.0,10.0,Tree cover,True,True,False,False,True,3,"https://www.google.com/maps/@-0.00936261,115.4088216,250m/data=!3m1!1e3"
90992,PAPUA SELATAN,KAB. BOVEN DIGOEL,Fofi,-6.00187677,140.01344911,889cde66e7fffff,0.0,19.0,572.0,500-2k,5,KOPERASI DESA MERAH PUTIH KAMPUNG MAKMUR,,,,45.47076416015625,11.246543884277344,10.0,Tree cover,True,True,False,False,True,3,"https://www.google.com/maps/@-6.00187677,140.01344911,250m/data=!3m1!1e3"
59561,MALUKU,KAB. KEPULAUAN TANIMBAR,Tanimbar Utara,-7.25588209,131.6014385,8894656b6bfffff,0.0,19.0,706.0,500-2k,5,KOPERASI DESA MERAH PUTIH LELINGLUAN,Lelingluan,Terverifikasi,Agrinas,43.64873123168945,20.66777801513672,10.0,Tree cover,True,True,False,False,True,3,"https://www.google.com/maps/@-7.25588209,131.6014385,250m/data=!3m1!1e3"
87586,PAPUA BARAT DAYA,KAB. SORONG,Beraur,-1.35138839,131.65136282,8872b4a761fffff,0.0,19.0,425.0,<500,5,KOPERASI DESA MERAH PUTIH KLABRA,,,,26.517765045166016,15.464759826660156,10.0,Tree cover,True,True,False,False,True,3,"https://www.google.com/maps/@-1.35138839,131.65136282,250m/data=!3m1!1e3"
90147,PAPUA BARAT,KAB. KAIMANA,Kaimana,-3.48820131,133.74699613,88728656abfffff,0.0,19.0,216.0,<500,5,KOPERASI DESA MERAH PUTIH NEMOR ERANI SISIR,Sisir,Sedang Diverifikasi,KEMENTERIAN KESEHATAN,31.581989288330078,13.82166862487793,10.0,Tree cover,True,True,False,False,True,3,"https://www.google.com/maps/@-3.48820131,133.74699613,250m/data=!3m1!1e3"
93361,PAPUA SELATAN,KAB. BOVEN DIGOEL,Sesnuk,-6.0587471,140.8256848,889cde5a43fffff,0.0,20.0,68.0,<500,5,KOPERASI DESA MERAH PUTIH KAMPUNG YOMKONDO,,,,50.1365852355957,23.59886932373047,10.0,Tree cover,True,True,False,False,True,3,"https://www.google.com/maps/@-6.0587471,140.8256848,250m/data=!3m1!1e3"
78438,PAPUA BARAT,KAB. TELUK BINTUNI,Moskona Selatan,-1.77110503,133.2353271,8872a24a51fffff,0.0,20.0,183.0,<500,5,KOPERASI DESA MERAH PUTIH INGGOF,,,,75.05276489257812,21.16069793701172,10.0,Tree cover,True,True,False,False,True,3,"https://www.google.com/maps/@-1.77110503,133.2353271,250m/data=!3m1!1e3"
53485,KALIMANTAN TENGAH,KAB. KATINGAN,Sanaman Mantikei,-1.22490621,113.0030795,88689426e7fffff,0.0,21.0,512.0,500-2k,5,KOPERASI DESA MERAH PUTIH TUMBANG PANGKA,Tumbang Pangka,Sedang Diverifikasi,KOPERASI,87.34550476074219,32.753143310546875,10.0,Tree cover,True,True,False,False,True,3,"https://www.google.com/maps/@-1.22490621,113.0030795,250m/data=!3m1!1e3"
66756,ACEH,KAB. ACEH SINGKIL,Pulau Banyak,2.17493658,97.43588234,8865704a49fffff,0.0,21.0,139.0,<500,5,KOPERASI DESA MERAH PUTIH SYARIAH KAMPUNG PULAU BAGUK,Pulau Baguk,Terverifikasi,KOPERASI,21.25530242919922,9.716552734375,10.0,Tree cover,True,True,False,False,True,3,"https://www.google.com/maps/@2.17493658,97.43588234,250m/data=!3m1!1e3"
83194,MALUKU,KAB. SERAM BAGIAN TIMUR,Siwalalat,-3.25703783,129.9912793,88956b7433fffff,0.0,21.0,163.0,<500,5,KOPERASI DESA MERAH PUTIH NEGERI ADMINISTRATIF LAPELA,Lapela,Sedang Diverifikasi,KOPERASI,438.3919982910156,38.835784912109375,10.0,Tree cover,True,True,False,False,True,3,"https://www.google.com/maps/@-3.25703783,129.9912793,250m/data=!3m1!1e3"
61430,SULAWESI TENGGARA,KAB. KOLAKA UTARA,Pakue Utara,-3.20362556,121.3534292,8895281529fffff,0.0,21.0,78.0,<500,5,KOPERASI DESA MERAH PUTIH SYARIAH SALUDONGKA,,,,764.3863525390625,46.68511962890625,10.0,Tree cover,True,True,False,False,True,3,"https://www.google.com/maps/@-3.20362556,121.3534292,250m/data=!3m1!1e3"
35257,SULAWESI TENGAH,KAB. PARIGI MOUTONG,Parigi Selatan,-0.95562837,120.1016159,8868d04f07fffff,0.0,21.0,349.0,<500,5,KOPERASI DESA MERAH PUTIH DOLAGO PADANG,Dolago Padang,Sedang Diverifikasi,KOPERASI,0.0,0.0,10.0,Tree cover,True,True,False,False,True,3,"https://www.google.com/maps/@-0.95562837,120.1016159,250m/data=!3m1!1e3"
86939,PAPUA BARAT DAYA,KAB. MAYBRAT,Aifat Selatan,-1.61693691,132.4644765,8872b501bdfffff,0.0,21.0,397.0,<500,5,KOPERASI DESA MERAH PUTIH KAMPUNG YEEK,Yeek,Sedang Diverifikasi,BUSINESS ASSISTANCE,47.6522216796875,17.67208480834961,10.0,Tree cover,True,True,False,False,True,3,"https://www.google.com/maps/@-1.61693691,132.4644765,250m/data=!3m1!1e3"
87686,PAPUA SELATAN,KAB. ASMAT,Suator,-5.18214982,139.27872862,889cda2907fffff,0.0,22.0,366.0,<500,5,KOPERASI DESA MERAH PUTIH WAGABUS,,,,18.550683975219727,17.19690704345703,10.0,Tree cover,True,True,False,False,True,3,"https://www.google.com/maps/@-5.18214982,139.27872862,250m/data=!3m1!1e3"
85839,KALIMANTAN TENGAH,KAB. BARITO SELATAN,Gn. Bintang Awai,-1.57350637,115.2759413,88689c0c6dfffff,0.0,22.0,675.0,500-2k,5,KOPERASI DESA MERAH PUTIH BIPAK KALI KECAMATAN GUNUNG BINTANG AWAI,Bipak Kali,Sedang Diverifikasi,BUSINESS ASSISTANCE,94.73145294189453,22.803062438964844,10.0,Tree cover,True,True,False,False,True,3,"https://www.google.com/maps/@-1.57350637,115.2759413,250m/data=!3m1!1e3"
6017,ACEH,KAB. BENER MERIAH,Syiah Utama,4.63952003,97.23581268,886556d4a9fffff,0.0,22.0,880.0,500-2k,5,KOPERASI DESA MERAH PUTIH SYARIAH UNING KECAMATAN SYIAH UTAMA,,,,723.4098510742188,53.7139892578125,10.0,Tree cover,True,True,False,False,True,3,"https://www.google.com/maps/@4.63952003,97.23581268,250m/data=!3m1!1e3"
79366,KALIMANTAN UTARA,KAB. BULUNGAN,Sekatak,3.26847517,116.9603226,8868ad6a15fffff,0.0,22.0,713.0,500-2k,5,KOPERASI DESA MERAH PUTIH KELISING,,,,70.86985778808594,21.081645965576172,10.0,Tree cover,True,True,False,False,True,3,"https://www.google.com/maps/@3.26847517,116.9603226,250m/data=!3m1!1e3"
86673,PAPUA BARAT DAYA,KAB. MAYBRAT,Ayamaru Jaya,-1.13882612,132.1749453,8872b598cbfffff,0.0,22.0,863.0,500-2k,5,KOPERASI DESA MERAH PUTIH SOSIAN,Sosian,Sedang Diverifikasi,BUSINESS ASSISTANCE,270.3646240234375,34.738677978515625,10.0,Tree cover,True,True,False,False,True,3,"https://www.google.com/maps/@-1.13882612,132.1749453,250m/data=!3m1!1e3"
89353,PAPUA BARAT DAYA,KAB. SORONG,Sayosa,-1.16644456,131.62230826,8872b4b61dfffff,0.0,22.0,771.0,500-2k,5,KOPERASI DESA MERAH PUTIH SAMUSA,,,,62.09091567993164,45.634254455566406,10.0,Tree cover,True,True,False,False,True,3,"https://www.google.com/maps/@-1.16644456,131.62230826,250m/data=!3m1!1e3"
90707,PAPUA,KAB. WAROPEN,Oudate,-2.42878217,136.40050425,887281b251fffff,0.0,22.0,625.0,500-2k,5,KOPERASI DESA MERAH PUTIH MOROA,,,,23.526243209838867,12.18356704711914,10.0,Tree cover,True,True,False,False,True,3,"https://www.google.com/maps/@-2.42878217,136.40050425,250m/data=!3m1!1e3"
46832,KALIMANTAN TENGAH,KAB. KOTAWARINGIN TIMUR,Mentaya Hilir Utara,-2.68527742,112.8031605,8868928429fffff,0.0,23.0,888.0,500-2k,5,KOPERASI DESA MERAH PUTIH BAGENDANG TENGAH,Bagendang Tengah,Terverifikasi,Agrinas,5.3583760261535645,8.218839645385742,10.0,Tree cover,True,True,False,False,True,3,"https://www.google.com/maps/@-2.68527742,112.8031605,250m/data=!3m1!1e3"
77015,KALIMANTAN UTARA,KAB. BULUNGAN,Peso,2.6250054,116.8698502,8868a82141fffff,0.0,23.0,140.0,<500,5,KOPERASI DESA MERAH PUTIH LEPAK ARU,Lepak Aru,Terverifikasi,Agrinas,152.0851593017578,40.578216552734375,10.0,Tree cover,True,True,False,False,True,3,"https://www.google.com/maps/@2.6250054,116.8698502,250m/data=!3m1!1e3"
84708,PAPUA TENGAH,KAB. NABIRE,Yaro,-3.62814013,135.3450355,8872806e1bfffff,0.0,23.0,114.0,<500,5,KOPERASI DESA MERAH PUTIH KAMPUNG ORORODO,Ororodo,Sedang Diverifikasi,KOPERASI,322.08367919921875,39.104095458984375,10.0,Tree cover,True,True,False,False,True,3,"https://www.google.com/maps/@-3.62814013,135.3450355,250m/data=!3m1!1e3"
85545,SUMATERA UTARA,KAB. NIAS SELATAN,Tanah Masa,-0.29523587,98.55005631,888cdab1b7fffff,0.0,24.0,882.0,500-2k,5,KOPERASI DESA MERAH PUTIH SAERU MELAYU,Saeru Melayu,Sedang Diverifikasi,KOPERASI,0.0,0.0,10.0,Tree cover,True,True,False,False,True,3,"https://www.google.com/maps/@-0.29523587,98.55005631,250m/data=!3m1!1e3"
59140,KALIMANTAN TENGAH,KAB. KATINGAN,Katingan Hulu,-1.01731858,112.4110324,8868948cedfffff,0.0,24.0,970.0,500-2k,5,KOPERASI DESA MERAH PUTIH RANTAU PUKA,,,,165.4050750732422,59.99082946777344,10.0,Tree cover,True,True,False,False,True,3,"https://www.google.com/maps/@-1.01731858,112.4110324,250m/data=!3m1!1e3"
89092,PAPUA BARAT DAYA,KAB. MAYBRAT,Aifat Timur Jauh,-1.32135734,132.79146709,8872b5af13fffff,0.0,24.0,530.0,500-2k,5,KOPERASI DESA MERAH PUTIH KAMPUNG FRANEWAY,,,,1018.7811279296875,39.90777587890625,10.0,Tree cover,True,True,False,False,True,3,"https://www.google.com/maps/@-1.32135734,132.79146709,250m/data=!3m1!1e3"
11273,KEPULAUAN RIAU,KAB. KEPULAUAN ANAMBAS,Siantan Selatan,2.93264626,106.1310836,886534c0b1fffff,0.0,25.0,360.0,<500,5,KOPERASI DESA MERAH PUTIH MENGKAIT,,,,142.2897186279297,59.548667907714844,10.0,Tree cover,True,True,False,False,True,3,"https://www.google.com/maps/@2.93264626,106.1310836,250m/data=!3m1!1e3"
91654,PAPUA,KAB. SARMI,Apawer Hulu,-2.30712211,138.4976223,88728d8c09fffff,0.0,25.0,249.0,<500,5,KOPERASI DESA MERAH PUTIH SASAWAPECE,,,,105.73539733886719,18.866493225097656,10.0,Tree cover,True,True,False,False,True,3,"https://www.google.com/maps/@-2.30712211,138.4976223,250m/data=!3m1!1e3"
4369,SUMATERA SELATAN,KAB. MUSI RAWAS UTARA,Ulu Rawas,-2.79589245,102.36648,888cf35a59fffff,0.0,26.0,313.0,<500,5,KOPERASI KELURAHAN MERAH PUTIH MUARA KULAM,Muara Kulam,Terverifikasi,KOPERASI,346.9733581542969,48.633575439453125,10.0,Tree cover,True,True,False,False,True,3,"https://www.google.com/maps/@-2.79589245,102.36648,250m/data=!3m1!1e3"
35535,KALIMANTAN TENGAH,KAB. KOTAWARINGIN BARAT,Arut Utara,-1.94029743,111.8607311,8868969a93fffff,0.0,26.0,958.0,500-2k,5,KOPERASI DESA MERAH PUTIH DESA RIAM KECAMATAN ARUT UTARA,,,,59.059654235839844,27.532207489013672,10.0,Tree cover,True,True,False,False,True,3,"https://www.google.com/maps/@-1.94029743,111.8607311,250m/data=!3m1!1e3"
93566,PAPUA PEGUNUNGAN,KAB. JAYAWIJAYA,Maima,-1.35383729,131.4776476,8872b4ba9bfffff,0.0,26.0,479.0,<500,5,KOPERASI DESA MERAH PUTIH MAIMA DISTRIK MAIMA,,,,35.40864944458008,31.011077880859375,10.0,Tree cover,True,True,False,False,True,3,"https://www.google.com/maps/@-1.35383729,131.4776476,250m/data=!3m1!1e3"
86323,PAPUA BARAT DAYA,KAB. SORONG,Segun,-1.35383729,131.4776476,8872b4ba9bfffff,0.0,26.0,479.0,<500,5,KOPERASI DESA MERAH PUTIH GISIM,Gisim,Sedang Diverifikasi,BUSINESS ASSISTANCE,35.40864944458008,31.011077880859375,10.0,Tree cover,True,True,False,False,True,3,"https://www.google.com/maps/@-1.35383729,131.4776476,250m/data=!3m1!1e3"
89346,PAPUA BARAT DAYA,KAB. SORONG,Wemak,-1.05224994,131.80004579,88739b6339fffff,0.0,26.0,940.0,500-2k,5,KOPERASI DESA MERAH PUTIH WOLOIN,,,,104.8791732788086,21.26195526123047,10.0,Tree cover,True,True,False,False,True,3,"https://www.google.com/maps/@-1.05224994,131.80004579,250m/data=!3m1!1e3"
93694,PAPUA BARAT DAYA,KAB. RAJA AMPAT,Misool Timur,-1.71049763,130.33833093,889569ab11fffff,0.0,26.0,872.0,500-2k,5,KOPERASI DESA MERAH PUTIH LIMALAS TIMUR,,,,27.187847137451172,16.06543731689453,10.0,Tree cover,True,True,False,False,True,3,"https://www.google.com/maps/@-1.71049763,130.33833093,250m/data=!3m1!1e3"
90174,PAPUA,KAB. SARMI,Pantai Barat,-1.73826831,138.28484406,8872ab22abfffff,0.0,26.0,85.0,<500,5,KOPERASI DESA MERAH PUTIH BURGENA,,,,16.308574676513672,6.530496597290039,10.0,Tree cover,True,True,False,False,True,3,"https://www.google.com/maps/@-1.73826831,138.28484406,250m/data=!3m1!1e3"
73570,KALIMANTAN TIMUR,KAB. MAHAKAM ULU,Long Bagun,0.65149853,115.220826,886880aed9fffff,0.0,27.0,140.0,<500,5,KOPERASI DESA MERAH PUTIH BATU MAJANG,Batu Majang,Sedang Diverifikasi,PMO,128.78341674804688,39.05865478515625,10.0,Tree cover,True,True,False,False,True,3,"https://www.google.com/maps/@0.65149853,115.220826,250m/data=!3m1!1e3"
73386,KALIMANTAN TENGAH,KAB. KATINGAN,Sanaman Mantikei,-1.19673731,113.1487984,8868955053fffff,0.0,27.0,822.0,500-2k,5,KOPERASI DESA MERAH PUTIH TUMBANG KANEI,,,,70.40379333496094,21.325645446777344,10.0,Tree cover,True,True,False,False,True,3,"https://www.google.com/maps/@-1.19673731,113.1487984,250m/data=!3m1!1e3"
79607,JAMBI,KAB. MERANGIN,Jangkat,-2.4449909,101.5981447,888cd5d56dfffff,0.0,27.0,549.0,500-2k,5,KOPERASI DESA MERAH PUTIH RENAH KEMUMU,Renah Kemumu,Sedang Diverifikasi,KEMENTERIAN KESEHATAN,967.0369873046875,58.3841552734375,10.0,Tree cover,True,True,False,False,True,3,"https://www.google.com/maps/@-2.4449909,101.5981447,250m/data=!3m1!1e3"
77870,MALUKU UTARA,KAB. HALMAHERA SELATAN,Bacan Timur Selatan,-0.76143229,127.5465294,8873927823fffff,0.0,27.0,751.0,500-2k,5,KOPERASI DESA MERAH PUTIH TABANGAME,Tabangame,Sedang Diverifikasi,KOPERASI,0.0,0.0,10.0,Tree cover,True,True,False,False,True,3,"https://www.google.com/maps/@-0.76143229,127.5465294,250m/data=!3m1!1e3"
88642,PAPUA BARAT,KAB. KAIMANA,Kaimana,-3.77198242,134.20378018,8872866501fffff,0.0,27.0,534.0,500-2k,5,KOPERASI DESA MERAH PUTIH LUMIRA,,,,75.0,0.0,80.0,Water,True,True,False,False,True,3,"https://www.google.com/maps/@-3.77198242,134.20378018,250m/data=!3m1!1e3"
79010,KALIMANTAN TIMUR,KAB. MAHAKAM ULU,Long Apari,0.78956387,114.119351,8868847a4bfffff,0.0,28.0,317.0,<500,5,KOPERASI DESA MERAH PUTIH LONG KERIOQ LONG APARI,Long Kerioq,Sedang Diverifikasi,BUSINESS ASSISTANCE,281.1133728027344,48.6712646484375,10.0,Tree cover,True,True,False,False,True,3,"https://www.google.com/maps/@0.78956387,114.119351,250m/data=!3m1!1e3"
85380,KALIMANTAN TIMUR,KAB. KUTAI BARAT,Damai,-0.51519754,115.3690075,8868831915fffff,0.0,29.0,423.0,<500,5,KOPERASI DESA MERAH PUTIH MANTAR,Mantar,Terverifikasi,Agrinas,0.0,0.0,10.0,Tree cover,True,True,False,False,True,3,"https://www.google.com/maps/@-0.51519754,115.3690075,250m/data=!3m1!1e3"
90077,PAPUA SELATAN,KAB. BOVEN DIGOEL,Sesnuk,-5.99506829,140.71507312,889cde4325fffff,0.0,29.0,455.0,<500,5,KOPERASI DESA MERAH PUTIH KAMPUNG ANGGAMBURAN,,,,54.188106536865234,15.116180419921875,10.0,Tree cover,True,True,False,False,True,3,"https://www.google.com/maps/@-5.99506829,140.71507312,250m/data=!3m1!1e3"
8628,ACEH,KAB. BENER MERIAH,Syiah Utama,4.69295654,97.23620705,886556d5b3fffff,0.0,29.0,937.0,500-2k,5,KOPERASI DESA MERAH PUTIH SYARIAH GERPA,Gerpa,Tidak Ada Lahan,,319.5232238769531,43.98016357421875,10.0,Tree cover,True,True,False,False,True,3,"https://www.google.com/maps/@4.69295654,97.23620705,250m/data=!3m1!1e3"
17155,KALIMANTAN UTARA,KAB. NUNUKAN,Krayan Tengah,3.57066859,115.901506,8868ac15a5fffff,0.0,29.0,565.0,500-2k,5,KOPERASI DESA MERAH PUTIH TANJUNG PASIR KECAMATAN KRAYAN TENGAH,,,,1562.5181884765625,17.9327392578125,10.0,Tree cover,True,True,False,False,True,3,"https://www.google.com/maps/@3.57066859,115.901506,250m/data=!3m1!1e3"
38857,MALUKU,KAB. KEPULAUAN ARU,Aru Tengah Timur,-6.27692946,134.6780604,88729ecc27fffff,0.0,30.0,911.0,500-2k,5,KOPERASI DESA MERAH PUTIH BASADA,Basada,Sedang Diverifikasi,KOPERASI,15.960247993469238,18.383586883544922,10.0,Tree cover,True,True,False,False,True,3,"https://www.google.com/maps/@-6.27692946,134.6780604,250m/data=!3m1!1e3"
57267,PAPUA,KAB. KEEROM,Yaffi,-3.55582471,140.97915564,8872d42d13fffff,0.0,30.0,417.0,<500,5,KOPERASI DESA MERAH PUTIH KAMPUNG AMGOTRO,,,,346.0317687988281,31.136871337890625,10.0,Tree cover,True,True,False,False,True,3,"https://www.google.com/maps/@-3.55582471,140.97915564,250m/data=!3m1!1e3"
90129,PAPUA,KAB. SARMI,Sarmi Timur,-2.0459224,138.79991304,8872f64da9fffff,0.0,30.0,800.0,500-2k,5,KOPERASI DESA MERAH PUTIH SEWAN,,,,189.2881317138672,41.13201904296875,10.0,Tree cover,True,True,False,False,True,3,"https://www.google.com/maps/@-2.0459224,138.79991304,250m/data=!3m1!1e3"
65939,KALIMANTAN UTARA,KAB. BULUNGAN,Peso Hilir,2.6526423,116.9136649,8868a82001fffff,0.0,31.0,67.0,<500,5,KOPERASI DESA MERAH PUTIH NAHA AYA,Naha Aya,Terverifikasi,KOPERASI,120.33007049560547,25.309814453125,10.0,Tree cover,True,True,False,False,True,3,"https://www.google.com/maps/@2.6526423,116.9136649,250m/data=!3m1!1e3"
81422,JAMBI,KAB. BATANG HARI,Batin XXIV,-1.93465156,102.8618314,888cd4d937fffff,0.0,31.0,823.0,500-2k,5,KOPERASI DESA MERAH PUTIH JELUTIH,Jelutih,Sedang Diverifikasi,KOPERASI,79.58353424072266,20.47046661376953,10.0,Tree cover,True,True,False,False,True,3,"https://www.google.com/maps/@-1.93465156,102.8618314,250m/data=!3m1!1e3"
82397,PAPUA,KAB. JAYAPURA,Unurum Guay,-2.78390087,139.78529211,8872f2634bfffff,0.0,31.0,73.0,<500,5,KOPERASI DESA MERAH PUTIH KAMPUNG SANTOSA,,,,359.3625793457031,17.315673828125,10.0,Tree cover,True,True,False,False,True,3,"https://www.google.com/maps/@-2.78390087,139.78529211,250m/data=!3m1!1e3"
88934,PAPUA,KAB. SARMI,Tor Atas,-2.18188184,138.91524991,88728db5a3fffff,0.0,31.0,744.0,500-2k,5,KOPERASI DESA MERAH PUTIH DENENDER,,,,56.172691345214844,8.651351928710938,10.0,Tree cover,True,True,False,False,True,3,"https://www.google.com/maps/@-2.18188184,138.91524991,250m/data=!3m1!1e3"
88290,PAPUA SELATAN,KAB. MAPPI,Obaa,-6.16777601,139.41084072,889cd840b5fffff,0.0,32.0,273.0,<500,5,KOPERASI DESA MERAH PUTIH KAMPUNG GAUDA,,,,17.46373748779297,15.869250297546387,10.0,Tree cover,True,True,False,False,True,3,"https://www.google.com/maps/@-6.16777601,139.41084072,250m/data=!3m1!1e3"
93702,PAPUA BARAT DAYA,KAB. RAJA AMPAT,Kepulauan Ayau,0.49972403,131.12447394,887398aa61fffff,0.0,32.0,805.0,500-2k,5,KOPERASI DESA MERAH PUTIH ABIDON,Abidon,Tidak Ada Lahan,,0.0,0.0,10.0,Tree cover,True,True,False,False,True,3,"https://www.google.com/maps/@0.49972403,131.12447394,250m/data=!3m1!1e3"
80947,KALIMANTAN TIMUR,KAB. BERAU,Segah,2.18661892,116.9531558,8868ab999dfffff,0.0,33.0,426.0,<500,5,KOPERASI DESA MERAH PUTIH LONG AYAN KECAMATAN SEGAH,Long Ayan,Sedang Diverifikasi,KOPERASI,70.2684097290039,40.170074462890625,10.0,Tree cover,True,True,False,False,True,3,"https://www.google.com/maps/@2.18661892,116.9531558,250m/data=!3m1!1e3"
54431,SULAWESI SELATAN,KAB. LUWU UTARA,Rongkong,-2.46998942,119.829534,889521a983fffff,0.0,33.0,814.0,500-2k,5,KOPERASI DESA MERAH PUTIH LIMBONG KECAMATAN RONGKONG,Limbong,Sedang Diverifikasi,KOPERASI,1916.2037353515625,53.74560546875,10.0,Tree cover,True,True,False,False,True,3,"https://www.google.com/maps/@-2.46998942,119.829534,250m/data=!3m1!1e3"
88386,PAPUA SELATAN,KAB. ASMAT,Sor Ep,-5.16585834,138.70386208,889cdb4d4dfffff,0.0,33.0,288.0,<500,5,KOPERASI DESA MERAH PUTIH FAKAN,Fakan/Ani,Sedang Diverifikasi,KOPERASI,26.656665802001953,11.508614540100098,10.0,Tree cover,True,True,False,False,True,3,"https://www.google.com/maps/@-5.16585834,138.70386208,250m/data=!3m1!1e3"
85517,PAPUA SELATAN,KAB. ASMAT,Suator,-5.48505499,139.19131441,889cda3565fffff,0.0,33.0,820.0,500-2k,5,KOPERASI DESA MERAH PUTIH WOWI,,,,18.62211036682129,7.26856803894043,10.0,Tree cover,True,True,False,False,True,3,"https://www.google.com/maps/@-5.48505499,139.19131441,250m/data=!3m1!1e3"
85918,PAPUA SELATAN,KAB. ASMAT,Suator,-5.27245108,139.34204508,889cda7699fffff,0.0,33.0,709.0,500-2k,5,KOPERASI DESA MERAH PUTIH BINAM,,,,20.64643669128418,8.566688537597656,10.0,Tree cover,True,True,False,False,True,3,"https://www.google.com/maps/@-5.27245108,139.34204508,250m/data=!3m1!1e3"
93581,PAPUA SELATAN,KAB. ASMAT,Kopay,-6.33718802,138.78994004,889cd82aabfffff,0.0,33.0,499.0,<500,5,KOPERASI DESA MERAH PUTIH KAWEM,,,,10.702527046203613,10.033706665039062,10.0,Tree cover,True,True,False,False,True,3,"https://www.google.com/maps/@-6.33718802,138.78994004,250m/data=!3m1!1e3"
71799,KALIMANTAN BARAT,KAB. KAPUAS HULU,Suhaid,0.89515931,112.0700637,8868b0bb4dfffff,0.0,34.0,888.0,500-2k,5,KOPERASI DESA MERAH PUTIH LUBUK PENGAIL,,,,21.745939254760742,6.828947067260742,10.0,Tree cover,True,True,False,False,True,3,"https://www.google.com/maps/@0.89515931,112.0700637,250m/data=!3m1!1e3"
89638,PAPUA BARAT,KAB. KAIMANA,Teluk Arguni Atas,-2.9407712,133.93873482,88728685cdfffff,0.0,34.0,441.0,<500,5,KOPERASI DESA MERAH PUTIH BOROGERBA,,,,124.3729248046875,8.454658508300781,10.0,Tree cover,True,True,False,False,True,3,"https://www.google.com/maps/@-2.9407712,133.93873482,250m/data=!3m1!1e3"
84644,KALIMANTAN TIMUR,KAB. KUTAI BARAT,Damai,-0.46746051,115.5095044,8868830103fffff,0.0,35.0,711.0,500-2k,5,KOPERASI DESA MERAH PUTIH KELIAN,,,,0.0,0.0,10.0,Tree cover,True,True,False,False,True,3,"https://www.google.com/maps/@-0.46746051,115.5095044,250m/data=!3m1!1e3"
58132,SUMATERA UTARA,KAB. ASAHAN,Bandar Pasir Mandoge,2.62309343,99.19904338,88652b70b3fffff,0.0,37.0,511.0,500-2k,5,KOPERASI DESA MERAH PUTIH HUTA BAGASAN,Huta Bagasan,Terverifikasi,BUSINESS ASSISTANCE,868.1945190429688,51.9818115234375,10.0,Tree cover,True,True,False,False,True,3,"https://www.google.com/maps/@2.62309343,99.19904338,250m/data=!3m1!1e3"
62553,RIAU,KAB. PELALAWAN,Teluk Meranti,0.3100391,102.6413421,8865253931fffff,0.0,37.0,165.0,<500,5,KOPERASI KELURAHAN MERAH PUTIH TELUK MERANTI KECAMATAN TELUK MERANTI,Teluk Meranti,Terverifikasi,Agrinas,6.268479824066162,1.7320828437805176,10.0,Tree cover,True,True,False,False,True,3,"https://www.google.com/maps/@0.3100391,102.6413421,250m/data=!3m1!1e3"
87206,KALIMANTAN TENGAH,KAB. SERUYAN,Seruyan Hilir,-3.00201845,112.1833016,888d9a5841fffff,0.0,37.0,55.0,<500,5,KOPERASI DESA MERAH PUTIH JAHITAN,,,,18.38901138305664,3.296388626098633,10.0,Tree cover,True,True,False,False,True,3,"https://www.google.com/maps/@-3.00201845,112.1833016,250m/data=!3m1!1e3"
15414,KALIMANTAN TENGAH,KAB. KAPUAS,Kapuas Tengah,-0.95423407,114.3961058,8868824607fffff,0.0,37.0,490.0,<500,5,KOPERASI DESA MERAH PUTIH BARUNANG,Barunang,Tidak Ada Lahan,,0.0,0.0,10.0,Tree cover,True,True,False,False,True,3,"https://www.google.com/maps/@-0.95423407,114.3961058,250m/data=!3m1!1e3"
12652,KALIMANTAN UTARA,KAB. MALINAU,Malinau Selatan Hulu,2.97827167,116.4732566,8868a88c0dfffff,0.0,37.0,783.0,500-2k,5,KOPERASI DESA MERAH PUTIH TANJUNG NANGA,Tanjung Nanga,Terverifikasi,Agrinas,197.52395629882812,57.851348876953125,10.0,Tree cover,True,True,False,False,True,3,"https://www.google.com/maps/@2.97827167,116.4732566,250m/data=!3m1!1e3"
50786,MALUKU,KAB. BURU,Fena Leisela,-3.19246219,126.6937922,889544a0edfffff,0.0,37.0,379.0,<500,5,KOPERASI DESA MERAH PUTIH RAHERIAT,Raheriat,Sedang Diverifikasi,KOPERASI,591.7162475585938,39.03619384765625,10.0,Tree cover,True,True,False,False,True,3,"https://www.google.com/maps/@-3.19246219,126.6937922,250m/data=!3m1!1e3"
90739,PAPUA BARAT DAYA,KAB. SORONG,Sayosa Timur,-0.95376736,131.93164941,88739b7581fffff,0.0,37.0,478.0,<500,5,KOPERASI DESA MERAH PUTIH KLAKAK,,,,149.81190490722656,11.452651977539062,10.0,Tree cover,True,True,False,False,True,3,"https://www.google.com/maps/@-0.95376736,131.93164941,250m/data=!3m1!1e3"
89852,PAPUA,KAB. MAMBERAMO RAYA,Mamberamo Tengah Timur,-2.74733211,138.07167933,88728dc985fffff,0.0,37.0,138.0,<500,5,KOPERASI DESA MERAH PUTIH KUSTRA,Kustra,Sedang Diverifikasi,BUSINESS ASSISTANCE,120.10693359375,26.375160217285156,10.0,Tree cover,True,True,False,False,True,3,"https://www.google.com/maps/@-2.74733211,138.07167933,250m/data=!3m1!1e3"
88066,MALUKU UTARA,KAB. HALMAHERA SELATAN,Obi Timur,-1.49943518,127.90349618,88956c5a9dfffff,0.0,38.0,995.0,500-2k,5,KOPERASI DESA MERAH PUTIH KELO,Kelo,Sedang Diverifikasi,KOPERASI,410.4826354980469,56.934478759765625,10.0,Tree cover,True,True,False,False,True,3,"https://www.google.com/maps/@-1.49943518,127.90349618,250m/data=!3m1!1e3"
89484,PAPUA BARAT DAYA,KAB. SORONG,Sayosa Timur,-1.04520591,131.9485095,88739b6727fffff,0.0,38.0,79.0,<500,5,KOPERASI DESA MERAH PUTIH KLADUK,,,,119.76656341552734,14.943862915039062,10.0,Tree cover,True,True,False,False,True,3,"https://www.google.com/maps/@-1.04520591,131.9485095,250m/data=!3m1!1e3"
81862,KALIMANTAN TENGAH,KAB. SERUYAN,Seruyan Hulu,-1.3927269,111.9247905,886894cb05fffff,0.0,39.0,434.0,<500,5,KOPERASI DESA MERAH PUTIH TUMBANG MANJUL KECAMATAN SERUYAN HULU,,,,183.28518676757812,37.66648864746094,10.0,Tree cover,True,True,False,False,True,3,"https://www.google.com/maps/@-1.3927269,111.9247905,250m/data=!3m1!1e3"
91701,PAPUA BARAT,KAB. KAIMANA,Kaimana,-3.49048465,133.6785198,8872865627fffff,0.0,39.0,929.0,500-2k,5,KOPERASI DESA MERAH PUTIH KAMPUNG TANGGAROMI,,,,231.77774047851562,48.39799499511719,10.0,Tree cover,True,True,False,False,True,3,"https://www.google.com/maps/@-3.49048465,133.6785198,250m/data=!3m1!1e3"
21434,KALIMANTAN UTARA,KAB. TANA TIDUNG,Sesayap Hilir,3.53335261,117.3289862,8868ad2d19fffff,0.0,40.0,894.0,500-2k,5,KOPERASI DESA MERAH PUTIH BEBATU,Bebatu,Terverifikasi,KEMENTERIAN KESEHATAN,12.412808418273926,8.47142505645752,10.0,Tree cover,True,True,False,False,True,3,"https://www.google.com/maps/@3.53335261,117.3289862,250m/data=!3m1!1e3"
10967,SULAWESI TENGAH,KAB. TOJO UNA UNA,Ampana Tete,-1.06917933,121.8129847,8868dec633fffff,0.0,40.0,639.0,500-2k,5,KOPERASI DESA MERAH PUTIH TAMPABATU,Tampabatu,Terverifikasi,KOPERASI,347.51727294921875,46.80810546875,10.0,Tree cover,True,True,False,False,True,3,"https://www.google.com/maps/@-1.06917933,121.8129847,250m/data=!3m1!1e3"
90946,PAPUA BARAT,KAB. MANOKWARI SELATAN,Dataran Isim,-1.55326737,133.72879227,8872a20db9fffff,0.0,40.0,677.0,500-2k,5,KOPERASI DESA MERAH PUTIH DESRA,,,,562.4383544921875,55.0501708984375,10.0,Tree cover,True,True,False,False,True,3,"https://www.google.com/maps/@-1.55326737,133.72879227,250m/data=!3m1!1e3"
85549,SUMATERA UTARA,KAB. NIAS SELATAN,Tanah Masa,-0.47044918,98.37968476,888cdab69dfffff,0.0,41.0,539.0,500-2k,5,KOPERASI DESA MERAH PUTIH MAKOLE,,,,0.0,0.0,10.0,Tree cover,True,True,False,False,True,3,"https://www.google.com/maps/@-0.47044918,98.37968476,250m/data=!3m1!1e3"
47859,KALIMANTAN TENGAH,KAB. KAPUAS,Timpah,-1.63897219,114.5639078,8868913723fffff,0.0,43.0,774.0,500-2k,5,KOPERASI DESA MERAH PUTIH LUNGKUH LAYANG,Lungkuh Layang,Tidak Ada Lahan,,56.59959030151367,15.440338134765625,10.0,Tree cover,True,True,False,False,True,3,"https://www.google.com/maps/@-1.63897219,114.5639078,250m/data=!3m1!1e3"
90044,PAPUA BARAT DAYA,KAB. SORONG,Bagun,-1.29988412,131.62695878,8872b4b5e1fffff,0.0,43.0,583.0,500-2k,5,KOPERASI DESA MERAH PUTIH KAMPUNG KLAKWONRIT,,,,34.04664993286133,20.495744705200195,10.0,Tree cover,True,True,False,False,True,3,"https://www.google.com/maps/@-1.29988412,131.62695878,250m/data=!3m1!1e3"
75782,PAPUA SELATAN,KAB. ASMAT,Suru-suru,-4.81692022,138.88644724,88728b722dfffff,0.0,45.0,499.0,<500,5,KOPERASI DESA MERAH PUTIH KAMPUNG SEE,,,,30.9033203125,11.712684631347656,10.0,Tree cover,True,True,False,False,True,3,"https://www.google.com/maps/@-4.81692022,138.88644724,250m/data=!3m1!1e3"
86830,PAPUA BARAT DAYA,KAB. SORONG SELATAN,Konda,-1.61396993,132.0324991,8872b5cf25fffff,0.0,45.0,829.0,500-2k,5,KOPERASI DESA MERAH PUTIH KAMPUNG NAGNA,Nagna,Tidak Ada Lahan,,8.286258697509766,18.858863830566406,95.0,Mangrove,True,True,False,False,True,3,"https://www.google.com/maps/@-1.61396993,132.0324991,250m/data=!3m1!1e3"
89434,PAPUA BARAT,KAB. TELUK BINTUNI,Tomu,-2.17193444,133.19585173,8872b18c81fffff,0.0,45.0,663.0,500-2k,5,KOPERASI DESA MERAH PUTIH TAROY,Taroy,Tidak Ada Lahan,,27.403230667114258,7.133079528808594,10.0,Tree cover,True,True,False,False,True,3,"https://www.google.com/maps/@-2.17193444,133.19585173,250m/data=!3m1!1e3"
90983,PAPUA SELATAN,KAB. BOVEN DIGOEL,Waropko,-5.61000084,140.98739441,8872d275a5fffff,0.0,46.0,911.0,500-2k,5,KOPERASI DESA MERAH PUTIH WAMETKAPA,,,,101.26255798339844,30.541290283203125,10.0,Tree cover,True,True,False,False,True,3,"https://www.google.com/maps/@-5.61000084,140.98739441,250m/data=!3m1!1e3"
26974,SUMATERA SELATAN,KAB. OGAN KOMERING ILIR,Air Sugihan,-2.66246153,105.4884842,888c8c9195fffff,0.0,47.0,499.0,<500,5,KOPERASI DESA MERAH PUTIH SUNGAI BATANG KECAMATAN AIR SUGIHAN,Sungai Batang,Tidak Ada Lahan,,3.3288679122924805,0.5447251796722412,40.0,Cropland,True,False,True,False,True,3,"https://www.google.com/maps/@-2.66246153,105.4884842,250m/data=!3m1!1e3"
32178,KALIMANTAN TENGAH,KAB. KATINGAN,Sanaman Mantikei,-1.16377933,112.934188,88689434a9fffff,0.0,47.0,123.0,<500,5,KOPERASI DESA MERAH PUTIH TUMBANG ATEI,Tumbang Atei,Sedang Diverifikasi,KOPERASI,77.74243927001953,15.049285888671875,10.0,Tree cover,True,True,False,False,True,3,"https://www.google.com/maps/@-1.16377933,112.934188,250m/data=!3m1!1e3"
89283,PAPUA BARAT DAYA,KAB. SORONG SELATAN,Matemani,-2.01764045,132.29505465,8872b54cedfffff,0.0,47.0,730.0,500-2k,5,KOPERASI DESA MERAH PUTIH KAMPUNG PURAGI DISTRIK MATEMANI,Puragi,Terverifikasi,Agrinas,19.15457534790039,5.41303825378418,10.0,Tree cover,True,True,False,False,True,3,"https://www.google.com/maps/@-2.01764045,132.29505465,250m/data=!3m1!1e3"
13159,KALIMANTAN BARAT,KAB. KETAPANG,Nanga Tayap,-1.56917406,110.817346,888cb62415fffff,0.0,48.0,469.0,<500,5,KOPERASI DESA MERAH PUTIH BETENUNG,,,,109.48710632324219,20.597183227539062,10.0,Tree cover,True,True,False,False,True,3,"https://www.google.com/maps/@-1.56917406,110.817346,250m/data=!3m1!1e3"
92604,PAPUA SELATAN,KAB. MAPPI,Assue,-5.93063262,139.26025135,889cdab431fffff,0.0,48.0,333.0,<500,5,KOPERASI DESA MERAH PUTIH KAMPUNG KOPI DISTRIK ASSUE,,,,22.512714385986328,11.506132125854492,10.0,Tree cover,True,True,False,False,True,3,"https://www.google.com/maps/@-5.93063262,139.26025135,250m/data=!3m1!1e3"
68900,SULAWESI TENGGARA,KAB. KONAWE UTARA,Wiwirano,-3.09399868,122.0162719,889529c1c7fffff,0.0,48.0,199.0,<500,5,KOPERASI DESA MERAH PUTIH PONDOA,Pondoa,Terverifikasi,Agrinas,291.9305725097656,56.707061767578125,10.0,Tree cover,True,True,False,False,True,3,"https://www.google.com/maps/@-3.09399868,122.0162719,250m/data=!3m1!1e3"
88249,PAPUA BARAT DAYA,KAB. SORONG,Klayili,-0.93141429,131.53567632,88739b471dfffff,0.0,48.0,545.0,500-2k,5,KOPERASI DESA MERAH PUTIH MLAWER,,,,151.17677307128906,25.017532348632812,10.0,Tree cover,True,True,False,False,True,3,"https://www.google.com/maps/@-0.93141429,131.53567632,250m/data=!3m1!1e3"
3420,KEPULAUAN BANGKA BELITUNG,KAB. BANGKA SELATAN,Toboali,-2.8301585,106.560309,888c8534bbfffff,0.0,49.0,553.0,500-2k,5,KOPERASI DESA MERAH PUTIH KEPOH KECAMATAN TOBOALI,Kepoh,Terverifikasi,Agrinas,14.985342979431152,13.58077335357666,10.0,Tree cover,True,True,False,False,True,3,"https://www.google.com/maps/@-2.8301585,106.560309,250m/data=!3m1!1e3"
88915,PAPUA BARAT DAYA,KAB. SORONG SELATAN,Konda,-1.65784476,131.92920917,8872b5c919fffff,0.0,49.0,242.0,<500,5,KOPERASI DESA MERAH PUTIH WAMARGEGE,,,,13.745747566223145,8.093321800231934,10.0,Tree cover,True,True,False,False,True,3,"https://www.google.com/maps/@-1.65784476,131.92920917,250m/data=!3m1!1e3"
53443,KALIMANTAN BARAT,KAB. KAPUAS HULU,Selimbau,0.88073095,112.1967425,8868b0b8c7fffff,0.0,50.0,590.0,500-2k,5,KOPERASI DESA MERAH PUTIH NANGA LEBOYAN,,,,32.136348724365234,20.41718864440918,10.0,Tree cover,True,True,False,False,True,3,"https://www.google.com/maps/@0.88073095,112.1967425,250m/data=!3m1!1e3"
90472,PAPUA BARAT DAYA,KAB. SORONG,Klaso,-0.81653383,131.78655981,88739b0d17fffff,0.0,50.0,993.0,500-2k,5,KOPERASI DESA MERAH PUTIH KAMPUNG MALAWHILI DISTRIK KLASO,Malawhili,Sedang Diverifikasi,BUSINESS ASSISTANCE,101.58914947509766,13.652641296386719,10.0,Tree cover,True,True,False,False,True,3,"https://www.google.com/maps/@-0.81653383,131.78655981,250m/data=!3m1!1e3"
75280,JAMBI,KAB. BATANG HARI,Pemayung,-1.45083455,103.1157645,888c897581fffff,0.0,51.0,849.0,500-2k,5,KOPERASI DESA MERAH PUTIH KUAP,Kuap,Terverifikasi,Agrinas,88.23080444335938,23.957931518554688,10.0,Tree cover,True,True,False,False,True,3,"https://www.google.com/maps/@-1.45083455,103.1157645,250m/data=!3m1!1e3"
90520,PAPUA BARAT DAYA,KAB. TAMBRAUW,Miyah Selatan,-0.89557141,132.6429395,8872a64c4dfffff,0.0,51.0,461.0,<500,5,KOPERASI DESA MERAH PUTIH SISU,,,,562.1752319335938,48.5123291015625,10.0,Tree cover,True,True,False,False,True,3,"https://www.google.com/maps/@-0.89557141,132.6429395,250m/data=!3m1!1e3"
68966,KALIMANTAN BARAT,KAB. KAPUAS HULU,Embaloh Hilir,0.96574027,112.6162682,8868b1d1cbfffff,0.0,52.0,808.0,500-2k,5,KOPERASI DESA MERAH PUTIH NANGA LAUK,Nanga Lauk,Ditolak,Agrinas,27.304901123046875,4.287815093994141,10.0,Tree cover,True,True,False,False,True,3,"https://www.google.com/maps/@0.96574027,112.6162682,250m/data=!3m1!1e3"
71988,RIAU,KAB. SIAK,Sungai Apit,0.7009782,102.736637,886525681bfffff,0.0,52.0,351.0,<500,5,KOPERASI DESA MERAH PUTIH KAMPUNG TELUK LANUS,Teluk Lanus,Sedang Diverifikasi,KOPERASI,25.51522445678711,6.74278450012207,10.0,Tree cover,True,True,False,False,True,3,"https://www.google.com/maps/@0.7009782,102.736637,250m/data=!3m1!1e3"
88503,PAPUA BARAT DAYA,KAB. RAJA AMPAT,Kepulauan Ayau,1.06433022,131.26461334,88739d46a5fffff,0.0,52.0,55.0,<500,5,KOPERASI DESA MERAH PUTIH RENI,Reni,Tidak Ada Lahan,,22.144338607788086,12.57190227508545,10.0,Tree cover,True,True,False,False,True,3,"https://www.google.com/maps/@1.06433022,131.26461334,250m/data=!3m1!1e3"
56836,KALIMANTAN TENGAH,KAB. PULANG PISAU,Sebangau Kuala,-3.31811786,113.718695,888d934d67fffff,0.0,53.0,285.0,<500,5,KOPERASI DESA MERAH PUTIH SEI BAKAU,Sei Bakau,Sedang Diverifikasi,KOPERASI,3.5344839096069336,2.4602508544921875,10.0,Tree cover,True,True,False,False,True,3,"https://www.google.com/maps/@-3.31811786,113.718695,250m/data=!3m1!1e3"
39403,KALIMANTAN TIMUR,KAB. BERAU,Gunung Tabur,2.33390918,117.661216,8868a969c3fffff,0.0,54.0,544.0,500-2k,5,KOPERASI DESA MERAH PUTIH MERANCANG ULU,Merancang Ulu,Sedang Diverifikasi,KOPERASI,39.21345520019531,34.821388244628906,10.0,Tree cover,True,True,False,False,True,3,"https://www.google.com/maps/@2.33390918,117.661216,250m/data=!3m1!1e3"
90470,PAPUA BARAT DAYA,KAB. SORONG,Maudus,-0.94849269,131.96674199,88739b664dfffff,0.0,54.0,470.0,<500,5,KOPERASI DESA MERAH PUTIH KLAKA,Klaka,Terverifikasi,Agrinas,140.82716369628906,18.079910278320312,10.0,Tree cover,True,True,False,False,True,3,"https://www.google.com/maps/@-0.94849269,131.96674199,250m/data=!3m1!1e3"
45157,SULAWESI TENGGARA,KAB. KONAWE,Routa,-3.07712358,121.8265057,889529d86dfffff,0.0,55.0,491.0,<500,5,KOPERASI DESA MERAH PUTIH LALOMERUI,Lalomerui,Sedang Diverifikasi,KOPERASI,143.0413055419922,7.623626708984375,10.0,Tree cover,True,True,False,False,True,3,"https://www.google.com/maps/@-3.07712358,121.8265057,250m/data=!3m1!1e3"
90431,PAPUA BARAT DAYA,KAB. SORONG,Sayosa,-1.16049774,131.67767274,8872b4b6d1fffff,0.0,55.0,920.0,500-2k,5,KOPERASI DESA MERAH PUTIH MALADOFOK,,,,187.27899169921875,37.612335205078125,10.0,Tree cover,True,True,False,False,True,3,"https://www.google.com/maps/@-1.16049774,131.67767274,250m/data=!3m1!1e3"
90531,PAPUA BARAT DAYA,KAB. SORONG,Maudus,-0.92433353,132.12956506,8872b5924dfffff,0.0,55.0,576.0,500-2k,5,KOPERASI DESA MERAH PUTIH KAMPUNG SULUH,Suluh,Terverifikasi,Agrinas,187.9170684814453,29.776992797851562,10.0,Tree cover,True,True,False,False,True,3,"https://www.google.com/maps/@-0.92433353,132.12956506,250m/data=!3m1!1e3"
85515,PAPUA SELATAN,KAB. ASMAT,Suator,-5.33184736,139.15267408,889cda2183fffff,0.0,56.0,323.0,<500,5,KOPERASI DESA MERAH PUTIH BUBIS,,,,22.94672393798828,21.36837387084961,10.0,Tree cover,True,True,False,False,True,3,"https://www.google.com/maps/@-5.33184736,139.15267408,250m/data=!3m1!1e3"
65810,KALIMANTAN BARAT,KAB. SINTANG,Serawai,-0.508714,112.7036426,8868b34413fffff,0.0,57.0,122.0,<500,5,KOPERASI DESA MERAH PUTIH MEROBOI,,,,0.0,0.0,10.0,Tree cover,True,True,False,False,True,3,"https://www.google.com/maps/@-0.508714,112.7036426,250m/data=!3m1!1e3"
42432,PAPUA,KAB. JAYAPURA,Airu,-3.50182489,139.8394113,8872892759fffff,0.0,57.0,245.0,<500,5,KOPERASI DESA MERAH PUTIH DESA KAMIKARU,Kamikaru,Sedang Diverifikasi,KOPERASI,163.79786682128906,17.486923217773438,10.0,Tree cover,True,True,False,False,True,3,"https://www.google.com/maps/@-3.50182489,139.8394113,250m/data=!3m1!1e3"
71469,GORONTALO,KAB. POHUWATO,Popayato Barat,0.69997177,121.2833118,8868c2cac5fffff,0.0,60.0,479.0,<500,5,KOPERASI DESA MERAH PUTIH PADENGO KECAMATAN POPAYATO BARAT,Padengo,Terverifikasi,Agrinas,751.4198608398438,23.03717041015625,10.0,Tree cover,True,True,False,False,True,3,"https://www.google.com/maps/@0.69997177,121.2833118,250m/data=!3m1!1e3"
89886,PAPUA BARAT DAYA,KAB. SORONG,Botain,-1.50516203,131.66386668,8872b4ac47fffff,0.0,60.0,65.0,<500,5,KOPERASI DESA MERAH PUTIH KLAFLUK,Klafluk,Tidak Ada Lahan,,21.88076400756836,12.468244552612305,95.0,Mangrove,True,True,False,False,True,3,"https://www.google.com/maps/@-1.50516203,131.66386668,250m/data=!3m1!1e3"
90929,PAPUA,KAB. MAMBERAMO RAYA,Mamberamo Tengah Timur,-2.4657728,137.80588176,88728ca50bfffff,0.0,60.0,335.0,<500,5,KOPERASI DESA MERAH PUTIH TOWAO,Towao,Sedang Diverifikasi,BUSINESS ASSISTANCE,512.1266479492188,32.066802978515625,10.0,Tree cover,True,True,False,False,True,3,"https://www.google.com/maps/@-2.4657728,137.80588176,250m/data=!3m1!1e3"
89252,PAPUA BARAT,KAB. TELUK BINTUNI,Moskona Timur,-1.33644657,133.14796346,8872a2c1e9fffff,0.0,60.0,401.0,<500,5,KOPERASI DESA MERAH PUTIH MESNA,,,,924.076171875,36.234130859375,10.0,Tree cover,True,True,False,False,True,3,"https://www.google.com/maps/@-1.33644657,133.14796346,250m/data=!3m1!1e3"
39793,MALUKU,KAB. SERAM BAGIAN TIMUR,Werinama,-3.38356675,130.1753776,88954d9169fffff,0.0,61.0,149.0,<500,5,KOPERASI DESA MERAH PUTIH NEGERI WERINAMA,Werinama,Sedang Diverifikasi,KOPERASI,70.51154327392578,5.2888946533203125,10.0,Tree cover,True,True,False,False,True,3,"https://www.google.com/maps/@-3.38356675,130.1753776,250m/data=!3m1!1e3"
51800,KALIMANTAN TIMUR,KAB. BERAU,Talisayan,1.37537466,118.1590415,88688da2a1fffff,0.0,62.0,242.0,<500,5,KOPERASI DESA MERAH PUTIH DUMARING,Dumaring,Sedang Diverifikasi,BUSINESS ASSISTANCE,203.33685302734375,9.802536010742188,10.0,Tree cover,True,True,False,False,True,3,"https://www.google.com/maps/@1.37537466,118.1590415,250m/data=!3m1!1e3"
81121,KALIMANTAN UTARA,KAB. BULUNGAN,Sekatak,3.34339167,116.8901848,8868ad781bfffff,0.0,62.0,733.0,500-2k,5,KOPERASI DESA MERAH PUTIH BAMBANG,Bambang,Tidak Ada Lahan,,60.099422454833984,39.456695556640625,10.0,Tree cover,True,True,False,False,True,3,"https://www.google.com/maps/@3.34339167,116.8901848,250m/data=!3m1!1e3"
62958,BANTEN,KAB. SERANG,Anyar,-5.95018729,105.847956,888c133151fffff,0.0,64.0,114.0,<500,5,KOPERASI DESA MERAH PUTIH CIKONENG KECAMATAN ANYAR,Cikoneng,Terverifikasi,Agrinas,4.0,3.247278928756714,80.0,Water,True,True,False,False,True,3,"https://www.google.com/maps/@-5.95018729,105.847956,250m/data=!3m1!1e3"
40792,KALIMANTAN TIMUR,KAB. PASER,Muara Komam,-1.47867848,115.9242965,88689d51b3fffff,0.0,66.0,827.0,500-2k,5,KOPERASI DESA MERAH PUTIH LONG SAYO,Long Sayo,Perlu Verifikasi Lanjutan,Agrinas,239.08444213867188,45.547637939453125,10.0,Tree cover,True,True,False,False,True,3,"https://www.google.com/maps/@-1.47867848,115.9242965,250m/data=!3m1!1e3"
83872,KALIMANTAN TIMUR,KAB. KUTAI BARAT,Bongan,-0.88479164,116.1373287,88689d8e05fffff,0.0,67.0,563.0,500-2k,5,KOPERASI DESA MERAH PUTIH LEMPER KECAMATAN BONGAN,,,,0.0,0.0,10.0,Tree cover,True,True,False,False,True,3,"https://www.google.com/maps/@-0.88479164,116.1373287,250m/data=!3m1!1e3"
92513,PAPUA PEGUNUNGAN,KAB. JAYAWIJAYA,Muliama,-1.40428909,131.15204416,8872b481a7fffff,0.0,67.0,756.0,500-2k,5,KOPERASI DESA MERAH PUTIH SILAMIK,,,,32.264862060546875,10.403244018554688,10.0,Tree cover,True,True,False,False,True,3,"https://www.google.com/maps/@-1.40428909,131.15204416,250m/data=!3m1!1e3"
7574,SULAWESI TENGAH,KAB. TOJO UNA UNA,Tojo,-1.38165657,121.2791016,8868d33103fffff,0.0,67.0,283.0,<500,5,KOPERASI DESA MERAH PUTIH SANDADA,Sandada,Terverifikasi,KOPERASI,392.9911804199219,41.54986572265625,10.0,Tree cover,True,True,False,False,True,3,"https://www.google.com/maps/@-1.38165657,121.2791016,250m/data=!3m1!1e3"
89992,PAPUA BARAT DAYA,KAB. SORONG,Sayosa Timur,-0.93652561,131.8765874,88739b750bfffff,0.0,67.0,302.0,<500,5,KOPERASI DESA MERAH PUTIH SAILALA,,,,129.46502685546875,15.372589111328125,10.0,Tree cover,True,True,False,False,True,3,"https://www.google.com/maps/@-0.93652561,131.8765874,250m/data=!3m1!1e3"
30482,KALIMANTAN SELATAN,KAB. KOTABARU,Pulau Laut Selatan,-3.78680526,116.2156332,8895348cc1fffff,0.0,67.0,293.0,<500,5,KOPERASI DESA MERAH PUTIH TANJUNG SERUDUNG,Tanjung Serudung,Terverifikasi,KOPERASI,20.176755905151367,11.747950553894043,10.0,Tree cover,True,True,False,False,True,3,"https://www.google.com/maps/@-3.78680526,116.2156332,250m/data=!3m1!1e3"
88203,PAPUA BARAT DAYA,KAB. MAYBRAT,Aifat Timur Jauh,-1.38605545,132.78389763,8872b5ad05fffff,0.0,68.0,589.0,500-2k,5,KOPERASI DESA MERAH PUTIH KAMPUNG AIMAU,,,,240.04891967773438,48.43035888671875,10.0,Tree cover,True,True,False,False,True,3,"https://www.google.com/maps/@-1.38605545,132.78389763,250m/data=!3m1!1e3"
50218,KALIMANTAN BARAT,KAB. MELAWI,Sokan,-0.99534507,111.2713266,888cb669cdfffff,0.0,69.0,476.0,<500,5,KOPERASI DESA MERAH PUTIH TELUK PONGKAL KECAMATAN SOKAN KABUPATEN MELAWI,Teluk Pongkal,Tidak Ada Lahan,,205.4705352783203,29.468032836914062,10.0,Tree cover,True,True,False,False,True,3,"https://www.google.com/maps/@-0.99534507,111.2713266,250m/data=!3m1!1e3"
51418,KALIMANTAN UTARA,KAB. MALINAU,Malinau Selatan,3.20700798,116.3923861,8868a89543fffff,0.0,69.0,178.0,<500,5,KOPERASI DESA MERAH PUTIH SENGAYAN,Sengayan,Terverifikasi,KOPERASI,254.27081298828125,55.114410400390625,10.0,Tree cover,True,True,False,False,True,3,"https://www.google.com/maps/@3.20700798,116.3923861,250m/data=!3m1!1e3"
85844,PAPUA TENGAH,KAB. PUNCAK,Doufo,-3.16789294,137.1276017,88728c41c3fffff,0.0,69.0,867.0,500-2k,5,KOPERASI DESA MERAH PUTIH RAWA,,,,124.77545166015625,27.036331176757812,10.0,Tree cover,True,True,False,False,True,3,"https://www.google.com/maps/@-3.16789294,137.1276017,250m/data=!3m1!1e3"
64373,KALIMANTAN TENGAH,KAB. KAPUAS,Timpah,-1.57080303,114.5495106,886891ad83fffff,0.0,71.0,881.0,500-2k,5,KOPERASI DESA MERAH PUTIH LAWANG KAMAH,Lawang Kamah,Tidak Ada Lahan,,39.985435485839844,9.49346923828125,10.0,Tree cover,True,True,False,False,True,3,"https://www.google.com/maps/@-1.57080303,114.5495106,250m/data=!3m1!1e3"
86957,PAPUA BARAT DAYA,KAB. MAYBRAT,Aifat Timur Selatan,-1.81711443,132.4595079,8872b57069fffff,0.0,71.0,880.0,500-2k,5,KOPERASI DESA MERAH PUTIH KAMPUNG SRUMATE,Srumate,Sedang Diverifikasi,KOPERASI,34.32067108154297,5.6224212646484375,10.0,Tree cover,True,True,False,False,True,3,"https://www.google.com/maps/@-1.81711443,132.4595079,250m/data=!3m1!1e3"
24373,KALIMANTAN TENGAH,KAB. KATINGAN,Pulau Malan,-1.53006532,113.2963098,886890b213fffff,0.0,72.0,813.0,500-2k,5,KOPERASI DESA MERAH PUTIH TEWANG KARANGAN,Tewang Karangan,Terverifikasi,KOPERASI,60.2564697265625,14.532554626464844,10.0,Tree cover,True,True,False,False,True,3,"https://www.google.com/maps/@-1.53006532,113.2963098,250m/data=!3m1!1e3"
92130,PAPUA PEGUNUNGAN,KAB. YAHUKIMO,Sobaham,-0.9673777,132.3063642,8872b59717fffff,0.0,72.0,861.0,500-2k,5,KOPERASI DESA MERAH PUTIH SIMBUK,,,,320.1832275390625,34.56719970703125,10.0,Tree cover,True,True,False,False,True,3,"https://www.google.com/maps/@-0.9673777,132.3063642,250m/data=!3m1!1e3"
83240,PAPUA BARAT DAYA,KAB. MAYBRAT,Mare,-0.9673777,132.3063642,8872b59717fffff,0.0,72.0,861.0,500-2k,5,KOPERASI DESA MERAH PUTIH AHA KAMPUNG BAKRABI DISTRIK MARE KABUPATEN MAYBRAT,,,,320.1832275390625,34.56719970703125,10.0,Tree cover,True,True,False,False,True,3,"https://www.google.com/maps/@-0.9673777,132.3063642,250m/data=!3m1!1e3"
92341,PAPUA TENGAH,KAB. PANIAI,Siriwo,-3.63144141,136.07438393,887283b0b5fffff,0.0,72.0,903.0,500-2k,5,KOPERASI DESA MERAH PUTIH KAMPUNG DEGATADI,,,,1333.429931640625,41.7637939453125,10.0,Tree cover,True,True,False,False,True,3,"https://www.google.com/maps/@-3.63144141,136.07438393,250m/data=!3m1!1e3"
90292,PAPUA BARAT,KAB. TELUK BINTUNI,Merdey,-1.59356313,133.1861686,8872a25025fffff,0.0,73.0,822.0,500-2k,5,KOPERASI DESA MERAH PUTIH MERIEB,,,,211.65997314453125,48.77732849121094,10.0,Tree cover,True,True,False,False,True,3,"https://www.google.com/maps/@-1.59356313,133.1861686,250m/data=!3m1!1e3"
80286,SUMATERA UTARA,KAB. TAPANULI TENGAH,Tapian Nauli,1.66876435,98.48299587,886576989bfffff,0.0,74.0,207.0,<500,5,KOPERASI DESA MERAH PUTIH TAPIAN NAULI I KABUPATEN TAPANULI TENGAH,,,,105.07252502441406,23.259925842285156,10.0,Tree cover,True,True,False,False,True,3,"https://www.google.com/maps/@1.66876435,98.48299587,250m/data=!3m1!1e3"
88371,PAPUA SELATAN,KAB. MERAUKE,Elikobal,-7.6707805,140.93988352,889cd1b06dfffff,0.0,76.0,585.0,500-2k,5,KOPERASI DESA MERAH PUTIH KAMPUNG KWEEL,Kweel,Sedang Diverifikasi,KEMENTERIAN DALAM NEGERI,31.67538070678711,15.759044647216797,10.0,Tree cover,True,True,False,False,True,3,"https://www.google.com/maps/@-7.6707805,140.93988352,250m/data=!3m1!1e3"
53755,MALUKU,KAB. KEPULAUAN TANIMBAR,Nirunmas,-7.40247624,131.5954018,889460a44dfffff,0.0,77.0,745.0,500-2k,5,KOPERASI DESA MERAH PUTIH WATMURI,Watmuri,Terverifikasi,Agrinas,66.69886779785156,34.54383850097656,10.0,Tree cover,True,True,False,False,True,3,"https://www.google.com/maps/@-7.40247624,131.5954018,250m/data=!3m1!1e3"
88783,PAPUA BARAT DAYA,KAB. SORONG,Bagun,-1.27089652,131.61753307,8872b4b51bfffff,0.0,77.0,389.0,<500,5,KOPERASI DESA MERAH PUTIH BRATMAWE,,,,38.36176681518555,10.441238403320312,10.0,Tree cover,True,True,False,False,True,3,"https://www.google.com/maps/@-1.27089652,131.61753307,250m/data=!3m1!1e3"
69702,KALIMANTAN TIMUR,KAB. MAHAKAM ULU,Long Bagun,0.40787227,115.2194479,886880356dfffff,0.0,78.0,875.0,500-2k,5,KOPERASI DESA MERAH PUTIH LONG MELAHAM,Long Melaham,Terverifikasi,BUSINESS ASSISTANCE,184.19801330566406,57.1484375,10.0,Tree cover,True,True,False,False,True,3,"https://www.google.com/maps/@0.40787227,115.2194479,250m/data=!3m1!1e3"
23741,KALIMANTAN TENGAH,KAB. MURUNG RAYA,Laung Tuhup,-0.16007031,114.7755174,886882b601fffff,0.0,78.0,186.0,<500,5,KOPERASI DESA MERAH PUTIH PENDA SIRON,,,,0.0,0.0,10.0,Tree cover,True,True,False,False,True,3,"https://www.google.com/maps/@-0.16007031,114.7755174,250m/data=!3m1!1e3"
77613,KALIMANTAN TENGAH,KAB. KATINGAN,Tasik Payawan,-2.08973414,113.3421497,8868903b0bfffff,0.0,78.0,727.0,500-2k,5,KOPERASI DESA MERAH PUTIH PETAK BAHANDANG KECAMATAN TASIK PAYAWAN,Petak Bahandang,Sedang Diverifikasi,KOPERASI,30.057832717895508,12.277366638183594,10.0,Tree cover,True,True,False,False,True,3,"https://www.google.com/maps/@-2.08973414,113.3421497,250m/data=!3m1!1e3"
93527,PAPUA TENGAH,KAB. PANIAI,Kopay,-6.32472306,138.69046478,889cd82c65fffff,0.0,78.0,511.0,500-2k,5,KOPERASI DESA MERAH PUTIH WAGASU,,,,9.644392967224121,7.351419448852539,10.0,Tree cover,True,True,False,False,True,3,"https://www.google.com/maps/@-6.32472306,138.69046478,250m/data=!3m1!1e3"
89162,PAPUA,KAB. MAMBERAMO RAYA,Rufaer,-2.82980385,138.12320699,88728d515dfffff,0.0,78.0,182.0,<500,5,KOPERASI DESA MERAH PUTIH HAYA,,,,88.88286590576172,12.098983764648438,10.0,Tree cover,True,True,False,False,True,3,"https://www.google.com/maps/@-2.82980385,138.12320699,250m/data=!3m1!1e3"
90927,PAPUA,KAB. MAMBERAMO RAYA,Benuki,-2.06482008,137.45939453,8872ab414dfffff,0.0,78.0,623.0,500-2k,5,KOPERASI DESA MERAH PUTIH KEREMA,Kerema,Sedang Diverifikasi,KOPERASI,36.53401184082031,28.437721252441406,10.0,Tree cover,True,True,False,False,True,3,"https://www.google.com/maps/@-2.06482008,137.45939453,250m/data=!3m1!1e3"
90477,PAPUA BARAT DAYA,KAB. SORONG,Klayili,-0.83751253,131.71006874,88739b724bfffff,0.0,79.0,387.0,<500,5,KOPERASI DESA MERAH PUTIH MALAKOBUTU,Malakobutu,Sedang Diverifikasi,BUSINESS ASSISTANCE,91.79881286621094,9.832122802734375,10.0,Tree cover,True,True,False,False,True,3,"https://www.google.com/maps/@-0.83751253,131.71006874,250m/data=!3m1!1e3"
88717,PAPUA BARAT DAYA,KAB. TAMBRAUW,Miyah Selatan,-0.89710458,132.59131638,8872a64f47fffff,0.0,80.0,303.0,<500,5,KOPERASI DESA MERAH PUTIH MAWOR,,,,509.86572265625,34.49981689453125,10.0,Tree cover,True,True,False,False,True,3,"https://www.google.com/maps/@-0.89710458,132.59131638,250m/data=!3m1!1e3"
46939,KEPULAUAN RIAU,KAB. LINGGA,Senayang,-0.056516,104.8528328,888c8a46a7fffff,0.0,83.0,83.0,<500,5,KOPERASI DESA MERAH PUTIH PENAAH,Penaah,Terverifikasi,KOPERASI,0.0,0.0,95.0,Mangrove,True,True,False,False,True,3,"https://www.google.com/maps/@-0.056516,104.8528328,250m/data=!3m1!1e3"
51437,KALIMANTAN UTARA,KAB. MALINAU,Malinau Selatan,2.96609486,116.5551999,8868a88cbbfffff,0.0,84.0,350.0,<500,5,KOPERASI DESA MERAH PUTIH PUNAN RIAN,,,,268.594482421875,48.72998046875,10.0,Tree cover,True,True,False,False,True,3,"https://www.google.com/maps/@2.96609486,116.5551999,250m/data=!3m1!1e3"
50638,SULAWESI TENGAH,KAB. BANGGAI,Pagimana,-0.49943531,122.5447543,8868dc6263fffff,0.0,84.0,376.0,<500,5,KOPERASI DESA MERAH PUTIH BALAIGONDI,Balai Gondi,Tidak Ada Lahan,,0.0,0.0,10.0,Tree cover,True,True,False,False,True,3,"https://www.google.com/maps/@-0.49943531,122.5447543,250m/data=!3m1!1e3"
89802,PAPUA BARAT DAYA,KAB. SORONG,Botain,-1.46782355,131.55056726,8872b4a137fffff,0.0,85.0,301.0,<500,5,KOPERASI DESA MERAH PUTIH BOTAIN,Botain,Tidak Ada Lahan,,35.75015640258789,15.399919509887695,10.0,Tree cover,True,True,False,False,True,3,"https://www.google.com/maps/@-1.46782355,131.55056726,250m/data=!3m1!1e3"
90236,PAPUA PEGUNUNGAN,KAB. MAMBERAMO TENGAH,Megambilis,-3.45643994,139.05690485,887289c595fffff,0.0,90.0,720.0,500-2k,5,KOPERASI DESA MERAH PUTIH HOMASAN,,,,168.92527770996094,28.265838623046875,10.0,Tree cover,True,True,False,False,True,3,"https://www.google.com/maps/@-3.45643994,139.05690485,250m/data=!3m1!1e3"
82932,SULAWESI TENGAH,KAB. MOROWALI UTARA,Mamosalato,-1.38809804,121.9301855,8868de5483fffff,0.0,90.0,882.0,500-2k,5,KOPERASI DESA MERAH PUTIH LIJO,Lijo,Sedang Diverifikasi,KOPERASI,749.8519897460938,59.63226318359375,10.0,Tree cover,True,True,False,False,True,3,"https://www.google.com/maps/@-1.38809804,121.9301855,250m/data=!3m1!1e3"
25444,KALIMANTAN TIMUR,KAB. KUTAI BARAT,Nyuatan,-0.17174131,115.4495723,8868838f33fffff,0.0,91.0,971.0,500-2k,5,KOPERASI DESA MERAH PUTIH LAKAN BILEM,Lakan Bilem,Sedang Diverifikasi,KEMENTERIAN KESEHATAN,0.0,0.0,10.0,Tree cover,True,True,False,False,True,3,"https://www.google.com/maps/@-0.17174131,115.4495723,250m/data=!3m1!1e3"
89073,PAPUA BARAT DAYA,KAB. TAMBRAUW,Bikar,-0.47245127,132.2737835,8872a6d9b9fffff,0.0,91.0,880.0,500-2k,5,KOPERASI DESA MERAH PUTIH SYUNAI,,,,175.71519470214844,49.350311279296875,10.0,Tree cover,True,True,False,False,True,3,"https://www.google.com/maps/@-0.47245127,132.2737835,250m/data=!3m1!1e3"
91487,PAPUA BARAT,KAB. TELUK BINTUNI,Moskona Selatan,-1.699968,133.03813705,8872b52e95fffff,0.0,93.0,597.0,500-2k,5,KOPERASI DESA MERAH PUTIH MEYENDA,,,,49.27421951293945,11.077232360839844,10.0,Tree cover,True,True,False,False,True,3,"https://www.google.com/maps/@-1.699968,133.03813705,250m/data=!3m1!1e3"
25579,KALIMANTAN BARAT,KAB. SINTANG,Ambalau,-0.22276627,112.9673897,8868b30597fffff,0.0,94.0,580.0,500-2k,5,KOPERASI DESA MERAH PUTIH NANGA UKAI,,,,0.0,0.0,10.0,Tree cover,True,True,False,False,True,3,"https://www.google.com/maps/@-0.22276627,112.9673897,250m/data=!3m1!1e3"
91526,PAPUA BARAT,KAB. TELUK BINTUNI,Kaitaro,-2.67436581,133.71407172,8872b12c25fffff,0.0,94.0,467.0,<500,5,KOPERASI DESA MERAH PUTIH TUGERAMA,,,,78.19979858398438,39.962486267089844,10.0,Tree cover,True,True,False,False,True,3,"https://www.google.com/maps/@-2.67436581,133.71407172,250m/data=!3m1!1e3"
65891,KALIMANTAN TENGAH,KAB. KATINGAN,Marikit,-1.04335965,112.5703695,886894b9b7fffff,0.0,96.0,962.0,500-2k,5,KOPERASI DESA MERAH PUTIH TUMBANG TUNDU,,,,135.36785888671875,57.367340087890625,10.0,Tree cover,True,True,False,False,True,3,"https://www.google.com/maps/@-1.04335965,112.5703695,250m/data=!3m1!1e3"
90671,PAPUA BARAT,KAB. FAK FAK,Mbahamdandara,-2.75365343,132.64706717,8872b025a1fffff,0.0,97.0,943.0,500-2k,5,KOPERASI DESA MERAH PUTIH DAREMBANG,,,,78.02413940429688,45.70135498046875,10.0,Tree cover,True,True,False,False,True,3,"https://www.google.com/maps/@-2.75365343,132.64706717,250m/data=!3m1!1e3"
91562,PAPUA BARAT,KAB. TELUK BINTUNI,Merdey,-1.6086168,133.1232004,8872b52497fffff,0.0,99.0,288.0,<500,5,KOPERASI KELURAHAN MERAH PUTIH MOROMBUY,,,,290.904541015625,12.75634765625,10.0,Tree cover,True,True,False,False,True,3,"https://www.google.com/maps/@-1.6086168,133.1232004,250m/data=!3m1!1e3"
53134,JAWA TIMUR,KAB. SUMENEP,Dasuk,-6.949533,133.831205,88946cb4cdfffff,0.0,,0.0,nobody within 5km,5,KOPERASI DESA MERAH PUTIH BRINGIN KECAMATAN DASUK,Bringin,Terverifikasi,Agrinas,,,80.0,Water,True,True,False,False,True,3,"https://www.google.com/maps/@-6.949533,133.831205,250m/data=!3m1!1e3"
33961,JAWA TIMUR,KAB. JEMBER,Gumukmas,8.33106662,113.4317051,88683449b7fffff,0.0,,0.0,nobody within 5km,5,KOPERASI DESA MERAH PUTIH KARANGREJO KECAMATAN GUMUKMAS,Karangrejo,Terverifikasi,KOPERASI,0.0,0.0,80.0,Water,True,True,False,False,True,3,"https://www.google.com/maps/@8.33106662,113.4317051,250m/data=!3m1!1e3"
20817,BENGKULU,KAB. KAUR,Nasal,4.7547024,103.6732864,8865332c6bfffff,0.0,,0.0,nobody within 5km,5,KOPERASI DESA MERAH PUTIH PASAR JUMAT KECAMATAN NASAL,Pasar Jum'at,Sedang Diverifikasi,BUSINESS ASSISTANCE,0.0,0.0,80.0,Water,True,True,False,False,True,3,"https://www.google.com/maps/@4.7547024,103.6732864,250m/data=!3m1!1e3"
43561,BENGKULU,KAB. MUKOMUKO,Malin Deman,-2.82056396,101.7457207,888cf37505fffff,0.0,,10.0,<500,5,KOPERASI DESA MERAH PUTIH LUBUK TALANG KECAMATAN MALIN DEMAN,Lubuk Talang,Terverifikasi,Agrinas,475.879638671875,56.98614501953125,10.0,Tree cover,True,True,False,False,True,3,"https://www.google.com/maps/@-2.82056396,101.7457207,250m/data=!3m1!1e3"
26893,KALIMANTAN BARAT,KAB. KETAPANG,Kendawangan,-2.64220197,110.593751,888cb42291fffff,0.0,,303.0,<500,5,KOPERASI DESA MERAH PUTIH DESA AIR HITAM HULU,Air Hitam Hulu,Terverifikasi,Agrinas,12.052949905395508,12.474648475646973,10.0,Tree cover,True,True,False,False,True,3,"https://www.google.com/maps/@-2.64220197,110.593751,250m/data=!3m1!1e3"
59100,KALIMANTAN BARAT,KAB. KETAPANG,Kendawangan,-2.79543358,110.2832997,888cb5cc37fffff,0.0,,2.0,<500,5,KOPERASI DESA MERAH PUTIH KENDAWANGAN KANAN,Kendawangan Kanan,Terverifikasi,KOPERASI,6.787516117095947,0.8304176330566406,10.0,Tree cover,True,True,False,False,True,3,"https://www.google.com/maps/@-2.79543358,110.2832997,250m/data=!3m1!1e3"
75614,KALIMANTAN BARAT,KAB. KETAPANG,Kendawangan,-2.47404865,110.5325602,888cb42c15fffff,0.0,,677.0,500-2k,5,KOPERASI DESA MERAH PUTIH BANGKAL SERAI,Bangkal Serai,Terverifikasi,Agrinas,14.248870849609375,13.790657043457031,10.0,Tree cover,True,True,False,False,True,3,"https://www.google.com/maps/@-2.47404865,110.5325602,250m/data=!3m1!1e3"
79018,KALIMANTAN BARAT,KAB. KETAPANG,Nanga Tayap,-1.63334971,110.7473441,888cb0534bfffff,0.0,,301.0,<500,5,KOPERASI DESA MERAH PUTIH CEGOLAK PATEH BENTENG,Cegolak,Selesai,Agrinas,99.39512634277344,20.182640075683594,10.0,Tree cover,True,True,False,False,True,3,"https://www.google.com/maps/@-1.63334971,110.7473441,250m/data=!3m1!1e3"
63803,KALIMANTAN BARAT,KAB. KETAPANG,Hulu Sungai,-0.88899056,110.7275232,888cb210e9fffff,0.0,,470.0,<500,5,KOPERASI DESA MERAH PUTIH SENDURUHAN,Senduruhan,Sedang Diverifikasi,KEMENTERIAN KESEHATAN,101.47942352294922,39.417015075683594,10.0,Tree cover,True,True,False,False,True,3,"https://www.google.com/maps/@-0.88899056,110.7275232,250m/data=!3m1!1e3"
81013,KALIMANTAN BARAT,KAB. KETAPANG,Hulu Sungai,-1.3106969,111.1871825,888cb67421fffff,0.0,,304.0,<500,5,KOPERASI DESA MERAH PUTIH LUBUK KAKAP KECAMATAN HULU SUNGAI,,,,206.49192810058594,37.63658142089844,10.0,Tree cover,True,True,False,False,True,3,"https://www.google.com/maps/@-1.3106969,111.1871825,250m/data=!3m1!1e3"
26353,KALIMANTAN BARAT,KAB. KETAPANG,Muara Pawan,-1.58724703,110.2496525,888cb07011fffff,0.0,,542.0,500-2k,5,KOPERASI DESA MERAH PUTIH ULAK MEDANG,,,,31.88583755493164,9.119293212890625,10.0,Tree cover,True,True,False,False,True,3,"https://www.google.com/maps/@-1.58724703,110.2496525,250m/data=!3m1!1e3"
59033,KALIMANTAN BARAT,KAB. KETAPANG,Matan Hilir Selatan,-1.88868151,110.203613,888cb00469fffff,0.0,,954.0,500-2k,5,KOPERASI DESA MERAH PUTIH SUNGAI BESAR KECAMATAN MATAN HILIR SELATAN,Sungai Besar,Tidak Ada Lahan,,23.962751388549805,5.610132217407227,10.0,Tree cover,True,True,False,False,True,3,"https://www.google.com/maps/@-1.88868151,110.203613,250m/data=!3m1!1e3"
71039,KALIMANTAN BARAT,KAB. KUBU RAYA,Batu Ampar,-0.61641344,109.779175,888cb34f1dfffff,0.0,,220.0,<500,5,KOPERASI DESA MERAH PUTIH TANJUNG BERINGIN KECAMATAN BATU AMPAR,,,,19.6547794342041,12.246322631835938,10.0,Tree cover,True,True,False,False,True,3,"https://www.google.com/maps/@-0.61641344,109.779175,250m/data=!3m1!1e3"
48181,KALIMANTAN BARAT,KAB. KUBU RAYA,Terentang,-0.38043928,109.8674215,888c94ba49fffff,0.0,,651.0,500-2k,5,KOPERASI DESA MERAH PUTIH BETUAH KECAMATAN TERENTANG,,,,30.967769622802734,4.789941787719727,10.0,Tree cover,True,True,False,False,True,3,"https://www.google.com/maps/@-0.38043928,109.8674215,250m/data=!3m1!1e3"
5614,KALIMANTAN BARAT,KAB. KAPUAS HULU,Putussibau Utara,1.20261526,112.7651106,8868b19b1bfffff,0.0,,28.0,<500,5,KOPERASI DESA MERAH PUTIH BANUA TANGA,,,,252.70034790039062,41.98883056640625,10.0,Tree cover,True,True,False,False,True,3,"https://www.google.com/maps/@1.20261526,112.7651106,250m/data=!3m1!1e3"
10347,KALIMANTAN BARAT,KAB. KAPUAS HULU,Kalis,0.62393095,113.148929,8868b17231fffff,0.0,,33.0,<500,5,KOPERASI DESA MERAH PUTIH NANGA RAUN,,,,101.13184356689453,41.205780029296875,10.0,Tree cover,True,True,False,False,True,3,"https://www.google.com/maps/@0.62393095,113.148929,250m/data=!3m1!1e3"
32127,KALIMANTAN BARAT,KAB. KAPUAS HULU,Kalis,0.4142697,113.2980791,8868b161bbfffff,0.0,,10.0,<500,5,KOPERASI DESA MERAH PUTIH RANTAU BUMBUN,,,,189.09811401367188,58.00103759765625,10.0,Tree cover,True,True,False,False,True,3,"https://www.google.com/maps/@0.4142697,113.2980791,250m/data=!3m1!1e3"
48638,KALIMANTAN BARAT,KAB. KAPUAS HULU,Selimbau,0.84280545,112.3078181,8868b0a1adfffff,0.0,,866.0,500-2k,5,KOPERASI DESA MERAH PUTIH SEMALAH,,,,40.35789489746094,16.247652053833008,10.0,Tree cover,True,True,False,False,True,3,"https://www.google.com/maps/@0.84280545,112.3078181,250m/data=!3m1!1e3"
77516,KALIMANTAN BARAT,KAB. KAPUAS HULU,Batang Lupar,0.9159233,112.2399855,8868b0a301fffff,0.0,,773.0,500-2k,5,KOPERASI DESA MERAH PUTIH SEPANDAN,,,,16.5,0.0,80.0,Water,True,True,False,False,True,3,"https://www.google.com/maps/@0.9159233,112.2399855,250m/data=!3m1!1e3"
78048,KALIMANTAN BARAT,KAB. KAPUAS HULU,Bunut Hulu,0.27917749,112.7545213,8868b38653fffff,0.0,,3.0,<500,5,KOPERASI DESA MERAH PUTIH NANGA SEMANGUT,Nanga Semangut,Tidak Ada Lahan,,510.8963623046875,24.79766845703125,10.0,Tree cover,True,True,False,False,True,3,"https://www.google.com/maps/@0.27917749,112.7545213,250m/data=!3m1!1e3"
22409,KALIMANTAN BARAT,KAB. KAYONG UTARA,Kepulauan Karimata,-1.59680267,108.8670806,888c86d6c5fffff,0.0,,886.0,500-2k,5,KOPERASI DESA MERAH PUTIH BETOK JAYA,Betok Jaya,Sedang Diverifikasi,KEMENTERIAN KESEHATAN,20.113357543945312,18.894018173217773,10.0,Tree cover,True,True,False,False,True,3,"https://www.google.com/maps/@-1.59680267,108.8670806,250m/data=!3m1!1e3"
24955,KALIMANTAN BARAT,KAB. SINTANG,Kayan Hulu,-0.10915332,112.3370545,8868b3c243fffff,0.0,,748.0,500-2k,5,KOPERASI DESA MERAH PUTIH NANGA MASAU,,,,0.0,0.0,10.0,Tree cover,True,True,False,False,True,3,"https://www.google.com/maps/@-0.10915332,112.3370545,250m/data=!3m1!1e3"
23337,KALIMANTAN BARAT,KAB. SINTANG,Ambalau,-0.31781849,113.0317469,8868b339c1fffff,0.0,,442.0,<500,5,KOPERASI DESA MERAH PUTIH BUNTUT PURUN,,,,0.0,0.0,10.0,Tree cover,True,True,False,False,True,3,"https://www.google.com/maps/@-0.31781849,113.0317469,250m/data=!3m1!1e3"
24966,KALIMANTAN BARAT,KAB. SINTANG,Ambalau,-0.3289629,112.849428,8868b30c61fffff,0.0,,645.0,500-2k,5,KOPERASI DESA MERAH PUTIH DAHTAH BUNGAI,Dahtah Bungai,Sedang Diverifikasi,KOPERASI,0.0,0.0,10.0,Tree cover,True,True,False,False,True,3,"https://www.google.com/maps/@-0.3289629,112.849428,250m/data=!3m1!1e3"
25164,KALIMANTAN BARAT,KAB. SINTANG,Ambalau,-0.13985874,112.8977695,8868b30623fffff,0.0,,60.0,<500,5,KOPERASI DESA MERAH PUTIH NANGA SAKAI,Nanga Sakai,Sedang Diverifikasi,KOPERASI,0.0,0.0,10.0,Tree cover,True,True,False,False,True,3,"https://www.google.com/maps/@-0.13985874,112.8977695,250m/data=!3m1!1e3"
25366,KALIMANTAN BARAT,KAB. SINTANG,Ambalau,-0.41014698,113.1399073,8868b32831fffff,0.0,,0.0,nobody within 5km,5,KOPERASI DESA MERAH PUTIH NANGA MENTOMOI,,,,0.0,0.0,10.0,Tree cover,True,True,False,False,True,3,"https://www.google.com/maps/@-0.41014698,113.1399073,250m/data=!3m1!1e3"
25477,KALIMANTAN BARAT,KAB. SINTANG,Ambalau,-0.10923269,112.6715414,8868b31007fffff,0.0,,235.0,<500,5,KOPERASI DESA MERAH PUTIH NUSA KORING,,,,0.0,0.0,10.0,Tree cover,True,True,False,False,True,3,"https://www.google.com/maps/@-0.10923269,112.6715414,250m/data=!3m1!1e3"
25512,KALIMANTAN BARAT,KAB. SINTANG,Ambalau,0.07581671,113.2998671,886886d8cdfffff,0.0,,1.0,<500,5,KOPERASI DESA MERAH PUTIH JENGKARANG,Jengkarang,Sedang Diverifikasi,KOPERASI,948.3086547851562,29.39068603515625,10.0,Tree cover,True,True,False,False,True,3,"https://www.google.com/maps/@0.07581671,113.2998671,250m/data=!3m1!1e3"
27186,KALIMANTAN BARAT,KAB. SINTANG,Ambalau,-0.32285371,112.8176947,8868b30f07fffff,0.0,,521.0,500-2k,5,KOPERASI DESA MERAH PUTIH NANGA KESANGE,Nanga Kesange,Sedang Diverifikasi,KOPERASI,0.0,0.0,10.0,Tree cover,True,True,False,False,True,3,"https://www.google.com/maps/@-0.32285371,112.8176947,250m/data=!3m1!1e3"
27741,KALIMANTAN BARAT,KAB. SINTANG,Ambalau,-0.42223989,113.0028117,8868b3741bfffff,0.0,,1.0,<500,5,KOPERASI DESA MERAH PUTIH RIAM SABON,,,,0.0,0.0,10.0,Tree cover,True,True,False,False,True,3,"https://www.google.com/maps/@-0.42223989,113.0028117,250m/data=!3m1!1e3"
38682,KALIMANTAN BARAT,KAB. SINTANG,Ambalau,-0.01640612,112.5832862,8868b38837fffff,0.0,,240.0,<500,5,KOPERASI DESA MERAH PUTIH LUTING MINGAN,Luting Mingan,Sedang Diverifikasi,KOPERASI,0.0,0.0,10.0,Tree cover,True,True,False,False,True,3,"https://www.google.com/maps/@-0.01640612,112.5832862,250m/data=!3m1!1e3"
83899,KALIMANTAN BARAT,KAB. SINTANG,Ambalau,0.16167417,112.7316136,8868b3850bfffff,0.0,,1.0,<500,5,KOPERASI DESA MERAH PUTIH NANGA KEREMOI,,,,899.53759765625,28.91510009765625,10.0,Tree cover,True,True,False,False,True,3,"https://www.google.com/maps/@0.16167417,112.7316136,250m/data=!3m1!1e3"
22110,KALIMANTAN BARAT,KAB. SINTANG,Serawai,-0.5883586,112.4617685,8868b3589bfffff,0.0,,14.0,<500,5,KOPERASI DESA MERAH PUTIH BARAS NABUN,,,,0.0,0.0,10.0,Tree cover,True,True,False,False,True,3,"https://www.google.com/maps/@-0.5883586,112.4617685,250m/data=!3m1!1e3"
24679,KALIMANTAN BARAT,KAB. SINTANG,Serawai,-0.09516097,112.5475514,8868b3c685fffff,0.0,,266.0,<500,5,KOPERASI DESA MERAH PUTIH LIMBUR BERNAUNG LESTARI,,,,0.0,0.0,10.0,Tree cover,True,True,False,False,True,3,"https://www.google.com/maps/@-0.09516097,112.5475514,250m/data=!3m1!1e3"
25096,KALIMANTAN BARAT,KAB. SINTANG,Serawai,-0.41399775,112.6413818,8868b354b9fffff,0.0,,824.0,500-2k,5,KOPERASI DESA MERAH PUTIH MENTAJOI,,,,0.0,0.0,10.0,Tree cover,True,True,False,False,True,3,"https://www.google.com/maps/@-0.41399775,112.6413818,250m/data=!3m1!1e3"
25518,KALIMANTAN BARAT,KAB. SINTANG,Serawai,-0.14699503,112.6198617,8868b3116bfffff,0.0,,338.0,<500,5,KOPERASI DESA MERAH PUTIH SAWANG SENGHIANG,,,,0.0,0.0,10.0,Tree cover,True,True,False,False,True,3,"https://www.google.com/maps/@-0.14699503,112.6198617,250m/data=!3m1!1e3"
25954,KALIMANTAN BARAT,KAB. SINTANG,Serawai,-0.6019705,112.5162018,8868b34117fffff,0.0,,26.0,<500,5,KOPERASI DESA MERAH PUTIH PANEKASAN,,,,0.0,0.0,10.0,Tree cover,True,True,False,False,True,3,"https://www.google.com/maps/@-0.6019705,112.5162018,250m/data=!3m1!1e3"
28021,KALIMANTAN BARAT,KAB. SINTANG,Serawai,-0.4659239,112.7899731,8868b37311fffff,0.0,,173.0,<500,5,KOPERASI DESA MERAH PUTIH NANGA RUHAN,,,,0.0,0.0,10.0,Tree cover,True,True,False,False,True,3,"https://www.google.com/maps/@-0.4659239,112.7899731,250m/data=!3m1!1e3"
60093,KALIMANTAN BARAT,KAB. SINTANG,Serawai,-0.54009692,112.6280194,8868b3454bfffff,0.0,,182.0,<500,5,KOPERASI DESA MERAH PUTIH RANTAU MALAM,,,,0.0,0.0,10.0,Tree cover,True,True,False,False,True,3,"https://www.google.com/maps/@-0.54009692,112.6280194,250m/data=!3m1!1e3"
53473,KALIMANTAN BARAT,KAB. MELAWI,Sokan,-1.04841418,111.3447982,888cb66b41fffff,0.0,,476.0,<500,5,KOPERASI DESA MERAH PUTIH KELUING TAJA KECAMATAN SOKAN KABUPATEN MELAWI,Keluing Taja,Tidak Ada Lahan,,487.49786376953125,36.3914794921875,10.0,Tree cover,True,True,False,False,True,3,"https://www.google.com/maps/@-1.04841418,111.3447982,250m/data=!3m1!1e3"
60417,KALIMANTAN BARAT,KAB. MELAWI,Sokan,-1.19204254,111.32005,888cb67a97fffff,0.0,,677.0,500-2k,5,KOPERASI DESA MERAH PUTIH PENYENGKUANG KECAMATAN SOKAN KABUPATEN MELAWI,Penyengkuang,Sedang Diverifikasi,KOPERASI,201.13229370117188,20.47882080078125,10.0,Tree cover,True,True,False,False,True,3,"https://www.google.com/maps/@-1.19204254,111.32005,250m/data=!3m1!1e3"
59048,KALIMANTAN BARAT,KAB. MELAWI,Menukung,-0.55543411,112.3726756,8868b35a31fffff,0.0,,269.0,<500,5,KOPERASI DESA MERAH PUTIH NUSA PORING KECAMATAN MENUKUNG KABUPATEN MELAWI,,,,0.0,0.0,10.0,Tree cover,True,True,False,False,True,3,"https://www.google.com/maps/@-0.55543411,112.3726756,250m/data=!3m1!1e3"
60217,KALIMANTAN BARAT,KAB. MELAWI,Menukung,-0.65735891,112.3479946,8868b3593dfffff,0.0,,2.0,<500,5,KOPERASI DESA MERAH PUTIH BELABAN ELLA KECAMATAN MENUKUNG KABUPATEN MELAWI,,,,0.0,0.0,10.0,Tree cover,True,True,False,False,True,3,"https://www.google.com/maps/@-0.65735891,112.3479946,250m/data=!3m1!1e3"
67973,LAMPUNG,KAB. LAMPUNG TIMUR,Sukadana,-4.94806966,105.6812168,888cad5283fffff,0.0,,29.0,<500,5,KOPERASI DESA MERAH PUTIH RANTAU JAYA UDIK,,,,19.554914474487305,13.217805862426758,10.0,Tree cover,True,True,False,False,True,3,"https://www.google.com/maps/@-4.94806966,105.6812168,250m/data=!3m1!1e3"
56176,LAMPUNG,KAB. LAMPUNG TIMUR,Labuhan Ratu,-4.98898841,105.7666119,888cadc8bdfffff,0.0,,36.0,<500,5,KOPERASI DESA MERAH PUTIH RAJABASA LAMA I,Rajabasa Lama I,Tidak Ada Lahan,,34.693145751953125,6.838878631591797,10.0,Tree cover,True,True,False,False,True,3,"https://www.google.com/maps/@-4.98898841,105.7666119,250m/data=!3m1!1e3"
5376,LAMPUNG,KAB. PESISIR BARAT,Pesisir Selatan,-5.25285479,104.1554818,888c1a0da9fffff,0.0,,811.0,500-2k,5,KOPERASI DESA MERAH PUTIH PAKU NEGARA,Paku Negara,Terverifikasi,Agrinas,564.652587890625,23.74700927734375,10.0,Tree cover,True,True,False,False,True,3,"https://www.google.com/maps/@-5.25285479,104.1554818,250m/data=!3m1!1e3"
41751,JAWA TENGAH,KAB. JEPARA,Batealit,-6.6997008,110.4786138,888d8eac6dfffff,0.0,,3.0,<500,5,KOPERASI DESA MERAH PUTIH MINDAHAN KIDUL KECAMATAN BATEALIT KABUPATEN JEPARA,Mindahan Kidul,Terverifikasi,Agrinas,0.0,0.0,80.0,Water,True,True,False,False,True,3,"https://www.google.com/maps/@-6.6997008,110.4786138,250m/data=!3m1!1e3"
53740,GORONTALO,KAB. POHUWATO,Lemito,0.69304365,121.537561,8868c2186dfffff,0.0,,60.0,<500,5,KOPERASI DESA MERAH PUTIH LOMULI KECAMATAN LEMITO,Lomuli,Terverifikasi,KOPERASI,511.0595397949219,37.8109130859375,10.0,Tree cover,True,True,False,False,True,3,"https://www.google.com/maps/@0.69304365,121.537561,250m/data=!3m1!1e3"
86425,SULAWESI UTARA,KAB. KEPULAUAN SANGIHE,Kepulauan Marore,4.43467171,125.6918662,8873b4c885fffff,0.0,,0.0,nobody within 5km,5,KOPERASI DESA MERAH PUTIH MATUTUANG,Matutuang,Tidak Ada Lahan,,39.56727981567383,8.162849426269531,10.0,Tree cover,True,True,False,False,True,3,"https://www.google.com/maps/@4.43467171,125.6918662,250m/data=!3m1!1e3"
31578,SUMATERA UTARA,KAB. LANGKAT,Sei Lepan,3.8272055,98.05330039,886509c64dfffff,0.0,,552.0,500-2k,5,KOPERASI DESA MERAH PUTIH DESA MEKAR MAKMUR,Mekar Makmur,Terverifikasi,BUSINESS ASSISTANCE,98.11453247070312,22.70380401611328,10.0,Tree cover,True,True,False,False,True,3,"https://www.google.com/maps/@3.8272055,98.05330039,250m/data=!3m1!1e3"
79285,SUMATERA UTARA,KAB. NIAS SELATAN,Pulau-Pulau Batu Barat,-0.53125971,98.35308963,888cd879d7fffff,0.0,,603.0,500-2k,5,KOPERASI DESA MERAH PUTIH HILIZAMOROGOTANO,,,,0.0,0.0,10.0,Tree cover,True,True,False,False,True,3,"https://www.google.com/maps/@-0.53125971,98.35308963,250m/data=!3m1!1e3"
84534,SUMATERA UTARA,KAB. NIAS SELATAN,Pulau-Pulau Batu Timur,0.1431601,98.59008911,888cda0ecbfffff,0.0,,804.0,500-2k,5,KOPERASI DESA MERAH PUTIH LAMBAK,,,,48.97098159790039,13.577293395996094,10.0,Tree cover,True,True,False,False,True,3,"https://www.google.com/maps/@0.1431601,98.59008911,250m/data=!3m1!1e3"
30771,SUMATERA SELATAN,KAB. MUSI BANYUASIN,Batang Hari Leko,-2.35439152,103.3113652,888cf24a8dfffff,0.0,,69.0,<500,5,KOPERASI DESA MERAH PUTIH SAKO SUBAN,Sako Suban,Sedang Diverifikasi,BUSINESS ASSISTANCE,59.37841033935547,17.07266616821289,10.0,Tree cover,True,True,False,False,True,3,"https://www.google.com/maps/@-2.35439152,103.3113652,250m/data=!3m1!1e3"
3345,SUMATERA SELATAN,KAB. MUSI RAWAS UTARA,Karang Jaya,-2.94739221,102.5048378,888cf234d5fffff,0.0,,14.0,<500,5,KOPERASI DESA MERAH PUTIH TANJUNG AGUNG KECAMATAN KARANG JAYA,Tanjung Agung,Terverifikasi,Agrinas,224.28916931152344,52.607147216796875,10.0,Tree cover,True,True,False,False,True,3,"https://www.google.com/maps/@-2.94739221,102.5048378,250m/data=!3m1!1e3"
5036,SUMATERA SELATAN,KAB. MUSI RAWAS UTARA,Karang Jaya,-2.79761328,102.6589908,888cf2231dfffff,0.0,,774.0,500-2k,5,KOPERASI DESA MERAH PUTIH EMBACANG LAMA,,,,67.76616668701172,13.333751678466797,10.0,Tree cover,True,True,False,False,True,3,"https://www.google.com/maps/@-2.79761328,102.6589908,250m/data=!3m1!1e3"
64676,SUMATERA SELATAN,KAB. OGAN KOMERING ILIR,Cengal,-3.43756648,105.3267996,888cabd50bfffff,0.0,,86.0,<500,5,KOPERASI DESA MERAH PUTIH TALANG RIMBA KECAMATAN CENGAL KABUPATEN OGAN KOMERING ILIR PROVINSI SUMATERA SELATAN,,,,10.29910659790039,3.0080394744873047,10.0,Tree cover,True,True,False,False,True,3,"https://www.google.com/maps/@-3.43756648,105.3267996,250m/data=!3m1!1e3"
67102,SUMATERA SELATAN,KAB. OGAN KOMERING ILIR,Tulung Selapan,-3.06734545,105.404203,888caa2685fffff,0.0,,229.0,<500,5,KOPERASI DESA MERAH PUTIH LEBUNG ITAM KECAMATAN TULUNGSELAPAN,Lebung Itam,Terverifikasi,Agrinas,17.293256759643555,4.295553207397461,10.0,Tree cover,True,True,False,False,True,3,"https://www.google.com/maps/@-3.06734545,105.404203,250m/data=!3m1!1e3"
186,KALIMANTAN TIMUR,KAB. BERAU,Tabalar,1.70845248,117.8405638,8868f65807fffff,0.0,,682.0,500-2k,5,KOPERASI DESA MERAH PUTIH TABALAR ULU,Tabalar Ulu,Sedang Diverifikasi,BUSINESS ASSISTANCE,66.61250305175781,16.55777359008789,10.0,Tree cover,True,True,False,False,True,3,"https://www.google.com/maps/@1.70845248,117.8405638,250m/data=!3m1!1e3"
48469,KALIMANTAN TIMUR,KAB. BERAU,Tabalar,1.72761276,117.6060688,8868ab21a1fffff,0.0,,17.0,<500,5,KOPERASI DESA MERAH PUTIH SEMURUT KECAMATAN TABALAR,Semurut,Sedang Diverifikasi,KOPERASI,455.9589538574219,27.660491943359375,10.0,Tree cover,True,True,False,False,True,3,"https://www.google.com/maps/@1.72761276,117.6060688,250m/data=!3m1!1e3"
53561,KALIMANTAN TIMUR,KAB. BERAU,Sambaliung,1.86961286,117.334301,8868ab0519fffff,0.0,,502.0,500-2k,5,KOPERASI DESA MERAH PUTIH LONG LANUK,Long Lanuk,Terverifikasi,KOPERASI,718.0485229492188,57.01654052734375,10.0,Tree cover,True,True,False,False,True,3,"https://www.google.com/maps/@1.86961286,117.334301,250m/data=!3m1!1e3"
83792,KALIMANTAN TIMUR,KAB. BERAU,Gunung Tabur,2.3872606,117.4199491,8868a94da3fffff,0.0,,534.0,500-2k,5,KOPERASI DESA MERAH PUTIH BIRANG KECAMATAN GUNUNG TABUR,Birang,Sedang Diverifikasi,KOPERASI,92.32207489013672,28.2138671875,10.0,Tree cover,True,True,False,False,True,3,"https://www.google.com/maps/@2.3872606,117.4199491,250m/data=!3m1!1e3"
78810,KALIMANTAN TIMUR,KAB. BERAU,Kelay,1.60891784,117.3688154,8868ab755dfffff,0.0,,174.0,<500,5,KOPERASI DESA MERAH PUTIH MAPULU,,,,182.31539916992188,45.226287841796875,10.0,Tree cover,True,True,False,False,True,3,"https://www.google.com/maps/@1.60891784,117.3688154,250m/data=!3m1!1e3"
59150,KALIMANTAN TIMUR,KAB. BERAU,Batu Putih,1.5601146,118.9469574,8868f285bdfffff,0.0,,0.0,nobody within 5km,5,KOPERASI DESA MERAH PUTIH BALIKUKUP,Balikukup,Sedang Diverifikasi,KOPERASI,6.612995624542236,16.379619598388672,10.0,Tree cover,True,True,False,False,True,3,"https://www.google.com/maps/@1.5601146,118.9469574,250m/data=!3m1!1e3"
29169,KALIMANTAN TIMUR,KAB. BERAU,Biatan,1.3452622,118.0546935,88688da367fffff,0.0,,284.0,<500,5,KOPERASI DESA MERAH PUTIH BIATAN ILIR KECAMATAN BIATAN,Biatan Ilir,Sedang Diverifikasi,KOPERASI,169.8658905029297,18.447280883789062,10.0,Tree cover,True,True,False,False,True,3,"https://www.google.com/maps/@1.3452622,118.0546935,250m/data=!3m1!1e3"
38837,KALIMANTAN TIMUR,KAB. BERAU,Pulau Derawan,2.36707066,118.2081379,8868f68eabfffff,0.0,,814.0,500-2k,5,KOPERASI DESA MERAH PUTIH PULAU DERAWAN,Pulau Derawan,Sedang Diverifikasi,KOPERASI,9.83301830291748,12.717476844787598,95.0,Mangrove,True,True,False,False,True,3,"https://www.google.com/maps/@2.36707066,118.2081379,250m/data=!3m1!1e3"
36730,KALIMANTAN TIMUR,KAB. KUTAI TIMUR,Teluk Pandan,0.29461192,117.3639025,8868888a13fffff,0.0,,23.0,<500,5,KOPERASI DESA MERAH PUTIH KANDOLO,Kandolo,Terverifikasi,Agrinas,70.35902404785156,36.61924743652344,10.0,Tree cover,True,True,False,False,True,3,"https://www.google.com/maps/@0.29461192,117.3639025,250m/data=!3m1!1e3"
71354,KALIMANTAN TIMUR,KAB. KUTAI TIMUR,Teluk Pandan,0.23840186,117.3476137,886888880dfffff,0.0,,490.0,<500,5,KOPERASI DESA MERAH PUTIH TELUK PANDAN KECAMATAN TELUK PANDAN,Teluk Pandan,Terverifikasi,Agrinas,108.77268981933594,26.42279815673828,10.0,Tree cover,True,True,False,False,True,3,"https://www.google.com/maps/@0.23840186,117.3476137,250m/data=!3m1!1e3"
16108,KALIMANTAN TIMUR,KAB. KUTAI TIMUR,Bengalon,0.88763029,117.4803911,88688dc983fffff,0.0,,593.0,500-2k,5,KOPERASI DESA MERAH PUTIH TEBANGAN LEMBAK,Tebangan Lembak,Terverifikasi,Agrinas,49.28753662109375,10.591903686523438,10.0,Tree cover,True,True,False,False,True,3,"https://www.google.com/maps/@0.88763029,117.4803911,250m/data=!3m1!1e3"
65980,KALIMANTAN TIMUR,KAB. KUTAI TIMUR,Muara Bengkal,0.47671124,116.8829941,88688c7ae9fffff,0.0,,400.0,<500,5,KOPERASI DESA MERAH PUTIH BENUA BARU,Benua Baru,Terverifikasi,Agrinas,52.72781753540039,24.047718048095703,10.0,Tree cover,True,True,False,False,True,3,"https://www.google.com/maps/@0.47671124,116.8829941,250m/data=!3m1!1e3"
49277,KALIMANTAN TIMUR,KAB. KUTAI TIMUR,Muara Wahau,1.61602828,116.2309629,8868aa019dfffff,0.0,,0.0,nobody within 5km,5,KOPERASI DESA MERAH PUTIH BENHES,Benhes,Terverifikasi,Agrinas,974.241455078125,31.4476318359375,10.0,Tree cover,True,True,False,False,True,3,"https://www.google.com/maps/@1.61602828,116.2309629,250m/data=!3m1!1e3"
59165,KALIMANTAN TIMUR,KAB. KUTAI TIMUR,Sandaran,0.93088486,118.7853735,8868f2471bfffff,0.0,,154.0,<500,5,KOPERASI DESA MERAH PUTIH SANDARAN KECAMATAN SANDARAN,Sandaran,Sedang Diverifikasi,KEMENTERIAN KESEHATAN,192.2497100830078,25.213134765625,10.0,Tree cover,True,True,False,False,True,3,"https://www.google.com/maps/@0.93088486,118.7853735,250m/data=!3m1!1e3"
69286,KALIMANTAN TIMUR,KAB. KUTAI TIMUR,Sandaran,1.0964055,118.531105,8868f2c8a3fffff,0.0,,564.0,500-2k,5,KOPERASI DESA MERAH PUTIH TADOAN,,,,102.45960998535156,35.17628479003906,10.0,Tree cover,True,True,False,False,True,3,"https://www.google.com/maps/@1.0964055,118.531105,250m/data=!3m1!1e3"
59167,KALIMANTAN TIMUR,KAB. KUTAI TIMUR,Sangatta Selatan,0.39820155,117.3320175,886888836bfffff,0.0,,17.0,<500,5,KOPERASI DESA MERAH PUTIH SANGKIMA,Sangkima,Terverifikasi,Agrinas,112.28836822509766,15.304168701171875,10.0,Tree cover,True,True,False,False,True,3,"https://www.google.com/maps/@0.39820155,117.3320175,250m/data=!3m1!1e3"
84023,KALIMANTAN TIMUR,KAB. KUTAI TIMUR,Sangatta Selatan,0.33863981,117.3766703,8868888103fffff,0.0,,106.0,<500,5,KOPERASI DESA MERAH PUTIH TELUK SINGKAMA,Teluk Singkama,Terverifikasi,KOPERASI,184.75128173828125,33.30677795410156,10.0,Tree cover,True,True,False,False,True,3,"https://www.google.com/maps/@0.33863981,117.3766703,250m/data=!3m1!1e3"
14040,KALIMANTAN TIMUR,KAB. KUTAI KARTANEGARA,Muara Kaman,0.27821415,117.0716258,88688c6d05fffff,0.0,,32.0,<500,5,KOPERASI DESA MERAH PUTIH MENAMANG KANAN,Menamang Kanan,Terverifikasi,Agrinas,61.2088737487793,18.165637969970703,10.0,Tree cover,True,True,False,False,True,3,"https://www.google.com/maps/@0.27821415,117.0716258,250m/data=!3m1!1e3"
17101,KALIMANTAN TIMUR,KAB. KUTAI KARTANEGARA,Muara Kaman,0.11171622,116.6112808,88688eb869fffff,0.0,,510.0,500-2k,5,KOPERASI DESA MERAH PUTIH KUPANG BARU KECAMATAN MUARA KAMAN,Kupang Baru,Tidak Ada Lahan,,19.912508010864258,4.182889938354492,10.0,Tree cover,True,True,False,False,True,3,"https://www.google.com/maps/@0.11171622,116.6112808,250m/data=!3m1!1e3"
17208,KALIMANTAN TIMUR,KAB. KUTAI KARTANEGARA,Tabang,0.47573451,115.9472283,8868810d19fffff,0.0,,307.0,<500,5,KOPERASI DESA MERAH PUTIH MUARA PEDOHON,,,,118.69781494140625,44.087921142578125,10.0,Tree cover,True,True,False,False,True,3,"https://www.google.com/maps/@0.47573451,115.9472283,250m/data=!3m1!1e3"
17306,KALIMANTAN TIMUR,KAB. KUTAI KARTANEGARA,Tabang,0.62120545,116.1502983,8868813ad1fffff,0.0,,875.0,500-2k,5,KOPERASI DESA MERAH PUTIH UMAQ TUKUNG,,,,88.93958282470703,19.755027770996094,10.0,Tree cover,True,True,False,False,True,3,"https://www.google.com/maps/@0.62120545,116.1502983,250m/data=!3m1!1e3"
31625,KALIMANTAN TIMUR,KAB. PASER,Long Kali,-1.41390247,116.0694005,88689d559bfffff,0.0,,210.0,<500,5,KOPERASI DESA MERAH PUTIH PINANG JATUS,Pinang Jatus,Sedang Diverifikasi,KOPERASI,156.87411499023438,37.61735534667969,10.0,Tree cover,True,True,False,False,True,3,"https://www.google.com/maps/@-1.41390247,116.0694005,250m/data=!3m1!1e3"
54168,KALIMANTAN TIMUR,KAB. PASER,Long Kali,-1.21723603,116.0769407,88689d1857fffff,0.0,,479.0,<500,5,KOPERASI DESA MERAH PUTIH MUARA LAMBAKAN,Muara Lambakan,Tidak Ada Lahan,,172.0268096923828,44.16316223144531,10.0,Tree cover,True,True,False,False,True,3,"https://www.google.com/maps/@-1.21723603,116.0769407,250m/data=!3m1!1e3"
27209,KALIMANTAN TIMUR,KAB. PASER,Muara Komam,-1.43977044,115.7374117,88689c240bfffff,0.0,,89.0,<500,5,KOPERASI DESA MERAH PUTIH LUSAN,,,,120.25042724609375,20.854476928710938,10.0,Tree cover,True,True,False,False,True,3,"https://www.google.com/maps/@-1.43977044,115.7374117,250m/data=!3m1!1e3"
9239,KALIMANTAN TIMUR,KAB. KUTAI BARAT,Nyuatan,-0.41291813,115.4531554,8868830369fffff,0.0,,682.0,500-2k,5,KOPERASI DESA MERAH PUTIH DEMPAR,Dempar,Terverifikasi,Agrinas,0.0,0.0,10.0,Tree cover,True,True,False,False,True,3,"https://www.google.com/maps/@-0.41291813,115.4531554,250m/data=!3m1!1e3"
84120,KALIMANTAN TIMUR,KAB. KUTAI BARAT,Bongan,-1.02985075,116.1473029,88689d1289fffff,0.0,,183.0,<500,5,KOPERASI DESA MERAH PUTIH TANJUNG SOKE,,,,155.6894989013672,29.975723266601562,10.0,Tree cover,True,True,False,False,True,3,"https://www.google.com/maps/@-1.02985075,116.1473029,250m/data=!3m1!1e3"
86093,KALIMANTAN TIMUR,KAB. KUTAI BARAT,Bongan,-0.90288387,116.3371559,88689db8cdfffff,0.0,,60.0,<500,5,KOPERASI DESA MERAH PUTIH PERENG TALIQ,,,,0.0,0.0,10.0,Tree cover,True,True,False,False,True,3,"https://www.google.com/maps/@-0.90288387,116.3371559,250m/data=!3m1!1e3"
82264,KALIMANTAN TIMUR,KAB. KUTAI BARAT,Siluq Ngurai,-0.98756701,115.892903,88689dd419fffff,0.0,,605.0,500-2k,5,KOPERASI DESA MERAH PUTIH LENDIAN LIANG NAYUQ,,,,0.0,0.0,10.0,Tree cover,True,True,False,False,True,3,"https://www.google.com/maps/@-0.98756701,115.892903,250m/data=!3m1!1e3"
86116,KALIMANTAN TIMUR,KAB. KUTAI BARAT,Siluq Ngurai,-0.7770002,115.9946741,88689d91bdfffff,0.0,,203.0,<500,5,KOPERASI DESA MERAH PUTIH RIKONG,,,,0.0,0.0,10.0,Tree cover,True,True,False,False,True,3,"https://www.google.com/maps/@-0.7770002,115.9946741,250m/data=!3m1!1e3"
28294,KALIMANTAN TIMUR,KAB. MAHAKAM ULU,Long Pahangai,0.86561254,114.4749868,8868842937fffff,0.0,,106.0,<500,5,KOPERASI DESA MERAH PUTIH LONG LUNUK BARU,Long Lunuk Baru,Sedang Diverifikasi,BUSINESS ASSISTANCE,541.2378540039062,48.10296630859375,10.0,Tree cover,True,True,False,False,True,3,"https://www.google.com/maps/@0.86561254,114.4749868,250m/data=!3m1!1e3"
28376,KALIMANTAN TIMUR,KAB. MAHAKAM ULU,Long Pahangai,0.78803146,114.7200254,88688082cbfffff,0.0,,80.0,<500,5,KOPERASI DESA MERAH PUTIH LONG PAHANGAI I,Long Pahangai I,Sedang Diverifikasi,PMO,214.546142578125,20.289321899414062,10.0,Tree cover,True,True,False,False,True,3,"https://www.google.com/maps/@0.78803146,114.7200254,250m/data=!3m1!1e3"
28895,KALIMANTAN TIMUR,KAB. MAHAKAM ULU,Long Pahangai,1.0418406,114.7223568,8868855b43fffff,0.0,,25.0,<500,5,KOPERASI DESA MERAH PUTIH LIU MULANG,Liu Mulang,Sedang Diverifikasi,PMO,217.17906188964844,29.110855102539062,10.0,Tree cover,True,True,False,False,True,3,"https://www.google.com/maps/@1.0418406,114.7223568,250m/data=!3m1!1e3"
40870,KALIMANTAN TIMUR,KAB. MAHAKAM ULU,Long Pahangai,1.03958899,114.5200166,8868842115fffff,0.0,,1.0,<500,5,KOPERASI DESA MERAH PUTIH LONG ISUN,Long Isun,Sedang Diverifikasi,PMO,345.9177551269531,48.736236572265625,10.0,Tree cover,True,True,False,False,True,3,"https://www.google.com/maps/@1.03958899,114.5200166,250m/data=!3m1!1e3"
56832,KALIMANTAN TIMUR,KAB. MAHAKAM ULU,Long Bagun,0.54132106,115.0610883,886880a811fffff,0.0,,80.0,<500,5,KOPERASI DESA MERAH PUTIH LONG BAGUN ILIR,Long Bagun Ilir,Sedang Diverifikasi,PMO,333.74688720703125,51.82672119140625,10.0,Tree cover,True,True,False,False,True,3,"https://www.google.com/maps/@0.54132106,115.0610883,250m/data=!3m1!1e3"
74660,KALIMANTAN TIMUR,KAB. MAHAKAM ULU,Long Apari,0.75867663,113.9477091,88688440adfffff,0.0,,14.0,<500,5,KOPERASI DESA MERAH PUTIH LONG PENANEH II LONG APARI,Long Penaneh II,Sedang Diverifikasi,BUSINESS ASSISTANCE,459.6534118652344,46.844970703125,10.0,Tree cover,True,True,False,False,True,3,"https://www.google.com/maps/@0.75867663,113.9477091,250m/data=!3m1!1e3"
78291,KALIMANTAN TIMUR,KAB. MAHAKAM ULU,Long Apari,1.19161999,114.2675833,8868840627fffff,0.0,,16.0,<500,5,KOPERASI DESA MERAH PUTIH LONG APARI KECAMATAN LONG APARI,Long Apari,Sedang Diverifikasi,PMO,386.5326232910156,58.55206298828125,10.0,Tree cover,True,True,False,False,True,3,"https://www.google.com/maps/@1.19161999,114.2675833,250m/data=!3m1!1e3"
79009,KALIMANTAN TIMUR,KAB. MAHAKAM ULU,Long Apari,0.852581,114.0180071,8868844625fffff,0.0,,191.0,<500,5,KOPERASI DESA MERAH PUTIH NOHA BOAN LONG APARI,Naha Buan,Sedang Diverifikasi,PMO,405.5189208984375,47.005035400390625,10.0,Tree cover,True,True,False,False,True,3,"https://www.google.com/maps/@0.852581,114.0180071,250m/data=!3m1!1e3"
79011,KALIMANTAN TIMUR,KAB. MAHAKAM ULU,Long Apari,0.75102419,114.0616934,88688445adfffff,0.0,,33.0,<500,5,KOPERASI DESA MERAH PUTIH LONG PENANEH III LONG APARI,Long Penaneh III,Sedang Diverifikasi,BUSINESS ASSISTANCE,299.2142639160156,56.4014892578125,10.0,Tree cover,True,True,False,False,True,3,"https://www.google.com/maps/@0.75102419,114.0616934,250m/data=!3m1!1e3"
59377,SULAWESI SELATAN,KAB. PANGKAJENE KEPULAUAN,Liukang Kalmas,-5.40486525,118.4302722,88950688abfffff,0.0,,0.0,nobody within 5km,5,KOPERASI DESA MERAH PUTIH DEWAKANG,,,,5.155813217163086,7.654217720031738,10.0,Tree cover,True,True,False,False,True,3,"https://www.google.com/maps/@-5.40486525,118.4302722,250m/data=!3m1!1e3"
70784,SULAWESI SELATAN,KAB. PANGKAJENE KEPULAUAN,Liukang Kalmas,-5.04648702,117.0404746,8895300c87fffff,0.0,,621.0,500-2k,5,KOPERASI DESA MERAH PUTIH PAMMAS,Pammas,Sedang Diverifikasi,KOPERASI,6.387937068939209,8.519246101379395,95.0,Mangrove,True,True,False,False,True,3,"https://www.google.com/maps/@-5.04648702,117.0404746,250m/data=!3m1!1e3"
78540,SULAWESI SELATAN,KAB. PANGKAJENE KEPULAUAN,Liukang Kalmas,-5.12493667,118.1480631,8895316715fffff,0.0,,0.0,nobody within 5km,5,KOPERASI DESA MERAH PUTIH MARASENDE,,,,6.899773597717285,6.471066951751709,10.0,Tree cover,True,True,False,False,True,3,"https://www.google.com/maps/@-5.12493667,118.1480631,250m/data=!3m1!1e3"
70152,SULAWESI SELATAN,KAB. PANGKAJENE KEPULAUAN,Liukang Tangaya,-6.57623176,118.8338435,889502c9c3fffff,0.0,,0.0,nobody within 5km,5,KOPERASI DESA MERAH PUTIH SABARU KECAMATAN LIUKANG TANGAYA,Sabaru,Tidak Ada Lahan,,5.255376815795898,9.026815414428711,10.0,Tree cover,True,True,False,False,True,3,"https://www.google.com/maps/@-6.57623176,118.8338435,250m/data=!3m1!1e3"
70495,SULAWESI SELATAN,KAB. PANGKAJENE KEPULAUAN,Liukang Tangaya,-7.58271765,117.4471386,889510ca55fffff,0.0,,0.0,nobody within 5km,5,KOPERASI DESA MERAH PUTIH POLEONRO LIUKANG TANGAYA,,,,10.309380531311035,4.811869144439697,10.0,Tree cover,True,True,False,False,True,3,"https://www.google.com/maps/@-7.58271765,117.4471386,250m/data=!3m1!1e3"
71772,SULAWESI SELATAN,KAB. PANGKAJENE KEPULAUAN,Liukang Tangaya,-7.52384606,117.433934,889510d8d7fffff,0.0,,0.0,nobody within 5km,5,KOPERASI DESA MERAH PUTIH SAILUS,Sailus,Tidak Ada Lahan,,7.3102922439575195,5.617337703704834,10.0,Tree cover,True,True,False,False,True,3,"https://www.google.com/maps/@-7.52384606,117.433934,250m/data=!3m1!1e3"
71815,SULAWESI SELATAN,KAB. PANGKAJENE KEPULAUAN,Liukang Tangaya,-7.30277645,118.1103025,889510a06dfffff,0.0,,0.0,nobody within 5km,5,KOPERASI KELURAHAN MERAH PUTIH SAPUKA,Sapuka,Terverifikasi,KOPERASI,7.703214168548584,9.53091812133789,95.0,Mangrove,True,True,False,False,True,3,"https://www.google.com/maps/@-7.30277645,118.1103025,250m/data=!3m1!1e3"
93290,SULAWESI SELATAN,KAB. LUWU TIMUR,Mangkutana,-2.31085468,120.5541924,88952c103dfffff,0.0,,20.0,<500,5,KOPERASI DESA MERAH PUTIH BALAI KEMBANG KECAMATAN MANGKUTANA,Balai Kembang,Terverifikasi,Agrinas,1412.302978515625,37.6512451171875,10.0,Tree cover,True,True,False,False,True,3,"https://www.google.com/maps/@-2.31085468,120.5541924,250m/data=!3m1!1e3"
59356,SULAWESI SELATAN,KAB. KEPULAUAN SELAYAR,Taka Bonerate,-6.91202543,121.3187008,88951da091fffff,0.0,,21.0,<500,5,KOPERASI DESA MERAH PUTIH JINATO,,,,0.0,0.0,80.0,Water,True,True,False,False,True,3,"https://www.google.com/maps/@-6.91202543,121.3187008,250m/data=!3m1!1e3"
26752,SULAWESI SELATAN,KAB. TANA TORAJA,Masanda,-2.85327082,119.6261453,889521706dfffff,0.0,,281.0,<500,5,KOPERASI DESA MERAH PUTIH PAKU KECAMATAN MASANDA,Paku,Sedang Diverifikasi,KEMENTERIAN KESEHATAN,2249.0966796875,29.63818359375,10.0,Tree cover,True,True,False,False,True,3,"https://www.google.com/maps/@-2.85327082,119.6261453,250m/data=!3m1!1e3"
65990,PAPUA SELATAN,KAB. ASMAT,Agats,-5.43584545,138.2019102,889cdb76b9fffff,0.0,,67.0,<500,5,KOPERASI DESA MERAH PUTIH BISMAM,Bismam,Sedang Diverifikasi,BUSINESS ASSISTANCE,16.603551864624023,8.445755958557129,10.0,Tree cover,True,True,False,False,True,3,"https://www.google.com/maps/@-5.43584545,138.2019102,250m/data=!3m1!1e3"
40193,PAPUA SELATAN,KAB. ASMAT,Sor Ep,-5.23138975,139.0014085,889cda2cb5fffff,0.0,,133.0,<500,5,KOPERASI DESA MERAH PUTIH BUETKWAR,Buetkawar,Sedang Diverifikasi,BUSINESS ASSISTANCE,19.88761329650879,4.234851837158203,10.0,Tree cover,True,True,False,False,True,3,"https://www.google.com/maps/@-5.23138975,139.0014085,250m/data=!3m1!1e3"
87075,PAPUA SELATAN,KAB. ASMAT,Sor Ep,-5.30421192,138.51200727,889cdb7a49fffff,0.0,,278.0,<500,5,KOPERASI DESA MERAH PUTIH SIMINI,,,,21.751855850219727,7.747457504272461,10.0,Tree cover,True,True,False,False,True,3,"https://www.google.com/maps/@-5.30421192,138.51200727,250m/data=!3m1!1e3"
87076,PAPUA SELATAN,KAB. ASMAT,Sor Ep,-5.38522878,138.717278,889cdb42c1fffff,0.0,,189.0,<500,5,KOPERASI DESA MERAH PUTIH KAMPUNG YUNI,Yuni,Sedang Diverifikasi,KOPERASI,26.856121063232422,10.321098327636719,10.0,Tree cover,True,True,False,False,True,3,"https://www.google.com/maps/@-5.38522878,138.717278,250m/data=!3m1!1e3"
86235,PAPUA SELATAN,KAB. ASMAT,Atsj,-5.72343973,138.87897782,889cdbc015fffff,0.0,,189.0,<500,5,KOPERASI DESA MERAH PUTIH SOGONI,,,,15.107237815856934,12.857975006103516,10.0,Tree cover,True,True,False,False,True,3,"https://www.google.com/maps/@-5.72343973,138.87897782,250m/data=!3m1!1e3"
87679,PAPUA SELATAN,KAB. ASMAT,Atsj,-5.75978445,138.7659245,889cdbc717fffff,0.0,,999.0,500-2k,5,KOPERASI DESA MERAH PUTIH BINE,,,,23.416349411010742,8.320000648498535,10.0,Tree cover,True,True,False,False,True,3,"https://www.google.com/maps/@-5.75978445,138.7659245,250m/data=!3m1!1e3"
75356,PAPUA SELATAN,KAB. ASMAT,Suru-suru,-4.9087614,139.04255621,88728b7527fffff,0.0,,606.0,500-2k,5,KOPERASI DESA MERAH PUTIH AJIN,,,,34.18050765991211,7.472026824951172,10.0,Tree cover,True,True,False,False,True,3,"https://www.google.com/maps/@-4.9087614,139.04255621,250m/data=!3m1!1e3"
87685,PAPUA SELATAN,KAB. ASMAT,Suator,-5.44988032,139.0945958,889cda2741fffff,0.0,,156.0,<500,5,KOPERASI DESA MERAH PUTIH JINAK,,,,26.06989097595215,6.972812652587891,10.0,Tree cover,True,True,False,False,True,3,"https://www.google.com/maps/@-5.44988032,139.0945958,250m/data=!3m1!1e3"
82406,PAPUA SELATAN,KAB. ASMAT,Jetsy,-5.53429245,138.36228441,889cdb0c09fffff,0.0,,655.0,500-2k,5,KOPERASI DESA MERAH PUTIH AKAMAR,Akamar,Sedang Diverifikasi,KOPERASI,0.0,25.49190902709961,10.0,Tree cover,True,True,False,False,True,3,"https://www.google.com/maps/@-5.53429245,138.36228441,250m/data=!3m1!1e3"
85507,PAPUA SELATAN,KAB. ASMAT,Jetsy,-5.50148445,138.34816018,889cdb0c35fffff,0.0,,655.0,500-2k,5,KOPERASI DESA MERAH PUTIH KAMPUNG PAU,Pau,Sedang Diverifikasi,KOPERASI,18.836523056030273,17.663822174072266,10.0,Tree cover,True,True,False,False,True,3,"https://www.google.com/maps/@-5.50148445,138.34816018,250m/data=!3m1!1e3"
86762,PAPUA SELATAN,KAB. ASMAT,Sirets,-5.53726024,138.98272463,889cdbc957fffff,0.0,,23.0,<500,5,KOPERASI DESA MERAH PUTIH WAGANU,,,,6.786252975463867,6.288394451141357,10.0,Tree cover,True,True,False,False,True,3,"https://www.google.com/maps/@-5.53726024,138.98272463,250m/data=!3m1!1e3"
88287,PAPUA SELATAN,KAB. ASMAT,Sirets,-5.57714479,138.63870897,889cdb1913fffff,0.0,,365.0,<500,5,KOPERASI DESA MERAH PUTIH KAIMO,Kaimo,Sedang Diverifikasi,BUSINESS ASSISTANCE,17.82430648803711,7.052854537963867,10.0,Tree cover,True,True,False,False,True,3,"https://www.google.com/maps/@-5.57714479,138.63870897,250m/data=!3m1!1e3"
88087,PAPUA SELATAN,KAB. ASMAT,Fayit,-6.02366495,138.52914947,889cdb80b3fffff,0.0,,210.0,<500,5,KOPERASI DESA MERAH PUTIH BIOPIS,,,,22.63483238220215,11.526934623718262,10.0,Tree cover,True,True,False,False,True,3,"https://www.google.com/maps/@-6.02366495,138.52914947,250m/data=!3m1!1e3"
87377,PAPUA SELATAN,KAB. ASMAT,Tomor Birip,-5.0238971,138.98050292,88728b6147fffff,0.0,,0.0,nobody within 5km,5,KOPERASI DESA MERAH PUTIH JIFAK,,,,17.857376098632812,11.433380126953125,10.0,Tree cover,True,True,False,False,True,3,"https://www.google.com/maps/@-5.0238971,138.98050292,250m/data=!3m1!1e3"
87380,PAPUA SELATAN,KAB. ASMAT,Tomor Birip,-4.75431534,138.76578185,88728b094bfffff,0.0,,385.0,<500,5,KOPERASI DESA MERAH PUTIH YENSUKU,,,,35.40952682495117,12.031854629516602,10.0,Tree cover,True,True,False,False,True,3,"https://www.google.com/maps/@-4.75431534,138.76578185,250m/data=!3m1!1e3"
87684,PAPUA SELATAN,KAB. ASMAT,Tomor Birip,-4.84514808,138.63826627,88728b42d5fffff,0.0,,233.0,<500,5,KOPERASI DESA MERAH PUTIH ABAMU,,,,10.15750789642334,23.710086822509766,10.0,Tree cover,True,True,False,False,True,3,"https://www.google.com/maps/@-4.84514808,138.63826627,250m/data=!3m1!1e3"
88296,PAPUA SELATAN,KAB. ASMAT,Tomor Birip,-4.84129263,138.70356248,88728b4759fffff,0.0,,510.0,500-2k,5,KOPERASI DESA MERAH PUTIH SAGAPU,,,,32.64310836791992,13.414421081542969,10.0,Tree cover,True,True,False,False,True,3,"https://www.google.com/maps/@-4.84129263,138.70356248,250m/data=!3m1!1e3"
88297,PAPUA SELATAN,KAB. ASMAT,Tomor Birip,-4.82041063,138.83312795,88728b09a7fffff,0.0,,519.0,500-2k,5,KOPERASI DESA MERAH PUTIH KAMPUNG KOBA,,,,31.6177978515625,13.29886245727539,10.0,Tree cover,True,True,False,False,True,3,"https://www.google.com/maps/@-4.82041063,138.83312795,250m/data=!3m1!1e3"
88298,PAPUA SELATAN,KAB. ASMAT,Tomor Birip,-4.8219722,138.78725761,88728b46c7fffff,0.0,,496.0,<500,5,KOPERASI DESA MERAH PUTIH TII,,,,22.5892333984375,6.3504180908203125,10.0,Tree cover,True,True,False,False,True,3,"https://www.google.com/maps/@-4.8219722,138.78725761,250m/data=!3m1!1e3"
87675,PAPUA SELATAN,KAB. ASMAT,Joerat,-5.26085685,138.09921091,889cdb64ebfffff,0.0,,0.0,nobody within 5km,5,KOPERASI DESA MERAH PUTIH YAMAS,,,,21.340518951416016,19.488544464111328,10.0,Tree cover,True,True,False,False,True,3,"https://www.google.com/maps/@-5.26085685,138.09921091,250m/data=!3m1!1e3"
88285,PAPUA SELATAN,KAB. ASMAT,Joerat,-5.26625841,138.2391066,889cdb60d9fffff,0.0,,0.0,nobody within 5km,5,KOPERASI DESA MERAH PUTIH JUFRI,Jufri,Sedang Diverifikasi,BUSINESS ASSISTANCE,20.298831939697266,8.126082420349121,10.0,Tree cover,True,True,False,False,True,3,"https://www.google.com/maps/@-5.26625841,138.2391066,250m/data=!3m1!1e3"
88294,PAPUA SELATAN,KAB. ASMAT,Joerat,-5.37794893,137.9889907,88728a6dadfffff,0.0,,0.0,nobody within 5km,5,KOPERASI DESA MERAH PUTIH YENI,Yeni,Sedang Diverifikasi,BUSINESS ASSISTANCE,9.99997615814209,23.657392501831055,95.0,Mangrove,True,True,False,False,True,3,"https://www.google.com/maps/@-5.37794893,137.9889907,250m/data=!3m1!1e3"
88313,PAPUA SELATAN,KAB. ASMAT,Aswi,-6.06498437,138.6992753,889cdb8361fffff,0.0,,898.0,500-2k,5,KOPERASI DESA MERAH PUTIH WIYAR,,,,24.711776733398438,7.731346130371094,10.0,Tree cover,True,True,False,False,True,3,"https://www.google.com/maps/@-6.06498437,138.6992753,250m/data=!3m1!1e3"
88325,PAPUA SELATAN,KAB. ASMAT,Aswi,-6.0080999,138.6900879,889cdb816dfffff,0.0,,566.0,500-2k,5,KOPERASI DESA MERAH PUTIH AINAMSATO,,,,16.901174545288086,9.069656372070312,10.0,Tree cover,True,True,False,False,True,3,"https://www.google.com/maps/@-6.0080999,138.6900879,250m/data=!3m1!1e3"
90810,PAPUA SELATAN,KAB. ASMAT,Kolf Braza,-5.20463894,139.5384903,889cda72a1fffff,0.0,,832.0,500-2k,5,KOPERASI DESA MERAH PUTIH WOUTU KOLOF,,,,34.08964157104492,23.895187377929688,10.0,Tree cover,True,True,False,False,True,3,"https://www.google.com/maps/@-5.20463894,139.5384903,250m/data=!3m1!1e3"
92746,PAPUA SELATAN,KAB. ASMAT,Kolf Braza,-5.2932049,139.515557,889cda0d13fffff,0.0,,965.0,500-2k,5,KOPERASI DESA MERAH PUTIH PATIPI,,,,9.5,23.495349884033203,90.0,Herbaceous wetland,True,True,False,False,True,3,"https://www.google.com/maps/@-5.2932049,139.515557,250m/data=!3m1!1e3"
93526,PAPUA SELATAN,KAB. ASMAT,Kolf Braza,-5.16358229,139.45446413,889cda750dfffff,0.0,,876.0,500-2k,5,KOPERASI DESA MERAH PUTIH WOUTO BRAZA,,,,37.76422119140625,10.499357223510742,10.0,Tree cover,True,True,False,False,True,3,"https://www.google.com/maps/@-5.16358229,139.45446413,250m/data=!3m1!1e3"
93528,PAPUA SELATAN,KAB. ASMAT,Kopay,-6.36602833,138.7263694,889cd82f5dfffff,0.0,,511.0,500-2k,5,KOPERASI DESA MERAH PUTIH SASIME,,,,17.11100959777832,5.996728897094727,10.0,Tree cover,True,True,False,False,True,3,"https://www.google.com/maps/@-6.36602833,138.7263694,250m/data=!3m1!1e3"
90850,PAPUA SELATAN,KAB. ASMAT,Sawa Erma,-4.82260319,138.5748379,88728b4259fffff,0.0,,100.0,<500,5,KOPERASI DESA MERAH PUTIH MUMUGU DUA,,,,17.49089241027832,3.8080453872680664,10.0,Tree cover,True,True,False,False,True,3,"https://www.google.com/maps/@-4.82260319,138.5748379,250m/data=!3m1!1e3"
90851,PAPUA SELATAN,KAB. ASMAT,Sawa Erma,-4.87896602,138.258779,88728a2e5bfffff,0.0,,256.0,<500,5,KOPERASI DESA MERAH PUTIH PUPIS,,,,10.489471435546875,20.62508201599121,10.0,Tree cover,True,True,False,False,True,3,"https://www.google.com/maps/@-4.87896602,138.258779,250m/data=!3m1!1e3"
92519,PAPUA SELATAN,KAB. ASMAT,Pulau Tiga,-4.71437053,138.02704613,88728a3061fffff,0.0,,0.0,nobody within 5km,5,KOPERASI DESA MERAH PUTIH YAKAPIS,,,,34.51195526123047,11.903051376342773,10.0,Tree cover,True,True,False,False,True,3,"https://www.google.com/maps/@-4.71437053,138.02704613,250m/data=!3m1!1e3"
92597,PAPUA SELATAN,KAB. ASMAT,Pulau Tiga,-5.02687568,138.14841233,88728a28a5fffff,0.0,,965.0,500-2k,5,KOPERASI DESA MERAH PUTIH WEO,,,,23.617319107055664,7.663225173950195,10.0,Tree cover,True,True,False,False,True,3,"https://www.google.com/maps/@-5.02687568,138.14841233,250m/data=!3m1!1e3"
92680,PAPUA SELATAN,KAB. ASMAT,Pulau Tiga,-2.23366192,134.62962721,8872843151fffff,0.0,,0.0,nobody within 5km,5,KOPERASI DESA MERAH PUTIH AOAP,,,,0.0,0.0,80.0,Water,True,True,False,False,True,3,"https://www.google.com/maps/@-2.23366192,134.62962721,250m/data=!3m1!1e3"
93397,PAPUA SELATAN,KAB. MERAUKE,Malind,-8.15055765,140.05998922,889cc225a7fffff,0.0,,624.0,500-2k,5,KOPERASI DESA MERAH PUTIH KAMPUNG DOMANDE,,,,20.154130935668945,10.530101776123047,10.0,Tree cover,True,True,False,False,True,3,"https://www.google.com/maps/@-8.15055765,140.05998922,250m/data=!3m1!1e3"
72494,PAPUA SELATAN,KAB. MERAUKE,Tanah Miring,-8.17474408,140.5743254,889cc20c4bfffff,0.0,,0.0,nobody within 5km,5,KOPERASI DESA MERAH PUTIH AMUN KAY,Amun Kay,Sedang Diverifikasi,BUSINESS ASSISTANCE,31.460556030273438,19.792686462402344,10.0,Tree cover,True,True,False,False,True,3,"https://www.google.com/maps/@-8.17474408,140.5743254,250m/data=!3m1!1e3"
92674,PAPUA SELATAN,KAB. MERAUKE,Sota,-8.39774605,140.89186426,889cc2c6b5fffff,0.0,,91.0,<500,5,KOPERASI DESA MERAH PUTIH KAMPUNG SOTA,,,,15.465279579162598,7.158903121948242,10.0,Tree cover,True,True,False,False,True,3,"https://www.google.com/maps/@-8.39774605,140.89186426,250m/data=!3m1!1e3"
93213,PAPUA SELATAN,KAB. MERAUKE,Sota,-7.8763878,140.9481738,889cc241a9fffff,0.0,,152.0,<500,5,KOPERASI DESA MERAH PUTIH KAMPUNG TORAY,,,,19.302061080932617,27.85986328125,10.0,Tree cover,True,True,False,False,True,3,"https://www.google.com/maps/@-7.8763878,140.9481738,250m/data=!3m1!1e3"
93343,PAPUA SELATAN,KAB. MERAUKE,Sota,-8.21668913,140.90475507,889cc2cc93fffff,0.0,,23.0,<500,5,KOPERASI DESA MERAH PUTIH KAMPUNG ERAMBU,,,,26.199050903320312,9.270160675048828,10.0,Tree cover,True,True,False,False,True,3,"https://www.google.com/maps/@-8.21668913,140.90475507,250m/data=!3m1!1e3"
72472,PAPUA SELATAN,KAB. MERAUKE,Ulilin,-7.08745571,140.93008075,889cd10c8dfffff,0.0,,653.0,500-2k,5,KOPERASI DESA MERAH PUTIH KAMPUNG KANDRAKAY,,,,51.26097106933594,11.51370620727539,10.0,Tree cover,True,True,False,False,True,3,"https://www.google.com/maps/@-7.08745571,140.93008075,250m/data=!3m1!1e3"
75862,PAPUA SELATAN,KAB. MERAUKE,Elikobal,-7.48696799,140.6243876,889cd1a5a7fffff,0.0,,684.0,500-2k,5,KOPERASI DESA MERAH PUTIH BOUWER,,,,47.32358932495117,7.2639312744140625,10.0,Tree cover,True,True,False,False,True,3,"https://www.google.com/maps/@-7.48696799,140.6243876,250m/data=!3m1!1e3"
88370,PAPUA SELATAN,KAB. MERAUKE,Elikobal,-7.64915288,140.68608836,889cd1a64dfffff,0.0,,0.0,nobody within 5km,5,KOPERASI DESA MERAH PUTIH KAMPUNG TANAS,,,,39.764732360839844,12.3472900390625,10.0,Tree cover,True,True,False,False,True,3,"https://www.google.com/maps/@-7.64915288,140.68608836,250m/data=!3m1!1e3"
93015,PAPUA SELATAN,KAB. MERAUKE,Elikobal,-7.48781346,140.92706592,889cd1b9d3fffff,0.0,,0.0,nobody within 5km,5,KOPERASI DESA MERAH PUTIH KAMPUNG BUPUL,Bupul,Dipertimbangkan,Agrinas,42.9566764831543,7.647426605224609,10.0,Tree cover,True,True,False,False,True,3,"https://www.google.com/maps/@-7.48781346,140.92706592,250m/data=!3m1!1e3"
84953,PAPUA SELATAN,KAB. MERAUKE,Naukenjerai,-8.93787687,140.9214601,889cc62f3dfffff,0.0,,0.0,nobody within 5km,5,KOPERASI DESA MERAH PUTIH KAMPUNG KONDO KECAMATAN NAUKENJERAI,Kondo,Sedang Diverifikasi,KEMENTERIAN DALAM NEGERI,3.2809338569641113,4.2786712646484375,90.0,Herbaceous wetland,True,True,False,False,True,3,"https://www.google.com/maps/@-8.93787687,140.9214601,250m/data=!3m1!1e3"
88422,PAPUA SELATAN,KAB. MERAUKE,Naukenjerai,-8.74904823,140.72543237,889cc295b1fffff,0.0,,197.0,<500,5,KOPERASI DESA MERAH PUTIH KAMPUNG TOMER,Tomer,Tidak Ada Lahan,,13.731074333190918,9.233902931213379,10.0,Tree cover,True,True,False,False,True,3,"https://www.google.com/maps/@-8.74904823,140.72543237,250m/data=!3m1!1e3"
88444,PAPUA SELATAN,KAB. MERAUKE,Merauke,-8.47607901,140.5964566,889cc216e9fffff,0.0,,7.0,<500,5,KOPERASI DESA MERAH PUTIH KAMPUNG WASUR,Wasur,Tidak Ada Lahan,,14.480412483215332,7.490083694458008,10.0,Tree cover,True,True,False,False,True,3,"https://www.google.com/maps/@-8.47607901,140.5964566,250m/data=!3m1!1e3"
87646,PAPUA SELATAN,KAB. MERAUKE,Okaba,-7.98735388,139.68653793,889cc34c37fffff,0.0,,0.0,nobody within 5km,5,KOPERASI DESA MERAH PUTIH KAMPUNG OKABA,,,,3.8706490993499756,1.0455775260925293,90.0,Herbaceous wetland,True,True,False,False,True,3,"https://www.google.com/maps/@-7.98735388,139.68653793,250m/data=!3m1!1e3"
87648,PAPUA SELATAN,KAB. MERAUKE,Okaba,-8.01830898,139.64949612,889cc34cc3fffff,0.0,,616.0,500-2k,5,KOPERASI DESA MERAH PUTIH KAMPUNG MAKALING,,,,13.702725410461426,3.5576515197753906,10.0,Tree cover,True,True,False,False,True,3,"https://www.google.com/maps/@-8.01830898,139.64949612,250m/data=!3m1!1e3"
87650,PAPUA SELATAN,KAB. MERAUKE,Okaba,-8.04354584,139.89615921,889cc34a0dfffff,0.0,,747.0,500-2k,5,KOPERASI DESA MERAH PUTIH KAMPUNG SANGGASE,,,,10.006770133972168,10.895246505737305,10.0,Tree cover,True,True,False,False,True,3,"https://www.google.com/maps/@-8.04354584,139.89615921,250m/data=!3m1!1e3"
88302,PAPUA SELATAN,KAB. MERAUKE,Okaba,-8.0080208,139.82019679,889cc34ab5fffff,0.0,,756.0,500-2k,5,KOPERASI DESA MERAH PUTIH KAMPUNG ALATEP,,,,22.39604949951172,16.530994415283203,10.0,Tree cover,True,True,False,False,True,3,"https://www.google.com/maps/@-8.0080208,139.82019679,250m/data=!3m1!1e3"
88364,PAPUA SELATAN,KAB. MERAUKE,Okaba,-8.01595024,139.45849874,889cc378bbfffff,0.0,,395.0,<500,5,KOPERASI DESA MERAH PUTIH KAMPUNG ES WAMBI,,,,28.19733238220215,19.768524169921875,10.0,Tree cover,True,True,False,False,True,3,"https://www.google.com/maps/@-8.01595024,139.45849874,250m/data=!3m1!1e3"
88365,PAPUA SELATAN,KAB. MERAUKE,Okaba,-8.09795388,139.34864797,889cc362a9fffff,0.0,,69.0,<500,5,KOPERASI DESA MERAH PUTIH KAMPUNG WAMBI,,,,6.999263763427734,5.8926005363464355,10.0,Tree cover,True,True,False,False,True,3,"https://www.google.com/maps/@-8.09795388,139.34864797,250m/data=!3m1!1e3"
88366,PAPUA SELATAN,KAB. MERAUKE,Okaba,-8.00628196,139.59871353,889cc37945fffff,0.0,,0.0,nobody within 5km,5,KOPERASI DESA MERAH PUTIH KAMPUNG IWOL,,,,11.516562461853027,8.495504379272461,10.0,Tree cover,True,True,False,False,True,3,"https://www.google.com/maps/@-8.00628196,139.59871353,250m/data=!3m1!1e3"
88308,PAPUA SELATAN,KAB. MERAUKE,Padua,-7.49042914,138.72472359,889cdd0f19fffff,0.0,,441.0,<500,5,KOPERASI DESA MERAH PUTIH KAMPUNG BAMOL II,,,,21.282426834106445,12.236275672912598,10.0,Tree cover,True,True,False,False,True,3,"https://www.google.com/maps/@-7.49042914,138.72472359,250m/data=!3m1!1e3"
88331,PAPUA SELATAN,KAB. MERAUKE,Padua,-7.68720626,138.96453491,889cddc493fffff,0.0,,89.0,<500,5,KOPERASI DESA MERAH PUTIH KAMPUNG SIGAD,,,,16.37909698486328,10.550126075744629,10.0,Tree cover,True,True,False,False,True,3,"https://www.google.com/maps/@-7.68720626,138.96453491,250m/data=!3m1!1e3"
90808,PAPUA SELATAN,KAB. MERAUKE,Ilwayab,-7.35340548,139.08717452,889cdd4259fffff,0.0,,22.0,<500,5,KOPERASI DESA MERAH PUTIH KAMPUNG WANAM KECAMATAN ILWAYAB,,,,21.221534729003906,20.168872833251953,10.0,Tree cover,True,True,False,False,True,3,"https://www.google.com/maps/@-7.35340548,139.08717452,250m/data=!3m1!1e3"
90816,PAPUA SELATAN,KAB. MERAUKE,Tubang,-8.0887798,139.0985807,889cdd9141fffff,0.0,,705.0,500-2k,5,KOPERASI DESA MERAH PUTIH KAMPUNG DOKIB,,,,8.5550537109375,9.206132888793945,10.0,Tree cover,True,True,False,False,True,3,"https://www.google.com/maps/@-8.0887798,139.0985807,250m/data=!3m1!1e3"
90818,PAPUA SELATAN,KAB. MERAUKE,Tubang,-8.06955844,139.1641967,889cc364e7fffff,0.0,,926.0,500-2k,5,KOPERASI DESA MERAH PUTIH KAMPUNG YOWIED,,,,14.238076210021973,19.286510467529297,10.0,Tree cover,True,True,False,False,True,3,"https://www.google.com/maps/@-8.06955844,139.1641967,250m/data=!3m1!1e3"
92336,PAPUA SELATAN,KAB. MERAUKE,Tubang,-7.69138232,139.35821015,889cdddac7fffff,0.0,,30.0,<500,5,KOPERASI DESA MERAH PUTIH KAMPUNG WELBUTI,,,,36.177425384521484,14.040647506713867,10.0,Tree cover,True,True,False,False,True,3,"https://www.google.com/maps/@-7.69138232,139.35821015,250m/data=!3m1!1e3"
92670,PAPUA SELATAN,KAB. MERAUKE,Kimaam,-7.83363051,138.72087571,889cddb929fffff,0.0,,15.0,<500,5,KOPERASI DESA MERAH PUTIH KAMPUNG TERI,,,,4.708823204040527,0.8602118492126465,90.0,Herbaceous wetland,True,True,False,False,True,3,"https://www.google.com/maps/@-7.83363051,138.72087571,250m/data=!3m1!1e3"
92672,PAPUA SELATAN,KAB. MERAUKE,Kimaam,-8.08489268,138.49827198,889cddb703fffff,0.0,,46.0,<500,5,KOPERASI DESA MERAH PUTIH KAMPUNG WEBU,,,,5.332549095153809,1.3455924987792969,90.0,Herbaceous wetland,True,True,False,False,True,3,"https://www.google.com/maps/@-8.08489268,138.49827198,250m/data=!3m1!1e3"
92655,PAPUA SELATAN,KAB. MERAUKE,Tabonji,-7.78935847,138.47609762,889cddaf2dfffff,0.0,,8.0,<500,5,KOPERASI DESA MERAH PUTIH KAMPUNG WANGGAMBI,,,,4.767709255218506,1.4222335815429688,90.0,Herbaceous wetland,True,True,False,False,True,3,"https://www.google.com/maps/@-7.78935847,138.47609762,250m/data=!3m1!1e3"
93016,PAPUA SELATAN,KAB. MERAUKE,Waan,-8.32695451,137.94839205,889cca9357fffff,0.0,,584.0,500-2k,5,KOPERASI DESA MERAH PUTIH KAMPUNG WAAN,,,,12.703405380249023,11.577369689941406,95.0,Mangrove,True,True,False,False,True,3,"https://www.google.com/maps/@-8.32695451,137.94839205,250m/data=!3m1!1e3"
93021,PAPUA SELATAN,KAB. MERAUKE,Waan,-8.32631656,138.12479727,889cce75b1fffff,0.0,,198.0,<500,5,KOPERASI DESA MERAH PUTIH KAMPUNG KONORAU,,,,13.841145515441895,9.584805488586426,95.0,Mangrove,True,True,False,False,True,3,"https://www.google.com/maps/@-8.32631656,138.12479727,250m/data=!3m1!1e3"
93023,PAPUA SELATAN,KAB. MERAUKE,Waan,-8.13318981,137.78679113,889cca81c5fffff,0.0,,22.0,<500,5,KOPERASI DESA MERAH PUTIH KAMPUNG DAFNAWANGA,,,,11.418776512145996,1.9857759475708008,95.0,Mangrove,True,True,False,False,True,3,"https://www.google.com/maps/@-8.13318981,137.78679113,250m/data=!3m1!1e3"
92881,PAPUA SELATAN,KAB. MERAUKE,Animha,-8.03626229,140.51304597,889cc27703fffff,0.0,,751.0,500-2k,5,KOPERASI DESA MERAH PUTIH KAMPUNG BAAD,,,,8.469018936157227,10.451692581176758,10.0,Tree cover,True,True,False,False,True,3,"https://www.google.com/maps/@-8.03626229,140.51304597,250m/data=!3m1!1e3"
93860,PAPUA SELATAN,KAB. MERAUKE,Animha,-7.97331198,140.23369969,889cdc9267fffff,0.0,,560.0,500-2k,5,KOPERASI DESA MERAH PUTIH KAMPUNG SENEGI,,,,32.09718322753906,12.298099517822266,10.0,Tree cover,True,True,False,False,True,3,"https://www.google.com/maps/@-7.97331198,140.23369969,250m/data=!3m1!1e3"
93135,PAPUA SELATAN,KAB. MERAUKE,Ngguti,-7.86316654,139.59346056,889cdcb423fffff,0.0,,197.0,<500,5,KOPERASI DESA MERAH PUTIH KAMPUNG YOMOP,,,,7.184807300567627,9.742395401000977,10.0,Tree cover,True,True,False,False,True,3,"https://www.google.com/maps/@-7.86316654,139.59346056,250m/data=!3m1!1e3"
93385,PAPUA SELATAN,KAB. MERAUKE,Ngguti,-7.53021923,139.75706828,889cdca905fffff,0.0,,410.0,<500,5,KOPERASI DESA MERAH PUTIH KAMPUNG TAGA EPE,,,,34.354331970214844,9.710580825805664,10.0,Tree cover,True,True,False,False,True,3,"https://www.google.com/maps/@-7.53021923,139.75706828,250m/data=!3m1!1e3"
93433,PAPUA SELATAN,KAB. MERAUKE,Kontuar,-8.15705044,138.08055157,889cce6eabfffff,0.0,,601.0,500-2k,5,KOPERASI DESA MERAH PUTIH KAMPUNG WANTARMA,,,,6.9386491775512695,7.640653610229492,10.0,Tree cover,True,True,False,False,True,3,"https://www.google.com/maps/@-8.15705044,138.08055157,250m/data=!3m1!1e3"
93827,PAPUA SELATAN,KAB. MERAUKE,Kontuar,-7.8227149,138.08387939,889ccac025fffff,0.0,,653.0,500-2k,5,KOPERASI DESA MERAH PUTIH KAMPUNG KAWE KECAMATAN KONTUAR,,,,16.02130126953125,11.071664810180664,10.0,Tree cover,True,True,False,False,True,3,"https://www.google.com/maps/@-7.8227149,138.08387939,250m/data=!3m1!1e3"
921,PAPUA SELATAN,KAB. MAPPI,Mambioman Bapai,-7.06351296,138.9834982,889cd8b2ddfffff,0.0,,0.0,nobody within 5km,5,KOPERASI DESA MERAH PUTIH KAMPUNG WAGIN,Wagin,Sedang Diverifikasi,KOPERASI,7.372702121734619,1.947378158569336,90.0,Herbaceous wetland,True,True,False,False,True,3,"https://www.google.com/maps/@-7.06351296,138.9834982,250m/data=!3m1!1e3"
93574,PAPUA SELATAN,KAB. MAPPI,Mambioman Bapai,-6.82960535,139.08664808,889cd8b805fffff,0.0,,418.0,<500,5,KOPERASI DESA MERAH PUTIH KAMPUNG MONANA,,,,33.65745544433594,14.929025650024414,10.0,Tree cover,True,True,False,False,True,3,"https://www.google.com/maps/@-6.82960535,139.08664808,250m/data=!3m1!1e3"
87369,PAPUA SELATAN,KAB. MAPPI,Edera,-7.23760811,139.65560647,889cdc39a9fffff,0.0,,593.0,500-2k,5,KOPERASI KELURAHAN MERAH PUTIH BADE DISTRIK EDERA,,,,1.0,5.05607271194458,80.0,Water,True,True,False,False,True,3,"https://www.google.com/maps/@-7.23760811,139.65560647,250m/data=!3m1!1e3"
93555,PAPUA SELATAN,KAB. MAPPI,Edera,-7.26675554,139.41968729,889cdc2e01fffff,0.0,,0.0,nobody within 5km,5,KOPERASI DESA MERAH PUTIH KAMPUNG YODOM,,,,26.079753875732422,20.610370635986328,10.0,Tree cover,True,True,False,False,True,3,"https://www.google.com/maps/@-7.26675554,139.41968729,250m/data=!3m1!1e3"
91686,PAPUA SELATAN,KAB. MAPPI,Kaibar,-5.52569025,139.68612807,889cda11b9fffff,0.0,,818.0,500-2k,5,KOPERASI DESA MERAH PUTIH KAMPUNG YEMU,,,,19.01027488708496,27.023361206054688,10.0,Tree cover,True,True,False,False,True,3,"https://www.google.com/maps/@-5.52569025,139.68612807,250m/data=!3m1!1e3"
93308,PAPUA SELATAN,KAB. MAPPI,Passue,-6.1928,139.78578242,889cde2ee3fffff,0.0,,639.0,500-2k,5,KOPERASI DESA MERAH PUTIH KAMPUNG URUFU,Urufu,Sedang Diverifikasi,KOPERASI,42.75015640258789,12.766822814941406,10.0,Tree cover,True,True,False,False,True,3,"https://www.google.com/maps/@-6.1928,139.78578242,250m/data=!3m1!1e3"
93598,PAPUA SELATAN,KAB. MAPPI,Yakomi,-6.92385917,139.77463576,889cdc61a1fffff,0.0,,481.0,<500,5,KOPERASI DESA MERAH PUTIH KAMPUNG KOKOYA,,,,42.40020751953125,17.76349639892578,10.0,Tree cover,True,True,False,False,True,3,"https://www.google.com/maps/@-6.92385917,139.77463576,250m/data=!3m1!1e3"
84748,PAPUA SELATAN,KAB. BOVEN DIGOEL,Kombay,-5.49500182,139.9715984,889cdac0b7fffff,0.0,,93.0,<500,5,KOPERASI DESA MERAH PUTIH WANGGEMALO,,,,70.79364776611328,17.290939331054688,10.0,Tree cover,True,True,False,False,True,3,"https://www.google.com/maps/@-5.49500182,139.9715984,250m/data=!3m1!1e3"
92217,PAPUA SELATAN,KAB. BOVEN DIGOEL,Kombay,-5.38432037,139.95750599,889cdacc25fffff,0.0,,116.0,<500,5,KOPERASI DESA MERAH PUTIH KAMPUNG YAFUFLA,,,,61.048484802246094,18.59170150756836,10.0,Tree cover,True,True,False,False,True,3,"https://www.google.com/maps/@-5.38432037,139.95750599,250m/data=!3m1!1e3"
92527,PAPUA SELATAN,KAB. BOVEN DIGOEL,Kombay,-5.31455197,139.99290844,889cda5213fffff,0.0,,78.0,<500,5,KOPERASI DESA MERAH PUTIH KAMPUNG SINIMBURU,,,,97.24565887451172,11.081344604492188,10.0,Tree cover,True,True,False,False,True,3,"https://www.google.com/maps/@-5.31455197,139.99290844,250m/data=!3m1!1e3"
87273,PAPUA SELATAN,KAB. BOVEN DIGOEL,Mandobo,-6.09784725,140.5467583,889cde55b9fffff,0.0,,204.0,<500,5,KOPERASI DESA MERAH PUTIH KAMPUNG MAWAN,Mawan,Terverifikasi,Agrinas,39.66383743286133,11.384342193603516,10.0,Tree cover,True,True,False,False,True,3,"https://www.google.com/maps/@-6.09784725,140.5467583,250m/data=!3m1!1e3"
88391,PAPUA SELATAN,KAB. BOVEN DIGOEL,Mandobo,-6.16173402,140.16801846,889cde7609fffff,0.0,,417.0,<500,5,KOPERASI DESA MERAH PUTIH KAMPUNG AMPERA,,,,52.58203125,24.285011291503906,10.0,Tree cover,True,True,False,False,True,3,"https://www.google.com/maps/@-6.16173402,140.16801846,250m/data=!3m1!1e3"
90519,PAPUA SELATAN,KAB. BOVEN DIGOEL,Mandobo,-5.95546394,140.25137243,889cde631dfffff,0.0,,484.0,<500,5,KOPERASI DESA MERAH PUTIH KAMPUNG MARIAM,,,,56.61881637573242,12.091499328613281,10.0,Tree cover,True,True,False,False,True,3,"https://www.google.com/maps/@-5.95546394,140.25137243,250m/data=!3m1!1e3"
91965,PAPUA SELATAN,KAB. BOVEN DIGOEL,Jair,-6.35951288,140.2507713,889cde0723fffff,0.0,,928.0,500-2k,5,KOPERASI DESA MERAH PUTIH KAMPUNG ANGGAI,,,,48.684608459472656,13.122184753417969,10.0,Tree cover,True,True,False,False,True,3,"https://www.google.com/maps/@-6.35951288,140.2507713,250m/data=!3m1!1e3"
92665,PAPUA SELATAN,KAB. BOVEN DIGOEL,Jair,-6.45552164,140.68543185,889cdec701fffff,0.0,,106.0,<500,5,KOPERASI DESA MERAH PUTIH KAMPUNG BUTIPTIRI,,,,46.09477233886719,17.579307556152344,10.0,Tree cover,True,True,False,False,True,3,"https://www.google.com/maps/@-6.45552164,140.68543185,250m/data=!3m1!1e3"
87817,PAPUA SELATAN,KAB. BOVEN DIGOEL,Manggelum,-5.26729953,140.41747297,8872d2ce01fffff,0.0,,582.0,500-2k,5,KOPERASI DESA MERAH PUTIH KAMPUNG BURUNGGOP,Burunggop,Sedang Diverifikasi,KOPERASI,128.4000701904297,30.96068572998047,10.0,Tree cover,True,True,False,False,True,3,"https://www.google.com/maps/@-5.26729953,140.41747297,250m/data=!3m1!1e3"
91493,PAPUA SELATAN,KAB. BOVEN DIGOEL,Manggelum,-5.21311606,140.25955263,8872d2c321fffff,0.0,,454.0,<500,5,KOPERASI DESA MERAH PUTIH GAGUOP,,,,166.9010467529297,37.50837707519531,10.0,Tree cover,True,True,False,False,True,3,"https://www.google.com/maps/@-5.21311606,140.25955263,250m/data=!3m1!1e3"
89815,PAPUA SELATAN,KAB. BOVEN DIGOEL,Fofi,-6.01693257,139.90215937,889cda931bfffff,0.0,,795.0,500-2k,5,KOPERASI DESA MERAH PUTIH KAMPUNG SOHOKANGGO,Sohokanggo,Sedang Diverifikasi,KOPERASI,43.96326446533203,16.147090911865234,10.0,Tree cover,True,True,False,False,True,3,"https://www.google.com/maps/@-6.01693257,139.90215937,250m/data=!3m1!1e3"
92887,PAPUA SELATAN,KAB. BOVEN DIGOEL,Fofi,-6.25577328,139.97961671,889cde2149fffff,0.0,,10.0,<500,5,KOPERASI DESA MERAH PUTIH KAMPUNG SADAR,,,,56.09309768676758,14.583023071289062,10.0,Tree cover,True,True,False,False,True,3,"https://www.google.com/maps/@-6.25577328,139.97961671,250m/data=!3m1!1e3"
88045,PAPUA SELATAN,KAB. BOVEN DIGOEL,Ki,-6.38951949,140.01010834,889cde3039fffff,0.0,,0.0,nobody within 5km,5,KOPERASI DESA MERAH PUTIH KAMPUNG OBINANGGE,Obinangge,Sedang Diverifikasi,KOPERASI,59.7618293762207,15.171699523925781,10.0,Tree cover,True,True,False,False,True,3,"https://www.google.com/maps/@-6.38951949,140.01010834,250m/data=!3m1!1e3"
91969,PAPUA SELATAN,KAB. BOVEN DIGOEL,Ki,-6.78214196,140.1658753,889cdeb03dfffff,0.0,,601.0,500-2k,5,KOPERASI DESA MERAH PUTIH KAMPUNG METTO,,,,22.95237159729004,21.220266342163086,10.0,Tree cover,True,True,False,False,True,3,"https://www.google.com/maps/@-6.78214196,140.1658753,250m/data=!3m1!1e3"
88392,PAPUA SELATAN,KAB. BOVEN DIGOEL,Kombut,-5.91676753,140.95642696,889cd32dc1fffff,0.0,,290.0,<500,5,KOPERASI DESA MERAH PUTIH KOMBUT,Kombut,Sedang Diverifikasi,BUSINESS ASSISTANCE,48.37999725341797,13.845623016357422,10.0,Tree cover,True,True,False,False,True,3,"https://www.google.com/maps/@-5.91676753,140.95642696,250m/data=!3m1!1e3"
90405,PAPUA SELATAN,KAB. BOVEN DIGOEL,Bomakia,-5.71591883,139.78484646,889cda88c5fffff,0.0,,112.0,<500,5,KOPERASI DESA MERAH PUTIH KAMPUNG AIFO,,,,25.935562133789062,9.571310043334961,10.0,Tree cover,True,True,False,False,True,3,"https://www.google.com/maps/@-5.71591883,139.78484646,250m/data=!3m1!1e3"
89963,PAPUA SELATAN,KAB. BOVEN DIGOEL,Kouh,-5.78363248,140.09978987,889cde6c27fffff,0.0,,0.0,nobody within 5km,5,KOPERASI DESA MERAH PUTIH KOUH,,,,51.75804901123047,9.901981353759766,10.0,Tree cover,True,True,False,False,True,3,"https://www.google.com/maps/@-5.78363248,140.09978987,250m/data=!3m1!1e3"
89932,PAPUA SELATAN,KAB. BOVEN DIGOEL,Mindiptana,-5.95961345,140.81384669,889cde5825fffff,0.0,,271.0,<500,5,KOPERASI DESA MERAH PUTIH KAMPUNG UMAP,Umap,Sedang Diverifikasi,BUSINESS ASSISTANCE,61.59204864501953,18.556011199951172,10.0,Tree cover,True,True,False,False,True,3,"https://www.google.com/maps/@-5.95961345,140.81384669,250m/data=!3m1!1e3"
89625,PAPUA SELATAN,KAB. BOVEN DIGOEL,Kawagit,-5.64307724,140.0648382,889cdad56dfffff,0.0,,408.0,<500,5,KOPERASI DESA MERAH PUTIH KAMPUNG KOMBAI,,,,66.03079223632812,8.215843200683594,10.0,Tree cover,True,True,False,False,True,3,"https://www.google.com/maps/@-5.64307724,140.0648382,250m/data=!3m1!1e3"
90997,PAPUA SELATAN,KAB. BOVEN DIGOEL,Kawagit,-5.51034611,140.24086352,889cdad869fffff,0.0,,85.0,<500,5,KOPERASI DESA MERAH PUTIH KAMPUNG BIWAGE DUA,,,,57.04290771484375,10.87453842163086,10.0,Tree cover,True,True,False,False,True,3,"https://www.google.com/maps/@-5.51034611,140.24086352,250m/data=!3m1!1e3"
91491,PAPUA SELATAN,KAB. BOVEN DIGOEL,Waropko,-5.41192211,140.9168861,8872d20cebfffff,0.0,,206.0,<500,5,KOPERASI DESA MERAH PUTIH KAMPUNG IKCAN,,,,331.5626525878906,46.963958740234375,10.0,Tree cover,True,True,False,False,True,3,"https://www.google.com/maps/@-5.41192211,140.9168861,250m/data=!3m1!1e3"
89670,PAPUA SELATAN,KAB. BOVEN DIGOEL,Yaniruma,-5.60243641,139.83813553,889cdac687fffff,0.0,,336.0,<500,5,KOPERASI DESA MERAH PUTIH KAMPUNG FEFERO,,,,45.38258743286133,10.241500854492188,10.0,Tree cover,True,True,False,False,True,3,"https://www.google.com/maps/@-5.60243641,139.83813553,250m/data=!3m1!1e3"
89847,PAPUA SELATAN,KAB. BOVEN DIGOEL,Yaniruma,-5.40723811,139.81971757,889cda1955fffff,0.0,,286.0,<500,5,KOPERASI DESA MERAH PUTIH KAMPUNG YANIRUMA,,,,41.461952209472656,24.31142807006836,10.0,Tree cover,True,True,False,False,True,3,"https://www.google.com/maps/@-5.40723811,139.81971757,250m/data=!3m1!1e3"
91494,PAPUA SELATAN,KAB. BOVEN DIGOEL,Yaniruma,-5.34922184,139.91982984,889cdacd81fffff,0.0,,19.0,<500,5,KOPERASI DESA MERAH PUTIH KAMPUNG MANGGEMAHE,,,,72.99890899658203,5.615684509277344,10.0,Tree cover,True,True,False,False,True,3,"https://www.google.com/maps/@-5.34922184,139.91982984,250m/data=!3m1!1e3"
93442,PAPUA SELATAN,KAB. BOVEN DIGOEL,Sesnuk,-6.04969165,140.72945848,889cde51a7fffff,0.0,,455.0,<500,5,KOPERASI DESA MERAH PUTIH KAMPUNG AMBORAN,,,,61.75127410888672,18.182621002197266,10.0,Tree cover,True,True,False,False,True,3,"https://www.google.com/maps/@-6.04969165,140.72945848,250m/data=!3m1!1e3"
90988,PAPUA SELATAN,KAB. BOVEN DIGOEL,Arimop,-5.81636451,140.38725693,8872d24907fffff,0.0,,0.0,nobody within 5km,5,KOPERASI DESA MERAH PUTIH KAMPUNG PATRIOT,,,,53.19935607910156,14.621078491210938,10.0,Tree cover,True,True,False,False,True,3,"https://www.google.com/maps/@-5.81636451,140.38725693,250m/data=!3m1!1e3"
90989,PAPUA SELATAN,KAB. BOVEN DIGOEL,Arimop,-5.54236709,140.49148741,8872d2421bfffff,0.0,,689.0,500-2k,5,KOPERASI DESA MERAH PUTIH KAMPUNG UJUNG DISTRIK ARIMOP,,,,88.44652557373047,16.005393981933594,10.0,Tree cover,True,True,False,False,True,3,"https://www.google.com/maps/@-5.54236709,140.49148741,250m/data=!3m1!1e3"
90990,PAPUA SELATAN,KAB. BOVEN DIGOEL,Arimop,-5.89573181,140.5030685,889cde4c1bfffff,0.0,,136.0,<500,5,KOPERASI DESA MERAH PUTIH KAMPUNG ARIMBET,,,,54.69393539428711,10.311111450195312,10.0,Tree cover,True,True,False,False,True,3,"https://www.google.com/maps/@-5.89573181,140.5030685,250m/data=!3m1!1e3"
91381,PAPUA SELATAN,KAB. BOVEN DIGOEL,Arimop,-5.69479279,140.53653878,8872d24f59fffff,0.0,,755.0,500-2k,5,KOPERASI DESA MERAH PUTIH KAMPUNG MAJU DISTRIK ARIMOP,,,,67.3468017578125,13.023124694824219,10.0,Tree cover,True,True,False,False,True,3,"https://www.google.com/maps/@-5.69479279,140.53653878,250m/data=!3m1!1e3"
11056,RIAU,KAB. BENGKALIS,Bukit Batu,1.32874839,101.8163007,8865216707fffff,0.0,,5.0,<500,5,KOPERASI DESA MERAH PUTIH SUKAJADI,Sukajadi,Sedang Diverifikasi,KOPERASI,30.045005798339844,11.230897903442383,10.0,Tree cover,True,True,False,False,True,3,"https://www.google.com/maps/@1.32874839,101.8163007,250m/data=!3m1!1e3"
16125,RIAU,KAB. BENGKALIS,Siak Kecil,1.23569163,101.8882057,886521742dfffff,0.0,,0.0,nobody within 5km,5,KOPERASI DESA MERAH PUTIH LUBUK GAUNG,Lubuk Gaung,Terverifikasi,Agrinas,38.65956497192383,5.053680419921875,10.0,Tree cover,True,True,False,False,True,3,"https://www.google.com/maps/@1.23569163,101.8882057,250m/data=!3m1!1e3"
34679,RIAU,KAB. INDRAGIRI HILIR,Gaung,-0.01458037,102.896728,8865251753fffff,0.0,,34.0,<500,5,KOPERASI DESA MERAH PUTIH SIMPANG GAUNG,Simpang Gaung,Terverifikasi,KOPERASI,0.0,0.0,10.0,Tree cover,True,True,False,False,True,3,"https://www.google.com/maps/@-0.01458037,102.896728,250m/data=!3m1!1e3"
36257,RIAU,KAB. INDRAGIRI HILIR,Gaung,-0.22325393,102.7863312,886525bac9fffff,0.0,,138.0,<500,5,KOPERASI DESA MERAH PUTIH GEMBIRA KECAMATAN GAUNG,Gembira,Terverifikasi,KOPERASI,0.0,0.0,10.0,Tree cover,True,True,False,False,True,3,"https://www.google.com/maps/@-0.22325393,102.7863312,250m/data=!3m1!1e3"
80196,RIAU,KAB. SIAK,Sungai Mandau,1.07112264,101.7863639,88652138e7fffff,0.0,,276.0,<500,5,KOPERASI DESA MERAH PUTIH KAMPUNG TASIK BETUNG,Tasik Betung,Terverifikasi,KOPERASI,22.04467010498047,6.370979309082031,10.0,Tree cover,True,True,False,False,True,3,"https://www.google.com/maps/@1.07112264,101.7863639,250m/data=!3m1!1e3"
37405,RIAU,KAB. SIAK,Sungai Apit,0.70097294,102.4703711,8865219935fffff,0.0,,701.0,500-2k,5,KOPERASI DESA MERAH PUTIH KAMPUNG PENYENGAT,Penyengat,Sedang Diverifikasi,KOPERASI,11.956284523010254,11.256868362426758,10.0,Tree cover,True,True,False,False,True,3,"https://www.google.com/maps/@0.70097294,102.4703711,250m/data=!3m1!1e3"
61637,RIAU,KAB. PELALAWAN,Pelalawan,0.43146526,102.3181823,8865219761fffff,0.0,,533.0,500-2k,5,KOPERASI DESA MERAH PUTIH SUNGAI ARA KECAMATAN PELALAWAN,Sungai Ara,Sedang Diverifikasi,KOPERASI,19.6728572845459,6.518947601318359,10.0,Tree cover,True,True,False,False,True,3,"https://www.google.com/maps/@0.43146526,102.3181823,250m/data=!3m1!1e3"
62141,RIAU,KAB. PELALAWAN,Teluk Meranti,0.4662836,102.3806914,886521901dfffff,0.0,,82.0,<500,5,KOPERASI DESA MERAH PUTIH PANGKALAN TERAP KECAMATAN TELUK MERANTI,Pangkalan Terap,Sedang Diverifikasi,KOPERASI,25.01506996154785,2.654012680053711,10.0,Tree cover,True,True,False,False,True,3,"https://www.google.com/maps/@0.4662836,102.3806914,250m/data=!3m1!1e3"
62353,RIAU,KAB. PELALAWAN,Teluk Meranti,0.40155437,102.5179871,8865252913fffff,0.0,,52.0,<500,5,KOPERASI DESA MERAH PUTIH TELUK BINJAI KECAMATAN TELUK MERANTI,Teluk Binjai,Sedang Diverifikasi,KOPERASI,25.125926971435547,9.815673828125,10.0,Tree cover,True,True,False,False,True,3,"https://www.google.com/maps/@0.40155437,102.5179871,250m/data=!3m1!1e3"
63033,RIAU,KAB. PELALAWAN,Teluk Meranti,0.37515035,102.3973016,8865252d29fffff,0.0,,82.0,<500,5,KOPERASI DESA MERAH PUTIH KUALA PANDUK KECAMATAN TELUK MERANTI,Kuala Panduk,Sedang Diverifikasi,KOPERASI,26.76720428466797,2.666666030883789,10.0,Tree cover,True,True,False,False,True,3,"https://www.google.com/maps/@0.37515035,102.3973016,250m/data=!3m1!1e3"
66306,RIAU,KAB. PELALAWAN,Teluk Meranti,0.38411381,102.8511867,8865257203fffff,0.0,,964.0,500-2k,5,KOPERASI DESA MERAH PUTIH PULAU MUDA KECAMATAN TELUK MERANTI,Pulau Muda,Sedang Diverifikasi,KOPERASI,21.058271408081055,5.632902145385742,10.0,Tree cover,True,True,False,False,True,3,"https://www.google.com/maps/@0.38411381,102.8511867,250m/data=!3m1!1e3"
66315,RIAU,KAB. PELALAWAN,Teluk Meranti,0.36395795,102.4463846,8865252881fffff,0.0,,68.0,<500,5,KOPERASI DESA MERAH PUTIH PETODAAN KECAMATAN TELUK MERANTI,Petodaan,Sedang Diverifikasi,KOPERASI,29.765655517578125,4.41029167175293,10.0,Tree cover,True,True,False,False,True,3,"https://www.google.com/maps/@0.36395795,102.4463846,250m/data=!3m1!1e3"
50370,RIAU,KAB. INDRAGIRI HULU,Rengat,-0.1485504,102.538326,886525ae19fffff,0.0,,40.0,<500,5,KOPERASI DESA MERAH PUTIH KAMPUNG PULAU KECAMATAN RENGAT,Kampung Pulau,Terverifikasi,BUSINESS ASSISTANCE,0.0,0.0,10.0,Tree cover,True,True,False,False,True,3,"https://www.google.com/maps/@-0.1485504,102.538326,250m/data=!3m1!1e3"
34328,SULAWESI BARAT,KAB. MAMUJU,Kalumpang,-2.68589104,119.6561147,8895210f57fffff,0.0,,704.0,500-2k,5,KOPERASI DESA MERAH PUTIH LASA,,,,1263.6851806640625,51.0885009765625,10.0,Tree cover,True,True,False,False,True,3,"https://www.google.com/maps/@-2.68589104,119.6561147,250m/data=!3m1!1e3"
35407,SULAWESI BARAT,KAB. MAMUJU,Kepulauan Bala Balakang,-2.26559096,117.0625966,8868997635fffff,0.0,,0.0,nobody within 5km,5,KOPERASI DESA MERAH PUTIH BALA BALAKANG,,,,0.0,0.0,80.0,Water,True,True,False,False,True,3,"https://www.google.com/maps/@-2.26559096,117.0625966,250m/data=!3m1!1e3"
91783,SULAWESI BARAT,KAB. MAMUJU,Kepulauan Bala Balakang,-2.94106133,117.5570204,88952601cdfffff,0.0,,0.0,nobody within 5km,5,KOPERASI DESA MERAH PUTIH BALABALAKANG TIMUR,,,,0.0,0.0,80.0,Water,True,True,False,False,True,3,"https://www.google.com/maps/@-2.94106133,117.5570204,250m/data=!3m1!1e3"
86850,NUSA TENGGARA TIMUR,KAB. MALAKA,Weliman,9.634751,124.862069,886840b89dfffff,0.0,,0.0,nobody within 5km,5,KOPERASI DESA MERAH PUTIH LALETEN,Laleten,Terverifikasi,Agrinas,0.0,0.0,80.0,Water,True,True,False,False,True,3,"https://www.google.com/maps/@9.634751,124.862069,250m/data=!3m1!1e3"
9798,KALIMANTAN TENGAH,KOTA PALANGKARAYA,Sabangau,-2.32719136,113.8246989,8868938601fffff,0.0,,836.0,500-2k,5,KOPERASI KELURAHAN MERAH PUTIH KERENG BANGKIRAI,Kereng Bangkirai,Terverifikasi,KOPERASI,26.608238220214844,4.121513366699219,10.0,Tree cover,True,True,False,False,True,3,"https://www.google.com/maps/@-2.32719136,113.8246989,250m/data=!3m1!1e3"
5708,KALIMANTAN TENGAH,KAB. KOTAWARINGIN TIMUR,Antang Kalang,-1.29326978,112.4665619,88689401d9fffff,0.0,,489.0,<500,5,KOPERASI DESA MERAH PUTIH BUNTUT NUSA,,,,99.54222106933594,25.794967651367188,10.0,Tree cover,True,True,False,False,True,3,"https://www.google.com/maps/@-1.29326978,112.4665619,250m/data=!3m1!1e3"
7299,KALIMANTAN TENGAH,KAB. KOTAWARINGIN TIMUR,Antang Kalang,-1.27828487,112.3657228,8868940367fffff,0.0,,284.0,<500,5,KOPERASI DESA MERAH PUTIH TUMBANG GAGU,,,,184.03866577148438,40.33624267578125,10.0,Tree cover,True,True,False,False,True,3,"https://www.google.com/maps/@-1.27828487,112.3657228,250m/data=!3m1!1e3"
71854,KALIMANTAN TENGAH,KAB. KOTAWARINGIN TIMUR,Antang Kalang,-1.3492649,112.5065729,8868940e2dfffff,0.0,,315.0,<500,5,KOPERASI DESA MERAH PUTIH TUMBANG HEJAN,Tumbang Hejan,Tidak Ada Lahan,,121.13245391845703,32.85608673095703,10.0,Tree cover,True,True,False,False,True,3,"https://www.google.com/maps/@-1.3492649,112.5065729,250m/data=!3m1!1e3"
14585,KALIMANTAN TENGAH,KAB. KOTAWARINGIN TIMUR,Telaga Antang,-1.53065276,112.4276388,8868947305fffff,0.0,,48.0,<500,5,KOPERASI DESA MERAH PUTIH BUKIT INDAH KECAMATAN TELAGA ANTANG,Bukit Indah,Terverifikasi,Agrinas,128.23680114746094,53.86656951904297,10.0,Tree cover,True,True,False,False,True,3,"https://www.google.com/maps/@-1.53065276,112.4276388,250m/data=!3m1!1e3"
82996,KALIMANTAN TENGAH,KAB. KOTAWARINGIN TIMUR,Bukit Santuai,-1.61235287,112.1213359,8868944363fffff,0.0,,65.0,<500,5,KOPERASI DESA MERAH PUTIH TUMBANG KANIA,,,,804.466796875,56.9031982421875,10.0,Tree cover,True,True,False,False,True,3,"https://www.google.com/maps/@-1.61235287,112.1213359,250m/data=!3m1!1e3"
2991,KALIMANTAN TENGAH,KAB. MURUNG RAYA,Seribu Riam,-0.01816095,113.8934933,8868860c49fffff,0.0,,299.0,<500,5,KOPERASI DESA MERAH PUTIH PARAHAU,,,,0.0,0.0,10.0,Tree cover,True,True,False,False,True,3,"https://www.google.com/maps/@-0.01816095,113.8934933,250m/data=!3m1!1e3"
22143,KALIMANTAN TENGAH,KAB. MURUNG RAYA,Seribu Riam,-0.25199379,113.6494848,8868864725fffff,0.0,,8.0,<500,5,KOPERASI DESA MERAH PUTIH TUMBANG NAAN,,,,0.0,0.0,10.0,Tree cover,True,True,False,False,True,3,"https://www.google.com/maps/@-0.25199379,113.6494848,250m/data=!3m1!1e3"
24343,KALIMANTAN TENGAH,KAB. MURUNG RAYA,Seribu Riam,0.40482274,113.9566012,886886bab1fffff,0.0,,12.0,<500,5,KOPERASI DESA MERAH PUTIH TUMBANG JOJANG,Tumbang Jojang,Sedang Diverifikasi,KEMENTERIAN KESEHATAN,781.2097778320312,59.14483642578125,10.0,Tree cover,True,True,False,False,True,3,"https://www.google.com/maps/@0.40482274,113.9566012,250m/data=!3m1!1e3"
4057,KALIMANTAN TENGAH,KAB. MURUNG RAYA,Barito Tuhup Raya,-0.16994854,114.8858425,8868806b0dfffff,0.0,,381.0,<500,5,KOPERASI DESA MERAH PUTIH TUMBANG BALOI,Tumbang Baloi,Terverifikasi,KEMENTERIAN KESEHATAN,0.0,0.0,10.0,Tree cover,True,True,False,False,True,3,"https://www.google.com/maps/@-0.16994854,114.8858425,250m/data=!3m1!1e3"
21679,KALIMANTAN TENGAH,KAB. MURUNG RAYA,Laung Tuhup,-0.21908965,114.6204224,886882b22dfffff,0.0,,770.0,500-2k,5,KOPERASI DESA MERAH PUTIH TUMBANG TONDUK,Tumbang Tonduk,Sedang Diverifikasi,PMO,0.0,0.0,10.0,Tree cover,True,True,False,False,True,3,"https://www.google.com/maps/@-0.21908965,114.6204224,250m/data=!3m1!1e3"
8369,KALIMANTAN TENGAH,KAB. MURUNG RAYA,Uut Murung,0.32966181,114.5649737,886880cecdfffff,0.0,,0.0,nobody within 5km,5,KOPERASI DESA MERAH PUTIH TUMBANG TUJANG KECAMATAN UUT MURUNG,Tumbang Tujang,Sedang Diverifikasi,KEMENTERIAN KESEHATAN,537.3187866210938,17.13800048828125,10.0,Tree cover,True,True,False,False,True,3,"https://www.google.com/maps/@0.32966181,114.5649737,250m/data=!3m1!1e3"
8398,KALIMANTAN TENGAH,KAB. MURUNG RAYA,Uut Murung,0.36118492,114.2136611,886886ae9bfffff,0.0,,10.0,<500,5,KOPERASI DESA MERAH PUTIH KALASIN,Kalasin,Sedang Diverifikasi,KEMENTERIAN KESEHATAN,218.41336059570312,39.07948303222656,10.0,Tree cover,True,True,False,False,True,3,"https://www.google.com/maps/@0.36118492,114.2136611,250m/data=!3m1!1e3"
8512,KALIMANTAN TENGAH,KAB. MURUNG RAYA,Uut Murung,0.51594598,114.8503787,8868801719fffff,0.0,,2.0,<500,5,KOPERASI DESA MERAH PUTIH TUMBANG TOPUS,,,,338.1175537109375,20.3623046875,10.0,Tree cover,True,True,False,False,True,3,"https://www.google.com/maps/@0.51594598,114.8503787,250m/data=!3m1!1e3"
8549,KALIMANTAN TENGAH,KAB. MURUNG RAYA,Uut Murung,-0.13604908,114.3341774,8868862d87fffff,0.0,,281.0,<500,5,KOPERASI DESA MERAH PUTIH TUMBANG OLONG II,Tumbang Olong II,Perlu Verifikasi Lanjutan,Agrinas,0.0,0.0,10.0,Tree cover,True,True,False,False,True,3,"https://www.google.com/maps/@-0.13604908,114.3341774,250m/data=!3m1!1e3"
24786,KALIMANTAN TENGAH,KAB. MURUNG RAYA,Tanah Siang,-0.1745554,114.4966773,886880494dfffff,0.0,,122.0,<500,5,KOPERASI DESA MERAH PUTIH OLUNG BALO,,,,0.0,0.0,10.0,Tree cover,True,True,False,False,True,3,"https://www.google.com/maps/@-0.1745554,114.4966773,250m/data=!3m1!1e3"
24586,KALIMANTAN TENGAH,KAB. MURUNG RAYA,Sumber Barito,-0.3969167,114.196446,886882982dfffff,0.0,,11.0,<500,5,KOPERASI DESA MERAH PUTIH OLONG LIKO,Olong Liko,Sedang Diverifikasi,BUSINESS ASSISTANCE,0.0,0.0,10.0,Tree cover,True,True,False,False,True,3,"https://www.google.com/maps/@-0.3969167,114.196446,250m/data=!3m1!1e3"
25361,KALIMANTAN TENGAH,KAB. MURUNG RAYA,Sumber Barito,-0.35385953,113.9694534,88688661ebfffff,0.0,,7.0,<500,5,KOPERASI DESA MERAH PUTIH TUMBANG TUAN,Tumbang Tuan,Sedang Diverifikasi,KEMENTERIAN KESEHATAN,0.0,0.0,10.0,Tree cover,True,True,False,False,True,3,"https://www.google.com/maps/@-0.35385953,113.9694534,250m/data=!3m1!1e3"
55461,KALIMANTAN TENGAH,KAB. KATINGAN,Mendawai,-2.78945423,113.3010768,886893d843fffff,0.0,,177.0,<500,5,KOPERASI DESA MERAH PUTIH PERIGI KECAMATAN MENDAWAI,Perigi,Sedang Diverifikasi,KOPERASI,16.564773559570312,12.693815231323242,10.0,Tree cover,True,True,False,False,True,3,"https://www.google.com/maps/@-2.78945423,113.3010768,250m/data=!3m1!1e3"
72169,KALIMANTAN TENGAH,KAB. KATINGAN,Mendawai,-2.61950283,113.5869601,886893d497fffff,0.0,,0.0,nobody within 5km,5,KOPERASI DESA MERAH PUTIH TUMBANG BULAN,Tumbang Bulan,Sedang Diverifikasi,KEMENTERIAN KESEHATAN,17.901596069335938,3.3424625396728516,10.0,Tree cover,True,True,False,False,True,3,"https://www.google.com/maps/@-2.61950283,113.5869601,250m/data=!3m1!1e3"
74391,KALIMANTAN TENGAH,KAB. KATINGAN,Mendawai,-2.89031286,113.3744671,886893ca25fffff,0.0,,0.0,nobody within 5km,5,KOPERASI DESA MERAH PUTIH TEWANG KAMPUNG,Tewang Kampung,Sedang Diverifikasi,KOPERASI,26.124269485473633,5.063638687133789,10.0,Tree cover,True,True,False,False,True,3,"https://www.google.com/maps/@-2.89031286,113.3744671,250m/data=!3m1!1e3"
69082,KALIMANTAN TENGAH,KAB. KATINGAN,Kamipang,-2.48353852,113.448502,8868906eb5fffff,0.0,,22.0,<500,5,KOPERASI DESA MERAH PUTIH TAMPELAS KECAMATAN KAMIPANG,Tampelas,Tidak Ada Lahan,,18.82754135131836,12.352277755737305,10.0,Tree cover,True,True,False,False,True,3,"https://www.google.com/maps/@-2.48353852,113.448502,250m/data=!3m1!1e3"
72246,KALIMANTAN TENGAH,KAB. KATINGAN,Kamipang,-2.14034871,113.6148375,8868902e21fffff,0.0,,11.0,<500,5,KOPERASI DESA MERAH PUTIH ASEM KUMBANG,Asem Kumbang,Sedang Diverifikasi,KOPERASI,29.38043212890625,3.6520462036132812,10.0,Tree cover,True,True,False,False,True,3,"https://www.google.com/maps/@-2.14034871,113.6148375,250m/data=!3m1!1e3"
74245,KALIMANTAN TENGAH,KAB. KATINGAN,Marikit,-0.82977675,112.5369624,886894b331fffff,0.0,,0.0,nobody within 5km,5,KOPERASI DESA MERAH PUTIH BATU PANAHAN,,,,0.0,0.0,10.0,Tree cover,True,True,False,False,True,3,"https://www.google.com/maps/@-0.82977675,112.5369624,250m/data=!3m1!1e3"
70075,KALIMANTAN TENGAH,KAB. KATINGAN,Katingan Hulu,-0.94296577,112.3610503,8868948e55fffff,0.0,,288.0,<500,5,KOPERASI DESA MERAH PUTIH DEHES ASEM,Dehes Asem,Sedang Diverifikasi,TNI,0.0,0.0,10.0,Tree cover,True,True,False,False,True,3,"https://www.google.com/maps/@-0.94296577,112.3610503,250m/data=!3m1!1e3"
75634,KALIMANTAN TENGAH,KAB. KATINGAN,Katingan Hulu,-1.20658571,112.1510562,886894c73bfffff,0.0,,330.0,<500,5,KOPERASI DESA MERAH PUTIH TUMBANG SABETUNG,,,,167.3535919189453,26.99835205078125,10.0,Tree cover,True,True,False,False,True,3,"https://www.google.com/maps/@-1.20658571,112.1510562,250m/data=!3m1!1e3"
76954,KALIMANTAN TENGAH,KAB. KATINGAN,Katingan Hulu,-0.92406725,112.35442713,88689480b7fffff,0.0,,283.0,<500,5,KOPERASI DESA MERAH PUTIH RANGAN KAWIT,Rangan Kawit,Sedang Diverifikasi,KEMENTERIAN KESEHATAN,0.0,0.0,10.0,Tree cover,True,True,False,False,True,3,"https://www.google.com/maps/@-0.92406725,112.35442713,250m/data=!3m1!1e3"
59098,KALIMANTAN TENGAH,KAB. KATINGAN,Petak Malai,-0.70583073,113.1246451,886895996bfffff,0.0,,0.0,nobody within 5km,5,KOPERASI DESA MERAH PUTIH TUMBANG HABANGOI,Tumbang Habangoi,Sedang Diverifikasi,KOPERASI,0.0,0.0,10.0,Tree cover,True,True,False,False,True,3,"https://www.google.com/maps/@-0.70583073,113.1246451,250m/data=!3m1!1e3"
61394,KALIMANTAN TENGAH,KAB. KATINGAN,Petak Malai,-0.6629617,112.7731953,8868b379cdfffff,0.0,,2.0,<500,5,KOPERASI DESA MERAH PUTIH TUMBANG TANGOI,Tumbang Tangoi,Sedang Diverifikasi,KOPERASI,0.0,0.0,10.0,Tree cover,True,True,False,False,True,3,"https://www.google.com/maps/@-0.6629617,112.7731953,250m/data=!3m1!1e3"
91836,KALIMANTAN TENGAH,KAB. KATINGAN,Petak Malai,-0.93715226,112.8957261,886895da6bfffff,0.0,,841.0,500-2k,5,KOPERASI DESA MERAH PUTIH TUMBANG JALA,Tumbang Jala,Sedang Diverifikasi,KOPERASI,0.0,0.0,10.0,Tree cover,True,True,False,False,True,3,"https://www.google.com/maps/@-0.93715226,112.8957261,250m/data=!3m1!1e3"
58253,KALIMANTAN TENGAH,KAB. BARITO UTARA,Gunung Timang,-1.21857348,115.3354491,88689cb995fffff,0.0,,361.0,<500,5,KOPERASI DESA MERAH PUTIH TONGKA,,,,110.09382629394531,26.911476135253906,10.0,Tree cover,True,True,False,False,True,3,"https://www.google.com/maps/@-1.21857348,115.3354491,250m/data=!3m1!1e3"
86857,KALIMANTAN TENGAH,KAB. SERUYAN,Seruyan Hilir Timur,-3.24007113,112.7215266,8868920b3dfffff,0.0,,6.0,<500,5,KOPERASI DESA MERAH PUTIH SUNGAI BAKAU KECAMATAN SERUYAN HILIR TIMUR,Sungai Bakau,Terverifikasi,Agrinas,9.6962890625,1.7203006744384766,10.0,Tree cover,True,True,False,False,True,3,"https://www.google.com/maps/@-3.24007113,112.7215266,250m/data=!3m1!1e3"
86356,KALIMANTAN TENGAH,KAB. SERUYAN,Seruyan Hulu,-1.45686168,112.0386877,886894526dfffff,0.0,,335.0,<500,5,KOPERASI DESA MERAH PUTIH MOJANG BARU,Mojang Baru,Tidak Ada Lahan,,119.97625732421875,25.27086639404297,10.0,Tree cover,True,True,False,False,True,3,"https://www.google.com/maps/@-1.45686168,112.0386877,250m/data=!3m1!1e3"
84081,KALIMANTAN TENGAH,KAB. SERUYAN,Seruyan Hilir,-3.4481261,112.4457388,8868925819fffff,0.0,,959.0,500-2k,5,KOPERASI DESA MERAH PUTIH SUNGAI UNDANG,Sungai Undang,Terverifikasi,Agrinas,0.0,0.0,80.0,Water,True,True,False,False,True,3,"https://www.google.com/maps/@-3.4481261,112.4457388,250m/data=!3m1!1e3"
84105,KALIMANTAN TENGAH,KAB. SERUYAN,Seruyan Hilir,-3.09690412,112.2548307,886892d86bfffff,0.0,,818.0,500-2k,5,KOPERASI DESA MERAH PUTIH MUARA DUA KECAMATAN SERUYAN HILIR,,,,20.92456817626953,6.0302734375,10.0,Tree cover,True,True,False,False,True,3,"https://www.google.com/maps/@-3.09690412,112.2548307,250m/data=!3m1!1e3"
86929,KALIMANTAN TENGAH,KAB. SERUYAN,Seruyan Hilir,-3.10576792,112.4316634,886892c18dfffff,0.0,,166.0,<500,5,KOPERASI DESA MERAH PUTIH TANJUNG RANGAS,Tanjung Rangas,Sedang Diverifikasi,KOPERASI,10.7472562789917,4.602673053741455,10.0,Tree cover,True,True,False,False,True,3,"https://www.google.com/maps/@-3.10576792,112.4316634,250m/data=!3m1!1e3"
49243,KALIMANTAN TENGAH,KAB. KAPUAS,Mantangai,-2.3365298,114.6020712,88689ed4bbfffff,0.0,,47.0,<500,5,KOPERASI DESA MERAH PUTIH MANTANGAI TENGAH,Mantangai Tengah,Perlu Verifikasi Lanjutan,Agrinas,17.682432174682617,5.488311767578125,10.0,Tree cover,True,True,False,False,True,3,"https://www.google.com/maps/@-2.3365298,114.6020712,250m/data=!3m1!1e3"
53507,KALIMANTAN TENGAH,KAB. KAPUAS,Mantangai,-1.72669381,114.1010756,886891034dfffff,0.0,,56.0,<500,5,KOPERASI DESA MERAH PUTIH HUMBANG RAYA,Humbang Raya,Terverifikasi,Agrinas,36.304237365722656,18.710773468017578,10.0,Tree cover,True,True,False,False,True,3,"https://www.google.com/maps/@-1.72669381,114.1010756,250m/data=!3m1!1e3"
53521,KALIMANTAN TENGAH,KAB. KAPUAS,Timpah,-1.33333208,114.5822425,886891a6e7fffff,0.0,,264.0,<500,5,KOPERASI DESA MERAH PUTIH DESA BATAPAH,Batapah,Tidak Ada Lahan,,53.6495246887207,12.273944854736328,10.0,Tree cover,True,True,False,False,True,3,"https://www.google.com/maps/@-1.33333208,114.5822425,250m/data=!3m1!1e3"
55446,KALIMANTAN TENGAH,KAB. KAPUAS,Timpah,-1.91659569,114.5312191,886891280bfffff,0.0,,889.0,500-2k,5,KOPERASI DESA MERAH PUTIH DESA PETAK PUTI,Petak Puti,Tidak Ada Lahan,,32.57206344604492,5.806535720825195,10.0,Tree cover,True,True,False,False,True,3,"https://www.google.com/maps/@-1.91659569,114.5312191,250m/data=!3m1!1e3"
29206,KALIMANTAN TENGAH,KAB. KAPUAS,Kapuas Hulu,-0.80194966,113.7684223,886895ad6bfffff,0.0,,167.0,<500,5,KOPERASI DESA MERAH PUTIH BARUNANG II,Barunang II,Tidak Ada Lahan,,0.0,0.0,10.0,Tree cover,True,True,False,False,True,3,"https://www.google.com/maps/@-0.80194966,113.7684223,250m/data=!3m1!1e3"
63770,KALIMANTAN TENGAH,KAB. KAPUAS,Mandau Talawang,-0.62963167,114.0054369,886882d133fffff,0.0,,214.0,<500,5,KOPERASI DESA MERAH PUTIH TUMBANG MANYARUNG,Tumbang Manyarung,Sedang Diverifikasi,KEMENTERIAN KESEHATAN,0.0,0.0,10.0,Tree cover,True,True,False,False,True,3,"https://www.google.com/maps/@-0.62963167,114.0054369,250m/data=!3m1!1e3"
66966,KALIMANTAN TENGAH,KAB. KAPUAS,Mandau Talawang,-0.59389111,113.8177897,886895a70bfffff,0.0,,71.0,<500,5,KOPERASI DESA MERAH PUTIH DESA TUMBANG BUKOI,Tumbang Bukoi,Tidak Ada Lahan,,0.0,0.0,10.0,Tree cover,True,True,False,False,True,3,"https://www.google.com/maps/@-0.59389111,113.8177897,250m/data=!3m1!1e3"
74257,KALIMANTAN TENGAH,KAB. KAPUAS,Mandau Talawang,-0.44008084,113.9804708,88688668d5fffff,0.0,,78.0,<500,5,KOPERASI DESA MERAH PUTIH MASUPA RIA,,,,0.0,0.0,10.0,Tree cover,True,True,False,False,True,3,"https://www.google.com/maps/@-0.44008084,113.9804708,250m/data=!3m1!1e3"
20942,KALIMANTAN TENGAH,KAB. PULANG PISAU,Kahayan Tengah,-2.15352655,114.0742948,8868914e87fffff,0.0,,10.0,<500,5,KOPERASI DESA MERAH PUTIH TANJUNG SANGALANG,,,,25.870346069335938,6.865354537963867,10.0,Tree cover,True,True,False,False,True,3,"https://www.google.com/maps/@-2.15352655,114.0742948,250m/data=!3m1!1e3"
62643,KALIMANTAN TENGAH,KAB. GUNUNG MAS,Damang Batu,-0.57126043,113.3274199,88689582edfffff,0.0,,10.0,<500,5,KOPERASI DESA MERAH PUTIH TUMBANG MAHUROI,,,,0.0,0.0,10.0,Tree cover,True,True,False,False,True,3,"https://www.google.com/maps/@-0.57126043,113.3274199,250m/data=!3m1!1e3"
44531,KALIMANTAN TENGAH,KAB. GUNUNG MAS,Tewah,-0.84397574,113.6953941,886895a981fffff,0.0,,937.0,500-2k,5,KOPERASI DESA MERAH PUTIH KARASON RAYA,,,,0.0,0.0,10.0,Tree cover,True,True,False,False,True,3,"https://www.google.com/maps/@-0.84397574,113.6953941,250m/data=!3m1!1e3"
62615,KALIMANTAN TENGAH,KAB. GUNUNG MAS,Miri Manasa,-0.46404425,113.6021385,886895b255fffff,0.0,,124.0,<500,5,KOPERASI DESA MERAH PUTIH HAROWU,,,,0.0,0.0,10.0,Tree cover,True,True,False,False,True,3,"https://www.google.com/maps/@-0.46404425,113.6021385,250m/data=!3m1!1e3"
76311,KALIMANTAN TENGAH,KAB. GUNUNG MAS,Miri Manasa,-0.79933466,113.6135383,886895ab05fffff,0.0,,639.0,500-2k,5,KOPERASI DESA MERAH PUTIH TUMBANG LAPAN,Tumbang Lapan,Sedang Diverifikasi,KOPERASI,0.0,0.0,10.0,Tree cover,True,True,False,False,True,3,"https://www.google.com/maps/@-0.79933466,113.6135383,250m/data=!3m1!1e3"
40277,KALIMANTAN TENGAH,KAB. KOTAWARINGIN BARAT,Kumai,-2.71673181,111.9458797,8868964e01fffff,0.0,,160.0,<500,5,KOPERASI DESA MERAH PUTIH SUNGAI SEKONYER,Sungai Sekonyer,Sedang Diverifikasi,KOPERASI,29.97812271118164,9.573661804199219,10.0,Tree cover,True,True,False,False,True,3,"https://www.google.com/maps/@-2.71673181,111.9458797,250m/data=!3m1!1e3"
13439,KALIMANTAN TENGAH,KAB. BARITO SELATAN,Karau Kuala,-1.90322682,114.6995292,8868912dd9fffff,0.0,,538.0,500-2k,5,KOPERASI DESA MERAH PUTIH BINTANG KURUNG,Bintang Kurung,Sedang Diverifikasi,KOPERASI,32.594303131103516,4.551784515380859,10.0,Tree cover,True,True,False,False,True,3,"https://www.google.com/maps/@-1.90322682,114.6995292,250m/data=!3m1!1e3"
79377,KALIMANTAN TENGAH,KAB. BARITO SELATAN,Dusun Selatan,-1.54875532,114.7333341,88689cca29fffff,0.0,,492.0,<500,5,KOPERASI DESA MERAH PUTIH PARARAPAK,Pararapak,Sedang Diverifikasi,BUSINESS ASSISTANCE,34.13230514526367,12.083221435546875,10.0,Tree cover,True,True,False,False,True,3,"https://www.google.com/maps/@-1.54875532,114.7333341,250m/data=!3m1!1e3"
78859,KALIMANTAN TENGAH,KAB. BARITO SELATAN,Dusun Utara,-1.44169227,114.7819487,88689cc06dfffff,0.0,,149.0,<500,5,KOPERASI DESA MERAH PUTIH MARAWAN BARU,Marawan Baru,Sedang Diverifikasi,KOPERASI,44.472171783447266,17.756629943847656,10.0,Tree cover,True,True,False,False,True,3,"https://www.google.com/maps/@-1.44169227,114.7819487,250m/data=!3m1!1e3"
85606,KALIMANTAN TENGAH,KAB. BARITO SELATAN,Dusun Hilir,-2.25828815,114.7662157,88689e8f23fffff,0.0,,642.0,500-2k,5,KOPERASI DESA MERAH PUTIH MAHAJANDAU,Mahajandau,Sedang Diverifikasi,BUSINESS ASSISTANCE,19.61130714416504,6.320810317993164,10.0,Tree cover,True,True,False,False,True,3,"https://www.google.com/maps/@-2.25828815,114.7662157,250m/data=!3m1!1e3"
51991,BANTEN,KAB. PANDEGLANG,Sumur,-6.75351454,105.3798639,888c112885fffff,0.0,,90.0,<500,5,KOPERASI DESA MERAH PUTIH UJUNGJAYA KECAMATAN SUMUR,Ujungjaya,Terverifikasi,Agrinas,32.745941162109375,33.26945495605469,10.0,Tree cover,True,True,False,False,True,3,"https://www.google.com/maps/@-6.75351454,105.3798639,250m/data=!3m1!1e3"
43297,ACEH,KAB. ACEH TENGGARA,Leuser,3.06824249,97.77987816,8865725237fffff,0.0,,16.0,<500,5,KOPERASI DESA MERAH PUTIH SYARIAH BUN BUN INDAH KECAMATAN LEUSER,Bunbun Indah,Tidak Ada Lahan,,734.9432373046875,31.70794677734375,10.0,Tree cover,True,True,False,False,True,3,"https://www.google.com/maps/@3.06824249,97.77987816,250m/data=!3m1!1e3"
49560,ACEH,KAB. ACEH TENGGARA,Tanoh Alas,3.35458827,97.69913413,886572485dfffff,0.0,,8.0,<500,5,KOPERASI DESA MERAH PUTIH SYARIAH ALUR LANGSAT KECAMATAN TANOH ALAS,Alur Langsat,Sedang Diverifikasi,BUSINESS ASSISTANCE,1384.2843017578125,55.5555419921875,10.0,Tree cover,True,True,False,False,True,3,"https://www.google.com/maps/@3.35458827,97.69913413,250m/data=!3m1!1e3"
10985,ACEH,KAB. GAYO LUES,Puteri Betung,3.80771654,97.68961083,8865091445fffff,0.0,,35.0,<500,5,KOPERASI DESA MERAH PUTIH SYARIAH KUTELENGAT SEPAKAT,,,,1462.4937744140625,48.629638671875,10.0,Tree cover,True,True,False,False,True,3,"https://www.google.com/maps/@3.80771654,97.68961083,250m/data=!3m1!1e3"
10902,ACEH,KAB. BIREUEN,Samalanga,4.96527906,96.34123086,8865562c6bfffff,0.0,,22.0,<500,5,KOPERASI DESA MERAH PUTIH SYARIAH ULEE ALUE SAMALANGA,Ulee Alue,Tidak Ada Lahan,,1680.576904296875,63.663330078125,30.0,Grassland,True,False,False,True,True,3,"https://www.google.com/maps/@4.96527906,96.34123086,250m/data=!3m1!1e3"
81494,ACEH,KAB. ACEH JAYA,Darul Hikmah,5.00620164,95.7176769,8865507913fffff,0.0,,30.0,<500,5,KOPERASI DESA MERAH PUTIH SYARIAH GAMPONG TEUPIN ASAN DARUL HIKMAH,Teupin Asan,Sedang Diverifikasi,KOPERASI,1175.976806640625,50.447021484375,10.0,Tree cover,True,True,False,False,True,3,"https://www.google.com/maps/@5.00620164,95.7176769,250m/data=!3m1!1e3"
54975,ACEH,KAB. ACEH TIMUR,Serbajadi,4.50704317,97.4536523,8865096f31fffff,0.0,,653.0,500-2k,5,KOPERASI DESA MERAH PUTIH SYARIAH GAMPONG MESIR,,,,1095.310791015625,26.14990234375,10.0,Tree cover,True,True,False,False,True,3,"https://www.google.com/maps/@4.50704317,97.4536523,250m/data=!3m1!1e3"
60328,ACEH,KAB. ACEH BESAR,Lhoknga,5.4434039,95.1247549,8865531963fffff,0.0,,3.0,<500,5,KOPERASI DESA MERAH PUTIH SYARIAH GAMPONG MON IKEUN KECAMATAN LHOKNGA,Mon Ikeun,Terverifikasi,Agrinas,0.0,0.0,80.0,Water,True,True,False,False,True,3,"https://www.google.com/maps/@5.4434039,95.1247549,250m/data=!3m1!1e3"
29926,ACEH,KAB. SIMEULUE,Teupah Selatan,2.09334034,96.64763848,8865706497fffff,0.0,,8.0,<500,5,KOPERASI DESA MERAH PUTIH SYARIAH LABUHAN BAJAU,,,,53.01823043823242,30.690486907958984,10.0,Tree cover,True,True,False,False,True,3,"https://www.google.com/maps/@2.09334034,96.64763848,250m/data=!3m1!1e3"
91133,PAPUA PEGUNUNGAN,KAB. PEGUNUNGAN BINTANG,Alemsom,-4.87772014,140.06052644,8872d67991fffff,0.0,,916.0,500-2k,5,KOPERASI DESA MERAH PUTIH BONDIK,,,,956.6912231445312,53.33489990234375,10.0,Tree cover,True,True,False,False,True,3,"https://www.google.com/maps/@-4.87772014,140.06052644,250m/data=!3m1!1e3"
91134,PAPUA PEGUNUNGAN,KAB. PEGUNUNGAN BINTANG,Alemsom,-4.63320871,140.18089915,8872d67701fffff,0.0,,128.0,<500,5,KOPERASI DESA MERAH PUTIH ERADUMAN,,,,3586.5478515625,24.547119140625,10.0,Tree cover,True,True,False,False,True,3,"https://www.google.com/maps/@-4.63320871,140.18089915,250m/data=!3m1!1e3"
91136,PAPUA PEGUNUNGAN,KAB. PEGUNUNGAN BINTANG,Alemsom,-4.96119431,140.12077834,8872d6682bfffff,0.0,,179.0,<500,5,KOPERASI DESA MERAH PUTIH KAMPUNG SUMTAMON,,,,247.62498474121094,36.39164733886719,10.0,Tree cover,True,True,False,False,True,3,"https://www.google.com/maps/@-4.96119431,140.12077834,250m/data=!3m1!1e3"
91138,PAPUA PEGUNUNGAN,KAB. PEGUNUNGAN BINTANG,Alemsom,-5.00199713,140.06019362,8872d66961fffff,0.0,,402.0,<500,5,KOPERASI DESA MERAH PUTIH TIBAL,,,,180.60687255859375,21.045120239257812,10.0,Tree cover,True,True,False,False,True,3,"https://www.google.com/maps/@-5.00199713,140.06019362,250m/data=!3m1!1e3"
92420,PAPUA PEGUNUNGAN,KAB. PEGUNUNGAN BINTANG,Batom,-4.31569175,140.85028829,8872d0cde1fffff,0.0,,606.0,500-2k,5,KOPERASI DESA MERAH PUTIH BELOMO,,,,162.3759765625,46.04841613769531,10.0,Tree cover,True,True,False,False,True,3,"https://www.google.com/maps/@-4.31569175,140.85028829,250m/data=!3m1!1e3"
91126,PAPUA PEGUNUNGAN,KAB. PEGUNUNGAN BINTANG,Mofinop,-4.08224718,140.74457965,8872d0c231fffff,0.0,,288.0,<500,5,KOPERASI DESA MERAH PUTIH KAMPUNG MILKI DISTRIK MOFINOP,,,,342.7170715332031,44.125,10.0,Tree cover,True,True,False,False,True,3,"https://www.google.com/maps/@-4.08224718,140.74457965,250m/data=!3m1!1e3"
91127,PAPUA PEGUNUNGAN,KAB. PEGUNUNGAN BINTANG,Mofinop,-4.18315602,140.86982749,8872d0cecdfffff,0.0,,607.0,500-2k,5,KOPERASI DESA MERAH PUTIH KAMPUNG MOT,,,,110.44985961914062,25.946487426757812,10.0,Tree cover,True,True,False,False,True,3,"https://www.google.com/maps/@-4.18315602,140.86982749,250m/data=!3m1!1e3"
91130,PAPUA PEGUNUNGAN,KAB. PEGUNUNGAN BINTANG,Mofinop,-4.24767213,140.95874422,8872d01949fffff,0.0,,692.0,500-2k,5,KOPERASI DESA MERAH PUTIH KAMPUNG MUARA ASBI,,,,94.3234634399414,17.024826049804688,10.0,Tree cover,True,True,False,False,True,3,"https://www.google.com/maps/@-4.24767213,140.95874422,250m/data=!3m1!1e3"
91151,PAPUA PEGUNUNGAN,KAB. PEGUNUNGAN BINTANG,Awinbon,-5.11249997,140.40103884,8872d2d5e3fffff,0.0,,32.0,<500,5,KOPERASI DESA MERAH PUTIH KAMPUNG MIKIR,,,,392.787109375,44.028564453125,10.0,Tree cover,True,True,False,False,True,3,"https://www.google.com/maps/@-5.11249997,140.40103884,250m/data=!3m1!1e3"
91275,PAPUA PEGUNUNGAN,KAB. PEGUNUNGAN BINTANG,Kawor,-5.09887861,140.61205086,8872d21265fffff,0.0,,415.0,<500,5,KOPERASI DESA MERAH PUTIH TARNGOP,,,,1030.6385498046875,38.53448486328125,10.0,Tree cover,True,True,False,False,True,3,"https://www.google.com/maps/@-5.09887861,140.61205086,250m/data=!3m1!1e3"
91325,PAPUA PEGUNUNGAN,KAB. PEGUNUNGAN BINTANG,Kawor,-5.04400658,140.54229659,8872d2882dfffff,0.0,,0.0,nobody within 5km,5,KOPERASI DESA MERAH PUTIH SAKUP,,,,1601.3929443359375,35.2796630859375,10.0,Tree cover,True,True,False,False,True,3,"https://www.google.com/maps/@-5.04400658,140.54229659,250m/data=!3m1!1e3"
92422,PAPUA PEGUNUNGAN,KAB. PEGUNUNGAN BINTANG,Kawor,-5.04311564,140.49432169,8872d28b27fffff,0.0,,0.0,nobody within 5km,5,KOPERASI DESA MERAH PUTIH KAMPUNG NANUM,,,,2284.092041015625,39.546630859375,10.0,Tree cover,True,True,False,False,True,3,"https://www.google.com/maps/@-5.04311564,140.49432169,250m/data=!3m1!1e3"
91157,PAPUA PEGUNUNGAN,KAB. PEGUNUNGAN BINTANG,Teiraplu,-3.91000599,140.30197001,8872d6b721fffff,0.0,,501.0,500-2k,5,KOPERASI DESA MERAH PUTIH MAIGAME,,,,264.8884582519531,22.063369750976562,10.0,Tree cover,True,True,False,False,True,3,"https://www.google.com/maps/@-3.91000599,140.30197001,250m/data=!3m1!1e3"
91159,PAPUA PEGUNUNGAN,KAB. PEGUNUNGAN BINTANG,Teiraplu,-3.77117983,140.37633849,8872d47941fffff,0.0,,204.0,<500,5,KOPERASI DESA MERAH PUTIH SINAMI,,,,248.93971252441406,9.850418090820312,10.0,Tree cover,True,True,False,False,True,3,"https://www.google.com/maps/@-3.77117983,140.37633849,250m/data=!3m1!1e3"
91326,PAPUA PEGUNUNGAN,KAB. PEGUNUNGAN BINTANG,Teiraplu,-3.83685278,140.37651312,8872d6b611fffff,0.0,,511.0,500-2k,5,KOPERASI DESA MERAH PUTIH YUABAN SATU,,,,246.58236694335938,29.14007568359375,10.0,Tree cover,True,True,False,False,True,3,"https://www.google.com/maps/@-3.83685278,140.37651312,250m/data=!3m1!1e3"
91595,PAPUA PEGUNUNGAN,KAB. PEGUNUNGAN BINTANG,Teiraplu,-3.81728382,140.30072892,8872d44dd7fffff,0.0,,155.0,<500,5,KOPERASI DESA MERAH PUTIH BAUTME,,,,262.35455322265625,33.94670104980469,10.0,Tree cover,True,True,False,False,True,3,"https://www.google.com/maps/@-3.81728382,140.30072892,250m/data=!3m1!1e3"
92423,PAPUA PEGUNUNGAN,KAB. PEGUNUNGAN BINTANG,Teiraplu,-3.75847116,140.21662848,8872d44f03fffff,0.0,,300.0,<500,5,KOPERASI DESA MERAH PUTIH YUABAN DUA,,,,340.73504638671875,42.135528564453125,10.0,Tree cover,True,True,False,False,True,3,"https://www.google.com/maps/@-3.75847116,140.21662848,250m/data=!3m1!1e3"
91167,PAPUA PEGUNUNGAN,KAB. PEGUNUNGAN BINTANG,Murkim,-4.01384046,140.93861628,8872d08923fffff,0.0,,128.0,<500,5,KOPERASI DESA MERAH PUTIH DELEMO,,,,128.54261779785156,32.90718078613281,10.0,Tree cover,True,True,False,False,True,3,"https://www.google.com/maps/@-4.01384046,140.93861628,250m/data=!3m1!1e3"
91975,PAPUA PEGUNUNGAN,KAB. PEGUNUNGAN BINTANG,Murkim,-4.01534656,140.8372132,8872d0d5d5fffff,0.0,,255.0,<500,5,KOPERASI DESA MERAH PUTIH BIAS DISTRIK MURKIM,,,,144.24465942382812,38.0780029296875,10.0,Tree cover,True,True,False,False,True,3,"https://www.google.com/maps/@-4.01534656,140.8372132,250m/data=!3m1!1e3"
92097,PAPUA PEGUNUNGAN,KAB. PEGUNUNGAN BINTANG,Jetfa,-4.13469727,140.6346438,8872d0d8cbfffff,0.0,,703.0,500-2k,5,KOPERASI DESA MERAH PUTIH KAMPUNG LULIS,,,,257.7601623535156,20.071273803710938,10.0,Tree cover,True,True,False,False,True,3,"https://www.google.com/maps/@-4.13469727,140.6346438,250m/data=!3m1!1e3"
91185,PAPUA PEGUNUNGAN,KAB. YALIMO,Abenaho,-3.53047314,139.44612524,88728905edfffff,0.0,,0.0,nobody within 5km,5,KOPERASI DESA MERAH PUTIH YAMA KECAMATAN ABENAHO,,,,70.51110076904297,10.271682739257812,10.0,Tree cover,True,True,False,False,True,3,"https://www.google.com/maps/@-3.53047314,139.44612524,250m/data=!3m1!1e3"
91291,PAPUA PEGUNUNGAN,KAB. YALIMO,Apalapsili,-4.04003042,139.23133619,88728bb6edfffff,0.0,,16.0,<500,5,KOPERASI DESA MERAH PUTIH ALIMUHUK,,,,2797.726806640625,33.714599609375,10.0,Tree cover,True,True,False,False,True,3,"https://www.google.com/maps/@-4.04003042,139.23133619,250m/data=!3m1!1e3"
88638,PAPUA PEGUNUNGAN,KAB. YALIMO,Benawa,-3.62957274,139.83755273,8872892e1bfffff,0.0,,209.0,<500,5,KOPERASI DESA MERAH PUTIH NUNGKERE,,,,180.57647705078125,37.9615478515625,10.0,Tree cover,True,True,False,False,True,3,"https://www.google.com/maps/@-3.62957274,139.83755273,250m/data=!3m1!1e3"
90903,PAPUA PEGUNUNGAN,KAB. YALIMO,Benawa,-3.59701697,139.81270404,88728920b3fffff,0.0,,439.0,<500,5,KOPERASI DESA MERAH PUTIH NARAU,,,,83.75172424316406,6.29119873046875,10.0,Tree cover,True,True,False,False,True,3,"https://www.google.com/maps/@-3.59701697,139.81270404,250m/data=!3m1!1e3"
91224,PAPUA PEGUNUNGAN,KAB. YALIMO,Benawa,-3.57713773,139.77204149,88728920ebfffff,0.0,,311.0,<500,5,KOPERASI DESA MERAH PUTIH NAIRA KECAMATAN BENAWA,,,,81.1607894897461,7.440422058105469,10.0,Tree cover,True,True,False,False,True,3,"https://www.google.com/maps/@-3.57713773,139.77204149,250m/data=!3m1!1e3"
91300,PAPUA PEGUNUNGAN,KAB. YALIMO,Benawa,-3.57661831,139.73808409,8872892039fffff,0.0,,173.0,<500,5,KOPERASI DESA MERAH PUTIH MARTARU,,,,71.46785736083984,11.865180969238281,10.0,Tree cover,True,True,False,False,True,3,"https://www.google.com/maps/@-3.57661831,139.73808409,250m/data=!3m1!1e3"
91302,PAPUA PEGUNUNGAN,KAB. YALIMO,Benawa,-3.69935343,139.98498086,8872d45825fffff,0.0,,72.0,<500,5,KOPERASI DESA MERAH PUTIH URAMBURU,,,,389.48504638671875,35.931427001953125,10.0,Tree cover,True,True,False,False,True,3,"https://www.google.com/maps/@-3.69935343,139.98498086,250m/data=!3m1!1e3"
92562,PAPUA PEGUNUNGAN,KAB. YALIMO,Benawa,-3.59808077,139.61383629,88728938c7fffff,0.0,,864.0,500-2k,5,KOPERASI DESA MERAH PUTIH KONOBUN,,,,87.89236450195312,15.04931640625,10.0,Tree cover,True,True,False,False,True,3,"https://www.google.com/maps/@-3.59808077,139.61383629,250m/data=!3m1!1e3"
93617,PAPUA PEGUNUNGAN,KAB. YALIMO,Benawa,-3.61770481,139.74456528,8872892189fffff,0.0,,347.0,<500,5,KOPERASI DESA MERAH PUTIH TIWAYI,,,,78.57618713378906,5.585395812988281,10.0,Tree cover,True,True,False,False,True,3,"https://www.google.com/maps/@-3.61770481,139.74456528,250m/data=!3m1!1e3"
93738,PAPUA PEGUNUNGAN,KAB. YALIMO,Welarek,-4.06849008,139.25949368,88728bb6a7fffff,0.0,,619.0,500-2k,5,KOPERASI DESA MERAH PUTIH PIKOHOFARI,,,,3391.5244140625,211.005615234375,30.0,Grassland,True,False,False,True,True,3,"https://www.google.com/maps/@-4.06849008,139.25949368,250m/data=!3m1!1e3"
91103,PAPUA PEGUNUNGAN,KAB. YAHUKIMO,Kabianggama,-4.39576768,139.52657104,8872d6ca57fffff,0.0,,673.0,500-2k,5,KOPERASI DESA MERAH PUTIH SUBAYO,Subayo,Terverifikasi,KOPERASI,2805.267578125,204.760986328125,30.0,Grassland,True,False,False,True,True,3,"https://www.google.com/maps/@-4.39576768,139.52657104,250m/data=!3m1!1e3"
89045,PAPUA PEGUNUNGAN,KAB. YAHUKIMO,Suntamon,-4.86939872,139.95461063,8872d67961fffff,0.0,,0.0,nobody within 5km,5,KOPERASI DESA MERAH PUTIH BINALKON,,,,1081.1806640625,50.500732421875,10.0,Tree cover,True,True,False,False,True,3,"https://www.google.com/maps/@-4.86939872,139.95461063,250m/data=!3m1!1e3"
93789,PAPUA PEGUNUNGAN,KAB. YAHUKIMO,Hereapini,-4.34479678,139.49885361,8872d6d88bfffff,0.0,,2.0,<500,5,KOPERASI DESA MERAH PUTIH KABUKAL,,,,3300.231201171875,39.860107421875,10.0,Tree cover,True,True,False,False,True,3,"https://www.google.com/maps/@-4.34479678,139.49885361,250m/data=!3m1!1e3"
92121,PAPUA PEGUNUNGAN,KAB. YAHUKIMO,Sobaham,-1.01558856,132.2937248,8872b5950dfffff,0.0,,842.0,500-2k,5,KOPERASI DESA MERAH PUTIH PUAHUN,,,,386.0807800292969,23.508758544921875,10.0,Tree cover,True,True,False,False,True,3,"https://www.google.com/maps/@-1.01558856,132.2937248,250m/data=!3m1!1e3"
91615,PAPUA PEGUNUNGAN,KAB. YAHUKIMO,Talambo,-3.73822657,139.9084098,8872d6964bfffff,0.0,,52.0,<500,5,KOPERASI DESA MERAH PUTIH KIKILA,Kikila,Sedang Diverifikasi,BUSINESS ASSISTANCE,907.1485595703125,51.605712890625,10.0,Tree cover,True,True,False,False,True,3,"https://www.google.com/maps/@-3.73822657,139.9084098,250m/data=!3m1!1e3"
91958,PAPUA PEGUNUNGAN,KAB. YAHUKIMO,Talambo,-3.63251805,139.9143061,8872d45b49fffff,0.0,,128.0,<500,5,KOPERASI DESA MERAH PUTIH TIBUL,Tibul,Sedang Diverifikasi,BUSINESS ASSISTANCE,358.8792419433594,38.33758544921875,10.0,Tree cover,True,True,False,False,True,3,"https://www.google.com/maps/@-3.63251805,139.9143061,250m/data=!3m1!1e3"
92399,PAPUA PEGUNUNGAN,KAB. YAHUKIMO,Korupun,-4.32189941,139.6573138,8872d6c081fffff,0.0,,983.0,500-2k,5,KOPERASI DESA MERAH PUTIH BATKUK,,,,3599.74267578125,52.290771484375,10.0,Tree cover,True,True,False,False,True,3,"https://www.google.com/maps/@-4.32189941,139.6573138,250m/data=!3m1!1e3"
91990,PAPUA PEGUNUNGAN,KAB. YAHUKIMO,Musaik,-4.56602457,139.0974529,88728b0485fffff,0.0,,904.0,500-2k,5,KOPERASI DESA MERAH PUTIH SUMEGEN,,,,1227.9337158203125,56.2022705078125,10.0,Tree cover,True,True,False,False,True,3,"https://www.google.com/maps/@-4.56602457,139.0974529,250m/data=!3m1!1e3"
92635,PAPUA PEGUNUNGAN,KAB. YAHUKIMO,Dekai,-4.81276309,139.65794823,8872d64a0dfffff,0.0,,620.0,500-2k,5,KOPERASI DESA MERAH PUTIH MASSI,,,,193.54495239257812,20.659561157226562,10.0,Tree cover,True,True,False,False,True,3,"https://www.google.com/maps/@-4.81276309,139.65794823,250m/data=!3m1!1e3"
92813,PAPUA PEGUNUNGAN,KAB. YAHUKIMO,Kurima,-0.14756385,130.22979382,88739e28c1fffff,0.0,,622.0,500-2k,5,KOPERASI DESA MERAH PUTIH EROMA,,,,0.0,0.0,80.0,Water,True,True,False,False,True,3,"https://www.google.com/maps/@-0.14756385,130.22979382,250m/data=!3m1!1e3"
92277,PAPUA PEGUNUNGAN,KAB. YAHUKIMO,Endomen,-4.06780552,139.91479358,8872d68f4bfffff,0.0,,980.0,500-2k,5,KOPERASI DESA MERAH PUTIH OKLOMA,,,,1007.6663208007812,55.869873046875,10.0,Tree cover,True,True,False,False,True,3,"https://www.google.com/maps/@-4.06780552,139.91479358,250m/data=!3m1!1e3"
93051,PAPUA PEGUNUNGAN,KAB. YAHUKIMO,Ubahak,-4.29534892,139.61131232,8872d6c053fffff,0.0,,104.0,<500,5,KOPERASI DESA MERAH PUTIH KIBIANGGEN,,,,3853.72314453125,109.323974609375,30.0,Grassland,True,False,False,True,True,3,"https://www.google.com/maps/@-4.29534892,139.61131232,250m/data=!3m1!1e3"
92437,PAPUA PEGUNUNGAN,KAB. YAHUKIMO,Samenage,-1.44281009,130.35721946,889569b013fffff,0.0,,136.0,<500,5,KOPERASI DESA MERAH PUTIH SAMENAGE,,,,0.0,0.0,80.0,Water,True,True,False,False,True,3,"https://www.google.com/maps/@-1.44281009,130.35721946,250m/data=!3m1!1e3"
92640,PAPUA PEGUNUNGAN,KAB. YAHUKIMO,Obio,-4.61902475,139.25968425,88728b2351fffff,0.0,,595.0,500-2k,5,KOPERASI DESA MERAH PUTIH YAHUFA,,,,256.5085144042969,26.463027954101562,10.0,Tree cover,True,True,False,False,True,3,"https://www.google.com/maps/@-4.61902475,139.25968425,250m/data=!3m1!1e3"
92734,PAPUA PEGUNUNGAN,KAB. YAHUKIMO,Obio,-4.82958349,139.17434245,88728b7499fffff,0.0,,192.0,<500,5,KOPERASI DESA MERAH PUTIH PATIN,,,,60.358436584472656,10.728240966796875,10.0,Tree cover,True,True,False,False,True,3,"https://www.google.com/maps/@-4.82958349,139.17434245,250m/data=!3m1!1e3"
93793,PAPUA PEGUNUNGAN,KAB. YAHUKIMO,Ubalihi,-4.28774586,139.61827739,8872d6c2adfffff,0.0,,104.0,<500,5,KOPERASI DESA MERAH PUTIH TALAMBELA,,,,3606.73974609375,148.575439453125,30.0,Grassland,True,False,False,True,True,3,"https://www.google.com/maps/@-4.28774586,139.61827739,250m/data=!3m1!1e3"
93807,PAPUA PEGUNUNGAN,KAB. YAHUKIMO,Ubalihi,-4.34663603,139.63475029,8872d6c1dbfffff,0.0,,104.0,<500,5,KOPERASI DESA MERAH PUTIH SAMIYUL,,,,3695.338623046875,42.070068359375,10.0,Tree cover,True,True,False,False,True,3,"https://www.google.com/maps/@-4.34663603,139.63475029,250m/data=!3m1!1e3"
92901,PAPUA PEGUNUNGAN,KAB. YAHUKIMO,Suru Suru,-4.75117797,139.08221158,88728b7653fffff,0.0,,0.0,nobody within 5km,5,KOPERASI DESA MERAH PUTIH WOROPI,,,,59.19078063964844,13.059398651123047,10.0,Tree cover,True,True,False,False,True,3,"https://www.google.com/maps/@-4.75117797,139.08221158,250m/data=!3m1!1e3"
89535,PAPUA PEGUNUNGAN,KAB. TOLIKARA,Wari/Taiyeve II,-3.26204931,138.72577207,887289d227fffff,0.0,,17.0,<500,5,KOPERASI DESA MERAH PUTIH KAMPUNG DUSTRA DISTRIK WARI,,,,57.42919158935547,6.546939849853516,10.0,Tree cover,True,True,False,False,True,3,"https://www.google.com/maps/@-3.26204931,138.72577207,250m/data=!3m1!1e3"
91551,PAPUA PEGUNUNGAN,KAB. TOLIKARA,Wari/Taiyeve II,-3.32207609,138.81955772,887289d0bdfffff,0.0,,278.0,<500,5,KOPERASI DESA MERAH PUTIH KAMPUNG MUNA DISTRIK WARI,,,,65.58447265625,13.099796295166016,10.0,Tree cover,True,True,False,False,True,3,"https://www.google.com/maps/@-3.32207609,138.81955772,250m/data=!3m1!1e3"
94112,PAPUA PEGUNUNGAN,KAB. TOLIKARA,Wari/Taiyeve II,-3.26400275,138.85189242,887289d707fffff,0.0,,3.0,<500,5,KOPERASI DESA MERAH PUTIH KAMPUNG PAPEDARI DISTRIK WARI TAIYEVE II,,,,54.9340934753418,8.301807403564453,10.0,Tree cover,True,True,False,False,True,3,"https://www.google.com/maps/@-3.26400275,138.85189242,250m/data=!3m1!1e3"
94127,PAPUA PEGUNUNGAN,KAB. TOLIKARA,Wari/Taiyeve II,-3.21783043,138.7743279,887289d2c9fffff,0.0,,12.0,<500,5,KOPERASI DESA MERAH PUTIH KAMPUNG WAKUMENDEK DISTRIK WARI TAIYEVE II,,,,58.364192962646484,7.541786193847656,10.0,Tree cover,True,True,False,False,True,3,"https://www.google.com/maps/@-3.21783043,138.7743279,250m/data=!3m1!1e3"
93259,PAPUA PEGUNUNGAN,KAB. JAYAWIJAYA,Siepkosi,-3.97591328,139.12738622,8872894c31fffff,0.0,,223.0,<500,5,KOPERASI DESA MERAH PUTIH SEKAN DALAM,,,,3091.38916015625,50.1318359375,10.0,Tree cover,True,True,False,False,True,3,"https://www.google.com/maps/@-3.97591328,139.12738622,250m/data=!3m1!1e3"
93502,PAPUA PEGUNUNGAN,KAB. JAYAWIJAYA,Itlay Hisage,-4.07520041,139.1895571,88728bb713fffff,0.0,,0.0,nobody within 5km,5,KOPERASI DESA MERAH PUTIH TOMISA,,,,3237.65869140625,58.8828125,10.0,Tree cover,True,True,False,False,True,3,"https://www.google.com/maps/@-4.07520041,139.1895571,250m/data=!3m1!1e3"
88990,PAPUA PEGUNUNGAN,KAB. MAMBERAMO TENGAH,Eragayam,-3.65294361,138.84787314,8872895265fffff,0.0,,510.0,500-2k,5,KOPERASI DESA MERAH PUTIH AYEKI,,,,1447.65625,53.41552734375,10.0,Tree cover,True,True,False,False,True,3,"https://www.google.com/maps/@-3.65294361,138.84787314,250m/data=!3m1!1e3"
90528,PAPUA PEGUNUNGAN,KAB. MAMBERAMO TENGAH,Megambilis,-3.53749358,139.3365638,8872890199fffff,0.0,,0.0,nobody within 5km,5,KOPERASI DESA MERAH PUTIH MEGAMBILIS,,,,72.49128723144531,5.690399169921875,10.0,Tree cover,True,True,False,False,True,3,"https://www.google.com/maps/@-3.53749358,139.3365638,250m/data=!3m1!1e3"
93313,PAPUA PEGUNUNGAN,KAB. NDUGA,Embetpen,-4.64343071,138.52992621,88728bcc67fffff,0.0,,0.0,nobody within 5km,5,KOPERASI DESA MERAH PUTIH YENAI,,,,88.7497329711914,11.360725402832031,10.0,Tree cover,True,True,False,False,True,3,"https://www.google.com/maps/@-4.64343071,138.52992621,250m/data=!3m1!1e3"
93168,PAPUA PEGUNUNGAN,KAB. NDUGA,Kenyam,-4.57599964,138.20983584,88728bd969fffff,0.0,,0.0,nobody within 5km,5,KOPERASI DESA MERAH PUTIH YUNAT,,,,289.9465637207031,50.67864990234375,10.0,Tree cover,True,True,False,False,True,3,"https://www.google.com/maps/@-4.57599964,138.20983584,250m/data=!3m1!1e3"
93486,PAPUA PEGUNUNGAN,KAB. NDUGA,Krepkuri,-4.60989515,138.22960956,88728bd927fffff,0.0,,0.0,nobody within 5km,5,KOPERASI DESA MERAH PUTIH ALGURU,,,,65.03910064697266,37.45348358154297,10.0,Tree cover,True,True,False,False,True,3,"https://www.google.com/maps/@-4.60989515,138.22960956,250m/data=!3m1!1e3"
93552,PAPUA PEGUNUNGAN,KAB. NDUGA,Krepkuri,-4.76539892,138.47568902,88728b5041fffff,0.0,,0.0,nobody within 5km,5,KOPERASI DESA MERAH PUTIH KREPKURI,,,,20.797712326049805,17.60873031616211,10.0,Tree cover,True,True,False,False,True,3,"https://www.google.com/maps/@-4.76539892,138.47568902,250m/data=!3m1!1e3"
93847,PAPUA PEGUNUNGAN,KAB. NDUGA,Alama,-4.53735822,137.89777034,88728aaa65fffff,0.0,,0.0,nobody within 5km,5,KOPERASI DESA MERAH PUTIH GIN,Gin,Tidak Ada Lahan,,101.2431640625,34.57659149169922,10.0,Tree cover,True,True,False,False,True,3,"https://www.google.com/maps/@-4.53735822,137.89777034,250m/data=!3m1!1e3"
93848,PAPUA PEGUNUNGAN,KAB. NDUGA,Alama,-4.47049269,137.98085201,88728aa11dfffff,0.0,,0.0,nobody within 5km,5,KOPERASI DESA MERAH PUTIH NOLIT,Nolit,Tidak Ada Lahan,,338.0403747558594,59.45855712890625,10.0,Tree cover,True,True,False,False,True,3,"https://www.google.com/maps/@-4.47049269,137.98085201,250m/data=!3m1!1e3"
93814,PAPUA PEGUNUNGAN,KAB. NDUGA,Nirkuri,-4.12991399,138.38930701,8872886567fffff,0.0,,98.0,<500,5,KOPERASI DESA MERAH PUTIH KOKUJONDUMU,,,,3673.553955078125,236.932373046875,30.0,Grassland,True,False,False,True,True,3,"https://www.google.com/maps/@-4.12991399,138.38930701,250m/data=!3m1!1e3"
93895,PAPUA PEGUNUNGAN,KAB. NDUGA,Mbuwa,-4.14703649,138.51355577,88728b9a67fffff,0.0,,209.0,<500,5,KOPERASI DESA MERAH PUTIH OTALAMA,,,,3657.948974609375,36.757568359375,10.0,Tree cover,True,True,False,False,True,3,"https://www.google.com/maps/@-4.14703649,138.51355577,250m/data=!3m1!1e3"
57291,KEPULAUAN RIAU,KAB. LINGGA,Singkep Selatan,-0.77883609,104.9301551,888c8a8287fffff,0.0,,0.0,nobody within 5km,5,KOPERASI DESA MERAH PUTIH PULAU LALANG,Pulau Lalang,Sedang Diverifikasi,KOPERASI,0.0,0.0,10.0,Tree cover,True,True,False,False,True,3,"https://www.google.com/maps/@-0.77883609,104.9301551,250m/data=!3m1!1e3"
65977,KALIMANTAN UTARA,KAB. BULUNGAN,Tanjung Palas,2.62488866,117.3115231,8868a942e5fffff,0.0,,156.0,<500,5,KOPERASI DESA MERAH PUTIH ANTUTAN,Antutan,Terverifikasi,Agrinas,231.5594482421875,51.3828125,10.0,Tree cover,True,True,False,False,True,3,"https://www.google.com/maps/@2.62488866,117.3115231,250m/data=!3m1!1e3"
17592,KALIMANTAN UTARA,KAB. BULUNGAN,Tanjung Palas Barat,2.64383917,117.2484182,8868a95197fffff,0.0,,41.0,<500,5,KOPERASI DESA MERAH PUTIH MARA HILIR,Mara Hilir,Terverifikasi,Agrinas,165.9608612060547,41.22120666503906,10.0,Tree cover,True,True,False,False,True,3,"https://www.google.com/maps/@2.64383917,117.2484182,250m/data=!3m1!1e3"
61437,KALIMANTAN UTARA,KAB. BULUNGAN,Tanjung Palas Barat,2.85790148,117.1902585,8868a9cf05fffff,0.0,,486.0,<500,5,KOPERASI DESA MERAH PUTIH LONG PARI,,,,76.18226623535156,15.187522888183594,10.0,Tree cover,True,True,False,False,True,3,"https://www.google.com/maps/@2.85790148,117.1902585,250m/data=!3m1!1e3"
62316,KALIMANTAN UTARA,KAB. BULUNGAN,Tanjung Palas Timur,2.45867987,117.7974556,8868a96e13fffff,0.0,,754.0,500-2k,5,KOPERASI DESA MERAH PUTIH MANGKUPADI,Mangkupadi,Terverifikasi,Agrinas,63.807647705078125,24.071231842041016,10.0,Tree cover,True,True,False,False,True,3,"https://www.google.com/maps/@2.45867987,117.7974556,250m/data=!3m1!1e3"
17043,KALIMANTAN UTARA,KAB. MALINAU,Malinau Utara,3.76889066,116.40786,8868add891fffff,0.0,,1.0,<500,5,KOPERASI DESA MERAH PUTIH RESPEN TUBU,Respen Tubu,Terverifikasi,Agrinas,410.6080627441406,54.409820556640625,10.0,Tree cover,True,True,False,False,True,3,"https://www.google.com/maps/@3.76889066,116.40786,250m/data=!3m1!1e3"
12421,KALIMANTAN UTARA,KAB. MALINAU,Kayan Hulu,1.79370789,114.7746159,8868a365e9fffff,0.0,,267.0,<500,5,KOPERASI DESA MERAH PUTIH LONG BETAOH,,,,891.0394287109375,50.616455078125,10.0,Tree cover,True,True,False,False,True,3,"https://www.google.com/maps/@1.79370789,114.7746159,250m/data=!3m1!1e3"
13104,KALIMANTAN UTARA,KAB. MALINAU,Kayan Selatan,1.62345927,115.1368652,8868858dc1fffff,0.0,,133.0,<500,5,KOPERASI DESA MERAH PUTIH SUNGAI BARANG,,,,886.7723388671875,37.32470703125,10.0,Tree cover,True,True,False,False,True,3,"https://www.google.com/maps/@1.62345927,115.1368652,250m/data=!3m1!1e3"
75013,KALIMANTAN UTARA,KAB. MALINAU,Kayan Hilir,1.9250207,115.1322455,886885948bfffff,0.0,,793.0,500-2k,5,KOPERASI DESA MERAH PUTIH LONG METUN,,,,613.449462890625,11.33160400390625,10.0,Tree cover,True,True,False,False,True,3,"https://www.google.com/maps/@1.9250207,115.1322455,250m/data=!3m1!1e3"
17345,KALIMANTAN UTARA,KAB. MALINAU,Sungai Tubu,3.17380003,116.088089,8868ac6701fffff,0.0,,190.0,<500,5,KOPERASI DESA MERAH PUTIH LONG RANAU,,,,753.1795043945312,52.00140380859375,10.0,Tree cover,True,True,False,False,True,3,"https://www.google.com/maps/@3.17380003,116.088089,250m/data=!3m1!1e3"
26931,KALIMANTAN UTARA,KAB. MALINAU,Sungai Tubu,3.01092694,115.9765927,8868ac6aabfffff,0.0,,1.0,<500,5,KOPERASI DESA MERAH PUTIH LONG NYAU,,,,781.498779296875,42.64306640625,10.0,Tree cover,True,True,False,False,True,3,"https://www.google.com/maps/@3.01092694,115.9765927,250m/data=!3m1!1e3"
27097,KALIMANTAN UTARA,KAB. MALINAU,Sungai Tubu,3.33936466,116.2447221,8868ac28d9fffff,0.0,,13.0,<500,5,KOPERASI DESA MERAH PUTIH RIAN TUBU,,,,405.9286193847656,45.397064208984375,10.0,Tree cover,True,True,False,False,True,3,"https://www.google.com/maps/@3.33936466,116.2447221,250m/data=!3m1!1e3"
28131,KALIMANTAN UTARA,KAB. MALINAU,Sungai Boh,1.34925067,115.4885898,88688538dbfffff,0.0,,228.0,<500,5,KOPERASI DESA MERAH PUTIH LONG TOP,,,,759.2615356445312,39.69134521484375,10.0,Tree cover,True,True,False,False,True,3,"https://www.google.com/maps/@1.34925067,115.4885898,250m/data=!3m1!1e3"
83768,KALIMANTAN UTARA,KAB. MALINAU,Pujungan,2.79659387,115.5220308,8868ae85a9fffff,0.0,,140.0,<500,5,KOPERASI DESA MERAH PUTIH LONG BENA,,,,848.7379760742188,59.7659912109375,10.0,Tree cover,True,True,False,False,True,3,"https://www.google.com/maps/@2.79659387,115.5220308,250m/data=!3m1!1e3"
84113,KALIMANTAN UTARA,KAB. MALINAU,Pujungan,2.76465934,115.2638654,8868ae98a1fffff,0.0,,0.0,nobody within 5km,5,KOPERASI DESA MERAH PUTIH LONG LAME,,,,1121.0635986328125,34.2896728515625,10.0,Tree cover,True,True,False,False,True,3,"https://www.google.com/maps/@2.76465934,115.2638654,250m/data=!3m1!1e3"
84153,KALIMANTAN UTARA,KAB. MALINAU,Pujungan,2.44638451,115.4929178,8868ae0061fffff,0.0,,19.0,<500,5,KOPERASI DESA MERAH PUTIH LONG JELET,Long Jelet,Sedang Diverifikasi,KOPERASI,1279.1253662109375,58.933837890625,10.0,Tree cover,True,True,False,False,True,3,"https://www.google.com/maps/@2.44638451,115.4929178,250m/data=!3m1!1e3"
85058,KALIMANTAN UTARA,KAB. MALINAU,Pujungan,2.67312644,115.6682273,8868aeaa2dfffff,0.0,,168.0,<500,5,KOPERASI DESA MERAH PUTIH LONG BELAKA PITAU,Long Belaka Pitau,Sedang Diverifikasi,KEMENTERIAN KESEHATAN,449.35272216796875,59.674835205078125,10.0,Tree cover,True,True,False,False,True,3,"https://www.google.com/maps/@2.67312644,115.6682273,250m/data=!3m1!1e3"
24495,KALIMANTAN UTARA,KAB. TANA TIDUNG,Betayau,3.45275295,116.8751015,8868ad7143fffff,0.0,,596.0,500-2k,5,KOPERASI DESA MERAH PUTIH BEBAKUNG,Bebakung,Sedang Diverifikasi,KEMENTERIAN KESEHATAN,76.18566131591797,54.997581481933594,10.0,Tree cover,True,True,False,False,True,3,"https://www.google.com/maps/@3.45275295,116.8751015,250m/data=!3m1!1e3"
51371,KALIMANTAN UTARA,KAB. NUNUKAN,Tulin Onsoi,4.28181102,116.9589097,88681e48a5fffff,0.0,,120.0,<500,5,KOPERASI DESA MERAH PUTIH TINAMPAK I TULIN ONSOI,,,,82.20762634277344,54.475006103515625,10.0,Tree cover,True,True,False,False,True,3,"https://www.google.com/maps/@4.28181102,116.9589097,250m/data=!3m1!1e3"
71555,KALIMANTAN UTARA,KAB. NUNUKAN,Tulin Onsoi,4.30378612,116.8696287,88681e4b37fffff,0.0,,6.0,<500,5,KOPERASI DESA MERAH PUTIH TINAMPAK II TULIN ONSOI,,,,358.3849182128906,43.5826416015625,10.0,Tree cover,True,True,False,False,True,3,"https://www.google.com/maps/@4.30378612,116.8696287,250m/data=!3m1!1e3"
79000,KALIMANTAN UTARA,KAB. NUNUKAN,Lumbis Hulu,4.18519916,116.173648,8868137a31fffff,0.0,,8.0,<500,5,KOPERASI DESA MERAH PUTIH TUNTULIBING KABUNGOLOR KALISUN MAMASIN,Tuntulibing,Sedang Diverifikasi,PMO,836.422607421875,58.647705078125,10.0,Tree cover,True,True,False,False,True,3,"https://www.google.com/maps/@4.18519916,116.173648,250m/data=!3m1!1e3"
61514,MALUKU,KAB. KEPULAUAN TANIMBAR,Wertamrian,-7.75500164,131.3557913,8894600439fffff,0.0,,5.0,<500,5,KOPERASI DESA MERAH PUTIH ATUBUL DA,Atubul Da,Terverifikasi,KOPERASI,79.29314422607422,28.097190856933594,10.0,Tree cover,True,True,False,False,True,3,"https://www.google.com/maps/@-7.75500164,131.3557913,250m/data=!3m1!1e3"
55092,MALUKU,KAB. KEPULAUAN TANIMBAR,Nirunmas,-7.53681674,131.5703564,889460ac59fffff,0.0,,307.0,<500,5,KOPERASI DESA MERAH PUTIH WATURU,Waturu,Terverifikasi,Agrinas,146.49188232421875,22.103607177734375,10.0,Tree cover,True,True,False,False,True,3,"https://www.google.com/maps/@-7.53681674,131.5703564,250m/data=!3m1!1e3"
64022,MALUKU,KAB. KEPULAUAN TANIMBAR,Kormomolin,-7.58334984,131.5100373,889460af35fffff,0.0,,128.0,<500,5,KOPERASI DESA MERAH PUTIH MEYANO BAB,,,,145.12449645996094,37.67271423339844,10.0,Tree cover,True,True,False,False,True,3,"https://www.google.com/maps/@-7.58334984,131.5100373,250m/data=!3m1!1e3"
40368,MALUKU,KAB. BURU SELATAN,Kepala Madan,-3.41174236,126.1849964,889544c4ebfffff,0.0,,42.0,<500,5,KOPERASI DESA MERAH PUTIH WALBELE,Walbele,Sedang Diverifikasi,KOPERASI,1143.9849853515625,52.182861328125,10.0,Tree cover,True,True,False,False,True,3,"https://www.google.com/maps/@-3.41174236,126.1849964,250m/data=!3m1!1e3"
41466,MALUKU,KAB. KEPULAUAN ARU,Aru Utara Timur Batuley,-5.78855643,134.5955961,8872916e9bfffff,0.0,,586.0,500-2k,5,KOPERASI DESA MERAH PUTIH KOBAMAR,,,,40.37345504760742,9.08542251586914,10.0,Tree cover,True,True,False,False,True,3,"https://www.google.com/maps/@-5.78855643,134.5955961,250m/data=!3m1!1e3"
42052,MALUKU,KAB. KEPULAUAN ARU,Aru Tengah Timur,-6.06006109,134.4978761,88729ed1b9fffff,0.0,,1.0,<500,5,KOPERASI DESA MERAH PUTIH DOSINAMALAU KECAMATAN ARU TENGAH TIMUR,,,,39.9805793762207,10.899253845214844,10.0,Tree cover,True,True,False,False,True,3,"https://www.google.com/maps/@-6.06006109,134.4978761,250m/data=!3m1!1e3"
34419,MALUKU,KAB. KEPULAUAN ARU,Aru Selatan,-6.55576056,134.309716,8872932a93fffff,0.0,,799.0,500-2k,5,KOPERASI DESA MERAH PUTIH DOKA BARAT,Doka Barat,Sedang Diverifikasi,KOPERASI,36.000457763671875,13.644157409667969,10.0,Tree cover,True,True,False,False,True,3,"https://www.google.com/maps/@-6.55576056,134.309716,250m/data=!3m1!1e3"
38889,MALUKU,KAB. KEPULAUAN ARU,Aru Selatan,-6.7585289,134.0971244,887293672dfffff,0.0,,546.0,500-2k,5,KOPERASI DESA MERAH PUTIH NGAIBOR,Ngaibor,Sedang Diverifikasi,KOPERASI,73.47898864746094,25.871017456054688,10.0,Tree cover,True,True,False,False,True,3,"https://www.google.com/maps/@-6.7585289,134.0971244,250m/data=!3m1!1e3"
20317,MALUKU,KAB. KEPULAUAN ARU,Aru Tengah,-6.17701465,134.5459105,88729ec139fffff,0.0,,282.0,<500,5,KOPERASI DESA MERAH PUTIH ALGADANG,Algadang,Sedang Diverifikasi,KOPERASI,33.38142776489258,18.454607009887695,10.0,Tree cover,True,True,False,False,True,3,"https://www.google.com/maps/@-6.17701465,134.5459105,250m/data=!3m1!1e3"
29751,MALUKU,KAB. KEPULAUAN ARU,Aru Tengah,-6.16804346,134.3236323,887293acd7fffff,0.0,,431.0,<500,5,KOPERASI DESA MERAH PUTIH BENJINA ARU TENGAH,Benjina,Sedang Diverifikasi,KOPERASI,37.758209228515625,19.815135955810547,10.0,Tree cover,True,True,False,False,True,3,"https://www.google.com/maps/@-6.16804346,134.3236323,250m/data=!3m1!1e3"
38144,MALUKU,KAB. KEPULAUAN ARU,Aru Tengah,-6.18929578,134.4346318,88729ed9d5fffff,0.0,,282.0,<500,5,KOPERASI DESA MERAH PUTIH IRLOY,Irloy,Sedang Diverifikasi,KOPERASI,26.772994995117188,12.59929084777832,10.0,Tree cover,True,True,False,False,True,3,"https://www.google.com/maps/@-6.18929578,134.4346318,250m/data=!3m1!1e3"
21560,MALUKU,KAB. KEPULAUAN ARU,Aru Selatan Timur,-6.52352457,134.4405369,8872932e89fffff,0.0,,668.0,500-2k,5,KOPERASI DESA MERAH PUTIH GOMAR SUNGAI,Gomar Sungai,Sedang Diverifikasi,KOPERASI,18.31777000427246,12.040839195251465,10.0,Tree cover,True,True,False,False,True,3,"https://www.google.com/maps/@-6.52352457,134.4405369,250m/data=!3m1!1e3"
27647,MALUKU,KAB. KEPULAUAN ARU,Sir-Sir,-5.6170566,134.5836752,8872916619fffff,0.0,,756.0,500-2k,5,KOPERASI DESA MERAH PUTIH LANGHALAU,Langhalau,Sedang Diverifikasi,KOPERASI,64.36445617675781,8.254692077636719,10.0,Tree cover,True,True,False,False,True,3,"https://www.google.com/maps/@-5.6170566,134.5836752,250m/data=!3m1!1e3"
59792,MALUKU,KAB. SERAM BAGIAN TIMUR,Teluk Waru,-3.40241745,130.5559138,88954d8683fffff,0.0,,515.0,500-2k,5,KOPERASI DESA MERAH PUTIH NEGERI SOLANG KECAMATAN TELUK WARU,Solang,Sedang Diverifikasi,KOPERASI,369.3580627441406,33.91729736328125,10.0,Tree cover,True,True,False,False,True,3,"https://www.google.com/maps/@-3.40241745,130.5559138,250m/data=!3m1!1e3"
84217,MALUKU,KAB. SERAM BAGIAN TIMUR,Kilmury,-3.55977503,130.5594,88954dbb03fffff,0.0,,44.0,<500,5,KOPERASI DESA MERAH PUTIH NEGERI KILMURY,Kilmury,Sedang Diverifikasi,KOPERASI,302.5867919921875,53.276336669921875,10.0,Tree cover,True,True,False,False,True,3,"https://www.google.com/maps/@-3.55977503,130.5594,250m/data=!3m1!1e3"
73585,MALUKU,KAB. BURU,Air Buaya,-3.29361399,126.3096175,8895448d2bfffff,0.0,,23.0,<500,5,KOPERASI DESA MERAH PUTIH TANJUNG KARANG KECAMATAN AIRBUAYA,Tanjung Karang,Terverifikasi,BUSINESS ASSISTANCE,1102.1748046875,42.63232421875,10.0,Tree cover,True,True,False,False,True,3,"https://www.google.com/maps/@-3.29361399,126.3096175,250m/data=!3m1!1e3"
49376,SULAWESI TENGGARA,KAB. KONAWE,Latoma,-3.39312992,121.5488838,8895283b3dfffff,0.0,,11.0,<500,5,KOPERASI DESA MERAH PUTIH ANGONGA,Angonga,Sedang Diverifikasi,KOPERASI,2277.084228515625,40.4130859375,10.0,Tree cover,True,True,False,False,True,3,"https://www.google.com/maps/@-3.39312992,121.5488838,250m/data=!3m1!1e3"
83453,SULAWESI TENGGARA,KAB. KONAWE,Latoma,-3.6227432,121.397546,88952871e1fffff,0.0,,9.0,<500,5,KOPERASI KELURAHAN MERAH PUTIH WAWORAHA KECAMATAN LATOMA,,,,1428.78076171875,39.5867919921875,10.0,Tree cover,True,True,False,False,True,3,"https://www.google.com/maps/@-3.6227432,121.397546,250m/data=!3m1!1e3"
24400,SULAWESI TENGGARA,KAB. KONAWE,Routa,-3.06715646,121.6175143,889528aa93fffff,0.0,,317.0,<500,5,KOPERASI DESA MERAH PUTIH TANGGOLA,Tanggola,Sedang Diverifikasi,KOPERASI,505.099853515625,54.74920654296875,10.0,Tree cover,True,True,False,False,True,3,"https://www.google.com/maps/@-3.06715646,121.6175143,250m/data=!3m1!1e3"
27013,SULAWESI TENGGARA,KAB. KONAWE,Routa,-3.10853489,121.7270461,889528ac3bfffff,0.0,,164.0,<500,5,KOPERASI DESA MERAH PUTIH WALANDAWE,,,,815.7421875,36.52069091796875,10.0,Tree cover,True,True,False,False,True,3,"https://www.google.com/maps/@-3.10853489,121.7270461,250m/data=!3m1!1e3"
36252,SULAWESI TENGGARA,KAB. KOLAKA UTARA,Batu Putih,-3.13838298,121.2681713,88952812adfffff,0.0,,610.0,500-2k,5,KOPERASI KELURAHAN MERAH PUTIH BATU PUTIH KECAMATAN BATU PUTIH,Batu Putih,Sedang Diverifikasi,KOPERASI,1499.7735595703125,59.7822265625,10.0,Tree cover,True,True,False,False,True,3,"https://www.google.com/maps/@-3.13838298,121.2681713,250m/data=!3m1!1e3"
23875,SULAWESI TENGGARA,KAB. KONAWE KEPULAUAN,Wawonii Selatan,-4.14560024,123.0949399,8895760811fffff,0.0,,127.0,<500,5,KOPERASI DESA MERAH PUTIH WAWOUSO BARU,,,,652.2841186523438,41.3597412109375,10.0,Tree cover,True,True,False,False,True,3,"https://www.google.com/maps/@-4.14560024,123.0949399,250m/data=!3m1!1e3"
36218,SULAWESI TENGAH,KAB. TOJO UNA UNA,Tojo Barat,-1.61580217,120.9950931,8868d3735dfffff,0.0,,4.0,<500,5,KOPERASI DESA MERAH PUTIH GALUGA,Galuga,Terverifikasi,KOPERASI,1920.5863037109375,58.053955078125,10.0,Tree cover,True,True,False,False,True,3,"https://www.google.com/maps/@-1.61580217,120.9950931,250m/data=!3m1!1e3"
46997,SULAWESI TENGAH,KAB. TOJO UNA UNA,Tojo Barat,-1.53275793,120.9318167,8868d30861fffff,0.0,,378.0,<500,5,KOPERASI DESA MERAH PUTIH MATAKO,Matako,Terverifikasi,KOPERASI,1515.0120849609375,35.9951171875,10.0,Tree cover,True,True,False,False,True,3,"https://www.google.com/maps/@-1.53275793,120.9318167,250m/data=!3m1!1e3"
47210,SULAWESI TENGAH,KAB. POSO,Pamona Utara,-1.7300766,120.844011,8868d34561fffff,0.0,,22.0,<500,5,KOPERASI DESA MERAH PUTIH UELINCU,Uelincu,Terverifikasi,KOPERASI,1026.9649658203125,30.11077880859375,10.0,Tree cover,True,True,False,False,True,3,"https://www.google.com/maps/@-1.7300766,120.844011,250m/data=!3m1!1e3"
62001,SULAWESI TENGAH,KAB. BANGGAI KEPULAUAN,Bulagi,-1.31521425,122.9946903,8868d8471dfffff,0.0,,942.0,500-2k,5,KOPERASI DESA MERAH PUTIH ALUL KECAMATAN BULAGI,Alul,Tidak Ada Lahan,,852.3461303710938,27.6083984375,10.0,Tree cover,True,True,False,False,True,3,"https://www.google.com/maps/@-1.31521425,122.9946903,250m/data=!3m1!1e3"
53598,SULAWESI TENGAH,KAB. MOROWALI UTARA,Mori Utara,-1.78036827,120.9858466,8868d37849fffff,0.0,,135.0,<500,5,KOPERASI DESA MERAH PUTIH MAYUMBA,Mayumba,Terverifikasi,KOPERASI,1439.480224609375,55.6572265625,10.0,Tree cover,True,True,False,False,True,3,"https://www.google.com/maps/@-1.78036827,120.9858466,250m/data=!3m1!1e3"
77597,SULAWESI TENGAH,KAB. MOROWALI UTARA,Mori Atas,-2.19371233,121.0704032,88952ddb61fffff,0.0,,14.0,<500,5,KOPERASI DESA MERAH PUTIH ENSA,Ensa,Terverifikasi,KOPERASI,784.6874389648438,55.98663330078125,10.0,Tree cover,True,True,False,False,True,3,"https://www.google.com/maps/@-2.19371233,121.0704032,250m/data=!3m1!1e3"
82798,SULAWESI TENGAH,KAB. MOROWALI UTARA,Mori Atas,-2.17911487,120.8944394,88952caad1fffff,0.0,,11.0,<500,5,KOPERASI DESA MERAH PUTIH KASINGOLI,Kasingoli,Terverifikasi,KOPERASI,894.1283569335938,14.97723388671875,10.0,Tree cover,True,True,False,False,True,3,"https://www.google.com/maps/@-2.17911487,120.8944394,250m/data=!3m1!1e3"
70769,SULAWESI TENGAH,KAB. MOROWALI,Bahodopi,-2.99477084,122.1191346,889529c753fffff,0.0,,613.0,500-2k,5,KOPERASI DESA MERAH PUTIH PADABAHO,Padabahao,Sedang Diverifikasi,BUSINESS ASSISTANCE,591.001953125,33.416259765625,10.0,Tree cover,True,True,False,False,True,3,"https://www.google.com/maps/@-2.99477084,122.1191346,250m/data=!3m1!1e3"
68462,SULAWESI TENGAH,KAB. MOROWALI,Wita Ponda,-2.4054552,121.5307503,88952d56a5fffff,0.0,,4.0,<500,5,KOPERASI DESA MERAH PUTIH BUMI HARAPAN KECAMATAN WITA PONDA,Bumi Harapan,Terverifikasi,KOPERASI,691.2734375,29.39678955078125,10.0,Tree cover,True,True,False,False,True,3,"https://www.google.com/maps/@-2.4054552,121.5307503,250m/data=!3m1!1e3"
82345,JAMBI,KAB. TANJUNG JABUNG TIMUR,S a d u,-1.52213077,104.3301788,888c88063dfffff,0.0,,589.0,500-2k,5,KOPERASI DESA MERAH PUTIH LABUHAN PERING,Labuhan Pering,Terverifikasi,KOPERASI,25.24669075012207,7.859020233154297,10.0,Tree cover,True,True,False,False,True,3,"https://www.google.com/maps/@-1.52213077,104.3301788,250m/data=!3m1!1e3"
65486,JAMBI,KAB. MUARO JAMBI,Kumpeh,-1.58131537,104.0361233,888c883719fffff,0.0,,88.0,<500,5,KOPERASI DESA MERAH PUTIH PEMATANG RAMAN,Pematang Raman,Tidak Ada Lahan,,27.11471176147461,15.883718490600586,10.0,Tree cover,True,True,False,False,True,3,"https://www.google.com/maps/@-1.58131537,104.0361233,250m/data=!3m1!1e3"
82459,JAMBI,KAB. BATANG HARI,Maro Sebo Ulu,-1.83847789,102.671973,888cd45269fffff,0.0,,82.0,<500,5,KOPERASI DESA MERAH PUTIH BATU SAWAR MARO SEBO ULU,Batu Sawar,Tidak Ada Lahan,,61.902137756347656,22.582767486572266,10.0,Tree cover,True,True,False,False,True,3,"https://www.google.com/maps/@-1.83847789,102.671973,250m/data=!3m1!1e3"
14041,MALUKU UTARA,KOTA TIDORE KEPULAUAN,Oba Tengah,0.58948615,127.6632585,8873905723fffff,0.0,,66.0,<500,5,KOPERASI DESA MERAH PUTIH AKEDOTILOU,,,,990.700927734375,57.1146240234375,10.0,Tree cover,True,True,False,False,True,3,"https://www.google.com/maps/@0.58948615,127.6632585,250m/data=!3m1!1e3"
14319,MALUKU UTARA,KOTA TIDORE KEPULAUAN,Oba Tengah,0.6373329,127.6697862,8873905751fffff,0.0,,54.0,<500,5,KOPERASI DESA MERAH PUTIH AKETOBATU,,,,831.8656005859375,52.8929443359375,10.0,Tree cover,True,True,False,False,True,3,"https://www.google.com/maps/@0.6373329,127.6697862,250m/data=!3m1!1e3"
15975,MALUKU UTARA,KOTA TIDORE KEPULAUAN,Oba Utara,0.68302261,127.7295511,8873901921fffff,0.0,,45.0,<500,5,KOPERASI DESA MERAH PUTIH KUSU,Kusu,Tidak Ada Lahan,,600.7257080078125,41.09112548828125,10.0,Tree cover,True,True,False,False,True,3,"https://www.google.com/maps/@0.68302261,127.7295511,250m/data=!3m1!1e3"
71337,MALUKU UTARA,KAB. HALMAHERA SELATAN,Obi,-1.4673752,127.7802226,88956125d7fffff,0.0,,119.0,<500,5,KOPERASI DESA MERAH PUTIH ANGGAI,Anggai,Sedang Diverifikasi,BUSINESS ASSISTANCE,514.55419921875,39.54302978515625,10.0,Tree cover,True,True,False,False,True,3,"https://www.google.com/maps/@-1.4673752,127.7802226,250m/data=!3m1!1e3"
87107,MALUKU UTARA,KAB. HALMAHERA SELATAN,Obi,1.3411607,127.6306073,8873909357fffff,0.0,,169.0,<500,5,KOPERASI DESA MERAH PUTIH AKEGULA,Akegula,Sedang Diverifikasi,KOPERASI,374.4163818359375,25.933197021484375,10.0,Tree cover,True,True,False,False,True,3,"https://www.google.com/maps/@1.3411607,127.6306073,250m/data=!3m1!1e3"
87015,PAPUA BARAT DAYA,KAB. MAYBRAT,Aifat,-1.17683081,132.5895387,8872b5ba89fffff,0.0,,36.0,<500,5,KOPERASI DESA MERAH PUTIH SIKOF,,,,406.1015625,38.81884765625,10.0,Tree cover,True,True,False,False,True,3,"https://www.google.com/maps/@-1.17683081,132.5895387,250m/data=!3m1!1e3"
83234,PAPUA BARAT DAYA,KAB. MAYBRAT,Mare,-1.01558856,132.2937248,8872b5950dfffff,0.0,,842.0,500-2k,5,KOPERASI DESA MERAH PUTIH NAUW KAMPUNG NAFASI DISTRIK MARE KABUPATEN MAYBRAT,,,,386.0807800292969,23.508758544921875,10.0,Tree cover,True,True,False,False,True,3,"https://www.google.com/maps/@-1.01558856,132.2937248,250m/data=!3m1!1e3"
84844,PAPUA BARAT DAYA,KAB. MAYBRAT,Mare,-1.023085,132.3308392,8872b59517fffff,0.0,,670.0,500-2k,5,KOPERASI DESA MERAH PUTIH EKOM KAMPUNG KOMBIF DISTRIK MARE KABUPATEN MAYBRAT,,,,406.1721496582031,24.28839111328125,10.0,Tree cover,True,True,False,False,True,3,"https://www.google.com/maps/@-1.023085,132.3308392,250m/data=!3m1!1e3"
85484,PAPUA BARAT DAYA,KAB. MAYBRAT,Mare,-1.01558856,132.2937248,8872b5950dfffff,0.0,,842.0,500-2k,5,KOPERASI DESA MERAH PUTIH MAYOR SIBAT KAMPUNG NAFASI DISTRIK MARE KABUPATEN MAYBRAT,,,,386.0807800292969,23.508758544921875,10.0,Tree cover,True,True,False,False,True,3,"https://www.google.com/maps/@-1.01558856,132.2937248,250m/data=!3m1!1e3"
86985,PAPUA BARAT DAYA,KAB. MAYBRAT,Aifat Selatan,-1.5822733,132.5835862,8872b50533fffff,0.0,,32.0,<500,5,KOPERASI DESA MERAH PUTIH KAMPUNG AWET MAIN,Awet Main,Sedang Diverifikasi,BUSINESS ASSISTANCE,168.34918212890625,18.976226806640625,10.0,Tree cover,True,True,False,False,True,3,"https://www.google.com/maps/@-1.5822733,132.5835862,250m/data=!3m1!1e3"
87127,PAPUA BARAT DAYA,KAB. MAYBRAT,Aifat Selatan,-1.65522854,132.5320645,8872b50c41fffff,0.0,,48.0,<500,5,KOPERASI DESA MERAH PUTIH KAMPUNG TOLAK,Tolak,Sedang Diverifikasi,BUSINESS ASSISTANCE,94.06890106201172,23.36663055419922,10.0,Tree cover,True,True,False,False,True,3,"https://www.google.com/maps/@-1.65522854,132.5320645,250m/data=!3m1!1e3"
87546,PAPUA BARAT DAYA,KAB. MAYBRAT,Aifat Selatan,-1.52297734,132.47533378,8872b502a7fffff,0.0,,69.0,<500,5,KOPERASI DESA MERAH PUTIH KAMPUNG KRUS,Krus,Sedang Diverifikasi,BUSINESS ASSISTANCE,91.55039978027344,22.544723510742188,10.0,Tree cover,True,True,False,False,True,3,"https://www.google.com/maps/@-1.52297734,132.47533378,250m/data=!3m1!1e3"
87585,PAPUA BARAT DAYA,KAB. MAYBRAT,Aifat Timur Selatan,-1.69759921,132.42935955,8872b508c7fffff,0.0,,627.0,500-2k,5,KOPERASI DESA MERAH PUTIH KAMPUNG WOMBA,Womba,Sedang Diverifikasi,KOPERASI,46.9046516418457,16.98896026611328,10.0,Tree cover,True,True,False,False,True,3,"https://www.google.com/maps/@-1.69759921,132.42935955,250m/data=!3m1!1e3"
88188,PAPUA BARAT DAYA,KAB. MAYBRAT,Aifat Timur Selatan,-1.69056723,132.47856926,8872b50f27fffff,0.0,,32.0,<500,5,KOPERASI DESA MERAH PUTIH WORMU,Wormu,Sedang Diverifikasi,KOPERASI,66.5223388671875,23.98358917236328,10.0,Tree cover,True,True,False,False,True,3,"https://www.google.com/maps/@-1.69056723,132.47856926,250m/data=!3m1!1e3"
88819,PAPUA BARAT DAYA,KAB. MAYBRAT,Aifat Timur,-1.78809258,132.6943942,8872b574cdfffff,0.0,,276.0,<500,5,KOPERASI DESA MERAH PUTIH KAMPUNG BUOH SA,Buoh Sa,Sedang Diverifikasi,KOPERASI,65.29354095458984,6.279045104980469,10.0,Tree cover,True,True,False,False,True,3,"https://www.google.com/maps/@-1.78809258,132.6943942,250m/data=!3m1!1e3"
90250,PAPUA BARAT DAYA,KAB. MAYBRAT,Aifat Timur,-1.42594248,132.653031,8872b5a9e5fffff,0.0,,738.0,500-2k,5,KOPERASI DESA MERAH PUTIH KAMPUNG AIKRER,Aikrer,Sedang Diverifikasi,KOPERASI,112.80192565917969,17.025253295898438,10.0,Tree cover,True,True,False,False,True,3,"https://www.google.com/maps/@-1.42594248,132.653031,250m/data=!3m1!1e3"
88625,PAPUA BARAT DAYA,KAB. SORONG,Buk,-1.53503232,131.73422107,8872b4ac85fffff,0.0,,66.0,<500,5,KOPERASI DESA MERAH PUTIH KAMPUNG MIMPE,Mimpe,Sedang Diverifikasi,KOPERASI,25.043560028076172,9.371564865112305,10.0,Tree cover,True,True,False,False,True,3,"https://www.google.com/maps/@-1.53503232,131.73422107,250m/data=!3m1!1e3"
88284,PAPUA BARAT DAYA,KAB. SORONG,Botain,-1.5552669,131.76257528,8872b4acb7fffff,0.0,,84.0,<500,5,KOPERASI DESA MERAH PUTIH KLAYASTANI,Klayastani,Tidak Ada Lahan,,23.693737030029297,10.429899215698242,95.0,Mangrove,True,True,False,False,True,3,"https://www.google.com/maps/@-1.5552669,131.76257528,250m/data=!3m1!1e3"
89646,PAPUA BARAT DAYA,KAB. SORONG,Klayili,-0.8748781,131.61569878,88739b46ddfffff,0.0,,421.0,<500,5,KOPERASI DESA MERAH PUTIH KLAWULUH,,,,97.28836822509766,17.8931884765625,10.0,Tree cover,True,True,False,False,True,3,"https://www.google.com/maps/@-0.8748781,131.61569878,250m/data=!3m1!1e3"
89200,PAPUA BARAT DAYA,KAB. SORONG,Sayosa,-0.92957503,131.73612214,88739b7005fffff,0.0,,410.0,<500,5,KOPERASI DESA MERAH PUTIH SAYOSA,,,,246.5212860107422,45.78666687011719,10.0,Tree cover,True,True,False,False,True,3,"https://www.google.com/maps/@-0.92957503,131.73612214,250m/data=!3m1!1e3"
91941,PAPUA BARAT DAYA,KAB. SORONG,Sayosa,-0.98766222,131.6960404,88739b7129fffff,0.0,,688.0,500-2k,5,KOPERASI DESA MERAH PUTIH KLAIN KECAMATAN SAYOSA,,,,131.12205505371094,18.64112091064453,10.0,Tree cover,True,True,False,False,True,3,"https://www.google.com/maps/@-0.98766222,131.6960404,250m/data=!3m1!1e3"
90521,PAPUA BARAT DAYA,KAB. SORONG,Sayosa Timur,-0.9385705,131.90528534,88739b75cdfffff,0.0,,299.0,<500,5,KOPERASI DESA MERAH PUTIH KLAWANA KECAMATAN SAYOSA TIMUR,,,,146.6383056640625,27.685760498046875,10.0,Tree cover,True,True,False,False,True,3,"https://www.google.com/maps/@-0.9385705,131.90528534,250m/data=!3m1!1e3"
89486,PAPUA BARAT DAYA,KAB. SORONG,Salawati Selatan,-1.18534962,130.89744395,88739a66a1fffff,0.0,,146.0,<500,5,KOPERASI DESA MERAH PUTIH MASMASPOP,Masmapop,Sedang Diverifikasi,KOPERASI,41.092254638671875,22.9041805267334,10.0,Tree cover,True,True,False,False,True,3,"https://www.google.com/maps/@-1.18534962,130.89744395,250m/data=!3m1!1e3"
89892,PAPUA BARAT DAYA,KAB. SORONG,Salawati Selatan,-1.13661461,130.75931195,88739a75e9fffff,0.0,,42.0,<500,5,KOPERASI DESA MERAH PUTIH DULBATAN,Dulbatan,Sedang Diverifikasi,BUSINESS ASSISTANCE,39.32331466674805,28.856773376464844,10.0,Tree cover,True,True,False,False,True,3,"https://www.google.com/maps/@-1.13661461,130.75931195,250m/data=!3m1!1e3"
85961,PAPUA BARAT DAYA,KAB. RAJA AMPAT,Waigeo Selatan,-0.27616009,130.6002203,8873984911fffff,0.0,,217.0,<500,5,KOPERASI DESA MERAH PUTIH WAWIYAI,,,,58.81996536254883,53.01897048950195,10.0,Tree cover,True,True,False,False,True,3,"https://www.google.com/maps/@-0.27616009,130.6002203,250m/data=!3m1!1e3"
50395,PAPUA BARAT DAYA,KAB. RAJA AMPAT,Tiplol Mayalibit,-0.11194296,130.5959237,8873985891fffff,0.0,,378.0,<500,5,KOPERASI DESA MERAH PUTIH KABILOL,,,,30.906461715698242,43.06453323364258,10.0,Tree cover,True,True,False,False,True,3,"https://www.google.com/maps/@-0.11194296,130.5959237,250m/data=!3m1!1e3"
55285,PAPUA BARAT DAYA,KAB. RAJA AMPAT,Teluk Mayalibit,-0.20370816,130.8803696,887398794dfffff,0.0,,322.0,<500,5,KOPERASI DESA MERAH PUTIH KALITOKO,,,,144.16139221191406,52.448272705078125,10.0,Tree cover,True,True,False,False,True,3,"https://www.google.com/maps/@-0.20370816,130.8803696,250m/data=!3m1!1e3"
87649,PAPUA BARAT DAYA,KAB. RAJA AMPAT,Waigeo Barat Kepulauan,-0.73594439,130.14120352,88739ac019fffff,0.0,,2.0,<500,5,KOPERASI DESA MERAH PUTIH PAM,Pam,Tidak Ada Lahan,,1.1291104555130005,12.546712875366211,10.0,Tree cover,True,True,False,False,True,3,"https://www.google.com/maps/@-0.73594439,130.14120352,250m/data=!3m1!1e3"
87721,PAPUA BARAT DAYA,KAB. RAJA AMPAT,Kepulauan Sembilan,-1.44074433,130.14977017,8895698635fffff,0.0,,181.0,<500,5,KOPERASI DESA MERAH PUTIH PULAU TIKUS,,,,7.798925399780273,10.156121253967285,95.0,Mangrove,True,True,False,False,True,3,"https://www.google.com/maps/@-1.44074433,130.14977017,250m/data=!3m1!1e3"
93042,PAPUA BARAT DAYA,KAB. RAJA AMPAT,Kepulauan Ayau,-4.61902475,139.25968425,88728b2351fffff,0.0,,595.0,500-2k,5,KOPERASI DESA MERAH PUTIH RUTUM,Rutum,Tidak Ada Lahan,,256.5085144042969,26.463027954101562,10.0,Tree cover,True,True,False,False,True,3,"https://www.google.com/maps/@-4.61902475,139.25968425,250m/data=!3m1!1e3"
93714,PAPUA BARAT DAYA,KAB. RAJA AMPAT,Waigeo Timur,-0.27886761,131.0945657,8873986abdfffff,0.0,,308.0,<500,5,KOPERASI DESA MERAH PUTIH YENSNER,,,,46.212467193603516,18.84358024597168,10.0,Tree cover,True,True,False,False,True,3,"https://www.google.com/maps/@-0.27886761,131.0945657,250m/data=!3m1!1e3"
93057,PAPUA BARAT DAYA,KAB. RAJA AMPAT,Waigeo Barat,-0.14756385,130.22979382,88739e28c1fffff,0.0,,622.0,500-2k,5,KOPERASI DESA MERAH PUTIH SELPELE,Selpele,Tidak Ada Lahan,,0.0,0.0,80.0,Water,True,True,False,False,True,3,"https://www.google.com/maps/@-0.14756385,130.22979382,250m/data=!3m1!1e3"
93717,PAPUA BARAT DAYA,KAB. RAJA AMPAT,Misool Selatan,-2.24838297,130.59727966,8872b69311fffff,0.0,,0.0,nobody within 5km,5,KOPERASI DESA MERAH PUTIH YELLU,Yellu,Sedang Diverifikasi,BUSINESS ASSISTANCE,150.54507446289062,31.8321533203125,10.0,Tree cover,True,True,False,False,True,3,"https://www.google.com/maps/@-2.24838297,130.59727966,250m/data=!3m1!1e3"
64655,PAPUA BARAT DAYA,KAB. SORONG SELATAN,Konda,-1.62466402,131.9794449,8872b5c8e9fffff,0.0,,931.0,500-2k,5,KOPERASI DESA MERAH PUTIH KAMPUNG KONDA,,,,16.76536750793457,5.381275177001953,10.0,Tree cover,True,True,False,False,True,3,"https://www.google.com/maps/@-1.62466402,131.9794449,250m/data=!3m1!1e3"
82148,PAPUA BARAT DAYA,KAB. SORONG SELATAN,Konda,-1.61030896,132.0829631,8872b5cd5bfffff,0.0,,448.0,<500,5,KOPERASI DESA MERAH PUTIH KAMPUNG BARIAT,,,,12.44332218170166,22.012741088867188,95.0,Mangrove,True,True,False,False,True,3,"https://www.google.com/maps/@-1.61030896,132.0829631,250m/data=!3m1!1e3"
89245,PAPUA BARAT DAYA,KAB. SORONG SELATAN,Kokoda Utara,-1.94757413,132.59167951,8872b56009fffff,0.0,,406.0,<500,5,KOPERASI DESA MERAH PUTIH BUBUKO,,,,26.640310287475586,7.124065399169922,10.0,Tree cover,True,True,False,False,True,3,"https://www.google.com/maps/@-1.94757413,132.59167951,250m/data=!3m1!1e3"
90415,PAPUA BARAT DAYA,KAB. SORONG SELATAN,Kokoda Utara,-1.97886833,132.48047433,8872b578c7fffff,0.0,,630.0,500-2k,5,KOPERASI DESA MERAH PUTIH ADONA,,,,18.633249282836914,5.294605255126953,10.0,Tree cover,True,True,False,False,True,3,"https://www.google.com/maps/@-1.97886833,132.48047433,250m/data=!3m1!1e3"
90798,PAPUA BARAT DAYA,KAB. SORONG SELATAN,Kokoda Utara,-1.8769713,132.56834955,8872b56243fffff,0.0,,39.0,<500,5,KOPERASI DESA MERAH PUTIH KAMUNDAN DUA,,,,35.453163146972656,6.3752288818359375,10.0,Tree cover,True,True,False,False,True,3,"https://www.google.com/maps/@-1.8769713,132.56834955,250m/data=!3m1!1e3"
73251,PAPUA BARAT DAYA,KAB. SORONG SELATAN,Kais Darat,-1.67842526,132.3265966,8872b50b0bfffff,0.0,,181.0,<500,5,KOPERASI DESA MERAH PUTIH KAMPUNG SIRANGGO,Siranggo,Tidak Ada Lahan,,51.25886535644531,17.69588851928711,10.0,Tree cover,True,True,False,False,True,3,"https://www.google.com/maps/@-1.67842526,132.3265966,250m/data=!3m1!1e3"
84496,PAPUA BARAT DAYA,KAB. SORONG SELATAN,Kais Darat,-1.66503589,132.2273525,8872b55613fffff,0.0,,584.0,500-2k,5,KOPERASI DESA MERAH PUTIH KAMPUNG MOGATEMIN,,,,27.197345733642578,13.088661193847656,10.0,Tree cover,True,True,False,False,True,3,"https://www.google.com/maps/@-1.66503589,132.2273525,250m/data=!3m1!1e3"
81565,PAPUA BARAT DAYA,KAB. SORONG SELATAN,Inanwatan,-2.1514044,132.292241,8872b0b0d3fffff,0.0,,741.0,500-2k,5,KOPERASI DESA MERAH PUTIH KAMPUNG ISOGO,,,,22.29877471923828,7.857551574707031,10.0,Tree cover,True,True,False,False,True,3,"https://www.google.com/maps/@-2.1514044,132.292241,250m/data=!3m1!1e3"
87108,PAPUA BARAT DAYA,KAB. SORONG SELATAN,Saifi,-1.54657704,131.8516424,8872b5d98dfffff,0.0,,676.0,500-2k,5,KOPERASI DESA MERAH PUTIH KAMPUNG SAYAL,,,,23.907360076904297,16.43659210205078,10.0,Tree cover,True,True,False,False,True,3,"https://www.google.com/maps/@-1.54657704,131.8516424,250m/data=!3m1!1e3"
88530,PAPUA BARAT DAYA,KAB. SORONG SELATAN,Kokoda,-2.12576085,132.61996248,8872b56895fffff,0.0,,145.0,<500,5,KOPERASI DESA MERAH PUTIH KAMPUNG DAIMAR,Daimar,Tidak Ada Lahan,,26.80669593811035,12.343490600585938,10.0,Tree cover,True,True,False,False,True,3,"https://www.google.com/maps/@-2.12576085,132.61996248,250m/data=!3m1!1e3"
89846,PAPUA BARAT DAYA,KAB. SORONG SELATAN,Kais,-1.89465404,132.00688122,8872b55857fffff,0.0,,365.0,<500,5,KOPERASI DESA MERAH PUTIH KAMPUNG YAHADIAN,,,,25.429105758666992,9.267406463623047,10.0,Tree cover,True,True,False,False,True,3,"https://www.google.com/maps/@-1.89465404,132.00688122,250m/data=!3m1!1e3"
87612,PAPUA BARAT DAYA,KAB. TAMBRAUW,Tinggouw,-0.74073949,132.66131594,8872a64709fffff,0.0,,37.0,<500,5,KOPERASI DESA MERAH PUTIH KAMPUNG TINGGOUW,,,,1115.90380859375,55.4842529296875,10.0,Tree cover,True,True,False,False,True,3,"https://www.google.com/maps/@-0.74073949,132.66131594,250m/data=!3m1!1e3"
93469,PAPUA BARAT DAYA,KAB. TAMBRAUW,Senopi,-0.72855861,132.88448205,8872a67009fffff,0.0,,80.0,<500,5,KOPERASI DESA MERAH PUTIH IFAT MITU,,,,878.3890380859375,33.856689453125,10.0,Tree cover,True,True,False,False,True,3,"https://www.google.com/maps/@-0.72855861,132.88448205,250m/data=!3m1!1e3"
90598,PAPUA BARAT DAYA,KAB. TAMBRAUW,Ases,-0.90979509,132.34703058,8872b59611fffff,0.0,,616.0,500-2k,5,KOPERASI DESA MERAH PUTIH ASES,,,,419.7186584472656,22.6165771484375,10.0,Tree cover,True,True,False,False,True,3,"https://www.google.com/maps/@-0.90979509,132.34703058,250m/data=!3m1!1e3"
89919,PAPUA BARAT DAYA,KAB. TAMBRAUW,Kebar Selatan,-1.10420587,133.26902805,8872a2d6b7fffff,0.0,,41.0,<500,5,KOPERASI DESA MERAH PUTIH MUTURI,,,,1388.537109375,54.1448974609375,10.0,Tree cover,True,True,False,False,True,3,"https://www.google.com/maps/@-1.10420587,133.26902805,250m/data=!3m1!1e3"
92174,PAPUA TENGAH,KAB. PANIAI,Paniai Timur,-3.88982217,136.60200252,88728ecf53fffff,0.0,,0.0,nobody within 5km,5,KOPERASI DESA MERAH PUTIH KAMPUNG AGUMAIDA,Agumaida,Sedang Diverifikasi,BUSINESS ASSISTANCE,2595.166748046875,55.88916015625,10.0,Tree cover,True,True,False,False,True,3,"https://www.google.com/maps/@-3.88982217,136.60200252,250m/data=!3m1!1e3"
90166,PAPUA TENGAH,KAB. PANIAI,Wegee Muka,-3.91261959,136.58897267,88728ecf01fffff,0.0,,0.0,nobody within 5km,5,KOPERASI DESA MERAH PUTIH KAMPUNG GEKO DISTRIK WEGEE MUKA,Geko,Sedang Diverifikasi,BUSINESS ASSISTANCE,2351.671142578125,25.332275390625,10.0,Tree cover,True,True,False,False,True,3,"https://www.google.com/maps/@-3.91261959,136.58897267,250m/data=!3m1!1e3"
91541,PAPUA TENGAH,KAB. PANIAI,Wegee Muka,-3.94654425,136.65274702,88728ecc23fffff,0.0,,112.0,<500,5,KOPERASI DESA MERAH PUTIH KAMPUNG WOUBUTU,Woubutu,Sedang Diverifikasi,BUSINESS ASSISTANCE,3172.9541015625,43.5322265625,10.0,Tree cover,True,True,False,False,True,3,"https://www.google.com/maps/@-3.94654425,136.65274702,250m/data=!3m1!1e3"
90085,PAPUA TENGAH,KAB. PANIAI,Aradide,-3.87340473,136.66040223,88728ecee9fffff,0.0,,0.0,nobody within 5km,5,KOPERASI DESA MERAH PUTIH KAMPUNG BAGUWO,Baguwo,Terverifikasi,BUSINESS ASSISTANCE,3246.789306640625,26.1630859375,10.0,Tree cover,True,True,False,False,True,3,"https://www.google.com/maps/@-3.87340473,136.66040223,250m/data=!3m1!1e3"
18774,PAPUA TENGAH,KAB. MIMIKA,Mimika Baru,-4.6340799,137.2338725,88728ac26dfffff,0.0,,0.0,nobody within 5km,5,KOPERASI KELURAHAN MERAH PUTIH WANAGON,Wanagon,Tidak Ada Lahan,,35.6900749206543,10.06129264831543,10.0,Tree cover,True,True,False,False,True,3,"https://www.google.com/maps/@-4.6340799,137.2338725,250m/data=!3m1!1e3"
86001,PAPUA TENGAH,KAB. MIMIKA,Mimika Baru,-4.6155538,137.0496698,88729da5dbfffff,0.0,,0.0,nobody within 5km,5,KOPERASI DESA MERAH PUTIH NAYARO,Nayaro,Tidak Ada Lahan,,40.19357681274414,15.513177871704102,10.0,Tree cover,True,True,False,False,True,3,"https://www.google.com/maps/@-4.6155538,137.0496698,250m/data=!3m1!1e3"
45075,PAPUA TENGAH,KAB. MIMIKA,Mimika Barat Tengah,-4.35114621,135.8925205,887283703bfffff,0.0,,0.0,nobody within 5km,5,KOPERASI DESA MERAH PUTIH AKAR DISTRIK MIMIKA BARAT TENGAH,,,,238.4993438720703,52.03279113769531,10.0,Tree cover,True,True,False,False,True,3,"https://www.google.com/maps/@-4.35114621,135.8925205,250m/data=!3m1!1e3"
68866,PAPUA TENGAH,KAB. MIMIKA,Mimika Barat Tengah,-4.3793559,135.80121,8872837169fffff,0.0,,348.0,<500,5,KOPERASI DESA MERAH PUTIH KAPIRAYA,,,,213.50843811035156,45.205047607421875,10.0,Tree cover,True,True,False,False,True,3,"https://www.google.com/maps/@-4.3793559,135.80121,250m/data=!3m1!1e3"
46607,PAPUA TENGAH,KAB. MIMIKA,Tembagapura,-4.43281011,137.2558459,88728e6c37fffff,0.0,,0.0,nobody within 5km,5,KOPERASI DESA MERAH PUTIH DOLININGOKNGIN,Doliningokngin,Tidak Ada Lahan,,424.5108337402344,50.435638427734375,10.0,Tree cover,True,True,False,False,True,3,"https://www.google.com/maps/@-4.43281011,137.2558459,250m/data=!3m1!1e3"
57113,PAPUA TENGAH,KAB. MIMIKA,Tembagapura,-4.43792559,137.1264179,88728e68c7fffff,0.0,,0.0,nobody within 5km,5,KOPERASI DESA MERAH PUTIH BEANEGOGOM,Banigogom,Tidak Ada Lahan,,293.5407409667969,27.692901611328125,10.0,Tree cover,True,True,False,False,True,3,"https://www.google.com/maps/@-4.43792559,137.1264179,250m/data=!3m1!1e3"
86551,PAPUA TENGAH,KAB. MIMIKA,Mimika Tengah,-4.66920014,136.57982563,88729d8c89fffff,0.0,,575.0,500-2k,5,KOPERASI DESA MERAH PUTIH AIKAWAPUKA,Aikawapuka,Tidak Ada Lahan,,9.245991706848145,4.928865432739258,10.0,Tree cover,True,True,False,False,True,3,"https://www.google.com/maps/@-4.66920014,136.57982563,250m/data=!3m1!1e3"
86206,PAPUA TENGAH,KAB. MIMIKA,Mimika Barat,-4.39731088,136.31229384,88729d9055fffff,0.0,,0.0,nobody within 5km,5,KOPERASI DESA MERAH PUTIH MIMIKA,Mimika,Tidak Ada Lahan,,33.84744644165039,8.52708625793457,10.0,Tree cover,True,True,False,False,True,3,"https://www.google.com/maps/@-4.39731088,136.31229384,250m/data=!3m1!1e3"
86208,PAPUA TENGAH,KAB. MIMIKA,Mimika Barat,-4.43444481,136.50612108,88729d95d7fffff,0.0,,0.0,nobody within 5km,5,KOPERASI DESA MERAH PUTIH KIURA,Kiura,Tidak Ada Lahan,,20.363101959228516,8.785593032836914,10.0,Tree cover,True,True,False,False,True,3,"https://www.google.com/maps/@-4.43444481,136.50612108,250m/data=!3m1!1e3"
86210,PAPUA TENGAH,KAB. MIMIKA,Mimika Barat,-4.39584157,136.14879991,88728366edfffff,0.0,,679.0,500-2k,5,KOPERASI DESA MERAH PUTIH APARUKA,Aparuka,Tidak Ada Lahan,,27.948078155517578,11.289007186889648,10.0,Tree cover,True,True,False,False,True,3,"https://www.google.com/maps/@-4.39584157,136.14879991,250m/data=!3m1!1e3"
40583,PAPUA TENGAH,KAB. MIMIKA,Agimuga,-4.52402775,137.5314742,88728a883bfffff,0.0,,0.0,nobody within 5km,5,KOPERASI DESA MERAH PUTIH KILIARMA,Kiliarma,Tidak Ada Lahan,,104.75446319580078,22.524993896484375,10.0,Tree cover,True,True,False,False,True,3,"https://www.google.com/maps/@-4.52402775,137.5314742,250m/data=!3m1!1e3"
49446,PAPUA TENGAH,KAB. MIMIKA,Agimuga,-4.57618074,137.3985119,88728ad4a7fffff,0.0,,0.0,nobody within 5km,5,KOPERASI DESA MERAH PUTIH EMKOMA HALAMA,Emkoma Halama,Tidak Ada Lahan,,63.80918502807617,12.144412994384766,10.0,Tree cover,True,True,False,False,True,3,"https://www.google.com/maps/@-4.57618074,137.3985119,250m/data=!3m1!1e3"
71541,PAPUA TENGAH,KAB. MIMIKA,Agimuga,-4.52141957,137.7402634,88728a1649fffff,0.0,,0.0,nobody within 5km,5,KOPERASI DESA MERAH PUTIH EMOGOMA,Emogoma,Tidak Ada Lahan,,244.8572998046875,53.66813659667969,10.0,Tree cover,True,True,False,False,True,3,"https://www.google.com/maps/@-4.52141957,137.7402634,250m/data=!3m1!1e3"
84939,PAPUA TENGAH,KAB. MIMIKA,Agimuga,-4.6164852,137.78631455,88728a1407fffff,0.0,,0.0,nobody within 5km,5,KOPERASI DESA MERAH PUTIH HINAT UNTUNG,Hinat Untung,Tidak Ada Lahan,,58.223388671875,17.55908966064453,10.0,Tree cover,True,True,False,False,True,3,"https://www.google.com/maps/@-4.6164852,137.78631455,250m/data=!3m1!1e3"
26946,PAPUA TENGAH,KAB. MIMIKA,Amar,-4.5329262,136.1965207,88729d9b51fffff,0.0,,0.0,nobody within 5km,5,KOPERASI DESA MERAH PUTIH AMAR,Amar,Tidak Ada Lahan,,19.447650909423828,11.36935806274414,10.0,Tree cover,True,True,False,False,True,3,"https://www.google.com/maps/@-4.5329262,136.1965207,250m/data=!3m1!1e3"
26966,PAPUA TENGAH,KAB. MIMIKA,Amar,-4.54589587,136.3438669,88729d8321fffff,0.0,,0.0,nobody within 5km,5,KOPERASI DESA MERAH PUTIH PARIPI,Paripi,Tidak Ada Lahan,,30.56337547302246,14.272163391113281,10.0,Tree cover,True,True,False,False,True,3,"https://www.google.com/maps/@-4.54589587,136.3438669,250m/data=!3m1!1e3"
45007,PAPUA TENGAH,KAB. MIMIKA,Amar,-4.56165132,136.2795283,88729d9813fffff,0.0,,0.0,nobody within 5km,5,KOPERASI DESA MERAH PUTIH IPIRI,Ipiri,Tidak Ada Lahan,,0.0,28.410640716552734,10.0,Tree cover,True,True,False,False,True,3,"https://www.google.com/maps/@-4.56165132,136.2795283,250m/data=!3m1!1e3"
46191,PAPUA TENGAH,KAB. MIMIKA,Alama,-4.41406202,137.790252,88728abb5bfffff,0.0,,0.0,nobody within 5km,5,KOPERASI DESA MERAH PUTIH BEMOKI,Bemoki,Tidak Ada Lahan,,995.16650390625,55.621337890625,10.0,Tree cover,True,True,False,False,True,3,"https://www.google.com/maps/@-4.41406202,137.790252,250m/data=!3m1!1e3"
39340,PAPUA TENGAH,KAB. MIMIKA,Jita,-4.89133601,137.5643626,88728a5691fffff,0.0,,18.0,<500,5,KOPERASI DESA MERAH PUTIH BULUMEN,,,,11.017183303833008,16.506866455078125,95.0,Mangrove,True,True,False,False,True,3,"https://www.google.com/maps/@-4.89133601,137.5643626,250m/data=!3m1!1e3"
39341,PAPUA TENGAH,KAB. MIMIKA,Jita,-5.11405797,137.6705866,88728a7a49fffff,0.0,,56.0,<500,5,KOPERASI DESA MERAH PUTIH WACAKAM,,,,0.0,22.104806900024414,95.0,Mangrove,True,True,False,False,True,3,"https://www.google.com/maps/@-5.11405797,137.6705866,250m/data=!3m1!1e3"
45086,PAPUA TENGAH,KAB. MIMIKA,Jita,-4.78600963,137.6020982,88728a18c1fffff,0.0,,89.0,<500,5,KOPERASI DESA MERAH PUTIH NOEMA,Noema,Tidak Ada Lahan,,35.75531768798828,32.75541687011719,10.0,Tree cover,True,True,False,False,True,3,"https://www.google.com/maps/@-4.78600963,137.6020982,250m/data=!3m1!1e3"
45096,PAPUA TENGAH,KAB. MIMIKA,Jita,-4.75491813,137.7382448,88728a001dfffff,0.0,,0.0,nobody within 5km,5,KOPERASI DESA MERAH PUTIH KANMAPIRI,,,,36.124794006347656,15.666145324707031,10.0,Tree cover,True,True,False,False,True,3,"https://www.google.com/maps/@-4.75491813,137.7382448,250m/data=!3m1!1e3"
50084,PAPUA TENGAH,KAB. MIMIKA,Jita,-5.08666535,137.5191307,88728a40d3fffff,0.0,,0.0,nobody within 5km,5,KOPERASI DESA MERAH PUTIH SUMAPRO,Sumapro,Tidak Ada Lahan,,0.0,26.302034378051758,80.0,Water,True,True,False,False,True,3,"https://www.google.com/maps/@-5.08666535,137.5191307,250m/data=!3m1!1e3"
53931,PAPUA TENGAH,KAB. MIMIKA,Jita,-4.78642562,137.8742669,88728a0517fffff,0.0,,0.0,nobody within 5km,5,KOPERASI DESA MERAH PUTIH JAITAK,,,,30.324935913085938,13.06441879272461,10.0,Tree cover,True,True,False,False,True,3,"https://www.google.com/maps/@-4.78642562,137.8742669,250m/data=!3m1!1e3"
67204,PAPUA TENGAH,KAB. MIMIKA,Mimika Timur Jauh,-4.85743314,136.9753252,88729d3769fffff,0.0,,227.0,<500,5,KOPERASI DESA MERAH PUTIH OMAWITA,Omawita,Tidak Ada Lahan,,0.0,18.93773651123047,95.0,Mangrove,True,True,False,False,True,3,"https://www.google.com/maps/@-4.85743314,136.9753252,250m/data=!3m1!1e3"
86215,PAPUA TENGAH,KAB. MIMIKA,Mimika Timur Jauh,-4.7398325,136.9679093,88729dac1dfffff,0.0,,244.0,<500,5,KOPERASI DESA MERAH PUTIH AYUKA,Ayuka,Tidak Ada Lahan,,8.032172203063965,1.5536985397338867,10.0,Tree cover,True,True,False,False,True,3,"https://www.google.com/maps/@-4.7398325,136.9679093,250m/data=!3m1!1e3"
86222,PAPUA TENGAH,KAB. MIMIKA,Mimika Barat Jauh,-4.27911037,135.50529867,8872835087fffff,0.0,,59.0,<500,5,KOPERASI DESA MERAH PUTIH YAPKOKA,,,,533.6840209960938,49.839752197265625,10.0,Tree cover,True,True,False,False,True,3,"https://www.google.com/maps/@-4.27911037,135.50529867,250m/data=!3m1!1e3"
86228,PAPUA TENGAH,KAB. MIMIKA,Mimika Barat Jauh,-4.37479085,135.27867581,88728225a5fffff,0.0,,0.0,nobody within 5km,5,KOPERASI DESA MERAH PUTIH AINDUA,,,,24.0071964263916,9.815677642822266,10.0,Tree cover,True,True,False,False,True,3,"https://www.google.com/maps/@-4.37479085,135.27867581,250m/data=!3m1!1e3"
75751,PAPUA TENGAH,KAB. PUNCAK,Dervos,-3.23002,137.0820485,88728c4a8dfffff,0.0,,769.0,500-2k,5,KOPERASI DESA MERAH PUTIH KORDESI,,,,499.6202087402344,51.00628662109375,10.0,Tree cover,True,True,False,False,True,3,"https://www.google.com/maps/@-3.23002,137.0820485,250m/data=!3m1!1e3"
78752,PAPUA TENGAH,KAB. PUNCAK,Beoga Barat,-3.8227895,137.3083177,88728e3005fffff,0.0,,401.0,<500,5,KOPERASI DESA MERAH PUTIH NUNGAI,,,,2389.694091796875,40.670166015625,10.0,Tree cover,True,True,False,False,True,3,"https://www.google.com/maps/@-3.8227895,137.3083177,250m/data=!3m1!1e3"
72364,PAPUA TENGAH,KAB. PUNCAK,Erelmakawia,-4.09594649,137.6243133,8872885961fffff,0.0,,0.0,nobody within 5km,5,KOPERASI DESA MERAH PUTIH AMUNGKONIN,,,,3416.948974609375,55.307373046875,10.0,Tree cover,True,True,False,False,True,3,"https://www.google.com/maps/@-4.09594649,137.6243133,250m/data=!3m1!1e3"
72878,PAPUA TENGAH,KAB. PUNCAK,Erelmakawia,-4.1290957,137.5896306,88728a9645fffff,0.0,,223.0,<500,5,KOPERASI DESA MERAH PUTIH ERELMAKAWIA,,,,2543.58740234375,57.9599609375,10.0,Tree cover,True,True,False,False,True,3,"https://www.google.com/maps/@-4.1290957,137.5896306,250m/data=!3m1!1e3"
77260,PAPUA TENGAH,KAB. PUNCAK,Lambewi,-3.86995072,138.0102876,887288094dfffff,0.0,,18.0,<500,5,KOPERASI DESA MERAH PUTIH PILUWOLU,,,,3310.3505859375,47.1640625,10.0,Tree cover,True,True,False,False,True,3,"https://www.google.com/maps/@-3.86995072,138.0102876,250m/data=!3m1!1e3"
80799,PAPUA TENGAH,KAB. PUNCAK,Agandugume,-4.02047849,137.8383373,8872884063fffff,0.0,,364.0,<500,5,KOPERASI DESA MERAH PUTIH DUGUNALE,,,,3169.8056640625,31.38623046875,10.0,Tree cover,True,True,False,False,True,3,"https://www.google.com/maps/@-4.02047849,137.8383373,250m/data=!3m1!1e3"
79719,PAPUA TENGAH,KAB. PUNCAK,Bina,-3.56897564,137.55705931,887288dac1fffff,0.0,,0.0,nobody within 5km,5,KOPERASI DESA MERAH PUTIH KAMPUNG BINA,,,,2353.257080078125,175.10546875,30.0,Grassland,True,False,False,True,True,3,"https://www.google.com/maps/@-3.56897564,137.55705931,250m/data=!3m1!1e3"
80232,PAPUA TENGAH,KAB. PUNCAK,Bina,-3.52206545,137.5916205,887288d1cdfffff,0.0,,0.0,nobody within 5km,5,KOPERASI DESA MERAH PUTIH MAMAPUT,,,,1800.79833984375,249.091552734375,30.0,Grassland,True,False,False,True,True,3,"https://www.google.com/maps/@-3.52206545,137.5916205,250m/data=!3m1!1e3"
85761,PAPUA TENGAH,KAB. PUNCAK,Omukia,-3.98246406,137.4709845,88728e20a7fffff,0.0,,445.0,<500,5,KOPERASI DESA MERAH PUTIH DOMAOA,,,,3102.600830078125,51.591064453125,10.0,Tree cover,True,True,False,False,True,3,"https://www.google.com/maps/@-3.98246406,137.4709845,250m/data=!3m1!1e3"
82878,PAPUA TENGAH,KAB. PUNCAK,Amungkalpia,-4.05173265,137.7899272,8872884145fffff,0.0,,276.0,<500,5,KOPERASI DESA MERAH PUTIH OMPLIGA,,,,3646.428466796875,34.494384765625,10.0,Tree cover,True,True,False,False,True,3,"https://www.google.com/maps/@-4.05173265,137.7899272,250m/data=!3m1!1e3"
83491,PAPUA TENGAH,KAB. PUNCAK,Doufo,-3.37810332,137.4011875,88728eb499fffff,0.0,,0.0,nobody within 5km,5,KOPERASI DESA MERAH PUTIH WAHUKA,,,,211.89686584472656,13.987808227539062,10.0,Tree cover,True,True,False,False,True,3,"https://www.google.com/maps/@-3.37810332,137.4011875,250m/data=!3m1!1e3"
85907,PAPUA TENGAH,KAB. PUNCAK,Doufo,-3.19817784,137.4397611,88728c7ab7fffff,0.0,,581.0,500-2k,5,KOPERASI DESA MERAH PUTIH LANI KABUPATEN PUNCAK,,,,107.44265747070312,6.303367614746094,10.0,Tree cover,True,True,False,False,True,3,"https://www.google.com/maps/@-3.19817784,137.4397611,250m/data=!3m1!1e3"
64340,PAPUA TENGAH,KAB. NABIRE,Napan,-3.12287649,136.0337066,88728156adfffff,0.0,,1.0,<500,5,KOPERASI DESA MERAH PUTIH KAMPUNG NAPAN,,,,29.484909057617188,5.855779647827148,10.0,Tree cover,True,True,False,False,True,3,"https://www.google.com/maps/@-3.12287649,136.0337066,250m/data=!3m1!1e3"
66774,PAPUA TENGAH,KAB. NABIRE,Siriwo,-3.19500568,136.257035,8872817201fffff,0.0,,2.0,<500,5,KOPERASI DESA MERAH PUTIH KAMPUNG MABOU,,,,386.796142578125,53.836334228515625,10.0,Tree cover,True,True,False,False,True,3,"https://www.google.com/maps/@-3.19500568,136.257035,250m/data=!3m1!1e3"
68246,PAPUA TENGAH,KAB. NABIRE,Dipa,-3.7688605,135.6584235,8872838abdfffff,0.0,,5.0,<500,5,KOPERASI DESA MERAH PUTIH KAMPUNG JIGIKEBO,,,,1045.1810302734375,31.058349609375,10.0,Tree cover,True,True,False,False,True,3,"https://www.google.com/maps/@-3.7688605,135.6584235,250m/data=!3m1!1e3"
55238,PAPUA TENGAH,KAB. NABIRE,Wapoga,-2.94230263,136.2279259,8872810237fffff,0.0,,23.0,<500,5,KOPERASI DESA MERAH PUTIH KAMPUNG KAMARISANO,Kamarisano,Tidak Ada Lahan,,23.909406661987305,20.362634658813477,10.0,Tree cover,True,True,False,False,True,3,"https://www.google.com/maps/@-2.94230263,136.2279259,250m/data=!3m1!1e3"
93632,PAPUA TENGAH,KAB. DEIYAI,Bowobado,-4.27503271,136.34413945,8872832d5bfffff,0.0,,0.0,nobody within 5km,5,KOPERASI DESA MERAH PUTIH KAMPUNG DIITA,,,,258.2148742675781,50.66839599609375,10.0,Tree cover,True,True,False,False,True,3,"https://www.google.com/maps/@-4.27503271,136.34413945,250m/data=!3m1!1e3"
91406,PAPUA TENGAH,KAB. DEIYAI,Kapiraya,-4.25884366,136.23093007,8872832aa1fffff,0.0,,0.0,nobody within 5km,5,KOPERASI DESA MERAH PUTIH KAMPUNG UWE ONAGEI,,,,419.1239929199219,52.161041259765625,10.0,Tree cover,True,True,False,False,True,3,"https://www.google.com/maps/@-4.25884366,136.23093007,250m/data=!3m1!1e3"
93548,PAPUA TENGAH,KAB. DEIYAI,Kapiraya,-4.2831377,136.05478619,887283745bfffff,0.0,,19.0,<500,5,KOPERASI DESA MERAH PUTIH KAMPUNG MOGODAGI,,,,237.07754516601562,55.582122802734375,10.0,Tree cover,True,True,False,False,True,3,"https://www.google.com/maps/@-4.2831377,136.05478619,250m/data=!3m1!1e3"
78777,PAPUA TENGAH,KAB. INTAN JAYA,Tomosiga,-3.34430194,136.7423171,88728e903bfffff,0.0,,69.0,<500,5,KOPERASI DESA MERAH PUTIH JIBASIGA KAMPUNG GAIMIGI,,,,1247.6220703125,44.810791015625,10.0,Tree cover,True,True,False,False,True,3,"https://www.google.com/maps/@-3.34430194,136.7423171,250m/data=!3m1!1e3"
88916,PAPUA TENGAH,KAB. INTAN JAYA,Homeyo,-3.84342611,136.79658686,88728e1a07fffff,0.0,,0.0,nobody within 5km,5,KOPERASI DESA MERAH PUTIH KAMPUNG BUBISIGA,,,,2730.576904296875,35.40673828125,10.0,Tree cover,True,True,False,False,True,3,"https://www.google.com/maps/@-3.84342611,136.79658686,250m/data=!3m1!1e3"
88650,PAPUA TENGAH,KAB. INTAN JAYA,Agisiga,-3.38887547,137.20588376,88728eb0cbfffff,0.0,,134.0,<500,5,KOPERASI DESA MERAH PUTIH KAMPUNG TAMBAGE,,,,217.93821716308594,36.78428649902344,10.0,Tree cover,True,True,False,False,True,3,"https://www.google.com/maps/@-3.38887547,137.20588376,250m/data=!3m1!1e3"
89970,PAPUA TENGAH,KAB. INTAN JAYA,Agisiga,-3.3201978,137.15162272,88728eb25bfffff,0.0,,134.0,<500,5,KOPERASI DESA MERAH PUTIH KUPIA KAMPUNG JENETAPA JANASIGA,,,,159.44821166992188,9.627456665039062,10.0,Tree cover,True,True,False,False,True,3,"https://www.google.com/maps/@-3.3201978,137.15162272,250m/data=!3m1!1e3"
80682,PAPUA TENGAH,KAB. PUNCAK JAYA,Fawi,-3.13737368,137.5782741,88728c62c7fffff,0.0,,476.0,<500,5,KOPERASI DESA MERAH PUTIH KAMPUNG BAKUSI,,,,89.97724914550781,7.111686706542969,10.0,Tree cover,True,True,False,False,True,3,"https://www.google.com/maps/@-3.13737368,137.5782741,250m/data=!3m1!1e3"
90311,PAPUA TENGAH,KAB. PUNCAK JAYA,Fawi,-3.35544115,137.50787465,88728c6815fffff,0.0,,0.0,nobody within 5km,5,KOPERASI DESA MERAH PUTIH KAMPUNG YEREI,,,,88.10816192626953,7.8963470458984375,10.0,Tree cover,True,True,False,False,True,3,"https://www.google.com/maps/@-3.35544115,137.50787465,250m/data=!3m1!1e3"
90643,PAPUA TENGAH,KAB. PUNCAK JAYA,Dagai,-3.06867544,138.03889896,887288963bfffff,0.0,,12.0,<500,5,KOPERASI DESA MERAH PUTIH KAMPUNG DEIDE,,,,64.89752960205078,14.47711181640625,10.0,Tree cover,True,True,False,False,True,3,"https://www.google.com/maps/@-3.06867544,138.03889896,250m/data=!3m1!1e3"
88700,PAPUA TENGAH,KAB. PUNCAK JAYA,Tingginambut,-3.85889335,138.10717937,88728808e5fffff,0.0,,18.0,<500,5,KOPERASI DESA MERAH PUTIH KAMPUNG JUGUMBLAWI,,,,3285.7041015625,41.7041015625,10.0,Tree cover,True,True,False,False,True,3,"https://www.google.com/maps/@-3.85889335,138.10717937,250m/data=!3m1!1e3"
89732,PAPUA TENGAH,KAB. PUNCAK JAYA,Tingginambut,-3.86590641,138.17449905,8872880d61fffff,0.0,,93.0,<500,5,KOPERASI DESA MERAH PUTIH KAMPUNG MONIA,,,,3059.0048828125,36.34912109375,10.0,Tree cover,True,True,False,False,True,3,"https://www.google.com/maps/@-3.86590641,138.17449905,250m/data=!3m1!1e3"
88229,PAPUA TENGAH,KAB. DOGIYAI,Mapia Barat,-4.18290009,135.74865049,8872830849fffff,0.0,,120.0,<500,5,KOPERASI DESA MERAH PUTIH MAIKOTU,,,,1880.872314453125,56.02734375,10.0,Tree cover,True,True,False,False,True,3,"https://www.google.com/maps/@-4.18290009,135.74865049,250m/data=!3m1!1e3"
88696,PAPUA TENGAH,KAB. DOGIYAI,Sukikai Selatan,-3.98009274,135.09221708,887282ae8dfffff,0.0,,0.0,nobody within 5km,5,KOPERASI DESA MERAH PUTIH WIGOUMAKIDA,,,,43.38470458984375,10.458553314208984,10.0,Tree cover,True,True,False,False,True,3,"https://www.google.com/maps/@-3.98009274,135.09221708,250m/data=!3m1!1e3"
90630,PAPUA TENGAH,KAB. DOGIYAI,Sukikai Selatan,-4.03106677,135.3813836,887283c1e9fffff,0.0,,74.0,<500,5,KOPERASI DESA MERAH PUTIH UNITO,,,,1195.167724609375,49.042236328125,10.0,Tree cover,True,True,False,False,True,3,"https://www.google.com/maps/@-4.03106677,135.3813836,250m/data=!3m1!1e3"
45436,KALIMANTAN SELATAN,KAB. HULU SUNGAI TENGAH,Batang Alai Timur,-2.55633615,115.7122288,88689840b9fffff,0.0,,284.0,<500,5,KOPERASI DESA MERAH PUTIH MUARA HUNGI,Muara Hungi,Tidak Ada Lahan,,620.9906616210938,41.885498046875,10.0,Tree cover,True,True,False,False,True,3,"https://www.google.com/maps/@-2.55633615,115.7122288,250m/data=!3m1!1e3"
92661,PAPUA,KAB. BIAK NUMFOR,Warsa,-6.22367148,139.80852531,889cde2525fffff,0.0,,619.0,500-2k,5,KOPERASI DESA MERAH PUTIH KAMPUNG DIANO,,,,41.6291389465332,26.30644416809082,10.0,Tree cover,True,True,False,False,True,3,"https://www.google.com/maps/@-6.22367148,139.80852531,250m/data=!3m1!1e3"
92412,PAPUA,KAB. BIAK NUMFOR,Biak Barat,-6.25577328,139.97961671,889cde2149fffff,0.0,,10.0,<500,5,KOPERASI DESA MERAH PUTIH KAMPUNG DEDIFU,Dedifu,Tidak Ada Lahan,,56.09309768676758,14.583023071289062,10.0,Tree cover,True,True,False,False,True,3,"https://www.google.com/maps/@-6.25577328,139.97961671,250m/data=!3m1!1e3"
85917,PAPUA,KAB. KEEROM,Skanto,-2.88904222,140.48967001,8872d48433fffff,0.0,,47.0,<500,5,KOPERASI DESA MERAH PUTIH KAMPUNG SKANTO,Skanto,Sedang Diverifikasi,KOPERASI,438.5649108886719,55.19415283203125,10.0,Tree cover,True,True,False,False,True,3,"https://www.google.com/maps/@-2.88904222,140.48967001,250m/data=!3m1!1e3"
59656,PAPUA,KAB. KEEROM,Arso,-2.97787265,140.6192837,8872d4b8cbfffff,0.0,,169.0,<500,5,KOPERASI DESA MERAH PUTIH KAMPUNG SAWANAWA,Sawanawa,Sedang Diverifikasi,KOPERASI,304.30230712890625,32.91314697265625,10.0,Tree cover,True,True,False,False,True,3,"https://www.google.com/maps/@-2.97787265,140.6192837,250m/data=!3m1!1e3"
88358,PAPUA,KAB. KEEROM,Arso,-3.08648562,140.5716386,8872d41699fffff,0.0,,110.0,<500,5,KOPERASI DESA MERAH PUTIH KAMPUNG SAWABUUN,Sawabuun,Tidak Ada Lahan,,525.1197509765625,38.51019287109375,10.0,Tree cover,True,True,False,False,True,3,"https://www.google.com/maps/@-3.08648562,140.5716386,250m/data=!3m1!1e3"
38732,PAPUA,KAB. KEEROM,Waris,-3.23468091,140.848855,8872d430d1fffff,0.0,,556.0,500-2k,5,KOPERASI DESA MERAH PUTIH KAMPUNG KALIFAM,Kalifam,Sedang Diverifikasi,KOPERASI,394.9390563964844,34.310211181640625,10.0,Tree cover,True,True,False,False,True,3,"https://www.google.com/maps/@-3.23468091,140.848855,250m/data=!3m1!1e3"
40786,PAPUA,KAB. KEEROM,Waris,-3.15666883,140.7894776,8872d4ad29fffff,0.0,,265.0,<500,5,KOPERASI DESA MERAH PUTIH KAMPUNG AMPAS,Ampas,Sedang Diverifikasi,KOPERASI,264.12139892578125,25.96417236328125,10.0,Tree cover,True,True,False,False,True,3,"https://www.google.com/maps/@-3.15666883,140.7894776,250m/data=!3m1!1e3"
57270,PAPUA,KAB. KEEROM,Yaffi,-3.53660197,140.8456894,8872d42815fffff,0.0,,317.0,<500,5,KOPERASI DESA MERAH PUTIH KAMPUNG JIFANGGRY,Jifanggry,Sedang Diverifikasi,KOPERASI,332.8742980957031,44.653228759765625,10.0,Tree cover,True,True,False,False,True,3,"https://www.google.com/maps/@-3.53660197,140.8456894,250m/data=!3m1!1e3"
57272,PAPUA,KAB. KEEROM,Yaffi,-3.42471922,140.9581147,8872d42e4bfffff,0.0,,448.0,<500,5,KOPERASI DESA MERAH PUTIH KAMPUNG YABANDA,Yabanda,Sedang Diverifikasi,KOPERASI,378.4088439941406,34.445220947265625,10.0,Tree cover,True,True,False,False,True,3,"https://www.google.com/maps/@-3.42471922,140.9581147,250m/data=!3m1!1e3"
59662,PAPUA,KAB. KEEROM,Senggi,-3.48226888,140.6014591,8872d40d9bfffff,0.0,,329.0,<500,5,KOPERASI DESA MERAH PUTIH KAMPUNG WALEY,Waley,Sedang Diverifikasi,KOPERASI,229.64195251464844,5.230255126953125,10.0,Tree cover,True,True,False,False,True,3,"https://www.google.com/maps/@-3.48226888,140.6014591,250m/data=!3m1!1e3"
59667,PAPUA,KAB. KEEROM,Senggi,-3.58520494,140.6886091,8872d475d9fffff,0.0,,166.0,<500,5,KOPERASI DESA MERAH PUTIH KAMPUNG NAMLA,Namla,Sedang Diverifikasi,Koperasi,244.18621826171875,11.365036010742188,10.0,Tree cover,True,True,False,False,True,3,"https://www.google.com/maps/@-3.58520494,140.6886091,250m/data=!3m1!1e3"
59669,PAPUA,KAB. KEEROM,Senggi,-3.30326544,140.6023688,8872d40421fffff,0.0,,0.0,nobody within 5km,5,KOPERASI DESA MERAH PUTIH KAMPUNG SENGGI,Senggi,Sedang Diverifikasi,KOPERASI,317.6916809082031,35.35211181640625,10.0,Tree cover,True,True,False,False,True,3,"https://www.google.com/maps/@-3.30326544,140.6023688,250m/data=!3m1!1e3"
83363,PAPUA,KAB. KEEROM,Kaisenar,-3.8536042,140.46896755,8872d46b0dfffff,0.0,,807.0,500-2k,5,KOPERASI DESA MERAH PUTIH KAMPUNG KIAMBRA,,,,261.7679138183594,58.581146240234375,10.0,Tree cover,True,True,False,False,True,3,"https://www.google.com/maps/@-3.8536042,140.46896755,250m/data=!3m1!1e3"
88359,PAPUA,KAB. KEEROM,Kaisenar,-4.04760969,140.54358424,8872d6a4abfffff,0.0,,734.0,500-2k,5,KOPERASI DESA MERAH PUTIH KAMPUNG LIKET,,,,238.36514282226562,31.247451782226562,10.0,Tree cover,True,True,False,False,True,3,"https://www.google.com/maps/@-4.04760969,140.54358424,250m/data=!3m1!1e3"
88342,PAPUA,KAB. KEEROM,Arso Timur,-3.05467319,140.96272866,8872d5db11fffff,0.0,,459.0,<500,5,KOPERASI DESA MERAH PUTIH KAMPUNG KIBAY,Kibay,Sedang Diverifikasi,KOPERASI,491.94378662109375,30.450958251953125,10.0,Tree cover,True,True,False,False,True,3,"https://www.google.com/maps/@-3.05467319,140.96272866,250m/data=!3m1!1e3"
51231,PAPUA,KOTA JAYAPURA,Muara Tami,-2.73641498,140.9581114,8872f36a3bfffff,0.0,,746.0,500-2k,5,KOPERASI DESA MERAH PUTIH MOSSO KECAMATAN MUARA TAMI,Mosso,Sedang Diverifikasi,PMO,308.3770751953125,56.52410888671875,10.0,Tree cover,True,True,False,False,True,3,"https://www.google.com/maps/@-2.73641498,140.9581114,250m/data=!3m1!1e3"
42420,PAPUA,KAB. JAYAPURA,Kaureh,-3.18621667,140.1718819,8872d4c443fffff,0.0,,40.0,<500,5,KOPERASI DESA MERAH PUTIH LAPUA,,,,220.5311279296875,5.1705322265625,10.0,Tree cover,True,True,False,False,True,3,"https://www.google.com/maps/@-3.18621667,140.1718819,250m/data=!3m1!1e3"
82535,PAPUA,KAB. JAYAPURA,Kaureh,-3.32063782,139.7768125,8872d4d965fffff,0.0,,0.0,nobody within 5km,5,KOPERASI DESA MERAH PUTIH KAMPUNG SEBUM,,,,206.0369415283203,33.31437683105469,10.0,Tree cover,True,True,False,False,True,3,"https://www.google.com/maps/@-3.32063782,139.7768125,250m/data=!3m1!1e3"
82537,PAPUA,KAB. JAYAPURA,Kaureh,-3.14536289,139.65070271,887289a0d1fffff,0.0,,19.0,<500,5,KOPERASI DESA MERAH PUTIH UMBRON,,,,202.12303161621094,39.965362548828125,10.0,Tree cover,True,True,False,False,True,3,"https://www.google.com/maps/@-3.14536289,139.65070271,250m/data=!3m1!1e3"
48240,PAPUA,KAB. JAYAPURA,Airu,-3.71721166,140.33387153,8872d44e91fffff,0.0,,212.0,<500,5,KOPERASI DESA MERAH PUTIH MUARA NAWA,Muara Nawa,Sedang Diverifikasi,KOPERASI,271.7653503417969,48.88868713378906,10.0,Tree cover,True,True,False,False,True,3,"https://www.google.com/maps/@-3.71721166,140.33387153,250m/data=!3m1!1e3"
53857,PAPUA,KAB. JAYAPURA,Airu,-3.62711382,140.2446565,8872d440d3fffff,0.0,,228.0,<500,5,KOPERASI DESA MERAH PUTIH HULU ATAS,,,,248.71424865722656,48.934661865234375,10.0,Tree cover,True,True,False,False,True,3,"https://www.google.com/maps/@-3.62711382,140.2446565,250m/data=!3m1!1e3"
86740,PAPUA,KAB. JAYAPURA,Airu,-3.48632406,140.28192123,8872d45489fffff,0.0,,49.0,<500,5,KOPERASI DESA MERAH PUTIH AURINA,,,,675.7548828125,34.81475830078125,10.0,Tree cover,True,True,False,False,True,3,"https://www.google.com/maps/@-3.48632406,140.28192123,250m/data=!3m1!1e3"
88885,PAPUA,KAB. WAROPEN,Inggerus,-2.87354859,136.56950638,88728132edfffff,0.0,,35.0,<500,5,KOPERASI DESA MERAH PUTIH FIRO,Firo,Sedang Diverifikasi,BUSINESS ASSISTANCE,307.272705078125,45.655242919921875,10.0,Tree cover,True,True,False,False,True,3,"https://www.google.com/maps/@-2.87354859,136.56950638,250m/data=!3m1!1e3"
90545,PAPUA,KAB. WAROPEN,Inggerus,-2.75599416,136.46463158,887281a859fffff,0.0,,197.0,<500,5,KOPERASI DESA MERAH PUTIH OTODEMO,,,,78.4981689453125,37.75810241699219,10.0,Tree cover,True,True,False,False,True,3,"https://www.google.com/maps/@-2.75599416,136.46463158,250m/data=!3m1!1e3"
90169,PAPUA,KAB. WAROPEN,Oudate,-2.58273511,136.43891076,887281b1bdfffff,0.0,,90.0,<500,5,KOPERASI DESA MERAH PUTIH OIBOA,,,,58.316864013671875,16.869335174560547,10.0,Tree cover,True,True,False,False,True,3,"https://www.google.com/maps/@-2.58273511,136.43891076,250m/data=!3m1!1e3"
89008,PAPUA,KAB. WAROPEN,Risei Sayati,-2.41968605,136.66197903,8872aa6b49fffff,0.0,,17.0,<500,5,KOPERASI DESA MERAH PUTIH AIMASI KECAMATAN RISEI SAYATI,,,,139.9182586669922,53.06596374511719,10.0,Tree cover,True,True,False,False,True,3,"https://www.google.com/maps/@-2.41968605,136.66197903,250m/data=!3m1!1e3"
90524,PAPUA,KAB. WAROPEN,Risei Sayati,-2.55536187,136.72862182,887281a68bfffff,0.0,,2.0,<500,5,KOPERASI DESA MERAH PUTIH GHAIWARU,,,,278.7667541503906,45.99853515625,10.0,Tree cover,True,True,False,False,True,3,"https://www.google.com/maps/@-2.55536187,136.72862182,250m/data=!3m1!1e3"
90586,PAPUA,KAB. WAROPEN,Risei Sayati,-2.67492352,136.75093571,88728cda6bfffff,0.0,,2.0,<500,5,KOPERASI DESA MERAH PUTIH GHAIWANDO,Ghaiwando,Tidak Ada Lahan,,544.9158325195312,54.79864501953125,10.0,Tree cover,True,True,False,False,True,3,"https://www.google.com/maps/@-2.67492352,136.75093571,250m/data=!3m1!1e3"
88814,PAPUA,KAB. WAROPEN,Wonti,-2.47241634,136.73985379,8872aa682bfffff,0.0,,12.0,<500,5,KOPERASI DESA MERAH PUTIH MOYUFURI,Moyufuri,Sedang Diverifikasi,BUSINESS ASSISTANCE,418.1354675292969,56.066864013671875,10.0,Tree cover,True,True,False,False,True,3,"https://www.google.com/maps/@-2.47241634,136.73985379,250m/data=!3m1!1e3"
88816,PAPUA,KAB. WAROPEN,Wonti,-2.76548577,136.78432586,88728cd827fffff,0.0,,1.0,<500,5,KOPERASI DESA MERAH PUTIH BORUMEI,Borumei,Sedang Diverifikasi,BUSINESS ASSISTANCE,307.8817138671875,44.620758056640625,10.0,Tree cover,True,True,False,False,True,3,"https://www.google.com/maps/@-2.76548577,136.78432586,250m/data=!3m1!1e3"
89080,PAPUA,KAB. WAROPEN,Kirihi,-2.95014407,136.82737006,8872812657fffff,0.0,,0.0,nobody within 5km,5,KOPERASI DESA MERAH PUTIH DIROU,,,,401.9746398925781,53.435791015625,10.0,Tree cover,True,True,False,False,True,3,"https://www.google.com/maps/@-2.95014407,136.82737006,250m/data=!3m1!1e3"
90518,PAPUA,KAB. WAROPEN,Kirihi,-3.11124544,137.09411078,88728c4047fffff,0.0,,981.0,500-2k,5,KOPERASI DESA MERAH PUTIH FOIRA,,,,130.31602478027344,30.073516845703125,10.0,Tree cover,True,True,False,False,True,3,"https://www.google.com/maps/@-3.11124544,137.09411078,250m/data=!3m1!1e3"
90578,PAPUA,KAB. WAROPEN,Kirihi,-3.00678903,137.22877392,88728c54a7fffff,0.0,,325.0,<500,5,KOPERASI DESA MERAH PUTIH DAIRI,,,,121.1103286743164,11.103706359863281,10.0,Tree cover,True,True,False,False,True,3,"https://www.google.com/maps/@-3.00678903,137.22877392,250m/data=!3m1!1e3"
90673,PAPUA,KAB. WAROPEN,Kirihi,-2.88999452,137.07791409,88728ccd89fffff,0.0,,1.0,<500,5,KOPERASI DESA MERAH PUTIH ARU ANTU,,,,243.5399627685547,46.389801025390625,10.0,Tree cover,True,True,False,False,True,3,"https://www.google.com/maps/@-2.88999452,137.07791409,250m/data=!3m1!1e3"
90780,PAPUA,KAB. WAROPEN,Kirihi,-3.15768097,137.01577353,88728c5883fffff,0.0,,765.0,500-2k,5,KOPERASI DESA MERAH PUTIH KAWARI KECAMATAN KIRIHI,,,,124.59817504882812,8.263328552246094,10.0,Tree cover,True,True,False,False,True,3,"https://www.google.com/maps/@-3.15768097,137.01577353,250m/data=!3m1!1e3"
86967,PAPUA,KAB. SARMI,Bonggo,-3.16232058,139.3969444,887289b841fffff,0.0,,3.0,<500,5,KOPERASI DESA MERAH PUTIH ROTEA,,,,84.73820495605469,7.500160217285156,10.0,Tree cover,True,True,False,False,True,3,"https://www.google.com/maps/@-3.16232058,139.3969444,250m/data=!3m1!1e3"
87581,PAPUA,KAB. SARMI,Bonggo,-3.1072243,139.33917721,887289859dfffff,0.0,,0.0,nobody within 5km,5,KOPERASI DESA MERAH PUTIH KRIM PODENA,,,,92.99061584472656,4.642791748046875,10.0,Tree cover,True,True,False,False,True,3,"https://www.google.com/maps/@-3.1072243,139.33917721,250m/data=!3m1!1e3"
87609,PAPUA,KAB. SARMI,Bonggo,-2.87941497,139.56128564,8872f24ce9fffff,0.0,,6.0,<500,5,KOPERASI DESA MERAH PUTIH TETOM,,,,209.26856994628906,34.14695739746094,10.0,Tree cover,True,True,False,False,True,3,"https://www.google.com/maps/@-2.87941497,139.56128564,250m/data=!3m1!1e3"
87783,PAPUA,KAB. SARMI,Bonggo,-3.09533512,139.46175976,887289b1e5fffff,0.0,,0.0,nobody within 5km,5,KOPERASI DESA MERAH PUTIH KIREN,,,,104.36714935302734,25.68921661376953,10.0,Tree cover,True,True,False,False,True,3,"https://www.google.com/maps/@-3.09533512,139.46175976,250m/data=!3m1!1e3"
88053,PAPUA,KAB. SARMI,Bonggo Timur,-2.39862468,139.90540036,8872f204e5fffff,0.0,,646.0,500-2k,5,KOPERASI DESA MERAH PUTIH KAPITIAU,,,,12.853387832641602,7.9297990798950195,10.0,Tree cover,True,True,False,False,True,3,"https://www.google.com/maps/@-2.39862468,139.90540036,250m/data=!3m1!1e3"
89938,PAPUA,KAB. SARMI,Pantai Timur Bagian Barat,-2.3520007,139.05060771,8872f2db03fffff,0.0,,70.0,<500,5,KOPERASI DESA MERAH PUTIH NENGKE DUA,Nengke Dua,Sedang Diverifikasi,KOPERASI,84.47831726074219,6.845726013183594,10.0,Tree cover,True,True,False,False,True,3,"https://www.google.com/maps/@-2.3520007,139.05060771,250m/data=!3m1!1e3"
90502,PAPUA,KAB. SARMI,Pantai Barat,-1.82644491,138.19375498,8872ab2105fffff,0.0,,69.0,<500,5,KOPERASI DESA MERAH PUTIH KAPESO DISTRIK PANTAI BARAT,,,,37.28937911987305,17.539722442626953,10.0,Tree cover,True,True,False,False,True,3,"https://www.google.com/maps/@-1.82644491,138.19375498,250m/data=!3m1!1e3"
89819,PAPUA,KAB. SARMI,Tor Atas,-2.26400371,138.79457653,88728da33bfffff,0.0,,505.0,500-2k,5,KOPERASI DESA MERAH PUTIH TOGANTO,,,,130.3621368408203,42.942787170410156,10.0,Tree cover,True,True,False,False,True,3,"https://www.google.com/maps/@-2.26400371,138.79457653,250m/data=!3m1!1e3"
89367,PAPUA,KAB. SARMI,Pantai Timur,-3.08012787,139.24863667,8872898549fffff,0.0,,0.0,nobody within 5km,5,KOPERASI DESA MERAH PUTIH ANSUDU DUA,,,,94.03070831298828,10.864547729492188,10.0,Tree cover,True,True,False,False,True,3,"https://www.google.com/maps/@-3.08012787,139.24863667,250m/data=!3m1!1e3"
91556,PAPUA,KAB. SARMI,Pantai Timur,-3.04888823,139.17691704,88728982abfffff,0.0,,184.0,<500,5,KOPERASI DESA MERAH PUTIH SUNUM,,,,86.70594024658203,5.110389709472656,10.0,Tree cover,True,True,False,False,True,3,"https://www.google.com/maps/@-3.04888823,139.17691704,250m/data=!3m1!1e3"
90320,PAPUA,KAB. SARMI,Apawer Hulu,-1.91337567,138.21628135,8872ab281bfffff,0.0,,126.0,<500,5,KOPERASI DESA MERAH PUTIH BINA DISTRIK APAWER HULU,,,,120.40586853027344,49.2703857421875,10.0,Tree cover,True,True,False,False,True,3,"https://www.google.com/maps/@-1.91337567,138.21628135,250m/data=!3m1!1e3"
89183,PAPUA,KAB. MAMBERAMO RAYA,Mamberamo Tengah,-2.61955549,138.46271957,88728d18d7fffff,0.0,,175.0,<500,5,KOPERASI DESA MERAH PUTIH KWERBA,,,,189.2281494140625,55.754638671875,10.0,Tree cover,True,True,False,False,True,3,"https://www.google.com/maps/@-2.61955549,138.46271957,250m/data=!3m1!1e3"
90930,PAPUA,KAB. MAMBERAMO RAYA,Sawai,-1.71194369,137.59000414,8872ab1b03fffff,0.0,,6.0,<500,5,KOPERASI DESA MERAH PUTIH TAMAKURI,,,,12.315876007080078,6.446963310241699,10.0,Tree cover,True,True,False,False,True,3,"https://www.google.com/maps/@-1.71194369,137.59000414,250m/data=!3m1!1e3"
88792,PAPUA,KAB. MAMBERAMO RAYA,Mamberamo Hilir,-1.66245339,137.86464319,8872ab02b1fffff,0.0,,58.0,<500,5,KOPERASI DESA MERAH PUTIH YOKE,,,,19.57290267944336,5.344181060791016,10.0,Tree cover,True,True,False,False,True,3,"https://www.google.com/maps/@-1.66245339,137.86464319,250m/data=!3m1!1e3"
89558,PAPUA,KAB. MAMBERAMO RAYA,Mamberamo Hilir,-1.77684811,137.99174748,8872ab3b45fffff,0.0,,183.0,<500,5,KOPERASI DESA MERAH PUTIH KAPESO,,,,24.126760482788086,5.282310485839844,10.0,Tree cover,True,True,False,False,True,3,"https://www.google.com/maps/@-1.77684811,137.99174748,250m/data=!3m1!1e3"
90124,PAPUA,KAB. MAMBERAMO RAYA,Rufaer,-2.95375837,137.8282966,88728c2a99fffff,0.0,,9.0,<500,5,KOPERASI DESA MERAH PUTIH BARERI,,,,90.04816436767578,6.264442443847656,10.0,Tree cover,True,True,False,False,True,3,"https://www.google.com/maps/@-2.95375837,137.8282966,250m/data=!3m1!1e3"
88820,PAPUA,KAB. MAMBERAMO RAYA,Mamberamo Hulu,-3.32361413,138.92902372,887289d58dfffff,0.0,,360.0,<500,5,KOPERASI DESA MERAH PUTIH TARIA,,,,69.00361633300781,9.422714233398438,10.0,Tree cover,True,True,False,False,True,3,"https://www.google.com/maps/@-3.32361413,138.92902372,250m/data=!3m1!1e3"
88946,PAPUA,KAB. MAMBERAMO RAYA,Mamberamo Hulu,-3.14003534,138.48808665,887288b6e9fffff,0.0,,0.0,nobody within 5km,5,KOPERASI DESA MERAH PUTIH TAIYEVE,,,,55.43199920654297,7.2597503662109375,10.0,Tree cover,True,True,False,False,True,3,"https://www.google.com/maps/@-3.14003534,138.48808665,250m/data=!3m1!1e3"
89358,PAPUA,KAB. MAMBERAMO RAYA,Mamberamo Hulu,-2.89192188,139.05808259,88728992c1fffff,0.0,,1.0,<500,5,KOPERASI DESA MERAH PUTIH FUAO,,,,146.96253967285156,34.18986511230469,10.0,Tree cover,True,True,False,False,True,3,"https://www.google.com/maps/@-2.89192188,139.05808259,250m/data=!3m1!1e3"
89830,PAPUA,KAB. MAMBERAMO RAYA,Mamberamo Hulu,-2.83348248,138.50138111,88728d09a1fffff,0.0,,154.0,<500,5,KOPERASI DESA MERAH PUTIH PAPASENA II,,,,77.9852294921875,11.367401123046875,10.0,Tree cover,True,True,False,False,True,3,"https://www.google.com/maps/@-2.83348248,138.50138111,250m/data=!3m1!1e3"
90410,PAPUA,KAB. MAMBERAMO RAYA,Mamberamo Hulu,-2.90345074,138.90607201,88728d2937fffff,0.0,,0.0,nobody within 5km,5,KOPERASI DESA MERAH PUTIH FOKRI DISTRIK MAMBERAMO HULU,,,,151.05479431152344,39.99842834472656,10.0,Tree cover,True,True,False,False,True,3,"https://www.google.com/maps/@-2.90345074,138.90607201,250m/data=!3m1!1e3"
90716,PAPUA,KAB. MAMBERAMO RAYA,Mamberamo Hulu,-3.04386689,138.31035654,88728d4f09fffff,0.0,,0.0,nobody within 5km,5,KOPERASI DESA MERAH PUTIH DOU,,,,53.06999206542969,2.57659912109375,10.0,Tree cover,True,True,False,False,True,3,"https://www.google.com/maps/@-3.04386689,138.31035654,250m/data=!3m1!1e3"
90925,PAPUA,KAB. MAMBERAMO RAYA,Benuki,-2.01167244,137.50110126,8872ab404dfffff,0.0,,195.0,<500,5,KOPERASI DESA MERAH PUTIH DADAT,,,,13.850991249084473,4.764756202697754,10.0,Tree cover,True,True,False,False,True,3,"https://www.google.com/maps/@-2.01167244,137.50110126,250m/data=!3m1!1e3"
91600,PAPUA,KAB. MAMBERAMO RAYA,Benuki,-2.47008835,137.549926,88728cb8c5fffff,0.0,,19.0,<500,5,KOPERASI DESA MERAH PUTIH WATIARO,,,,205.76695251464844,57.87837219238281,10.0,Tree cover,True,True,False,False,True,3,"https://www.google.com/maps/@-2.47008835,137.549926,250m/data=!3m1!1e3"
67172,PAPUA BARAT,KAB. TELUK BINTUNI,Tembuni,-1.99591563,133.2075984,8872b1841dfffff,0.0,,677.0,500-2k,5,KOPERASI DESA MERAH PUTIH BANGUN MULYA TEMBUNI,Bangun Mulya,Sedang Diverifikasi,Agrinas,33.672401428222656,9.351160049438477,10.0,Tree cover,True,True,False,False,True,3,"https://www.google.com/maps/@-1.99591563,133.2075984,250m/data=!3m1!1e3"
87493,PAPUA BARAT,KAB. TELUK BINTUNI,Biscoop,-1.5402264,133.38326716,8872a25415fffff,0.0,,547.0,500-2k,5,KOPERASI DESA MERAH PUTIH JAHABRA,Jahabra,Sedang Diverifikasi,KOPERASI,514.5755004882812,34.194091796875,10.0,Tree cover,True,True,False,False,True,3,"https://www.google.com/maps/@-1.5402264,133.38326716,250m/data=!3m1!1e3"
89111,PAPUA BARAT,KAB. TELUK BINTUNI,Biscoop,-1.61155873,133.49987601,8872a246c7fffff,0.0,,39.0,<500,5,KOPERASI DESA MERAH PUTIH LAUDOHO,Laudoho,Sedang Diverifikasi,KOPERASI,237.82818603515625,33.079864501953125,10.0,Tree cover,True,True,False,False,True,3,"https://www.google.com/maps/@-1.61155873,133.49987601,250m/data=!3m1!1e3"
89039,PAPUA BARAT,KAB. TELUK BINTUNI,Kamundan,-1.95964051,132.69976907,8872b56541fffff,0.0,,329.0,<500,5,KOPERASI DESA MERAH PUTIH BIBIRAM,,,,36.799476623535156,16.757020950317383,10.0,Tree cover,True,True,False,False,True,3,"https://www.google.com/maps/@-1.95964051,132.69976907,250m/data=!3m1!1e3"
84053,PAPUA BARAT,KAB. TELUK BINTUNI,Tomu,-1.89341116,132.8988065,8872b19069fffff,0.0,,102.0,<500,5,KOPERASI DESA MERAH PUTIH EKAM,,,,7.0,0.0,80.0,Water,True,True,False,False,True,3,"https://www.google.com/maps/@-1.89341116,132.8988065,250m/data=!3m1!1e3"
89126,PAPUA BARAT,KAB. TELUK BINTUNI,Kaitaro,-2.79098159,133.69823817,887286901bfffff,0.0,,684.0,500-2k,5,KOPERASI DESA MERAH PUTIH SARA,,,,60.079315185546875,27.09720230102539,10.0,Tree cover,True,True,False,False,True,3,"https://www.google.com/maps/@-2.79098159,133.69823817,250m/data=!3m1!1e3"
85762,PAPUA BARAT,KAB. TELUK BINTUNI,Tuhiba,-1.86870045,133.4686219,8872a24d9bfffff,0.0,,13.0,<500,5,KOPERASI DESA MERAH PUTIH TISAIDA,Tisaida,Sedang Diverifikasi,BUSINESS ASSISTANCE,257.0213928222656,39.49566650390625,10.0,Tree cover,True,True,False,False,True,3,"https://www.google.com/maps/@-1.86870045,133.4686219,250m/data=!3m1!1e3"
87614,PAPUA BARAT,KAB. TELUK BINTUNI,Moskona Utara,-1.35242236,132.93839248,8872a2d90dfffff,0.0,,575.0,500-2k,5,KOPERASI DESA MERAH PUTIH INOFINA,Inofina,Sedang Diverifikasi,KOPERASI,1183.6300048828125,39.458251953125,10.0,Tree cover,True,True,False,False,True,3,"https://www.google.com/maps/@-1.35242236,132.93839248,250m/data=!3m1!1e3"
89979,PAPUA BARAT,KAB. TELUK BINTUNI,Aranday,-2.10976618,133.13246729,8872b18e3bfffff,0.0,,650.0,500-2k,5,KOPERASI DESA MERAH PUTIH ARANDAY,Aranday,Tidak Ada Lahan,,17.027673721313477,3.4959030151367188,10.0,Tree cover,True,True,False,False,True,3,"https://www.google.com/maps/@-2.10976618,133.13246729,250m/data=!3m1!1e3"
88995,PAPUA BARAT,KAB. TELUK BINTUNI,Sumuri,-2.56250149,133.0387648,8872b10b4dfffff,0.0,,653.0,500-2k,5,KOPERASI DESA MERAH PUTIH SAENGGA,Saengga,Terverifikasi,Agrinas,20.90753173828125,8.756063461303711,10.0,Tree cover,True,True,False,False,True,3,"https://www.google.com/maps/@-2.56250149,133.0387648,250m/data=!3m1!1e3"
87789,PAPUA BARAT,KAB. TELUK BINTUNI,Merdey,-1.74868087,133.38477696,8872a24e43fffff,0.0,,17.0,<500,5,KOPERASI DESA MERAH PUTIH MENGGERBA,,,,148.72039794921875,25.345901489257812,10.0,Tree cover,True,True,False,False,True,3,"https://www.google.com/maps/@-1.74868087,133.38477696,250m/data=!3m1!1e3"
91488,PAPUA BARAT,KAB. TELUK BINTUNI,Merdey,-1.65710532,133.18035922,8872a25ac3fffff,0.0,,614.0,500-2k,5,KOPERASI DESA MERAH PUTIH MEKIESEFEB,,,,303.5298156738281,42.144989013671875,10.0,Tree cover,True,True,False,False,True,3,"https://www.google.com/maps/@-1.65710532,133.18035922,250m/data=!3m1!1e3"
90318,PAPUA BARAT,KAB. TELUK BINTUNI,Weriagar,-2.16536172,132.88379306,8872b18b69fffff,0.0,,36.0,<500,5,KOPERASI DESA MERAH PUTIH MANDIRI WERIAGAR,,,,22.183069229125977,7.480085372924805,10.0,Tree cover,True,True,False,False,True,3,"https://www.google.com/maps/@-2.16536172,132.88379306,250m/data=!3m1!1e3"
90439,PAPUA BARAT,KAB. TELUK BINTUNI,Weriagar,-1.89825197,132.77937747,8872b566adfffff,0.0,,104.0,<500,5,KOPERASI KELURAHAN MERAH PUTIH TUANAIKIN,,,,48.72089385986328,14.141426086425781,10.0,Tree cover,True,True,False,False,True,3,"https://www.google.com/maps/@-1.89825197,132.77937747,250m/data=!3m1!1e3"
89616,PAPUA BARAT,KAB. TELUK BINTUNI,Moskona Timur,-1.41518483,133.26088855,8872a2cc07fffff,0.0,,337.0,<500,5,KOPERASI DESA MERAH PUTIH SUMUY,Sumuy,Sedang Diverifikasi,KOPERASI,885.7946166992188,37.7843017578125,10.0,Tree cover,True,True,False,False,True,3,"https://www.google.com/maps/@-1.41518483,133.26088855,250m/data=!3m1!1e3"
93558,PAPUA BARAT,KAB. TELUK BINTUNI,Fafurwar,-2.92551851,133.62608705,887286985bfffff,0.0,,397.0,<500,5,KOPERASI KELURAHAN MERAH PUTIH RIENDO,Riendo,Tidak Ada Lahan,,49.332698822021484,24.57965087890625,10.0,Tree cover,True,True,False,False,True,3,"https://www.google.com/maps/@-2.92551851,133.62608705,250m/data=!3m1!1e3"
92069,PAPUA BARAT,KAB. MANOKWARI,Wasirawi,-5.95961345,140.8138467,889cde5825fffff,0.0,,271.0,<500,5,KOPERASI DESA MERAH PUTIH WAMFOURA,,,,61.59204864501953,18.556011199951172,10.0,Tree cover,True,True,False,False,True,3,"https://www.google.com/maps/@-5.95961345,140.8138467,250m/data=!3m1!1e3"
91029,PAPUA BARAT,KAB. TELUK WONDAMA,Naikere,-3.37580226,134.39360614,8872862285fffff,0.0,,17.0,<500,5,KOPERASI DESA MERAH PUTIH KAMPUNG OYAA,,,,433.41473388671875,57.23333740234375,10.0,Tree cover,True,True,False,False,True,3,"https://www.google.com/maps/@-3.37580226,134.39360614,250m/data=!3m1!1e3"
90260,PAPUA BARAT,KAB. FAK FAK,Tomage,-2.70183379,132.93334531,8872b142cbfffff,0.0,,849.0,500-2k,5,KOPERASI DESA MERAH PUTIH OTOWERI,,,,30.570858001708984,12.790048599243164,10.0,Tree cover,True,True,False,False,True,3,"https://www.google.com/maps/@-2.70183379,132.93334531,250m/data=!3m1!1e3"
67509,PAPUA BARAT,KAB. FAK FAK,Fak-Fak Timur,-3.21007046,132.79344307,8872b38eb3fffff,0.0,,141.0,<500,5,KOPERASI DESA MERAH PUTIH SAHAREI,,,,141.61514282226562,16.729461669921875,10.0,Tree cover,True,True,False,False,True,3,"https://www.google.com/maps/@-3.21007046,132.79344307,250m/data=!3m1!1e3"
67561,PAPUA BARAT,KAB. FAK FAK,Fak-Fak Timur,-3.07272245,132.63351957,8872b382e5fffff,0.0,,358.0,<500,5,KOPERASI DESA MERAH PUTIH SANGGRAM,,,,888.1077880859375,53.98876953125,10.0,Tree cover,True,True,False,False,True,3,"https://www.google.com/maps/@-3.07272245,132.63351957,250m/data=!3m1!1e3"
67199,PAPUA BARAT,KAB. FAK FAK,Karas,-3.37239373,133.08018373,8872b3a8b1fffff,0.0,,9.0,<500,5,KOPERASI DESA MERAH PUTIH MALAKULI,Malakuli,Perlu Verifikasi Lanjutan,Agrinas,87.11833190917969,19.974891662597656,10.0,Tree cover,True,True,False,False,True,3,"https://www.google.com/maps/@-3.37239373,133.08018373,250m/data=!3m1!1e3"
74156,PAPUA BARAT,KAB. FAK FAK,Karas,-3.41709137,132.64894041,8872b3115bfffff,0.0,,209.0,<500,5,KOPERASI DESA MERAH PUTIH ANTALISA,Antalisa,Tidak Ada Lahan,,305.39617919921875,47.084503173828125,10.0,Tree cover,True,True,False,False,True,3,"https://www.google.com/maps/@-3.41709137,132.64894041,250m/data=!3m1!1e3"
88997,PAPUA BARAT,KAB. FAK FAK,Fak-Fak Tengah,-2.89445618,132.45504602,8872b029d3fffff,0.0,,10.0,<500,5,KOPERASI DESA MERAH PUTIH SAKARTEMIN,,,,1059.987548828125,58.1412353515625,10.0,Tree cover,True,True,False,False,True,3,"https://www.google.com/maps/@-2.89445618,132.45504602,250m/data=!3m1!1e3"
86729,PAPUA BARAT,KAB. FAK FAK,Furwagi,-2.79979784,132.14665058,8872b00dc5fffff,0.0,,838.0,500-2k,5,KOPERASI DESA MERAH PUTIH SALAKITI,Salakiti,Tidak Ada Lahan,,667.0479125976562,32.9197998046875,10.0,Tree cover,True,True,False,False,True,3,"https://www.google.com/maps/@-2.79979784,132.14665058,250m/data=!3m1!1e3"
91343,PAPUA BARAT,KAB. FAK FAK,Fakfak Timur Tengah,-2.92284973,132.45838393,8872b029bbfffff,0.0,,787.0,500-2k,5,KOPERASI DESA MERAH PUTIH KRABELANG,,,,932.3495483398438,58.76654052734375,10.0,Tree cover,True,True,False,False,True,3,"https://www.google.com/maps/@-2.92284973,132.45838393,250m/data=!3m1!1e3"
89068,PAPUA BARAT,KAB. KAIMANA,Teluk Arguni Bawah,-3.20135635,133.54630308,887286c2d7fffff,0.0,,181.0,<500,5,KOPERASI DESA MERAH PUTIH NAGURA,,,,72.80683898925781,21.41059112548828,10.0,Tree cover,True,True,False,False,True,3,"https://www.google.com/maps/@-3.20135635,133.54630308,250m/data=!3m1!1e3"
89360,PAPUA BARAT,KAB. KAIMANA,Teluk Arguni Bawah,-3.10025223,133.53725227,887286d447fffff,0.0,,731.0,500-2k,5,KOPERASI DESA MERAH PUTIH RUARA,,,,152.4620819091797,36.198387145996094,10.0,Tree cover,True,True,False,False,True,3,"https://www.google.com/maps/@-3.10025223,133.53725227,250m/data=!3m1!1e3"
91011,PAPUA BARAT,KAB. KAIMANA,Teluk Arguni Bawah,-3.32994367,133.89119173,8872860311fffff,0.0,,33.0,<500,5,KOPERASI DESA MERAH PUTIH URISA,,,,748.6602172851562,56.15667724609375,10.0,Tree cover,True,True,False,False,True,3,"https://www.google.com/maps/@-3.32994367,133.89119173,250m/data=!3m1!1e3"
89114,PAPUA BARAT,KAB. KAIMANA,Teluk Arguni Atas,-3.03949377,134.08951836,887286b8ebfffff,0.0,,8.0,<500,5,KOPERASI DESA MERAH PUTIH DESA MASKUR,,,,141.38819885253906,27.141563415527344,10.0,Tree cover,True,True,False,False,True,3,"https://www.google.com/maps/@-3.03949377,134.08951836,250m/data=!3m1!1e3"
89396,PAPUA BARAT,KAB. KAIMANA,Teluk Arguni Atas,-2.98653123,134.06353542,887286bae1fffff,0.0,,10.0,<500,5,KOPERASI DESA MERAH PUTIH TUGARNI,,,,245.94297790527344,32.59413146972656,10.0,Tree cover,True,True,False,False,True,3,"https://www.google.com/maps/@-2.98653123,134.06353542,250m/data=!3m1!1e3"
90936,PAPUA BARAT,KAB. KAIMANA,Teluk Arguni Atas,-2.83976344,133.78122508,8872869529fffff,0.0,,558.0,500-2k,5,KOPERASI DESA MERAH PUTIH SAWI,Sawi,Tidak Ada Lahan,,33.26285171508789,22.530179977416992,10.0,Tree cover,True,True,False,False,True,3,"https://www.google.com/maps/@-2.83976344,133.78122508,250m/data=!3m1!1e3"
88878,PAPUA BARAT,KAB. KAIMANA,Teluk Etna,-4.05940308,134.75407752,88728216adfffff,0.0,,16.0,<500,5,KOPERASI DESA MERAH PUTIH BOIYA,Boiya,Sedang Diverifikasi,KEMENTERIAN KESEHATAN,15.874661445617676,10.108041763305664,10.0,Tree cover,True,True,False,False,True,3,"https://www.google.com/maps/@-4.05940308,134.75407752,250m/data=!3m1!1e3"
90939,PAPUA BARAT,KAB. KAIMANA,Teluk Etna,-4.13912807,134.87460466,88728206ddfffff,0.0,,107.0,<500,5,KOPERASI DESA MERAH PUTIH DESA NARIKI,,,,15.919031143188477,5.437309265136719,10.0,Tree cover,True,True,False,False,True,3,"https://www.google.com/maps/@-4.13912807,134.87460466,250m/data=!3m1!1e3"
90506,PAPUA BARAT,KAB. KAIMANA,Buruway,-3.77254174,133.29013849,8872b32d03fffff,0.0,,11.0,<500,5,KOPERASI DESA MERAH PUTIH EDOR,,,,27.250946044921875,39.321807861328125,10.0,Tree cover,True,True,False,False,True,3,"https://www.google.com/maps/@-3.77254174,133.29013849,250m/data=!3m1!1e3"
89171,PAPUA BARAT,KAB. KAIMANA,Yamor,-3.60439287,134.90016822,8872804c43fffff,0.0,,534.0,500-2k,5,KOPERASI DESA MERAH PUTIH URUBIKA,,,,259.63409423828125,22.02911376953125,10.0,Tree cover,True,True,False,False,True,3,"https://www.google.com/maps/@-3.60439287,134.90016822,250m/data=!3m1!1e3"
64027,KALIMANTAN BARAT,KAB. MEMPAWAH,Segedong,0.19613714,109.32189,888c909655fffff,0.0,1.0,5194.0,2k-10k,4,KOPERASI DESA MERAH PUTIH PENITI DALAM I KECAMATAN SEGEDONG,Peniti Dalam I,Terverifikasi,Agrinas,0.0,0.0,10.0,Tree cover,True,True,False,False,True,3,"https://www.google.com/maps/@0.19613714,109.32189,250m/data=!3m1!1e3"
36180,KALIMANTAN BARAT,KAB. KETAPANG,Matan Hilir Utara,-1.54174542,110.122742,888cb062d1fffff,0.0,1.0,7020.0,2k-10k,4,KOPERASI DESA MERAH PUTIH TANJUNG BAIK BUDI,Tanjung Baik Budi,Tidak Ada Lahan,,21.174304962158203,8.283697128295898,10.0,Tree cover,True,True,False,False,True,3,"https://www.google.com/maps/@-1.54174542,110.122742,250m/data=!3m1!1e3"
11521,KALIMANTAN BARAT,KAB. KUBU RAYA,Sungai Ambawang,-0.17390288,109.62639,888c94ad61fffff,0.0,1.0,14874.0,>10k,4,KOPERASI DESA MERAH PUTIH PASAK PIANG KECAMATAN SUNGAI AMBAWANG,Pasak Piang,Terverifikasi,Agrinas,17.669544219970703,6.958273887634277,10.0,Tree cover,True,True,False,False,True,3,"https://www.google.com/maps/@-0.17390288,109.62639,250m/data=!3m1!1e3"
59616,KALIMANTAN BARAT,KAB. KAPUAS HULU,Jongkong,0.55763609,112.2617382,8868b03a69fffff,0.0,1.0,2444.0,2k-10k,4,KOPERASI DESA MERAH PUTIH KARYA BARU KECAMATAN JONGKONG,Karya baru,Terverifikasi,KOPERASI,32.78620910644531,7.58038330078125,10.0,Tree cover,True,True,False,False,True,3,"https://www.google.com/maps/@0.55763609,112.2617382,250m/data=!3m1!1e3"
11059,KALIMANTAN BARAT,KAB. KAYONG UTARA,Simpang Hilir,-1.05828338,109.9359503,888cb3ce41fffff,0.0,1.0,13541.0,>10k,4,KOPERASI DESA MERAH PUTIH NIPAH KUNING KECAMATAN SIMPANG HILIR,Nipah Kuning,Terverifikasi,Agrinas,18.26212501525879,10.071099281311035,10.0,Tree cover,True,True,False,False,True,3,"https://www.google.com/maps/@-1.05828338,109.9359503,250m/data=!3m1!1e3"
11169,KALIMANTAN BARAT,KAB. KAYONG UTARA,Simpang Hilir,-1.15717696,110.0817431,888cb3d181fffff,0.0,1.0,4676.0,2k-10k,4,KOPERASI DESA MERAH PUTIH RANTAU PANJANG KECAMATAN SIMPANG HILIR,Rantau Panjang,Sedang Diverifikasi,BUSINESS ASSISTANCE,30.198078155517578,7.948366165161133,10.0,Tree cover,True,True,False,False,True,3,"https://www.google.com/maps/@-1.15717696,110.0817431,250m/data=!3m1!1e3"
17094,KALIMANTAN BARAT,KAB. KAYONG UTARA,Sukadana,-1.31443369,110.1094079,888cb06d6bfffff,0.0,1.0,7142.0,2k-10k,4,KOPERASI DESA MERAH PUTIH SIMPANG TIGA KECAMATAN SUKADANA,Simpang Tiga,Terverifikasi,Agrinas,20.808162689208984,10.618524551391602,10.0,Tree cover,True,True,False,False,True,3,"https://www.google.com/maps/@-1.31443369,110.1094079,250m/data=!3m1!1e3"
8481,LAMPUNG,KAB. PESISIR BARAT,Pesisir Selatan,-5.29633215,104.1428296,888c1a0dd9fffff,0.0,1.0,1270.0,500-2k,4,KOPERASI DESA MERAH PUTIH TANJUNG RAYA KECAMATAN PESISIR SELATAN KABUPATEN PESISIR BARAT PROVINSI LAMPUNG,Tanjung Raya,Terverifikasi,Agrinas,354.5957336425781,20.68017578125,10.0,Tree cover,True,True,False,False,True,3,"https://www.google.com/maps/@-5.29633215,104.1428296,250m/data=!3m1!1e3"
5673,LAMPUNG,KAB. PESISIR BARAT,Bangkunat,-5.67836569,104.4135227,888c1a8f29fffff,0.0,1.0,13004.0,>10k,4,KOPERASI DESA MERAH PUTIH SUMBEREJO KECAMATAN BANGKUNAT KABUPATEN PESISIR BARAT PROVINSI LAMPUNG,Sumberejo,Terverifikasi,Agrinas,24.05546760559082,19.541269302368164,10.0,Tree cover,True,True,False,False,True,3,"https://www.google.com/maps/@-5.67836569,104.4135227,250m/data=!3m1!1e3"
6279,LAMPUNG,KAB. PESISIR BARAT,Ngambur,-5.35115997,104.2419237,888c1a01b5fffff,0.0,1.0,10122.0,>10k,4,KOPERASI DESA MERAH PUTIH PEKONMON,Pekon Mon,Terverifikasi,Agrinas,613.0098876953125,24.70855712890625,10.0,Tree cover,True,True,False,False,True,3,"https://www.google.com/maps/@-5.35115997,104.2419237,250m/data=!3m1!1e3"
4953,KEPULAUAN BANGKA BELITUNG,KAB. BANGKA SELATAN,Pulau Besar,-2.8116274,106.0887281,888caa090bfffff,0.0,1.0,5710.0,2k-10k,4,KOPERASI DESA MERAH PUTIH BATU BETUMPANG,Batu Betumpang,Terverifikasi,Agrinas,7.058491230010986,4.089835166931152,10.0,Tree cover,True,True,False,False,True,3,"https://www.google.com/maps/@-2.8116274,106.0887281,250m/data=!3m1!1e3"
43843,JAWA TENGAH,KAB. JEPARA,Karimunjawa,-5.74340536,110.243645,888d8a1a07fffff,0.0,1.0,2569.0,2k-10k,4,KOPERASI DESA MERAH PUTIH PARANG KECAMATAN KARIMUNJAWA KABUPATEN JEPARA,Parang,Sedang Diverifikasi,KEMENTERIAN KESEHATAN,21.28104591369629,14.650039672851562,10.0,Tree cover,True,True,False,False,True,3,"https://www.google.com/maps/@-5.74340536,110.243645,250m/data=!3m1!1e3"
51163,SULAWESI UTARA,KAB. BOLAANG MONGONDOW,Dumoga Utara,0.62492063,123.9121996,8868ce79d7fffff,0.0,1.0,16290.0,>10k,4,KOPERASI DESA MERAH PUTIH MOPUGAD UTARA SATU,Mopugad Utara Satu,Terverifikasi,KOPERASI,727.924072265625,50.7203369140625,10.0,Tree cover,True,True,False,False,True,3,"https://www.google.com/maps/@0.62492063,123.9121996,250m/data=!3m1!1e3"
63126,SUMATERA UTARA,KAB. PADANG LAWAS,Batang Lubu Sutam,0.80350644,100.1027119,88652d41e9fffff,0.0,1.0,1891.0,500-2k,4,KOPERASI DESA MERAH PUTIH PINARIK,Pinarik,Tidak Ada Lahan,,0.0,0.0,10.0,Tree cover,True,True,False,False,True,3,"https://www.google.com/maps/@0.80350644,100.1027119,250m/data=!3m1!1e3"
5170,SUMATERA UTARA,KAB. ASAHAN,Bandar Pulau,2.58756209,99.24351068,88652b70c9fffff,0.0,1.0,3994.0,2k-10k,4,KOPERASI DESA MERAH PUTIH AEK NAGALI,Aek Nagali,Sedang Diverifikasi,BUSINESS ASSISTANCE,722.32568359375,37.64593505859375,10.0,Tree cover,True,True,False,False,True,3,"https://www.google.com/maps/@2.58756209,99.24351068,250m/data=!3m1!1e3"
23245,SUMATERA UTARA,KAB. TAPANULI SELATAN,Sayur Matinggi,1.10008741,99.35257954,886529c621fffff,0.0,1.0,17560.0,>10k,4,KOPERASI DESA MERAH PUTIH LUMBAN HUAYAN,Lumban Huayan,Tidak Ada Lahan,,793.178466796875,34.423583984375,10.0,Tree cover,True,True,False,False,True,3,"https://www.google.com/maps/@1.10008741,99.35257954,250m/data=!3m1!1e3"
35834,SUMATERA UTARA,KAB. TAPANULI UTARA,Purbatua,1.77583623,99.04100525,88652bb6adfffff,0.0,1.0,14486.0,>10k,4,KOPERASI DESA MERAH PUTIH BONANIDOLOK,,,,996.2049560546875,27.86248779296875,10.0,Tree cover,True,True,False,False,True,3,"https://www.google.com/maps/@1.77583623,99.04100525,250m/data=!3m1!1e3"
41551,SUMATERA UTARA,KAB. TAPANULI UTARA,Adiankoting,1.7904598,98.91969519,8865296953fffff,0.0,1.0,4404.0,2k-10k,4,KOPERASI DESA MERAH PUTIH SIBALANGA KECAMATAN ADIANKOTING,,,,688.8251953125,38.42181396484375,10.0,Tree cover,True,True,False,False,True,3,"https://www.google.com/maps/@1.7904598,98.91969519,250m/data=!3m1!1e3"
77776,SUMATERA UTARA,KAB. TOBA,Borbor,2.14915976,99.26741096,88652b14c9fffff,0.0,1.0,6505.0,2k-10k,4,KOPERASI DESA MERAH PUTIH RIANIATE KECAMATAN BORBOR,Rianiate,Tidak Ada Lahan,,1191.208984375,57.5150146484375,10.0,Tree cover,True,True,False,False,True,3,"https://www.google.com/maps/@2.14915976,99.26741096,250m/data=!3m1!1e3"
26959,SUMATERA SELATAN,KAB. MUSI BANYUASIN,Bayung Lencir,-2.14888912,104.2994794,888c8d4565fffff,0.0,1.0,2834.0,2k-10k,4,KOPERASI DESA MERAH PUTIH KEPAYANG KECAMATAN BAYUNG LENCIR,Kepayang,Terverifikasi,Agrinas,13.5167875289917,8.100887298583984,10.0,Tree cover,True,True,False,False,True,3,"https://www.google.com/maps/@-2.14888912,104.2994794,250m/data=!3m1!1e3"
2864,SUMATERA SELATAN,KAB. MUSI RAWAS,STL Ulu Terawas,-3.0978061,102.6353275,888cf2ae83fffff,0.0,1.0,1218.0,500-2k,4,KOPERASI DESA MERAH PUTIH SUKARAYA KECAMATAN STL ULU TERAWAS,Sukaraya,Terverifikasi,Agrinas,1072.5855712890625,51.75732421875,10.0,Tree cover,True,True,False,False,True,3,"https://www.google.com/maps/@-3.0978061,102.6353275,250m/data=!3m1!1e3"
84992,KALIMANTAN TIMUR,KAB. KUTAI TIMUR,Batu Ampar,0.62061869,116.7912462,88688c0927fffff,0.0,1.0,4311.0,2k-10k,4,KOPERASI DESA MERAH PUTIH TELAGA KECAMATAN BATU AMPAR,Telaga,Terverifikasi,Agrinas,62.45771408081055,23.316917419433594,10.0,Tree cover,True,True,False,False,True,3,"https://www.google.com/maps/@0.62061869,116.7912462,250m/data=!3m1!1e3"
9990,KALIMANTAN TIMUR,KAB. KUTAI KARTANEGARA,Kenohan,-0.12841407,116.3718014,88688ec4b7fffff,0.0,1.0,2002.0,2k-10k,4,KOPERASI DESA MERAH PUTIH TUBUHAN,Tubuhan,Tidak Ada Lahan,,0.0,0.0,10.0,Tree cover,True,True,False,False,True,3,"https://www.google.com/maps/@-0.12841407,116.3718014,250m/data=!3m1!1e3"
27779,KALIMANTAN TIMUR,KAB. PASER,Muara Komam,-1.62078077,115.8733268,88689d59b3fffff,0.0,1.0,4599.0,2k-10k,4,KOPERASI DESA MERAH PUTIH MUARA KUARO,Muara Kuaro,Tidak Ada Lahan,,130.07037353515625,27.782424926757812,10.0,Tree cover,True,True,False,False,True,3,"https://www.google.com/maps/@-1.62078077,115.8733268,250m/data=!3m1!1e3"
23243,KALIMANTAN TIMUR,KAB. KUTAI BARAT,Muara Pahu,-0.37918935,116.0801501,88688326e7fffff,0.0,1.0,3228.0,2k-10k,4,KOPERASI DESA MERAH PUTIH MUARA BAROH,Muara Baroh,Sedang Diverifikasi,KOPERASI,0.0,0.0,10.0,Tree cover,True,True,False,False,True,3,"https://www.google.com/maps/@-0.37918935,116.0801501,250m/data=!3m1!1e3"
79580,KALIMANTAN TIMUR,KAB. MAHAKAM ULU,Long Hubung,0.12709386,115.4972694,8868814b65fffff,0.0,1.0,1511.0,500-2k,4,KOPERASI DESA MERAH PUTIH MEMAHAK TEBOQ,Memahak Teboq,Sedang Diverifikasi,BUSINESS ASSISTANCE,136.8491973876953,58.65460968017578,10.0,Tree cover,True,True,False,False,True,3,"https://www.google.com/maps/@0.12709386,115.4972694,250m/data=!3m1!1e3"
91529,PAPUA SELATAN,KAB. BOVEN DIGOEL,Fofi,-6.14815494,139.89631413,889cde2f67fffff,0.0,1.0,1153.0,500-2k,4,KOPERASI DESA MERAH PUTIH KAMPUNG DOMO,,,,26.101318359375,21.464574813842773,10.0,Tree cover,True,True,False,False,True,3,"https://www.google.com/maps/@-6.14815494,139.89631413,250m/data=!3m1!1e3"
21574,RIAU,KAB. BENGKALIS,Bandar Laksamana,1.44048335,101.7601085,8865216e83fffff,0.0,1.0,1181.0,500-2k,4,KOPERASI DESA MERAH PUTIH TENGGAYUN,Tenggayun,Terverifikasi,KOPERASI,13.387273788452148,5.095409393310547,10.0,Tree cover,True,True,False,False,True,3,"https://www.google.com/maps/@1.44048335,101.7601085,250m/data=!3m1!1e3"
2742,RIAU,KAB. INDRAGIRI HILIR,Gaung Anak Serka,-0.2302048,102.9765957,886525854dfffff,0.0,1.0,6290.0,2k-10k,4,KOPERASI DESA MERAH PUTIH KELUMPANG,Kelumpang,Sedang Diverifikasi,KOPERASI,0.0,0.0,10.0,Tree cover,True,True,False,False,True,3,"https://www.google.com/maps/@-0.2302048,102.9765957,250m/data=!3m1!1e3"
49238,RIAU,KAB. KAMPAR,Kampar Kiri Hulu,-0.23463632,101.1147912,888cd3c981fffff,0.0,1.0,4712.0,2k-10k,4,KOPERASI DESA MERAH PUTIH BATU SANGGAN,Batu Sanggan,Sedang Diverifikasi,KOPERASI,114.7650375366211,30.66240692138672,10.0,Tree cover,True,True,False,False,True,3,"https://www.google.com/maps/@-0.23463632,101.1147912,250m/data=!3m1!1e3"
22221,RIAU,KAB. KEPULAUAN MERANTI,Merbau,1.00116004,102.402788,886521cec5fffff,0.0,1.0,19465.0,>10k,4,KOPERASI DESA MERAH PUTIH PELANTAI,Pelantai,Sedang Diverifikasi,KOPERASI,25.604066848754883,6.629499435424805,10.0,Tree cover,True,True,False,False,True,3,"https://www.google.com/maps/@1.00116004,102.402788,250m/data=!3m1!1e3"
52456,RIAU,KAB. KUANTAN SINGINGI,Singingi,-0.4929096,101.1835474,888cd3d1abfffff,0.0,1.0,1877.0,500-2k,4,KOPERASI DESA MERAH PUTIH PANGKALAN INDARUNG,Pangkalan Indarung,Tidak Ada Lahan,,306.6813659667969,59.552337646484375,10.0,Tree cover,True,True,False,False,True,3,"https://www.google.com/maps/@-0.4929096,101.1835474,250m/data=!3m1!1e3"
69460,SUMATERA BARAT,KAB. PESISIR SELATAN,Lunang,-2.19591235,101.1867494,888cd50a33fffff,0.0,1.0,16624.0,>10k,4,KOPERASI DESA MERAH PUTIH NAGARI LUNANG TENGAH PESISIR SELATAN,Lunang Tengah,Terverifikasi,Agrinas,266.1069641113281,43.337493896484375,10.0,Tree cover,True,True,False,False,True,3,"https://www.google.com/maps/@-2.19591235,101.1867494,250m/data=!3m1!1e3"
70345,SUMATERA BARAT,KAB. PESISIR SELATAN,Silaut,-2.30765365,101.2487191,888cd51ab1fffff,0.0,1.0,2271.0,2k-10k,4,KOPERASI DESA MERAH PUTIH NAGARI SUNGAI SIRAH PESISIR SELATAN,,,,193.74819946289062,32.283355712890625,10.0,Tree cover,True,True,False,False,True,3,"https://www.google.com/maps/@-2.30765365,101.2487191,250m/data=!3m1!1e3"
66893,SUMATERA BARAT,KAB. PASAMAN,Lubuk Sikaping,0.11196313,100.0824967,88652d8aedfffff,0.0,1.0,40359.0,>10k,4,KOPERASI DESA MERAH PUTIH NAGARI JAMBAK,Jambak,Sedang Diverifikasi,KOPERASI,0.0,0.0,10.0,Tree cover,True,True,False,False,True,3,"https://www.google.com/maps/@0.11196313,100.0824967,250m/data=!3m1!1e3"
54292,KALIMANTAN TENGAH,KAB. KOTAWARINGIN TIMUR,Pulau Hanaut,-2.74617564,113.002976,886892a32bfffff,0.0,1.0,12596.0,>10k,4,KOPERASI DESA MERAH PUTIH HANAUT,Hanaut,Sedang Diverifikasi,KEMENTERIAN KESEHATAN,20.8317813873291,7.633171081542969,10.0,Tree cover,True,True,False,False,True,3,"https://www.google.com/maps/@-2.74617564,113.002976,250m/data=!3m1!1e3"
75802,KALIMANTAN TENGAH,KAB. KOTAWARINGIN TIMUR,Cempaga Hulu,-2.11482001,113.1432269,8868900ad1fffff,0.0,1.0,1039.0,500-2k,4,KOPERASI DESA MERAH PUTIH SUNGAI UBAR MANDIRI,,,,25.686962127685547,6.236356735229492,10.0,Tree cover,True,True,False,False,True,3,"https://www.google.com/maps/@-2.11482001,113.1432269,250m/data=!3m1!1e3"
2999,KALIMANTAN TENGAH,KAB. MURUNG RAYA,Seribu Riam,-0.169025,114.1385392,8868862939fffff,0.0,1.0,1714.0,500-2k,4,KOPERASI DESA MERAH PUTIH MUARA JOLOI I,,,,0.0,0.0,10.0,Tree cover,True,True,False,False,True,3,"https://www.google.com/maps/@-0.169025,114.1385392,250m/data=!3m1!1e3"
18765,KALIMANTAN TENGAH,KAB. MURUNG RAYA,Laung Tuhup,-0.68842558,114.7350576,88688204b7fffff,0.0,1.0,2005.0,2k-10k,4,KOPERASI KELURAHAN MERAH PUTIH MUARA LAUNG I,,,,0.0,0.0,10.0,Tree cover,True,True,False,False,True,3,"https://www.google.com/maps/@-0.68842558,114.7350576,250m/data=!3m1!1e3"
17357,KALIMANTAN TENGAH,KAB. MURUNG RAYA,Sungai Babuat,-0.4775887,114.3772805,886882888bfffff,0.0,1.0,1929.0,500-2k,4,KOPERASI DESA MERAH PUTIH TUMBANG APAT,,,,0.0,0.0,10.0,Tree cover,True,True,False,False,True,3,"https://www.google.com/maps/@-0.4775887,114.3772805,250m/data=!3m1!1e3"
81066,KALIMANTAN TENGAH,KAB. KATINGAN,Sanaman Mantikei,-1.25701844,113.1502113,88689551c3fffff,0.0,1.0,3159.0,2k-10k,4,KOPERASI DESA MERAH PUTIH DAYA MANUNGGAL KECAMATAN SANAMAN MANTIKEI,,,,103.66482543945312,23.088714599609375,10.0,Tree cover,True,True,False,False,True,3,"https://www.google.com/maps/@-1.25701844,113.1502113,250m/data=!3m1!1e3"
91858,KALIMANTAN TENGAH,KAB. KATINGAN,Katingan Hulu,-1.12909467,112.5235045,88689414e1fffff,0.0,1.0,2089.0,2k-10k,4,KOPERASI DESA MERAH PUTIH PENDA TANGGARING BARU,Penda Tanggaring Baru,Sedang Diverifikasi,BUSINESS ASSISTANCE,116.51077270507812,49.631813049316406,10.0,Tree cover,True,True,False,False,True,3,"https://www.google.com/maps/@-1.12909467,112.5235045,250m/data=!3m1!1e3"
6880,KALIMANTAN TENGAH,KAB. KAPUAS,Kapuas Tengah,-1.47448352,114.3585207,886891aa59fffff,0.0,1.0,2650.0,2k-10k,4,KOPERASI DESA MERAH PUTIH KOTA BARU KAPUAS TENGAH,Kota Baru,Sedang Diverifikasi,KOPERASI,63.939273834228516,19.703914642333984,10.0,Tree cover,True,True,False,False,True,3,"https://www.google.com/maps/@-1.47448352,114.3585207,250m/data=!3m1!1e3"
47919,KALIMANTAN TENGAH,KAB. KAPUAS,Mantangai,-2.03368607,114.1958548,886891715dfffff,0.0,1.0,1273.0,500-2k,4,KOPERASI DESA MERAH PUTIH TABORE,Tabore,Tidak Ada Lahan,,18.67310905456543,5.192375183105469,10.0,Tree cover,True,True,False,False,True,3,"https://www.google.com/maps/@-2.03368607,114.1958548,250m/data=!3m1!1e3"
20783,KALIMANTAN TENGAH,KAB. PULANG PISAU,Kahayan Tengah,-2.0281899,113.9787993,886891428bfffff,0.0,1.0,37534.0,>10k,4,KOPERASI DESA MERAH PUTIH SIGI,,,,31.25135040283203,7.567110061645508,10.0,Tree cover,True,True,False,False,True,3,"https://www.google.com/maps/@-2.0281899,113.9787993,250m/data=!3m1!1e3"
21147,KALIMANTAN TENGAH,KAB. PULANG PISAU,Kahayan Tengah,-1.97229572,114.0287283,8868915599fffff,0.0,1.0,17270.0,>10k,4,KOPERASI DESA MERAH PUTIH BUKIT LITI,,,,27.143150329589844,1.7095928192138672,10.0,Tree cover,True,True,False,False,True,3,"https://www.google.com/maps/@-1.97229572,114.0287283,250m/data=!3m1!1e3"
21854,KALIMANTAN TENGAH,KAB. SUKAMARA,Pantai Lunci,-2.86333908,111.2750715,888cb48a35fffff,0.0,1.0,1078.0,500-2k,4,KOPERASI DESA MERAH PUTIH SUNGAI PASIR KECAMATAN PANTAI LUNCI,Sungai Pasir,Terverifikasi,KOPERASI,20.07065773010254,16.030960083007812,10.0,Tree cover,True,True,False,False,True,3,"https://www.google.com/maps/@-2.86333908,111.2750715,250m/data=!3m1!1e3"
85231,KALIMANTAN TENGAH,KAB. BARITO SELATAN,Gn. Bintang Awai,-1.32285207,115.3571475,88689ca901fffff,0.0,1.0,1693.0,500-2k,4,KOPERASI DESA MERAH PUTIH NGURIT,Ngurit,Sedang Diverifikasi,BUSINESS ASSISTANCE,112.47138214111328,21.79320526123047,10.0,Tree cover,True,True,False,False,True,3,"https://www.google.com/maps/@-1.32285207,115.3571475,250m/data=!3m1!1e3"
86069,KALIMANTAN TENGAH,KAB. BARITO SELATAN,Dusun Utara,-1.49815266,114.7884064,88689cc13dfffff,0.0,1.0,2868.0,2k-10k,4,KOPERASI KELURAHAN MERAH PUTIH PENDANG,Pendang,Terverifikasi,BUSINESS ASSISTANCE,39.76999282836914,20.05587387084961,10.0,Tree cover,True,True,False,False,True,3,"https://www.google.com/maps/@-1.49815266,114.7884064,250m/data=!3m1!1e3"
5967,ACEH,KAB. BENER MERIAH,Syiah Utama,4.79408462,97.15020373,886556c58dfffff,0.0,1.0,1550.0,500-2k,4,KOPERASI DESA MERAH PUTIH SYARIAH RUSIP KECAMATAN SYIAH UTAMA,,,,797.8869018554688,48.42462158203125,10.0,Tree cover,True,True,False,False,True,3,"https://www.google.com/maps/@4.79408462,97.15020373,250m/data=!3m1!1e3"
41556,ACEH,KAB. ACEH TENGGARA,Darul Hasanah,3.55547278,97.64367617,886509b161fffff,0.0,1.0,1434.0,500-2k,4,KOPERASI DESA MERAH PUTIH SYARIAH RAMBUNG TELDAK KECAMATAN DARUL HASANAH,Rambung Teldak,Terverifikasi,Agrinas,1150.512939453125,133.9979248046875,30.0,Grassland,True,False,False,True,True,3,"https://www.google.com/maps/@3.55547278,97.64367617,250m/data=!3m1!1e3"
27979,ACEH,KAB. ACEH SELATAN,Trumon,2.69993653,97.71821135,886572c64bfffff,0.0,1.0,3055.0,2k-10k,4,KOPERASI DESA MERAH PUTIH TEUPIN TINGGI KECAMATAN TRUMON,,,,30.1937198638916,5.406641006469727,10.0,Tree cover,True,True,False,False,True,3,"https://www.google.com/maps/@2.69993653,97.71821135,250m/data=!3m1!1e3"
28013,ACEH,KAB. ACEH SELATAN,Trumon,2.55214995,97.75486604,88657299e9fffff,0.0,1.0,2104.0,2k-10k,4,KOPERASI DESA MERAH PUTIH GAMPONG TEUNGOH KECAMATAN TRUMON,Gampong Teungoh,Sedang Diverifikasi,BUSINESS ASSISTANCE,23.96832275390625,4.646472930908203,10.0,Tree cover,True,True,False,False,True,3,"https://www.google.com/maps/@2.55214995,97.75486604,250m/data=!3m1!1e3"
59690,ACEH,KAB. ACEH SELATAN,Bakongan,3.00206908,97.4592666,8865720843fffff,0.0,1.0,13498.0,>10k,4,KOPERASI DESA MERAH PUTIH SYARIAH GAMPONG DRIEN KECAMATAN BAKONGAN,Gampong Drien,Sedang Diverifikasi,KOPERASI,23.363330841064453,8.183574676513672,10.0,Tree cover,True,True,False,False,True,3,"https://www.google.com/maps/@3.00206908,97.4592666,250m/data=!3m1!1e3"
70235,ACEH,KAB. ACEH BARAT,Samatiga,4.26717842,96.11131759,886550d681fffff,0.0,1.0,39708.0,>10k,4,KOPERASI DESA MERAH PUTIH GAMPONG KEUREUSENG,Keureuseng,Sedang Diverifikasi,BUSINESS ASSISTANCE,33.769325256347656,18.609256744384766,10.0,Tree cover,True,True,False,False,True,3,"https://www.google.com/maps/@4.26717842,96.11131759,250m/data=!3m1!1e3"
85321,ACEH,KAB. ACEH JAYA,Panga,4.65036149,95.78396256,8865500851fffff,0.0,1.0,1220.0,500-2k,4,KOPERASI DESA MERAH PUTIH SYARIAH DESA GUNONG MANTOK,Gunong Mantok,Terverifikasi,Agrinas,165.02529907226562,28.070846557617188,10.0,Tree cover,True,True,False,False,True,3,"https://www.google.com/maps/@4.65036149,95.78396256,250m/data=!3m1!1e3"
21396,ACEH,KAB. SIMEULUE,Simeulue Barat,2.68932696,95.98172876,88657339ebfffff,0.0,1.0,3286.0,2k-10k,4,KOPERASI DESA MERAH PUTIH SYARIAH LAYABAUNG,Layabaung,Terverifikasi,KOPERASI,51.350650787353516,31.61252212524414,10.0,Tree cover,True,True,False,False,True,3,"https://www.google.com/maps/@2.68932696,95.98172876,250m/data=!3m1!1e3"
69701,ACEH,KAB. SIMEULUE,Teluk Dalam,2.6450248,96.0651189,8865733b29fffff,0.0,1.0,8793.0,2k-10k,4,KOPERASI DESA MERAH PUTIH SYARIAH KUALA BAKTI,Kuala Bakti,Terverifikasi,KOPERASI,183.05003356933594,37.04585266113281,10.0,Tree cover,True,True,False,False,True,3,"https://www.google.com/maps/@2.6450248,96.0651189,250m/data=!3m1!1e3"
82482,NUSA TENGGARA BARAT,KAB. LOMBOK BARAT,Lingsar,-8.50244291,116.2265931,8895a5d517fffff,0.0,1.0,61104.0,>10k,4,KOPERASI DESA MERAH PUTIH BATU MEKAR LINGSAR,Batu Mekar,Terverifikasi,BUSINESS ASSISTANCE,616.1332397460938,57.84893798828125,10.0,Tree cover,True,True,False,False,True,3,"https://www.google.com/maps/@-8.50244291,116.2265931,250m/data=!3m1!1e3"
68811,NUSA TENGGARA BARAT,KAB. LOMBOK BARAT,Narmada,-8.48711972,116.2876751,8895a5d4a1fffff,0.0,1.0,27895.0,>10k,4,KOPERASI DESA MERAH PUTIH SESAOT,,,,638.607177734375,27.08544921875,10.0,Tree cover,True,True,False,False,True,3,"https://www.google.com/maps/@-8.48711972,116.2876751,250m/data=!3m1!1e3"
51068,KEPULAUAN RIAU,KAB. LINGGA,Bakung Serumpun,0.06236046,104.4484461,888c8a65a9fffff,0.0,1.0,2036.0,2k-10k,4,KOPERASI DESA MERAH PUTIH TANJUNG KELIT,Tanjung Kelit,Sedang Diverifikasi,KOPERASI,33.348690032958984,34.30438232421875,10.0,Tree cover,True,True,False,False,True,3,"https://www.google.com/maps/@0.06236046,104.4484461,250m/data=!3m1!1e3"
70825,KALIMANTAN UTARA,KAB. NUNUKAN,Lumbis Ogong,3.87209489,116.5937194,8868adc621fffff,0.0,1.0,1497.0,500-2k,4,KOPERASI DESA MERAH PUTIH UBOL ALUNG,Ubol Alung,Sedang Diverifikasi,KOPERASI,285.5256042480469,49.59075927734375,10.0,Tree cover,True,True,False,False,True,3,"https://www.google.com/maps/@3.87209489,116.5937194,250m/data=!3m1!1e3"
70533,KALIMANTAN UTARA,KAB. NUNUKAN,Sembakung,3.7531394,116.9720497,8868ad0543fffff,0.0,1.0,1355.0,500-2k,4,KOPERASI DESA MERAH PUTIH PELAJU,,,,30.70880126953125,3.7330284118652344,10.0,Tree cover,True,True,False,False,True,3,"https://www.google.com/maps/@3.7531394,116.9720497,250m/data=!3m1!1e3"
86119,MALUKU,KAB. SERAM BAGIAN BARAT,Elpaputih,-3.22619217,128.7129704,88956a0e01fffff,0.0,1.0,5828.0,2k-10k,4,KOPERASI DESA MERAH PUTIH SANAHU,,,,581.36572265625,46.925048828125,10.0,Tree cover,True,True,False,False,True,3,"https://www.google.com/maps/@-3.22619217,128.7129704,250m/data=!3m1!1e3"
50591,MALUKU,KAB. KEPULAUAN TANIMBAR,Wuar Labobar,-7.36250863,131.4963034,889460b537fffff,0.0,1.0,4585.0,2k-10k,4,KOPERASI DESA MERAH PUTIH KILON,Kiloon,Terverifikasi,Agrinas,89.25162506103516,22.098541259765625,10.0,Tree cover,True,True,False,False,True,3,"https://www.google.com/maps/@-7.36250863,131.4963034,250m/data=!3m1!1e3"
50482,MALUKU,KAB. KEPULAUAN TANIMBAR,Wertamrian,-7.71037372,131.4013846,88946006b1fffff,0.0,1.0,1061.0,500-2k,4,KOPERASI DESA MERAH PUTIH SANGLIAT DOL,Sangliat Dol,Terverifikasi,Agrinas,115.94332885742188,37.50309753417969,10.0,Tree cover,True,True,False,False,True,3,"https://www.google.com/maps/@-7.71037372,131.4013846,250m/data=!3m1!1e3"
56988,MALUKU,KAB. KEPULAUAN TANIMBAR,Kormomolin,-7.65746546,131.4786496,889460320dfffff,0.0,1.0,3320.0,2k-10k,4,KOPERASI DESA MERAH PUTIH LORWEMBUN,Lorwembun,Terverifikasi,Agrinas,132.579833984375,38.942665100097656,10.0,Tree cover,True,True,False,False,True,3,"https://www.google.com/maps/@-7.65746546,131.4786496,250m/data=!3m1!1e3"
64207,MALUKU,KAB. KEPULAUAN TANIMBAR,Kormomolin,-7.56918622,131.582068,889460ac15fffff,0.0,1.0,2181.0,2k-10k,4,KOPERASI DESA MERAH PUTIH LUMASEBU,Lumasebu,Terverifikasi,KOPERASI,144.5128936767578,25.57989501953125,10.0,Tree cover,True,True,False,False,True,3,"https://www.google.com/maps/@-7.56918622,131.582068,250m/data=!3m1!1e3"
39055,MALUKU,KAB. KEPULAUAN ARU,Aru Selatan,-6.51024851,134.1709644,88729339d3fffff,0.0,1.0,4119.0,2k-10k,4,KOPERASI DESA MERAH PUTIH JEROL,,,,0.0,12.371681213378906,80.0,Water,True,True,False,False,True,3,"https://www.google.com/maps/@-6.51024851,134.1709644,250m/data=!3m1!1e3"
24113,MALUKU,KAB. KEPULAUAN ARU,Aru Tengah,-6.36158652,134.4463244,887293261dfffff,0.0,1.0,1566.0,500-2k,4,KOPERASI DESA MERAH PUTIH LORANG,,,,39.373409271240234,10.265352249145508,10.0,Tree cover,True,True,False,False,True,3,"https://www.google.com/maps/@-6.36158652,134.4463244,250m/data=!3m1!1e3"
27425,MALUKU,KAB. KEPULAUAN ARU,Aru Selatan Timur,-6.87172598,134.2009635,88946d9b61fffff,0.0,1.0,1565.0,500-2k,4,KOPERASI DESA MERAH PUTIH BATU GOYANG,Batugoyang,Sedang Diverifikasi,KOPERASI,47.64851379394531,21.719947814941406,10.0,Tree cover,True,True,False,False,True,3,"https://www.google.com/maps/@-6.87172598,134.2009635,250m/data=!3m1!1e3"
33344,MALUKU,KAB. KEPULAUAN ARU,Aru Selatan Timur,-6.8221283,134.2454792,88946d9a6bfffff,0.0,1.0,1524.0,500-2k,4,KOPERASI DESA MERAH PUTIH SALAREM,Salarem,Sedang Diverifikasi,KOPERASI,61.27418899536133,15.354534149169922,10.0,Tree cover,True,True,False,False,True,3,"https://www.google.com/maps/@-6.8221283,134.2454792,250m/data=!3m1!1e3"
27446,MALUKU,KAB. KEPULAUAN ARU,Sir-Sir,-5.54313574,134.5650968,8872912b29fffff,0.0,1.0,1360.0,500-2k,4,KOPERASI DESA MERAH PUTIH WAIFUAL,Waifual,Sedang Diverifikasi,KOPERASI,52.21415328979492,9.048675537109375,10.0,Tree cover,True,True,False,False,True,3,"https://www.google.com/maps/@-5.54313574,134.5650968,250m/data=!3m1!1e3"
38123,MALUKU,KAB. KEPULAUAN ARU,Aru Tengah Selatan,-6.70520595,134.6600402,88729e4825fffff,0.0,1.0,2546.0,2k-10k,4,KOPERASI DESA MERAH PUTIH APARA,,,,11.73267650604248,4.8853840827941895,95.0,Mangrove,True,True,False,False,True,3,"https://www.google.com/maps/@-6.70520595,134.6600402,250m/data=!3m1!1e3"
9767,MALUKU,KAB. SERAM BAGIAN TIMUR,Bula,-3.14738329,130.4142461,8872b65b1dfffff,0.0,1.0,13460.0,>10k,4,KOPERASI DESA MERAH PUTIH NEGERI BULA,Bula,Sedang Diverifikasi,KOPERASI,235.0332489013672,39.62571716308594,10.0,Tree cover,True,True,False,False,True,3,"https://www.google.com/maps/@-3.14738329,130.4142461,250m/data=!3m1!1e3"
67499,SULAWESI TENGGARA,KAB. BOMBANA,Mata Usu,-4.45504414,121.8674603,88952b4765fffff,0.0,1.0,2979.0,2k-10k,4,KOPERASI DESA MERAH PUTIH MORENGKE,Morengke,Tidak Ada Lahan,,293.5931701660156,32.828125,10.0,Tree cover,True,True,False,False,True,3,"https://www.google.com/maps/@-4.45504414,121.8674603,250m/data=!3m1!1e3"
45367,SULAWESI TENGGARA,KAB. KOLAKA UTARA,Pakue Tengah,-3.1846435,121.1918872,8895281327fffff,0.0,1.0,2975.0,2k-10k,4,KOPERASI DESA MERAH PUTIH TARENGGA,Tarengga,Sedang Diverifikasi,BUSINESS ASSISTANCE,675.8855590820312,56.3341064453125,10.0,Tree cover,True,True,False,False,True,3,"https://www.google.com/maps/@-3.1846435,121.1918872,250m/data=!3m1!1e3"
59393,SULAWESI TENGGARA,KAB. KOLAKA UTARA,Pakue Tengah,-3.19768256,121.1576207,889528c481fffff,0.0,1.0,8614.0,2k-10k,4,KOPERASI DESA MERAH PUTIH TOLEMO,To'lemo,Tidak Ada Lahan,,1838.07470703125,58.5732421875,10.0,Tree cover,True,True,False,False,True,3,"https://www.google.com/maps/@-3.19768256,121.1576207,250m/data=!3m1!1e3"
82108,SULAWESI TENGGARA,KAB. KONAWE UTARA,Oheo,-3.37631336,121.993929,8895295165fffff,0.0,1.0,2758.0,2k-10k,4,KOPERASI DESA MERAH PUTIH MOPUTE,,,,928.6514892578125,56.9310302734375,10.0,Tree cover,True,True,False,False,True,3,"https://www.google.com/maps/@-3.37631336,121.993929,250m/data=!3m1!1e3"
68209,SULAWESI TENGGARA,KAB. KONAWE KEPULAUAN,Wawonii Selatan,-4.16264948,123.0477564,8895760865fffff,0.0,1.0,4535.0,2k-10k,4,KOPERASI DESA MERAH PUTIH BOBOLIO,Bobolio,Sedang Diverifikasi,BUSINESS ASSISTANCE,299.4377136230469,44.079803466796875,10.0,Tree cover,True,True,False,False,True,3,"https://www.google.com/maps/@-4.16264948,123.0477564,250m/data=!3m1!1e3"
69498,SULAWESI TENGAH,KAB. PARIGI MOUTONG,Siniu,-0.63092917,120.0172903,8868d0cda9fffff,0.0,1.0,6879.0,2k-10k,4,KOPERASI DESA MERAH PUTIH MARANTALE,Marantale,Tidak Ada Lahan,,0.0,0.0,10.0,Tree cover,True,True,False,False,True,3,"https://www.google.com/maps/@-0.63092917,120.0172903,250m/data=!3m1!1e3"
64661,SULAWESI TENGAH,KAB. PARIGI MOUTONG,Tomini,0.59506907,120.4823382,8868d5c4b7fffff,0.0,1.0,6548.0,2k-10k,4,KOPERASI DESA MERAH PUTIH BIGA KECAMATAN TOMINI,Biga,Sedang Diverifikasi,KOPERASI,1103.67822265625,57.9395751953125,10.0,Tree cover,True,True,False,False,True,3,"https://www.google.com/maps/@0.59506907,120.4823382,250m/data=!3m1!1e3"
25020,SULAWESI TENGAH,KAB. BANGGAI,Bualemo,-0.6844306,123.073935,8868d88e0bfffff,0.0,1.0,2055.0,2k-10k,4,KOPERASI DESA MERAH PUTIH SAMPAKA KECAMATAN BUALEMO,Sampaka,Tidak Ada Lahan,,0.0,0.0,10.0,Tree cover,True,True,False,False,True,3,"https://www.google.com/maps/@-0.6844306,123.073935,250m/data=!3m1!1e3"
20026,SULAWESI TENGAH,KAB. BANGGAI,Pagimana,-0.89787191,122.6082737,8868d8d131fffff,0.0,1.0,1375.0,500-2k,4,KOPERASI DESA MERAH PUTIH AMPERA KECAMATAN PAGIMANA,Ampera,Tidak Ada Lahan,,0.0,0.0,10.0,Tree cover,True,True,False,False,True,3,"https://www.google.com/maps/@-0.89787191,122.6082737,250m/data=!3m1!1e3"
73013,SULAWESI TENGAH,KAB. BANGGAI,Pagimana,-0.87484289,122.6464494,8868d8d189fffff,0.0,1.0,8075.0,2k-10k,4,KOPERASI KELURAHAN MERAH PUTIH BASABUNGAN KECAMATAN PAGIMANA,Basabungan,Tidak Ada Lahan,,0.0,0.0,10.0,Tree cover,True,True,False,False,True,3,"https://www.google.com/maps/@-0.87484289,122.6464494,250m/data=!3m1!1e3"
15281,SULAWESI TENGAH,KAB. MOROWALI UTARA,Soyo Jaya,-1.82117029,121.2478298,8868d36e53fffff,0.0,1.0,1254.0,500-2k,4,KOPERASI DESA MERAH PUTIH TAMAINUSI,Tamainusi,Sedang Diverifikasi,KOPERASI,963.9909057617188,43.872314453125,10.0,Tree cover,True,True,False,False,True,3,"https://www.google.com/maps/@-1.82117029,121.2478298,250m/data=!3m1!1e3"
66160,SULAWESI TENGAH,KAB. MOROWALI UTARA,Mori Atas,-2.12961217,121.0030095,88952ca563fffff,0.0,1.0,1219.0,500-2k,4,KOPERASI DESA MERAH PUTIH LONDI,Londi,Tidak Ada Lahan,,836.1116333007812,59.86212158203125,10.0,Tree cover,True,True,False,False,True,3,"https://www.google.com/maps/@-2.12961217,121.0030095,250m/data=!3m1!1e3"
83925,SULAWESI TENGAH,KAB. MOROWALI UTARA,Mori Atas,-2.11762059,120.8566337,88952ca14bfffff,0.0,1.0,1802.0,500-2k,4,KOPERASI DESA MERAH PUTIH LEE,Lee,Sedang Diverifikasi,KOPERASI,747.4453735351562,41.07513427734375,10.0,Tree cover,True,True,False,False,True,3,"https://www.google.com/maps/@-2.11762059,120.8566337,250m/data=!3m1!1e3"
73296,SULAWESI TENGAH,KAB. MOROWALI,Menui Kepulauan,-3.62288126,123.100644,889576851dfffff,0.0,1.0,3969.0,2k-10k,4,KOPERASI DESA MERAH PUTIH MOROMPAITONGA,Morompaitonga,Sedang Diverifikasi,KOPERASI,137.5223846435547,37.10357666015625,10.0,Tree cover,True,True,False,False,True,3,"https://www.google.com/maps/@-3.62288126,123.100644,250m/data=!3m1!1e3"
77757,JAMBI,KAB. TANJUNG JABUNG TIMUR,Mendahara Ulu,-1.16995586,103.5781939,888c8bb209fffff,0.0,1.0,12257.0,>10k,4,KOPERASI DESA MERAH PUTIH SINAR WAJO KECAMATAN MENDAHARA ULU,Sinar Wajo,Terverifikasi,Agrinas,20.080371856689453,8.039860725402832,10.0,Tree cover,True,True,False,False,True,3,"https://www.google.com/maps/@-1.16995586,103.5781939,250m/data=!3m1!1e3"
68287,JAMBI,KAB. TANJUNG JABUNG TIMUR,Dendang,-1.27269204,103.9688154,888c882f37fffff,0.0,1.0,12353.0,>10k,4,KOPERASI DESA MERAH PUTIH JATI MULYO KECAMATAN DENDANG,Jati Mulyo,Terverifikasi,BUSINESS ASSISTANCE,9.743828773498535,3.0511112213134766,10.0,Tree cover,True,True,False,False,True,3,"https://www.google.com/maps/@-1.27269204,103.9688154,250m/data=!3m1!1e3"
71958,JAMBI,KAB. KERINCI,Bukit Kerman,-2.3199284,101.4676249,888cd5c567fffff,0.0,1.0,3819.0,2k-10k,4,KOPERASI DESA MERAH PUTIH BINTANG MARAK,Bintang Marak,Terverifikasi,Agrinas,1298.4656982421875,42.512939453125,10.0,Tree cover,True,True,False,False,True,3,"https://www.google.com/maps/@-2.3199284,101.4676249,250m/data=!3m1!1e3"
83609,JAMBI,KAB. SAROLANGUN,Batang Asai,-2.62603581,102.1097833,888cf34f33fffff,0.0,1.0,1193.0,500-2k,4,KOPERASI DESA MERAH PUTIH BUKIT BERANTAI,,,,773.1063842773438,33.73956298828125,10.0,Tree cover,True,True,False,False,True,3,"https://www.google.com/maps/@-2.62603581,102.1097833,250m/data=!3m1!1e3"
58489,JAMBI,KAB. SAROLANGUN,Mandiangin Timur,-2.18069386,103.1665836,888c89b085fffff,0.0,1.0,1744.0,500-2k,4,KOPERASI DESA MERAH PUTIH SUNGAI BUTANG,Sungai Butang,Terverifikasi,BUSINESS ASSISTANCE,84.6533203125,23.948707580566406,10.0,Tree cover,True,True,False,False,True,3,"https://www.google.com/maps/@-2.18069386,103.1665836,250m/data=!3m1!1e3"
86711,MALUKU UTARA,KAB. HALMAHERA TIMUR,Wasile,1.14022363,128.3019104,887390a729fffff,0.0,1.0,5951.0,2k-10k,4,KOPERASI DESA MERAH PUTIH MEKARSARI WASILE,Mekar Sari,Terverifikasi,KOPERASI,407.1710510253906,53.22943115234375,10.0,Tree cover,True,True,False,False,True,3,"https://www.google.com/maps/@1.14022363,128.3019104,250m/data=!3m1!1e3"
41809,MALUKU UTARA,KAB. HALMAHERA TIMUR,Maba Selatan,0.54639414,128.4146478,8873902d45fffff,0.0,1.0,1517.0,500-2k,4,KOPERASI DESA MERAH PUTIH LOLEOLAMO,Loleolamo,Sedang Diverifikasi,KOPERASI,47.31366729736328,39.04851150512695,10.0,Tree cover,True,True,False,False,True,3,"https://www.google.com/maps/@0.54639414,128.4146478,250m/data=!3m1!1e3"
90253,MALUKU UTARA,KAB. HALMAHERA TIMUR,Maba Selatan,0.55722944,128.44212641,8873902d51fffff,0.0,1.0,3666.0,2k-10k,4,KOPERASI DESA MERAH PUTIH PETELEY,Peteley,Sedang Diverifikasi,KOPERASI,65.51358032226562,28.545108795166016,10.0,Tree cover,True,True,False,False,True,3,"https://www.google.com/maps/@0.55722944,128.44212641,250m/data=!3m1!1e3"
88076,MALUKU UTARA,KAB. HALMAHERA TIMUR,Maba Tengah,1.07154929,128.52693062,887391da9dfffff,0.0,1.0,3107.0,2k-10k,4,KOPERASI DESA MERAH PUTIH YAWANLI,Yawanli,Sedang Diverifikasi,BUSINESS ASSISTANCE,125.34578704833984,32.25206756591797,10.0,Tree cover,True,True,False,False,True,3,"https://www.google.com/maps/@1.07154929,128.52693062,250m/data=!3m1!1e3"
48876,MALUKU UTARA,KAB. HALMAHERA TENGAH,Patani Barat,0.3860528,128.5389917,887393952bfffff,0.0,1.0,3472.0,2k-10k,4,KOPERASI DESA MERAH PUTIH MOREALA,,,,326.50421142578125,23.35040283203125,10.0,Tree cover,True,True,False,False,True,3,"https://www.google.com/maps/@0.3860528,128.5389917,250m/data=!3m1!1e3"
36319,MALUKU UTARA,KAB. HALMAHERA TENGAH,Weda Tengah,0.52726217,127.827094,8873904615fffff,0.0,1.0,2772.0,2k-10k,4,KOPERASI DESA MERAH PUTIH LELILEF WAIBULAN,,,,435.7646789550781,44.771270751953125,10.0,Tree cover,True,True,False,False,True,3,"https://www.google.com/maps/@0.52726217,127.827094,250m/data=!3m1!1e3"
79121,MALUKU UTARA,KAB. HALMAHERA SELATAN,Gane Barat Selatan,-0.66508393,128.0681807,88956c90ebfffff,0.0,1.0,2029.0,2k-10k,4,KOPERASI DESA MERAH PUTIH TAWA KECAMATAN GANE BARAT SELATAN,,,,0.0,0.0,10.0,Tree cover,True,True,False,False,True,3,"https://www.google.com/maps/@-0.66508393,128.0681807,250m/data=!3m1!1e3"
30111,MALUKU UTARA,KAB. HALMAHERA SELATAN,Gane Barat Utara,-0.25349341,127.7870128,88739204dbfffff,0.0,1.0,5502.0,2k-10k,4,KOPERASI DESA MERAH PUTIH FULAI,Fulai,Sedang Diverifikasi,KOPERASI,0.0,0.0,10.0,Tree cover,True,True,False,False,True,3,"https://www.google.com/maps/@-0.25349341,127.7870128,250m/data=!3m1!1e3"
89835,MALUKU UTARA,KAB. HALMAHERA SELATAN,Gane Barat Utara,-0.03971505,127.77471975,887392a127fffff,0.0,1.0,7779.0,2k-10k,4,KOPERASI DESA MERAH PUTIH GUMIRA,Gumira,Sedang Diverifikasi,KOPERASI,0.0,0.0,10.0,Tree cover,True,True,False,False,True,3,"https://www.google.com/maps/@-0.03971505,127.77471975,250m/data=!3m1!1e3"
53824,MALUKU UTARA,KAB. HALMAHERA SELATAN,Bacan Timur Tengah,-0.76248818,127.8455681,8873926eddfffff,0.0,1.0,4420.0,2k-10k,4,KOPERASI DESA MERAH PUTIH WAYATIM,Wayatim,Tidak Ada Lahan,,0.0,0.0,10.0,Tree cover,True,True,False,False,True,3,"https://www.google.com/maps/@-0.76248818,127.8455681,250m/data=!3m1!1e3"
75768,MALUKU UTARA,KAB. HALMAHERA SELATAN,Gane Barat,-0.28888638,127.8163706,887392316bfffff,0.0,1.0,9254.0,2k-10k,4,KOPERASI DESA MERAH PUTIH DORO,Doro,Sedang Diverifikasi,KOPERASI,0.0,0.0,10.0,Tree cover,True,True,False,False,True,3,"https://www.google.com/maps/@-0.28888638,127.8163706,250m/data=!3m1!1e3"
89175,MALUKU UTARA,KAB. HALMAHERA SELATAN,Bacan,-0.55923232,127.50499224,8873924691fffff,0.0,1.0,46761.0,>10k,4,KOPERASI DESA MERAH PUTIH AMASING KOTA,Amasing Kota,Terverifikasi,BUSINESS ASSISTANCE,0.0,0.0,10.0,Tree cover,True,True,False,False,True,3,"https://www.google.com/maps/@-0.55923232,127.50499224,250m/data=!3m1!1e3"
44518,MALUKU UTARA,KAB. HALMAHERA BARAT,Jailolo,1.0689966,127.5502306,887390d603fffff,0.0,1.0,38447.0,>10k,4,KOPERASI DESA MERAH PUTIH TODOWONGI,Todowongi,Sedang Diverifikasi,BUSINESS ASSISTANCE,249.5878448486328,38.40228271484375,10.0,Tree cover,True,True,False,False,True,3,"https://www.google.com/maps/@1.0689966,127.5502306,250m/data=!3m1!1e3"
90498,MALUKU UTARA,KAB. HALMAHERA BARAT,Jailolo,1.11303861,127.55140651,887390996dfffff,0.0,1.0,41069.0,>10k,4,KOPERASI DESA MERAH PUTIH PORNITY,Pornity,Tidak Ada Lahan,,232.59616088867188,40.573974609375,10.0,Tree cover,True,True,False,False,True,3,"https://www.google.com/maps/@1.11303861,127.55140651,250m/data=!3m1!1e3"
85791,MALUKU UTARA,KAB. PULAU TALIABU,Taliabu Barat Laut,-1.80163715,124.4140527,889566cb05fffff,0.0,1.0,8629.0,2k-10k,4,KOPERASI DESA MERAH PUTIH SALATI,Salati,Tidak Ada Lahan,,494.42425537109375,9.928985595703125,10.0,Tree cover,True,True,False,False,True,3,"https://www.google.com/maps/@-1.80163715,124.4140527,250m/data=!3m1!1e3"
84687,MALUKU UTARA,KAB. PULAU TALIABU,Tabona,-1.83228704,124.8677896,8895660a05fffff,0.0,1.0,3993.0,2k-10k,4,KOPERASI DESA MERAH PUTIH PELENG,Peleng,Tidak Ada Lahan,,547.983642578125,43.6751708984375,10.0,Tree cover,True,True,False,False,True,3,"https://www.google.com/maps/@-1.83228704,124.8677896,250m/data=!3m1!1e3"
85455,PAPUA BARAT DAYA,KAB. MAYBRAT,Aifat,-1.19598456,132.5455031,8872b5ba35fffff,0.0,1.0,4191.0,2k-10k,4,KOPERASI DESA MERAH PUTIH BORTIM MANDIRI,Bori Timur,Sedang Diverifikasi,KOPERASI,543.8692626953125,16.6622314453125,10.0,Tree cover,True,True,False,False,True,3,"https://www.google.com/maps/@-1.19598456,132.5455031,250m/data=!3m1!1e3"
88266,PAPUA BARAT DAYA,KAB. MAYBRAT,Ayamaru Jaya,-1.19656094,132.13375816,8872b599c3fffff,0.0,1.0,2235.0,2k-10k,4,KOPERASI DESA MERAH PUTIH WARJIUW KAMPUNG WARBO DISTRIK AYAMARU JAYA,,,,364.87017822265625,52.23052978515625,10.0,Tree cover,True,True,False,False,True,3,"https://www.google.com/maps/@-1.19656094,132.13375816,250m/data=!3m1!1e3"
88785,PAPUA BARAT DAYA,KAB. MAYBRAT,Ayamaru Jaya,-1.19656094,132.13375816,8872b599c3fffff,0.0,1.0,2235.0,2k-10k,4,KOPERASI DESA MERAH PUTIH WARBO,Warbo,Sedang Diverifikasi,BUSINESS ASSISTANCE,364.87017822265625,52.23052978515625,10.0,Tree cover,True,True,False,False,True,3,"https://www.google.com/maps/@-1.19656094,132.13375816,250m/data=!3m1!1e3"
85824,PAPUA BARAT DAYA,KAB. MAYBRAT,Aifat Selatan,-1.46704545,132.5102132,8872b515a1fffff,0.0,1.0,1289.0,500-2k,4,KOPERASI DESA MERAH PUTIH KAMPUNG KISOR,Kisor,Sedang Diverifikasi,BUSINESS ASSISTANCE,139.49024963378906,19.956893920898438,10.0,Tree cover,True,True,False,False,True,3,"https://www.google.com/maps/@-1.46704545,132.5102132,250m/data=!3m1!1e3"
86807,PAPUA BARAT DAYA,KAB. MAYBRAT,Aifat Selatan,-1.46455618,132.4777585,8872b51537fffff,0.0,1.0,2634.0,2k-10k,4,KOPERASI DESA MERAH PUTIH KAMPUNG HORA IEK,Hora Iek,Sedang Diverifikasi,BUSINESS ASSISTANCE,71.238525390625,16.551803588867188,10.0,Tree cover,True,True,False,False,True,3,"https://www.google.com/maps/@-1.46455618,132.4777585,250m/data=!3m1!1e3"
88282,PAPUA BARAT DAYA,KAB. SORONG,Makbon,-0.81813634,131.51726539,88739b54c5fffff,0.0,1.0,3504.0,2k-10k,4,KOPERASI DESA MERAH PUTIH BAINKETE,,,,237.2342529296875,52.400726318359375,10.0,Tree cover,True,True,False,False,True,3,"https://www.google.com/maps/@-0.81813634,131.51726539,250m/data=!3m1!1e3"
88689,PAPUA BARAT DAYA,KAB. SORONG,Buk,-1.40440432,131.77698249,8872b4a5d3fffff,0.0,1.0,1341.0,500-2k,4,KOPERASI DESA MERAH PUTIH KAMPUNG BUK,,,,18.220605850219727,13.106922149658203,10.0,Tree cover,True,True,False,False,True,3,"https://www.google.com/maps/@-1.40440432,131.77698249,250m/data=!3m1!1e3"
90262,PAPUA BARAT DAYA,KAB. SORONG,Beraur,-1.34036818,131.71471864,8872b4a44dfffff,0.0,1.0,1255.0,500-2k,4,KOPERASI DESA MERAH PUTIH MUMPI,,,,21.696086883544922,8.035776138305664,10.0,Tree cover,True,True,False,False,True,3,"https://www.google.com/maps/@-1.34036818,131.71471864,250m/data=!3m1!1e3"
89343,PAPUA BARAT DAYA,KAB. SORONG,Salawati Selatan,-1.19574311,130.81408859,88739a670bfffff,0.0,1.0,1014.0,500-2k,4,KOPERASI DESA MERAH PUTIH PAYAPOP,Payapop,Sedang Diverifikasi,BUSINESS ASSISTANCE,20.925405502319336,14.765931129455566,10.0,Tree cover,True,True,False,False,True,3,"https://www.google.com/maps/@-1.19574311,130.81408859,250m/data=!3m1!1e3"
82127,PAPUA BARAT DAYA,KAB. SORONG SELATAN,Konda,-1.53398894,132.0619474,8872b5ce69fffff,0.0,1.0,7129.0,2k-10k,4,KOPERASI DESA MERAH PUTIH KAMPUNG MANELEK,Manelek,Tidak Ada Lahan,,24.507909774780273,18.5264835357666,10.0,Tree cover,True,True,False,False,True,3,"https://www.google.com/maps/@-1.53398894,132.0619474,250m/data=!3m1!1e3"
90603,PAPUA BARAT DAYA,KAB. SORONG SELATAN,Kokoda,-2.11886687,132.49362163,8872b56b31fffff,0.0,1.0,1401.0,500-2k,4,KOPERASI DESA MERAH PUTIH KAMPUNG NAYAKORE,Nayakore,Tidak Ada Lahan,,24.235158920288086,7.675922393798828,10.0,Tree cover,True,True,False,False,True,3,"https://www.google.com/maps/@-2.11886687,132.49362163,250m/data=!3m1!1e3"
89511,PAPUA BARAT DAYA,KAB. SORONG SELATAN,Fokour,-1.2050043,132.0020752,88739b6ce7fffff,0.0,1.0,2622.0,2k-10k,4,KOPERASI DESA MERAH PUTIH KAMPUNG BEMUS,,,,266.5574035644531,26.14501953125,10.0,Tree cover,True,True,False,False,True,3,"https://www.google.com/maps/@-1.2050043,132.0020752,250m/data=!3m1!1e3"
88919,PAPUA BARAT DAYA,KAB. TAMBRAUW,Kasi,-0.8135348,133.38741673,8872a29089fffff,0.0,1.0,1373.0,500-2k,4,KOPERASI DESA MERAH PUTIH KAMPUNG WACAM,,,,635.4693603515625,49.2647705078125,10.0,Tree cover,True,True,False,False,True,3,"https://www.google.com/maps/@-0.8135348,133.38741673,250m/data=!3m1!1e3"
88569,PAPUA TENGAH,KAB. INTAN JAYA,Ugimba,-3.94574434,137.07673642,88728e0e39fffff,0.0,1.0,3298.0,2k-10k,4,KOPERASI DESA MERAH PUTIH KAMPUNG PIGABU,,,,3525.620361328125,38.5029296875,10.0,Tree cover,True,True,False,False,True,3,"https://www.google.com/maps/@-3.94574434,137.07673642,250m/data=!3m1!1e3"
83455,PAPUA,KAB. BIAK NUMFOR,Andey,-0.92174896,135.93604028,8872ae0289fffff,0.0,1.0,3483.0,2k-10k,4,KOPERASI DESA MERAH PUTIH RUMBIN,,,,172.39553833007812,16.4193115234375,10.0,Tree cover,True,True,False,False,True,3,"https://www.google.com/maps/@-0.92174896,135.93604028,250m/data=!3m1!1e3"
56123,PAPUA,KAB. BIAK NUMFOR,Swandiwe,-0.91733005,135.83678651,8872ae11bbfffff,0.0,1.0,6029.0,2k-10k,4,KOPERASI DESA MERAH PUTIH KAMPUNG SWAINOBER,,,,202.6359100341797,20.542312622070312,10.0,Tree cover,True,True,False,False,True,3,"https://www.google.com/maps/@-0.91733005,135.83678651,250m/data=!3m1!1e3"
56126,PAPUA,KAB. BIAK NUMFOR,Swandiwe,-0.90627984,135.82852046,8872ae119dfffff,0.0,1.0,4680.0,2k-10k,4,KOPERASI DESA MERAH PUTIH KAMPUNG INSUSBARI,,,,173.68890380859375,42.70396423339844,10.0,Tree cover,True,True,False,False,True,3,"https://www.google.com/maps/@-0.90627984,135.82852046,250m/data=!3m1!1e3"
84342,PAPUA,KAB. BIAK NUMFOR,Swandiwe,-0.79723947,135.81632651,8872ae12ebfffff,0.0,1.0,5178.0,2k-10k,4,KOPERASI DESA MERAH PUTIH KAMPUNG SASWARBO,,,,269.2922058105469,25.9927978515625,10.0,Tree cover,True,True,False,False,True,3,"https://www.google.com/maps/@-0.79723947,135.81632651,250m/data=!3m1!1e3"
90402,PAPUA,KAB. JAYAPURA,Kemtuk,-2.72309694,140.44447866,8872f34b2dfffff,0.0,1.0,1323.0,500-2k,4,KOPERASI DESA MERAH PUTIH SKOAIM,Skoaim,Sedang Diverifikasi,KOPERASI,260.4400634765625,35.559295654296875,10.0,Tree cover,True,True,False,False,True,3,"https://www.google.com/maps/@-2.72309694,140.44447866,250m/data=!3m1!1e3"
88711,PAPUA,KAB. WAROPEN,Inggerus,-2.65547742,136.28014739,887281bb63fffff,0.0,1.0,2357.0,2k-10k,4,KOPERASI DESA MERAH PUTIH DEMISA,Demisa,Sedang Diverifikasi,BUSINESS ASSISTANCE,74.29931640625,26.650604248046875,10.0,Tree cover,True,True,False,False,True,3,"https://www.google.com/maps/@-2.65547742,136.28014739,250m/data=!3m1!1e3"
90247,PAPUA,KAB. WAROPEN,Wonti,-2.3544052,136.69543345,8872aa78abfffff,0.0,1.0,3108.0,2k-10k,4,KOPERASI DESA MERAH PUTIH WANDA KECAMATAN WONTI,Wanda,Sedang Diverifikasi,BUSINESS ASSISTANCE,31.428281784057617,9.924467086791992,10.0,Tree cover,True,True,False,False,True,3,"https://www.google.com/maps/@-2.3544052,136.69543345,250m/data=!3m1!1e3"
89121,PAPUA,KAB. WAROPEN,Soyoi Mambai,-2.37864274,136.55396344,8872aa4cb3fffff,0.0,1.0,1649.0,500-2k,4,KOPERASI DESA MERAH PUTIH DAWOA,Dawoa,Sedang Diverifikasi,BUSINESS ASSISTANCE,43.46403121948242,22.405651092529297,10.0,Tree cover,True,True,False,False,True,3,"https://www.google.com/maps/@-2.37864274,136.55396344,250m/data=!3m1!1e3"
90201,PAPUA,KAB. WAROPEN,Soyoi Mambai,-2.33809037,136.5666065,8872aa7b21fffff,0.0,1.0,2308.0,2k-10k,4,KOPERASI DESA MERAH PUTIH WOINUI,Woinui,Sedang Diverifikasi,BUSINESS ASSISTANCE,29.060775756835938,9.893293380737305,10.0,Tree cover,True,True,False,False,True,3,"https://www.google.com/maps/@-2.33809037,136.5666065,250m/data=!3m1!1e3"
88550,PAPUA,KAB. SARMI,Pantai Barat,-1.80368336,138.53221821,8872f65acdfffff,0.0,1.0,1093.0,500-2k,4,KOPERASI DESA MERAH PUTIH ARUSWAR,Aruswar,Sedang Diverifikasi,KOPERASI,24.38768196105957,13.62807846069336,10.0,Tree cover,True,True,False,False,True,3,"https://www.google.com/maps/@-1.80368336,138.53221821,250m/data=!3m1!1e3"
89640,PAPUA,KAB. SARMI,Pantai Barat,-1.79592309,138.46936214,8872f65a4dfffff,0.0,1.0,1060.0,500-2k,4,KOPERASI DESA MERAH PUTIH ARBAIS,Arbais,Sedang Diverifikasi,KOPERASI,24.053754806518555,6.159706115722656,10.0,Tree cover,True,True,False,False,True,3,"https://www.google.com/maps/@-1.79592309,138.46936214,250m/data=!3m1!1e3"
89288,PAPUA BARAT,KAB. TELUK BINTUNI,Tembuni,-1.97914842,133.32896497,8872b1b06dfffff,0.0,1.0,1614.0,500-2k,4,KOPERASI DESA MERAH PUTIH ARAISUM,Araisum,Sedang Diverifikasi,KOPERASI,71.70426940917969,50.18659591674805,10.0,Tree cover,True,True,False,False,True,3,"https://www.google.com/maps/@-1.97914842,133.32896497,250m/data=!3m1!1e3"
69067,PAPUA BARAT,KAB. TELUK BINTUNI,Manimeri,-2.14991229,133.6709575,8872b1a5bbfffff,0.0,1.0,11735.0,>10k,4,KOPERASI DESA MERAH PUTIH BANJAR AUSOY,Banjar Ausoy,Terverifikasi,BUSINESS ASSISTANCE,9.37018871307373,20.178319931030273,80.0,Water,True,True,False,False,True,3,"https://www.google.com/maps/@-2.14991229,133.6709575,250m/data=!3m1!1e3"
73810,PAPUA BARAT,KAB. TELUK BINTUNI,Manimeri,-2.12570149,133.7334755,887284d12dfffff,0.0,1.0,10113.0,>10k,4,KOPERASI DESA MERAH PUTIH WARAITAMA,Waraitama,Terverifikasi,Agrinas,11.331429481506348,13.74376106262207,80.0,Water,True,True,False,False,True,3,"https://www.google.com/maps/@-2.12570149,133.7334755,250m/data=!3m1!1e3"
90515,PAPUA BARAT,KAB. TELUK BINTUNI,Tuhiba,-1.95251212,133.38190395,8872b1b2adfffff,0.0,1.0,1432.0,500-2k,4,KOPERASI KELURAHAN MERAH PUTIH TUHIBA,Tuhiba,Sedang Diverifikasi,BUSINESS ASSISTANCE,132.70355224609375,54.32292938232422,10.0,Tree cover,True,True,False,False,True,3,"https://www.google.com/maps/@-1.95251212,133.38190395,250m/data=!3m1!1e3"
91564,PAPUA BARAT,KAB. TELUK BINTUNI,Tuhiba,-2.04825821,133.37242279,8872b1b1a9fffff,0.0,1.0,1865.0,500-2k,4,KOPERASI DESA MERAH PUTIH SIBENA PERMAI TUHIBA,Sibena Permai,Sedang Diverifikasi,BUSINESS ASSISTANCE,24.63608169555664,7.7175140380859375,10.0,Tree cover,True,True,False,False,True,3,"https://www.google.com/maps/@-2.04825821,133.37242279,250m/data=!3m1!1e3"
91016,PAPUA BARAT,KAB. MANOKWARI,Manokwari Utara,-0.77690467,133.91432109,8872a2b651fffff,0.0,1.0,6958.0,2k-10k,4,KOPERASI DESA MERAH PUTIH INDOU OUFA,Indou Oufa,Tidak Ada Lahan,,260.07464599609375,47.027313232421875,10.0,Tree cover,True,True,False,False,True,3,"https://www.google.com/maps/@-0.77690467,133.91432109,250m/data=!3m1!1e3"
88592,PAPUA BARAT,KAB. TELUK WONDAMA,Wasior,-2.77360503,134.57577364,8872846c49fffff,0.0,1.0,25659.0,>10k,4,KOPERASI DESA MERAH PUTIH RAMIKI,,,,1655.0567626953125,161.96142578125,30.0,Grassland,True,False,False,True,True,3,"https://www.google.com/maps/@-2.77360503,134.57577364,250m/data=!3m1!1e3"
91039,PAPUA BARAT,KAB. TELUK WONDAMA,Soug Jaya,-1.89601374,134.07199727,88728498abfffff,0.0,1.0,1283.0,500-2k,4,KOPERASI DESA MERAH PUTIH KAMPUNG SIRESI,,,,405.6322326660156,44.0538330078125,10.0,Tree cover,True,True,False,False,True,3,"https://www.google.com/maps/@-1.89601374,134.07199727,250m/data=!3m1!1e3"
67517,PAPUA BARAT,KAB. FAK FAK,Tomage,-2.78646788,132.90877571,8872b14007fffff,0.0,1.0,1385.0,500-2k,4,KOPERASI DESA MERAH PUTIH MBIMA JAYA,Mbima Jaya,Terverifikasi,Agrinas,19.129146575927734,9.143695831298828,10.0,Tree cover,True,True,False,False,True,3,"https://www.google.com/maps/@-2.78646788,132.90877571,250m/data=!3m1!1e3"
84069,PAPUA BARAT,KAB. FAK FAK,Pariwari,-2.87980946,132.26280584,8872b0741dfffff,0.0,1.0,39035.0,>10k,4,KOPERASI DESA MERAH PUTIH TOREA,Torea,Terverifikasi,Agrinas,331.2767028808594,44.560882568359375,10.0,Tree cover,True,True,False,False,True,3,"https://www.google.com/maps/@-2.87980946,132.26280584,250m/data=!3m1!1e3"
89363,PAPUA BARAT,KAB. KAIMANA,Teluk Arguni Bawah,-3.1289701,133.5756247,887286d433fffff,0.0,1.0,2213.0,2k-10k,4,KOPERASI DESA MERAH PUTIH SERARAN,,,,193.455810546875,31.8558349609375,10.0,Tree cover,True,True,False,False,True,3,"https://www.google.com/maps/@-3.1289701,133.5756247,250m/data=!3m1!1e3"
89722,PAPUA BARAT,KAB. KAIMANA,Teluk Arguni Bawah,-3.34752832,133.46574485,887286cacbfffff,0.0,1.0,1217.0,500-2k,4,KOPERASI DESA MERAH PUTIH WANOMA,,,,33.09975051879883,18.194082260131836,10.0,Tree cover,True,True,False,False,True,3,"https://www.google.com/maps/@-3.34752832,133.46574485,250m/data=!3m1!1e3"
15347,JAWA BARAT,KAB. CIANJUR,Pagelarang,-7.11888098,107.2218849,888c109343fffff,0.0,2.0,111082.0,>10k,4,KOPERASI DESA MERAH PUTIH SITUHIANG,Situhiang,Sedang Diverifikasi,KOPERASI,1332.14306640625,56.9085693359375,10.0,Tree cover,True,True,False,False,True,3,"https://www.google.com/maps/@-7.11888098,107.2218849,250m/data=!3m1!1e3"
22993,KALIMANTAN BARAT,KAB. SAMBAS,Galing,1.64981251,109.4219289,888c9216d9fffff,0.0,2.0,9626.0,2k-10k,4,KOPERASI DESA MERAH PUTIH SAGU KECAMATAN GALING,Sagu,Tidak Ada Lahan,,23.16992950439453,7.469198226928711,10.0,Tree cover,True,True,False,False,True,3,"https://www.google.com/maps/@1.64981251,109.4219289,250m/data=!3m1!1e3"
18948,KALIMANTAN BARAT,KAB. KETAPANG,Muara Pawan,-1.66074064,110.0836608,888cb076abfffff,0.0,2.0,6881.0,2k-10k,4,KOPERASI DESA MERAH PUTIH TEMPURUKAN,Tempurukan,Terverifikasi,Agrinas,21.271957397460938,5.774721145629883,10.0,Tree cover,True,True,False,False,True,3,"https://www.google.com/maps/@-1.66074064,110.0836608,250m/data=!3m1!1e3"
22130,KALIMANTAN BARAT,KAB. KETAPANG,Matan Hilir Selatan,-2.14436589,110.2030461,888cb0b8e9fffff,0.0,2.0,1812.0,500-2k,4,KOPERASI DESA MERAH PUTIH SUNGAI NANJUNG,Sungai Nanjung,Tidak Ada Lahan,,21.327545166015625,4.441551208496094,10.0,Tree cover,True,True,False,False,True,3,"https://www.google.com/maps/@-2.14436589,110.2030461,250m/data=!3m1!1e3"
72346,KALIMANTAN BARAT,KAB. KAPUAS HULU,Jongkong,0.75566583,112.278333,8868b0a8edfffff,0.0,2.0,1681.0,500-2k,4,KOPERASI DESA MERAH PUTIH JONGKONG KIRI HILIR,,,,29.996850967407227,14.062616348266602,10.0,Tree cover,True,True,False,False,True,3,"https://www.google.com/maps/@0.75566583,112.278333,250m/data=!3m1!1e3"
44786,KALIMANTAN BARAT,KAB. MELAWI,Sokan,-1.13268814,111.5084199,888cb64eadfffff,0.0,2.0,1514.0,500-2k,4,KOPERASI DESA MERAH PUTIH NANGA LIBAS KECAMATAN SOKAN KABUPATEN MELAWI,Nanga Libas,Sedang Diverifikasi,KOPERASI,208.58071899414062,44.67610168457031,10.0,Tree cover,True,True,False,False,True,3,"https://www.google.com/maps/@-1.13268814,111.5084199,250m/data=!3m1!1e3"
1016,LAMPUNG,KAB. TULANG BAWANG,Penawar Aji,-4.3459467,105.46076,888ca8a137fffff,0.0,2.0,14014.0,>10k,4,KOPERASI DESA MERAH PUTIH SUMBER SARI KECAMATAN PENAWAR AJI,Sumber Sari,Terverifikasi,KOPERASI,5.396999359130859,3.483940839767456,10.0,Tree cover,True,True,False,False,True,3,"https://www.google.com/maps/@-4.3459467,105.46076,250m/data=!3m1!1e3"
84373,GORONTALO,KAB. GORONTALO UTARA,Tolinggula,0.95083601,122.0959192,8868c2ac53fffff,0.0,2.0,8132.0,2k-10k,4,KOPERASI DESA MERAH PUTIH LIMBATO TOLINGGULA,Limbato,Terverifikasi,KOPERASI,613.3815307617188,54.500732421875,10.0,Tree cover,True,True,False,False,True,3,"https://www.google.com/maps/@0.95083601,122.0959192,250m/data=!3m1!1e3"
64717,SUMATERA UTARA,KAB. MANDAILING NATAL,Kotanopan,0.53390747,99.67112538,88652d0ca3fffff,0.0,2.0,2747.0,2k-10k,4,KOPERASI DESA MERAH PUTIH BATAHAN,Batahan,Sedang Diverifikasi,KEMENTERIAN KESEHATAN,1205.3682861328125,44.587158203125,10.0,Tree cover,True,True,False,False,True,3,"https://www.google.com/maps/@0.53390747,99.67112538,250m/data=!3m1!1e3"
49233,SUMATERA UTARA,KAB. TAPANULI UTARA,Adiankoting,1.78751837,98.88653629,8865296835fffff,0.0,2.0,29662.0,>10k,4,KOPERASI DESA MERAH PUTIH PAGARAN LAMBUNG I KECAMATAN ADIANKOTING,Pangaran Lambung I,Tidak Ada Lahan,,690.6986083984375,56.5364990234375,10.0,Tree cover,True,True,False,False,True,3,"https://www.google.com/maps/@1.78751837,98.88653629,250m/data=!3m1!1e3"
91939,SUMATERA UTARA,KAB. NIAS SELATAN,Hibala,-0.46870326,98.45790014,888cdab601fffff,0.0,2.0,7203.0,2k-10k,4,KOPERASI DESA MERAH PUTIH HILIANOMBASELA,,,,0.0,0.0,10.0,Tree cover,True,True,False,False,True,3,"https://www.google.com/maps/@-0.46870326,98.45790014,250m/data=!3m1!1e3"
50655,SUMATERA UTARA,KAB. SAMOSIR,Harian,2.49186348,98.46971311,8865764a9dfffff,0.0,2.0,1162.0,500-2k,4,KOPERASI DESA MERAH PUTIH HARIARAPINTU,Hariara Pintu,Sedang Diverifikasi,BUSINESS ASSISTANCE,1371.3480224609375,19.0322265625,10.0,Tree cover,True,True,False,False,True,3,"https://www.google.com/maps/@2.49186348,98.46971311,250m/data=!3m1!1e3"
27144,SUMATERA UTARA,KAB. LABUHANBATU UTARA,Na IX - X,2.06893746,99.61922143,88652b8a27fffff,0.0,2.0,6207.0,2k-10k,4,KOPERASI DESA MERAH PUTIH PEMATANG KECAMATAN NA IX X,Pematang,Terverifikasi,KEMENTERIAN KESEHATAN,194.3848114013672,53.973297119140625,10.0,Tree cover,True,True,False,False,True,3,"https://www.google.com/maps/@2.06893746,99.61922143,250m/data=!3m1!1e3"
60474,SUMATERA UTARA,KAB. PAKPAK BHARAT,Sitelu Tali Urang Jehe,2.58201973,98.16947128,8865766b69fffff,0.0,2.0,2334.0,2k-10k,4,KOPERASI DESA MERAH PUTIH DESA BANDAR BARU,Bandar Baru,Terverifikasi,Agrinas,455.2138366699219,57.72015380859375,10.0,Tree cover,True,True,False,False,True,3,"https://www.google.com/maps/@2.58201973,98.16947128,250m/data=!3m1!1e3"
6621,SUMATERA SELATAN,KAB. OGAN KOMERING ULU,Lengkiti,-4.31322177,104.1752562,888ca92027fffff,0.0,2.0,5371.0,2k-10k,4,KOPERASI DESA MERAH PUTIH PAJAR BULAN KECAMATAN LENGKITI,Pajar Bulan,Tidak Ada Lahan,,100.17082214355469,19.705970764160156,10.0,Tree cover,True,True,False,False,True,3,"https://www.google.com/maps/@-4.31322177,104.1752562,250m/data=!3m1!1e3"
29343,KALIMANTAN TIMUR,KAB. KUTAI TIMUR,Muara Ancalong,0.69654259,116.3918371,88688cc92dfffff,0.0,2.0,1307.0,500-2k,4,KOPERASI DESA MERAH PUTIH LONG TESAK,Long Tesak,Terverifikasi,Agrinas,101.48701477050781,18.377685546875,10.0,Tree cover,True,True,False,False,True,3,"https://www.google.com/maps/@0.69654259,116.3918371,250m/data=!3m1!1e3"
14261,KALIMANTAN TIMUR,KAB. PASER,Muara Samu,-2.21454078,115.8775307,886898000dfffff,0.0,2.0,1428.0,500-2k,4,KOPERASI DESA MERAH PUTIH TANJUNG PINANG,,,,100.36478424072266,31.632034301757812,10.0,Tree cover,True,True,False,False,True,3,"https://www.google.com/maps/@-2.21454078,115.8775307,250m/data=!3m1!1e3"
85183,KALIMANTAN TIMUR,KAB. KUTAI BARAT,Bentian Besar,-1.05179457,115.7853127,88689dd081fffff,0.0,2.0,1282.0,500-2k,4,KOPERASI DESA MERAH PUTIH KAMPUNG TENDE,,,,181.4922637939453,52.762969970703125,10.0,Tree cover,True,True,False,False,True,3,"https://www.google.com/maps/@-1.05179457,115.7853127,250m/data=!3m1!1e3"
68663,RIAU,KAB. INDRAGIRI HILIR,Sungai Batang,-0.60033314,103.3930022,888c8b3aa9fffff,0.0,2.0,9885.0,2k-10k,4,KOPERASI DESA MERAH PUTIH KUALA PATAH PARANG,Kuala Patah Parang,Sedang Diverifikasi,KOPERASI,7.39052677154541,7.613770008087158,95.0,Mangrove,True,True,False,False,True,3,"https://www.google.com/maps/@-0.60033314,103.3930022,250m/data=!3m1!1e3"
48964,RIAU,KAB. KAMPAR,Kampar Kiri Hulu,-0.14354804,100.8459214,888cd355a1fffff,0.0,2.0,1438.0,500-2k,4,KOPERASI DESA MERAH PUTIH PANGKALAN KAPAS,,,,360.5440368652344,56.516082763671875,10.0,Tree cover,True,True,False,False,True,3,"https://www.google.com/maps/@-0.14354804,100.8459214,250m/data=!3m1!1e3"
91824,NUSA TENGGARA TIMUR,KAB. SUMBA TIMUR,Haharu,-9.51641282,120.0173212,88951a411dfffff,0.0,2.0,4894.0,2k-10k,4,KOPERASI DESA MERAH PUTIH PRAIBAKUL KECAMATAN HAHARU,Praibakul,Terverifikasi,Agrinas,302.35235595703125,76.7471923828125,30.0,Grassland,True,False,False,True,True,3,"https://www.google.com/maps/@-9.51641282,120.0173212,250m/data=!3m1!1e3"
80089,KALIMANTAN TENGAH,KAB. KOTAWARINGIN TIMUR,Seranau,-2.41340103,113.1404863,8868907a35fffff,0.0,2.0,1686.0,500-2k,4,KOPERASI DESA MERAH PUTIH TERANTANG HILIR,Terantang Hilir,Sedang Diverifikasi,KOPERASI,27.585519790649414,3.8803462982177734,10.0,Tree cover,True,True,False,False,True,3,"https://www.google.com/maps/@-2.41340103,113.1404863,250m/data=!3m1!1e3"
24965,KALIMANTAN TENGAH,KAB. MURUNG RAYA,Murung,-0.75642792,114.4220691,8868821887fffff,0.0,2.0,10700.0,>10k,4,KOPERASI DESA MERAH PUTIH MALASAN,,,,0.0,0.0,10.0,Tree cover,True,True,False,False,True,3,"https://www.google.com/maps/@-0.75642792,114.4220691,250m/data=!3m1!1e3"
18399,KALIMANTAN TENGAH,KAB. KOTAWARINGIN TIMUR,Teluk Sampit,-3.21855509,112.8927423,8868920d57fffff,0.0,1.0,574.0,500-2k,5,KOPERASI DESA MERAH PUTIH UJUNG PANDARAN,Ujung Pandaran,Terverifikasi,KOPERASI,7.40158224105835,1.5011963844299316,30.0,Grassland,True,False,False,False,True,2,"https://www.google.com/maps/@-3.21855509,112.8927423,250m/data=!3m1!1e3"
69127,KALIMANTAN TENGAH,KAB. KATINGAN,Kamipang,-2.3149109,113.3204814,886890753dfffff,0.0,1.0,297.0,<500,5,KOPERASI DESA MERAH PUTIH TELAGA KECAMATAN KAMIPANG,Telaga,Sedang Diverifikasi,BUSINESS ASSISTANCE,11.189398765563965,1.0563440322875977,20.0,Shrubland,True,False,False,False,True,2,"https://www.google.com/maps/@-2.3149109,113.3204814,250m/data=!3m1!1e3"
55463,KALIMANTAN TENGAH,KAB. PULANG PISAU,Kahayan Kuala,-3.17114277,114.019856,8868936037fffff,0.0,1.0,76.0,<500,5,KOPERASI DESA MERAH PUTIH BAHAUR HULU,Bahaur Hulu,Sedang Diverifikasi,KOPERASI,4.293789386749268,1.2992610931396484,30.0,Grassland,True,False,False,False,True,2,"https://www.google.com/maps/@-3.17114277,114.019856,250m/data=!3m1!1e3"
52483,JAMBI,KAB. MUARO JAMBI,Kumpeh,-1.6352674,103.9907937,888c89d927fffff,0.0,1.0,762.0,500-2k,5,KOPERASI DESA MERAH PUTIH BETUNG KECAMATAN KUMPEH,Betung,Tidak Ada Lahan,,28.621854782104492,6.953756332397461,30.0,Grassland,True,False,False,False,True,2,"https://www.google.com/maps/@-1.6352674,103.9907937,250m/data=!3m1!1e3"
88844,PAPUA BARAT,KAB. FAK FAK,Tomage,-2.67863628,133.01811412,8872b15593fffff,0.0,1.0,896.0,500-2k,5,KOPERASI DESA MERAH PUTIH TOMAGE,,,,8.38245964050293,2.4534659385681152,30.0,Grassland,True,False,False,False,True,2,"https://www.google.com/maps/@-2.67863628,133.01811412,250m/data=!3m1!1e3"
91752,PAPUA BARAT,KAB. FAK FAK,Bomberay,-2.96027773,133.1081482,8872b3b657fffff,0.0,1.0,123.0,<500,5,KOPERASI DESA MERAH PUTIH ONIM JAYA,Onim Jaya,Terverifikasi,Agrinas,78.67096710205078,3.1696548461914062,30.0,Grassland,True,False,False,False,True,2,"https://www.google.com/maps/@-2.96027773,133.1081482,250m/data=!3m1!1e3"
90149,PAPUA BARAT,KAB. KAIMANA,Yamor,-3.81910242,134.6619176,887282842dfffff,0.0,1.0,231.0,<500,5,KOPERASI DESA MERAH PUTIH HAIRAPARA,,,,160.28839111328125,27.315338134765625,30.0,Grassland,True,False,False,False,True,2,"https://www.google.com/maps/@-3.81910242,134.6619176,250m/data=!3m1!1e3"
74211,JAMBI,KAB. MUARO JAMBI,Kumpeh,-1.50831345,104.0615327,888c88356dfffff,0.0,2.0,46.0,<500,5,KOPERASI DESA MERAH PUTIH SEPONJEN,Seponjen,Tidak Ada Lahan,,7.186832427978516,1.1386528015136719,30.0,Grassland,True,False,False,False,True,2,"https://www.google.com/maps/@-1.50831345,104.0615327,250m/data=!3m1!1e3"
36963,KALIMANTAN TENGAH,KAB. KAPUAS,Mantangai,-1.90882806,114.3313769,8868917669fffff,0.0,3.0,640.0,500-2k,5,KOPERASI DESA MERAH PUTIH DANAU RAWAH,,,,22.609294891357422,11.474437713623047,30.0,Grassland,True,False,False,False,True,2,"https://www.google.com/maps/@-1.90882806,114.3313769,250m/data=!3m1!1e3"
12952,SUMATERA SELATAN,KAB. BANYUASIN,Muara Padang,-2.87783423,105.1787707,888cab4ad9fffff,0.0,5.0,285.0,<500,5,KOPERASI DESA MERAH PUTIH KARANG ANYAR KECAMATAN MUARA PADANG,Karang Anyar,Terverifikasi,Agrinas,5.7884368896484375,1.8505516052246094,30.0,Grassland,True,False,False,False,True,2,"https://www.google.com/maps/@-2.87783423,105.1787707,250m/data=!3m1!1e3"
66035,SULAWESI TENGAH,KAB. MOROWALI,Bungku Selatan,-3.12795783,122.6114031,88952904a9fffff,0.0,5.0,542.0,500-2k,5,KOPERASI DESA MERAH PUTIH SAINOA,Sainoa,Sedang Diverifikasi,KOPERASI,3.1069283485412598,6.468612194061279,30.0,Grassland,True,False,False,False,True,2,"https://www.google.com/maps/@-3.12795783,122.6114031,250m/data=!3m1!1e3"
32129,SUMATERA SELATAN,KAB. OGAN KOMERING ILIR,Tulung Selapan,-3.12996818,105.9431976,888caa15ddfffff,0.0,8.0,404.0,<500,5,KOPERASI DESA MERAH PUTIH SIMPANG TIGA JAYA KECAMATAN TULUNGSELAPAN,Simpang Tiga Jaya,Tidak Ada Lahan,,2.663555145263672,9.606254577636719,30.0,Grassland,True,False,False,False,True,2,"https://www.google.com/maps/@-3.12996818,105.9431976,250m/data=!3m1!1e3"
86953,KALIMANTAN TENGAH,KAB. SERUYAN,Seruyan Hilir,-3.34541105,112.1344796,888d9ac191fffff,0.0,13.0,28.0,<500,5,KOPERASI DESA MERAH PUTIH SUNGAI PERLU,,,,2.6686043739318848,1.3726348876953125,20.0,Shrubland,True,False,False,False,True,2,"https://www.google.com/maps/@-3.34541105,112.1344796,250m/data=!3m1!1e3"
90817,PAPUA SELATAN,KAB. MERAUKE,Tubang,-7.97370745,139.1337533,889cdd9869fffff,0.0,15.0,649.0,500-2k,5,KOPERASI DESA MERAH PUTIH KAMPUNG DODALIM,,,,8.627873420715332,12.677801132202148,30.0,Grassland,True,False,False,False,True,2,"https://www.google.com/maps/@-7.97370745,139.1337533,250m/data=!3m1!1e3"
90934,PAPUA BARAT,KAB. KAIMANA,Buruway,-4.21894597,133.47886005,8872958dadfffff,0.0,30.0,459.0,<500,5,KOPERASI DESA MERAH PUTIH KAMPUNG ADIJAYA,,,,60.98887252807617,9.011634826660156,30.0,Grassland,True,False,False,False,True,2,"https://www.google.com/maps/@-4.21894597,133.47886005,250m/data=!3m1!1e3"
90095,PAPUA TENGAH,KAB. PANIAI,Bibida,-3.9358086,136.78446643,88728e1957fffff,0.0,37.0,559.0,500-2k,5,KOPERASI DESA MERAH PUTIH KAMPUNG ODIYAI,Odiyai,Terverifikasi,BUSINESS ASSISTANCE,3698.7607421875,36.87890625,30.0,Grassland,True,False,False,False,True,2,"https://www.google.com/maps/@-3.9358086,136.78446643,250m/data=!3m1!1e3"
16809,MALUKU,KOTA TUAL,Kur Selatan,-5.6675308,131.936706,8872960333fffff,0.0,91.0,91.0,<500,5,KOPERASI DESA MERAH PUTIH TIFLEN,Tiflen,Sedang Diverifikasi,KOPERASI,120.48316192626953,38.41046142578125,30.0,Grassland,True,False,False,False,True,2,"https://www.google.com/maps/@-5.6675308,131.936706,250m/data=!3m1!1e3"
93587,PAPUA PEGUNUNGAN,KAB. NDUGA,Dal,-4.1245593,138.45737046,88728865ebfffff,0.0,98.0,209.0,<500,5,KOPERASI DESA MERAH PUTIH GURUMBE,,,,3653.95263671875,38.025634765625,30.0,Grassland,True,False,False,False,True,2,"https://www.google.com/maps/@-4.1245593,138.45737046,250m/data=!3m1!1e3"
22842,JAWA TIMUR,KAB. PASURUAN,Winongan,7.754873,112.952672,886836cab3fffff,0.0,,0.0,nobody within 5km,5,KOPERASI DESA MERAH PUTIH SRUWI KECAMATAN WINONGAN KABUPATEN PASURUAN,Sruwi,Terverifikasi,Agrinas,,,0.0,,True,False,False,False,True,2,"https://www.google.com/maps/@7.754873,112.952672,250m/data=!3m1!1e3"
50977,JAWA TIMUR,KAB. LAMONGAN,Kalitengah,7.042843,112.391402,8869ab6809fffff,0.0,,0.0,nobody within 5km,5,KOPERASI DESA MERAH PUTIH BLAJO,Blajo,Sedang Diverifikasi,BUSINESS ASSISTANCE,,,0.0,,True,False,False,False,True,2,"https://www.google.com/maps/@7.042843,112.391402,250m/data=!3m1!1e3"
42157,JAWA TIMUR,KAB. MADIUN,Balerejo,7.491285,111.601297,8869aaadbbfffff,0.0,,0.0,nobody within 5km,5,KOPERASI DESA MERAH PUTIH SIMO,Simo,Terverifikasi,Agrinas,,,0.0,,True,False,False,False,True,2,"https://www.google.com/maps/@7.491285,111.601297,250m/data=!3m1!1e3"
7520,JAWA TIMUR,KAB. PACITAN,Sudimoro,8.175135,111.389583,8869a85593fffff,0.0,,0.0,nobody within 5km,5,KOPERASI DESA MERAH PUTIH SEMBOWO KECAMATAN SUDIMORO,Sembowo,Sedang Diverifikasi,KOPERASI,0.0,0.0,0.0,,True,False,False,False,True,2,"https://www.google.com/maps/@8.175135,111.389583,250m/data=!3m1!1e3"
280,JAWA BARAT,KAB. SUKABUMI,Lengkong,7.126233,106.689856,8869b55327fffff,0.0,,0.0,nobody within 5km,5,KOPERASI DESA MERAH PUTIH LENGKONG KECAMATAN LENGKONG KABUPATEN SUKABUMI,Lengkong,Terverifikasi,Agrinas,,,0.0,,True,False,False,False,True,2,"https://www.google.com/maps/@7.126233,106.689856,250m/data=!3m1!1e3"
45586,JAWA BARAT,KOTA BOGOR,Bogor Timur,6.651542,106.844984,8869b0ba0dfffff,0.0,,0.0,nobody within 5km,5,KOPERASI KELURAHAN MERAH PUTIH SINDANGSARI KECAMATAN BOGOR TIMUR,Sindangsari,Sedang Diverifikasi,BUSINESS ASSISTANCE,,,0.0,,True,False,False,False,True,2,"https://www.google.com/maps/@6.651542,106.844984,250m/data=!3m1!1e3"
59051,KALIMANTAN BARAT,KAB. KETAPANG,Kendawangan,2.60102404,110.1900044,88699e65d9fffff,0.0,,0.0,nobody within 5km,5,KOPERASI DESA MERAH PUTIH KERAMAT JAYA KECAMATAN KENDAWANGAN,Keramat Jaya,Terverifikasi,Agrinas,,,0.0,,True,False,False,False,True,2,"https://www.google.com/maps/@2.60102404,110.1900044,250m/data=!3m1!1e3"
1309,LAMPUNG,KAB. WAY KANAN,Umpu Semenguk,4.57733,104.492936,886533c517fffff,0.0,,0.0,nobody within 5km,5,KOPERASI DESA MERAH PUTIH NEGERI BARU,Negeri Baru,Terverifikasi,KOPERASI,,,0.0,,True,False,False,False,True,2,"https://www.google.com/maps/@4.57733,104.492936,250m/data=!3m1!1e3"
7269,LAMPUNG,KAB. LAMPUNG TENGAH,Bandar Surabaya,4.667889,105.694833,886532d453fffff,0.0,,0.0,nobody within 5km,5,KOPERASI DESA MERAH PUTIH SUBANG JAYA,Subang Jaya,Terverifikasi,KEMENTERIAN KOPERASI,,,0.0,,True,False,False,False,True,2,"https://www.google.com/maps/@4.667889,105.694833,250m/data=!3m1!1e3"
25760,JAWA TENGAH,KAB. BOYOLALI,Ampel,7.437952,110.563805,886985a4a9fffff,0.0,,0.0,nobody within 5km,5,KOPERASI DESA MERAH PUTIH GONDANGSLAMET KECAMATAN AMPEL,Gondangslamet,Terverifikasi,Agrinas,,,,,True,False,False,False,True,2,"https://www.google.com/maps/@7.437952,110.563805,250m/data=!3m1!1e3"
13600,JAWA TENGAH,KAB. TEGAL,Adiwerna,6.9436345,109.1349116,88698414b3fffff,0.0,,0.0,nobody within 5km,5,KOPERASI DESA MERAH PUTIH TEMBOK BANJARAN,Tembok Banjaran,Terverifikasi,Agrinas,,,,,True,False,False,False,True,2,"https://www.google.com/maps/@6.9436345,109.1349116,250m/data=!3m1!1e3"
17643,JAWA TENGAH,KAB. MAGELANG,Mungkid,7.593689,110.240355,886985b239fffff,0.0,,0.0,nobody within 5km,5,KOPERASI DESA MERAH PUTIH NGRAJEK KECAMATAN MUNGKID,Ngrajek,Terverifikasi,KOPERASI,,,,,True,False,False,False,True,2,"https://www.google.com/maps/@7.593689,110.240355,250m/data=!3m1!1e3"
3270,JAWA TENGAH,KAB. KUDUS,Kaliwungu,6.8007133,110.8268084,886981949bfffff,0.0,,0.0,nobody within 5km,5,KOPERASI DESA MERAH PUTIH BAKALANKRAPYAK KALIWUNGU KUDUS,Bakalankrapyak,Sedang Diverifikasi,KOPERASI,,,,,True,False,False,False,True,2,"https://www.google.com/maps/@6.8007133,110.8268084,250m/data=!3m1!1e3"
32989,JAWA TENGAH,KAB. KUDUS,Dawe,6.703496,110.860025,886981845bfffff,0.0,,0.0,nobody within 5km,5,KOPERASI DESA MERAH PUTIH SOCO,Soco,Terverifikasi,KOPERASI,,,,,True,False,False,False,True,2,"https://www.google.com/maps/@6.703496,110.860025,250m/data=!3m1!1e3"
37573,JAWA TENGAH,KAB. WONOGIRI,Kismantoro,7.92234,111.249453,8869a8481dfffff,0.0,,0.0,nobody within 5km,5,KOPERASI DESA MERAH PUTIH PUCUNG KECAMATAN KISMANTORO KABUPATEN WONOGIRI,Pucung,Terverifikasi,Agrinas,,,0.0,,True,False,False,False,True,2,"https://www.google.com/maps/@7.92234,111.249453,250m/data=!3m1!1e3"
38266,JAWA TENGAH,KAB. WONOGIRI,Kismantoro,7.890454,111.249993,8869a849cbfffff,0.0,,0.0,nobody within 5km,5,KOPERASI KELURAHAN MERAH PUTIH KISMANTORO KECAMATAN KISMANTORO KABUPATEN WONOGIRI,Kismantoro,Terverifikasi,Agrinas,,,0.0,,True,False,False,False,True,2,"https://www.google.com/maps/@7.890454,111.249993,250m/data=!3m1!1e3"
43712,JAWA TENGAH,KAB. KENDAL,Plantungan,7.100643,109.966976,8869851ac1fffff,0.0,,0.0,nobody within 5km,5,KOPERASI DESA MERAH PUTIH TIRTOMULYO KECAMATAN PLANTUNGAN,Tirtomulyo,Terverifikasi,BUSINESS ASSISTANCE,,,,,True,False,False,False,True,2,"https://www.google.com/maps/@7.100643,109.966976,250m/data=!3m1!1e3"
69774,JAWA TENGAH,KAB. KEBUMEN,Buayan,7.701004,109.465172,8869a3729bfffff,0.0,,0.0,nobody within 5km,5,KOPERASI DESA MERAH PUTIH PAKURAN KECAMATAN BUAYAN,Pakuran,Tidak Ada Lahan,,,,,,True,False,False,False,True,2,"https://www.google.com/maps/@7.701004,109.465172,250m/data=!3m1!1e3"
73914,JAWA TENGAH,KAB. PURWOREJO,Purwodadi,7.883067,110.027627,8869ae5161fffff,0.0,,0.0,nobody within 5km,5,KOPERASI DESA MERAH PUTIH JOGOBOYO KECAMATAN PURWODADI,Jogoboyo,Terverifikasi,Agrinas,,,,,True,False,False,False,True,2,"https://www.google.com/maps/@7.883067,110.027627,250m/data=!3m1!1e3"
3178,SUMATERA SELATAN,KAB. LAHAT,Merapi Timur,-3.6780928,99.0802972,888cc024e7fffff,0.0,,0.0,nobody within 5km,5,KOPERASI DESA MERAH PUTIH ARAHAN KECAMATAN MERAPI TIMUR,Arahan,Sedang Diverifikasi,Agrinas,,,0.0,,True,False,False,False,True,2,"https://www.google.com/maps/@-3.6780928,99.0802972,250m/data=!3m1!1e3"
73791,SULAWESI SELATAN,KAB. PANGKAJENE KEPULAUAN,Liukang Tangaya,-7.5327803,117.3023444,889510db2dfffff,0.0,,0.0,nobody within 5km,5,KOPERASI DESA MERAH PUTIH SATANGER,Satanger,Sedang Diverifikasi,KOPERASI,5.501923561096191,5.637032985687256,30.0,Grassland,True,False,False,False,True,2,"https://www.google.com/maps/@-7.5327803,117.3023444,250m/data=!3m1!1e3"
69640,SULAWESI SELATAN,KAB. LUWU TIMUR,Wotu,2.541454,120.772454,8868f13403fffff,0.0,,0.0,nobody within 5km,5,KOPERASI DESA MERAH PUTIH PEPURO BARAT KECAMATAN WOTU,Pepuro Barat,Terverifikasi,KOPERASI,,,0.0,,True,False,False,False,True,2,"https://www.google.com/maps/@2.541454,120.772454,250m/data=!3m1!1e3"
92669,PAPUA SELATAN,KAB. MERAUKE,Waan,-8.29358389,137.84007297,889cca908dfffff,0.0,,272.0,<500,5,KOPERASI DESA MERAH PUTIH KAMPUNG TOOR,,,,2.719358205795288,1.983952522277832,30.0,Grassland,True,False,False,False,True,2,"https://www.google.com/maps/@-8.29358389,137.84007297,250m/data=!3m1!1e3"
93987,PAPUA SELATAN,KAB. MERAUKE,Kontuar,-8.03773232,138.30573254,889cce6931fffff,0.0,,0.0,nobody within 5km,5,KOPERASI DESA MERAH PUTIH KAMPUNG SIBENDA,,,,6.018444061279297,1.100489616394043,20.0,Shrubland,True,False,False,False,True,2,"https://www.google.com/maps/@-8.03773232,138.30573254,250m/data=!3m1!1e3"
90993,PAPUA SELATAN,KAB. BOVEN DIGOEL,Fofi,-6.18916678,139.98993468,889cde2a57fffff,0.0,,331.0,<500,5,KOPERASI DESA MERAH PUTIH KAMPUNG NAVINI,Navini,Sedang Diverifikasi,KOPERASI,33.535396575927734,8.299396514892578,30.0,Grassland,True,False,False,False,True,2,"https://www.google.com/maps/@-6.18916678,139.98993468,250m/data=!3m1!1e3"
25479,KALIMANTAN TENGAH,KAB. MURUNG RAYA,Sumber Barito,-0.41346415,114.2183964,88688299c5fffff,0.0,,4.0,<500,5,KOPERASI KELURAHAN MERAH PUTIH TUMBANG KUNYI KECAMATAN SUMBER BARITO,Tumbang Kunyi,Sedang Diverifikasi,BUSINESS ASSISTANCE,0.0,0.0,30.0,Grassland,True,False,False,False,True,2,"https://www.google.com/maps/@-0.41346415,114.2183964,250m/data=!3m1!1e3"
35509,KALIMANTAN TENGAH,KAB. KATINGAN,Katingan Kuala,-2.985259,113.607517,886893573dfffff,0.0,,194.0,<500,5,KOPERASI DESA MERAH PUTIH SEBANGAU JAYA KECAMATAN KATINGAN KUALA,Sebangau Jaya,Sedang Diverifikasi,KEMENTERIAN KESEHATAN,3.770979166030884,1.9972054958343506,20.0,Shrubland,True,False,False,False,True,2,"https://www.google.com/maps/@-2.985259,113.607517,250m/data=!3m1!1e3"
53483,KALIMANTAN TENGAH,KAB. KAPUAS,Mantangai,-1.79105292,114.2580139,8868910e55fffff,0.0,,378.0,<500,5,KOPERASI DESA MERAH PUTIH SEI GAWING,Sei Gawing,Tidak Ada Lahan,,28.29106903076172,3.447612762451172,30.0,Grassland,True,False,False,False,True,2,"https://www.google.com/maps/@-1.79105292,114.2580139,250m/data=!3m1!1e3"
59525,KALIMANTAN TENGAH,KAB. KOTAWARINGIN BARAT,Kumai,-3.28002509,111.9163463,888d9a19c7fffff,0.0,,4.0,<500,5,KOPERASI DESA MERAH PUTIH SUNGAI CABANG,Sungai Cabang,Sedang Diverifikasi,KOPERASI,6.521143913269043,1.0514006614685059,20.0,Shrubland,True,False,False,False,True,2,"https://www.google.com/maps/@-3.28002509,111.9163463,250m/data=!3m1!1e3"
15023,KALIMANTAN TENGAH,KAB. SUKAMARA,Pantai Lunci,-2.93341099,111.0992357,888cb48ecdfffff,0.0,,448.0,<500,5,KOPERASI DESA MERAH PUTIH SUNGAI TABUK KECAMATAN PANTAI LUNCI,Sungai Tabuk,x,-,8.800763130187988,1.8338613510131836,20.0,Shrubland,True,False,False,False,True,2,"https://www.google.com/maps/@-2.93341099,111.0992357,250m/data=!3m1!1e3"
14118,BANTEN,KAB. LEBAK,Rangkasbitung,6.346547,106.265945,8869b0c349fffff,0.0,,0.0,nobody within 5km,5,KOPERASI KELURAHAN MERAH PUTIH CIJORO PASIR,Cijoro Pasir,Terverifikasi,Agrinas,,,0.0,,True,False,False,False,True,2,"https://www.google.com/maps/@6.346547,106.265945,250m/data=!3m1!1e3"
55343,BANTEN,KOTA SERANG,Kasemen,6.053302,106.166128,8869b63585fffff,0.0,,0.0,nobody within 5km,5,KOPERASI KELURAHAN MERAH PUTIH MARGALUYU KECAMATAN KASEMEN KOTA SERANG,Margaluyu,Terverifikasi,Agrinas,,,0.0,,True,False,False,False,True,2,"https://www.google.com/maps/@6.053302,106.166128,250m/data=!3m1!1e3"
91273,PAPUA PEGUNUNGAN,KAB. PEGUNUNGAN BINTANG,Alemsom,-4.68202064,140.14566002,8872d67083fffff,0.0,,160.0,<500,5,KOPERASI DESA MERAH PUTIH TAPASIK,,,,3906.424560546875,46.439697265625,30.0,Grassland,True,False,False,False,True,2,"https://www.google.com/maps/@-4.68202064,140.14566002,250m/data=!3m1!1e3"
92534,PAPUA PEGUNUNGAN,KAB. YAHUKIMO,Ukha,-4.31111749,138.88595008,88728b8c85fffff,0.0,,74.0,<500,5,KOPERASI DESA MERAH PUTIH MUSANAREK,,,,3753.93896484375,15.45458984375,30.0,Grassland,True,False,False,False,True,2,"https://www.google.com/maps/@-4.31111749,138.88595008,250m/data=!3m1!1e3"
93234,PAPUA PEGUNUNGAN,KAB. YAHUKIMO,Kurima,-4.31353513,138.89328634,88728b8c87fffff,0.0,,74.0,<500,5,KOPERASI DESA MERAH PUTIH HUGUMA,,,,3756.919189453125,37.833984375,30.0,Grassland,True,False,False,False,True,2,"https://www.google.com/maps/@-4.31353513,138.89328634,250m/data=!3m1!1e3"
50792,MALUKU,KAB. MALUKU TENGGARA,Kei Besar,5.659069,132.985992,8873a90a93fffff,0.0,,0.0,nobody within 5km,5,KOPERASI DESA MERAH PUTIH RAHARENG,Rahareng,Sedang Diverifikasi,KOPERASI,0.0,0.0,,,True,False,False,False,True,2,"https://www.google.com/maps/@5.659069,132.985992,250m/data=!3m1!1e3"
72363,SULAWESI TENGGARA,KAB. MUNA BARAT,Wadaga,4.876832,122.513414,8868e13739fffff,0.0,,0.0,nobody within 5km,5,KOPERASI DESA MERAH PUTIH LAKANAHA,Lakanaha,Terverifikasi,Agrinas,,,0.0,,True,False,False,False,True,2,"https://www.google.com/maps/@4.876832,122.513414,250m/data=!3m1!1e3"
64703,PAPUA,KAB. BIAK NUMFOR,Swandiwe,85.05112878,-180.0,880568812dfffff,0.0,,0.0,nobody within 5km,5,KOPERASI DESA MERAH PUTIH KAMPUNG WOMBRISAUW,Wombrisau,Sedang Diverifikasi,KEMENTERIAN DALAM NEGERI,,,,,True,False,False,False,True,2,"https://www.google.com/maps/@85.05112878,-180.0,250m/data=!3m1!1e3"
91490,PAPUA BARAT,KAB. TELUK BINTUNI,Weriagar,-2.08169332,132.88591634,8872b19837fffff,0.0,,10.0,<500,5,KOPERASI DESA MERAH PUTIH WERIAGAR BARU WERIAGAR,,,,13.981732368469238,2.0850744247436523,20.0,Shrubland,True,False,False,False,True,2,"https://www.google.com/maps/@-2.08169332,132.88591634,250m/data=!3m1!1e3"
5209,SUMATERA SELATAN,KAB. OGAN KOMERING ILIR,Pangkalan Lampam,-3.07573325,105.1568265,888cab5555fffff,0.0,1.0,1862.0,500-2k,4,KOPERASI DESA MERAH PUTIH BUKIT BATU KECAMATAN PANGKALAN LAMPAM,Bukit Batu,Terverifikasi,Agrinas,8.04786491394043,1.3104114532470703,20.0,Shrubland,True,False,False,False,True,2,"https://www.google.com/maps/@-3.07573325,105.1568265,250m/data=!3m1!1e3"
11652,RIAU,KAB. BENGKALIS,Bukit Batu,1.35119339,102.0275169,8865217a9dfffff,0.0,1.0,1856.0,500-2k,4,KOPERASI KELURAHAN MERAH PUTIH SUNGAI PAKNING,Sungai Pakning,Sedang Diverifikasi,KOPERASI,16.29530143737793,8.754164695739746,30.0,Grassland,True,False,False,False,True,2,"https://www.google.com/maps/@1.35119339,102.0275169,250m/data=!3m1!1e3"
29042,KALIMANTAN TENGAH,KAB. KATINGAN,Katingan Kuala,-3.11837281,113.3622028,88689225e1fffff,0.0,1.0,14802.0,>10k,4,KOPERASI DESA MERAH PUTIH BUMI SUBUR KECAMATAN KATINGAN KUALA,Bumi Subur,Terverifikasi,BUSINESS ASSISTANCE,4.051276683807373,1.4491548538208008,20.0,Shrubland,True,False,False,False,True,2,"https://www.google.com/maps/@-3.11837281,113.3622028,250m/data=!3m1!1e3"
20780,KALIMANTAN TENGAH,KAB. PULANG PISAU,Kahayan Tengah,-2.05185009,113.9888961,88689142b1fffff,0.0,1.0,33176.0,>10k,4,KOPERASI DESA MERAH PUTIH TUWUNG KECAMATAN KAHAYAN TENGAH,Tuwung,Tidak Ada Lahan,,30.509057998657227,10.585594177246094,20.0,Shrubland,True,False,False,False,True,2,"https://www.google.com/maps/@-2.05185009,113.9888961,250m/data=!3m1!1e3"
26826,NUSA TENGGARA BARAT,KAB. DOMPU,Woja,-8.43782745,118.4020331,8895131a27fffff,0.0,1.0,9115.0,2k-10k,4,KOPERASI DESA MERAH PUTIH RABABAKA,Raba Baka,Sedang Diverifikasi,KOPERASI,323.13616943359375,33.239776611328125,30.0,Grassland,True,False,False,False,True,2,"https://www.google.com/maps/@-8.43782745,118.4020331,250m/data=!3m1!1e3"
44833,MALUKU,KAB. KEPULAUAN ARU,Aru Selatan Utara,-6.3957898,134.1739893,8872933ad9fffff,0.0,1.0,3042.0,2k-10k,4,KOPERASI DESA MERAH PUTIH REBI,Rebi,Tidak Ada Lahan,,13.178844451904297,12.314453125,30.0,Grassland,True,False,False,False,True,2,"https://www.google.com/maps/@-6.3957898,134.1739893,250m/data=!3m1!1e3"
60742,KALIMANTAN SELATAN,KAB. KOTABARU,Pulau Laut Timur,-3.47246919,116.2520296,88689b4a3dfffff,0.0,1.0,10244.0,>10k,4,KOPERASI DESA MERAH PUTIH BETUNG KECAMATAN PULAULAUT TIMUR,Betung,Sedang Diverifikasi,KOPERASI,2.9542219638824463,3.5855536460876465,20.0,Shrubland,True,False,False,False,True,2,"https://www.google.com/maps/@-3.47246919,116.2520296,250m/data=!3m1!1e3"
11577,LAMPUNG,KAB. LAMPUNG TIMUR,Labuhan Maringgai,-5.19100615,105.8447306,888cadc359fffff,0.0,2.0,37336.0,>10k,4,KOPERASI DESA MERAH PUTIH KARANG ANYAR KECAMATAN LABUHAN MARINGGAI,Karang Anyar,Terverifikasi,Agrinas,3.174093008041382,4.218684196472168,30.0,Grassland,True,False,False,False,True,2,"https://www.google.com/maps/@-5.19100615,105.8447306,250m/data=!3m1!1e3"
