{"type":"FeatureCollection","features":[{"type":"Feature","properties":{"id":26,"name":"Sulawesi Tengah"},"geometry":{"type":"MultiPolygon","coordinates":[[[[122.698,-3.391],[122.725,-3.353],[122.714,-3.4],[122.698,-3.391]]],[[[122.761,-3.392],[122.743,-3.36],[122.756,-3.381],[122.778,-3.359],[122.783,-3.384],[122.761,-3.392]]],[[[122.482,-3.079],[122.51,-3.061],[122.516,-3.09],[122.482,-3.079]]],[[[122.399,-3.054],[122.413,-3.029],[122.427,-3.054],[122.399,-3.054]]],[[[122.321,-2.996],[122.351,-3.024],[122.315,-3.0],[122.321,-2.996]]],[[[121.372,-1.86],[121.383,-1.837],[121.407,-1.837],[121.408,-1.858],[121.372,-1.86]]],[[[119.795,-1.708],[119.671,-1.545],[119.697,-1.451],[119.642,-1.404],[119.592,-1.396],[119.584,-1.425],[119.539,-1.422],[119.51,-1.451],[119.519,-1.409],[119.462,-1.396],[119.427,-1.347],[119.511,-1.312],[119.466,-1.299],[119.532,-1.235],[119.536,-1.178],[119.592,-1.183],[119.578,-1.03],[119.557,-1.01],[119.561,-0.85],[119.613,-0.835],[119.625,-0.798],[119.682,-0.765],[119.661,-0.717],[119.728,-0.646],[119.838,-0.88],[119.868,-0.884],[119.879,-0.861],[119.861,-0.715],[119.822,-0.686],[119.759,-0.492],[119.751,-0.368],[119.818,-0.198],[119.81,-0.136],[119.701,-0.138],[119.606,-0.006],[119.666,-0.019],[119.665,0.019],[119.732,-0.023],[119.775,-0.111],[119.838,-0.103],[119.882,-0.024],[119.878,0.079],[119.771,0.214],[119.808,0.236],[119.836,0.216],[119.903,0.222],[119.893,0.287],[119.849,0.351],[119.888,0.392],[119.877,0.444],[119.901,0.479],[120.0,0.483],[120.045,0.513],[120.015,0.661],[120.038,0.718],[120.1,0.751],[120.175,0.755],[120.233,0.794],[120.247,0.957],[120.283,0.986],[120.354,0.984],[120.327,0.855],[120.364,0.829],[120.373,0.867],[120.398,0.792],[120.536,0.791],[120.547,0.755],[120.595,0.75],[120.574,0.769],[120.61,0.808],[120.603,0.871],[120.635,0.939],[120.67,0.965],[120.689,0.953],[120.696,0.987],[120.729,0.963],[120.759,1.01],[120.809,1.028],[120.777,1.107],[120.789,1.164],[120.827,1.182],[120.807,1.325],[120.868,1.317],[120.902,1.356],[120.894,1.304],[120.942,1.35],[120.996,1.34],[121.062,1.302],[121.101,1.316],[121.255,1.23],[121.402,1.261],[121.435,1.309],[121.461,1.308],[121.47,1.265],[121.416,1.241],[121.434,1.223],[121.42,1.186],[121.483,1.109],[121.558,1.062],[121.629,1.06],[121.651,1.04],[121.651,1.061],[121.685,1.072],[121.716,1.039],[121.71,1.08],[121.741,1.061],[121.927,1.103],[121.984,1.022],[122.066,1.074],[122.196,1.039],[122.042,0.988],[122.015,0.909],[121.955,0.907],[121.851,0.993],[121.814,0.951],[121.603,0.873],[121.542,0.879],[121.531,0.852],[121.481,0.838],[121.36,0.855],[121.352,0.796],[121.219,0.791],[121.162,0.677],[121.198,0.641],[121.229,0.646],[121.242,0.6],[121.33,0.575],[121.318,0.543],[121.352,0.493],[121.337,0.474],[121.258,0.491],[121.232,0.456],[121.174,0.459],[121.156,0.414],[121.112,0.401],[121.078,0.398],[121.028,0.441],[120.898,0.396],[120.855,0.443],[120.809,0.453],[120.811,0.475],[120.767,0.457],[120.688,0.513],[120.507,0.513],[120.303,0.418],[120.135,0.192],[120.096,-0.032],[120.035,-0.065],[120.04,-0.14],[120.007,-0.189],[120.008,-0.285],[120.073,-0.442],[120.049,-0.493],[120.059,-0.632],[120.133,-0.774],[120.175,-0.799],[120.197,-0.847],[120.221,-0.845],[120.31,-0.966],[120.406,-0.923],[120.461,-0.994],[120.51,-0.999],[120.586,-1.112],[120.571,-1.256],[120.64,-1.311],[120.675,-1.414],[120.805,-1.351],[120.844,-1.359],[120.862,-1.413],[120.981,-1.399],[121.038,-1.414],[121.039,-1.435],[121.1,-1.438],[121.163,-1.367],[121.222,-1.203],[121.279,-1.159],[121.305,-1.102],[121.45,-0.972],[121.48,-0.9],[121.589,-0.866],[121.597,-0.825],[121.634,-0.807],[121.664,-0.813],[121.657,-0.912],[121.711,-0.95],[121.947,-0.997],[122.004,-0.938],[122.11,-0.956],[122.149,-0.909],[122.162,-0.817],[122.202,-0.788],[122.416,-0.784],[122.46,-0.759],[122.579,-0.784],[122.617,-0.762],[122.686,-0.812],[122.726,-0.813],[122.791,-0.776],[122.961,-0.754],[122.867,-0.711],[122.781,-0.705],[122.724,-0.663],[122.776,-0.671],[122.807,-0.634],[122.84,-0.642],[122.864,-0.621],[122.879,-0.639],[122.897,-0.615],[122.954,-0.618],[122.939,-0.63],[122.955,-0.644],[123.058,-0.564],[123.263,-0.58],[123.408,-0.651],[123.381,-0.672],[123.421,-0.719],[123.445,-0.713],[123.426,-0.744],[123.458,-0.769],[123.434,-0.801],[123.444,-0.839],[123.392,-0.89],[123.397,-0.955],[123.347,-1.037],[123.268,-1.044],[123.252,-1.008],[123.144,-0.954],[123.151,-0.885],[123.099,-0.835],[123.06,-0.897],[123.037,-0.896],[123.041,-0.87],[123.028,-0.882],[123.041,-0.91],[123.006,-0.894],[122.803,-0.942],[122.797,-1.007],[122.715,-1.135],[122.667,-1.14],[122.637,-1.174],[122.633,-1.234],[122.559,-1.268],[122.562,-1.309],[122.423,-1.436],[122.391,-1.494],[122.219,-1.602],[122.03,-1.611],[121.904,-1.701],[121.862,-1.67],[121.863,-1.706],[121.886,-1.706],[121.858,-1.709],[121.85,-1.693],[121.807,-1.731],[121.743,-1.888],[121.676,-1.946],[121.626,-1.96],[121.601,-1.952],[121.573,-1.959],[121.554,-1.956],[121.523,-1.898],[121.458,-1.877],[121.469,-1.856],[121.448,-1.867],[121.469,-1.836],[121.457,-1.811],[121.372,-1.809],[121.323,-1.767],[121.299,-1.797],[121.296,-1.857],[121.327,-1.864],[121.345,-1.843],[121.363,-1.875],[121.334,-1.876],[121.35,-1.897],[121.313,-1.93],[121.351,-1.95],[121.343,-2.006],[121.381,-1.976],[121.379,-1.917],[121.41,-1.906],[121.453,-2.0],[121.514,-2.057],[121.53,-2.045],[121.531,-2.069],[121.535,-2.046],[121.551,-2.168],[121.613,-2.188],[121.676,-2.172],[121.825,-2.294],[122.035,-2.658],[122.009,-2.676],[122.011,-2.72],[122.086,-2.789],[122.14,-2.789],[122.184,-2.824],[122.207,-2.901],[122.252,-2.878],[122.315,-2.91],[122.307,-2.957],[122.25,-3.024],[122.372,-3.142],[122.427,-3.127],[122.487,-3.18],[122.428,-3.193],[122.426,-3.28],[122.401,-3.24],[122.356,-3.252],[122.368,-3.225],[122.326,-3.233],[122.311,-3.273],[122.296,-3.226],[122.313,-3.221],[122.315,-3.166],[122.257,-3.14],[122.265,-3.101],[122.202,-3.096],[122.161,-3.044],[122.126,-3.083],[122.066,-3.089],[122.03,-3.048],[121.953,-3.051],[121.885,-3.011],[121.866,-2.968],[121.834,-2.973],[121.67,-2.9],[121.686,-2.866],[121.651,-2.846],[121.707,-2.807],[121.747,-2.718],[121.735,-2.699],[121.773,-2.683],[121.784,-2.642],[121.697,-2.581],[121.673,-2.52],[121.63,-2.506],[121.621,-2.535],[121.585,-2.528],[121.57,-2.491],[121.442,-2.405],[121.391,-2.411],[121.292,-2.376],[121.255,-2.403],[121.199,-2.365],[121.135,-2.408],[121.105,-2.4],[121.085,-2.373],[121.108,-2.281],[121.047,-2.25],[120.994,-2.275],[120.958,-2.252],[120.88,-2.267],[120.855,-2.222],[120.783,-2.213],[120.743,-2.242],[120.687,-2.204],[120.548,-2.019],[120.523,-2.033],[120.53,-2.083],[120.508,-2.113],[120.399,-1.954],[120.392,-1.997],[120.344,-1.977],[120.313,-2.052],[120.232,-1.983],[120.195,-1.994],[120.175,-1.962],[120.116,-2.0],[120.075,-1.947],[120.045,-1.972],[119.995,-1.958],[119.9,-2.055],[119.846,-2.017],[119.871,-1.939],[119.847,-1.901],[119.875,-1.863],[119.871,-1.778],[119.796,-1.741],[119.795,-1.708]]],[[[122.525,-0.495],[122.617,-0.499],[122.559,-0.52],[122.525,-0.495]]],[[[121.659,-0.577],[121.698,-0.471],[121.739,-0.449],[121.769,-0.461],[121.77,-0.416],[121.783,-0.45],[121.851,-0.409],[121.915,-0.441],[121.917,-0.517],[121.886,-0.54],[121.863,-0.496],[121.834,-0.496],[121.862,-0.519],[121.831,-0.532],[121.783,-0.494],[121.747,-0.511],[121.738,-0.495],[121.7,-0.563],[121.659,-0.577]]],[[[121.912,-0.437],[121.862,-0.389],[121.888,-0.341],[121.915,-0.337],[121.928,-0.372],[121.972,-0.354],[121.925,-0.335],[121.942,-0.324],[122.013,-0.375],[122.04,-0.339],[122.06,-0.349],[122.055,-0.421],[122.017,-0.419],[122.009,-0.398],[122.005,-0.424],[121.912,-0.437]]],[[[122.094,-0.4],[122.097,-0.447],[122.063,-0.409],[122.084,-0.396],[122.06,-0.354],[122.091,-0.272],[122.153,-0.396],[122.126,-0.424],[122.094,-0.4]]],[[[122.397,-0.39],[122.302,-0.258],[122.251,-0.26],[122.229,-0.212],[122.38,-0.273],[122.368,-0.33],[122.397,-0.39]]],[[[122.089,-0.241],[122.081,-0.265],[122.028,-0.275],[122.044,-0.256],[122.089,-0.241]]],[[[122.177,-0.251],[122.146,-0.25],[122.209,-0.21],[122.185,-0.252],[122.219,-0.248],[122.251,-0.281],[122.234,-0.298],[122.24,-0.281],[122.179,-0.279],[122.177,-0.251]]],[[[121.597,-0.132],[121.654,-0.136],[121.636,-0.208],[121.603,-0.214],[121.567,-0.182],[121.597,-0.132]]],[[[120.675,1.013],[120.64,1.048],[120.599,1.064],[120.665,1.04],[120.675,1.013]]],[[[120.401,1.068],[120.391,1.009],[120.374,1.011],[120.368,1.048],[120.382,1.077],[120.401,1.068]]],[[[123.043,-3.593],[123.159,-3.558],[123.177,-3.62],[123.123,-3.612],[123.106,-3.639],[123.043,-3.593]]],[[[123.102,-3.504],[123.076,-3.525],[123.057,-3.525],[123.057,-3.514],[123.102,-3.504]]],[[[122.883,-3.434],[122.881,-3.404],[122.9,-3.4],[122.896,-3.43],[122.877,-3.444],[122.871,-3.409],[122.883,-3.434]]],[[[123.897,-2.074],[123.876,-2.081],[123.874,-2.077],[123.883,-2.059],[123.868,-2.073],[123.845,-2.064],[123.862,-2.007],[123.897,-2.074]]],[[[123.785,-2.028],[123.762,-2.06],[123.767,-2.007],[123.785,-2.028]]],[[[123.782,-1.929],[123.777,-1.949],[123.784,-1.879],[123.85,-1.947],[123.857,-2.01],[123.841,-1.991],[123.824,-2.027],[123.785,-1.984],[123.782,-1.929]]],[[[123.739,-1.953],[123.705,-1.93],[123.731,-1.9],[123.739,-1.953]]],[[[123.659,-1.942],[123.646,-1.959],[123.648,-1.897],[123.659,-1.942]]],[[[123.687,-1.918],[123.667,-1.909],[123.676,-1.882],[123.677,-1.895],[123.687,-1.918]]],[[[123.989,-1.821],[124.031,-1.872],[124.029,-1.895],[123.989,-1.821]]],[[[123.056,-1.924],[123.069,-1.886],[123.059,-1.83],[123.096,-1.76],[123.145,-1.799],[123.144,-1.853],[123.056,-1.924]]],[[[124.163,-1.747],[124.144,-1.764],[124.147,-1.737],[124.173,-1.744],[124.181,-1.767],[124.163,-1.789],[124.163,-1.747]]],[[[123.27,-1.786],[123.312,-1.718],[123.379,-1.673],[123.384,-1.722],[123.339,-1.735],[123.317,-1.778],[123.27,-1.786]]],[[[123.49,-1.715],[123.499,-1.59],[123.479,-1.548],[123.506,-1.496],[123.527,-1.51],[123.532,-1.477],[123.56,-1.599],[123.597,-1.593],[123.623,-1.624],[123.604,-1.63],[123.614,-1.696],[123.568,-1.728],[123.518,-1.7],[123.513,-1.725],[123.49,-1.715]]],[[[122.836,-1.519],[122.785,-1.456],[122.795,-1.371],[122.832,-1.277],[122.905,-1.182],[122.945,-1.185],[122.973,-1.216],[123.106,-1.16],[123.145,-1.211],[123.164,-1.151],[123.191,-1.151],[123.248,-1.229],[123.218,-1.27],[123.187,-1.264],[123.183,-1.32],[123.242,-1.401],[123.284,-1.358],[123.281,-1.319],[123.375,-1.221],[123.413,-1.224],[123.404,-1.252],[123.429,-1.27],[123.442,-1.234],[123.487,-1.269],[123.559,-1.282],[123.524,-1.433],[123.497,-1.467],[123.473,-1.462],[123.458,-1.519],[123.44,-1.505],[123.412,-1.531],[123.371,-1.497],[123.354,-1.525],[123.326,-1.415],[123.296,-1.41],[123.257,-1.441],[123.234,-1.595],[123.261,-1.625],[123.243,-1.649],[123.227,-1.596],[123.155,-1.641],[123.153,-1.612],[123.099,-1.599],[123.108,-1.566],[123.185,-1.514],[123.163,-1.453],[123.166,-1.303],[123.146,-1.296],[123.122,-1.318],[123.12,-1.295],[123.028,-1.437],[123.017,-1.492],[122.914,-1.595],[122.849,-1.578],[122.836,-1.519]]],[[[123.304,-1.28],[123.275,-1.215],[123.313,-1.174],[123.326,-1.2],[123.304,-1.28]]]]}},{"type":"Feature","properties":{"id":30,"name":"Sulawesi Barat"},"geometry":{"type":"MultiPolygon","coordinates":[[[[118.898,-2.631],[118.889,-2.653],[118.878,-2.626],[118.898,-2.631]]],[[[118.878,-3.473],[118.829,-3.17],[118.776,-3.092],[118.796,-3.071],[118.84,-3.079],[118.886,-2.891],[118.846,-2.85],[118.769,-2.867],[118.757,-2.785],[118.783,-2.747],[118.779,-2.689],[118.818,-2.62],[118.872,-2.681],[118.982,-2.629],[119.031,-2.581],[119.042,-2.508],[119.148,-2.467],[119.127,-2.466],[119.143,-2.393],[119.122,-2.319],[119.145,-2.198],[119.188,-2.153],[119.212,-1.997],[119.288,-1.953],[119.33,-1.963],[119.363,-1.859],[119.354,-1.819],[119.311,-1.798],[119.281,-1.687],[119.326,-1.59],[119.288,-1.45],[119.292,-1.39],[119.333,-1.349],[119.303,-1.273],[119.341,-1.168],[119.378,-1.165],[119.461,-1.074],[119.56,-0.849],[119.557,-1.01],[119.578,-1.03],[119.592,-1.183],[119.536,-1.178],[119.532,-1.235],[119.466,-1.299],[119.511,-1.312],[119.427,-1.348],[119.462,-1.396],[119.519,-1.409],[119.51,-1.451],[119.539,-1.422],[119.584,-1.425],[119.592,-1.396],[119.642,-1.404],[119.697,-1.451],[119.671,-1.545],[119.734,-1.606],[119.728,-1.638],[119.795,-1.708],[119.796,-1.741],[119.868,-1.772],[119.875,-1.863],[119.847,-1.902],[119.871,-1.939],[119.846,-2.017],[119.87,-2.018],[119.818,-2.059],[119.805,-2.112],[119.711,-2.142],[119.747,-2.221],[119.676,-2.27],[119.699,-2.314],[119.681,-2.328],[119.688,-2.371],[119.723,-2.393],[119.711,-2.516],[119.762,-2.572],[119.748,-2.713],[119.681,-2.756],[119.587,-2.742],[119.568,-2.795],[119.579,-2.837],[119.55,-2.898],[119.577,-2.95],[119.565,-2.994],[119.637,-3.128],[119.536,-3.139],[119.486,-3.189],[119.445,-3.191],[119.432,-3.167],[119.37,-3.199],[119.432,-3.262],[119.431,-3.339],[119.466,-3.377],[119.492,-3.475],[119.479,-3.502],[119.429,-3.46],[119.373,-3.463],[119.305,-3.425],[119.235,-3.485],[119.144,-3.492],[119.108,-3.516],[119.065,-3.503],[119.02,-3.516],[119.001,-3.563],[118.966,-3.545],[118.938,-3.57],[118.878,-3.473]]]]}},{"type":"Feature","properties":{"id":27,"name":"Sulawesi Selatan"},"geometry":{"type":"MultiPolygon","coordinates":[[[[117.314,-7.539],[117.281,-7.528],[117.335,-7.528],[117.314,-7.539]]],[[[119.096,-6.868],[119.099,-6.847],[119.125,-6.844],[119.123,-6.858],[119.096,-6.868]]],[[[120.426,-6.641],[120.436,-6.581],[120.441,-6.64],[120.426,-6.641]]],[[[120.399,-6.202],[120.415,-6.115],[120.42,-6.207],[120.399,-6.202]]],[[[120.426,-6.18],[120.466,-6.093],[120.453,-5.846],[120.462,-5.791],[120.493,-5.768],[120.53,-5.844],[120.568,-6.056],[120.524,-6.223],[120.538,-6.328],[120.495,-6.391],[120.51,-6.444],[120.483,-6.498],[120.454,-6.382],[120.471,-6.383],[120.481,-6.283],[120.446,-6.266],[120.426,-6.18]]],[[[119.289,-5.468],[119.318,-5.474],[119.296,-5.491],[119.318,-5.487],[119.317,-5.513],[119.273,-5.534],[119.245,-5.506],[119.259,-5.487],[119.255,-5.504],[119.278,-5.499],[119.289,-5.468]]],[[[117.921,-5.354],[117.953,-5.387],[117.947,-5.408],[117.928,-5.392],[117.921,-5.354]]],[[[117.9,-5.262],[117.889,-5.297],[117.889,-5.234],[117.9,-5.262]]],[[[117.662,-5.176],[117.681,-5.198],[117.656,-5.222],[117.652,-5.194],[117.662,-5.176]]],[[[121.723,-7.491],[121.8,-7.473],[121.804,-7.481],[121.751,-7.495],[121.723,-7.491]]],[[[121.746,-7.414],[121.785,-7.334],[121.84,-7.35],[121.822,-7.398],[121.782,-7.423],[121.746,-7.414]]],[[[121.083,-7.304],[121.167,-7.354],[121.157,-7.372],[121.1,-7.397],[121.06,-7.372],[121.082,-7.363],[121.083,-7.304]]],[[[121.052,-7.327],[120.83,-7.299],[120.795,-7.271],[120.839,-7.26],[121.064,-7.301],[121.052,-7.327]]],[[[121.728,-7.295],[121.752,-7.261],[121.779,-7.273],[121.728,-7.295]]],[[[120.595,-7.1],[120.555,-7.08],[120.613,-7.085],[120.595,-7.1]]],[[[120.767,-7.136],[120.632,-7.133],[120.635,-7.099],[120.604,-7.074],[120.627,-7.052],[120.621,-7.002],[120.748,-7.079],[120.786,-7.06],[120.767,-7.136]]],[[[120.789,-6.779],[120.812,-6.837],[120.796,-6.867],[120.779,-6.799],[120.789,-6.779]]],[[[119.386,-5.158],[119.434,-5.104],[119.416,-5.094],[119.447,-5.101],[119.479,-5.06],[119.466,-5.026],[119.525,-4.924],[119.482,-4.751],[119.594,-4.57],[119.596,-4.417],[119.637,-4.319],[119.595,-4.24],[119.625,-4.236],[119.608,-4.217],[119.638,-4.173],[119.605,-4.103],[119.635,-3.968],[119.586,-3.974],[119.593,-4.005],[119.614,-4.005],[119.587,-4.04],[119.571,-3.949],[119.453,-3.713],[119.459,-3.642],[119.511,-3.596],[119.513,-3.56],[119.474,-3.502],[119.492,-3.475],[119.466,-3.377],[119.431,-3.339],[119.432,-3.262],[119.369,-3.202],[119.432,-3.167],[119.445,-3.191],[119.486,-3.189],[119.536,-3.139],[119.637,-3.128],[119.565,-2.994],[119.577,-2.95],[119.55,-2.898],[119.586,-2.743],[119.681,-2.756],[119.749,-2.71],[119.762,-2.572],[119.711,-2.516],[119.723,-2.393],[119.688,-2.371],[119.681,-2.328],[119.699,-2.314],[119.676,-2.27],[119.747,-2.221],[119.711,-2.142],[119.805,-2.112],[119.818,-2.059],[119.87,-2.018],[119.91,-2.053],[119.996,-1.958],[120.045,-1.972],[120.075,-1.947],[120.116,-2.0],[120.175,-1.962],[120.195,-1.994],[120.232,-1.983],[120.313,-2.052],[120.344,-1.977],[120.392,-1.997],[120.399,-1.954],[120.508,-2.113],[120.53,-2.083],[120.523,-2.033],[120.548,-2.019],[120.687,-2.204],[120.743,-2.242],[120.783,-2.213],[120.855,-2.222],[120.88,-2.267],[120.958,-2.252],[120.994,-2.275],[121.047,-2.25],[121.108,-2.281],[121.085,-2.373],[121.105,-2.4],[121.135,-2.408],[121.199,-2.365],[121.255,-2.403],[121.292,-2.376],[121.391,-2.411],[121.442,-2.405],[121.57,-2.491],[121.585,-2.528],[121.621,-2.535],[121.63,-2.506],[121.673,-2.52],[121.697,-2.581],[121.784,-2.642],[121.773,-2.683],[121.735,-2.699],[121.747,-2.718],[121.707,-2.807],[121.651,-2.846],[121.689,-2.888],[121.516,-2.925],[121.462,-3.011],[121.389,-3.014],[121.089,-2.775],[120.995,-2.829],[120.997,-2.87],[120.975,-2.808],[121.017,-2.809],[121.097,-2.717],[121.038,-2.695],[121.025,-2.652],[120.995,-2.679],[120.89,-2.64],[120.857,-2.657],[120.808,-2.619],[120.572,-2.686],[120.538,-2.756],[120.45,-2.826],[120.188,-2.968],[120.258,-3.064],[120.256,-3.161],[120.382,-3.202],[120.389,-3.25],[120.421,-3.265],[120.399,-3.289],[120.408,-3.409],[120.379,-3.5],[120.417,-3.573],[120.412,-3.664],[120.441,-3.739],[120.344,-3.892],[120.342,-3.998],[120.361,-4.022],[120.33,-4.096],[120.381,-4.172],[120.365,-4.299],[120.393,-4.333],[120.347,-4.426],[120.401,-4.48],[120.377,-4.514],[120.399,-4.606],[120.458,-4.658],[120.4,-4.711],[120.383,-4.838],[120.337,-4.84],[120.306,-4.868],[120.308,-5.004],[120.288,-5.039],[120.293,-5.118],[120.271,-5.142],[120.343,-5.301],[120.405,-5.342],[120.472,-5.622],[120.394,-5.587],[120.357,-5.524],[120.318,-5.507],[120.13,-5.588],[119.937,-5.544],[119.839,-5.635],[119.843,-5.67],[119.79,-5.701],[119.647,-5.682],[119.658,-5.643],[119.612,-5.613],[119.58,-5.657],[119.557,-5.649],[119.545,-5.619],[119.553,-5.595],[119.569,-5.605],[119.512,-5.569],[119.509,-5.538],[119.46,-5.577],[119.489,-5.604],[119.44,-5.596],[119.418,-5.56],[119.432,-5.511],[119.363,-5.419],[119.354,-5.326],[119.386,-5.158]],[[119.958,-4.267],[119.959,-4.268],[119.959,-4.267],[119.958,-4.267]],[[119.938,-4.23],[119.938,-4.23],[119.938,-4.23],[119.938,-4.23]],[[119.948,-4.154],[119.948,-4.154],[119.948,-4.147],[119.948,-4.154]]]]}},{"type":"Feature","properties":{"id":36,"name":"Papua Tengah"},"geometry":{"type":"MultiPolygon","coordinates":[[[[136.767,-4.86],[136.795,-4.845],[136.778,-4.868],[136.767,-4.86]]],[[[135.009,-4.342],[135.018,-4.348],[134.959,-4.325],[134.93,-4.3],[135.007,-4.343],[135.009,-4.342]]],[[[135.211,-4.465],[135.04,-4.376],[135.015,-4.337],[134.885,-4.252],[134.936,-4.227],[134.957,-4.155],[135.053,-4.052],[135.037,-3.989],[135.099,-3.954],[135.06,-3.87],[135.033,-3.881],[135.02,-3.86],[135.045,-3.807],[135.016,-3.721],[135.051,-3.689],[135.129,-3.689],[135.203,-3.585],[135.175,-3.573],[135.139,-3.613],[135.119,-3.579],[135.05,-3.611],[135.014,-3.599],[134.988,-3.582],[135.007,-3.551],[134.925,-3.476],[134.917,-3.439],[134.869,-3.424],[134.847,-3.384],[134.81,-3.369],[134.76,-3.388],[134.727,-3.361],[134.67,-3.17],[134.609,-3.128],[134.633,-3.115],[134.617,-3.084],[134.631,-3.051],[134.585,-2.803],[134.638,-2.757],[134.661,-2.756],[134.692,-2.971],[134.77,-2.991],[134.777,-2.941],[134.818,-2.941],[134.804,-2.912],[134.832,-2.913],[134.83,-2.878],[134.853,-2.886],[134.831,-2.968],[134.853,-3.003],[134.811,-3.038],[134.838,-3.096],[134.813,-3.082],[134.8,-3.131],[134.832,-3.125],[134.863,-3.159],[134.861,-3.25],[134.937,-3.272],[134.917,-3.244],[134.957,-3.245],[134.952,-3.222],[134.964,-3.246],[134.945,-3.284],[135.001,-3.336],[135.07,-3.334],[135.113,-3.382],[135.342,-3.397],[135.503,-3.357],[135.558,-3.3],[135.554,-3.263],[135.596,-3.194],[135.767,-3.111],[135.768,-3.088],[135.73,-3.068],[135.803,-3.048],[135.923,-2.961],[135.935,-2.905],[135.905,-2.87],[136.011,-2.706],[136.048,-2.72],[136.05,-2.771],[136.143,-2.773],[136.144,-2.797],[136.217,-2.807],[136.243,-2.861],[136.265,-2.85],[136.265,-2.887],[136.294,-2.881],[136.289,-2.912],[136.32,-2.937],[136.297,-2.975],[136.311,-3.018],[136.388,-3.009],[136.463,-3.062],[136.572,-3.047],[136.517,-3.184],[136.567,-3.254],[136.666,-3.225],[136.727,-3.238],[136.654,-3.195],[136.646,-3.16],[136.668,-3.137],[136.765,-3.193],[136.737,-3.238],[136.745,-3.267],[136.878,-3.245],[136.85,-3.258],[136.899,-3.407],[136.96,-3.391],[136.962,-3.344],[136.918,-3.33],[136.888,-3.262],[136.918,-3.233],[136.884,-3.146],[137.041,-3.204],[136.951,-3.284],[137.003,-3.318],[137.062,-3.234],[137.064,-3.178],[137.125,-3.123],[137.161,-3.132],[137.188,-3.107],[137.251,-3.123],[137.361,-3.068],[137.38,-3.097],[137.444,-3.107],[137.622,-3.04],[137.63,-3.065],[137.703,-3.038],[137.725,-3.066],[137.769,-3.049],[137.79,-3.084],[137.847,-3.049],[137.882,-3.083],[137.885,-3.04],[137.908,-3.051],[137.898,-3.015],[137.93,-3.026],[137.961,-3.001],[137.958,-3.028],[137.978,-3.031],[138.01,-3.022],[137.998,-2.992],[138.026,-3.016],[138.056,-2.983],[138.059,-3.022],[138.037,-3.038],[138.053,-3.049],[138.016,-3.051],[138.026,-3.08],[137.984,-3.147],[138.01,-3.155],[138.019,-3.217],[138.097,-3.259],[138.103,-3.306],[138.135,-3.298],[138.128,-3.326],[138.039,-3.311],[138.015,-3.335],[138.052,-3.363],[138.035,-3.425],[138.055,-3.444],[138.063,-3.557],[138.1,-3.602],[138.195,-3.599],[138.256,-3.645],[138.267,-3.628],[138.283,-3.704],[138.318,-3.709],[138.259,-3.774],[138.349,-3.765],[138.354,-3.826],[138.266,-3.827],[138.182,-3.901],[138.086,-3.908],[138.08,-3.873],[137.963,-3.932],[137.946,-4.025],[138.006,-4.12],[137.959,-4.138],[137.954,-4.166],[137.925,-4.162],[137.926,-4.19],[137.88,-4.177],[137.843,-4.194],[137.841,-4.15],[137.736,-4.121],[137.71,-4.192],[137.725,-4.216],[137.825,-4.238],[137.851,-4.205],[137.865,-4.278],[137.897,-4.263],[137.902,-4.215],[137.971,-4.222],[137.933,-4.425],[137.865,-4.424],[137.827,-4.536],[137.925,-4.601],[137.828,-4.597],[137.808,-4.618],[137.827,-4.646],[137.768,-4.647],[137.784,-4.684],[137.892,-4.752],[137.897,-4.78],[137.865,-4.863],[137.825,-4.896],[137.85,-4.932],[137.805,-5.002],[137.82,-5.026],[137.747,-5.005],[137.774,-5.062],[137.717,-5.111],[137.745,-5.138],[137.705,-5.151],[137.678,-5.218],[137.565,-5.18],[137.548,-5.137],[137.497,-5.146],[137.449,-5.099],[137.42,-5.124],[137.328,-5.027],[137.279,-5.024],[137.238,-4.987],[137.212,-4.977],[137.182,-5.008],[137.126,-4.961],[137.094,-4.975],[137.032,-4.918],[136.977,-4.939],[136.9,-4.881],[136.831,-4.914],[136.789,-4.878],[136.808,-4.834],[136.845,-4.828],[136.768,-4.814],[136.74,-4.872],[136.566,-4.782],[136.541,-4.788],[136.455,-4.723],[136.446,-4.742],[136.448,-4.719],[136.323,-4.655],[136.297,-4.675],[136.143,-4.631],[136.13,-4.608],[136.11,-4.621],[135.926,-4.492],[135.719,-4.497],[135.402,-4.427],[135.211,-4.465]]],[[[135.796,-2.95],[135.731,-2.983],[135.71,-2.974],[135.73,-2.941],[135.796,-2.95]]],[[[135.737,-2.914],[135.703,-2.935],[135.672,-2.942],[135.7,-2.921],[135.737,-2.914]]],[[[134.863,-2.708],[134.805,-2.713],[134.807,-2.686],[134.847,-2.687],[134.863,-2.708]]]]}},{"type":"Feature","properties":{"id":34,"name":"Papua Barat"},"geometry":{"type":"MultiPolygon","coordinates":[[[[133.319,-4.098],[133.554,-4.218],[133.639,-4.308],[133.548,-4.234],[133.46,-4.251],[133.42,-4.206],[133.332,-4.182],[133.348,-4.167],[133.323,-4.148],[133.319,-4.098]]],[[[132.684,-3.452],[132.638,-3.431],[132.63,-3.405],[132.686,-3.427],[132.718,-3.505],[132.677,-3.489],[132.684,-3.452]]],[[[132.756,-3.447],[132.741,-3.471],[132.749,-3.435],[132.756,-3.447]]],[[[133.628,-3.428],[133.617,-3.452],[133.597,-3.433],[133.61,-3.418],[133.628,-3.428]]],[[[132.514,-3.135],[132.438,-3.097],[132.545,-3.15],[132.514,-3.135]]],[[[132.321,-2.992],[132.18,-2.979],[132.17,-2.969],[132.25,-2.968],[132.321,-2.992]]],[[[132.461,-2.668],[132.464,-2.625],[132.509,-2.637],[132.509,-2.654],[132.461,-2.668]]],[[[131.667,-2.623],[131.628,-2.646],[131.587,-2.658],[131.646,-2.623],[131.667,-2.623]]],[[[133.395,-2.664],[133.39,-2.58],[133.4,-2.605],[133.41,-2.614],[133.399,-2.618],[133.395,-2.664]]],[[[133.516,-2.621],[133.5,-2.604],[133.516,-2.593],[133.528,-2.61],[133.513,-2.645],[133.516,-2.621]]],[[[133.434,-2.644],[133.419,-2.673],[133.411,-2.694],[133.399,-2.686],[133.407,-2.64],[133.42,-2.642],[133.432,-2.629],[133.436,-2.606],[133.421,-2.563],[133.405,-2.546],[133.424,-2.543],[133.453,-2.557],[133.458,-2.623],[133.434,-2.644]]],[[[133.408,-2.637],[133.413,-2.614],[133.391,-2.566],[133.402,-2.552],[133.433,-2.599],[133.408,-2.637]]],[[[133.555,-2.603],[133.519,-2.578],[133.533,-2.547],[133.569,-2.554],[133.558,-2.575],[133.567,-2.59],[133.555,-2.603]]],[[[133.476,-2.638],[133.463,-2.619],[133.474,-2.503],[133.515,-2.589],[133.497,-2.605],[133.514,-2.628],[133.476,-2.638]]],[[[133.452,-2.555],[133.426,-2.542],[133.403,-2.544],[133.423,-2.504],[133.442,-2.499],[133.452,-2.555]]],[[[132.118,-2.95],[132.087,-2.96],[132.058,-2.887],[132.047,-2.923],[132.008,-2.889],[131.978,-2.901],[131.981,-2.923],[131.975,-2.897],[131.986,-2.891],[131.976,-2.879],[132.029,-2.876],[132.039,-2.837],[131.978,-2.83],[132.071,-2.789],[131.95,-2.769],[132.05,-2.73],[132.067,-2.749],[132.074,-2.725],[132.106,-2.745],[132.096,-2.709],[132.121,-2.725],[132.207,-2.702],[132.112,-2.694],[132.143,-2.664],[132.438,-2.678],[132.416,-2.694],[132.455,-2.707],[132.42,-2.724],[132.437,-2.737],[132.497,-2.712],[132.467,-2.694],[132.488,-2.68],[132.569,-2.688],[132.731,-2.803],[132.791,-2.787],[133.042,-2.496],[133.127,-2.437],[133.213,-2.412],[133.304,-2.445],[133.31,-2.51],[133.289,-2.512],[133.313,-2.517],[133.324,-2.468],[133.376,-2.509],[133.373,-2.62],[133.395,-2.688],[133.409,-2.695],[133.439,-2.675],[133.438,-2.644],[133.463,-2.632],[133.493,-2.646],[133.503,-2.638],[133.513,-2.647],[133.529,-2.642],[133.535,-2.61],[133.564,-2.608],[133.572,-2.565],[133.638,-2.532],[133.673,-2.567],[133.662,-2.658],[133.69,-2.616],[133.747,-2.621],[133.74,-2.663],[133.761,-2.674],[133.805,-2.647],[133.808,-2.544],[133.784,-2.49],[133.819,-2.462],[133.821,-2.446],[133.853,-2.473],[133.867,-2.47],[133.871,-2.456],[133.903,-2.482],[133.976,-2.479],[133.987,-2.448],[133.946,-2.414],[133.989,-2.389],[133.989,-2.386],[133.986,-2.382],[133.986,-2.366],[133.99,-2.365],[133.949,-2.325],[133.992,-2.3],[134.0,-2.245],[133.986,-2.224],[133.942,-2.232],[133.941,-2.134],[133.966,-2.122],[133.973,-2.099],[133.968,-2.092],[133.95,-2.093],[133.951,-2.06],[133.906,-2.104],[133.841,-2.096],[133.817,-2.137],[133.719,-2.162],[133.621,-2.232],[133.566,-2.212],[133.52,-2.235],[133.425,-2.23],[133.372,-2.202],[133.325,-2.219],[133.273,-2.195],[133.226,-2.215],[133.178,-2.194],[133.03,-2.239],[132.96,-2.292],[132.944,-2.262],[132.901,-2.281],[132.826,-2.242],[132.709,-2.299],[132.641,-2.286],[132.598,-2.196],[132.637,-2.148],[132.639,-2.09],[132.666,-2.109],[132.696,-2.085],[132.688,-2.049],[132.654,-2.036],[132.666,-2.015],[132.642,-2.021],[132.635,-1.985],[132.614,-1.987],[132.656,-1.962],[132.646,-1.922],[132.618,-1.913],[132.637,-1.904],[132.622,-1.876],[132.733,-1.877],[132.787,-1.573],[132.824,-1.564],[132.858,-1.502],[132.854,-1.45],[132.905,-1.397],[132.905,-1.292],[133.007,-1.357],[133.154,-1.251],[133.239,-1.252],[133.242,-1.185],[133.368,-1.225],[133.408,-1.203],[133.433,-1.174],[133.442,-0.998],[133.471,-0.928],[133.426,-0.8],[133.474,-0.8],[133.486,-0.741],[133.545,-0.747],[133.573,-0.721],[133.718,-0.752],[133.754,-0.719],[133.817,-0.749],[133.872,-0.715],[133.933,-0.733],[133.951,-0.714],[134.136,-0.863],[134.121,-0.881],[134.051,-0.869],[134.045,-0.928],[134.009,-0.957],[134.069,-1.028],[134.104,-1.131],[134.189,-1.201],[134.278,-1.344],[134.214,-1.407],[134.202,-1.55],[134.067,-1.674],[134.096,-1.684],[134.08,-1.693],[134.102,-1.862],[134.121,-1.863],[134.143,-1.993],[134.102,-2.052],[134.105,-2.099],[134.118,-2.164],[134.141,-2.157],[134.146,-2.202],[134.125,-2.209],[134.156,-2.243],[134.174,-2.353],[134.214,-2.419],[134.261,-2.431],[134.264,-2.463],[134.313,-2.507],[134.286,-2.52],[134.311,-2.516],[134.339,-2.551],[134.319,-2.587],[134.375,-2.644],[134.366,-2.668],[134.409,-2.719],[134.406,-2.768],[134.455,-2.811],[134.459,-2.863],[134.496,-2.86],[134.524,-2.792],[134.461,-2.549],[134.513,-2.484],[134.569,-2.485],[134.512,-2.474],[134.551,-2.472],[134.533,-2.449],[134.603,-2.489],[134.631,-2.474],[134.661,-2.612],[134.661,-2.756],[134.585,-2.803],[134.631,-3.051],[134.617,-3.084],[134.633,-3.115],[134.609,-3.128],[134.67,-3.17],[134.727,-3.36],[134.76,-3.388],[134.81,-3.369],[134.847,-3.384],[134.869,-3.424],[134.917,-3.439],[134.925,-3.476],[135.007,-3.551],[134.988,-3.582],[135.014,-3.599],[135.05,-3.611],[135.119,-3.579],[135.139,-3.613],[135.175,-3.573],[135.203,-3.585],[135.129,-3.689],[135.051,-3.689],[135.016,-3.721],[135.045,-3.807],[135.02,-3.86],[135.033,-3.881],[135.06,-3.87],[135.099,-3.954],[135.037,-3.989],[135.053,-4.052],[134.957,-4.155],[134.936,-4.227],[134.887,-4.252],[134.815,-4.252],[134.722,-4.195],[134.716,-4.135],[134.701,-4.12],[134.691,-4.119],[134.682,-4.125],[134.663,-4.123],[134.656,-4.129],[134.681,-4.131],[134.698,-4.12],[134.712,-4.136],[134.693,-4.14],[134.651,-4.133],[134.629,-4.118],[134.654,-4.052],[134.649,-4.102],[134.656,-4.073],[134.678,-4.085],[134.725,-4.057],[134.675,-4.044],[134.662,-3.982],[134.733,-3.964],[134.768,-3.934],[134.834,-3.951],[134.83,-3.963],[134.846,-3.986],[134.858,-3.989],[134.866,-3.982],[134.865,-4.004],[134.869,-3.977],[134.946,-3.983],[134.97,-3.962],[134.912,-3.963],[134.932,-3.934],[134.876,-3.95],[134.771,-3.916],[134.741,-3.918],[134.74,-3.94],[134.661,-3.924],[134.604,-3.999],[134.506,-4.044],[134.446,-3.981],[134.475,-3.972],[134.438,-3.918],[134.406,-3.924],[134.333,-3.878],[134.326,-3.895],[134.36,-3.916],[134.342,-3.915],[134.35,-3.966],[134.269,-3.937],[134.334,-4.021],[134.291,-4.048],[134.25,-3.977],[134.163,-3.927],[134.169,-3.89],[134.161,-3.911],[134.105,-3.898],[134.191,-3.833],[134.136,-3.741],[134.098,-3.766],[134.118,-3.792],[134.06,-3.822],[134.041,-3.782],[133.984,-3.823],[133.96,-3.862],[133.914,-3.785],[133.918,-3.751],[133.942,-3.772],[133.934,-3.749],[133.913,-3.749],[133.907,-3.699],[133.839,-3.63],[133.833,-3.555],[133.784,-3.601],[133.816,-3.727],[133.752,-3.646],[133.69,-3.67],[133.708,-3.604],[133.621,-3.477],[133.7,-3.412],[133.664,-3.319],[133.676,-3.317],[133.668,-3.228],[133.701,-3.209],[133.698,-3.171],[133.773,-3.175],[133.772,-3.114],[133.8,-3.119],[133.827,-3.089],[133.835,-3.019],[133.911,-3.113],[133.858,-3.026],[133.853,-2.941],[133.809,-2.907],[133.826,-2.944],[133.793,-3.029],[133.73,-3.028],[133.648,-3.123],[133.672,-3.21],[133.648,-3.235],[133.665,-3.302],[133.65,-3.395],[133.633,-3.417],[133.607,-3.409],[133.541,-3.429],[133.521,-3.378],[133.496,-3.372],[133.517,-3.436],[133.478,-3.45],[133.55,-3.454],[133.598,-3.529],[133.581,-3.572],[133.402,-3.698],[133.395,-3.749],[133.459,-3.857],[133.4,-3.886],[133.252,-4.072],[133.07,-4.055],[133.027,-4.077],[133.015,-4.118],[132.913,-4.085],[132.916,-4.046],[132.841,-3.99],[132.843,-3.961],[132.835,-3.948],[132.811,-3.95],[132.812,-3.921],[132.845,-3.957],[132.843,-3.925],[132.733,-3.683],[132.742,-3.626],[132.891,-3.645],[132.903,-3.574],[132.94,-3.554],[132.908,-3.547],[132.923,-3.534],[132.888,-3.503],[132.896,-3.462],[132.852,-3.477],[132.816,-3.443],[132.8,-3.36],[132.844,-3.298],[132.808,-3.292],[132.808,-3.261],[132.784,-3.276],[132.77,-3.257],[132.728,-3.279],[132.729,-3.337],[132.662,-3.316],[132.596,-3.229],[132.638,-3.221],[132.645,-3.19],[132.582,-3.164],[132.562,-3.11],[132.48,-3.035],[132.35,-2.965],[132.348,-2.932],[132.344,-2.947],[132.313,-2.924],[132.216,-2.925],[132.207,-2.905],[132.2,-2.93],[132.186,-2.911],[132.154,-2.941],[132.097,-2.931],[132.118,-2.95]]],[[[133.616,-2.488],[133.596,-2.521],[133.565,-2.514],[133.519,-2.482],[133.491,-2.414],[133.599,-2.458],[133.616,-2.488]]],[[[133.33,-2.422],[133.369,-2.479],[133.367,-2.497],[133.314,-2.438],[133.33,-2.422]]],[[[133.876,-3.718],[133.925,-3.874],[133.884,-3.797],[133.876,-3.718]]],[[[133.767,-3.051],[133.793,-3.086],[133.793,-3.109],[133.759,-3.076],[133.767,-3.051]]],[[[133.785,-2.658],[133.759,-2.672],[133.752,-2.62],[133.693,-2.61],[133.694,-2.538],[133.707,-2.551],[133.741,-2.562],[133.753,-2.557],[133.775,-2.582],[133.785,-2.658]]],[[[133.798,-2.633],[133.767,-2.513],[133.785,-2.516],[133.798,-2.633]]],[[[133.707,-2.549],[133.694,-2.499],[133.735,-2.505],[133.751,-2.555],[133.707,-2.549]]],[[[133.675,-2.524],[133.638,-2.508],[133.653,-2.489],[133.67,-2.498],[133.675,-2.524]]],[[[133.865,-2.469],[133.819,-2.444],[133.768,-2.481],[133.729,-2.441],[133.832,-2.409],[133.865,-2.469]]],[[[133.926,-2.276],[133.921,-2.301],[133.867,-2.291],[133.905,-2.27],[133.926,-2.276]]],[[[133.806,-2.238],[133.793,-2.279],[133.771,-2.272],[133.768,-2.234],[133.842,-2.232],[133.806,-2.238]]],[[[133.848,-2.237],[133.841,-2.265],[133.844,-2.285],[133.799,-2.283],[133.807,-2.239],[133.819,-2.245],[133.836,-2.241],[133.843,-2.231],[133.84,-2.203],[133.866,-2.211],[133.848,-2.237]]],[[[133.756,-2.216],[133.747,-2.25],[133.676,-2.264],[133.72,-2.228],[133.756,-2.216]]],[[[133.883,-2.249],[133.889,-2.265],[133.849,-2.284],[133.869,-2.212],[133.854,-2.205],[133.895,-2.186],[133.883,-2.249]]],[[[133.674,-2.231],[133.718,-2.177],[133.766,-2.177],[133.695,-2.236],[133.674,-2.231]]],[[[133.89,-2.187],[133.854,-2.2],[133.864,-2.172],[133.89,-2.187]]],[[[133.819,-2.15],[133.859,-2.152],[133.835,-2.161],[133.841,-2.19],[133.776,-2.195],[133.819,-2.15]]],[[[133.881,-2.144],[133.931,-2.134],[133.939,-2.143],[133.886,-2.174],[133.881,-2.144]]],[[[133.873,-2.112],[133.869,-2.14],[133.836,-2.131],[133.841,-2.104],[133.873,-2.112]]],[[[133.922,-2.093],[133.921,-2.113],[133.878,-2.134],[133.876,-2.115],[133.916,-2.108],[133.922,-2.093]]],[[[134.261,-4.047],[134.233,-4.035],[134.228,-4.003],[134.259,-4.018],[134.261,-4.047]]],[[[134.363,-4.033],[134.386,-4.018],[134.377,-3.984],[134.445,-4.02],[134.363,-4.033]]],[[[134.162,-3.983],[134.165,-3.974],[134.177,-4.009],[134.205,-4.016],[134.204,-4.031],[134.083,-3.984],[134.051,-3.922],[134.099,-3.916],[134.162,-3.983]]],[[[134.846,-3.981],[134.843,-3.952],[134.861,-3.985],[134.846,-3.981]]],[[[134.727,-3.954],[134.692,-3.964],[134.679,-3.943],[134.718,-3.939],[134.727,-3.954]]],[[[133.998,-3.852],[134.021,-3.808],[134.045,-3.823],[133.998,-3.852]]],[[[134.387,-2.576],[134.369,-2.549],[134.37,-2.524],[134.394,-2.537],[134.387,-2.576]]],[[[133.899,-2.476],[133.839,-2.395],[133.941,-2.396],[133.947,-2.431],[133.985,-2.449],[133.975,-2.476],[133.899,-2.476]]],[[[133.987,-2.384],[133.949,-2.395],[133.823,-2.375],[133.947,-2.329],[133.987,-2.384]]],[[[134.532,-2.414],[134.503,-2.36],[134.564,-2.367],[134.551,-2.333],[134.571,-2.283],[134.591,-2.396],[134.561,-2.406],[134.579,-2.42],[134.567,-2.44],[134.532,-2.428],[134.564,-2.418],[134.532,-2.414]]],[[[133.854,-2.343],[133.823,-2.332],[133.831,-2.318],[133.927,-2.306],[133.954,-2.234],[133.986,-2.227],[133.99,-2.3],[133.854,-2.343]]],[[[133.886,-2.25],[133.901,-2.231],[133.932,-2.258],[133.925,-2.27],[133.886,-2.25]]],[[[133.933,-2.191],[133.93,-2.216],[133.932,-2.257],[133.897,-2.226],[133.906,-2.193],[133.933,-2.191]]],[[[133.934,-2.188],[133.906,-2.191],[133.895,-2.183],[133.919,-2.169],[133.934,-2.188]]],[[[133.94,-2.128],[133.942,-2.107],[133.968,-2.096],[133.961,-2.12],[133.94,-2.128]]],[[[133.929,-2.118],[133.927,-2.09],[133.949,-2.085],[133.947,-2.092],[133.952,-2.1],[133.939,-2.107],[133.936,-2.126],[133.902,-2.136],[133.929,-2.118]]],[[[134.385,-2.082],[134.349,-2.167],[134.339,-2.111],[134.314,-2.096],[134.387,-1.994],[134.408,-2.004],[134.411,-2.073],[134.385,-2.082]]],[[[134.141,-1.897],[134.147,-1.83],[134.222,-1.734],[134.238,-1.758],[134.221,-1.792],[134.196,-1.794],[134.197,-1.835],[134.205,-1.81],[134.216,-1.83],[134.166,-1.951],[134.141,-1.897]]]]}},{"type":"Feature","properties":{"id":29,"name":"Gorontalo"},"geometry":{"type":"MultiPolygon","coordinates":[[[[121.707,0.485],[121.69,0.487],[121.685,0.51],[121.701,0.508],[121.707,0.485]]],[[[121.44,0.501],[121.409,0.472],[121.409,0.488],[121.337,0.473],[121.352,0.493],[121.318,0.543],[121.33,0.575],[121.242,0.6],[121.229,0.646],[121.166,0.669],[121.187,0.759],[121.219,0.791],[121.352,0.796],[121.36,0.855],[121.481,0.838],[121.531,0.852],[121.542,0.879],[121.603,0.873],[121.814,0.951],[121.851,0.993],[121.955,0.907],[122.015,0.909],[122.039,0.962],[122.017,0.955],[122.069,1.005],[122.189,1.04],[122.239,0.993],[122.242,1.01],[122.315,1.006],[122.334,1.041],[122.362,0.996],[122.393,1.014],[122.444,0.999],[122.452,1.032],[122.558,0.961],[122.61,0.944],[122.624,0.964],[122.688,0.894],[122.722,0.887],[122.713,0.867],[122.774,0.878],[122.796,0.834],[122.824,0.84],[122.849,0.801],[122.951,0.894],[122.976,0.94],[122.946,0.938],[122.945,0.964],[122.986,0.968],[123.087,0.906],[123.095,0.93],[123.121,0.926],[123.122,0.889],[123.271,0.803],[123.247,0.717],[123.322,0.699],[123.383,0.64],[123.487,0.626],[123.488,0.602],[123.533,0.577],[123.526,0.542],[123.552,0.511],[123.523,0.489],[123.55,0.434],[123.48,0.354],[123.482,0.321],[123.458,0.338],[123.345,0.306],[123.228,0.348],[123.059,0.507],[122.989,0.485],[122.822,0.498],[122.692,0.473],[122.66,0.515],[122.643,0.476],[122.592,0.496],[122.602,0.51],[122.578,0.493],[122.552,0.514],[122.546,0.49],[122.544,0.508],[122.447,0.517],[122.436,0.5],[122.389,0.521],[122.352,0.493],[122.318,0.508],[122.281,0.475],[122.233,0.487],[122.152,0.462],[122.112,0.498],[121.804,0.41],[121.722,0.521],[121.685,0.513],[121.655,0.541],[121.621,0.522],[121.619,0.548],[121.602,0.527],[121.533,0.555],[121.494,0.479],[121.448,0.466],[121.44,0.501]]],[[[122.893,0.853],[122.878,0.893],[122.852,0.897],[122.884,0.897],[122.892,0.889],[122.893,0.853]]],[[[122.756,0.906],[122.813,0.892],[122.807,0.875],[122.756,0.906]]]]}},{"type":"Feature","properties":{"id":4,"name":"Riau"},"geometry":{"type":"MultiPolygon","coordinates":[[[[100.289,0.399],[100.198,0.628],[100.221,0.665],[100.284,0.682],[100.274,0.727],[100.212,0.736],[100.124,0.816],[100.144,0.898],[100.122,0.896],[100.088,0.926],[100.12,0.91],[100.151,0.935],[100.139,0.984],[100.166,1.002],[100.116,1.093],[100.184,1.125],[100.114,1.212],[100.126,1.256],[100.05,1.369],[100.123,1.406],[100.307,1.418],[100.341,1.438],[100.318,1.441],[100.272,1.472],[100.377,1.45],[100.434,1.52],[100.404,1.578],[100.418,1.665],[100.366,1.686],[100.352,1.732],[100.387,1.778],[100.28,1.812],[100.289,1.875],[100.318,1.902],[100.324,2.061],[100.373,2.193],[100.307,2.375],[100.322,2.548],[100.394,2.318],[100.559,2.161],[100.763,2.086],[100.789,2.119],[100.781,2.183],[100.76,2.251],[100.775,2.284],[100.925,2.305],[101.046,2.292],[101.076,2.215],[101.303,2.042],[101.364,1.831],[101.357,1.779],[101.402,1.704],[101.562,1.637],[101.752,1.664],[102.004,1.459],[102.149,1.379],[102.153,1.262],[102.209,1.189],[102.191,1.094],[102.227,0.999],[102.419,0.802],[102.572,0.739],[102.677,0.756],[102.895,0.728],[103.096,0.495],[103.107,0.456],[103.076,0.441],[103.11,0.385],[103.158,0.406],[103.196,0.475],[103.295,0.51],[103.327,0.545],[103.421,0.517],[103.585,0.393],[103.603,0.346],[103.703,0.306],[103.758,0.211],[103.813,-0.007],[103.685,-0.028],[103.614,-0.006],[103.569,-0.036],[103.595,-0.037],[103.581,-0.062],[103.492,-0.085],[103.473,-0.102],[103.469,-0.12],[103.501,-0.146],[103.456,-0.184],[103.471,-0.21],[103.639,-0.225],[103.665,-0.254],[103.709,-0.256],[103.786,-0.342],[103.591,-0.391],[103.606,-0.436],[103.544,-0.504],[103.421,-0.522],[103.438,-0.553],[103.405,-0.692],[103.437,-0.711],[103.437,-0.778],[103.353,-0.799],[103.312,-0.765],[103.301,-0.781],[103.112,-0.747],[103.004,-0.755],[102.928,-0.866],[102.786,-0.979],[102.781,-1.032],[102.753,-1.024],[102.729,-1.08],[102.682,-1.081],[102.644,-1.127],[102.614,-1.096],[102.473,-1.086],[102.441,-1.031],[102.375,-1.034],[102.383,-0.994],[102.289,-0.915],[102.203,-0.947],[102.166,-0.9],[102.117,-0.921],[102.012,-0.878],[101.962,-0.917],[101.915,-0.919],[101.908,-0.952],[101.845,-0.984],[101.803,-0.964],[101.758,-0.976],[101.698,-0.937],[101.732,-0.871],[101.648,-0.824],[101.588,-0.847],[101.506,-0.809],[101.425,-0.739],[101.395,-0.744],[101.406,-0.717],[101.348,-0.684],[101.357,-0.658],[101.255,-0.625],[101.112,-0.502],[101.065,-0.502],[101.029,-0.399],[101.038,-0.352],[100.996,-0.317],[100.842,-0.341],[100.843,-0.29],[100.775,-0.214],[100.784,-0.186],[100.736,-0.046],[100.806,-0.02],[100.817,-0.049],[100.864,0.044],[100.833,0.068],[100.8,0.05],[100.774,0.102],[100.849,0.162],[100.816,0.261],[100.767,0.234],[100.7,0.248],[100.673,0.185],[100.588,0.252],[100.559,0.305],[100.467,0.315],[100.429,0.36],[100.46,0.412],[100.42,0.424],[100.346,0.381],[100.289,0.399]]],[[[102.411,0.892],[102.44,0.935],[102.488,0.931],[102.56,0.971],[102.589,1.001],[102.645,0.991],[102.733,1.022],[102.89,0.944],[103.046,0.825],[103.049,0.72],[103.019,0.686],[102.99,0.692],[102.926,0.771],[102.857,0.794],[102.673,0.791],[102.593,0.767],[102.518,0.783],[102.437,0.826],[102.411,0.892]]],[[[102.742,1.04],[102.623,1.018],[102.655,1.032],[102.68,1.109],[102.77,1.159],[102.975,1.094],[103.153,0.895],[103.153,0.849],[103.071,0.832],[102.742,1.04]]],[[[102.538,1.129],[102.614,1.047],[102.608,1.005],[102.587,1.002],[102.503,0.946],[102.461,1.082],[102.482,1.126],[102.538,1.129]]],[[[102.214,1.414],[102.296,1.409],[102.481,1.244],[102.486,1.2],[102.439,1.071],[102.481,0.942],[102.439,0.949],[102.386,0.913],[102.279,1.001],[102.236,1.101],[102.249,1.177],[102.206,1.277],[102.229,1.354],[102.214,1.414]]],[[[101.999,1.584],[102.065,1.604],[102.46,1.518],[102.496,1.469],[102.508,1.256],[102.399,1.323],[102.293,1.43],[102.119,1.46],[101.999,1.584]]],[[[101.394,1.823],[101.412,1.794],[101.405,1.758],[101.394,1.793],[101.394,1.823]]],[[[101.398,2.007],[101.474,2.066],[101.517,2.028],[101.564,2.043],[101.589,2.089],[101.656,2.126],[101.707,2.094],[101.785,1.942],[101.753,1.89],[101.731,1.763],[101.616,1.689],[101.454,1.727],[101.383,1.911],[101.398,2.007]]],[[[100.683,2.163],[100.637,2.191],[100.633,2.218],[100.651,2.217],[100.683,2.163]]],[[[100.785,2.121],[100.72,2.179],[100.713,2.267],[100.752,2.254],[100.785,2.121]]],[[[103.567,-0.195],[103.479,-0.202],[103.566,-0.181],[103.567,-0.195]]],[[[103.5,-0.086],[103.518,-0.103],[103.503,-0.107],[103.501,-0.12],[103.473,-0.107],[103.5,-0.086]]],[[[103.592,-0.091],[103.505,-0.118],[103.504,-0.107],[103.519,-0.105],[103.524,-0.089],[103.577,-0.074],[103.592,-0.091]]],[[[103.681,-0.039],[103.664,-0.053],[103.635,-0.017],[103.664,-0.023],[103.681,-0.039]]],[[[103.599,-0.021],[103.639,-0.022],[103.648,-0.05],[103.599,-0.021]]],[[[103.539,0.447],[103.568,0.44],[103.588,0.408],[103.561,0.422],[103.539,0.447]]],[[[103.153,0.673],[103.206,0.702],[103.269,0.668],[103.301,0.597],[103.287,0.53],[103.165,0.5],[103.138,0.569],[103.153,0.673]]],[[[103.069,0.564],[103.034,0.659],[103.055,0.652],[103.084,0.591],[103.069,0.564]]],[[[103.088,0.718],[103.085,0.789],[103.109,0.794],[103.114,0.739],[103.088,0.718]]],[[[103.075,0.818],[103.108,0.807],[103.082,0.796],[103.075,0.818]]]]}},{"type":"Feature","properties":{"id":35,"name":"Papua Selatan"},"geometry":{"type":"MultiPolygon","coordinates":[[[[138.407,-8.399],[138.264,-8.416],[138.265,-8.391],[138.3,-8.396],[138.322,-8.375],[138.347,-8.383],[138.468,-8.354],[138.5,-8.324],[138.485,-8.352],[138.407,-8.399]]],[[[138.877,-8.287],[138.915,-8.299],[138.913,-8.363],[138.903,-8.383],[138.87,-8.393],[138.735,-8.386],[138.553,-8.341],[138.662,-8.237],[138.679,-8.17],[138.815,-8.138],[138.847,-8.201],[138.846,-8.263],[138.877,-8.287]]],[[[138.876,-8.272],[138.848,-8.255],[138.849,-8.21],[138.886,-8.239],[138.876,-8.272]]],[[[137.641,-8.429],[137.702,-8.174],[137.766,-8.071],[137.814,-8.04],[137.797,-8.005],[137.866,-7.854],[137.971,-7.735],[138.033,-7.618],[138.205,-7.477],[138.386,-7.41],[138.742,-7.369],[138.843,-7.414],[138.941,-7.546],[139.088,-7.574],[139.042,-7.626],[138.995,-7.746],[138.995,-7.849],[138.891,-7.916],[138.889,-8.036],[138.913,-8.076],[138.839,-8.073],[138.798,-8.138],[138.68,-8.149],[138.615,-8.249],[138.489,-8.32],[138.471,-8.35],[138.321,-8.37],[138.301,-8.392],[137.87,-8.372],[137.719,-8.412],[137.675,-8.457],[137.641,-8.429]]],[[[138.799,-6.835],[138.729,-6.883],[138.676,-6.868],[138.619,-6.739],[138.736,-6.76],[138.799,-6.835]]],[[[138.82,-6.703],[138.831,-6.79],[138.872,-6.804],[138.928,-6.788],[138.944,-6.826],[138.833,-6.825],[138.757,-6.754],[138.674,-6.725],[138.669,-6.655],[138.696,-6.627],[138.82,-6.703]]],[[[138.947,-8.367],[138.919,-8.344],[138.927,-8.327],[138.944,-8.343],[138.947,-8.367]]],[[[138.936,-8.305],[138.953,-8.296],[138.992,-8.288],[138.971,-8.327],[138.936,-8.305]]],[[[138.885,-8.288],[138.856,-8.269],[138.879,-8.273],[138.892,-8.268],[138.885,-8.288]]],[[[138.998,-8.231],[138.934,-8.303],[138.924,-8.279],[138.935,-8.278],[138.961,-8.259],[138.97,-8.24],[138.998,-8.231]]],[[[138.252,-5.917],[138.277,-5.841],[138.166,-5.814],[138.166,-5.724],[138.093,-5.746],[138.056,-5.691],[138.049,-5.581],[138.134,-5.537],[138.009,-5.506],[137.863,-5.35],[137.812,-5.381],[137.769,-5.348],[137.735,-5.372],[137.726,-5.333],[137.753,-5.312],[137.681,-5.237],[137.705,-5.152],[137.745,-5.138],[137.717,-5.111],[137.774,-5.062],[137.747,-5.005],[137.82,-5.026],[137.805,-5.002],[137.85,-4.932],[137.825,-4.896],[137.865,-4.863],[137.897,-4.78],[137.892,-4.752],[137.784,-4.684],[137.768,-4.647],[137.827,-4.646],[137.808,-4.618],[137.828,-4.597],[137.994,-4.586],[138.03,-4.612],[138.089,-4.567],[138.133,-4.589],[138.154,-4.676],[138.193,-4.713],[138.243,-4.67],[138.326,-4.668],[138.373,-4.768],[138.361,-4.796],[138.401,-4.812],[138.571,-4.793],[138.57,-4.749],[138.536,-4.72],[138.556,-4.704],[138.59,-4.699],[138.603,-4.724],[138.753,-4.709],[138.808,-4.727],[138.808,-4.767],[138.854,-4.702],[138.943,-4.764],[138.99,-4.771],[138.933,-4.832],[139.022,-4.838],[139.049,-4.865],[139.076,-4.82],[139.097,-4.828],[139.114,-4.767],[139.202,-4.72],[139.163,-4.769],[139.148,-4.879],[139.071,-4.963],[139.078,-4.986],[139.498,-5.002],[139.579,-5.053],[139.667,-5.063],[139.987,-5.057],[139.983,-5.09],[139.929,-5.091],[139.948,-5.165],[139.919,-5.205],[139.873,-5.149],[139.821,-5.163],[139.922,-5.217],[139.963,-5.223],[139.979,-5.219],[139.983,-5.092],[140.044,-5.14],[140.039,-5.183],[140.12,-5.151],[140.06,-5.049],[140.11,-5.029],[140.112,-5.055],[140.238,-5.047],[140.284,-5.121],[140.269,-5.135],[140.295,-5.131],[140.298,-5.156],[140.388,-5.213],[140.634,-5.265],[140.725,-5.232],[140.742,-5.26],[140.72,-5.281],[141.001,-5.344],[141.0,-6.322],[140.96,-6.326],[140.978,-6.365],[140.942,-6.384],[140.982,-6.389],[140.942,-6.413],[140.953,-6.433],[140.917,-6.423],[140.939,-6.445],[140.925,-6.467],[140.961,-6.486],[140.921,-6.503],[140.937,-6.562],[140.892,-6.561],[140.904,-6.592],[140.842,-6.612],[140.877,-6.623],[140.846,-6.72],[140.9,-6.753],[140.87,-6.793],[140.917,-6.816],[140.898,-6.846],[140.916,-6.872],[140.953,-6.857],[140.954,-6.91],[140.969,-6.89],[141.02,-6.892],[141.02,-9.126],[140.889,-9.083],[140.62,-8.818],[140.501,-8.614],[140.263,-8.411],[140.227,-8.356],[140.164,-8.332],[139.998,-8.204],[139.95,-8.102],[139.713,-8.097],[139.584,-8.129],[139.457,-8.193],[139.34,-8.206],[139.277,-8.176],[139.208,-8.097],[139.082,-8.137],[138.974,-8.203],[138.994,-8.227],[138.968,-8.241],[138.961,-8.258],[138.912,-8.269],[138.836,-8.114],[138.925,-8.075],[138.903,-8.03],[138.922,-7.968],[138.909,-7.93],[139.018,-7.853],[139.017,-7.756],[139.066,-7.634],[139.108,-7.599],[139.108,-7.559],[139.053,-7.517],[138.964,-7.519],[138.867,-7.317],[138.673,-7.22],[138.706,-7.075],[138.616,-7.014],[138.564,-6.934],[138.628,-6.876],[138.714,-6.902],[138.801,-6.85],[138.941,-6.845],[138.952,-6.827],[138.949,-6.798],[138.921,-6.781],[138.876,-6.798],[138.832,-6.782],[138.831,-6.711],[138.804,-6.674],[138.68,-6.605],[138.431,-6.362],[138.384,-6.203],[138.396,-6.17],[138.285,-5.943],[138.252,-5.917]]]]}},{"type":"Feature","properties":{"id":14,"name":"Daerah Istimewa Yogyakarta"},"geometry":{"type":"Polygon","coordinates":[[[110.344,-8.03],[110.004,-7.888],[110.033,-7.896],[110.063,-7.813],[110.13,-7.748],[110.139,-7.694],[110.116,-7.676],[110.141,-7.645],[110.255,-7.642],[110.272,-7.706],[110.303,-7.656],[110.445,-7.541],[110.492,-7.767],[110.531,-7.798],[110.582,-7.789],[110.586,-7.809],[110.671,-7.786],[110.682,-7.806],[110.713,-7.791],[110.752,-7.825],[110.786,-7.817],[110.756,-8.025],[110.786,-8.151],[110.804,-8.163],[110.83,-8.136],[110.814,-8.18],[110.833,-8.169],[110.835,-8.203],[110.706,-8.2],[110.604,-8.145],[110.436,-8.1],[110.344,-8.03]]]}},{"type":"Feature","properties":{"id":3,"name":"Sumatera Barat"},"geometry":{"type":"MultiPolygon","coordinates":[[[[100.084,-2.842],[100.051,-2.815],[100.042,-2.852],[100.019,-2.85],[100.018,-2.811],[99.979,-2.774],[100.014,-2.741],[100.012,-2.676],[99.96,-2.571],[99.976,-2.508],[99.998,-2.503],[100.173,-2.648],[100.22,-2.739],[100.218,-2.776],[100.142,-2.809],[100.148,-2.839],[100.084,-2.842]]],[[[99.712,-2.359],[99.737,-2.394],[99.722,-2.384],[99.712,-2.359]]],[[[99.847,-2.337],[99.86,-2.403],[99.838,-2.364],[99.738,-2.345],[99.673,-2.289],[99.601,-2.284],[99.608,-2.244],[99.592,-2.253],[99.589,-2.222],[99.575,-2.246],[99.529,-2.155],[99.573,-2.148],[99.547,-2.078],[99.559,-2.045],[99.588,-2.025],[99.636,-2.036],[99.702,-2.085],[99.721,-2.183],[99.78,-2.255],[99.782,-2.292],[99.847,-2.337]]],[[[99.296,-1.927],[99.305,-1.903],[99.306,-1.93],[99.296,-1.927]]],[[[99.269,-1.812],[99.254,-1.79],[99.294,-1.834],[99.242,-1.85],[99.269,-1.812]]],[[[99.26,-1.594],[99.292,-1.751],[99.262,-1.737],[99.228,-1.637],[99.206,-1.624],[99.2,-1.643],[99.241,-1.677],[99.22,-1.662],[99.262,-1.778],[99.24,-1.797],[99.151,-1.783],[99.111,-1.813],[98.876,-1.677],[98.825,-1.616],[98.837,-1.587],[98.804,-1.518],[98.597,-1.206],[98.652,-1.103],[98.663,-0.98],[98.685,-0.959],[98.797,-0.957],[98.911,-0.91],[98.898,-0.941],[98.93,-0.934],[98.952,-1.012],[98.919,-0.99],[98.935,-1.061],[99.002,-1.116],[99.041,-1.205],[99.026,-1.221],[99.068,-1.253],[99.049,-1.294],[99.081,-1.294],[99.117,-1.378],[99.103,-1.392],[99.149,-1.402],[99.17,-1.471],[99.114,-1.446],[99.185,-1.521],[99.197,-1.51],[99.197,-1.578],[99.226,-1.608],[99.26,-1.594]]],[[[100.637,-3.467],[100.677,-3.48],[100.645,-3.488],[100.637,-3.467]]],[[[100.489,-3.143],[100.534,-3.199],[100.492,-3.185],[100.489,-3.143]]],[[[100.232,-3.057],[100.181,-2.965],[100.203,-2.933],[100.176,-2.803],[100.237,-2.784],[100.268,-2.843],[100.355,-2.901],[100.459,-3.016],[100.472,-3.143],[100.361,-3.165],[100.411,-3.194],[100.375,-3.18],[100.465,-3.313],[100.465,-3.347],[100.38,-3.288],[100.375,-3.252],[100.335,-3.244],[100.326,-3.208],[100.37,-3.228],[100.325,-3.173],[100.341,-3.142],[100.293,-3.081],[100.248,-3.081],[100.257,-3.05],[100.232,-3.057]]],[[[100.397,-1.229],[100.379,-1.227],[100.381,-1.19],[100.398,-1.202],[100.397,-1.229]]],[[[99.411,0.486],[99.439,0.478],[99.519,0.552],[99.528,0.522],[99.573,0.509],[99.643,0.545],[99.677,0.473],[99.718,0.451],[99.744,0.479],[99.836,0.459],[99.907,0.472],[99.961,0.513],[99.96,0.569],[99.909,0.626],[99.926,0.632],[99.911,0.68],[99.831,0.696],[99.85,0.791],[99.831,0.88],[99.867,0.906],[99.951,0.88],[100.077,0.787],[100.27,0.73],[100.284,0.682],[100.221,0.665],[100.198,0.628],[100.24,0.536],[100.223,0.506],[100.289,0.399],[100.346,0.381],[100.42,0.424],[100.458,0.414],[100.429,0.36],[100.467,0.315],[100.559,0.305],[100.588,0.252],[100.673,0.185],[100.701,0.249],[100.767,0.234],[100.816,0.261],[100.843,0.224],[100.842,0.146],[100.774,0.102],[100.8,0.05],[100.833,0.068],[100.864,0.044],[100.817,-0.049],[100.806,-0.02],[100.736,-0.046],[100.784,-0.186],[100.775,-0.214],[100.843,-0.29],[100.842,-0.341],[100.994,-0.316],[101.038,-0.352],[101.029,-0.399],[101.067,-0.504],[101.112,-0.502],[101.255,-0.625],[101.357,-0.658],[101.348,-0.684],[101.406,-0.717],[101.395,-0.744],[101.425,-0.739],[101.506,-0.809],[101.588,-0.847],[101.648,-0.824],[101.732,-0.871],[101.699,-0.938],[101.743,-0.95],[101.754,-0.975],[101.824,-0.978],[101.829,-1.109],[101.893,-1.106],[101.817,-1.217],[101.727,-1.235],[101.692,-1.28],[101.675,-1.348],[101.712,-1.336],[101.728,-1.365],[101.695,-1.394],[101.722,-1.431],[101.691,-1.49],[101.656,-1.498],[101.438,-1.696],[101.373,-1.675],[101.216,-1.725],[101.191,-1.676],[101.169,-1.711],[101.132,-1.685],[101.138,-1.899],[101.261,-2.102],[101.293,-2.289],[101.022,-2.478],[100.89,-2.326],[100.875,-2.245],[100.828,-2.183],[100.824,-2.142],[100.88,-2.051],[100.862,-1.922],[100.644,-1.621],[100.622,-1.501],[100.561,-1.441],[100.584,-1.422],[100.558,-1.407],[100.593,-1.394],[100.561,-1.372],[100.567,-1.335],[100.453,-1.258],[100.401,-1.271],[100.407,-1.237],[100.433,-1.255],[100.432,-1.201],[100.38,-1.178],[100.381,-1.146],[100.356,-1.161],[100.364,-1.125],[100.388,-1.124],[100.364,-1.076],[100.409,-1.075],[100.413,-1.043],[100.378,-1.041],[100.392,-1.009],[100.365,-1.006],[100.348,-0.969],[100.328,-0.855],[100.125,-0.644],[100.051,-0.516],[99.817,-0.296],[99.749,-0.146],[99.763,-0.069],[99.738,-0.027],[99.618,0.066],[99.398,0.151],[99.353,0.232],[99.286,0.229],[99.263,0.202],[99.21,0.216],[99.191,0.254],[99.168,0.226],[99.194,0.312],[99.263,0.345],[99.317,0.334],[99.411,0.486]]]]}},{"type":"Feature","properties":{"id":11,"name":"DKI Jakarta"},"geometry":{"type":"Polygon","coordinates":[[[106.724,-6.185],[106.687,-6.172],[106.691,-6.096],[106.774,-6.11],[106.804,-6.095],[106.812,-6.123],[106.841,-6.124],[106.88,-6.094],[106.907,-6.108],[106.968,-6.089],[106.971,-6.198],[106.944,-6.252],[106.904,-6.262],[106.915,-6.365],[106.885,-6.373],[106.841,-6.336],[106.794,-6.364],[106.809,-6.315],[106.777,-6.315],[106.744,-6.229],[106.718,-6.223],[106.724,-6.185]]]}},{"type":"Feature","properties":{"id":31,"name":"Maluku"},"geometry":{"type":"MultiPolygon","coordinates":[[[[128.221,-8.211],[128.233,-8.272],[128.08,-8.258],[128.092,-8.206],[128.221,-8.211]]],[[[128.938,-8.246],[128.826,-8.201],[128.964,-8.185],[129.032,-8.237],[129.009,-8.261],[128.954,-8.224],[128.933,-8.227],[128.938,-8.246]]],[[[127.753,-8.201],[127.664,-8.237],[127.601,-8.213],[127.695,-8.155],[127.753,-8.201]]],[[[128.045,-8.259],[127.793,-8.182],[127.763,-8.111],[128.126,-8.153],[128.077,-8.192],[128.045,-8.259]]],[[[128.756,-8.162],[128.789,-8.163],[128.799,-8.199],[128.756,-8.162]]],[[[128.697,-8.188],[128.682,-8.166],[128.719,-8.184],[128.697,-8.188]]],[[[127.201,-8.014],[127.229,-8.105],[127.144,-8.098],[127.136,-8.038],[127.201,-8.014]]],[[[125.723,-7.981],[125.764,-8.015],[125.735,-8.059],[125.723,-7.981]]],[[[129.515,-7.843],[129.57,-7.909],[129.539,-7.951],[129.517,-7.931],[129.515,-7.843]]],[[[125.816,-7.852],[125.871,-7.815],[125.862,-7.768],[125.915,-7.744],[125.947,-7.662],[125.984,-7.655],[126.033,-7.698],[126.185,-7.728],[126.236,-7.688],[126.323,-7.695],[126.38,-7.637],[126.44,-7.631],[126.471,-7.589],[126.626,-7.557],[126.637,-7.603],[126.723,-7.667],[126.811,-7.656],[126.843,-7.733],[126.82,-7.755],[126.696,-7.751],[126.562,-7.815],[126.466,-7.975],[126.421,-7.931],[126.177,-7.925],[126.132,-7.891],[126.071,-7.888],[125.948,-7.915],[125.8,-8.016],[125.827,-7.916],[125.816,-7.852]]],[[[127.583,-7.559],[127.618,-7.598],[127.598,-7.621],[127.583,-7.559]]],[[[127.355,-7.529],[127.372,-7.494],[127.399,-7.511],[127.407,-7.497],[127.456,-7.528],[127.486,-7.521],[127.488,-7.553],[127.47,-7.589],[127.409,-7.6],[127.367,-7.655],[127.323,-7.629],[127.371,-7.585],[127.355,-7.529]]],[[[128.651,-7.217],[128.524,-7.137],[128.594,-7.066],[128.699,-7.106],[128.687,-7.138],[128.655,-7.139],[128.689,-7.165],[128.651,-7.217]]],[[[129.124,-6.965],[129.158,-6.955],[129.162,-6.976],[129.135,-6.989],[129.124,-6.965]]],[[[129.5,-6.715],[129.531,-6.711],[129.51,-6.762],[129.49,-6.757],[129.5,-6.715]]],[[[127.48,-5.59],[127.462,-5.587],[127.45,-5.571],[127.472,-5.567],[127.48,-5.59]]],[[[127.164,-3.889],[127.142,-3.852],[127.163,-3.824],[127.236,-3.838],[127.224,-3.905],[127.164,-3.889]]],[[[128.793,-3.641],[128.811,-3.675],[128.765,-3.692],[128.76,-3.648],[128.793,-3.641]]],[[[128.09,-3.792],[128.24,-3.63],[128.195,-3.641],[128.202,-3.659],[128.117,-3.686],[127.995,-3.783],[127.941,-3.771],[127.918,-3.719],[127.92,-3.683],[128.027,-3.592],[128.168,-3.588],[128.254,-3.497],[128.341,-3.503],[128.353,-3.529],[128.322,-3.567],[128.355,-3.6],[128.353,-3.634],[128.262,-3.618],[128.298,-3.695],[128.241,-3.744],[128.16,-3.749],[128.09,-3.792]]],[[[128.446,-3.517],[128.55,-3.538],[128.576,-3.582],[128.542,-3.614],[128.399,-3.629],[128.418,-3.609],[128.414,-3.536],[128.446,-3.517]]],[[[128.63,-3.584],[128.555,-3.53],[128.567,-3.498],[128.682,-3.545],[128.694,-3.494],[128.73,-3.513],[128.733,-3.619],[128.655,-3.573],[128.648,-3.631],[128.61,-3.597],[128.63,-3.584]]],[[[126.599,-3.808],[126.515,-3.795],[126.233,-3.619],[126.181,-3.613],[126.152,-3.526],[126.073,-3.477],[126.01,-3.366],[126.018,-3.173],[126.094,-3.111],[126.135,-3.162],[126.202,-3.186],[126.228,-3.18],[126.233,-3.133],[126.3,-3.093],[126.791,-3.059],[126.891,-3.127],[126.986,-3.139],[127.107,-3.226],[127.117,-3.28],[127.031,-3.265],[127.042,-3.329],[127.073,-3.324],[127.075,-3.374],[127.135,-3.379],[127.165,-3.336],[127.259,-3.374],[127.251,-3.593],[127.221,-3.662],[127.051,-3.689],[126.953,-3.771],[126.848,-3.79],[126.741,-3.857],[126.675,-3.856],[126.599,-3.808]]],[[[127.873,-3.233],[127.872,-3.189],[127.837,-3.158],[127.903,-3.156],[127.951,-3.107],[127.985,-3.108],[127.998,-3.071],[128.115,-3.065],[128.087,-3.021],[128.123,-3.001],[128.118,-2.971],[128.071,-2.973],[128.134,-2.937],[128.129,-2.905],[128.163,-2.864],[128.398,-2.871],[128.509,-2.834],[128.839,-2.866],[128.957,-2.842],[129.049,-2.795],[129.078,-2.855],[129.064,-2.906],[129.131,-2.969],[129.157,-2.948],[129.196,-2.961],[129.186,-2.922],[129.22,-2.954],[129.224,-2.922],[129.348,-2.857],[129.377,-2.789],[129.519,-2.799],[129.527,-2.773],[129.548,-2.8],[129.618,-2.802],[129.637,-2.827],[129.786,-2.865],[129.814,-2.914],[129.88,-2.897],[129.911,-2.944],[130.036,-3.004],[130.153,-2.986],[130.195,-3.01],[130.352,-2.974],[130.44,-3.031],[130.494,-3.102],[130.553,-3.107],[130.6,-3.147],[130.633,-3.242],[130.646,-3.376],[130.669,-3.404],[130.805,-3.407],[130.843,-3.467],[130.806,-3.488],[130.882,-3.592],[130.822,-3.702],[130.82,-3.83],[130.851,-3.866],[130.62,-3.793],[130.57,-3.723],[130.483,-3.706],[130.413,-3.63],[130.327,-3.614],[130.098,-3.501],[130.018,-3.483],[129.971,-3.426],[129.96,-3.359],[129.922,-3.337],[129.52,-3.299],[129.497,-3.327],[129.566,-3.414],[129.566,-3.447],[129.532,-3.47],[129.409,-3.418],[129.226,-3.4],[129.084,-3.341],[128.935,-3.356],[128.911,-3.328],[128.928,-3.338],[128.967,-3.29],[128.967,-3.227],[128.885,-3.204],[128.779,-3.265],[128.68,-3.359],[128.671,-3.391],[128.699,-3.412],[128.676,-3.432],[128.595,-3.426],[128.468,-3.46],[128.405,-3.429],[128.269,-3.204],[128.221,-3.217],[128.192,-3.199],[128.202,-3.218],[128.179,-3.228],[128.159,-3.16],[128.202,-3.126],[128.18,-3.065],[128.083,-3.145],[128.055,-3.34],[127.983,-3.385],[127.945,-3.467],[127.96,-3.528],[127.921,-3.568],[127.895,-3.49],[127.943,-3.352],[127.873,-3.233]]],[[[127.487,-3.3],[127.526,-3.282],[127.525,-3.26],[127.572,-3.256],[127.656,-3.367],[127.507,-3.332],[127.487,-3.3]]],[[[127.638,-3.225],[127.754,-3.152],[127.799,-3.181],[127.795,-3.253],[127.707,-3.26],[127.638,-3.225]]],[[[127.879,-2.96],[127.943,-2.942],[127.92,-2.912],[128.004,-2.94],[127.923,-3.034],[127.829,-3.034],[127.866,-3.008],[127.879,-2.96]]],[[[127.898,-2.933],[127.925,-2.927],[127.874,-2.959],[127.898,-2.933]]],[[[130.756,-8.336],[130.872,-8.22],[130.922,-8.213],[130.914,-8.151],[130.937,-8.126],[130.998,-8.145],[130.985,-8.116],[131.03,-8.076],[131.082,-8.112],[131.067,-8.162],[131.125,-8.117],[131.166,-8.119],[131.142,-8.16],[131.056,-8.206],[130.887,-8.246],[130.896,-8.29],[130.82,-8.34],[130.768,-8.345],[130.756,-8.336]]],[[[129.916,-8.131],[129.813,-8.205],[129.848,-8.142],[129.924,-8.092],[129.916,-8.131]]],[[[131.096,-8.023],[131.098,-8.052],[131.082,-8.012],[131.096,-8.023]]],[[[129.732,-7.796],[129.857,-7.844],[129.842,-7.873],[129.868,-7.906],[129.793,-8.043],[129.754,-8.055],[129.674,-8.011],[129.582,-7.892],[129.621,-7.802],[129.732,-7.796]]],[[[130.093,-7.762],[130.079,-7.789],[130.03,-7.766],[130.04,-7.754],[130.093,-7.762]]],[[[131.092,-7.723],[131.079,-7.744],[131.07,-7.766],[131.064,-7.754],[131.092,-7.723]]],[[[130.002,-7.696],[130.026,-7.744],[129.988,-7.714],[130.002,-7.696]]],[[[130.969,-7.742],[130.97,-7.681],[131.124,-7.64],[131.102,-7.696],[131.056,-7.706],[131.05,-7.683],[131.026,-7.71],[131.041,-7.724],[130.969,-7.742]]],[[[131.292,-7.937],[131.232,-8.007],[131.103,-7.996],[131.121,-7.912],[131.104,-7.868],[131.103,-7.894],[131.081,-7.879],[131.082,-7.848],[131.107,-7.823],[131.14,-7.836],[131.145,-7.803],[131.115,-7.795],[131.137,-7.783],[131.111,-7.783],[131.156,-7.772],[131.131,-7.77],[131.142,-7.735],[131.115,-7.758],[131.106,-7.705],[131.128,-7.681],[131.17,-7.723],[131.245,-7.73],[131.156,-7.672],[131.227,-7.493],[131.318,-7.42],[131.343,-7.447],[131.355,-7.396],[131.384,-7.394],[131.366,-7.373],[131.394,-7.359],[131.384,-7.345],[131.452,-7.347],[131.432,-7.316],[131.446,-7.28],[131.482,-7.235],[131.536,-7.227],[131.53,-7.147],[131.655,-7.118],[131.64,-7.177],[131.71,-7.144],[131.691,-7.163],[131.719,-7.165],[131.739,-7.224],[131.671,-7.224],[131.631,-7.258],[131.651,-7.352],[131.682,-7.379],[131.648,-7.394],[131.657,-7.43],[131.706,-7.422],[131.667,-7.452],[131.622,-7.65],[131.585,-7.66],[131.553,-7.724],[131.485,-7.73],[131.479,-7.784],[131.452,-7.777],[131.462,-7.809],[131.364,-7.87],[131.38,-7.896],[131.327,-7.938],[131.356,-7.933],[131.332,-7.954],[131.342,-7.992],[131.292,-8.031],[131.307,-7.962],[131.292,-7.937]]],[[[129.666,-7.528],[129.725,-7.552],[129.691,-7.573],[129.662,-7.554],[129.666,-7.528]]],[[[130.936,-7.534],[130.989,-7.516],[130.954,-7.541],[130.972,-7.566],[130.943,-7.543],[130.894,-7.578],[130.833,-7.553],[130.852,-7.495],[130.936,-7.534]]],[[[131.157,-7.538],[131.135,-7.543],[131.133,-7.519],[131.147,-7.52],[131.157,-7.538]]],[[[131.17,-7.425],[131.06,-7.524],[131.036,-7.514],[131.059,-7.484],[130.977,-7.497],[130.971,-7.458],[131.013,-7.422],[131.161,-7.405],[131.17,-7.425]]],[[[131.261,-7.358],[131.274,-7.378],[131.208,-7.358],[131.26,-7.304],[131.303,-7.339],[131.261,-7.358]]],[[[131.387,-7.2],[131.401,-7.24],[131.365,-7.232],[131.387,-7.2]]],[[[131.489,-7.209],[131.453,-7.201],[131.487,-7.163],[131.489,-7.209]]],[[[131.452,-7.102],[131.434,-7.141],[131.444,-7.097],[131.452,-7.102]]],[[[131.464,-6.92],[131.47,-6.876],[131.513,-6.873],[131.487,-6.921],[131.464,-6.92]]],[[[131.518,-6.75],[131.575,-6.669],[131.623,-6.678],[131.6,-6.729],[131.577,-6.711],[131.555,-6.74],[131.564,-6.763],[131.592,-6.757],[131.582,-6.778],[131.526,-6.803],[131.518,-6.75]]],[[[129.861,-4.549],[129.921,-4.545],[129.947,-4.508],[129.958,-4.548],[129.934,-4.573],[129.861,-4.549]]],[[[129.893,-4.512],[129.894,-4.531],[129.878,-4.536],[129.866,-4.519],[129.893,-4.512]]],[[[131.609,-4.424],[131.68,-4.505],[131.68,-4.54],[131.654,-4.534],[131.609,-4.424]]],[[[131.3,-4.127],[131.281,-4.071],[131.364,-4.121],[131.398,-4.173],[131.3,-4.127]]],[[[131.243,-4.056],[131.206,-3.979],[131.242,-4.001],[131.243,-4.056]]],[[[131.422,-3.951],[131.438,-4.078],[131.368,-3.97],[131.422,-3.951]]],[[[130.921,-3.875],[130.95,-3.89],[130.91,-3.897],[130.921,-3.875]]],[[[130.769,-3.325],[130.78,-3.298],[130.805,-3.322],[130.8,-3.332],[130.769,-3.325]]],[[[131.95,-7.254],[131.872,-7.167],[131.727,-7.177],[131.719,-7.135],[131.916,-7.103],[131.987,-7.215],[131.95,-7.254]]],[[[132.008,-6.987],[131.954,-7.059],[131.909,-7.08],[131.919,-7.046],[132.008,-6.987]]],[[[134.496,-6.721],[134.517,-6.753],[134.48,-6.762],[134.496,-6.721]]],[[[134.158,-6.881],[134.072,-6.83],[134.052,-6.774],[134.084,-6.696],[134.099,-6.49],[134.116,-6.449],[134.151,-6.491],[134.2,-6.486],[134.211,-6.546],[134.234,-6.512],[134.196,-6.466],[134.217,-6.444],[134.184,-6.459],[134.211,-6.426],[134.141,-6.463],[134.116,-6.417],[134.137,-6.309],[134.096,-6.173],[134.11,-6.16],[134.167,-6.215],[134.224,-6.222],[134.288,-6.291],[134.303,-6.291],[134.31,-6.304],[134.295,-6.33],[134.298,-6.361],[134.339,-6.398],[134.359,-6.413],[134.405,-6.398],[134.426,-6.418],[134.419,-6.45],[134.46,-6.433],[134.496,-6.507],[134.474,-6.547],[134.497,-6.549],[134.484,-6.58],[134.53,-6.582],[134.464,-6.68],[134.425,-6.65],[134.447,-6.695],[134.387,-6.734],[134.401,-6.758],[134.354,-6.804],[134.377,-6.818],[134.332,-6.861],[134.212,-6.907],[134.197,-6.942],[134.158,-6.881]]],[[[134.493,-6.317],[134.503,-6.304],[134.533,-6.341],[134.478,-6.449],[134.468,-6.428],[134.432,-6.431],[134.432,-6.407],[134.393,-6.39],[134.379,-6.399],[134.385,-6.373],[134.362,-6.368],[134.416,-6.29],[134.458,-6.276],[134.493,-6.317]]],[[[134.313,-6.307],[134.329,-6.356],[134.319,-6.362],[134.299,-6.322],[134.313,-6.307]]],[[[134.377,-6.31],[134.387,-6.253],[134.422,-6.281],[134.377,-6.31]]],[[[134.343,-6.312],[134.32,-6.269],[134.338,-6.256],[134.343,-6.245],[134.354,-6.264],[134.392,-6.248],[134.382,-6.258],[134.362,-6.304],[134.343,-6.312]]],[[[134.441,-6.263],[134.399,-6.239],[134.418,-6.223],[134.441,-6.263]]],[[[134.213,-6.192],[134.164,-6.187],[134.2,-6.128],[134.151,-6.151],[134.116,-6.108],[134.151,-6.004],[134.162,-6.041],[134.227,-6.016],[134.245,-6.074],[134.279,-6.061],[134.233,-6.127],[134.303,-6.169],[134.326,-6.233],[134.351,-6.23],[134.295,-6.286],[134.213,-6.192]]],[[[132.461,-6.016],[132.467,-5.99],[132.466,-6.022],[132.44,-6.038],[132.428,-6.009],[132.461,-6.016]]],[[[132.525,-5.921],[132.516,-5.897],[132.528,-5.875],[132.539,-5.91],[132.525,-5.921]]],[[[132.559,-5.86],[132.524,-5.849],[132.525,-5.839],[132.559,-5.86]]],[[[134.251,-5.775],[134.243,-5.828],[134.192,-5.827],[134.198,-5.753],[134.251,-5.775]]],[[[134.298,-5.898],[134.317,-5.905],[134.332,-5.859],[134.371,-5.849],[134.36,-5.82],[134.396,-5.79],[134.368,-5.769],[134.328,-5.796],[134.325,-5.757],[134.26,-5.759],[134.213,-5.713],[134.252,-5.662],[134.349,-5.726],[134.355,-5.686],[134.416,-5.639],[134.451,-5.534],[134.481,-5.566],[134.504,-5.532],[134.505,-5.557],[134.514,-5.565],[134.522,-5.557],[134.527,-5.564],[134.536,-5.632],[134.546,-5.652],[134.573,-5.657],[134.571,-5.665],[134.576,-5.678],[134.615,-5.725],[134.637,-5.714],[134.649,-5.728],[134.659,-5.724],[134.654,-5.747],[134.699,-5.826],[134.63,-5.868],[134.611,-5.889],[134.585,-5.934],[134.535,-5.916],[134.467,-5.959],[134.417,-6.023],[134.379,-6.015],[134.355,-6.033],[134.301,-6.018],[134.336,-5.947],[134.299,-5.929],[134.298,-5.898]]],[[[132.683,-5.904],[132.663,-5.906],[132.69,-5.836],[132.68,-5.731],[132.649,-5.712],[132.658,-5.675],[132.635,-5.675],[132.64,-5.636],[132.611,-5.593],[132.672,-5.63],[132.712,-5.592],[132.711,-5.652],[132.7,-5.628],[132.691,-5.657],[132.718,-5.661],[132.742,-5.644],[132.764,-5.747],[132.761,-5.718],[132.779,-5.728],[132.772,-5.814],[132.783,-5.777],[132.808,-5.798],[132.814,-5.849],[132.779,-5.943],[132.721,-5.947],[132.73,-5.897],[132.711,-5.895],[132.694,-5.952],[132.683,-5.904]]],[[[132.183,-5.767],[132.173,-5.728],[132.195,-5.717],[132.196,-5.759],[132.183,-5.767]]],[[[132.872,-5.879],[132.937,-5.778],[132.941,-5.688],[132.977,-5.64],[132.979,-5.658],[133.006,-5.649],[133.12,-5.281],[133.131,-5.294],[133.154,-5.272],[133.192,-5.327],[133.168,-5.355],[133.12,-5.565],[132.962,-5.744],[132.952,-5.875],[132.845,-6.007],[132.868,-5.904],[132.889,-5.896],[132.872,-5.879]]],[[[132.319,-5.629],[132.297,-5.654],[132.284,-5.601],[132.252,-5.592],[132.307,-5.591],[132.319,-5.629]]],[[[132.76,-5.639],[132.749,-5.665],[132.752,-5.574],[132.8,-5.523],[132.793,-5.568],[132.817,-5.553],[132.801,-5.698],[132.795,-5.652],[132.772,-5.691],[132.76,-5.639]]],[[[134.248,-5.612],[134.283,-5.607],[134.305,-5.564],[134.347,-5.575],[134.278,-5.646],[134.248,-5.612]]],[[[132.325,-5.581],[132.31,-5.522],[132.361,-5.552],[132.377,-5.536],[132.356,-5.577],[132.325,-5.581]]],[[[132.748,-5.533],[132.733,-5.553],[132.687,-5.539],[132.708,-5.53],[132.748,-5.533]]],[[[134.252,-5.488],[134.275,-5.486],[134.286,-5.522],[134.254,-5.554],[134.252,-5.488]]],[[[134.466,-5.442],[134.493,-5.422],[134.463,-5.462],[134.466,-5.442]]],[[[132.021,-5.342],[131.975,-5.387],[131.964,-5.375],[131.989,-5.31],[132.012,-5.305],[132.021,-5.342]]],[[[131.74,-4.788],[131.728,-4.755],[131.728,-4.701],[131.758,-4.728],[131.74,-4.788]]],[[[134.523,-7.1],[134.472,-7.088],[134.514,-7.065],[134.534,-7.08],[134.523,-7.1]]],[[[134.53,-6.948],[134.49,-6.953],[134.511,-6.93],[134.53,-6.948]]],[[[134.608,-6.892],[134.634,-6.855],[134.684,-6.856],[134.605,-6.904],[134.591,-6.876],[134.608,-6.892]]],[[[134.514,-6.769],[134.554,-6.752],[134.512,-6.783],[134.514,-6.769]]],[[[134.514,-6.663],[134.528,-6.692],[134.502,-6.711],[134.514,-6.663]]],[[[134.623,-6.757],[134.686,-6.595],[134.726,-6.585],[134.761,-6.623],[134.737,-6.653],[134.74,-6.703],[134.674,-6.783],[134.623,-6.757]]],[[[134.775,-6.603],[134.798,-6.629],[134.784,-6.642],[134.755,-6.611],[134.775,-6.603]]],[[[134.572,-6.513],[134.592,-6.528],[134.563,-6.545],[134.572,-6.513]]],[[[134.777,-6.512],[134.819,-6.483],[134.85,-6.495],[134.812,-6.562],[134.781,-6.55],[134.777,-6.512]]],[[[134.572,-6.488],[134.583,-6.476],[134.563,-6.532],[134.552,-6.534],[134.565,-6.514],[134.572,-6.488]]],[[[134.744,-6.553],[134.681,-6.563],[134.64,-6.478],[134.692,-6.443],[134.745,-6.483],[134.764,-6.53],[134.744,-6.553]]],[[[134.579,-6.508],[134.643,-6.461],[134.626,-6.502],[134.579,-6.508]]],[[[134.517,-6.532],[134.486,-6.442],[134.535,-6.343],[134.599,-6.388],[134.611,-6.432],[134.569,-6.477],[134.546,-6.537],[134.517,-6.532]]],[[[134.755,-6.416],[134.729,-6.424],[134.754,-6.358],[134.755,-6.416]]],[[[134.777,-6.367],[134.787,-6.398],[134.774,-6.418],[134.765,-6.394],[134.777,-6.367]]],[[[134.84,-6.472],[134.806,-6.457],[134.797,-6.389],[134.852,-6.284],[134.893,-6.288],[134.901,-6.352],[134.84,-6.472]]],[[[134.823,-6.296],[134.803,-6.356],[134.791,-6.361],[134.787,-6.334],[134.823,-6.296]]],[[[134.319,-6.024],[134.352,-6.043],[134.429,-6.021],[134.47,-5.959],[134.536,-5.919],[134.598,-5.949],[134.658,-5.945],[134.662,-5.975],[134.783,-6.094],[134.762,-6.139],[134.714,-6.167],[134.769,-6.166],[134.729,-6.302],[134.695,-6.305],[134.703,-6.327],[134.622,-6.374],[134.547,-6.347],[134.545,-6.302],[134.52,-6.318],[134.509,-6.287],[134.476,-6.295],[134.441,-6.224],[134.345,-6.22],[134.271,-6.109],[134.291,-6.072],[134.28,-6.048],[134.319,-6.024]]],[[[134.62,-5.886],[134.609,-5.939],[134.589,-5.936],[134.593,-5.921],[134.62,-5.886]]],[[[134.773,-5.887],[134.711,-5.892],[134.746,-5.967],[134.712,-5.977],[134.637,-5.93],[134.628,-5.881],[134.705,-5.832],[134.755,-5.847],[134.773,-5.887]]],[[[134.704,-5.809],[134.675,-5.727],[134.722,-5.749],[134.742,-5.741],[134.74,-5.801],[134.704,-5.809]]],[[[134.813,-5.739],[134.783,-5.758],[134.792,-5.729],[134.813,-5.739]]],[[[134.721,-5.706],[134.716,-5.742],[134.701,-5.737],[134.705,-5.709],[134.721,-5.706]]],[[[134.529,-5.576],[134.622,-5.586],[134.652,-5.576],[134.663,-5.599],[134.716,-5.6],[134.767,-5.669],[134.733,-5.673],[134.73,-5.699],[134.704,-5.709],[134.701,-5.727],[134.638,-5.711],[134.612,-5.721],[134.575,-5.653],[134.547,-5.65],[134.535,-5.616],[134.529,-5.576]]],[[[134.682,-5.571],[134.523,-5.555],[134.507,-5.556],[134.518,-5.516],[134.5,-5.501],[134.527,-5.488],[134.491,-5.485],[134.5,-5.42],[134.556,-5.446],[134.573,-5.418],[134.623,-5.425],[134.648,-5.44],[134.652,-5.495],[134.666,-5.481],[134.706,-5.516],[134.675,-5.537],[134.682,-5.571]]],[[[134.604,-5.37],[134.577,-5.394],[134.563,-5.393],[134.578,-5.362],[134.604,-5.37]]],[[[134.503,-5.387],[134.559,-5.329],[134.603,-5.352],[134.58,-5.352],[134.542,-5.41],[134.503,-5.387]]]]}},{"type":"Feature","properties":{"id":7,"name":"Bengkulu"},"geometry":{"type":"MultiPolygon","coordinates":[[[[102.188,-5.42],[102.087,-5.356],[102.149,-5.282],[102.389,-5.401],[102.367,-5.457],[102.339,-5.456],[102.369,-5.497],[102.28,-5.477],[102.275,-5.514],[102.188,-5.42]]],[[[101.618,-3.241],[101.481,-3.012],[101.4,-2.922],[101.322,-2.738],[101.142,-2.629],[101.023,-2.479],[101.235,-2.342],[101.278,-2.291],[101.383,-2.332],[101.379,-2.355],[101.556,-2.448],[101.542,-2.571],[101.591,-2.531],[101.61,-2.55],[101.675,-2.531],[101.859,-2.731],[101.994,-2.724],[102.063,-2.764],[102.129,-2.835],[102.131,-2.875],[102.222,-2.928],[102.254,-3.036],[102.318,-3.07],[102.389,-3.043],[102.442,-3.059],[102.487,-3.11],[102.494,-3.268],[102.545,-3.291],[102.568,-3.277],[102.638,-3.338],[102.751,-3.309],[102.776,-3.282],[102.798,-3.332],[102.864,-3.345],[102.896,-3.327],[102.896,-3.376],[102.988,-3.368],[102.995,-3.525],[102.907,-3.616],[102.848,-3.537],[102.81,-3.53],[102.808,-3.613],[102.771,-3.708],[102.62,-3.802],[102.749,-3.891],[102.817,-3.979],[102.861,-3.993],[102.912,-3.97],[102.961,-4.02],[102.998,-4.019],[102.958,-4.055],[102.916,-4.058],[102.919,-4.095],[103.059,-4.195],[103.073,-4.262],[103.224,-4.241],[103.307,-4.258],[103.371,-4.316],[103.442,-4.33],[103.468,-4.355],[103.425,-4.401],[103.408,-4.504],[103.487,-4.578],[103.527,-4.572],[103.572,-4.525],[103.619,-4.531],[103.63,-4.558],[103.599,-4.593],[103.661,-4.61],[103.702,-4.664],[103.705,-4.704],[103.668,-4.729],[103.763,-4.742],[103.79,-4.779],[103.604,-4.889],[103.596,-4.922],[103.533,-4.917],[103.499,-4.875],[103.41,-4.862],[103.382,-4.802],[103.328,-4.808],[103.284,-4.71],[103.154,-4.602],[102.899,-4.488],[102.884,-4.441],[102.796,-4.354],[102.281,-3.964],[102.266,-3.913],[102.276,-3.899],[102.291,-3.925],[102.307,-3.891],[102.285,-3.906],[102.279,-3.898],[102.302,-3.867],[102.248,-3.793],[102.262,-3.767],[102.225,-3.669],[102.088,-3.558],[101.928,-3.479],[101.907,-3.434],[101.618,-3.241]]]]}},{"type":"Feature","properties":{"id":8,"name":"Lampung"},"geometry":{"type":"MultiPolygon","coordinates":[[[[105.452,-6.168],[105.42,-6.142],[105.465,-6.149],[105.452,-6.168]]],[[[105.382,-6.08],[105.403,-6.074],[105.358,-6.108],[105.382,-6.08]]],[[[105.477,-5.926],[105.516,-5.947],[105.508,-5.962],[105.487,-5.972],[105.463,-5.954],[105.477,-5.926]]],[[[105.533,-5.846],[105.53,-5.893],[105.504,-5.902],[105.506,-5.856],[105.533,-5.846]]],[[[105.291,-5.788],[105.285,-5.839],[105.228,-5.831],[105.291,-5.788]]],[[[104.855,-5.847],[104.781,-5.761],[104.853,-5.802],[104.855,-5.847]]],[[[105.227,-5.688],[105.218,-5.662],[105.241,-5.668],[105.227,-5.688]]],[[[105.213,-5.638],[105.224,-5.618],[105.242,-5.642],[105.213,-5.638]]],[[[104.12,-5.457],[103.995,-5.318],[103.993,-5.263],[103.906,-5.231],[103.936,-5.179],[103.913,-5.129],[103.781,-5.031],[103.748,-5.042],[103.748,-4.996],[103.711,-4.963],[103.652,-4.988],[103.641,-4.934],[103.596,-4.922],[103.604,-4.889],[103.79,-4.779],[103.866,-4.848],[103.846,-4.919],[103.936,-4.885],[103.976,-4.913],[104.061,-4.886],[104.093,-4.918],[104.144,-4.924],[104.191,-4.863],[104.254,-4.883],[104.285,-4.856],[104.335,-4.872],[104.369,-4.822],[104.328,-4.812],[104.287,-4.684],[104.341,-4.602],[104.311,-4.513],[104.329,-4.514],[104.322,-4.458],[104.384,-4.348],[104.621,-4.214],[104.627,-4.244],[104.764,-4.246],[104.793,-4.267],[104.968,-4.171],[105.014,-4.175],[105.063,-4.126],[105.095,-4.046],[105.12,-4.048],[105.106,-4.02],[105.135,-3.99],[105.139,-3.936],[105.165,-3.938],[105.205,-3.891],[105.245,-3.906],[105.277,-3.877],[105.284,-3.798],[105.325,-3.726],[105.358,-3.797],[105.416,-3.777],[105.437,-3.788],[105.433,-3.826],[105.524,-3.84],[105.525,-3.894],[105.548,-3.881],[105.573,-3.9],[105.563,-3.929],[105.61,-3.938],[105.59,-3.953],[105.631,-4.004],[105.607,-4.056],[105.662,-4.046],[105.65,-4.085],[105.679,-4.074],[105.708,-4.102],[105.704,-4.137],[105.745,-4.144],[105.773,-4.111],[105.813,-4.128],[105.82,-4.339],[105.858,-4.378],[105.852,-4.411],[105.913,-4.438],[105.882,-4.596],[105.915,-4.645],[105.876,-4.686],[105.861,-4.798],[105.901,-4.938],[105.859,-5.037],[105.864,-5.255],[105.818,-5.336],[105.826,-5.588],[105.792,-5.721],[105.799,-5.794],[105.729,-5.9],[105.706,-5.848],[105.605,-5.831],[105.562,-5.67],[105.524,-5.695],[105.408,-5.622],[105.289,-5.445],[105.25,-5.469],[105.267,-5.519],[105.247,-5.515],[105.262,-5.545],[105.237,-5.564],[105.245,-5.588],[105.203,-5.577],[105.167,-5.601],[105.19,-5.65],[105.21,-5.647],[105.174,-5.667],[105.219,-5.718],[105.181,-5.721],[105.155,-5.755],[105.176,-5.778],[105.222,-5.779],[105.152,-5.81],[105.118,-5.775],[105.089,-5.796],[105.109,-5.774],[105.088,-5.776],[105.087,-5.756],[105.028,-5.752],[105.03,-5.728],[104.967,-5.715],[104.965,-5.693],[104.935,-5.702],[104.902,-5.657],[104.777,-5.605],[104.709,-5.522],[104.605,-5.496],[104.559,-5.514],[104.531,-5.543],[104.647,-5.698],[104.645,-5.744],[104.71,-5.832],[104.698,-5.879],[104.733,-5.929],[104.584,-5.943],[104.554,-5.92],[104.576,-5.904],[104.563,-5.864],[104.416,-5.707],[104.301,-5.642],[104.318,-5.606],[104.299,-5.576],[104.12,-5.457]]]]}},{"type":"Feature","properties":{"id":33,"name":"Papua"},"geometry":{"type":"MultiPolygon","coordinates":[[[[136.279,-1.897],[136.301,-1.927],[136.293,-1.939],[136.279,-1.897]]],[[[135.794,-1.799],[135.816,-1.788],[135.825,-1.804],[135.804,-1.817],[135.794,-1.799]]],[[[135.47,-1.665],[135.443,-1.611],[135.41,-1.602],[135.785,-1.626],[135.847,-1.638],[135.85,-1.664],[135.899,-1.635],[136.052,-1.659],[136.203,-1.648],[136.369,-1.717],[136.446,-1.698],[136.789,-1.74],[136.903,-1.793],[136.849,-1.827],[136.719,-1.816],[136.697,-1.824],[136.706,-1.843],[136.687,-1.834],[136.628,-1.873],[136.503,-1.849],[136.537,-1.899],[136.312,-1.862],[136.265,-1.891],[136.259,-1.913],[136.248,-1.886],[136.223,-1.908],[136.198,-1.855],[136.172,-1.874],[135.978,-1.817],[135.912,-1.755],[135.899,-1.788],[135.87,-1.74],[135.851,-1.742],[135.872,-1.758],[135.858,-1.767],[135.815,-1.727],[135.761,-1.706],[135.751,-1.722],[135.732,-1.688],[135.673,-1.707],[135.656,-1.685],[135.578,-1.687],[135.555,-1.663],[135.521,-1.686],[135.522,-1.661],[135.514,-1.686],[135.47,-1.665]]],[[[135.767,-1.731],[135.804,-1.733],[135.762,-1.749],[135.767,-1.731]]],[[[135.247,-1.53],[135.091,-1.501],[135.118,-1.464],[135.156,-1.491],[135.216,-1.474],[135.222,-1.508],[135.245,-1.484],[135.253,-1.522],[135.262,-1.479],[135.297,-1.475],[135.311,-1.496],[135.336,-1.481],[135.326,-1.509],[135.247,-1.53]]],[[[136.203,-1.258],[136.198,-1.235],[136.23,-1.231],[136.203,-1.258]]],[[[134.857,-1.137],[134.844,-1.087],[134.794,-1.032],[134.815,-0.98],[134.792,-0.981],[134.844,-0.931],[134.899,-0.94],[134.943,-0.97],[134.923,-1.075],[134.98,-1.012],[134.982,-1.072],[134.952,-1.127],[134.857,-1.137]]],[[[135.709,-0.801],[135.802,-0.688],[135.866,-0.707],[135.924,-0.79],[136.05,-0.856],[136.04,-0.896],[136.06,-0.887],[136.091,-0.917],[136.098,-0.959],[136.152,-0.996],[136.173,-1.044],[136.256,-1.017],[136.324,-1.074],[136.386,-1.08],[136.315,-1.14],[136.145,-1.2],[136.001,-1.142],[135.873,-1.173],[135.802,-1.098],[135.829,-1.031],[135.794,-0.984],[135.74,-0.803],[135.709,-0.801]]],[[[135.51,-0.827],[135.543,-0.839],[135.537,-0.871],[135.513,-0.853],[135.51,-0.827]]],[[[135.521,-0.821],[135.496,-0.82],[135.501,-0.811],[135.502,-0.79],[135.521,-0.821]]],[[[135.466,-0.758],[135.491,-0.792],[135.494,-0.818],[135.395,-0.724],[135.363,-0.63],[135.394,-0.621],[135.417,-0.654],[135.448,-0.641],[135.439,-0.667],[135.46,-0.646],[135.534,-0.674],[135.59,-0.663],[135.595,-0.702],[135.643,-0.663],[135.685,-0.72],[135.719,-0.709],[135.747,-0.74],[135.643,-0.887],[135.531,-0.783],[135.486,-0.769],[135.486,-0.748],[135.466,-0.758]]],[[[138.473,-3.314],[138.465,-3.298],[138.517,-3.254],[138.545,-3.276],[138.543,-3.324],[138.499,-3.299],[138.473,-3.314]]],[[[136.05,-2.771],[136.02,-2.692],[136.224,-2.614],[136.283,-2.479],[136.296,-2.488],[136.278,-2.466],[136.296,-2.411],[136.342,-2.374],[136.339,-2.264],[136.394,-2.219],[136.51,-2.191],[136.544,-2.224],[136.593,-2.186],[136.576,-2.219],[136.6,-2.253],[136.674,-2.262],[136.706,-2.228],[136.747,-2.253],[136.794,-2.212],[136.812,-2.224],[136.803,-2.173],[136.836,-2.173],[136.837,-2.196],[136.912,-2.178],[136.943,-2.123],[137.158,-2.106],[137.233,-2.049],[137.19,-2.0],[137.218,-1.983],[137.191,-1.944],[137.089,-1.854],[137.103,-1.792],[137.236,-1.751],[137.481,-1.597],[137.747,-1.479],[137.934,-1.458],[137.968,-1.531],[137.95,-1.52],[137.95,-1.536],[137.989,-1.533],[138.077,-1.606],[138.389,-1.725],[138.665,-1.793],[138.751,-1.847],[138.789,-1.92],[138.863,-1.966],[138.993,-1.973],[139.125,-2.031],[139.765,-2.362],[139.811,-2.379],[140.057,-2.36],[140.111,-2.319],[140.144,-2.349],[140.151,-2.324],[140.153,-2.371],[140.23,-2.42],[140.253,-2.401],[140.336,-2.465],[140.372,-2.456],[140.348,-2.395],[140.497,-2.444],[140.525,-2.428],[140.594,-2.455],[140.613,-2.44],[140.634,-2.469],[140.712,-2.487],[140.748,-2.535],[140.731,-2.518],[140.706,-2.539],[140.717,-2.592],[140.694,-2.574],[140.686,-2.614],[140.706,-2.629],[140.738,-2.627],[140.711,-2.595],[140.763,-2.629],[140.789,-2.596],[140.911,-2.624],[141.001,-2.604],[141.001,-4.02],[140.974,-3.967],[140.89,-3.961],[140.81,-3.995],[140.812,-4.013],[140.779,-4.0],[140.718,-4.02],[140.657,-3.972],[140.719,-4.099],[140.664,-4.037],[140.61,-4.062],[140.589,-4.116],[140.568,-4.116],[140.465,-3.991],[140.471,-3.965],[140.438,-3.959],[140.435,-3.912],[140.405,-3.915],[140.432,-3.855],[140.405,-3.785],[140.461,-3.81],[140.503,-3.787],[140.535,-3.815],[140.51,-3.885],[140.525,-3.909],[140.498,-3.905],[140.494,-3.926],[140.566,-3.976],[140.585,-3.921],[140.63,-3.979],[140.7,-3.943],[140.707,-3.909],[140.769,-3.925],[140.782,-3.96],[140.844,-3.925],[140.824,-3.866],[140.786,-3.852],[140.702,-3.886],[140.688,-3.793],[140.652,-3.805],[140.588,-3.755],[140.544,-3.751],[140.529,-3.78],[140.407,-3.733],[140.321,-3.754],[140.273,-3.67],[140.163,-3.708],[140.087,-3.683],[140.065,-3.649],[140.005,-3.702],[139.958,-3.639],[139.968,-3.613],[139.89,-3.622],[139.855,-3.61],[139.876,-3.601],[139.862,-3.585],[139.8,-3.592],[139.806,-3.567],[139.77,-3.562],[139.783,-3.522],[139.76,-3.51],[139.737,-3.548],[139.719,-3.522],[139.703,-3.543],[139.675,-3.532],[139.703,-3.559],[139.704,-3.637],[139.626,-3.664],[139.622,-3.71],[139.595,-3.727],[139.518,-3.657],[139.52,-3.525],[139.496,-3.487],[139.471,-3.52],[139.477,-3.462],[139.373,-3.436],[139.379,-3.468],[139.34,-3.484],[139.33,-3.446],[139.306,-3.474],[139.269,-3.442],[139.249,-3.453],[139.27,-3.419],[139.207,-3.449],[139.143,-3.428],[139.147,-3.373],[139.13,-3.354],[139.11,-3.38],[139.106,-3.336],[139.073,-3.324],[139.072,-3.29],[139.098,-3.305],[139.076,-3.279],[138.999,-3.301],[138.873,-3.426],[138.878,-3.329],[138.919,-3.279],[138.878,-3.225],[138.806,-3.224],[138.824,-3.169],[138.775,-3.18],[138.779,-3.202],[138.749,-3.175],[138.719,-3.215],[138.678,-3.196],[138.716,-3.298],[138.703,-3.327],[138.611,-3.263],[138.624,-3.231],[138.586,-3.227],[138.595,-3.18],[138.573,-3.172],[138.607,-3.162],[138.571,-3.137],[138.603,-3.127],[138.585,-3.093],[138.628,-3.091],[138.596,-3.039],[138.613,-2.994],[138.588,-2.998],[138.594,-2.961],[138.545,-2.92],[138.556,-2.955],[138.416,-2.926],[138.4,-2.971],[138.367,-2.958],[138.396,-2.957],[138.375,-2.925],[138.24,-3.05],[138.197,-3.031],[138.194,-2.972],[138.122,-2.979],[138.102,-3.004],[138.145,-2.994],[138.152,-3.04],[138.085,-3.029],[138.09,-3.127],[138.062,-3.209],[138.087,-3.225],[138.078,-3.242],[138.019,-3.217],[138.01,-3.155],[137.984,-3.146],[138.026,-3.08],[138.016,-3.051],[138.053,-3.049],[138.037,-3.038],[138.059,-3.022],[138.055,-2.983],[138.026,-3.016],[137.998,-2.992],[138.01,-3.022],[137.978,-3.031],[137.958,-3.028],[137.961,-3.001],[137.93,-3.026],[137.898,-3.015],[137.908,-3.051],[137.885,-3.04],[137.882,-3.083],[137.847,-3.049],[137.79,-3.084],[137.769,-3.049],[137.725,-3.066],[137.703,-3.038],[137.63,-3.065],[137.622,-3.04],[137.444,-3.107],[137.38,-3.097],[137.361,-3.068],[137.251,-3.123],[137.188,-3.107],[137.161,-3.132],[137.125,-3.123],[137.064,-3.178],[137.062,-3.234],[137.003,-3.318],[136.951,-3.284],[137.041,-3.204],[136.884,-3.146],[136.918,-3.233],[136.888,-3.262],[136.918,-3.33],[136.962,-3.344],[136.96,-3.391],[136.899,-3.407],[136.852,-3.269],[136.874,-3.242],[136.745,-3.267],[136.737,-3.238],[136.765,-3.193],[136.668,-3.137],[136.646,-3.16],[136.654,-3.195],[136.715,-3.225],[136.727,-3.238],[136.666,-3.225],[136.567,-3.254],[136.517,-3.184],[136.572,-3.047],[136.463,-3.062],[136.388,-3.009],[136.311,-3.018],[136.297,-2.975],[136.32,-2.937],[136.289,-2.912],[136.294,-2.881],[136.265,-2.887],[136.265,-2.851],[136.241,-2.86],[136.217,-2.807],[136.144,-2.797],[136.142,-2.772],[136.05,-2.771]]],[[[136.36,-1.963],[136.328,-1.904],[136.341,-1.92],[136.357,-1.905],[136.36,-1.963]]],[[[137.112,-1.876],[137.093,-1.896],[137.092,-1.858],[137.112,-1.876]]],[[[137.056,-1.868],[136.951,-1.838],[137.028,-1.832],[137.056,-1.868]]],[[[138.717,-1.618],[138.716,-1.581],[138.746,-1.625],[138.717,-1.618]]],[[[136.605,-1.324],[136.59,-1.282],[136.593,-1.271],[136.611,-1.277],[136.605,-1.324]]],[[[136.344,-1.237],[136.292,-1.235],[136.342,-1.223],[136.344,-1.237]]],[[[136.596,-1.228],[136.577,-1.198],[136.598,-1.189],[136.614,-1.22],[136.596,-1.228]]],[[[136.621,-1.153],[136.593,-1.165],[136.601,-1.135],[136.621,-1.153]]]]}},{"type":"Feature","properties":{"id":10,"name":"Kepulauan Riau"},"geometry":{"type":"MultiPolygon","coordinates":[[[[104.146,-0.361],[104.161,-0.34],[104.177,-0.353],[104.146,-0.361]]],[[[103.576,0.559],[103.624,0.506],[103.62,0.496],[103.599,0.49],[103.576,0.559]]],[[[103.672,0.635],[103.704,0.62],[103.707,0.615],[103.687,0.604],[103.672,0.635]]],[[[103.489,0.682],[103.52,0.692],[103.487,0.626],[103.461,0.622],[103.489,0.682]]],[[[103.692,0.729],[103.746,0.736],[103.742,0.685],[103.693,0.711],[103.692,0.729]]],[[[103.343,0.801],[103.376,0.898],[103.406,0.88],[103.412,0.845],[103.512,0.757],[103.457,0.638],[103.4,0.649],[103.343,0.801]]],[[[103.554,0.785],[103.543,0.755],[103.531,0.761],[103.533,0.793],[103.554,0.785]]],[[[103.909,0.83],[103.941,0.787],[103.919,0.755],[103.886,0.795],[103.895,0.802],[103.903,0.814],[103.909,0.83]]],[[[103.661,0.827],[103.708,0.789],[103.727,0.759],[103.705,0.753],[103.661,0.827]]],[[[103.83,0.752],[103.758,0.803],[103.72,0.852],[103.724,0.882],[103.784,0.871],[103.835,0.812],[103.83,0.752]]],[[[103.444,0.848],[103.411,0.885],[103.453,0.856],[103.494,0.845],[103.532,0.798],[103.526,0.766],[103.461,0.833],[103.444,0.848]]],[[[103.42,0.843],[103.444,0.847],[103.467,0.825],[103.42,0.843]]],[[[103.883,0.797],[103.81,0.9],[103.902,0.85],[103.905,0.82],[103.883,0.797]]],[[[104.245,0.82],[104.169,0.786],[104.144,0.857],[104.092,0.87],[104.095,0.926],[104.078,0.96],[104.141,0.943],[104.167,0.867],[104.211,0.881],[104.266,0.859],[104.245,0.82]]],[[[103.407,0.909],[103.478,0.909],[103.488,0.855],[103.411,0.89],[103.407,0.909]]],[[[103.502,0.919],[103.528,0.878],[103.513,0.859],[103.486,0.9],[103.502,0.919]]],[[[104.158,0.926],[104.188,0.919],[104.161,0.91],[104.158,0.926]]],[[[103.419,0.913],[103.417,0.951],[103.439,0.931],[103.419,0.913]]],[[[103.474,0.948],[103.475,0.92],[103.426,0.957],[103.444,0.963],[103.474,0.948]]],[[[104.059,0.974],[104.068,0.914],[104.046,0.965],[104.059,0.974]]],[[[104.142,0.955],[104.198,0.947],[104.153,0.934],[104.142,0.955]]],[[[103.837,1.017],[103.859,1.007],[103.848,1.022],[103.868,1.038],[103.9,0.999],[103.922,1.009],[103.966,0.969],[103.963,0.937],[103.94,0.911],[103.837,0.972],[103.837,1.017]]],[[[103.805,0.973],[103.749,1.029],[103.769,1.049],[103.792,1.046],[103.805,0.973]]],[[[104.174,0.998],[104.155,1.016],[104.18,1.026],[104.174,0.998]]],[[[103.92,1.012],[103.901,1.003],[103.885,1.03],[103.896,1.039],[103.92,1.012]]],[[[104.164,1.065],[104.184,1.051],[104.168,1.022],[104.155,1.042],[104.164,1.065]]],[[[103.844,1.037],[103.846,1.074],[103.882,1.053],[103.876,1.039],[103.844,1.037]]],[[[103.446,0.996],[103.316,1.035],[103.311,1.087],[103.374,1.138],[103.383,1.081],[103.446,0.996]]],[[[103.916,1.08],[103.94,1.112],[103.921,1.143],[103.997,1.125],[103.985,1.144],[104.014,1.192],[104.078,1.126],[104.093,1.156],[104.07,1.162],[104.073,1.188],[104.097,1.2],[104.139,1.169],[104.155,1.12],[104.137,1.041],[104.079,1.024],[104.101,0.983],[104.071,0.999],[104.008,0.986],[103.99,1.018],[103.945,1.008],[103.89,1.093],[103.916,1.08]]],[[[103.409,1.144],[103.394,1.13],[103.381,1.162],[103.391,1.165],[103.409,1.144]]],[[[104.325,-0.34],[104.311,-0.417],[104.342,-0.446],[104.347,-0.387],[104.385,-0.413],[104.427,-0.397],[104.44,-0.34],[104.478,-0.336],[104.538,-0.371],[104.601,-0.468],[104.535,-0.538],[104.504,-0.644],[104.456,-0.621],[104.429,-0.575],[104.397,-0.603],[104.389,-0.668],[104.366,-0.684],[104.341,-0.656],[104.322,-0.521],[104.299,-0.535],[104.245,-0.489],[104.277,-0.396],[104.313,-0.389],[104.325,-0.34]]],[[[104.223,-0.43],[104.189,-0.399],[104.229,-0.394],[104.223,-0.43]]],[[[104.172,-0.371],[104.23,-0.365],[104.234,-0.387],[104.185,-0.389],[104.172,-0.371]]],[[[104.469,-0.278],[104.492,-0.308],[104.457,-0.31],[104.46,-0.329],[104.386,-0.298],[104.469,-0.278]]],[[[104.429,-0.237],[104.429,-0.182],[104.506,-0.13],[104.493,0.002],[104.535,-0.012],[104.556,0.001],[104.55,0.03],[104.653,-0.052],[104.668,-0.077],[104.626,-0.073],[104.632,-0.097],[104.672,-0.119],[104.661,-0.09],[104.683,-0.084],[104.751,-0.189],[104.819,-0.2],[104.827,-0.133],[104.892,-0.225],[104.955,-0.277],[104.998,-0.278],[105.001,-0.303],[104.921,-0.276],[104.9,-0.287],[104.929,-0.324],[104.916,-0.339],[104.849,-0.322],[104.703,-0.205],[104.596,-0.253],[104.567,-0.241],[104.521,-0.276],[104.498,-0.242],[104.429,-0.237]]],[[[104.739,-0.105],[104.767,-0.148],[104.745,-0.14],[104.739,-0.105]]],[[[104.477,0.09],[104.487,0.045],[104.46,0.063],[104.494,0.014],[104.379,0.122],[104.436,0.089],[104.405,0.162],[104.477,0.09]]],[[[104.702,0.018],[104.554,0.126],[104.549,0.15],[104.569,0.142],[104.544,0.172],[104.537,0.15],[104.506,0.19],[104.525,0.198],[104.479,0.242],[104.529,0.214],[104.513,0.248],[104.704,0.049],[104.702,0.018]]],[[[104.337,0.106],[104.292,0.144],[104.293,0.175],[104.337,0.106]]],[[[104.345,0.185],[104.387,0.147],[104.38,0.132],[104.345,0.185]]],[[[104.236,0.2],[104.231,0.156],[104.201,0.167],[104.236,0.2]]],[[[104.39,0.282],[104.355,0.279],[104.327,0.328],[104.372,0.301],[104.39,0.282]]],[[[104.301,0.31],[104.306,0.346],[104.324,0.325],[104.301,0.31]]],[[[104.329,0.376],[104.424,0.327],[104.434,0.308],[104.397,0.316],[104.421,0.298],[104.393,0.288],[104.39,0.31],[104.351,0.317],[104.338,0.339],[104.361,0.34],[104.329,0.376]]],[[[104.514,0.434],[104.561,0.413],[104.528,0.405],[104.533,0.361],[104.514,0.434]]],[[[104.196,0.545],[104.184,0.589],[104.198,0.609],[104.23,0.57],[104.192,0.571],[104.196,0.545]]],[[[104.289,0.611],[104.221,0.683],[104.217,0.718],[104.242,0.689],[104.281,0.669],[104.289,0.611]]],[[[104.625,0.714],[104.611,0.732],[104.661,0.751],[104.653,0.747],[104.625,0.714]]],[[[104.731,0.719],[104.725,0.755],[104.758,0.748],[104.762,0.733],[104.731,0.719]]],[[[104.309,0.71],[104.241,0.697],[104.219,0.723],[104.196,0.721],[104.169,0.78],[104.278,0.795],[104.264,0.743],[104.309,0.71]]],[[[104.713,0.741],[104.689,0.76],[104.715,0.759],[104.713,0.741]]],[[[104.588,0.779],[104.522,0.762],[104.51,0.744],[104.508,0.771],[104.546,0.797],[104.588,0.779]]],[[[104.59,0.776],[104.587,0.792],[104.637,0.784],[104.583,0.752],[104.59,0.776]]],[[[104.693,0.77],[104.7,0.793],[104.746,0.787],[104.753,0.754],[104.693,0.77]]],[[[104.647,0.868],[104.665,0.821],[104.621,0.808],[104.647,0.868]]],[[[104.676,0.895],[104.7,0.887],[104.696,0.849],[104.661,0.864],[104.676,0.895]]],[[[104.417,0.876],[104.454,0.889],[104.485,0.87],[104.462,0.858],[104.417,0.876]]],[[[104.624,0.897],[104.662,0.88],[104.628,0.854],[104.617,0.872],[104.624,0.897]]],[[[104.244,0.996],[104.259,0.974],[104.232,0.979],[104.244,0.996]]],[[[104.239,1.124],[104.33,1.14],[104.31,1.176],[104.339,1.191],[104.372,1.179],[104.394,1.204],[104.499,1.169],[104.584,1.229],[104.577,1.155],[104.635,1.108],[104.657,1.045],[104.639,0.946],[104.66,0.943],[104.66,0.914],[104.62,0.901],[104.611,0.886],[104.595,0.811],[104.476,0.85],[104.491,0.876],[104.436,0.926],[104.481,0.932],[104.409,0.964],[104.466,0.982],[104.441,1.002],[104.489,1.035],[104.405,1.054],[104.374,1.01],[104.321,1.042],[104.339,1.025],[104.318,0.993],[104.229,1.017],[104.215,1.081],[104.239,1.124]]],[[[104.848,-0.064],[104.843,-0.037],[104.878,-0.08],[104.848,-0.064]]],[[[104.784,0.031],[104.74,0.032],[104.738,0.048],[104.768,0.059],[104.784,0.031]]],[[[107.243,0.145],[107.232,0.1],[107.216,0.102],[107.206,0.128],[107.243,0.145]]],[[[107.468,0.924],[107.438,0.932],[107.431,0.977],[107.471,0.969],[107.468,0.924]]],[[[107.548,0.95],[107.573,1.008],[107.542,0.974],[107.555,0.993],[107.529,0.993],[107.532,1.025],[107.602,0.997],[107.548,0.95]]],[[[104.814,0.963],[104.83,0.975],[104.782,1.025],[104.849,1.013],[104.84,0.962],[104.814,0.963]]],[[[109.021,2.523],[108.979,2.522],[108.976,2.556],[109.064,2.523],[109.121,2.528],[109.082,2.489],[109.054,2.504],[109.018,2.481],[109.021,2.523]]],[[[108.929,2.756],[108.886,2.727],[108.922,2.766],[108.929,2.756]]],[[[106.225,2.806],[106.254,2.724],[106.202,2.757],[106.223,2.766],[106.196,2.81],[106.225,2.806]]],[[[108.89,3.0],[108.885,2.879],[108.819,2.844],[108.787,2.865],[108.775,2.892],[108.834,2.943],[108.842,3.003],[108.89,3.0]]],[[[105.767,2.872],[105.721,2.874],[105.769,2.833],[105.726,2.816],[105.694,2.849],[105.694,2.933],[105.715,2.958],[105.715,2.984],[105.675,3.009],[105.705,3.032],[105.695,3.063],[105.715,3.03],[105.739,3.05],[105.724,2.994],[105.748,2.969],[105.786,2.972],[105.801,3.0],[105.85,2.987],[105.852,2.957],[105.82,2.971],[105.81,2.944],[105.828,2.91],[105.79,2.908],[105.822,2.886],[105.781,2.909],[105.767,2.872]]],[[[107.757,2.972],[107.748,3.006],[107.798,3.017],[107.813,2.98],[107.757,2.972]]],[[[108.863,3.034],[108.843,3.012],[108.835,3.044],[108.842,3.055],[108.863,3.034]]],[[[105.978,3.017],[105.967,3.07],[105.983,3.087],[105.978,3.017]]],[[[105.735,3.085],[105.712,3.074],[105.696,3.097],[105.718,3.098],[105.735,3.085]]],[[[105.642,3.095],[105.655,3.118],[105.675,3.091],[105.663,3.098],[105.642,3.095]]],[[[106.312,3.134],[106.34,3.151],[106.308,3.086],[106.311,3.115],[106.285,3.122],[106.317,3.169],[106.312,3.134]]],[[[106.195,3.23],[106.277,3.195],[106.275,3.168],[106.288,3.178],[106.279,3.077],[106.248,3.128],[106.237,3.096],[106.204,3.139],[106.195,3.23]]],[[[106.227,3.26],[106.242,3.34],[106.26,3.359],[106.265,3.335],[106.269,3.38],[106.293,3.384],[106.308,3.366],[106.289,3.251],[106.273,3.301],[106.259,3.291],[106.284,3.225],[106.227,3.26]]],[[[106.172,3.333],[106.201,3.345],[106.201,3.377],[106.228,3.395],[106.215,3.359],[106.239,3.343],[106.217,3.297],[106.202,3.327],[106.187,3.3],[106.172,3.333]]],[[[106.316,3.343],[106.345,3.415],[106.321,3.322],[106.316,3.343]]],[[[108.121,3.607],[108.104,3.586],[108.07,3.584],[108.095,3.635],[108.121,3.607]]],[[[108.086,3.647],[108.051,3.631],[108.046,3.666],[108.075,3.664],[108.086,3.647]]],[[[108.015,3.804],[107.993,3.811],[108.031,3.803],[108.038,3.765],[108.012,3.78],[108.015,3.804]]],[[[107.913,3.882],[107.895,3.913],[107.921,3.901],[107.913,3.882]]],[[[108.031,3.901],[107.962,4.004],[108.074,4.068],[108.219,4.23],[108.243,4.217],[108.234,4.128],[108.299,4.087],[108.294,4.057],[108.347,3.999],[108.403,3.967],[108.382,3.931],[108.392,3.892],[108.365,3.905],[108.353,3.883],[108.368,3.893],[108.377,3.856],[108.408,3.886],[108.41,3.859],[108.387,3.794],[108.309,3.731],[108.297,3.659],[108.223,3.664],[108.156,3.63],[108.146,3.659],[108.09,3.681],[108.121,3.747],[108.149,3.741],[108.151,3.763],[108.199,3.782],[108.276,3.719],[108.207,3.802],[108.064,3.834],[108.019,3.878],[108.031,3.901]]],[[[107.841,4.113],[107.846,4.139],[107.868,4.157],[107.862,4.126],[107.841,4.113]]],[[[107.929,4.681],[107.992,4.77],[108.007,4.775],[107.965,4.669],[107.929,4.681]]]]}},{"type":"Feature","properties":{"id":18,"name":"Nusa Tenggara Barat"},"geometry":{"type":"MultiPolygon","coordinates":[[[[116.077,-8.895],[116.045,-8.87],[116.073,-8.856],[116.019,-8.86],[116.023,-8.903],[116.004,-8.903],[115.933,-8.833],[115.846,-8.826],[115.821,-8.752],[115.866,-8.721],[115.882,-8.763],[115.897,-8.746],[115.917,-8.775],[115.966,-8.726],[116.011,-8.752],[116.034,-8.72],[116.039,-8.764],[116.062,-8.767],[116.084,-8.729],[116.056,-8.738],[116.072,-8.562],[116.032,-8.447],[116.056,-8.404],[116.104,-8.391],[116.099,-8.361],[116.175,-8.342],[116.254,-8.254],[116.37,-8.21],[116.651,-8.288],[116.718,-8.347],[116.711,-8.442],[116.662,-8.488],[116.671,-8.504],[116.678,-8.481],[116.666,-8.56],[116.546,-8.753],[116.48,-8.809],[116.501,-8.811],[116.504,-8.859],[116.515,-8.832],[116.533,-8.838],[116.522,-8.826],[116.541,-8.833],[116.542,-8.869],[116.592,-8.859],[116.571,-8.892],[116.51,-8.915],[116.528,-8.899],[116.511,-8.87],[116.496,-8.911],[116.436,-8.92],[116.465,-8.821],[116.441,-8.842],[116.423,-8.828],[116.386,-8.866],[116.405,-8.899],[116.377,-8.956],[116.376,-8.904],[116.341,-8.9],[116.347,-8.93],[116.278,-8.893],[116.276,-8.913],[116.207,-8.901],[116.195,-8.917],[116.162,-8.908],[116.155,-8.864],[116.083,-8.874],[116.077,-8.895]]],[[[117.674,-8.466],[117.65,-8.533],[117.637,-8.51],[117.651,-8.448],[117.674,-8.466]]],[[[116.948,-8.439],[116.839,-8.446],[116.958,-8.422],[116.948,-8.439]]],[[[117.024,-8.409],[116.991,-8.417],[117.004,-8.432],[116.976,-8.43],[116.992,-8.403],[117.022,-8.407],[117.046,-8.378],[117.024,-8.409]]],[[[116.712,-8.327],[116.718,-8.31],[116.744,-8.345],[116.712,-8.327]]],[[[117.61,-8.238],[117.528,-8.39],[117.471,-8.357],[117.508,-8.277],[117.479,-8.257],[117.485,-8.183],[117.559,-8.144],[117.663,-8.15],[117.685,-8.187],[117.61,-8.238]]],[[[117.376,-8.15],[117.345,-8.154],[117.424,-8.135],[117.376,-8.15]]],[[[119.238,-8.669],[119.208,-8.673],[119.227,-8.653],[119.238,-8.669]]],[[[118.011,-8.678],[117.978,-8.691],[117.99,-8.648],[117.955,-8.666],[117.979,-8.639],[117.95,-8.614],[118.005,-8.633],[118.011,-8.678]]],[[[116.924,-9.052],[116.882,-9.062],[116.729,-9.006],[116.737,-8.977],[116.716,-8.966],[116.752,-8.924],[116.725,-8.908],[116.755,-8.89],[116.733,-8.869],[116.815,-8.812],[116.763,-8.737],[116.786,-8.721],[116.774,-8.675],[116.746,-8.663],[116.833,-8.557],[116.82,-8.516],[116.843,-8.539],[116.916,-8.527],[116.987,-8.479],[117.002,-8.506],[117.008,-8.46],[117.097,-8.416],[117.11,-8.371],[117.155,-8.364],[117.202,-8.406],[117.238,-8.401],[117.388,-8.473],[117.428,-8.396],[117.473,-8.416],[117.562,-8.405],[117.57,-8.501],[117.592,-8.504],[117.574,-8.442],[117.6,-8.427],[117.635,-8.465],[117.632,-8.561],[117.689,-8.578],[117.737,-8.564],[117.727,-8.588],[117.761,-8.599],[117.751,-8.631],[117.781,-8.632],[117.749,-8.645],[117.77,-8.656],[117.773,-8.712],[117.805,-8.727],[117.871,-8.696],[117.902,-8.705],[117.905,-8.741],[117.922,-8.719],[117.963,-8.743],[118.073,-8.656],[118.141,-8.648],[118.204,-8.673],[118.271,-8.657],[118.278,-8.592],[118.233,-8.552],[118.194,-8.571],[118.18,-8.532],[118.131,-8.482],[118.105,-8.495],[118.082,-8.451],[117.98,-8.465],[117.818,-8.369],[117.764,-8.289],[117.692,-8.238],[117.724,-8.15],[117.829,-8.129],[117.924,-8.08],[117.961,-8.107],[118.081,-8.1],[118.143,-8.135],[118.163,-8.242],[118.218,-8.284],[118.234,-8.332],[118.257,-8.35],[118.275,-8.334],[118.279,-8.365],[118.356,-8.352],[118.464,-8.246],[118.646,-8.29],[118.698,-8.397],[118.652,-8.547],[118.713,-8.498],[118.725,-8.436],[118.701,-8.39],[118.765,-8.31],[118.821,-8.281],[119.0,-8.31],[118.992,-8.375],[119.054,-8.464],[119.035,-8.467],[119.052,-8.514],[119.013,-8.538],[119.036,-8.642],[119.13,-8.63],[119.109,-8.596],[119.151,-8.593],[119.165,-8.556],[119.16,-8.58],[119.192,-8.61],[119.151,-8.637],[119.172,-8.647],[119.157,-8.672],[119.176,-8.701],[119.149,-8.708],[119.172,-8.724],[119.133,-8.753],[119.105,-8.726],[119.1,-8.751],[119.036,-8.733],[118.971,-8.749],[118.906,-8.68],[118.846,-8.73],[118.761,-8.693],[118.695,-8.739],[118.726,-8.778],[118.909,-8.765],[118.96,-8.818],[118.904,-8.844],[118.836,-8.846],[118.72,-8.793],[118.519,-8.878],[118.436,-8.88],[118.379,-8.828],[118.372,-8.78],[118.407,-8.759],[118.433,-8.674],[118.421,-8.624],[118.39,-8.607],[118.402,-8.677],[118.354,-8.685],[118.208,-8.834],[118.127,-8.878],[118.079,-8.84],[118.013,-8.853],[117.981,-8.895],[117.935,-8.899],[117.884,-8.944],[117.838,-8.932],[117.817,-8.899],[117.766,-8.934],[117.691,-8.919],[117.595,-8.981],[117.41,-9.049],[117.324,-9.056],[117.186,-9.021],[117.135,-9.084],[117.057,-9.104],[117.012,-9.109],[116.924,-9.052]]],[[[117.77,-8.565],[117.714,-8.535],[117.711,-8.481],[117.728,-8.475],[117.76,-8.548],[117.8,-8.552],[117.77,-8.565]]],[[[119.263,-8.401],[119.335,-8.431],[119.319,-8.428],[119.321,-8.455],[119.301,-8.43],[119.28,-8.468],[119.263,-8.401]]],[[[119.115,-8.224],[119.089,-8.251],[119.012,-8.247],[119.012,-8.154],[119.054,-8.127],[119.09,-8.133],[119.113,-8.157],[119.115,-8.224]]]]}},{"type":"Feature","properties":{"id":5,"name":"Jambi"},"geometry":{"type":"MultiPolygon","coordinates":[[[[101.261,-2.102],[101.138,-1.899],[101.132,-1.685],[101.169,-1.711],[101.191,-1.676],[101.216,-1.725],[101.373,-1.675],[101.438,-1.696],[101.656,-1.498],[101.687,-1.494],[101.722,-1.431],[101.695,-1.394],[101.728,-1.365],[101.712,-1.336],[101.675,-1.348],[101.692,-1.28],[101.727,-1.235],[101.817,-1.217],[101.893,-1.106],[101.829,-1.109],[101.824,-0.978],[101.893,-0.962],[101.915,-0.919],[101.962,-0.917],[101.986,-0.881],[102.066,-0.889],[102.117,-0.921],[102.166,-0.9],[102.203,-0.947],[102.304,-0.919],[102.323,-0.962],[102.383,-0.994],[102.375,-1.034],[102.441,-1.031],[102.473,-1.086],[102.614,-1.096],[102.642,-1.128],[102.682,-1.081],[102.729,-1.08],[102.753,-1.024],[102.781,-1.032],[102.786,-0.979],[102.928,-0.866],[103.004,-0.755],[103.112,-0.747],[103.301,-0.781],[103.312,-0.765],[103.353,-0.799],[103.437,-0.778],[103.443,-0.73],[103.483,-0.753],[103.489,-0.803],[103.548,-0.811],[103.573,-0.876],[103.808,-1.014],[103.913,-0.983],[104.028,-1.001],[104.207,-1.071],[104.358,-1.019],[104.394,-1.076],[104.392,-1.217],[104.457,-1.339],[104.438,-1.508],[104.491,-1.668],[104.406,-1.629],[103.873,-1.789],[103.85,-1.817],[103.586,-1.862],[103.521,-1.907],[103.5,-1.96],[103.5,-1.982],[103.543,-1.986],[103.564,-2.017],[103.517,-2.092],[103.559,-2.137],[103.455,-2.186],[103.454,-2.36],[103.338,-2.271],[103.278,-2.148],[103.23,-2.136],[103.167,-2.229],[103.211,-2.32],[103.119,-2.354],[103.055,-2.317],[103.029,-2.342],[102.868,-2.315],[102.845,-2.388],[102.879,-2.424],[102.787,-2.547],[102.735,-2.579],[102.723,-2.555],[102.673,-2.609],[102.614,-2.622],[102.616,-2.653],[102.581,-2.678],[102.539,-2.675],[102.507,-2.703],[102.406,-2.689],[102.373,-2.656],[102.271,-2.624],[102.236,-2.691],[102.136,-2.722],[102.092,-2.769],[101.994,-2.724],[101.859,-2.731],[101.67,-2.528],[101.61,-2.55],[101.591,-2.531],[101.542,-2.571],[101.556,-2.449],[101.293,-2.289],[101.261,-2.102]]],[[[104.255,-1.036],[104.237,-1.049],[104.208,-1.06],[104.212,-1.035],[104.255,-1.036]]]]}},{"type":"Feature","properties":{"id":17,"name":"Bali"},"geometry":{"type":"MultiPolygon","coordinates":[[[[115.451,-8.748],[115.448,-8.722],[115.494,-8.672],[115.56,-8.672],[115.628,-8.773],[115.587,-8.819],[115.451,-8.748]]],[[[115.247,-8.728],[115.234,-8.748],[115.218,-8.748],[115.231,-8.723],[115.247,-8.728]]],[[[115.473,-8.672],[115.451,-8.694],[115.429,-8.691],[115.451,-8.663],[115.473,-8.672]]],[[[114.926,-8.472],[114.757,-8.401],[114.623,-8.408],[114.568,-8.388],[114.448,-8.219],[114.433,-8.165],[114.442,-8.181],[114.471,-8.166],[114.444,-8.157],[114.436,-8.097],[114.494,-8.096],[114.522,-8.155],[114.618,-8.123],[114.862,-8.197],[115.001,-8.176],[115.116,-8.081],[115.185,-8.062],[115.454,-8.162],[115.71,-8.378],[115.7,-8.418],[115.634,-8.462],[115.612,-8.506],[115.521,-8.504],[115.508,-8.541],[115.359,-8.579],[115.303,-8.624],[115.262,-8.665],[115.264,-8.707],[115.184,-8.744],[115.214,-8.787],[115.221,-8.753],[115.24,-8.803],[115.17,-8.849],[115.084,-8.83],[115.166,-8.777],[115.152,-8.75],[115.169,-8.723],[115.138,-8.665],[114.926,-8.472]]]]}},{"type":"Feature","properties":{"id":15,"name":"Jawa Timur"},"geometry":{"type":"MultiPolygon","coordinates":[[[[113.291,-8.446],[113.42,-8.47],[113.41,-8.491],[113.31,-8.509],[113.263,-8.487],[113.291,-8.446]]],[[[112.707,-8.464],[112.692,-8.431],[112.709,-8.433],[112.707,-8.464]]],[[[111.133,-8.273],[111.089,-8.22],[111.077,-8.245],[111.028,-8.257],[110.9,-8.212],[110.895,-8.167],[110.953,-8.062],[111.029,-8.08],[111.08,-8.043],[111.115,-8.061],[111.141,-7.934],[111.183,-7.916],[111.251,-7.946],[111.314,-7.852],[111.282,-7.785],[111.289,-7.742],[111.236,-7.75],[111.181,-7.71],[111.197,-7.61],[111.152,-7.561],[111.119,-7.42],[111.145,-7.368],[111.15,-7.261],[111.205,-7.245],[111.244,-7.285],[111.462,-7.378],[111.442,-7.351],[111.463,-7.346],[111.458,-7.322],[111.424,-7.31],[111.438,-7.27],[111.566,-7.207],[111.622,-7.109],[111.623,-6.98],[111.567,-6.952],[111.608,-6.904],[111.619,-6.822],[111.656,-6.826],[111.661,-6.777],[111.691,-6.754],[111.838,-6.801],[111.961,-6.761],[112.051,-6.886],[112.123,-6.903],[112.224,-6.872],[112.418,-6.862],[112.512,-6.907],[112.54,-6.884],[112.531,-6.858],[112.578,-6.851],[112.58,-6.887],[112.617,-6.891],[112.593,-6.929],[112.611,-6.985],[112.65,-7.019],[112.623,-7.111],[112.648,-7.111],[112.623,-7.113],[112.675,-7.175],[112.662,-7.211],[112.708,-7.225],[112.718,-7.199],[112.765,-7.196],[112.845,-7.282],[112.841,-7.481],[112.813,-7.479],[112.873,-7.538],[112.888,-7.616],[112.947,-7.617],[112.988,-7.657],[113.028,-7.641],[113.151,-7.741],[113.228,-7.725],[113.287,-7.784],[113.488,-7.698],[113.666,-7.737],[113.713,-7.708],[113.764,-7.738],[113.84,-7.685],[113.931,-7.701],[114.038,-7.605],[114.108,-7.707],[114.208,-7.718],[114.24,-7.698],[114.293,-7.747],[114.371,-7.75],[114.439,-7.79],[114.465,-7.825],[114.465,-7.886],[114.421,-7.923],[114.434,-8.035],[114.341,-8.417],[114.371,-8.48],[114.351,-8.529],[114.376,-8.532],[114.389,-8.448],[114.408,-8.569],[114.442,-8.634],[114.481,-8.618],[114.568,-8.659],[114.605,-8.718],[114.588,-8.763],[114.538,-8.78],[114.354,-8.746],[114.373,-8.678],[114.312,-8.621],[114.245,-8.6],[114.221,-8.645],[114.096,-8.615],[114.049,-8.646],[114.015,-8.59],[113.956,-8.614],[113.969,-8.583],[113.946,-8.559],[113.909,-8.579],[113.838,-8.555],[113.832,-8.527],[113.808,-8.556],[113.812,-8.502],[113.792,-8.488],[113.713,-8.528],[113.718,-8.485],[113.69,-8.505],[113.647,-8.494],[113.639,-8.455],[113.486,-8.416],[113.472,-8.383],[113.389,-8.4],[113.316,-8.311],[113.232,-8.284],[113.08,-8.287],[112.978,-8.324],[112.914,-8.399],[112.899,-8.381],[112.898,-8.402],[112.847,-8.405],[112.831,-8.369],[112.813,-8.401],[112.774,-8.386],[112.757,-8.421],[112.709,-8.418],[112.652,-8.449],[112.558,-8.402],[112.372,-8.375],[112.33,-8.332],[112.263,-8.35],[112.141,-8.315],[112.034,-8.319],[111.95,-8.277],[111.937,-8.306],[111.899,-8.304],[111.84,-8.259],[111.843,-8.282],[111.776,-8.259],[111.782,-8.326],[111.75,-8.341],[111.747,-8.306],[111.713,-8.291],[111.713,-8.322],[111.688,-8.335],[111.724,-8.369],[111.702,-8.383],[111.626,-8.354],[111.617,-8.32],[111.605,-8.339],[111.554,-8.306],[111.534,-8.333],[111.478,-8.305],[111.455,-8.32],[111.457,-8.277],[111.43,-8.259],[111.41,-8.278],[111.302,-8.257],[111.292,-8.274],[111.261,-8.247],[111.194,-8.278],[111.133,-8.273]]],[[[113.795,-7.236],[113.755,-7.206],[113.812,-7.219],[113.795,-7.236]]],[[[113.881,-7.203],[113.922,-7.174],[113.955,-7.232],[113.929,-7.204],[113.881,-7.203]]],[[[114.271,-7.094],[114.333,-7.056],[114.371,-7.087],[114.407,-7.165],[114.383,-7.181],[114.295,-7.142],[114.271,-7.094]]],[[[113.941,-7.089],[113.951,-7.055],[114.047,-7.074],[114.064,-7.111],[113.941,-7.089]]],[[[112.683,-7.032],[112.724,-7.039],[112.782,-6.992],[112.831,-6.906],[113.034,-6.879],[113.507,-6.897],[113.909,-6.863],[114.092,-6.929],[114.125,-6.977],[113.989,-7.008],[113.962,-7.041],[113.924,-7.018],[113.948,-7.052],[113.916,-7.043],[113.878,-7.077],[113.892,-7.133],[113.683,-7.109],[113.607,-7.126],[113.552,-7.234],[113.511,-7.254],[113.474,-7.222],[113.172,-7.227],[113.153,-7.205],[113.15,-7.224],[113.1,-7.229],[112.865,-7.162],[112.723,-7.176],[112.692,-7.154],[112.706,-7.098],[112.674,-7.073],[112.683,-7.032]]],[[[114.179,-7.005],[114.161,-6.999],[114.171,-6.966],[114.186,-6.971],[114.179,-7.005]]],[[[112.57,-5.809],[112.614,-5.75],[112.686,-5.716],[112.726,-5.737],[112.741,-5.789],[112.713,-5.847],[112.633,-5.844],[112.621,-5.871],[112.576,-5.845],[112.57,-5.809]]],[[[114.422,-5.59],[114.395,-5.568],[114.413,-5.532],[114.455,-5.565],[114.422,-5.59]]],[[[115.809,-7.154],[115.885,-7.164],[115.87,-7.132],[115.888,-7.12],[115.892,-7.138],[115.907,-7.103],[115.878,-7.202],[115.829,-7.206],[115.742,-7.153],[115.763,-7.129],[115.775,-7.15],[115.779,-7.111],[115.809,-7.154]]],[[[114.616,-7.153],[114.475,-7.146],[114.576,-7.128],[114.616,-7.153]]],[[[115.632,-7.064],[115.596,-7.04],[115.635,-7.035],[115.632,-7.064]]],[[[115.543,-6.982],[115.534,-7.033],[115.504,-7.014],[115.543,-6.982]]],[[[115.426,-6.984],[115.462,-6.972],[115.476,-7.006],[115.426,-6.984]]],[[[115.601,-6.993],[115.565,-6.96],[115.578,-6.941],[115.685,-7.013],[115.601,-6.993]]],[[[116.237,-6.938],[116.27,-6.94],[116.236,-6.946],[116.237,-6.938]]],[[[115.385,-6.958],[115.375,-6.973],[115.404,-6.989],[115.333,-6.996],[115.303,-6.948],[115.293,-7.013],[115.266,-6.994],[115.27,-6.935],[115.211,-6.942],[115.198,-6.922],[115.207,-6.89],[115.253,-6.862],[115.227,-6.838],[115.405,-6.837],[115.519,-6.882],[115.576,-6.932],[115.548,-6.966],[115.476,-6.923],[115.454,-6.932],[115.449,-6.911],[115.412,-6.943],[115.379,-6.899],[115.369,-6.929],[115.334,-6.92],[115.337,-6.948],[115.385,-6.958]]],[[[114.412,-5.432],[114.438,-5.447],[114.437,-5.458],[114.414,-5.45],[114.412,-5.432]]],[[[114.609,-5.043],[114.605,-5.095],[114.596,-5.096],[114.588,-5.061],[114.609,-5.043]]]]}},{"type":"Feature","properties":{"id":38,"name":"Papua Barat Daya"},"geometry":{"type":"MultiPolygon","coordinates":[[[[130.28,-2.212],[130.255,-2.211],[130.231,-2.198],[130.252,-2.187],[130.223,-2.182],[130.305,-2.194],[130.27,-2.195],[130.28,-2.212]]],[[[130.41,-2.089],[130.447,-2.061],[130.476,-2.066],[130.41,-2.089]]],[[[130.406,-1.994],[130.478,-2.007],[130.371,-2.037],[130.411,-2.02],[130.406,-1.994]]],[[[130.395,-2.006],[130.325,-1.986],[130.328,-1.974],[130.353,-1.981],[130.396,-1.984],[130.395,-2.006]]],[[[129.819,-1.844],[130.057,-1.725],[130.26,-1.729],[130.271,-1.699],[130.37,-1.676],[130.352,-1.737],[130.423,-1.779],[130.444,-1.831],[130.431,-1.864],[130.409,-1.858],[130.408,-1.897],[130.339,-1.923],[130.372,-1.936],[130.353,-1.958],[130.419,-1.949],[130.428,-1.972],[130.438,-1.955],[130.445,-1.954],[130.442,-1.98],[130.353,-1.981],[130.344,-1.957],[130.324,-1.97],[130.303,-2.011],[130.274,-2.015],[130.266,-2.054],[130.125,-2.06],[130.091,-2.042],[130.118,-2.039],[130.085,-2.028],[130.103,-2.017],[130.046,-2.027],[129.922,-1.999],[129.719,-1.88],[129.753,-1.846],[129.819,-1.844]]],[[[130.235,-1.486],[130.208,-1.484],[130.265,-1.46],[130.235,-1.486]]],[[[129.731,-1.198],[129.866,-1.144],[129.978,-1.171],[129.933,-1.216],[129.928,-1.186],[129.834,-1.251],[129.818,-1.246],[129.888,-1.197],[129.744,-1.22],[129.731,-1.198]]],[[[129.674,-1.184],[129.689,-1.205],[129.702,-1.205],[129.673,-1.179],[129.746,-1.154],[129.718,-1.198],[129.699,-1.207],[129.682,-1.204],[129.674,-1.184]]],[[[129.373,-1.186],[129.352,-1.163],[129.373,-1.169],[129.373,-1.186]]],[[[129.352,-1.164],[129.3,-1.177],[129.315,-1.157],[129.352,-1.164]]],[[[130.283,-0.668],[130.269,-0.665],[130.316,-0.649],[130.283,-0.668]]],[[[129.903,-0.439],[129.906,-0.471],[129.873,-0.498],[129.846,-0.439],[129.86,-0.411],[129.913,-0.4],[129.919,-0.443],[129.903,-0.439]]],[[[130.229,-0.347],[130.181,-0.321],[130.221,-0.328],[130.229,-0.347]]],[[[130.207,-0.315],[130.202,-0.285],[130.225,-0.278],[130.243,-0.303],[130.207,-0.315]]],[[[130.281,-0.178],[130.298,-0.191],[130.253,-0.181],[130.281,-0.178]]],[[[130.273,-0.158],[130.267,-0.179],[130.248,-0.175],[130.248,-0.15],[130.273,-0.158]]],[[[130.11,0.005],[130.143,-0.016],[130.116,-0.036],[130.156,-0.037],[130.166,-0.066],[130.131,-0.097],[130.096,-0.065],[130.112,-0.029],[130.088,-0.0],[130.095,0.012],[130.14,0.015],[130.11,0.005]]],[[[131.659,-1.547],[131.627,-1.54],[131.593,-1.465],[131.654,-1.443],[131.653,-1.463],[131.671,-1.467],[131.668,-1.445],[131.714,-1.428],[131.741,-1.455],[131.739,-1.498],[131.659,-1.547]]],[[[131.275,-1.384],[131.296,-1.383],[131.314,-1.376],[131.318,-1.368],[131.311,-1.359],[131.317,-1.353],[131.335,-1.369],[131.357,-1.369],[131.362,-1.4],[131.322,-1.413],[131.275,-1.384]]],[[[131.04,-1.275],[131.083,-1.24],[131.176,-1.221],[131.249,-1.083],[131.24,-1.028],[131.284,-0.99],[131.265,-0.976],[131.268,-0.921],[131.297,-0.915],[131.242,-0.877],[131.225,-0.822],[131.508,-0.73],[131.544,-0.741],[131.509,-0.775],[131.848,-0.706],[131.904,-0.675],[131.976,-0.58],[132.07,-0.542],[132.095,-0.48],[132.16,-0.434],[132.266,-0.382],[132.338,-0.386],[132.42,-0.344],[132.715,-0.362],[132.901,-0.464],[132.954,-0.454],[132.971,-0.493],[133.08,-0.517],[133.114,-0.553],[133.15,-0.545],[133.386,-0.738],[133.486,-0.741],[133.494,-0.758],[133.469,-0.774],[133.474,-0.8],[133.426,-0.8],[133.471,-0.927],[133.442,-0.998],[133.432,-1.179],[133.368,-1.225],[133.242,-1.185],[133.239,-1.252],[133.154,-1.251],[133.007,-1.357],[132.905,-1.292],[132.905,-1.397],[132.854,-1.45],[132.858,-1.502],[132.824,-1.564],[132.787,-1.573],[132.733,-1.877],[132.622,-1.876],[132.637,-1.904],[132.618,-1.913],[132.646,-1.922],[132.656,-1.962],[132.614,-1.987],[132.635,-1.985],[132.642,-2.021],[132.666,-2.015],[132.654,-2.036],[132.688,-2.049],[132.695,-2.087],[132.666,-2.109],[132.639,-2.09],[132.637,-2.148],[132.599,-2.199],[132.52,-2.197],[132.317,-2.284],[132.198,-2.151],[132.143,-2.149],[132.04,-2.073],[132.085,-2.021],[132.041,-2.026],[131.974,-1.973],[131.989,-1.933],[131.929,-1.882],[131.948,-1.844],[131.922,-1.814],[131.995,-1.738],[132.014,-1.747],[132.026,-1.7],[131.999,-1.674],[131.976,-1.705],[131.908,-1.714],[131.881,-1.644],[131.892,-1.611],[131.857,-1.566],[131.81,-1.614],[131.782,-1.604],[131.773,-1.57],[131.71,-1.577],[131.694,-1.547],[131.734,-1.517],[131.746,-1.491],[131.743,-1.448],[131.718,-1.425],[131.667,-1.443],[131.667,-1.465],[131.653,-1.44],[131.588,-1.453],[131.548,-1.488],[131.5,-1.469],[131.449,-1.514],[131.38,-1.453],[131.403,-1.429],[131.357,-1.363],[131.337,-1.367],[131.351,-1.318],[131.299,-1.355],[131.315,-1.372],[131.269,-1.382],[131.334,-1.431],[131.336,-1.464],[131.214,-1.523],[131.165,-1.463],[130.997,-1.457],[130.933,-1.432],[131.0,-1.381],[131.04,-1.275]]],[[[131.145,-1.219],[131.186,-1.189],[131.171,-1.218],[131.145,-1.219]]],[[[130.737,-1.164],[130.681,-1.109],[130.718,-1.077],[130.635,-0.958],[130.921,-0.889],[130.94,-0.941],[131.031,-0.912],[131.08,-0.969],[131.065,-1.009],[131.088,-1.012],[131.033,-1.198],[131.044,-1.241],[130.961,-1.36],[130.901,-1.32],[130.858,-1.345],[130.812,-1.268],[130.775,-1.266],[130.738,-1.216],[130.737,-1.164]]],[[[131.109,-1.057],[131.114,-1.079],[131.078,-1.081],[131.098,-1.003],[131.139,-0.995],[131.151,-1.019],[131.109,-1.057]]],[[[130.543,-0.916],[130.471,-0.895],[130.473,-0.918],[130.454,-0.898],[130.388,-0.923],[130.41,-0.896],[130.451,-0.894],[130.433,-0.862],[130.452,-0.864],[130.453,-0.81],[130.48,-0.817],[130.484,-0.789],[130.506,-0.797],[130.486,-0.83],[130.544,-0.841],[130.567,-0.794],[130.586,-0.833],[130.637,-0.791],[130.664,-0.827],[130.689,-0.821],[130.67,-0.798],[130.718,-0.83],[130.798,-0.794],[130.786,-0.814],[130.81,-0.802],[130.815,-0.826],[130.804,-0.752],[130.83,-0.789],[130.845,-0.767],[130.845,-0.79],[130.861,-0.801],[130.854,-0.764],[130.928,-0.783],[130.863,-0.805],[130.874,-0.833],[130.9,-0.833],[130.858,-0.856],[130.846,-0.842],[130.85,-0.86],[130.543,-0.916]]],[[[130.539,-0.828],[130.511,-0.802],[130.553,-0.796],[130.539,-0.828]]],[[[130.775,-0.778],[130.793,-0.782],[130.771,-0.801],[130.761,-0.771],[130.793,-0.756],[130.775,-0.778]]],[[[130.556,-0.608],[130.604,-0.579],[130.66,-0.573],[130.556,-0.608]]],[[[130.574,-0.463],[130.546,-0.512],[130.456,-0.509],[130.513,-0.488],[130.467,-0.482],[130.462,-0.456],[130.488,-0.458],[130.47,-0.445],[130.49,-0.43],[130.524,-0.468],[130.566,-0.425],[130.62,-0.42],[130.605,-0.401],[130.62,-0.396],[130.696,-0.441],[130.655,-0.514],[130.578,-0.535],[130.57,-0.519],[130.595,-0.525],[130.593,-0.49],[130.614,-0.485],[130.574,-0.463]]],[[[130.486,-0.32],[130.52,-0.304],[130.525,-0.322],[130.497,-0.332],[130.486,-0.32]]],[[[130.894,-0.315],[130.85,-0.294],[130.901,-0.309],[130.894,-0.315]]],[[[130.338,-0.219],[130.367,-0.202],[130.374,-0.238],[130.451,-0.199],[130.432,-0.176],[130.376,-0.182],[130.426,-0.167],[130.424,-0.129],[130.401,-0.127],[130.419,-0.162],[130.39,-0.172],[130.373,-0.138],[130.368,-0.16],[130.336,-0.141],[130.356,-0.191],[130.302,-0.173],[130.282,-0.109],[130.3,-0.093],[130.346,-0.11],[130.348,-0.078],[130.364,-0.136],[130.382,-0.119],[130.368,-0.075],[130.405,-0.077],[130.413,-0.115],[130.437,-0.075],[130.447,-0.1],[130.526,-0.068],[130.508,-0.051],[130.579,-0.075],[130.569,-0.039],[130.634,-0.063],[130.727,-0.028],[130.708,-0.062],[130.77,-0.054],[130.785,-0.043],[130.74,-0.025],[130.813,-0.005],[130.954,-0.034],[130.967,-0.062],[130.985,-0.055],[130.976,-0.035],[131.009,-0.044],[131.046,-0.02],[131.054,-0.05],[131.034,-0.061],[131.133,-0.071],[131.194,-0.13],[131.299,-0.16],[131.318,-0.198],[131.297,-0.244],[131.341,-0.292],[131.278,-0.345],[131.245,-0.34],[131.242,-0.381],[131.1,-0.307],[131.025,-0.357],[131.005,-0.335],[130.993,-0.357],[130.959,-0.351],[130.92,-0.3],[130.894,-0.299],[130.868,-0.235],[130.8,-0.242],[130.791,-0.169],[130.722,-0.137],[130.709,-0.095],[130.68,-0.099],[130.699,-0.078],[130.645,-0.096],[130.622,-0.08],[130.62,-0.104],[130.666,-0.117],[130.622,-0.12],[130.638,-0.144],[130.62,-0.145],[130.656,-0.152],[130.694,-0.198],[130.741,-0.275],[130.73,-0.294],[130.814,-0.312],[130.827,-0.288],[130.853,-0.31],[130.898,-0.315],[130.919,-0.306],[130.944,-0.355],[130.881,-0.42],[130.75,-0.443],[130.703,-0.411],[130.697,-0.355],[130.673,-0.339],[130.705,-0.326],[130.695,-0.3],[130.615,-0.299],[130.574,-0.319],[130.558,-0.368],[130.586,-0.359],[130.591,-0.38],[130.556,-0.431],[130.546,-0.306],[130.517,-0.294],[130.527,-0.246],[130.463,-0.262],[130.449,-0.289],[130.43,-0.261],[130.376,-0.261],[130.385,-0.279],[130.356,-0.253],[130.318,-0.273],[130.286,-0.226],[130.26,-0.227],[130.219,-0.208],[130.338,-0.219]]],[[[130.873,0.038],[130.89,0.04],[130.905,0.019],[130.882,0.015],[130.873,0.038]]],[[[131.042,0.392],[131.066,0.368],[131.048,0.363],[131.042,0.392]]],[[[131.259,1.075],[131.276,1.067],[131.254,1.047],[131.259,1.075]]]]}},{"type":"Feature","properties":{"id":2,"name":"Sumatera Utara"},"geometry":{"type":"MultiPolygon","coordinates":[[[[98.2,-0.108],[98.207,-0.126],[98.187,-0.143],[98.182,-0.121],[98.2,-0.108]]],[[[97.899,-0.101],[97.836,-0.067],[97.889,-0.061],[97.899,-0.101]]],[[[98.343,-0.067],[98.348,-0.097],[98.295,-0.071],[98.3,-0.06],[98.343,-0.067]]],[[[98.291,-0.08],[98.266,-0.067],[98.274,-0.033],[98.285,-0.05],[98.291,-0.08]]],[[[97.345,0.843],[97.361,0.821],[97.356,0.811],[97.332,0.83],[97.345,0.843]]],[[[97.509,0.924],[97.406,0.939],[97.377,1.061],[97.321,1.156],[97.258,1.214],[97.262,1.243],[97.205,1.267],[97.152,1.366],[97.101,1.407],[97.073,1.388],[97.058,1.41],[97.136,1.435],[97.172,1.396],[97.189,1.419],[97.201,1.404],[97.277,1.42],[97.345,1.481],[97.34,1.537],[97.398,1.499],[97.416,1.522],[97.441,1.473],[97.483,1.479],[97.69,1.178],[97.8,1.151],[97.847,1.075],[97.92,1.025],[97.947,0.957],[97.894,0.858],[97.912,0.799],[97.887,0.743],[97.9,0.626],[97.837,0.559],[97.82,0.567],[97.827,0.544],[97.782,0.553],[97.78,0.58],[97.767,0.557],[97.744,0.554],[97.741,0.581],[97.71,0.561],[97.684,0.584],[97.696,0.618],[97.633,0.8],[97.509,0.924]]],[[[98.233,4.146],[98.243,4.175],[98.275,4.167],[98.256,4.133],[98.233,4.146]]],[[[98.52,-0.62],[98.501,-0.632],[98.488,-0.611],[98.503,-0.595],[98.52,-0.62]]],[[[98.349,-0.515],[98.377,-0.457],[98.384,-0.343],[98.441,-0.302],[98.414,-0.243],[98.446,-0.247],[98.522,-0.36],[98.5,-0.398],[98.507,-0.491],[98.481,-0.517],[98.507,-0.553],[98.467,-0.575],[98.476,-0.535],[98.431,-0.541],[98.417,-0.598],[98.399,-0.567],[98.288,-0.523],[98.349,-0.515]]],[[[98.293,-0.02],[98.391,0.005],[98.396,-0.015],[98.415,0.001],[98.418,-0.038],[98.484,-0.124],[98.493,-0.21],[98.573,-0.28],[98.568,-0.331],[98.54,-0.329],[98.557,-0.391],[98.367,-0.108],[98.346,-0.04],[98.293,-0.02]]],[[[98.32,-0.125],[98.339,-0.099],[98.347,-0.143],[98.32,-0.125]]],[[[98.566,0.173],[98.71,0.178],[98.753,0.156],[98.8,0.17],[98.854,0.116],[98.85,0.08],[98.783,0.096],[98.749,0.071],[98.654,0.072],[98.554,0.092],[98.525,0.144],[98.566,0.173]]],[[[98.485,1.7],[98.533,1.64],[98.547,1.681],[98.572,1.649],[98.588,1.666],[98.609,1.613],[98.462,1.636],[98.441,1.676],[98.485,1.7]]],[[[98.11,2.611],[98.069,2.764],[98.117,2.785],[98.099,2.823],[98.055,2.819],[97.943,2.903],[97.955,2.981],[97.936,2.99],[97.93,3.055],[97.939,3.076],[97.981,3.079],[97.982,3.116],[97.905,3.257],[97.969,3.274],[98.029,3.331],[98.003,3.369],[97.949,3.39],[97.934,3.442],[97.959,3.483],[97.921,3.498],[97.907,3.555],[97.868,3.571],[97.872,3.613],[97.801,3.723],[97.909,3.818],[97.922,3.846],[97.901,3.911],[97.95,3.889],[98.008,3.902],[98.011,3.95],[98.054,3.944],[98.094,3.968],[98.04,4.041],[98.075,4.145],[98.062,4.185],[98.095,4.209],[98.07,4.247],[98.144,4.26],[98.155,4.289],[98.199,4.303],[98.253,4.29],[98.238,4.269],[98.254,4.202],[98.161,4.154],[98.173,4.112],[98.249,4.13],[98.298,4.106],[98.315,4.07],[98.391,4.076],[98.431,4.039],[98.541,4.012],[98.56,3.939],[98.692,3.889],[98.703,3.808],[98.726,3.799],[98.706,3.772],[98.874,3.687],[98.955,3.681],[99.292,3.479],[99.369,3.398],[99.487,3.345],[99.487,3.318],[99.558,3.238],[99.757,3.169],[99.858,3.035],[99.89,3.039],[99.935,2.974],[99.979,2.945],[99.99,2.961],[99.985,2.758],[100.138,2.688],[100.176,2.711],[100.22,2.705],[100.234,2.642],[100.321,2.55],[100.307,2.375],[100.373,2.193],[100.324,2.061],[100.318,1.902],[100.289,1.875],[100.28,1.812],[100.387,1.778],[100.352,1.732],[100.366,1.686],[100.418,1.665],[100.404,1.578],[100.434,1.52],[100.377,1.45],[100.272,1.472],[100.341,1.438],[100.307,1.418],[100.18,1.417],[100.053,1.38],[100.051,1.35],[100.085,1.341],[100.126,1.256],[100.114,1.212],[100.184,1.125],[100.116,1.093],[100.166,1.002],[100.139,0.984],[100.151,0.935],[100.12,0.91],[100.088,0.927],[100.122,0.896],[100.144,0.899],[100.122,0.818],[100.186,0.758],[100.07,0.79],[99.944,0.883],[99.872,0.907],[99.837,0.891],[99.85,0.791],[99.831,0.696],[99.911,0.68],[99.926,0.632],[99.909,0.626],[99.96,0.569],[99.961,0.513],[99.907,0.472],[99.836,0.459],[99.744,0.479],[99.718,0.451],[99.677,0.473],[99.643,0.545],[99.573,0.509],[99.528,0.522],[99.519,0.552],[99.439,0.478],[99.41,0.484],[99.317,0.334],[99.223,0.329],[99.19,0.308],[99.196,0.272],[99.167,0.228],[99.139,0.251],[99.161,0.289],[99.148,0.332],[99.109,0.346],[99.139,0.424],[99.117,0.504],[99.093,0.508],[99.108,0.575],[99.086,0.619],[99.046,0.638],[99.066,0.659],[99.046,0.671],[99.059,0.742],[99.012,0.825],[98.97,0.847],[98.986,0.855],[98.973,0.926],[98.841,1.281],[98.844,1.336],[98.713,1.56],[98.731,1.567],[98.764,1.527],[98.783,1.578],[98.806,1.565],[98.799,1.594],[98.84,1.628],[98.838,1.651],[98.787,1.691],[98.797,1.725],[98.742,1.783],[98.699,1.774],[98.717,1.754],[98.732,1.768],[98.733,1.718],[98.681,1.738],[98.462,1.989],[98.358,2.003],[98.367,2.022],[98.34,2.047],[98.263,2.028],[98.262,2.062],[98.129,2.168],[98.197,2.312],[98.096,2.483],[98.077,2.574],[98.11,2.611]],[[99.66,3.128],[99.663,3.128],[99.677,3.128],[99.66,3.128]],[[99.463,3.137],[99.466,3.136],[99.463,3.137],[99.463,3.137]],[[99.385,3.198],[99.385,3.198],[99.385,3.198],[99.385,3.198]],[[99.386,3.2],[99.385,3.198],[99.385,3.198],[99.386,3.2]],[[99.222,3.209],[99.218,3.213],[99.226,3.205],[99.222,3.209]],[[99.281,3.274],[99.281,3.274],[99.281,3.274],[99.281,3.274]],[[99.315,3.299],[99.31,3.302],[99.305,3.304],[99.315,3.299]]]]}},{"type":"Feature","properties":{"id":28,"name":"Sulawesi Tenggara"},"geometry":{"type":"MultiPolygon","coordinates":[[[[122.667,-6.185],[122.695,-6.197],[122.727,-6.205],[122.696,-6.212],[122.667,-6.185]]],[[[122.459,-5.694],[122.507,-5.625],[122.544,-5.628],[122.556,-5.653],[122.543,-5.688],[122.459,-5.694]]],[[[122.524,-5.499],[122.507,-5.559],[122.473,-5.548],[122.483,-5.514],[122.524,-5.499]]],[[[122.048,-5.49],[122.029,-5.519],[121.993,-5.523],[122.048,-5.49]]],[[[121.8,-5.282],[121.808,-5.207],[121.839,-5.192],[121.823,-5.169],[121.842,-5.146],[121.883,-5.153],[121.843,-5.122],[121.852,-5.098],[121.854,-5.108],[121.869,-5.119],[121.876,-5.107],[121.85,-5.095],[121.862,-5.077],[121.893,-5.056],[121.896,-5.089],[121.938,-5.111],[121.939,-5.074],[121.968,-5.063],[121.992,-5.159],[122.035,-5.148],[122.071,-5.201],[122.075,-5.233],[122.034,-5.241],[122.054,-5.286],[122.033,-5.346],[122.05,-5.461],[121.95,-5.494],[121.923,-5.403],[121.875,-5.386],[121.8,-5.282]]],[[[122.701,-5.253],[122.713,-5.24],[122.68,-5.293],[122.701,-5.253]]],[[[122.316,-5.238],[122.323,-5.111],[122.39,-5.074],[122.378,-4.958],[122.32,-4.828],[122.374,-4.738],[122.467,-4.741],[122.584,-4.67],[122.596,-4.635],[122.698,-4.616],[122.74,-4.649],[122.72,-4.691],[122.746,-4.779],[122.726,-4.85],[122.77,-4.902],[122.763,-4.964],[122.721,-4.965],[122.705,-5.006],[122.628,-5.071],[122.588,-5.16],[122.59,-5.198],[122.627,-5.2],[122.577,-5.25],[122.621,-5.25],[122.646,-5.29],[122.64,-5.356],[122.597,-5.36],[122.595,-5.434],[122.566,-5.411],[122.547,-5.44],[122.52,-5.438],[122.54,-5.261],[122.48,-5.3],[122.498,-5.346],[122.484,-5.374],[122.468,-5.361],[122.465,-5.403],[122.397,-5.383],[122.382,-5.333],[122.434,-5.312],[122.379,-5.324],[122.361,-5.391],[122.283,-5.395],[122.269,-5.313],[122.316,-5.238]]],[[[122.33,-4.725],[122.348,-4.683],[122.379,-4.665],[122.365,-4.696],[122.33,-4.725]]],[[[122.328,-4.655],[122.314,-4.663],[122.351,-4.621],[122.328,-4.655]]],[[[121.463,-4.104],[121.463,-4.135],[121.429,-4.13],[121.442,-4.169],[121.417,-4.154],[121.39,-4.17],[121.404,-4.136],[121.383,-4.105],[121.404,-4.114],[121.412,-4.085],[121.415,-4.112],[121.463,-4.104]]],[[[121.247,-3.83],[121.169,-3.824],[121.084,-3.715],[120.945,-3.62],[120.873,-3.499],[120.866,-3.429],[120.957,-3.33],[120.972,-3.265],[121.02,-3.244],[121.036,-3.205],[121.069,-3.204],[121.043,-3.045],[121.09,-3.016],[121.063,-2.958],[121.081,-2.972],[121.09,-2.945],[121.078,-2.865],[121.046,-2.865],[121.037,-2.807],[121.027,-2.849],[120.992,-2.841],[121.01,-2.866],[120.99,-2.84],[121.082,-2.773],[121.395,-3.016],[121.462,-3.011],[121.516,-2.925],[121.634,-2.894],[121.752,-2.923],[121.834,-2.973],[121.86,-2.965],[121.885,-3.011],[121.953,-3.051],[122.03,-3.048],[122.066,-3.089],[122.126,-3.083],[122.151,-3.039],[122.202,-3.096],[122.265,-3.101],[122.257,-3.14],[122.319,-3.174],[122.296,-3.226],[122.31,-3.277],[122.275,-3.313],[122.293,-3.312],[122.292,-3.36],[122.371,-3.38],[122.39,-3.409],[122.381,-3.462],[122.36,-3.464],[122.358,-3.417],[122.315,-3.425],[122.328,-3.373],[122.276,-3.364],[122.268,-3.399],[122.239,-3.389],[122.302,-3.468],[122.283,-3.549],[122.235,-3.577],[122.201,-3.564],[122.196,-3.61],[122.342,-3.745],[122.37,-3.752],[122.393,-3.726],[122.405,-3.75],[122.443,-3.749],[122.523,-3.893],[122.666,-3.897],[122.665,-3.925],[122.599,-3.979],[122.531,-3.971],[122.537,-3.99],[122.589,-3.979],[122.658,-4.007],[122.673,-4.036],[122.651,-4.083],[122.677,-4.158],[122.713,-4.164],[122.696,-4.137],[122.715,-4.131],[122.765,-4.159],[122.816,-4.136],[122.835,-4.154],[122.826,-4.11],[122.762,-4.066],[122.854,-4.07],[122.901,-4.195],[122.879,-4.295],[122.907,-4.323],[122.9,-4.38],[122.832,-4.449],[122.696,-4.328],[122.664,-4.334],[122.702,-4.404],[122.757,-4.426],[122.744,-4.51],[122.692,-4.469],[122.676,-4.483],[122.695,-4.501],[122.671,-4.508],[122.663,-4.453],[122.585,-4.396],[122.504,-4.456],[122.42,-4.432],[122.342,-4.477],[122.218,-4.48],[122.162,-4.529],[122.09,-4.542],[122.03,-4.656],[122.046,-4.767],[122.12,-4.818],[122.077,-4.857],[121.984,-4.901],[121.816,-4.834],[121.699,-4.856],[121.664,-4.811],[121.635,-4.809],[121.628,-4.777],[121.616,-4.796],[121.539,-4.764],[121.467,-4.683],[121.477,-4.55],[121.525,-4.402],[121.527,-4.244],[121.561,-4.244],[121.55,-4.267],[121.58,-4.244],[121.589,-4.177],[121.607,-4.184],[121.617,-4.151],[121.609,-4.067],[121.505,-4.018],[121.349,-3.991],[121.29,-3.879],[121.256,-3.919],[121.241,-3.903],[121.263,-3.884],[121.234,-3.87],[121.26,-3.854],[121.247,-3.83]]],[[[122.368,-3.577],[122.282,-3.591],[122.295,-3.535],[122.347,-3.542],[122.337,-3.567],[122.368,-3.577]]],[[[122.405,-3.403],[122.467,-3.465],[122.454,-3.49],[122.44,-3.478],[122.444,-3.508],[122.409,-3.477],[122.405,-3.403]]],[[[123.987,-5.878],[124.041,-5.908],[124.079,-6.019],[124.046,-6.035],[124.045,-5.982],[123.985,-5.966],[123.97,-5.938],[123.987,-5.878]]],[[[123.902,-5.805],[123.946,-5.809],[123.941,-5.824],[123.902,-5.805]]],[[[123.904,-5.72],[123.963,-5.731],[124.006,-5.762],[123.936,-5.778],[123.894,-5.742],[123.904,-5.72]]],[[[123.848,-5.587],[123.828,-5.561],[123.842,-5.551],[123.882,-5.583],[123.848,-5.587]]],[[[123.69,-5.47],[123.825,-5.558],[123.818,-5.602],[123.78,-5.59],[123.69,-5.47]]],[[[123.585,-5.412],[123.613,-5.403],[123.643,-5.427],[123.628,-5.435],[123.585,-5.412]]],[[[123.528,-5.381],[123.479,-5.36],[123.463,-5.33],[123.495,-5.336],[123.528,-5.381]]],[[[123.519,-5.264],[123.59,-5.249],[123.624,-5.267],[123.642,-5.287],[123.638,-5.371],[123.593,-5.386],[123.538,-5.349],[123.519,-5.264]]],[[[122.65,-5.437],[122.619,-5.406],[122.653,-5.326],[122.687,-5.321],[122.733,-5.242],[122.771,-5.254],[122.813,-5.219],[122.784,-5.184],[122.754,-5.229],[122.757,-5.185],[122.737,-5.175],[122.791,-5.106],[122.787,-5.087],[122.757,-5.109],[122.803,-5.026],[122.737,-5.052],[122.812,-4.982],[122.832,-4.921],[122.806,-4.867],[122.856,-4.785],[122.828,-4.678],[122.867,-4.526],[122.95,-4.425],[123.08,-4.367],[123.078,-4.402],[123.045,-4.424],[123.139,-4.482],[123.209,-4.613],[123.177,-4.671],[123.2,-4.686],[123.201,-4.657],[123.211,-4.698],[123.213,-4.858],[123.175,-4.838],[123.176,-4.771],[123.133,-4.757],[123.151,-4.734],[123.112,-4.694],[123.101,-4.794],[123.075,-4.789],[123.079,-4.749],[123.056,-4.77],[123.034,-4.746],[123.04,-4.802],[122.994,-4.826],[123.006,-4.92],[122.969,-4.953],[122.952,-5.019],[122.98,-5.058],[122.974,-5.115],[122.92,-5.182],[122.955,-5.217],[123.034,-5.136],[123.068,-5.161],[123.059,-5.192],[123.087,-5.175],[123.107,-5.194],[123.092,-5.217],[123.115,-5.206],[123.152,-5.248],[123.22,-5.273],[123.218,-5.302],[123.131,-5.399],[123.016,-5.444],[122.976,-5.394],[122.872,-5.455],[122.844,-5.523],[122.893,-5.514],[122.898,-5.561],[122.8,-5.698],[122.755,-5.695],[122.752,-5.639],[122.728,-5.689],[122.713,-5.682],[122.713,-5.619],[122.649,-5.699],[122.611,-5.656],[122.556,-5.518],[122.594,-5.455],[122.65,-5.437]]],[[[123.099,-4.834],[123.089,-4.853],[123.034,-4.833],[123.08,-4.794],[123.118,-4.797],[123.114,-4.847],[123.099,-4.834]]],[[[122.743,-4.576],[122.687,-4.539],[122.716,-4.514],[122.743,-4.531],[122.743,-4.576]]],[[[122.972,-4.057],[123.013,-3.978],[123.088,-4.022],[123.217,-4.02],[123.26,-4.089],[123.12,-4.261],[122.991,-4.201],[122.941,-4.103],[122.947,-4.054],[122.972,-4.057]]]]}},{"type":"Feature","properties":{"id":19,"name":"Nusa Tenggara Timur"},"geometry":{"type":"MultiPolygon","coordinates":[[[[122.688,-10.827],[122.664,-10.826],[122.641,-10.803],[122.668,-10.799],[122.688,-10.827]]],[[[121.634,-10.601],[121.574,-10.642],[121.519,-10.633],[121.557,-10.601],[121.634,-10.601]]],[[[121.909,-10.419],[122.002,-10.446],[121.986,-10.551],[121.838,-10.626],[121.685,-10.575],[121.834,-10.499],[121.844,-10.45],[121.909,-10.419]]],[[[119.352,-9.761],[119.219,-9.738],[119.185,-9.759],[119.026,-9.675],[118.929,-9.56],[118.99,-9.456],[119.173,-9.376],[119.22,-9.391],[119.293,-9.358],[119.387,-9.383],[119.47,-9.358],[119.539,-9.378],[119.628,-9.345],[119.686,-9.382],[119.797,-9.399],[119.936,-9.276],[120.085,-9.47],[120.128,-9.485],[120.185,-9.468],[120.211,-9.491],[120.251,-9.647],[120.299,-9.642],[120.323,-9.67],[120.464,-9.615],[120.504,-9.686],[120.56,-9.698],[120.678,-9.899],[120.816,-9.977],[120.846,-10.029],[120.842,-10.089],[120.685,-10.224],[120.608,-10.254],[120.532,-10.24],[120.486,-10.263],[120.453,-10.317],[120.348,-10.249],[120.165,-10.24],[120.046,-10.126],[120.008,-10.124],[120.019,-10.08],[119.947,-10.0],[119.952,-9.976],[119.905,-9.974],[119.863,-9.922],[119.784,-9.922],[119.685,-9.846],[119.671,-9.781],[119.621,-9.801],[119.621,-9.764],[119.595,-9.779],[119.466,-9.741],[119.39,-9.797],[119.352,-9.761]]],[[[120.282,-8.87],[120.306,-8.901],[120.273,-8.916],[120.256,-8.902],[120.282,-8.87]]],[[[121.507,-8.893],[121.533,-8.862],[121.516,-8.907],[121.507,-8.893]]],[[[119.783,-8.791],[119.798,-8.822],[119.771,-8.819],[119.783,-8.791]]],[[[119.631,-8.807],[119.656,-8.787],[119.667,-8.817],[119.651,-8.804],[119.631,-8.807]]],[[[119.674,-8.688],[119.708,-8.67],[119.687,-8.639],[119.715,-8.656],[119.719,-8.621],[119.805,-8.625],[119.799,-8.657],[119.757,-8.665],[119.745,-8.699],[119.711,-8.679],[119.69,-8.723],[119.733,-8.757],[119.694,-8.81],[119.659,-8.773],[119.618,-8.794],[119.606,-8.734],[119.633,-8.742],[119.616,-8.725],[119.637,-8.725],[119.617,-8.708],[119.661,-8.701],[119.653,-8.669],[119.639,-8.689],[119.624,-8.682],[119.642,-8.659],[119.614,-8.61],[119.663,-8.612],[119.674,-8.688]]],[[[119.558,-8.666],[119.559,-8.695],[119.535,-8.669],[119.603,-8.632],[119.602,-8.66],[119.558,-8.666]]],[[[119.47,-8.479],[119.571,-8.49],[119.57,-8.532],[119.56,-8.514],[119.549,-8.53],[119.574,-8.595],[119.519,-8.602],[119.505,-8.569],[119.453,-8.606],[119.465,-8.628],[119.491,-8.612],[119.485,-8.641],[119.433,-8.676],[119.456,-8.703],[119.452,-8.745],[119.471,-8.737],[119.44,-8.751],[119.406,-8.722],[119.376,-8.736],[119.41,-8.647],[119.398,-8.622],[119.373,-8.631],[119.373,-8.587],[119.437,-8.526],[119.412,-8.502],[119.449,-8.492],[119.422,-8.444],[119.463,-8.435],[119.47,-8.479]]],[[[119.91,-8.839],[119.922,-8.861],[119.906,-8.867],[119.89,-8.813],[119.833,-8.806],[119.796,-8.742],[119.811,-8.668],[119.804,-8.573],[119.878,-8.505],[119.857,-8.43],[119.88,-8.427],[119.878,-8.46],[119.908,-8.476],[119.969,-8.428],[119.998,-8.461],[120.019,-8.384],[120.043,-8.398],[120.074,-8.377],[120.05,-8.405],[120.087,-8.388],[120.085,-8.437],[120.11,-8.441],[120.12,-8.359],[120.164,-8.377],[120.201,-8.306],[120.291,-8.281],[120.367,-8.295],[120.408,-8.281],[120.428,-8.241],[120.468,-8.296],[120.53,-8.273],[120.59,-8.297],[120.602,-8.255],[120.735,-8.349],[120.881,-8.349],[120.884,-8.372],[120.94,-8.348],[120.948,-8.373],[120.945,-8.344],[120.978,-8.346],[120.963,-8.371],[121.022,-8.415],[121.143,-8.425],[121.238,-8.473],[121.308,-8.48],[121.343,-8.548],[121.419,-8.592],[121.476,-8.564],[121.509,-8.616],[121.581,-8.572],[121.571,-8.53],[121.612,-8.559],[121.619,-8.472],[121.681,-8.512],[121.727,-8.495],[121.8,-8.511],[121.844,-8.482],[121.913,-8.496],[121.957,-8.444],[121.956,-8.473],[122.024,-8.44],[122.016,-8.529],[122.104,-8.529],[122.221,-8.62],[122.295,-8.642],[122.364,-8.611],[122.475,-8.609],[122.518,-8.546],[122.479,-8.493],[122.491,-8.473],[122.549,-8.465],[122.597,-8.393],[122.766,-8.363],[122.811,-8.298],[122.884,-8.287],[122.94,-8.199],[122.901,-8.176],[122.82,-8.191],[122.788,-8.236],[122.73,-8.224],[122.785,-8.15],[122.782,-8.108],[122.831,-8.096],[122.844,-8.07],[122.867,-8.064],[122.972,-8.133],[122.957,-8.196],[123.019,-8.286],[123.02,-8.317],[122.983,-8.347],[122.913,-8.329],[122.878,-8.384],[122.888,-8.448],[122.783,-8.423],[122.79,-8.484],[122.843,-8.547],[122.817,-8.598],[122.737,-8.608],[122.726,-8.633],[122.672,-8.623],[122.421,-8.744],[122.28,-8.755],[122.115,-8.729],[122.03,-8.795],[121.862,-8.835],[121.776,-8.882],[121.67,-8.848],[121.644,-8.906],[121.625,-8.893],[121.641,-8.839],[121.57,-8.797],[121.389,-8.789],[121.342,-8.905],[121.179,-8.885],[121.03,-8.956],[120.931,-8.933],[120.838,-8.829],[120.79,-8.84],[120.774,-8.887],[120.745,-8.894],[120.646,-8.867],[120.594,-8.815],[120.367,-8.816],[120.313,-8.856],[120.277,-8.854],[120.214,-8.837],[120.155,-8.786],[119.91,-8.839]]],[[[122.345,-8.428],[122.416,-8.436],[122.415,-8.477],[122.389,-8.498],[122.355,-8.488],[122.335,-8.464],[122.345,-8.428]]],[[[119.852,-8.375],[119.863,-8.402],[119.838,-8.386],[119.852,-8.375]]],[[[122.307,-8.368],[122.275,-8.366],[122.321,-8.346],[122.307,-8.368]]],[[[121.688,-8.301],[121.731,-8.3],[121.733,-8.351],[121.677,-8.339],[121.688,-8.301]]],[[[122.865,-10.964],[122.887,-11.0],[122.873,-11.007],[122.841,-10.968],[122.865,-10.964]]],[[[122.933,-10.936],[122.96,-10.917],[122.972,-10.92],[122.933,-10.936]]],[[[122.804,-10.802],[122.858,-10.759],[123.043,-10.729],[123.129,-10.644],[123.178,-10.637],[123.195,-10.594],[123.26,-10.606],[123.31,-10.593],[123.312,-10.576],[123.276,-10.579],[123.245,-10.603],[123.213,-10.58],[123.264,-10.521],[123.37,-10.478],[123.374,-10.431],[123.426,-10.472],[123.383,-10.488],[123.4,-10.505],[123.381,-10.533],[123.376,-10.525],[123.366,-10.533],[123.361,-10.549],[123.357,-10.546],[123.383,-10.569],[123.343,-10.587],[123.416,-10.609],[123.427,-10.656],[123.399,-10.687],[123.331,-10.678],[123.3,-10.72],[123.253,-10.734],[123.223,-10.83],[123.133,-10.815],[123.09,-10.857],[122.969,-10.87],[122.949,-10.893],[122.971,-10.915],[122.889,-10.91],[122.847,-10.943],[122.822,-10.919],[122.826,-10.834],[122.804,-10.802]]],[[[123.441,-10.492],[123.388,-10.559],[123.363,-10.548],[123.37,-10.529],[123.387,-10.544],[123.404,-10.499],[123.441,-10.492]]],[[[123.309,-10.282],[123.396,-10.134],[123.454,-10.115],[123.469,-10.162],[123.5,-10.158],[123.505,-10.178],[123.428,-10.23],[123.391,-10.207],[123.419,-10.26],[123.42,-10.296],[123.395,-10.293],[123.409,-10.335],[123.346,-10.305],[123.322,-10.339],[123.309,-10.282]]],[[[123.494,-10.293],[123.489,-10.224],[123.527,-10.217],[123.535,-10.174],[123.742,-10.098],[123.769,-10.051],[123.695,-10.01],[123.622,-10.019],[123.596,-10.044],[123.578,-9.942],[123.595,-9.902],[123.642,-9.895],[123.668,-9.854],[123.642,-9.774],[123.681,-9.743],[123.673,-9.631],[123.788,-9.542],[123.795,-9.491],[123.884,-9.465],[123.994,-9.343],[124.074,-9.325],[124.07,-9.37],[124.098,-9.409],[124.15,-9.427],[124.217,-9.366],[124.272,-9.412],[124.278,-9.503],[124.355,-9.485],[124.349,-9.425],[124.373,-9.417],[124.38,-9.357],[124.463,-9.3],[124.476,-9.174],[124.531,-9.186],[124.614,-9.154],[124.67,-9.119],[124.698,-9.053],[124.73,-9.059],[124.939,-8.958],[124.932,-9.028],[124.984,-9.066],[125.077,-9.022],[125.112,-8.967],[125.183,-9.023],[125.171,-9.123],[125.193,-9.156],[125.175,-9.175],[125.097,-9.202],[125.053,-9.169],[124.983,-9.191],[124.994,-9.29],[125.051,-9.329],[125.089,-9.457],[124.988,-9.556],[124.981,-9.639],[124.853,-9.731],[124.751,-9.882],[124.542,-10.016],[124.478,-10.122],[124.388,-10.171],[124.142,-10.161],[124.019,-10.273],[123.962,-10.277],[123.798,-10.355],[123.655,-10.35],[123.612,-10.37],[123.541,-10.328],[123.469,-10.36],[123.463,-10.326],[123.494,-10.293]]],[[[122.945,-8.493],[122.976,-8.436],[123.168,-8.436],[123.078,-8.489],[123.022,-8.477],[122.944,-8.583],[122.886,-8.609],[122.87,-8.584],[122.885,-8.524],[122.945,-8.493]]],[[[123.821,-8.366],[123.836,-8.378],[123.826,-8.415],[123.809,-8.403],[123.821,-8.366]]],[[[123.205,-8.521],[123.29,-8.464],[123.336,-8.4],[123.471,-8.338],[123.414,-8.292],[123.345,-8.305],[123.387,-8.26],[123.457,-8.271],[123.497,-8.241],[123.558,-8.241],[123.493,-8.359],[123.551,-8.369],[123.596,-8.334],[123.574,-8.288],[123.603,-8.288],[123.599,-8.318],[123.635,-8.292],[123.605,-8.22],[123.649,-8.218],[123.651,-8.253],[123.687,-8.259],[123.713,-8.24],[123.697,-8.218],[123.782,-8.17],[123.856,-8.228],[123.902,-8.215],[123.923,-8.244],[123.838,-8.285],[123.766,-8.288],[123.676,-8.427],[123.62,-8.406],[123.553,-8.47],[123.587,-8.531],[123.546,-8.572],[123.491,-8.515],[123.393,-8.586],[123.317,-8.527],[123.221,-8.554],[123.205,-8.521]]],[[[123.954,-8.347],[123.93,-8.382],[123.9,-8.37],[123.911,-8.357],[123.954,-8.347]]],[[[124.066,-8.551],[124.033,-8.42],[123.983,-8.42],[123.944,-8.461],[123.919,-8.449],[123.964,-8.349],[124.061,-8.293],[124.112,-8.392],[124.105,-8.36],[124.203,-8.274],[124.25,-8.193],[124.319,-8.181],[124.31,-8.311],[124.213,-8.409],[124.195,-8.483],[124.142,-8.538],[124.066,-8.551]]],[[[123.142,-8.234],[123.21,-8.224],[123.221,-8.244],[123.243,-8.226],[123.334,-8.264],[123.305,-8.296],[123.286,-8.392],[123.006,-8.413],[122.999,-8.368],[123.028,-8.312],[123.142,-8.234]]],[[[124.355,-8.275],[124.373,-8.306],[124.33,-8.324],[124.315,-8.298],[124.355,-8.275]]],[[[124.337,-8.42],[124.41,-8.294],[124.565,-8.218],[124.504,-8.221],[124.406,-8.278],[124.4,-8.22],[124.478,-8.129],[124.599,-8.124],[124.591,-8.185],[124.609,-8.197],[124.751,-8.146],[124.874,-8.168],[124.958,-8.141],[124.998,-8.157],[125.09,-8.146],[125.141,-8.238],[125.14,-8.319],[125.063,-8.356],[124.89,-8.364],[124.787,-8.402],[124.658,-8.391],[124.592,-8.432],[124.547,-8.442],[124.495,-8.418],[124.419,-8.46],[124.418,-8.438],[124.362,-8.442],[124.337,-8.42]]],[[[123.6,-7.785],[123.595,-7.803],[123.578,-7.799],[123.575,-7.785],[123.6,-7.785]]]]}},{"type":"Feature","properties":{"id":22,"name":"Kalimantan Selatan"},"geometry":{"type":"MultiPolygon","coordinates":[[[[115.765,-4.837],[115.857,-4.754],[115.834,-4.777],[115.855,-4.785],[115.765,-4.837]]],[[[115.711,-4.727],[115.719,-4.706],[115.753,-4.689],[115.711,-4.727]]],[[[116.091,-4.086],[116.069,-4.037],[116.048,-4.062],[116.039,-4.023],[116.077,-3.931],[116.057,-3.904],[116.081,-3.825],[116.024,-3.73],[116.002,-3.638],[116.047,-3.544],[116.039,-3.481],[116.114,-3.308],[116.258,-3.21],[116.281,-3.223],[116.249,-3.375],[116.314,-3.475],[116.271,-3.547],[116.306,-3.59],[116.289,-3.614],[116.301,-3.713],[116.339,-3.728],[116.271,-3.816],[116.295,-3.863],[116.317,-3.863],[116.31,-3.916],[116.273,-3.907],[116.207,-3.952],[116.21,-3.985],[116.143,-4.035],[116.116,-4.03],[116.091,-4.086]]],[[[116.384,-3.649],[116.361,-3.653],[116.343,-3.568],[116.313,-3.556],[116.345,-3.452],[116.391,-3.413],[116.409,-3.36],[116.429,-3.363],[116.384,-3.649]]],[[[116.04,-3.42],[116.032,-3.454],[116.026,-3.457],[116.02,-3.43],[116.04,-3.42]]],[[[116.17,-3.038],[116.16,-3.013],[116.136,-2.977],[116.177,-2.998],[116.17,-3.038]]],[[[114.485,-3.499],[114.353,-3.464],[114.35,-3.349],[114.375,-3.287],[114.436,-3.243],[114.449,-3.21],[114.424,-3.18],[114.546,-3.068],[114.505,-3.0],[114.544,-2.949],[114.517,-2.92],[114.538,-2.927],[114.554,-2.892],[114.59,-2.91],[114.561,-2.878],[114.615,-2.884],[114.598,-2.816],[114.667,-2.799],[114.679,-2.739],[114.762,-2.72],[114.796,-2.593],[114.883,-2.489],[115.089,-2.349],[115.107,-2.305],[115.254,-2.209],[115.244,-2.192],[115.265,-2.226],[115.296,-2.216],[115.297,-2.144],[115.355,-2.095],[115.364,-2.044],[115.409,-2.058],[115.397,-2.013],[115.416,-2.013],[115.443,-1.947],[115.42,-1.892],[115.32,-1.892],[115.3,-1.824],[115.347,-1.675],[115.374,-1.653],[115.358,-1.592],[115.391,-1.52],[115.435,-1.496],[115.434,-1.452],[115.455,-1.462],[115.471,-1.43],[115.513,-1.452],[115.626,-1.351],[115.759,-1.313],[115.689,-1.449],[115.628,-1.468],[115.617,-1.5],[115.655,-1.513],[115.631,-1.532],[115.636,-1.604],[115.67,-1.629],[115.665,-1.707],[115.707,-1.733],[115.679,-1.793],[115.728,-1.799],[115.728,-1.925],[115.694,-1.977],[115.719,-1.998],[115.695,-2.041],[115.814,-2.072],[115.785,-2.216],[115.833,-2.296],[115.817,-2.317],[115.835,-2.39],[115.888,-2.374],[115.89,-2.337],[115.926,-2.325],[116.033,-2.307],[116.045,-2.329],[116.114,-2.338],[116.162,-2.307],[116.236,-2.309],[116.268,-2.339],[116.556,-2.409],[116.512,-2.562],[116.48,-2.571],[116.478,-2.517],[116.449,-2.502],[116.418,-2.501],[116.398,-2.529],[116.289,-2.533],[116.317,-2.542],[116.323,-2.581],[116.358,-2.55],[116.391,-2.587],[116.415,-2.578],[116.367,-2.668],[116.364,-2.878],[116.27,-3.003],[116.221,-3.008],[116.207,-2.938],[116.149,-2.935],[116.144,-2.792],[116.118,-2.825],[116.132,-2.886],[116.101,-2.934],[116.123,-2.962],[116.093,-3.0],[116.158,-3.015],[116.154,-3.032],[116.173,-3.062],[116.274,-3.13],[116.211,-3.128],[116.171,-3.157],[116.177,-3.251],[116.084,-3.28],[116.012,-3.419],[115.996,-3.566],[115.968,-3.61],[115.833,-3.631],[115.716,-3.732],[115.061,-3.989],[114.686,-4.176],[114.619,-4.161],[114.638,-4.049],[114.602,-3.809],[114.621,-3.672],[114.557,-3.556],[114.513,-3.542],[114.485,-3.499]]]]}},{"type":"Feature","properties":{"id":1,"name":"Aceh"},"geometry":{"type":"MultiPolygon","coordinates":[[[[96.248,2.345],[96.219,2.359],[96.257,2.371],[96.248,2.345]]],[[[96.51,2.415],[96.493,2.438],[96.517,2.426],[96.51,2.415]]],[[[95.918,2.531],[95.939,2.546],[95.963,2.528],[95.918,2.531]]],[[[95.803,2.628],[95.722,2.742],[95.734,2.757],[95.705,2.747],[95.692,2.774],[95.719,2.825],[95.792,2.831],[95.763,2.879],[95.802,2.93],[95.8,2.908],[95.84,2.883],[95.835,2.913],[95.905,2.895],[95.912,2.847],[95.884,2.873],[95.865,2.858],[95.883,2.825],[95.916,2.845],[96.026,2.757],[96.093,2.756],[96.082,2.731],[96.09,2.749],[96.131,2.731],[96.113,2.714],[96.146,2.712],[96.152,2.689],[96.092,2.675],[96.106,2.636],[96.143,2.654],[96.193,2.617],[96.159,2.677],[96.173,2.674],[96.253,2.585],[96.35,2.546],[96.34,2.522],[96.37,2.513],[96.385,2.456],[96.407,2.457],[96.404,2.513],[96.425,2.477],[96.454,2.476],[96.499,2.364],[96.443,2.328],[96.345,2.341],[96.315,2.36],[96.336,2.388],[96.314,2.386],[96.316,2.418],[96.228,2.442],[96.08,2.567],[96.011,2.59],[95.996,2.566],[95.979,2.588],[95.949,2.57],[95.863,2.638],[95.803,2.628]]],[[[95.194,5.605],[95.119,5.602],[95.14,5.66],[95.194,5.605]]],[[[95.044,5.671],[95.047,5.736],[95.011,5.724],[95.056,5.754],[95.143,5.667],[95.056,5.648],[95.069,5.668],[95.044,5.671]]],[[[95.278,5.787],[95.216,5.907],[95.292,5.839],[95.327,5.901],[95.374,5.847],[95.375,5.806],[95.346,5.827],[95.325,5.773],[95.278,5.787]]],[[[97.121,2.041],[97.115,2.004],[97.076,2.077],[97.098,2.114],[97.162,2.071],[97.121,2.041]]],[[[96.646,2.058],[96.611,2.105],[96.652,2.124],[96.689,2.089],[96.646,2.058]]],[[[97.166,2.235],[97.225,2.208],[97.236,2.235],[97.299,2.229],[97.291,2.201],[97.339,2.163],[97.335,2.114],[97.358,2.098],[97.34,2.035],[97.34,2.06],[97.307,2.063],[97.234,2.168],[97.113,2.216],[97.166,2.235]]],[[[96.61,2.176],[96.628,2.189],[96.662,2.168],[96.634,2.152],[96.61,2.176]]],[[[97.42,2.303],[97.379,2.361],[97.408,2.345],[97.42,2.303]]],[[[95.307,5.081],[95.307,5.169],[95.242,5.222],[95.243,5.279],[95.212,5.275],[95.218,5.324],[95.239,5.325],[95.222,5.345],[95.23,5.362],[95.243,5.341],[95.253,5.382],[95.23,5.433],[95.241,5.468],[95.194,5.527],[95.225,5.576],[95.244,5.546],[95.308,5.561],[95.312,5.581],[95.299,5.57],[95.313,5.585],[95.316,5.583],[95.311,5.59],[95.316,5.596],[95.439,5.656],[95.515,5.595],[95.611,5.628],[95.886,5.506],[95.934,5.406],[96.079,5.292],[96.187,5.259],[96.262,5.266],[96.392,5.21],[96.465,5.237],[96.511,5.199],[96.626,5.211],[96.849,5.277],[96.88,5.249],[96.977,5.263],[97.103,5.225],[97.149,5.191],[97.143,5.155],[97.187,5.141],[97.497,5.249],[97.553,5.212],[97.591,5.144],[97.652,5.123],[97.645,5.076],[97.675,5.048],[97.84,4.907],[97.907,4.891],[97.961,4.741],[97.963,4.665],[97.996,4.638],[97.982,4.536],[97.999,4.522],[98.038,4.546],[98.039,4.526],[98.07,4.547],[98.076,4.51],[98.155,4.51],[98.234,4.464],[98.259,4.411],[98.287,4.417],[98.254,4.29],[98.199,4.303],[98.155,4.289],[98.144,4.26],[98.07,4.247],[98.095,4.209],[98.062,4.185],[98.075,4.145],[98.04,4.041],[98.094,3.968],[98.054,3.944],[98.011,3.95],[98.008,3.902],[97.95,3.889],[97.901,3.911],[97.922,3.846],[97.909,3.818],[97.801,3.723],[97.872,3.613],[97.868,3.571],[97.907,3.555],[97.921,3.498],[97.959,3.483],[97.934,3.442],[97.949,3.39],[98.003,3.369],[98.029,3.331],[97.969,3.274],[97.905,3.257],[97.982,3.116],[97.981,3.079],[97.939,3.076],[97.93,3.055],[97.936,2.99],[97.955,2.981],[97.943,2.903],[98.055,2.819],[98.099,2.823],[98.117,2.785],[98.069,2.764],[98.11,2.611],[98.078,2.582],[98.082,2.511],[98.197,2.312],[98.179,2.239],[98.127,2.17],[97.95,2.27],[97.881,2.243],[97.8,2.271],[97.785,2.231],[97.663,2.4],[97.65,2.676],[97.593,2.88],[97.431,2.932],[97.374,2.985],[97.316,3.055],[97.255,3.225],[97.169,3.258],[97.002,3.547],[96.903,3.602],[96.866,3.693],[96.724,3.746],[96.544,3.731],[96.501,3.748],[96.383,3.85],[96.195,4.103],[96.145,4.142],[96.127,4.124],[96.057,4.205],[96.024,4.194],[95.738,4.509],[95.608,4.621],[95.567,4.627],[95.584,4.656],[95.541,4.656],[95.495,4.749],[95.413,4.82],[95.425,4.842],[95.367,4.948],[95.367,5.032],[95.307,5.081]]]]}},{"type":"Feature","properties":{"id":21,"name":"Kalimantan Tengah"},"geometry":{"type":"MultiPolygon","coordinates":[[[[113.396,-3.25],[113.384,-3.295],[113.366,-3.302],[113.359,-3.277],[113.396,-3.25]]],[[[110.974,-3.066],[110.816,-2.981],[110.732,-2.987],[110.793,-2.912],[110.965,-2.858],[111.012,-2.795],[111.147,-2.742],[111.176,-2.688],[111.132,-2.599],[111.147,-2.542],[111.118,-2.531],[111.102,-2.483],[111.116,-2.327],[111.023,-2.224],[111.07,-2.115],[111.058,-2.059],[111.088,-2.045],[111.079,-2.009],[111.101,-1.989],[111.055,-1.957],[111.01,-1.969],[110.951,-1.888],[110.952,-1.846],[111.014,-1.782],[111.026,-1.72],[110.984,-1.689],[110.994,-1.65],[110.94,-1.657],[110.92,-1.693],[110.893,-1.657],[110.873,-1.665],[110.864,-1.624],[110.887,-1.599],[110.97,-1.552],[111.006,-1.504],[111.035,-1.529],[111.08,-1.525],[111.156,-1.432],[111.183,-1.478],[111.204,-1.443],[111.254,-1.438],[111.284,-1.383],[111.327,-1.367],[111.344,-1.317],[111.384,-1.296],[111.391,-1.253],[111.424,-1.267],[111.555,-1.202],[111.578,-1.169],[111.544,-1.099],[111.571,-1.058],[111.616,-1.056],[111.64,-0.968],[111.724,-0.943],[111.748,-0.912],[111.838,-0.906],[111.887,-0.842],[111.917,-0.841],[111.923,-0.793],[111.977,-0.813],[112.055,-0.771],[112.085,-0.7],[112.175,-0.726],[112.176,-0.644],[112.212,-0.613],[112.26,-0.632],[112.315,-0.723],[112.349,-0.704],[112.386,-0.714],[112.439,-0.672],[112.513,-0.701],[112.688,-0.659],[112.704,-0.621],[112.734,-0.631],[112.745,-0.572],[112.832,-0.578],[112.991,-0.493],[113.055,-0.514],[113.131,-0.452],[113.218,-0.506],[113.271,-0.426],[113.22,-0.334],[113.305,-0.254],[113.291,-0.209],[113.33,-0.152],[113.422,-0.11],[113.444,-0.061],[113.416,-0.048],[113.433,0.009],[113.396,0.034],[113.414,0.116],[113.309,0.174],[113.262,0.23],[113.359,0.276],[113.442,0.26],[113.544,0.325],[113.587,0.362],[113.582,0.398],[113.655,0.44],[113.664,0.494],[113.797,0.595],[113.826,0.579],[113.851,0.608],[113.821,0.643],[113.845,0.66],[113.921,0.644],[113.975,0.661],[114.004,0.641],[114.069,0.69],[114.123,0.695],[114.178,0.637],[114.147,0.586],[114.195,0.582],[114.203,0.54],[114.364,0.53],[114.371,0.559],[114.43,0.542],[114.463,0.565],[114.524,0.563],[114.546,0.631],[114.598,0.632],[114.662,0.703],[114.716,0.701],[114.83,0.755],[114.872,0.741],[114.909,0.791],[114.968,0.751],[115.014,0.599],[115.092,0.48],[115.077,0.47],[115.137,0.425],[115.129,0.374],[115.048,0.298],[115.023,0.33],[114.903,0.318],[114.884,0.278],[114.82,0.237],[114.83,0.192],[114.762,0.146],[114.771,0.12],[114.707,0.084],[114.713,0.064],[114.795,0.011],[114.837,-0.046],[114.876,-0.015],[114.898,-0.032],[114.929,-0.165],[114.92,-0.233],[114.981,-0.275],[115.039,-0.24],[115.02,-0.212],[115.046,-0.203],[115.06,-0.152],[115.15,-0.139],[115.165,-0.087],[115.295,-0.051],[115.31,-0.118],[115.24,-0.167],[115.298,-0.21],[115.247,-0.252],[115.232,-0.36],[115.307,-0.486],[115.283,-0.549],[115.337,-0.544],[115.381,-0.572],[115.357,-0.613],[115.373,-0.654],[115.326,-0.672],[115.347,-0.72],[115.301,-0.745],[115.289,-0.799],[115.342,-0.839],[115.35,-0.891],[115.357,-0.864],[115.375,-0.877],[115.399,-0.845],[115.414,-0.874],[115.478,-0.882],[115.547,-0.854],[115.631,-0.976],[115.625,-1.017],[115.679,-1.009],[115.766,-1.138],[115.82,-1.089],[115.842,-1.096],[115.849,-1.172],[115.777,-1.231],[115.759,-1.313],[115.626,-1.351],[115.513,-1.452],[115.471,-1.43],[115.455,-1.462],[115.434,-1.452],[115.435,-1.496],[115.391,-1.52],[115.359,-1.588],[115.374,-1.653],[115.347,-1.675],[115.3,-1.824],[115.32,-1.892],[115.42,-1.892],[115.421,-1.933],[115.443,-1.947],[115.416,-2.013],[115.397,-2.013],[115.409,-2.058],[115.364,-2.044],[115.355,-2.095],[115.297,-2.144],[115.29,-2.224],[115.265,-2.226],[115.244,-2.192],[115.254,-2.209],[115.107,-2.305],[115.089,-2.349],[114.883,-2.489],[114.796,-2.593],[114.762,-2.72],[114.679,-2.739],[114.667,-2.799],[114.598,-2.816],[114.615,-2.884],[114.561,-2.878],[114.59,-2.91],[114.554,-2.892],[114.538,-2.927],[114.517,-2.92],[114.544,-2.949],[114.505,-3.0],[114.546,-3.068],[114.424,-3.18],[114.449,-3.21],[114.36,-3.316],[114.352,-3.464],[114.255,-3.403],[114.245,-3.363],[114.183,-3.393],[114.135,-3.383],[114.077,-3.351],[114.059,-3.31],[114.039,-3.35],[113.95,-3.37],[113.821,-3.45],[113.625,-3.464],[113.581,-3.442],[113.632,-3.321],[113.6,-3.166],[113.45,-3.19],[113.429,-3.236],[113.353,-3.268],[113.344,-3.281],[113.18,-3.079],[113.088,-3.034],[113.047,-2.974],[112.942,-3.111],[112.985,-3.155],[113.04,-3.132],[112.919,-3.241],[112.563,-3.447],[112.381,-3.332],[112.262,-3.313],[112.082,-3.404],[111.907,-3.538],[111.853,-3.541],[111.797,-3.527],[111.769,-3.504],[111.817,-3.405],[111.798,-3.197],[111.825,-3.053],[111.718,-2.847],[111.669,-2.894],[111.688,-2.92],[111.707,-2.905],[111.69,-2.942],[111.549,-3.023],[111.497,-2.951],[111.412,-2.903],[111.334,-2.911],[111.048,-3.051],[110.974,-3.066]]]]}},{"type":"Feature","properties":{"id":37,"name":"Papua Pegunungan"},"geometry":{"type":"Polygon","coordinates":[[[138.326,-4.669],[138.243,-4.67],[138.193,-4.713],[138.109,-4.575],[138.07,-4.565],[138.03,-4.612],[137.994,-4.586],[137.941,-4.603],[137.83,-4.541],[137.865,-4.424],[137.933,-4.425],[137.971,-4.222],[137.902,-4.215],[137.897,-4.263],[137.865,-4.278],[137.851,-4.205],[137.825,-4.238],[137.725,-4.216],[137.71,-4.192],[137.736,-4.121],[137.841,-4.15],[137.843,-4.194],[137.88,-4.177],[137.926,-4.19],[137.925,-4.162],[137.954,-4.166],[137.959,-4.138],[138.006,-4.12],[137.946,-4.025],[137.963,-3.932],[138.001,-3.897],[138.08,-3.873],[138.086,-3.908],[138.153,-3.911],[138.225,-3.878],[138.266,-3.827],[138.354,-3.826],[138.345,-3.762],[138.259,-3.774],[138.318,-3.709],[138.283,-3.704],[138.267,-3.628],[138.256,-3.645],[138.195,-3.599],[138.075,-3.587],[138.035,-3.425],[138.052,-3.363],[138.015,-3.335],[138.039,-3.311],[138.128,-3.326],[138.134,-3.305],[138.103,-3.306],[138.087,-3.225],[138.062,-3.21],[138.09,-3.127],[138.085,-3.029],[138.152,-3.04],[138.145,-2.994],[138.102,-3.004],[138.122,-2.979],[138.194,-2.972],[138.197,-3.031],[138.24,-3.05],[138.375,-2.925],[138.396,-2.957],[138.367,-2.958],[138.4,-2.971],[138.416,-2.926],[138.556,-2.955],[138.543,-2.92],[138.594,-2.961],[138.588,-2.998],[138.613,-2.994],[138.596,-3.039],[138.628,-3.091],[138.585,-3.093],[138.603,-3.127],[138.571,-3.137],[138.607,-3.162],[138.573,-3.172],[138.595,-3.18],[138.586,-3.227],[138.624,-3.231],[138.611,-3.263],[138.703,-3.327],[138.716,-3.298],[138.678,-3.196],[138.719,-3.215],[138.749,-3.175],[138.779,-3.202],[138.775,-3.18],[138.824,-3.169],[138.806,-3.224],[138.878,-3.225],[138.919,-3.279],[138.878,-3.329],[138.873,-3.426],[138.999,-3.301],[139.076,-3.279],[139.098,-3.305],[139.072,-3.29],[139.073,-3.324],[139.106,-3.336],[139.11,-3.38],[139.13,-3.354],[139.147,-3.373],[139.143,-3.428],[139.207,-3.449],[139.27,-3.419],[139.249,-3.453],[139.269,-3.442],[139.306,-3.474],[139.33,-3.446],[139.34,-3.484],[139.379,-3.468],[139.373,-3.436],[139.477,-3.462],[139.471,-3.52],[139.496,-3.487],[139.52,-3.525],[139.518,-3.657],[139.595,-3.727],[139.622,-3.71],[139.626,-3.664],[139.704,-3.637],[139.703,-3.559],[139.675,-3.532],[139.703,-3.543],[139.719,-3.522],[139.737,-3.548],[139.76,-3.51],[139.783,-3.522],[139.77,-3.562],[139.806,-3.567],[139.8,-3.592],[139.862,-3.585],[139.876,-3.601],[139.855,-3.61],[139.89,-3.622],[139.968,-3.613],[139.958,-3.639],[140.005,-3.702],[140.065,-3.649],[140.087,-3.683],[140.163,-3.708],[140.273,-3.67],[140.321,-3.754],[140.407,-3.733],[140.529,-3.78],[140.544,-3.751],[140.588,-3.755],[140.652,-3.805],[140.688,-3.793],[140.702,-3.886],[140.786,-3.852],[140.824,-3.866],[140.844,-3.925],[140.782,-3.96],[140.769,-3.925],[140.707,-3.909],[140.7,-3.943],[140.63,-3.979],[140.585,-3.921],[140.566,-3.976],[140.494,-3.926],[140.498,-3.905],[140.525,-3.909],[140.51,-3.885],[140.535,-3.815],[140.503,-3.787],[140.461,-3.81],[140.405,-3.785],[140.432,-3.855],[140.405,-3.915],[140.435,-3.912],[140.438,-3.959],[140.471,-3.965],[140.465,-3.991],[140.568,-4.116],[140.589,-4.116],[140.61,-4.062],[140.664,-4.037],[140.719,-4.099],[140.657,-3.972],[140.718,-4.02],[140.779,-4.0],[140.812,-4.013],[140.81,-3.995],[140.89,-3.961],[140.977,-3.967],[141.001,-4.02],[141.001,-5.344],[140.72,-5.281],[140.742,-5.26],[140.725,-5.232],[140.634,-5.265],[140.388,-5.213],[140.298,-5.156],[140.295,-5.131],[140.269,-5.135],[140.284,-5.121],[140.238,-5.047],[140.112,-5.055],[140.11,-5.029],[140.06,-5.049],[140.12,-5.151],[140.039,-5.183],[140.044,-5.14],[139.983,-5.092],[139.979,-5.219],[139.963,-5.223],[139.922,-5.217],[139.821,-5.163],[139.873,-5.149],[139.919,-5.205],[139.948,-5.165],[139.929,-5.091],[139.983,-5.09],[139.987,-5.057],[139.667,-5.063],[139.579,-5.053],[139.498,-5.002],[139.078,-4.986],[139.071,-4.963],[139.148,-4.879],[139.163,-4.769],[139.202,-4.72],[139.114,-4.767],[139.097,-4.828],[139.076,-4.82],[139.049,-4.865],[139.022,-4.838],[138.933,-4.832],[138.99,-4.771],[138.943,-4.764],[138.854,-4.702],[138.808,-4.767],[138.808,-4.727],[138.753,-4.709],[138.603,-4.724],[138.59,-4.699],[138.556,-4.704],[138.536,-4.72],[138.57,-4.749],[138.571,-4.793],[138.401,-4.812],[138.361,-4.796],[138.373,-4.768],[138.326,-4.669]],[[138.517,-3.254],[138.465,-3.298],[138.543,-3.323],[138.544,-3.274],[138.517,-3.254]]]}},{"type":"Feature","properties":{"id":9,"name":"Kepulauan Bangka Belitung"},"geometry":{"type":"MultiPolygon","coordinates":[[[[107.552,-3.202],[107.519,-3.255],[107.516,-3.197],[107.552,-3.202]]],[[[108.242,-3.077],[108.243,-3.049],[108.274,-3.055],[108.255,-3.058],[108.242,-3.077]]],[[[106.906,-2.966],[106.879,-3.008],[106.895,-3.031],[106.855,-3.04],[106.709,-2.967],[106.732,-2.925],[106.802,-2.887],[106.894,-2.93],[106.906,-2.966]]],[[[107.453,-2.982],[107.425,-2.958],[107.465,-2.924],[107.472,-2.946],[107.453,-2.982]]],[[[107.639,-3.24],[107.585,-3.204],[107.629,-3.143],[107.583,-3.087],[107.561,-3.0],[107.615,-2.913],[107.531,-2.937],[107.529,-2.921],[107.599,-2.858],[107.581,-2.796],[107.639,-2.747],[107.61,-2.705],[107.646,-2.627],[107.629,-2.595],[107.658,-2.56],[107.765,-2.557],[107.831,-2.529],[107.834,-2.554],[107.903,-2.577],[107.927,-2.56],[108.004,-2.581],[108.029,-2.653],[108.041,-2.599],[108.087,-2.597],[108.155,-2.654],[108.148,-2.674],[108.196,-2.683],[108.27,-2.751],[108.3,-2.848],[108.208,-3.013],[108.213,-3.07],[108.179,-3.122],[108.209,-3.145],[108.119,-3.179],[108.081,-3.17],[108.082,-3.245],[108.015,-3.244],[107.985,-3.273],[107.959,-3.237],[107.964,-3.168],[107.942,-3.165],[107.929,-3.126],[107.887,-3.118],[107.899,-3.097],[107.86,-3.059],[107.81,-3.086],[107.849,-3.121],[107.829,-3.167],[107.709,-3.193],[107.639,-3.24]]],[[[106.748,-2.887],[106.719,-2.89],[106.738,-2.868],[106.748,-2.887]]],[[[107.411,-2.919],[107.41,-2.945],[107.339,-2.882],[107.375,-2.885],[107.381,-2.849],[107.468,-2.823],[107.465,-2.851],[107.486,-2.851],[107.472,-2.905],[107.411,-2.919]]],[[[107.057,-2.82],[107.093,-2.861],[107.085,-2.912],[107.019,-2.878],[107.057,-2.82]]],[[[107.371,-2.823],[107.42,-2.793],[107.433,-2.82],[107.4,-2.834],[107.371,-2.823]]],[[[105.298,-2.154],[105.229,-2.066],[105.131,-2.085],[105.109,-2.024],[105.125,-1.959],[105.274,-1.893],[105.386,-1.802],[105.4,-1.75],[105.32,-1.698],[105.367,-1.68],[105.345,-1.648],[105.385,-1.642],[105.391,-1.607],[105.427,-1.604],[105.461,-1.564],[105.536,-1.566],[105.564,-1.528],[105.6,-1.527],[105.641,-1.643],[105.724,-1.644],[105.653,-1.713],[105.656,-1.747],[105.702,-1.783],[105.775,-1.767],[105.784,-1.806],[105.811,-1.814],[105.83,-1.803],[105.755,-1.728],[105.74,-1.687],[105.765,-1.649],[105.734,-1.635],[105.703,-1.528],[105.815,-1.531],[105.916,-1.502],[105.923,-1.547],[105.981,-1.551],[106.048,-1.6],[106.054,-1.62],[106.024,-1.629],[106.026,-1.676],[106.13,-1.804],[106.112,-1.842],[106.134,-1.851],[106.125,-1.867],[106.136,-1.855],[106.186,-1.896],[106.149,-1.984],[106.158,-2.09],[106.237,-2.328],[106.3,-2.422],[106.376,-2.474],[106.446,-2.472],[106.499,-2.504],[106.849,-2.571],[106.758,-2.6],[106.708,-2.643],[106.593,-2.899],[106.607,-2.962],[106.742,-3.007],[106.74,-3.085],[106.659,-3.102],[106.585,-3.077],[106.514,-3.117],[106.493,-3.052],[106.424,-2.971],[106.337,-2.968],[106.284,-2.905],[106.142,-2.875],[106.094,-2.837],[105.95,-2.82],[105.953,-2.783],[105.887,-2.644],[105.891,-2.589],[105.938,-2.53],[105.935,-2.481],[105.802,-2.367],[105.827,-2.315],[105.788,-2.25],[105.784,-2.165],[105.717,-2.124],[105.591,-2.123],[105.566,-2.071],[105.489,-2.093],[105.446,-2.134],[105.353,-2.121],[105.298,-2.154]]]]}},{"type":"Feature","properties":{"id":6,"name":"Sumatera Selatan"},"geometry":{"type":"MultiPolygon","coordinates":[[[[102.86,-3.992],[102.793,-3.96],[102.77,-3.91],[102.62,-3.802],[102.771,-3.708],[102.808,-3.613],[102.81,-3.53],[102.848,-3.537],[102.907,-3.616],[102.995,-3.525],[102.988,-3.368],[102.896,-3.376],[102.896,-3.327],[102.864,-3.345],[102.798,-3.332],[102.776,-3.282],[102.751,-3.309],[102.638,-3.338],[102.568,-3.277],[102.545,-3.291],[102.494,-3.268],[102.487,-3.11],[102.462,-3.076],[102.389,-3.043],[102.318,-3.07],[102.254,-3.036],[102.222,-2.928],[102.131,-2.875],[102.129,-2.835],[102.064,-2.769],[102.236,-2.691],[102.271,-2.624],[102.469,-2.704],[102.581,-2.678],[102.625,-2.615],[102.673,-2.609],[102.723,-2.555],[102.735,-2.579],[102.787,-2.547],[102.879,-2.424],[102.845,-2.388],[102.868,-2.315],[103.029,-2.342],[103.055,-2.317],[103.119,-2.354],[103.211,-2.32],[103.167,-2.229],[103.23,-2.136],[103.278,-2.148],[103.338,-2.271],[103.454,-2.36],[103.455,-2.186],[103.559,-2.137],[103.517,-2.092],[103.564,-2.017],[103.543,-1.986],[103.5,-1.982],[103.5,-1.96],[103.521,-1.907],[103.63,-1.841],[103.85,-1.817],[103.873,-1.789],[104.374,-1.637],[104.464,-1.642],[104.526,-1.712],[104.505,-1.723],[104.484,-1.787],[104.504,-1.809],[104.472,-1.857],[104.472,-1.913],[104.505,-1.969],[104.523,-1.981],[104.536,-1.981],[104.562,-1.999],[104.589,-2.008],[104.611,-2.006],[104.655,-1.964],[104.699,-1.999],[104.828,-2.004],[104.892,-2.083],[104.903,-2.191],[104.789,-2.28],[104.743,-2.359],[104.701,-2.342],[104.73,-2.39],[104.788,-2.384],[104.839,-2.338],[104.846,-2.286],[104.9,-2.279],[104.918,-2.289],[104.91,-2.336],[105.007,-2.333],[105.046,-2.376],[105.077,-2.361],[105.109,-2.383],[105.21,-2.326],[105.297,-2.374],[105.481,-2.386],[105.569,-2.418],[105.622,-2.392],[105.61,-2.597],[105.679,-2.678],[105.78,-2.683],[105.782,-2.853],[105.811,-2.915],[105.873,-2.964],[105.959,-2.943],[106.048,-2.996],[106.048,-3.123],[106.096,-3.24],[105.93,-3.36],[105.826,-3.596],[105.831,-3.711],[105.851,-3.743],[105.926,-3.775],[105.961,-3.828],[105.863,-4.032],[105.844,-4.162],[105.775,-4.111],[105.745,-4.144],[105.7,-4.135],[105.708,-4.102],[105.679,-4.074],[105.65,-4.084],[105.662,-4.046],[105.604,-4.053],[105.631,-4.004],[105.59,-3.953],[105.61,-3.938],[105.563,-3.929],[105.573,-3.9],[105.548,-3.881],[105.525,-3.894],[105.524,-3.841],[105.433,-3.826],[105.437,-3.788],[105.416,-3.777],[105.358,-3.797],[105.325,-3.726],[105.284,-3.798],[105.277,-3.877],[105.245,-3.906],[105.205,-3.891],[105.165,-3.938],[105.139,-3.936],[105.135,-3.99],[105.106,-4.02],[105.12,-4.048],[105.095,-4.046],[105.063,-4.126],[105.014,-4.175],[104.968,-4.171],[104.793,-4.267],[104.764,-4.246],[104.627,-4.244],[104.621,-4.214],[104.384,-4.348],[104.322,-4.458],[104.329,-4.514],[104.311,-4.513],[104.341,-4.602],[104.287,-4.684],[104.328,-4.812],[104.369,-4.822],[104.335,-4.872],[104.285,-4.856],[104.254,-4.883],[104.191,-4.863],[104.144,-4.924],[104.093,-4.918],[104.061,-4.886],[103.976,-4.913],[103.936,-4.885],[103.846,-4.919],[103.869,-4.856],[103.826,-4.802],[103.763,-4.742],[103.668,-4.729],[103.705,-4.704],[103.702,-4.664],[103.661,-4.61],[103.599,-4.593],[103.63,-4.558],[103.621,-4.533],[103.572,-4.525],[103.527,-4.572],[103.487,-4.578],[103.408,-4.504],[103.425,-4.401],[103.468,-4.355],[103.442,-4.33],[103.371,-4.316],[103.307,-4.258],[103.224,-4.241],[103.159,-4.236],[103.079,-4.265],[103.059,-4.195],[102.919,-4.095],[102.916,-4.058],[102.958,-4.055],[102.998,-4.019],[102.961,-4.02],[102.912,-3.97],[102.86,-3.992]]],[[[104.643,-1.922],[104.603,-2.001],[104.506,-1.965],[104.541,-1.859],[104.59,-1.871],[104.643,-1.922]]],[[[104.51,-1.807],[104.485,-1.786],[104.52,-1.716],[104.541,-1.784],[104.51,-1.807]]]]}},{"type":"Feature","properties":{"id":16,"name":"Banten"},"geometry":{"type":"MultiPolygon","coordinates":[[[[105.569,-7.014],[105.536,-7.015],[105.521,-7.008],[105.551,-6.996],[105.569,-7.014]]],[[[105.262,-6.522],[105.243,-6.636],[105.184,-6.68],[105.177,-6.579],[105.128,-6.623],[105.101,-6.62],[105.185,-6.539],[105.262,-6.522]]],[[[106.03,-6.82],[105.538,-6.874],[105.439,-6.836],[105.414,-6.854],[105.401,-6.827],[105.312,-6.802],[105.263,-6.846],[105.238,-6.836],[105.211,-6.748],[105.263,-6.761],[105.33,-6.696],[105.327,-6.668],[105.37,-6.646],[105.401,-6.717],[105.389,-6.74],[105.43,-6.767],[105.443,-6.822],[105.469,-6.828],[105.5,-6.792],[105.507,-6.73],[105.611,-6.633],[105.65,-6.481],[105.677,-6.476],[105.674,-6.509],[105.715,-6.533],[105.798,-6.491],[105.825,-6.426],[105.825,-6.398],[105.807,-6.407],[105.841,-6.308],[105.825,-6.239],[105.856,-6.141],[105.883,-6.071],[105.994,-5.981],[105.992,-5.923],[106.019,-5.891],[106.044,-5.876],[106.083,-5.891],[106.114,-5.931],[106.1,-5.988],[106.169,-6.028],[106.224,-6.013],[106.265,-5.959],[106.333,-5.986],[106.367,-5.965],[106.411,-6.024],[106.485,-6.049],[106.535,-6.01],[106.587,-6.032],[106.647,-6.005],[106.71,-6.037],[106.726,-6.087],[106.688,-6.097],[106.687,-6.172],[106.724,-6.185],[106.718,-6.223],[106.745,-6.231],[106.78,-6.317],[106.77,-6.361],[106.594,-6.363],[106.527,-6.325],[106.519,-6.355],[106.476,-6.351],[106.469,-6.303],[106.425,-6.35],[106.455,-6.427],[106.401,-6.453],[106.429,-6.682],[106.467,-6.751],[106.526,-6.768],[106.436,-6.82],[106.431,-6.862],[106.393,-6.901],[106.387,-6.991],[106.307,-6.994],[106.239,-6.956],[106.238,-6.931],[106.106,-6.883],[106.03,-6.82]]],[[[105.851,-5.98],[105.83,-5.951],[105.859,-5.939],[105.851,-5.98]]],[[[106.14,-5.936],[106.154,-5.92],[106.169,-5.935],[106.157,-5.945],[106.14,-5.936]]]]}},{"type":"Feature","properties":{"id":25,"name":"Sulawesi Utara"},"geometry":{"type":"MultiPolygon","coordinates":[[[[123.482,0.322],[123.498,0.382],[123.55,0.434],[123.523,0.463],[123.552,0.511],[123.526,0.542],[123.533,0.577],[123.488,0.602],[123.486,0.627],[123.383,0.64],[123.322,0.699],[123.247,0.717],[123.271,0.803],[123.122,0.889],[123.116,0.926],[123.179,0.902],[123.199,0.92],[123.168,0.952],[123.211,0.938],[123.247,0.959],[123.262,0.914],[123.351,0.92],[123.394,0.899],[123.4,0.916],[123.417,0.891],[123.446,0.905],[123.525,0.886],[123.597,0.904],[123.699,0.858],[123.736,0.865],[123.753,0.831],[123.757,0.855],[123.786,0.83],[123.804,0.837],[123.792,0.856],[123.959,0.837],[123.931,0.86],[124.138,0.929],[124.203,0.99],[124.296,1.009],[124.354,1.165],[124.416,1.196],[124.517,1.187],[124.526,1.215],[124.577,1.189],[124.612,1.252],[124.515,1.3],[124.532,1.353],[124.615,1.418],[124.676,1.394],[124.754,1.456],[124.827,1.463],[124.844,1.524],[124.806,1.576],[124.867,1.599],[124.941,1.694],[124.967,1.677],[124.981,1.75],[125.026,1.73],[125.012,1.694],[125.039,1.677],[125.107,1.665],[125.175,1.684],[125.143,1.606],[125.245,1.515],[125.234,1.467],[125.127,1.429],[125.078,1.366],[125.024,1.143],[124.892,1.004],[124.887,0.973],[124.793,0.948],[124.761,0.888],[124.716,0.896],[124.721,0.848],[124.64,0.793],[124.629,0.713],[124.592,0.683],[124.581,0.696],[124.544,0.625],[124.566,0.619],[124.569,0.58],[124.539,0.589],[124.493,0.547],[124.513,0.473],[124.489,0.487],[124.447,0.463],[124.453,0.444],[124.324,0.447],[124.314,0.41],[124.271,0.429],[124.288,0.407],[124.22,0.383],[124.192,0.398],[124.08,0.388],[124.053,0.361],[123.993,0.375],[123.86,0.328],[123.708,0.319],[123.677,0.296],[123.482,0.322]]],[[[125.169,1.398],[125.186,1.432],[125.24,1.443],[125.293,1.551],[125.26,1.413],[125.169,1.398]]],[[[124.736,1.618],[124.775,1.628],[124.781,1.595],[124.736,1.618]]],[[[124.684,1.642],[124.702,1.649],[124.716,1.628],[124.693,1.617],[124.684,1.642]]],[[[124.731,1.728],[124.749,1.72],[124.765,1.745],[124.773,1.693],[124.731,1.728]]],[[[125.135,1.847],[125.188,1.8],[125.151,1.735],[125.113,1.816],[125.135,1.847]]],[[[125.099,1.888],[125.087,1.839],[125.05,1.806],[125.066,1.858],[125.099,1.888]]],[[[125.336,2.082],[125.354,2.126],[125.391,2.114],[125.411,2.134],[125.409,2.103],[125.352,2.071],[125.336,2.082]]],[[[125.377,2.328],[125.365,2.287],[125.344,2.305],[125.377,2.328]]],[[[125.396,2.811],[125.454,2.782],[125.454,2.757],[125.407,2.729],[125.392,2.681],[125.431,2.649],[125.404,2.634],[125.376,2.652],[125.359,2.724],[125.396,2.811]]],[[[125.433,2.384],[125.467,2.349],[125.431,2.315],[125.37,2.358],[125.385,2.383],[125.405,2.367],[125.433,2.384]]],[[[125.506,3.169],[125.513,3.189],[125.539,3.181],[125.534,3.16],[125.506,3.169]]],[[[125.512,3.568],[125.482,3.593],[125.503,3.608],[125.441,3.622],[125.398,3.673],[125.427,3.735],[125.508,3.723],[125.575,3.642],[125.563,3.626],[125.595,3.611],[125.559,3.578],[125.585,3.583],[125.642,3.49],[125.661,3.487],[125.64,3.513],[125.662,3.523],[125.676,3.427],[125.657,3.39],[125.605,3.368],[125.581,3.376],[125.57,3.438],[125.533,3.407],[125.526,3.437],[125.503,3.435],[125.481,3.482],[125.512,3.568]]],[[[125.59,3.77],[125.586,3.788],[125.624,3.794],[125.634,3.784],[125.59,3.77]]],[[[126.755,3.854],[126.834,3.795],[126.851,3.754],[126.822,3.728],[126.753,3.784],[126.755,3.854]]],[[[126.682,3.813],[126.667,3.931],[126.613,3.984],[126.61,4.043],[126.64,4.024],[126.651,3.972],[126.719,3.919],[126.719,3.893],[126.685,3.87],[126.705,3.815],[126.682,3.813]]],[[[126.669,4.045],[126.733,4.11],[126.791,4.213],[126.779,4.25],[126.709,4.273],[126.707,4.322],[126.68,4.337],[126.734,4.463],[126.72,4.513],[126.746,4.546],[126.808,4.534],[126.831,4.491],[126.855,4.49],[126.869,4.429],[126.851,4.373],[126.911,4.27],[126.861,4.251],[126.87,4.218],[126.796,4.149],[126.808,4.032],[126.762,3.995],[126.684,3.993],[126.669,4.045]]],[[[127.093,4.732],[127.068,4.719],[127.054,4.733],[127.063,4.741],[127.093,4.732]]],[[[127.134,4.733],[127.111,4.751],[127.133,4.778],[127.144,4.76],[127.134,4.733]]]]}},{"type":"Feature","properties":{"id":24,"name":"Kalimantan Utara"},"geometry":{"type":"MultiPolygon","coordinates":[[[[115.411,1.193],[115.418,1.152],[115.381,1.118],[115.28,1.134],[115.247,1.181],[115.182,1.197],[115.114,1.181],[115.098,1.25],[115.045,1.267],[115.017,1.348],[114.908,1.418],[114.802,1.382],[114.728,1.313],[114.69,1.36],[114.648,1.355],[114.609,1.39],[114.572,1.389],[114.565,1.426],[114.616,1.516],[114.61,1.575],[114.709,1.638],[114.715,1.785],[114.694,1.808],[114.727,1.831],[114.718,1.856],[114.747,1.869],[114.794,1.849],[114.82,1.893],[114.882,1.914],[114.851,1.962],[114.888,2.023],[114.859,2.044],[114.809,2.025],[114.793,2.058],[114.812,2.062],[114.8,2.089],[114.82,2.13],[114.791,2.146],[114.74,2.132],[114.741,2.191],[114.787,2.2],[114.816,2.264],[114.827,2.245],[114.917,2.255],[114.967,2.289],[114.948,2.316],[114.961,2.365],[114.998,2.349],[115.053,2.406],[115.1,2.405],[115.144,2.476],[115.204,2.471],[115.249,2.509],[115.251,2.541],[115.223,2.542],[115.178,2.61],[115.116,2.583],[115.092,2.606],[115.122,2.651],[115.1,2.717],[115.154,2.79],[115.091,2.824],[115.152,2.871],[115.164,2.927],[115.25,2.966],[115.284,3.047],[115.326,2.978],[115.394,2.98],[115.441,3.024],[115.497,3.028],[115.514,3.109],[115.563,3.15],[115.515,3.222],[115.534,3.229],[115.544,3.363],[115.586,3.45],[115.61,3.447],[115.624,3.408],[115.657,3.439],[115.609,3.511],[115.571,3.649],[115.617,3.874],[115.558,3.918],[115.64,3.962],[115.703,4.195],[115.728,4.189],[115.766,4.245],[115.802,4.22],[115.829,4.235],[115.825,4.263],[115.875,4.291],[115.879,4.392],[115.907,4.393],[115.928,4.353],[116.003,4.348],[116.072,4.277],[116.111,4.332],[116.155,4.339],[116.167,4.391],[116.279,4.36],[116.354,4.389],[116.437,4.323],[116.441,4.288],[116.479,4.303],[116.488,4.335],[116.537,4.321],[116.536,4.376],[116.569,4.408],[116.631,4.336],[116.667,4.353],[116.703,4.334],[116.752,4.391],[116.785,4.342],[116.816,4.35],[116.835,4.326],[116.911,4.369],[116.968,4.337],[117.008,4.347],[117.021,4.319],[117.043,4.347],[117.2,4.335],[117.248,4.374],[117.296,4.31],[117.412,4.25],[117.458,4.178],[117.531,4.16],[117.589,4.176],[117.589,4.163],[117.548,4.142],[117.518,4.099],[117.395,4.145],[117.418,4.094],[117.474,4.071],[117.438,4.013],[117.383,4.037],[117.365,4.014],[117.385,4.027],[117.44,4.004],[117.457,3.93],[117.487,3.915],[117.499,3.913],[117.533,3.925],[117.597,3.877],[117.695,3.867],[117.734,3.837],[117.732,3.811],[117.792,3.76],[117.674,3.776],[117.826,3.704],[117.769,3.682],[117.737,3.632],[117.667,3.615],[117.564,3.641],[117.486,3.721],[117.429,3.696],[117.424,3.677],[117.467,3.667],[117.486,3.673],[117.489,3.636],[117.476,3.648],[117.436,3.642],[117.428,3.625],[117.381,3.64],[117.261,3.617],[117.169,3.644],[117.088,3.638],[117.0,3.588],[117.132,3.621],[117.221,3.609],[117.193,3.537],[117.218,3.493],[117.322,3.462],[117.304,3.447],[117.357,3.448],[117.37,3.413],[117.414,3.39],[117.415,3.337],[117.386,3.33],[117.377,3.31],[117.444,3.341],[117.509,3.318],[117.517,3.276],[117.455,3.278],[117.418,3.247],[117.4,3.261],[117.379,3.229],[117.308,3.207],[117.316,3.165],[117.368,3.181],[117.445,3.161],[117.479,3.098],[117.445,3.079],[117.441,3.049],[117.521,3.068],[117.571,3.046],[117.622,3.06],[117.619,3.018],[117.576,2.981],[117.667,2.988],[117.663,2.964],[117.696,2.952],[117.675,2.932],[117.716,2.911],[117.692,2.897],[117.719,2.891],[117.711,2.865],[117.669,2.856],[117.737,2.815],[117.675,2.787],[117.785,2.748],[117.8,2.626],[117.988,2.435],[117.918,2.394],[117.864,2.393],[117.812,2.326],[117.747,2.327],[117.609,2.522],[117.572,2.502],[117.471,2.531],[117.462,2.479],[117.442,2.519],[117.411,2.504],[117.393,2.561],[117.231,2.479],[117.192,2.497],[117.222,2.545],[117.206,2.569],[117.134,2.536],[117.048,2.548],[117.015,2.498],[117.024,2.459],[116.983,2.432],[116.927,2.504],[116.888,2.477],[116.845,2.52],[116.792,2.509],[116.757,2.484],[116.752,2.438],[116.708,2.379],[116.686,2.399],[116.63,2.391],[116.628,2.415],[116.578,2.427],[116.567,2.453],[116.497,2.452],[116.504,2.348],[116.467,2.325],[116.477,2.291],[116.333,2.29],[116.29,2.235],[116.347,2.162],[116.315,2.115],[116.22,2.093],[116.213,2.06],[116.235,2.031],[116.194,1.986],[116.162,1.744],[116.133,1.668],[116.069,1.648],[116.036,1.606],[116.041,1.557],[116.007,1.525],[115.973,1.531],[115.957,1.491],[115.854,1.434],[115.829,1.352],[115.773,1.308],[115.773,1.264],[115.701,1.264],[115.659,1.29],[115.587,1.281],[115.433,1.227],[115.411,1.193]]],[[[117.45,3.058],[117.468,3.082],[117.491,3.086],[117.495,3.074],[117.45,3.058]]],[[[117.569,3.089],[117.498,3.082],[117.517,3.098],[117.569,3.089]]],[[[117.501,3.344],[117.453,3.348],[117.45,3.404],[117.498,3.405],[117.501,3.344]]],[[[117.417,3.34],[117.419,3.384],[117.402,3.404],[117.37,3.416],[117.367,3.441],[117.439,3.417],[117.436,3.35],[117.417,3.34]]],[[[117.237,3.587],[117.438,3.529],[117.44,3.505],[117.485,3.492],[117.505,3.497],[117.518,3.481],[117.483,3.432],[117.325,3.491],[117.231,3.497],[117.201,3.54],[117.237,3.587]]],[[[117.51,3.505],[117.442,3.511],[117.446,3.534],[117.416,3.557],[117.609,3.501],[117.613,3.481],[117.547,3.471],[117.51,3.505]]],[[[117.303,3.578],[117.292,3.597],[117.392,3.614],[117.461,3.569],[117.409,3.588],[117.303,3.578]]],[[[117.549,3.582],[117.507,3.594],[117.517,3.615],[117.549,3.601],[117.549,3.582]]],[[[117.43,3.624],[117.476,3.647],[117.484,3.635],[117.519,3.631],[117.493,3.598],[117.43,3.624]]],[[[117.521,3.639],[117.503,3.638],[117.492,3.669],[117.503,3.668],[117.521,3.639]]],[[[117.428,3.677],[117.482,3.709],[117.491,3.677],[117.428,3.677]]],[[[117.569,3.051],[117.551,3.072],[117.623,3.074],[117.569,3.051]]],[[[117.613,3.441],[117.668,3.406],[117.643,3.239],[117.542,3.326],[117.515,3.381],[117.55,3.443],[117.613,3.441]]],[[[117.761,3.513],[117.756,3.564],[117.799,3.589],[117.855,3.528],[117.873,3.463],[117.843,3.455],[117.761,3.513]]],[[[117.622,3.537],[117.506,3.585],[117.663,3.553],[117.622,3.537]]],[[[117.808,3.753],[117.81,3.73],[117.742,3.76],[117.779,3.752],[117.808,3.753]]],[[[117.781,3.785],[117.816,3.776],[117.815,3.758],[117.796,3.759],[117.781,3.785]]],[[[117.741,3.808],[117.737,3.838],[117.71,3.861],[117.723,3.875],[117.829,3.808],[117.832,3.785],[117.741,3.808]]],[[[117.683,3.914],[117.682,3.887],[117.602,3.883],[117.55,3.925],[117.526,3.93],[117.497,3.916],[117.46,3.931],[117.444,4.007],[117.498,4.053],[117.597,3.933],[117.683,3.914]]],[[[117.603,4.012],[117.589,4.08],[117.658,4.148],[117.753,4.063],[117.725,3.985],[117.666,3.967],[117.603,4.012]]],[[[117.683,4.167],[117.901,4.167],[117.926,4.127],[117.925,4.061],[117.861,4.029],[117.683,4.167]]],[[[117.552,4.099],[117.546,4.133],[117.588,4.142],[117.575,4.118],[117.552,4.099]]]]}},{"type":"Feature","properties":{"id":23,"name":"Kalimantan Timur"},"geometry":{"type":"MultiPolygon","coordinates":[[[[116.404,-2.206],[116.393,-2.127],[116.463,-2.133],[116.502,-2.109],[116.524,-2.156],[116.404,-2.206]]],[[[117.365,-0.858],[117.393,-0.878],[117.376,-0.894],[117.363,-0.891],[117.365,-0.858]]],[[[117.275,-0.888],[117.265,-0.856],[117.263,-0.83],[117.272,-0.826],[117.275,-0.888]]],[[[117.337,-0.911],[117.311,-0.857],[117.347,-0.836],[117.344,-0.782],[117.374,-0.839],[117.357,-0.875],[117.358,-0.897],[117.337,-0.911]]],[[[117.285,-0.876],[117.285,-0.796],[117.302,-0.848],[117.285,-0.876]]],[[[117.393,-0.777],[117.389,-0.739],[117.41,-0.787],[117.433,-0.788],[117.44,-0.816],[117.417,-0.836],[117.393,-0.777]]],[[[117.305,-0.71],[117.315,-0.796],[117.339,-0.837],[117.309,-0.84],[117.292,-0.798],[117.304,-0.697],[117.304,-0.704],[117.311,-0.706],[117.305,-0.71]]],[[[117.376,-0.767],[117.411,-0.841],[117.434,-0.844],[117.441,-0.893],[117.427,-0.861],[117.41,-0.884],[117.334,-0.757],[117.302,-0.614],[117.328,-0.668],[117.363,-0.695],[117.378,-0.694],[117.376,-0.767]]],[[[117.324,-0.802],[117.318,-0.722],[117.309,-0.719],[117.311,-0.706],[117.304,-0.704],[117.306,-0.699],[117.301,-0.695],[117.308,-0.676],[117.338,-0.776],[117.324,-0.802]]],[[[117.459,-0.777],[117.381,-0.719],[117.387,-0.695],[117.43,-0.722],[117.436,-0.752],[117.459,-0.777]]],[[[117.378,-0.693],[117.329,-0.668],[117.32,-0.634],[117.37,-0.667],[117.383,-0.694],[117.381,-0.704],[117.378,-0.693]]],[[[117.343,-0.629],[117.367,-0.644],[117.367,-0.645],[117.361,-0.646],[117.36,-0.647],[117.362,-0.651],[117.366,-0.653],[117.37,-0.652],[117.374,-0.631],[117.412,-0.639],[117.411,-0.648],[117.421,-0.647],[117.423,-0.658],[117.432,-0.657],[117.426,-0.681],[117.415,-0.661],[117.393,-0.665],[117.395,-0.661],[117.404,-0.662],[117.407,-0.659],[117.401,-0.644],[117.405,-0.661],[117.387,-0.652],[117.393,-0.672],[117.378,-0.65],[117.395,-0.678],[117.413,-0.663],[117.418,-0.673],[117.407,-0.678],[117.411,-0.696],[117.404,-0.687],[117.377,-0.671],[117.343,-0.629]]],[[[117.46,-0.635],[117.469,-0.681],[117.412,-0.636],[117.383,-0.62],[117.375,-0.622],[117.375,-0.608],[117.373,-0.606],[117.369,-0.604],[117.365,-0.614],[117.362,-0.605],[117.353,-0.608],[117.373,-0.621],[117.364,-0.616],[117.354,-0.619],[117.356,-0.624],[117.353,-0.622],[117.357,-0.624],[117.365,-0.616],[117.368,-0.622],[117.376,-0.624],[117.382,-0.621],[117.386,-0.631],[117.373,-0.631],[117.369,-0.652],[117.363,-0.651],[117.361,-0.647],[117.367,-0.646],[117.368,-0.644],[117.347,-0.627],[117.323,-0.628],[117.285,-0.583],[117.378,-0.585],[117.372,-0.589],[117.369,-0.602],[117.381,-0.607],[117.38,-0.613],[117.386,-0.609],[117.382,-0.615],[117.382,-0.616],[117.389,-0.621],[117.393,-0.614],[117.395,-0.624],[117.399,-0.617],[117.405,-0.622],[117.411,-0.618],[117.422,-0.631],[117.46,-0.635]]],[[[117.387,-0.606],[117.405,-0.612],[117.41,-0.606],[117.417,-0.615],[117.399,-0.617],[117.395,-0.623],[117.393,-0.614],[117.389,-0.62],[117.387,-0.609],[117.369,-0.602],[117.374,-0.593],[117.387,-0.606]]],[[[117.419,-0.551],[117.368,-0.582],[117.349,-0.576],[117.371,-0.569],[117.393,-0.548],[117.419,-0.551]]],[[[115.547,-0.854],[115.414,-0.874],[115.399,-0.845],[115.375,-0.877],[115.357,-0.864],[115.35,-0.891],[115.342,-0.839],[115.289,-0.799],[115.301,-0.745],[115.347,-0.72],[115.326,-0.672],[115.373,-0.654],[115.357,-0.613],[115.381,-0.572],[115.337,-0.544],[115.283,-0.549],[115.307,-0.486],[115.232,-0.36],[115.247,-0.252],[115.298,-0.21],[115.24,-0.167],[115.31,-0.118],[115.295,-0.051],[115.165,-0.087],[115.15,-0.139],[115.06,-0.152],[115.046,-0.203],[115.02,-0.212],[115.039,-0.24],[114.981,-0.275],[114.92,-0.233],[114.929,-0.165],[114.898,-0.032],[114.876,-0.015],[114.837,-0.046],[114.71,0.072],[114.771,0.12],[114.762,0.146],[114.83,0.192],[114.82,0.237],[114.884,0.278],[114.903,0.318],[115.023,0.33],[115.048,0.298],[115.129,0.374],[115.137,0.425],[115.077,0.47],[115.092,0.48],[115.014,0.599],[114.984,0.733],[114.909,0.791],[114.872,0.741],[114.83,0.755],[114.716,0.701],[114.66,0.702],[114.598,0.632],[114.546,0.631],[114.524,0.563],[114.463,0.565],[114.43,0.542],[114.377,0.56],[114.364,0.53],[114.232,0.525],[114.203,0.54],[114.195,0.582],[114.147,0.586],[114.178,0.637],[114.123,0.695],[114.069,0.69],[114.004,0.641],[113.975,0.661],[113.921,0.644],[113.838,0.662],[113.839,0.695],[113.895,0.726],[113.873,0.783],[113.926,0.841],[113.871,0.889],[113.914,0.972],[113.893,1.053],[113.948,1.06],[113.996,1.143],[114.053,1.127],[114.088,1.159],[114.122,1.148],[114.15,1.199],[114.136,1.223],[114.171,1.265],[114.149,1.292],[114.155,1.374],[114.238,1.448],[114.379,1.493],[114.405,1.523],[114.562,1.434],[114.572,1.389],[114.61,1.39],[114.617,1.363],[114.704,1.351],[114.722,1.313],[114.802,1.382],[114.908,1.418],[115.017,1.348],[115.045,1.267],[115.098,1.25],[115.114,1.181],[115.182,1.197],[115.247,1.181],[115.28,1.134],[115.368,1.114],[115.418,1.152],[115.405,1.181],[115.428,1.223],[115.487,1.252],[115.659,1.29],[115.764,1.259],[115.773,1.308],[115.857,1.401],[115.854,1.434],[115.957,1.491],[115.973,1.531],[116.007,1.525],[116.041,1.557],[116.036,1.606],[116.069,1.648],[116.133,1.668],[116.184,1.832],[116.194,1.986],[116.235,2.031],[116.213,2.06],[116.22,2.093],[116.315,2.115],[116.347,2.162],[116.29,2.235],[116.333,2.29],[116.477,2.291],[116.467,2.325],[116.504,2.348],[116.487,2.399],[116.502,2.454],[116.567,2.453],[116.578,2.427],[116.628,2.415],[116.63,2.391],[116.686,2.399],[116.708,2.379],[116.752,2.438],[116.757,2.484],[116.792,2.509],[116.845,2.52],[116.888,2.477],[116.927,2.504],[116.983,2.432],[117.024,2.459],[117.015,2.498],[117.048,2.548],[117.134,2.536],[117.206,2.569],[117.222,2.545],[117.192,2.497],[117.231,2.479],[117.393,2.561],[117.411,2.504],[117.442,2.519],[117.462,2.479],[117.471,2.531],[117.572,2.502],[117.609,2.522],[117.747,2.327],[117.812,2.326],[117.864,2.393],[117.918,2.394],[117.999,2.435],[118.021,2.36],[118.046,2.379],[118.094,2.311],[118.078,2.251],[118.019,2.197],[117.945,2.181],[117.906,2.211],[117.69,2.181],[117.724,2.136],[117.71,2.078],[117.72,2.061],[117.689,2.064],[117.702,2.036],[117.718,2.026],[117.74,2.045],[117.77,2.011],[117.824,2.01],[117.807,1.986],[117.821,1.966],[117.816,1.95],[117.832,1.912],[117.861,1.87],[117.89,1.873],[117.918,1.813],[118.048,1.783],[118.067,1.761],[118.054,1.73],[118.135,1.634],[118.388,1.496],[118.378,1.482],[118.411,1.487],[118.421,1.448],[118.383,1.431],[118.427,1.432],[118.408,1.396],[118.433,1.399],[118.44,1.373],[118.469,1.396],[118.454,1.37],[118.462,1.359],[118.48,1.385],[118.488,1.361],[118.513,1.377],[118.515,1.354],[118.582,1.353],[118.765,1.2],[118.769,1.166],[118.721,1.154],[118.773,1.15],[118.83,1.098],[118.842,1.048],[118.915,1.065],[118.98,1.038],[118.987,0.986],[118.964,0.943],[118.893,0.875],[118.856,0.877],[118.795,0.802],[118.708,0.813],[118.672,0.857],[118.589,0.81],[118.442,0.845],[118.371,0.806],[118.32,0.85],[118.064,0.903],[118.057,0.94],[118.009,0.96],[117.981,1.068],[117.893,1.122],[117.884,1.089],[117.934,1.055],[117.931,1.037],[117.945,1.033],[117.953,1.007],[117.96,1.003],[117.963,0.988],[117.973,0.979],[117.977,0.93],[118.019,0.867],[118.029,0.781],[117.971,0.774],[117.914,0.837],[117.769,0.771],[117.711,0.697],[117.71,0.627],[117.669,0.61],[117.646,0.529],[117.605,0.488],[117.603,0.417],[117.573,0.404],[117.566,0.423],[117.553,0.422],[117.551,0.331],[117.522,0.321],[117.528,0.221],[117.49,0.19],[117.504,0.175],[117.47,0.164],[117.494,0.146],[117.507,0.159],[117.522,0.126],[117.485,0.117],[117.487,0.084],[117.457,0.1],[117.479,0.077],[117.468,0.046],[117.512,0.059],[117.489,0.042],[117.515,0.037],[117.518,-0.031],[117.476,-0.077],[117.443,-0.202],[117.417,-0.223],[117.465,-0.371],[117.435,-0.381],[117.428,-0.399],[117.431,-0.415],[117.438,-0.422],[117.424,-0.432],[117.455,-0.457],[117.437,-0.484],[117.432,-0.512],[117.412,-0.539],[117.391,-0.547],[117.37,-0.568],[117.276,-0.577],[117.303,-0.679],[117.281,-0.793],[117.252,-0.81],[117.249,-0.907],[117.167,-0.957],[117.023,-1.141],[117.0,-1.201],[116.884,-1.277],[116.806,-1.275],[116.813,-1.203],[116.783,-1.212],[116.78,-1.147],[116.729,-1.102],[116.757,-1.029],[116.743,-1.007],[116.701,-1.121],[116.767,-1.187],[116.742,-1.218],[116.778,-1.245],[116.762,-1.362],[116.556,-1.448],[116.53,-1.509],[116.559,-1.601],[116.318,-1.695],[116.246,-1.779],[116.263,-1.811],[116.342,-1.776],[116.369,-1.785],[116.374,-1.763],[116.449,-1.771],[116.451,-1.819],[116.417,-1.867],[116.441,-1.872],[116.456,-1.915],[116.459,-2.056],[116.36,-2.111],[116.392,-2.117],[116.383,-2.183],[116.4,-2.214],[116.515,-2.166],[116.553,-2.174],[116.552,-2.209],[116.586,-2.17],[116.597,-2.203],[116.556,-2.409],[116.268,-2.339],[116.236,-2.309],[116.162,-2.307],[116.114,-2.338],[116.045,-2.329],[116.033,-2.307],[115.926,-2.325],[115.89,-2.337],[115.888,-2.374],[115.835,-2.39],[115.817,-2.317],[115.833,-2.296],[115.785,-2.216],[115.814,-2.072],[115.695,-2.041],[115.719,-1.998],[115.694,-1.977],[115.728,-1.925],[115.728,-1.799],[115.679,-1.793],[115.707,-1.733],[115.665,-1.707],[115.67,-1.629],[115.636,-1.604],[115.631,-1.532],[115.655,-1.513],[115.617,-1.5],[115.628,-1.468],[115.689,-1.449],[115.777,-1.231],[115.849,-1.172],[115.842,-1.096],[115.82,-1.089],[115.756,-1.134],[115.679,-1.009],[115.625,-1.017],[115.631,-0.976],[115.547,-0.854]]],[[[117.406,-0.753],[117.466,-0.808],[117.465,-0.821],[117.432,-0.782],[117.412,-0.785],[117.406,-0.753]]],[[[117.537,-0.814],[117.507,-0.805],[117.463,-0.744],[117.498,-0.75],[117.513,-0.778],[117.554,-0.793],[117.537,-0.814]]],[[[117.437,-0.746],[117.483,-0.774],[117.492,-0.802],[117.437,-0.746]]],[[[117.614,-0.768],[117.597,-0.785],[117.522,-0.776],[117.497,-0.748],[117.445,-0.74],[117.453,-0.724],[117.446,-0.717],[117.448,-0.713],[117.442,-0.707],[117.515,-0.736],[117.605,-0.727],[117.614,-0.768]]],[[[117.438,-0.688],[117.439,-0.731],[117.423,-0.71],[117.388,-0.692],[117.385,-0.681],[117.402,-0.687],[117.409,-0.696],[117.413,-0.697],[117.408,-0.677],[117.427,-0.683],[117.436,-0.663],[117.471,-0.707],[117.438,-0.688]]],[[[117.487,-0.661],[117.485,-0.65],[117.498,-0.663],[117.511,-0.666],[117.525,-0.662],[117.528,-0.69],[117.473,-0.685],[117.487,-0.661]]],[[[117.517,-0.653],[117.485,-0.647],[117.478,-0.665],[117.459,-0.631],[117.499,-0.626],[117.501,-0.642],[117.517,-0.653]]],[[[117.562,-0.649],[117.499,-0.623],[117.47,-0.62],[117.489,-0.602],[117.566,-0.621],[117.562,-0.649]]],[[[117.434,-0.595],[117.432,-0.604],[117.449,-0.615],[117.438,-0.631],[117.422,-0.629],[117.414,-0.619],[117.418,-0.615],[117.412,-0.607],[117.409,-0.606],[117.405,-0.612],[117.4,-0.605],[117.418,-0.598],[117.424,-0.584],[117.431,-0.587],[117.425,-0.592],[117.426,-0.595],[117.429,-0.597],[117.434,-0.595]]],[[[117.508,-0.575],[117.448,-0.628],[117.451,-0.616],[117.448,-0.608],[117.434,-0.604],[117.434,-0.595],[117.426,-0.594],[117.433,-0.588],[117.433,-0.586],[117.424,-0.584],[117.418,-0.598],[117.39,-0.602],[117.373,-0.591],[117.407,-0.567],[117.444,-0.566],[117.473,-0.55],[117.479,-0.565],[117.508,-0.575]]],[[[117.505,-0.526],[117.532,-0.545],[117.547,-0.506],[117.572,-0.509],[117.554,-0.521],[117.564,-0.536],[117.588,-0.517],[117.578,-0.578],[117.511,-0.601],[117.512,-0.57],[117.489,-0.562],[117.502,-0.554],[117.499,-0.545],[117.505,-0.547],[117.507,-0.547],[117.514,-0.54],[117.505,-0.526]]],[[[117.449,-0.535],[117.499,-0.545],[117.488,-0.562],[117.474,-0.548],[117.439,-0.562],[117.449,-0.535]]],[[[117.604,-0.477],[117.495,-0.498],[117.485,-0.5],[117.475,-0.505],[117.472,-0.521],[117.51,-0.507],[117.448,-0.534],[117.443,-0.543],[117.436,-0.543],[117.438,-0.561],[117.44,-0.563],[117.446,-0.561],[117.445,-0.562],[117.436,-0.564],[117.418,-0.561],[117.422,-0.549],[117.418,-0.533],[117.503,-0.468],[117.6,-0.408],[117.628,-0.425],[117.604,-0.477]]],[[[117.466,-0.483],[117.502,-0.437],[117.501,-0.403],[117.518,-0.402],[117.532,-0.387],[117.478,-0.484],[117.45,-0.498],[117.466,-0.483]]],[[[117.5,-0.4],[117.443,-0.5],[117.469,-0.418],[117.525,-0.351],[117.54,-0.375],[117.5,-0.4]]],[[[117.431,-0.398],[117.461,-0.388],[117.467,-0.375],[117.46,-0.347],[117.491,-0.329],[117.451,-0.441],[117.426,-0.433],[117.439,-0.424],[117.431,-0.398]]],[[[117.935,1.049],[117.979,1.021],[117.98,0.976],[117.967,0.987],[117.948,1.035],[117.935,1.049]]],[[[118.488,1.441],[118.495,1.408],[118.53,1.386],[118.475,1.399],[118.482,1.432],[118.457,1.462],[118.488,1.441]]],[[[117.82,1.953],[117.844,1.95],[117.874,1.972],[117.859,1.894],[117.82,1.953]]],[[[117.825,1.958],[117.832,2.01],[117.863,1.966],[117.825,1.958]]],[[[117.845,2.038],[117.863,2.035],[117.864,2.045],[117.871,2.042],[117.879,2.057],[117.884,2.041],[117.889,2.037],[117.859,2.025],[117.845,2.038]]],[[[117.879,2.057],[117.802,2.027],[117.825,2.074],[117.822,2.081],[117.812,2.083],[117.812,2.09],[117.911,2.046],[117.879,2.057]]],[[[117.752,2.058],[117.765,2.049],[117.77,2.055],[117.774,2.048],[117.784,2.051],[117.789,2.035],[117.801,2.041],[117.798,2.028],[117.764,2.025],[117.739,2.053],[117.714,2.034],[117.706,2.052],[117.722,2.062],[117.713,2.079],[117.769,2.1],[117.78,2.08],[117.757,2.073],[117.752,2.058]]],[[[117.813,2.081],[117.789,2.036],[117.784,2.052],[117.77,2.056],[117.765,2.05],[117.753,2.057],[117.78,2.074],[117.799,2.111],[117.824,2.108],[117.81,2.086],[117.813,2.081]]],[[[117.9,2.126],[117.903,2.081],[117.83,2.115],[117.863,2.146],[117.9,2.126]]],[[[117.732,2.088],[117.729,2.139],[117.714,2.163],[117.768,2.165],[117.781,2.182],[117.802,2.177],[117.803,2.122],[117.732,2.088]]],[[[118.505,2.136],[118.539,2.159],[118.563,2.117],[118.505,2.136]]],[[[117.831,2.118],[117.802,2.184],[117.827,2.192],[117.844,2.169],[117.863,2.157],[117.957,2.122],[117.909,2.1],[117.901,2.128],[117.865,2.149],[117.831,2.118]]],[[[117.732,2.183],[117.777,2.181],[117.707,2.171],[117.732,2.183]]],[[[117.844,2.17],[117.828,2.192],[117.884,2.162],[117.844,2.17]]],[[[117.913,2.16],[117.905,2.207],[117.924,2.162],[117.913,2.16]]],[[[118.564,2.242],[118.56,2.282],[118.57,2.312],[118.637,2.252],[118.57,2.306],[118.568,2.247],[118.654,2.163],[118.564,2.242]]]]}},{"type":"Feature","properties":{"id":13,"name":"Jawa Tengah"},"geometry":{"type":"MultiPolygon","coordinates":[[[[108.876,-7.709],[108.921,-7.71],[108.924,-7.707],[108.931,-7.719],[108.934,-7.713],[108.938,-7.721],[108.963,-7.718],[109.05,-7.775],[108.785,-7.736],[108.797,-7.68],[108.876,-7.709]]],[[[108.785,-7.659],[108.732,-7.613],[108.755,-7.559],[108.717,-7.481],[108.723,-7.431],[108.648,-7.337],[108.559,-7.335],[108.556,-7.288],[108.586,-7.243],[108.568,-7.165],[108.635,-7.139],[108.697,-7.152],[108.778,-7.095],[108.794,-7.008],[108.758,-6.984],[108.753,-6.921],[108.825,-6.832],[108.831,-6.785],[108.848,-6.819],[108.947,-6.825],[109.021,-6.784],[109.044,-6.803],[109.066,-6.759],[109.065,-6.79],[109.079,-6.769],[109.088,-6.782],[109.065,-6.809],[109.102,-6.84],[109.288,-6.874],[109.439,-6.841],[109.523,-6.772],[109.582,-6.839],[109.982,-6.924],[110.129,-6.881],[110.173,-6.833],[110.255,-6.91],[110.307,-6.928],[110.297,-6.954],[110.312,-6.941],[110.303,-6.958],[110.325,-6.968],[110.413,-6.941],[110.424,-6.956],[110.424,-6.936],[110.456,-6.954],[110.46,-6.934],[110.501,-6.943],[110.478,-6.924],[110.527,-6.935],[110.489,-6.91],[110.53,-6.933],[110.495,-6.904],[110.576,-6.772],[110.538,-6.749],[110.561,-6.752],[110.563,-6.721],[110.596,-6.726],[110.64,-6.667],[110.644,-6.585],[110.662,-6.574],[110.644,-6.557],[110.683,-6.522],[110.664,-6.503],[110.728,-6.446],[110.918,-6.403],[111.047,-6.427],[111.064,-6.52],[111.144,-6.653],[111.241,-6.691],[111.37,-6.704],[111.461,-6.665],[111.492,-6.621],[111.562,-6.639],[111.691,-6.754],[111.661,-6.777],[111.656,-6.826],[111.619,-6.822],[111.608,-6.904],[111.568,-6.947],[111.623,-6.982],[111.612,-7.141],[111.542,-7.228],[111.488,-7.243],[111.489,-7.261],[111.452,-7.248],[111.424,-7.309],[111.458,-7.322],[111.463,-7.346],[111.442,-7.351],[111.462,-7.378],[111.244,-7.285],[111.205,-7.245],[111.15,-7.261],[111.145,-7.368],[111.119,-7.42],[111.152,-7.561],[111.197,-7.61],[111.181,-7.71],[111.236,-7.75],[111.289,-7.742],[111.282,-7.785],[111.314,-7.852],[111.251,-7.946],[111.183,-7.916],[111.141,-7.934],[111.115,-8.061],[111.08,-8.043],[111.032,-8.08],[110.952,-8.063],[110.908,-8.117],[110.899,-8.212],[110.837,-8.206],[110.833,-8.169],[110.814,-8.18],[110.83,-8.136],[110.804,-8.163],[110.786,-8.151],[110.756,-8.024],[110.786,-7.817],[110.752,-7.825],[110.713,-7.791],[110.682,-7.806],[110.671,-7.786],[110.586,-7.809],[110.582,-7.789],[110.531,-7.798],[110.492,-7.767],[110.445,-7.541],[110.303,-7.656],[110.272,-7.706],[110.261,-7.645],[110.141,-7.645],[110.116,-7.674],[110.139,-7.694],[110.131,-7.747],[110.063,-7.813],[110.032,-7.896],[109.607,-7.78],[109.468,-7.758],[109.412,-7.776],[109.39,-7.725],[109.337,-7.709],[109.107,-7.683],[109.042,-7.707],[109.016,-7.752],[108.967,-7.712],[108.938,-7.72],[108.936,-7.712],[108.925,-7.706],[108.897,-7.709],[108.86,-7.658],[108.785,-7.659]]],[[[110.46,-5.825],[110.449,-5.89],[110.411,-5.84],[110.46,-5.825]]],[[[110.483,-5.824],[110.464,-5.825],[110.48,-5.812],[110.473,-5.798],[110.477,-5.814],[110.45,-5.814],[110.486,-5.771],[110.483,-5.824]]],[[[110.232,-5.738],[110.251,-5.726],[110.255,-5.755],[110.246,-5.763],[110.232,-5.738]]]]}},{"type":"Feature","properties":{"id":32,"name":"Maluku Utara"},"geometry":{"type":"MultiPolygon","coordinates":[[[[125.957,-2.322],[125.881,-2.212],[125.856,-2.092],[125.909,-1.975],[125.992,-2.028],[125.958,-2.161],[126.073,-2.434],[126.049,-2.477],[125.992,-2.441],[125.957,-2.322]]],[[[124.388,-2.073],[124.373,-2.047],[124.394,-2.033],[124.406,-2.047],[124.388,-2.073]]],[[[124.371,-1.977],[124.363,-2.044],[124.305,-2.008],[124.31,-1.976],[124.371,-1.977]]],[[[125.423,-1.95],[125.436,-1.888],[125.371,-1.846],[125.359,-1.885],[125.333,-1.876],[125.328,-1.833],[125.376,-1.807],[125.366,-1.781],[125.404,-1.775],[125.425,-1.809],[125.48,-1.78],[125.471,-1.802],[125.499,-1.822],[125.539,-1.787],[125.541,-1.812],[125.588,-1.805],[125.637,-1.83],[125.913,-1.793],[126.305,-1.829],[126.313,-1.815],[126.353,-1.815],[126.245,-1.879],[126.089,-1.879],[125.919,-1.939],[125.842,-1.895],[125.784,-1.933],[125.423,-1.95]]],[[[124.337,-1.889],[124.379,-1.677],[124.496,-1.658],[124.529,-1.63],[124.526,-1.665],[124.557,-1.638],[124.606,-1.638],[124.81,-1.687],[124.871,-1.68],[124.898,-1.709],[124.958,-1.696],[125.026,-1.724],[125.023,-1.761],[125.056,-1.769],[125.061,-1.745],[125.071,-1.774],[125.103,-1.761],[125.112,-1.745],[125.088,-1.745],[125.129,-1.684],[125.148,-1.716],[125.165,-1.697],[125.203,-1.724],[125.187,-1.788],[125.213,-1.793],[125.237,-1.728],[125.297,-1.738],[125.269,-1.784],[125.323,-1.789],[125.327,-1.885],[125.044,-1.887],[125.013,-1.901],[125.008,-1.943],[124.891,-1.925],[124.861,-1.892],[124.681,-1.976],[124.405,-2.033],[124.393,-1.97],[124.337,-1.889]]],[[[126.451,-1.826],[126.487,-1.82],[126.453,-1.839],[126.35,-1.825],[126.457,-1.8],[126.479,-1.806],[126.451,-1.826]]],[[[125.507,-1.776],[125.538,-1.756],[125.552,-1.778],[125.507,-1.776]]],[[[124.283,-1.755],[124.288,-1.751],[124.312,-1.785],[124.29,-1.772],[124.283,-1.755]]],[[[127.165,-0.748],[127.212,-0.672],[127.217,-0.637],[127.193,-0.616],[127.253,-0.604],[127.271,-0.618],[127.251,-0.644],[127.303,-0.683],[127.294,-0.731],[127.335,-0.786],[127.295,-0.799],[127.244,-0.765],[127.201,-0.779],[127.165,-0.748]]],[[[127.291,-0.527],[127.273,-0.51],[127.277,-0.493],[127.3,-0.498],[127.291,-0.527]]],[[[127.123,-0.509],[127.121,-0.473],[127.157,-0.474],[127.103,-0.425],[127.14,-0.323],[127.109,-0.283],[127.24,-0.245],[127.266,-0.284],[127.305,-0.27],[127.255,-0.294],[127.253,-0.336],[127.288,-0.374],[127.263,-0.406],[127.265,-0.49],[127.164,-0.531],[127.123,-0.509]]],[[[127.084,-0.247],[127.038,-0.291],[127.026,-0.283],[127.021,-0.262],[127.043,-0.274],[127.061,-0.228],[127.084,-0.247]]],[[[127.093,-0.211],[127.152,-0.183],[127.096,-0.254],[127.093,-0.211]]],[[[127.205,-0.121],[127.24,-0.078],[127.271,-0.073],[127.261,-0.125],[127.228,-0.139],[127.205,-0.121]]],[[[127.322,0.883],[127.303,0.898],[127.314,0.914],[127.33,0.901],[127.322,0.883]]],[[[126.416,1.333],[126.394,1.281],[126.357,1.323],[126.381,1.352],[126.416,1.333]]],[[[127.583,-1.828],[127.631,-1.82],[127.645,-1.826],[127.572,-1.865],[127.583,-1.828]]],[[[127.394,-1.488],[127.396,-1.525],[127.378,-1.522],[127.394,-1.488]]],[[[127.285,-1.407],[127.32,-1.393],[127.322,-1.366],[127.336,-1.389],[127.343,-1.364],[127.348,-1.384],[127.381,-1.368],[127.373,-1.385],[127.399,-1.401],[127.327,-1.455],[127.285,-1.407]]],[[[127.435,-1.317],[127.386,-1.328],[127.376,-1.318],[127.435,-1.317]]],[[[127.468,-1.255],[127.512,-1.177],[127.549,-1.171],[127.599,-1.211],[127.696,-1.229],[127.693,-1.285],[127.561,-1.248],[127.49,-1.271],[127.468,-1.255]]],[[[127.397,-1.143],[127.425,-1.146],[127.436,-1.217],[127.407,-1.199],[127.397,-1.143]]],[[[127.333,-0.608],[127.415,-0.637],[127.411,-0.66],[127.336,-0.643],[127.333,-0.608]]],[[[127.291,-0.47],[127.339,-0.384],[127.321,-0.33],[127.372,-0.316],[127.452,-0.419],[127.521,-0.301],[127.566,-0.314],[127.615,-0.412],[127.645,-0.412],[127.693,-0.456],[127.6,-0.577],[127.597,-0.619],[127.647,-0.629],[127.671,-0.71],[127.797,-0.679],[127.863,-0.709],[127.906,-0.785],[127.88,-0.774],[127.9,-0.796],[127.879,-0.796],[127.87,-0.827],[127.769,-0.87],[127.682,-0.838],[127.634,-0.741],[127.474,-0.823],[127.442,-0.737],[127.481,-0.63],[127.421,-0.607],[127.408,-0.62],[127.291,-0.47]]],[[[127.726,-0.397],[127.737,-0.343],[127.748,-0.328],[127.76,-0.373],[127.726,-0.397]]],[[[127.411,-0.104],[127.403,-0.071],[127.417,-0.016],[127.428,-0.046],[127.411,-0.104]]],[[[127.41,0.009],[127.426,0.139],[127.459,0.132],[127.44,0.103],[127.447,0.069],[127.467,0.072],[127.467,-0.041],[127.429,0.024],[127.41,0.009]]],[[[127.429,0.292],[127.384,0.278],[127.344,0.331],[127.42,0.374],[127.443,0.337],[127.429,0.292]]],[[[127.44,0.448],[127.422,0.434],[127.382,0.454],[127.415,0.48],[127.44,0.448]]],[[[127.385,0.747],[127.449,0.744],[127.46,0.715],[127.448,0.654],[127.407,0.623],[127.367,0.647],[127.385,0.747]]],[[[127.327,0.868],[127.386,0.834],[127.371,0.759],[127.323,0.755],[127.293,0.798],[127.327,0.868]]],[[[127.495,1.668],[127.526,1.72],[127.535,1.689],[127.495,1.668]]],[[[128.295,-1.645],[128.346,-1.602],[128.365,-1.628],[128.321,-1.665],[128.295,-1.645]]],[[[127.403,-1.538],[127.444,-1.434],[127.415,-1.419],[127.441,-1.409],[127.437,-1.426],[127.504,-1.453],[127.513,-1.417],[127.581,-1.364],[127.672,-1.332],[127.792,-1.372],[127.801,-1.414],[127.835,-1.436],[127.89,-1.425],[127.936,-1.449],[128.072,-1.579],[128.121,-1.566],[128.168,-1.631],[128.156,-1.684],[128.087,-1.722],[128.024,-1.727],[127.892,-1.683],[127.816,-1.701],[127.72,-1.686],[127.66,-1.728],[127.617,-1.717],[127.596,-1.738],[127.499,-1.725],[127.409,-1.662],[127.403,-1.538]]],[[[128.432,-1.109],[128.452,-1.131],[128.412,-1.099],[128.363,-1.12],[128.344,-1.09],[128.369,-1.073],[128.432,-1.109]]],[[[128.306,-0.956],[128.341,-0.95],[128.342,-0.98],[128.417,-1.011],[128.385,-0.995],[128.404,-0.99],[128.417,-1.003],[128.42,-1.017],[128.414,-1.028],[128.332,-1.021],[128.339,-0.972],[128.306,-0.956]]],[[[128.404,-0.552],[128.367,-0.537],[128.335,-0.548],[128.368,-0.527],[128.404,-0.552]]],[[[129.537,-0.213],[129.516,-0.162],[129.47,-0.14],[129.461,-0.092],[129.383,-0.072],[129.366,-0.006],[129.28,0.049],[129.401,-0.014],[129.546,-0.129],[129.574,-0.199],[129.537,-0.213]]],[[[129.647,-0.07],[129.625,-0.031],[129.635,-0.056],[129.613,-0.065],[129.629,-0.07],[129.608,-0.065],[129.584,-0.01],[129.603,-0.005],[129.65,-0.046],[129.647,-0.07]]],[[[129.852,0.322],[129.904,0.319],[129.923,0.282],[129.882,0.277],[129.852,0.322]]],[[[128.825,0.556],[128.861,0.491],[128.806,0.564],[128.825,0.556]]],[[[127.399,1.084],[127.432,1.143],[127.399,1.196],[127.527,1.448],[127.538,1.496],[127.511,1.557],[127.551,1.589],[127.54,1.651],[127.585,1.661],[127.584,1.69],[127.55,1.712],[127.646,1.824],[127.694,1.932],[127.928,2.161],[127.954,2.221],[127.98,2.181],[128.053,2.201],[128.065,2.174],[127.954,2.04],[127.952,1.991],[127.851,1.925],[127.841,1.844],[127.861,1.806],[127.933,1.809],[128.012,1.737],[128.021,1.689],[127.994,1.669],[127.987,1.618],[128.037,1.581],[128.01,1.426],[128.024,1.405],[127.987,1.366],[128.011,1.314],[127.977,1.306],[127.919,1.227],[127.903,1.15],[127.826,1.148],[127.758,1.069],[127.651,1.022],[127.626,0.972],[127.652,0.876],[127.702,0.877],[127.735,0.822],[127.797,0.788],[127.882,0.828],[127.931,0.877],[127.933,1.005],[127.982,1.087],[128.032,1.116],[128.166,1.124],[128.195,1.164],[128.18,1.243],[128.086,1.255],[128.176,1.375],[128.468,1.551],[128.515,1.533],[128.555,1.568],[128.67,1.59],[128.724,1.571],[128.731,1.534],[128.696,1.537],[128.679,1.494],[128.713,1.417],[128.758,1.391],[128.691,1.198],[128.699,1.065],[128.61,1.043],[128.534,0.972],[128.441,0.93],[128.334,0.912],[128.28,0.867],[128.312,0.817],[128.25,0.842],[128.198,0.789],[128.324,0.652],[128.435,0.632],[128.571,0.562],[128.679,0.55],[128.67,0.346],[128.837,0.292],[128.903,0.208],[128.843,0.262],[128.559,0.318],[128.458,0.404],[128.281,0.396],[128.079,0.477],[127.976,0.483],[127.92,0.458],[127.901,0.43],[127.906,0.364],[127.886,0.365],[127.863,0.297],[127.921,0.273],[127.93,0.11],[127.887,0.084],[127.89,-0.004],[128.049,-0.417],[128.22,-0.706],[128.453,-0.914],[128.314,-0.862],[128.285,-0.879],[128.226,-0.837],[128.249,-0.82],[128.283,-0.836],[128.227,-0.775],[128.247,-0.769],[128.225,-0.769],[128.234,-0.75],[128.217,-0.772],[128.019,-0.686],[127.864,-0.365],[127.687,-0.27],[127.661,-0.209],[127.722,0.072],[127.712,0.104],[127.685,0.099],[127.734,0.311],[127.71,0.353],[127.621,0.361],[127.622,0.396],[127.579,0.415],[127.562,0.516],[127.527,0.554],[127.548,0.729],[127.6,0.751],[127.64,0.85],[127.548,0.88],[127.543,0.862],[127.525,0.859],[127.546,0.881],[127.491,0.893],[127.512,0.973],[127.472,1.006],[127.499,1.049],[127.473,1.064],[127.42,1.032],[127.399,1.084]]],[[[128.328,0.798],[128.349,0.782],[128.321,0.774],[128.328,0.798]]],[[[127.72,2.194],[127.759,2.19],[127.77,2.152],[127.72,2.194]]],[[[127.816,2.229],[127.773,2.22],[127.759,2.271],[127.775,2.295],[127.778,2.275],[127.825,2.27],[127.816,2.229]]],[[[128.323,2.471],[128.413,2.528],[128.462,2.596],[128.527,2.577],[128.565,2.644],[128.632,2.534],[128.688,2.502],[128.694,2.423],[128.65,2.37],[128.654,2.311],[128.578,2.112],[128.51,2.061],[128.3,2.036],[128.26,1.981],[128.293,2.054],[128.246,2.124],[128.249,2.248],[128.197,2.279],[128.285,2.372],[128.323,2.471]]],[[[128.125,2.331],[128.166,2.413],[128.179,2.292],[128.139,2.299],[128.125,2.331]]]]}},{"type":"Feature","properties":{"id":20,"name":"Kalimantan Barat"},"geometry":{"type":"MultiPolygon","coordinates":[[[[108.678,-1.72],[108.693,-1.711],[108.787,-1.709],[108.719,-1.727],[108.678,-1.72]]],[[[108.858,-1.677],[108.819,-1.649],[108.84,-1.585],[108.79,-1.582],[108.835,-1.553],[108.877,-1.568],[108.897,-1.534],[108.937,-1.55],[108.983,-1.601],[108.931,-1.657],[108.858,-1.677]]],[[[109.136,-1.331],[109.141,-1.288],[109.163,-1.292],[109.136,-1.331]]],[[[109.217,-1.237],[109.227,-1.201],[109.263,-1.186],[109.27,-1.217],[109.243,-1.243],[109.217,-1.237]]],[[[109.4,-0.892],[109.406,-0.932],[109.304,-0.902],[109.31,-0.885],[109.326,-0.894],[109.36,-0.869],[109.37,-0.881],[109.4,-0.892]]],[[[109.383,-0.881],[109.397,-0.868],[109.432,-0.896],[109.419,-0.913],[109.404,-0.904],[109.401,-0.892],[109.383,-0.881]]],[[[109.36,-0.657],[109.405,-0.675],[109.365,-0.676],[109.349,-0.654],[109.36,-0.657]]],[[[109.423,-0.668],[109.406,-0.673],[109.373,-0.648],[109.36,-0.653],[109.359,-0.618],[109.477,-0.686],[109.442,-0.667],[109.423,-0.668]]],[[[109.193,-0.219],[109.132,-0.236],[109.083,-0.27],[109.096,-0.332],[109.058,-0.273],[109.059,-0.213],[109.193,-0.219]]],[[[109.103,-0.169],[109.16,-0.188],[109.173,-0.201],[109.086,-0.187],[109.103,-0.169]]],[[[109.126,-0.167],[109.127,-0.146],[109.158,-0.185],[109.126,-0.167]]],[[[109.113,-0.117],[109.121,-0.169],[109.09,-0.151],[109.094,-0.13],[109.113,-0.117]]],[[[109.124,-0.116],[109.162,-0.058],[109.187,-0.14],[109.176,-0.194],[109.124,-0.116]]],[[[108.838,0.5],[108.859,0.518],[108.858,0.476],[108.838,0.5]]],[[[108.726,0.732],[108.693,0.796],[108.706,0.802],[108.726,0.732]]],[[[110.192,-2.913],[110.133,-2.888],[110.161,-2.855],[110.202,-2.884],[110.192,-2.913]]],[[[110.129,-2.741],[110.082,-2.761],[110.044,-2.748],[110.098,-2.674],[110.118,-2.679],[110.129,-2.741]]],[[[109.499,-1.31],[109.38,-1.255],[109.425,-1.206],[109.458,-1.004],[109.489,-0.973],[109.552,-1.003],[109.637,-0.986],[109.643,-1.012],[109.674,-1.021],[109.715,-0.99],[109.762,-1.005],[109.78,-1.145],[109.69,-1.192],[109.687,-1.218],[109.499,-1.31]]],[[[109.356,-0.714],[109.394,-0.707],[109.467,-0.755],[109.554,-0.744],[109.56,-0.763],[109.676,-0.832],[109.711,-0.833],[109.715,-0.87],[109.747,-0.869],[109.721,-0.913],[109.721,-0.974],[109.682,-1.014],[109.639,-0.977],[109.613,-0.972],[109.583,-0.898],[109.439,-0.853],[109.411,-0.873],[109.399,-0.867],[109.383,-0.874],[109.383,-0.881],[109.36,-0.869],[109.336,-0.871],[109.327,-0.893],[109.311,-0.885],[109.307,-0.887],[109.302,-0.902],[109.241,-0.82],[109.249,-0.661],[109.356,-0.714]]],[[[109.635,-0.792],[109.567,-0.758],[109.574,-0.734],[109.598,-0.749],[109.626,-0.752],[109.635,-0.792]]],[[[109.661,-0.749],[109.615,-0.749],[109.606,-0.734],[109.642,-0.732],[109.648,-0.719],[109.663,-0.726],[109.692,-0.716],[109.661,-0.749]]],[[[109.567,-0.744],[109.551,-0.733],[109.569,-0.712],[109.577,-0.725],[109.567,-0.744]]],[[[109.605,-0.744],[109.578,-0.729],[109.577,-0.719],[109.571,-0.712],[109.605,-0.744]]],[[[109.647,-0.717],[109.63,-0.732],[109.579,-0.716],[109.688,-0.713],[109.647,-0.717]]],[[[109.457,-0.72],[109.483,-0.717],[109.483,-0.708],[109.491,-0.707],[109.492,-0.705],[109.491,-0.701],[109.492,-0.7],[109.496,-0.703],[109.523,-0.699],[109.559,-0.715],[109.464,-0.731],[109.445,-0.708],[109.457,-0.72]]],[[[109.412,-0.674],[109.491,-0.699],[109.491,-0.701],[109.492,-0.706],[109.483,-0.706],[109.483,-0.717],[109.458,-0.719],[109.412,-0.674]]],[[[109.552,-0.707],[109.598,-0.695],[109.614,-0.684],[109.632,-0.69],[109.649,-0.684],[109.656,-0.672],[109.673,-0.698],[109.552,-0.707]]],[[[109.458,-0.636],[109.548,-0.656],[109.584,-0.653],[109.583,-0.686],[109.499,-0.694],[109.473,-0.671],[109.491,-0.674],[109.497,-0.662],[109.488,-0.662],[109.474,-0.643],[109.458,-0.636]]],[[[109.471,-0.668],[109.427,-0.638],[109.45,-0.632],[109.486,-0.664],[109.495,-0.664],[109.471,-0.668]]],[[[108.94,0.371],[108.943,0.44],[108.907,0.505],[108.928,0.626],[108.873,0.708],[108.88,0.771],[108.841,0.815],[108.936,0.884],[108.977,0.965],[108.973,1.028],[108.904,1.171],[108.979,1.185],[108.964,1.218],[109.043,1.356],[109.056,1.521],[109.262,1.677],[109.288,1.777],[109.337,1.833],[109.322,1.927],[109.476,1.982],[109.585,1.99],[109.644,2.081],[109.627,1.991],[109.56,1.971],[109.564,1.937],[109.538,1.925],[109.586,1.792],[109.635,1.805],[109.685,1.782],[109.662,1.617],[109.799,1.505],[109.803,1.465],[109.839,1.483],[109.837,1.422],[109.929,1.426],[109.963,1.404],[109.979,1.298],[110.066,1.264],[110.065,1.209],[110.193,1.183],[110.21,1.119],[110.241,1.118],[110.26,1.058],[110.286,1.045],[110.277,0.996],[110.325,0.992],[110.339,1.013],[110.359,0.983],[110.396,0.998],[110.447,0.908],[110.575,0.854],[110.629,0.869],[110.652,0.903],[110.654,0.876],[110.695,0.864],[110.716,0.906],[110.756,0.899],[110.771,0.932],[110.81,0.9],[110.809,0.95],[110.861,0.951],[110.905,1.029],[111.154,1.053],[111.232,1.086],[111.413,1.008],[111.489,1.035],[111.521,0.958],[111.548,0.947],[111.549,0.988],[111.581,0.979],[111.596,1.009],[111.666,1.043],[111.717,1.007],[111.763,1.021],[111.829,0.986],[111.87,1.013],[111.887,1.079],[111.929,1.091],[111.935,1.122],[112.143,1.135],[112.135,1.178],[112.165,1.21],[112.179,1.304],[112.232,1.379],[112.2,1.407],[112.212,1.45],[112.278,1.468],[112.319,1.508],[112.434,1.527],[112.501,1.584],[112.677,1.555],[112.775,1.564],[112.841,1.538],[112.885,1.587],[112.975,1.563],[112.999,1.578],[113.059,1.559],[113.071,1.529],[113.032,1.493],[113.04,1.474],[112.983,1.45],[112.975,1.411],[113.018,1.405],[113.106,1.446],[113.144,1.388],[113.328,1.375],[113.421,1.285],[113.549,1.32],[113.583,1.308],[113.632,1.219],[113.667,1.218],[113.703,1.266],[113.804,1.3],[113.83,1.337],[113.822,1.374],[113.975,1.45],[114.141,1.467],[114.206,1.41],[114.155,1.374],[114.149,1.292],[114.171,1.265],[114.136,1.223],[114.15,1.199],[114.127,1.153],[114.088,1.159],[114.053,1.127],[114.038,1.146],[113.989,1.139],[113.948,1.06],[113.89,1.048],[113.914,0.972],[113.871,0.889],[113.926,0.841],[113.873,0.783],[113.895,0.726],[113.839,0.695],[113.821,0.643],[113.851,0.608],[113.82,0.575],[113.798,0.595],[113.776,0.583],[113.667,0.497],[113.652,0.435],[113.581,0.398],[113.586,0.361],[113.45,0.264],[113.359,0.276],[113.262,0.23],[113.309,0.174],[113.414,0.116],[113.396,0.034],[113.433,0.009],[113.416,-0.048],[113.444,-0.061],[113.422,-0.11],[113.33,-0.152],[113.291,-0.209],[113.305,-0.254],[113.22,-0.334],[113.271,-0.426],[113.218,-0.506],[113.131,-0.452],[113.055,-0.514],[112.991,-0.493],[112.832,-0.578],[112.745,-0.572],[112.734,-0.631],[112.704,-0.621],[112.688,-0.659],[112.513,-0.701],[112.439,-0.672],[112.386,-0.714],[112.349,-0.704],[112.315,-0.723],[112.26,-0.632],[112.212,-0.613],[112.176,-0.644],[112.175,-0.726],[112.085,-0.7],[112.055,-0.771],[111.977,-0.813],[111.923,-0.793],[111.917,-0.841],[111.887,-0.842],[111.838,-0.906],[111.748,-0.912],[111.724,-0.943],[111.64,-0.968],[111.616,-1.056],[111.571,-1.058],[111.544,-1.099],[111.578,-1.169],[111.555,-1.202],[111.424,-1.267],[111.391,-1.253],[111.384,-1.296],[111.344,-1.317],[111.327,-1.367],[111.284,-1.383],[111.254,-1.438],[111.204,-1.443],[111.183,-1.478],[111.156,-1.432],[111.08,-1.525],[111.035,-1.529],[111.006,-1.504],[110.864,-1.624],[110.873,-1.665],[110.893,-1.657],[110.917,-1.693],[110.94,-1.657],[110.994,-1.65],[110.984,-1.689],[111.026,-1.72],[110.95,-1.887],[111.01,-1.969],[111.055,-1.957],[111.101,-1.989],[111.079,-2.009],[111.088,-2.045],[111.058,-2.059],[111.07,-2.115],[111.023,-2.224],[111.116,-2.327],[111.102,-2.483],[111.118,-2.531],[111.147,-2.542],[111.132,-2.599],[111.176,-2.688],[111.147,-2.742],[111.012,-2.795],[110.97,-2.856],[110.776,-2.924],[110.733,-2.996],[110.657,-3.04],[110.611,-2.99],[110.644,-2.99],[110.623,-2.889],[110.569,-2.84],[110.419,-2.897],[110.306,-2.996],[110.258,-2.958],[110.224,-2.887],[110.258,-2.831],[110.261,-2.767],[110.218,-2.74],[110.233,-2.697],[110.214,-2.648],[110.149,-2.622],[110.19,-2.571],[110.182,-2.457],[110.147,-2.428],[110.132,-2.292],[110.095,-2.245],[110.062,-2.246],[110.091,-2.225],[110.12,-2.03],[110.067,-1.931],[109.901,-1.828],[109.928,-1.83],[109.913,-1.774],[109.946,-1.775],[110.027,-1.683],[110.069,-1.363],[110.022,-1.292],[109.962,-1.277],[109.908,-1.21],[109.94,-1.124],[109.819,-1.092],[109.803,-1.049],[109.768,-1.034],[109.763,-0.994],[109.733,-0.988],[109.727,-0.923],[109.758,-0.904],[109.75,-0.868],[109.72,-0.87],[109.713,-0.829],[109.635,-0.797],[109.638,-0.787],[109.632,-0.752],[109.671,-0.755],[109.698,-0.717],[109.657,-0.671],[109.652,-0.674],[109.647,-0.683],[109.632,-0.689],[109.612,-0.683],[109.596,-0.694],[109.584,-0.651],[109.474,-0.615],[109.415,-0.631],[109.374,-0.585],[109.328,-0.588],[109.333,-0.572],[109.315,-0.594],[109.252,-0.589],[109.251,-0.605],[109.202,-0.551],[109.162,-0.572],[109.132,-0.547],[109.098,-0.362],[109.115,-0.336],[109.087,-0.279],[109.197,-0.218],[109.188,-0.091],[109.159,-0.038],[109.194,0.061],[109.139,0.126],[109.109,0.226],[109.04,0.284],[108.928,0.322],[108.914,0.349],[108.94,0.371]]]]}},{"type":"Feature","properties":{"id":12,"name":"Jawa Barat"},"geometry":{"type":"Polygon","coordinates":[[[106.575,-7.418],[106.444,-7.361],[106.405,-7.382],[106.373,-7.308],[106.373,-7.237],[106.401,-7.186],[106.455,-7.188],[106.457,-7.129],[106.545,-7.055],[106.544,-6.988],[106.514,-6.966],[106.445,-6.952],[106.394,-6.974],[106.393,-6.901],[106.431,-6.862],[106.436,-6.82],[106.526,-6.768],[106.467,-6.751],[106.429,-6.682],[106.401,-6.453],[106.455,-6.427],[106.425,-6.35],[106.469,-6.303],[106.476,-6.351],[106.519,-6.355],[106.527,-6.325],[106.594,-6.363],[106.769,-6.362],[106.779,-6.317],[106.809,-6.315],[106.794,-6.364],[106.841,-6.336],[106.885,-6.373],[106.914,-6.366],[106.904,-6.262],[106.944,-6.252],[106.971,-6.198],[106.971,-6.088],[107.016,-6.077],[106.972,-6.053],[107.016,-6.035],[106.993,-6.013],[107.018,-5.974],[106.991,-5.942],[107.01,-5.92],[107.043,-5.926],[107.036,-5.96],[107.076,-5.968],[107.049,-5.925],[107.165,-5.988],[107.266,-5.961],[107.343,-5.97],[107.473,-6.149],[107.62,-6.187],[107.668,-6.239],[107.781,-6.221],[107.782,-6.205],[107.805,-6.221],[107.819,-6.187],[107.864,-6.192],[107.848,-6.193],[107.859,-6.212],[107.891,-6.182],[107.903,-6.244],[108.13,-6.335],[108.212,-6.275],[108.174,-6.225],[108.335,-6.273],[108.358,-6.25],[108.385,-6.358],[108.453,-6.435],[108.543,-6.485],[108.56,-6.684],[108.603,-6.763],[108.653,-6.747],[108.685,-6.801],[108.75,-6.815],[108.845,-6.736],[108.825,-6.832],[108.753,-6.921],[108.758,-6.984],[108.794,-7.008],[108.778,-7.095],[108.697,-7.152],[108.635,-7.139],[108.568,-7.165],[108.586,-7.243],[108.556,-7.288],[108.559,-7.335],[108.661,-7.341],[108.723,-7.431],[108.717,-7.481],[108.755,-7.559],[108.732,-7.613],[108.8,-7.675],[108.777,-7.699],[108.672,-7.683],[108.67,-7.731],[108.641,-7.688],[108.517,-7.699],[108.503,-7.785],[108.446,-7.82],[108.3,-7.815],[107.943,-7.734],[107.847,-7.737],[107.806,-7.687],[107.69,-7.668],[107.675,-7.628],[107.601,-7.571],[107.4,-7.494],[106.575,-7.418]]]}}]}