province_id,province,district_id,district,subdistrict_id,subdistrict,cooperatives,accounts_count,npwp_count,nib_count,rat_count,transaction_volume,transaction_value,simpanan_pokok_amount,simpanan_pokok_members,simpanan_pokok_tx,simpanan_wajib_amount,simpanan_wajib_members,simpanan_wajib_tx,savings_total_amount
1,ACEH,5,KAB. ACEH BARAT,76,Arongan Lambalek,27,27,27,23,0,0,0,5000000,25,25,100000,1,1,5100000
1,ACEH,5,KAB. ACEH BARAT,75,Bubon,17,17,17,17,0,0,0,7000000,68,70,160010,17,17,7160010
1,ACEH,5,KAB. ACEH BARAT,70,Johan Pahlawan,21,19,21,18,0,0,0,0,0,0,0,0,0,0
1,ACEH,5,KAB. ACEH BARAT,71,Kaway XVI,43,42,43,41,0,0,0,5100000,17,17,100000,5,5,5200000
1,ACEH,5,KAB. ACEH BARAT,78,Meureubo,26,26,26,25,0,0,0,5900000,59,59,4680000,50,234,10580000
1,ACEH,5,KAB. ACEH BARAT,77,Pante Ceureumen,25,25,25,24,0,0,0,0,0,0,0,0,0,0
1,ACEH,5,KAB. ACEH BARAT,81,Panton Reu,19,18,19,16,0,0,0,0,0,0,0,0,0,0
1,ACEH,5,KAB. ACEH BARAT,74,Samatiga,32,31,32,28,0,0,0,3100000,31,31,0,0,0,3100000
1,ACEH,5,KAB. ACEH BARAT,72,Sungai Mas,18,18,18,15,0,0,0,0,0,0,0,0,0,0
1,ACEH,5,KAB. ACEH BARAT,73,Woyla,43,40,43,30,0,0,0,0,0,0,0,0,0,0
1,ACEH,5,KAB. ACEH BARAT,79,Woyla Barat,24,23,24,18,0,0,0,0,0,0,0,0,0,0
1,ACEH,5,KAB. ACEH BARAT,80,Woyla Timur,26,24,26,9,0,0,0,0,0,0,5000,1,1,5000
1,ACEH,12,KAB. ACEH BARAT DAYA,193,Babah Rot,14,14,14,8,0,0,0,0,0,0,0,0,0,0
1,ACEH,12,KAB. ACEH BARAT DAYA,188,Blangpidie,20,20,20,15,0,0,0,0,0,0,0,0,0,0
1,ACEH,12,KAB. ACEH BARAT DAYA,195,Jeumpa,12,12,12,4,0,0,0,0,0,0,0,0,0,0
1,ACEH,12,KAB. ACEH BARAT DAYA,192,Kuala Batee,21,21,21,2,0,0,0,50000,1,1,0,0,0,50000
1,ACEH,12,KAB. ACEH BARAT DAYA,196,Lembah Sabil,14,14,14,3,0,0,0,10000000,100,100,1000000,100,100,11000000
1,ACEH,12,KAB. ACEH BARAT DAYA,190,Manggeng,18,18,18,10,0,0,0,2000000,20,20,180000,18,18,2180000
1,ACEH,12,KAB. ACEH BARAT DAYA,194,Setia,9,9,9,5,0,0,0,0,0,0,0,0,0,0
1,ACEH,12,KAB. ACEH BARAT DAYA,191,Susoh,29,29,29,16,0,0,0,950000,19,19,145000,20,20,1095000
1,ACEH,12,KAB. ACEH BARAT DAYA,189,Tangan-Tangan,15,15,15,9,0,0,0,0,0,0,0,0,0,0
1,ACEH,6,KAB. ACEH BESAR,91,Baitussalam,13,13,13,11,0,0,0,1700000,34,34,285000,18,57,1985000
1,ACEH,6,KAB. ACEH BESAR,124,Blang Bintang,26,26,26,10,0,0,0,1020000,22,22,615000,45,62,1635000
1,ACEH,6,KAB. ACEH BESAR,116,Darul Imarah,32,32,32,25,0,0,0,3200000,30,30,315000,30,57,3515000
1,ACEH,6,KAB. ACEH BESAR,122,Darul Kamal,14,14,14,13,0,0,0,3900000,78,78,1800000,64,360,5700000
1,ACEH,6,KAB. ACEH BESAR,88,Darussalam,29,29,29,15,0,0,0,200000,4,4,0,0,0,200000
1,ACEH,6,KAB. ACEH BESAR,84,Indrapuri,52,52,52,31,0,0,0,2550000,41,41,0,0,0,2550000
1,ACEH,6,KAB. ACEH BESAR,118,Ingin Jaya,50,50,50,40,0,0,0,450000,5,5,0,0,0,450000
1,ACEH,6,KAB. ACEH BESAR,90,Kota Jantho,13,13,13,12,0,0,0,0,0,0,0,0,0,0
1,ACEH,6,KAB. ACEH BESAR,123,Krueng Barona Jaya,12,12,12,11,0,0,0,0,0,0,0,0,0,0
1,ACEH,6,KAB. ACEH BESAR,87,Kuta Baro,47,47,47,15,0,0,0,10000,1,1,5000,1,1,15000
1,ACEH,6,KAB. ACEH BESAR,6641,Kuta Cot Glie,32,32,32,20,0,0,0,550000,11,11,230000,9,23,780000
1,ACEH,6,KAB. ACEH BESAR,120,Kuta Malaka,15,15,15,8,0,0,0,0,0,0,0,0,0,0
1,ACEH,6,KAB. ACEH BESAR,89,Lembah Seulawah,12,12,12,12,0,0,0,0,0,0,0,0,0,0
1,ACEH,6,KAB. ACEH BESAR,92,Leupung,6,6,6,5,0,0,0,20000,1,1,5000,1,1,25000
1,ACEH,6,KAB. ACEH BESAR,83,Lhoknga,28,28,28,17,0,0,0,8100000,135,135,2030000,29,203,10130000
1,ACEH,6,KAB. ACEH BESAR,82,Lhoong,28,28,28,20,0,26679,48614080,0,0,0,0,0,0,0
1,ACEH,6,KAB. ACEH BESAR,86,Mesjid Raya,13,13,13,8,0,0,0,0,0,0,0,0,0,0
1,ACEH,6,KAB. ACEH BESAR,114,Montasik,39,39,39,36,0,0,0,11025000,230,230,1640000,125,285,12665000
1,ACEH,6,KAB. ACEH BESAR,117,Peukan Bada,25,25,25,14,0,0,0,5650000,113,113,11320000,110,566,16970000
1,ACEH,6,KAB. ACEH BESAR,119,Pulo Aceh,17,17,17,6,0,0,0,0,0,0,0,0,0,0
1,ACEH,6,KAB. ACEH BESAR,85,Seulimeum,47,47,47,18,0,0,0,4300000,86,86,820000,81,82,5120000
1,ACEH,6,KAB. ACEH BESAR,121,Simpang Tiga,18,18,18,14,0,0,0,4000000,56,56,220000,22,22,4220000
1,ACEH,6,KAB. ACEH BESAR,115,Sukamakmur,35,35,35,20,0,0,0,4000000,80,80,340000,6,34,4340000
1,ACEH,14,KAB. ACEH JAYA,210,Darul Hikmah,19,19,19,1,0,0,0,0,0,0,0,0,0,0
1,ACEH,14,KAB. ACEH JAYA,209,Indra Jaya,14,14,14,8,0,0,0,0,0,0,0,0,0,0
1,ACEH,14,KAB. ACEH JAYA,208,Jaya,34,34,34,25,0,0,0,0,0,0,0,0,0,0
1,ACEH,14,KAB. ACEH JAYA,206,Krueng Sabee,17,17,17,12,0,0,0,50000,1,1,0,0,0,50000
1,ACEH,14,KAB. ACEH JAYA,6650,Panga,20,20,20,10,0,0,0,0,0,0,0,0,0,0
1,ACEH,14,KAB. ACEH JAYA,211,Pasie Raya,14,14,14,8,0,0,0,0,0,0,0,0,0,0
1,ACEH,14,KAB. ACEH JAYA,207,Sampoi Niet,19,19,19,5,0,0,0,0,0,0,0,0,0,0
1,ACEH,14,KAB. ACEH JAYA,6649,Setia Bakti,13,13,13,13,0,0,0,0,0,0,0,0,0,0
1,ACEH,14,KAB. ACEH JAYA,205,Teunom,22,22,22,5,0,0,0,0,0,0,0,0,0,0
1,ACEH,1,KAB. ACEH SELATAN,1,Bakongan,7,7,7,7,0,0,0,0,0,0,0,0,0,0
1,ACEH,1,KAB. ACEH SELATAN,15,Bakongan Timur,7,7,7,7,0,0,0,0,0,0,0,0,0,0
1,ACEH,1,KAB. ACEH SELATAN,3,Kluet Selatan,17,17,17,16,0,0,0,150000,2,2,40000,2,2,190000
1,ACEH,1,KAB. ACEH SELATAN,13,Kluet Tengah,13,13,13,13,0,0,0,0,0,0,0,0,0,0
1,ACEH,1,KAB. ACEH SELATAN,14,Kluet Timur,9,9,9,9,0,0,0,250000,5,5,10000,1,2,260000
1,ACEH,1,KAB. ACEH SELATAN,2,Kluet Utara,21,21,21,18,0,0,0,0,0,0,0,0,0,0
1,ACEH,1,KAB. ACEH SELATAN,17,Kota Bahagia,10,10,10,10,0,0,0,2800000,56,56,0,0,0,2800000
1,ACEH,1,KAB. ACEH SELATAN,4,Labuhanhaji,16,16,16,16,0,0,0,70000,2,2,0,0,0,70000
1,ACEH,1,KAB. ACEH SELATAN,12,Labuhanhaji Barat,15,15,15,15,0,0,0,85000,4,4,0,0,0,85000
1,ACEH,1,KAB. ACEH SELATAN,11,Labuhanhaji Timur,12,12,12,12,0,0,0,0,0,0,0,0,0,0
1,ACEH,1,KAB. ACEH SELATAN,5,Meukek,23,23,23,20,0,0,0,1220000,37,37,120000,24,24,1340000
1,ACEH,1,KAB. ACEH SELATAN,10,Pasie Raja,22,22,22,18,0,0,0,0,0,0,0,0,0,0
1,ACEH,1,KAB. ACEH SELATAN,6,Samadua,28,28,28,27,0,0,0,2800000,28,28,470000,23,47,3270000
1,ACEH,1,KAB. ACEH SELATAN,7,Sawang,15,15,15,15,0,0,0,0,0,0,0,0,0,0
1,ACEH,1,KAB. ACEH SELATAN,8,Tapaktuan,16,16,16,10,0,0,0,0,0,0,0,0,0,0
1,ACEH,1,KAB. ACEH SELATAN,9,Trumon,12,12,12,12,0,0,0,0,0,0,0,0,0,0
1,ACEH,1,KAB. ACEH SELATAN,18,Trumon Tengah,10,10,10,10,0,0,0,0,0,0,0,0,0,0
1,ACEH,1,KAB. ACEH SELATAN,16,Trumon Timur,8,8,8,7,0,0,0,0,0,0,0,0,0,0
1,ACEH,8,KAB. ACEH SINGKIL,109,Danau Paris,6,5,6,6,0,0,0,0,0,0,0,0,0,0
1,ACEH,8,KAB. ACEH SINGKIL,106,Gunung Meriah,25,25,25,25,0,0,0,5300000,53,53,540000,25,54,5840000
1,ACEH,8,KAB. ACEH SINGKIL,107,Kota Baharu,9,9,9,7,0,0,0,0,0,0,0,0,0,0
1,ACEH,8,KAB. ACEH SINGKIL,112,Kuala Baru,4,4,4,2,0,0,0,0,0,0,0,0,0,0
1,ACEH,8,KAB. ACEH SINGKIL,103,Pulau Banyak,3,3,3,3,0,0,0,0,0,0,0,0,0,0
1,ACEH,8,KAB. ACEH SINGKIL,113,Pulau Banyak Barat,4,4,4,4,0,0,0,200000,2,2,0,0,0,200000
1,ACEH,8,KAB. ACEH SINGKIL,104,Simpang Kanan,25,25,25,21,0,0,0,0,0,0,0,0,0,0
1,ACEH,8,KAB. ACEH SINGKIL,105,Singkil,16,15,16,15,0,0,0,0,0,0,0,0,0,0
1,ACEH,8,KAB. ACEH SINGKIL,108,Singkil Utara,7,7,7,5,0,0,0,3500000,70,70,3040000,69,304,6540000
1,ACEH,8,KAB. ACEH SINGKIL,111,Singkohor,6,5,6,6,0,0,0,0,0,0,0,0,0,0
1,ACEH,8,KAB. ACEH SINGKIL,110,Suro Makmur,11,11,11,4,0,0,0,0,0,0,0,0,0,0
1,ACEH,16,KAB. ACEH TAMIANG,228,Banda Mulia,10,10,10,10,0,0,0,0,0,0,0,0,0,0
1,ACEH,16,KAB. ACEH TAMIANG,229,Bandar Pusaka,15,15,15,15,0,0,0,0,0,0,0,0,0,0
1,ACEH,16,KAB. ACEH TAMIANG,222,Bendahara,33,33,33,32,0,0,0,0,0,0,0,0,0,0
1,ACEH,16,KAB. ACEH TAMIANG,223,Karang Baru,31,31,31,30,0,0,0,150000,5,5,200000,5,25,350000
1,ACEH,16,KAB. ACEH TAMIANG,225,Kejuruan Muda,16,16,16,14,0,0,0,0,0,0,0,0,0,0
1,ACEH,16,KAB. ACEH TAMIANG,6652,Kota Kualasinpang,5,5,5,5,0,0,0,3500000,70,70,3460000,70,346,6960000
1,ACEH,16,KAB. ACEH TAMIANG,221,Manyak Payed,36,36,36,28,0,0,0,250000,5,5,10000,1,1,260000
1,ACEH,16,KAB. ACEH TAMIANG,227,Rantau,17,17,17,15,0,0,0,0,0,0,0,0,0,0
1,ACEH,16,KAB. ACEH TAMIANG,231,Sekerak,14,14,14,13,0,0,0,0,0,0,0,0,0,0
1,ACEH,16,KAB. ACEH TAMIANG,224,Seruway,24,24,24,23,0,0,0,0,0,0,0,0,0,0
1,ACEH,16,KAB. ACEH TAMIANG,226,Tamiang Hulu,9,9,9,7,0,0,0,1050000,21,21,2310000,21,231,3360000
1,ACEH,16,KAB. ACEH TAMIANG,230,Tenggulun,6,6,6,6,0,0,0,0,0,0,0,0,0,0
1,ACEH,4,KAB. ACEH TENGAH,66,Atu Lintang,11,11,11,10,0,0,0,2100000,21,21,0,0,0,2100000
1,ACEH,4,KAB. ACEH TENGAH,58,Bebesen,28,25,28,20,0,0,0,0,0,0,0,0,0,0
1,ACEH,4,KAB. ACEH TENGAH,68,Bies,12,12,12,11,0,0,0,0,0,0,0,0,0,0
1,ACEH,4,KAB. ACEH TENGAH,60,Bintang,24,24,24,23,0,0,0,0,0,0,0,0,0,0
1,ACEH,4,KAB. ACEH TENGAH,64,Celala,17,16,17,13,0,0,0,0,0,0,0,0,0,0
1,ACEH,4,KAB. ACEH TENGAH,67,Jagong Jeget,10,10,10,10,0,0,0,0,0,0,0,0,0,0
1,ACEH,4,KAB. ACEH TENGAH,62,Kebayakan,20,18,20,17,0,0,0,0,0,0,0,0,0,0
1,ACEH,4,KAB. ACEH TENGAH,61,Ketol,26,25,26,21,0,0,0,5350000,102,102,1000000,97,100,6350000
1,ACEH,4,KAB. ACEH TENGAH,63,Kute Panang,25,21,25,17,0,0,0,0,0,0,0,0,0,0
1,ACEH,4,KAB. ACEH TENGAH,65,Laut Tawar,18,18,18,18,0,0,0,0,0,0,0,0,0,0
1,ACEH,4,KAB. ACEH TENGAH,56,Linge,26,24,26,15,0,0,0,0,0,0,0,0,0,0
1,ACEH,4,KAB. ACEH TENGAH,59,Pegasing,31,31,31,28,0,0,0,855000,18,18,5000,1,1,860000
1,ACEH,4,KAB. ACEH TENGAH,69,Rusip Antara,17,16,17,15,0,0,0,1040000,26,26,415000,26,83,1455000
1,ACEH,4,KAB. ACEH TENGAH,57,Silih Nara,33,33,33,30,0,0,0,0,0,0,0,0,0,0
1,ACEH,2,KAB. ACEH TENGGARA,24,Babul Makmur,21,21,21,2,0,0,0,0,0,0,0,0,0,0
1,ACEH,2,KAB. ACEH TENGGARA,29,Babul Rahmah,28,21,28,1,0,0,0,0,0,0,0,0,0,0
1,ACEH,2,KAB. ACEH TENGGARA,22,Babussalam,27,27,27,17,0,0,0,0,0,0,0,0,0,0
1,ACEH,2,KAB. ACEH TENGGARA,23,Badar,18,18,18,6,0,0,0,1050000,11,11,100000,2,2,1150000
1,ACEH,2,KAB. ACEH TENGGARA,21,Bambel,32,32,32,8,0,0,0,0,0,0,0,0,0,0
1,ACEH,2,KAB. ACEH TENGGARA,27,Bukit Tusam,23,23,23,2,0,0,0,0,0,0,0,0,0,0
1,ACEH,2,KAB. ACEH TENGGARA,25,Darul Hasanah,28,28,28,2,0,0,0,3600000,40,40,240000,18,18,3840000
1,ACEH,2,KAB. ACEH TENGGARA,31,Deleng Pokhkisen,22,22,22,12,0,0,0,0,0,0,0,0,0,0
1,ACEH,2,KAB. ACEH TENGGARA,30,Ketambe,25,25,25,9,0,0,0,0,0,0,0,0,0,0
1,ACEH,2,KAB. ACEH TENGGARA,19,Lawe Alas,28,28,28,10,0,850,2125000,0,0,0,0,0,0,0
1,ACEH,2,KAB. ACEH TENGGARA,26,Lawe Bulan,25,25,25,2,0,0,0,600000,12,12,0,0,0,600000
1,ACEH,2,KAB. ACEH TENGGARA,20,Lawe Sigala-Gala,35,35,35,5,0,0,0,0,0,0,0,0,0,0
1,ACEH,2,KAB. ACEH TENGGARA,32,Lawe Sumur,18,18,18,0,0,0,0,0,0,0,0,0,0,0
1,ACEH,2,KAB. ACEH TENGGARA,34,Leuser,23,23,23,9,0,0,0,0,0,0,0,0,0,0
1,ACEH,2,KAB. ACEH TENGGARA,28,Semadam,19,19,19,13,0,0,0,0,0,0,0,0,0,0
1,ACEH,2,KAB. ACEH TENGGARA,33,Tanoh Alas,14,14,14,4,0,0,0,0,0,0,0,0,0,0
1,ACEH,3,KAB. ACEH TIMUR,47,Banda Alam,17,16,16,16,0,0,0,0,0,0,0,0,0,0
1,ACEH,3,KAB. ACEH TIMUR,38,Birem Bayeun,28,27,27,14,0,20,5400000,250000,5,5,40030,7,7,290030
1,ACEH,3,KAB. ACEH TIMUR,35,Darul Aman,45,44,45,42,0,0,0,4850000,97,97,920000,41,92,5770000
1,ACEH,3,KAB. ACEH TIMUR,6640,Darul Falah,11,11,11,11,0,0,0,0,0,0,0,0,0,0
1,ACEH,3,KAB. ACEH TIMUR,53,Darul Ihsan,16,15,16,14,0,0,0,0,0,0,0,0,0,0
1,ACEH,3,KAB. ACEH TIMUR,37,Idi Rayeuk,35,35,35,19,0,0,0,3200000,64,64,1260000,63,126,4460000
1,ACEH,3,KAB. ACEH TIMUR,54,Idi Timur,13,13,13,11,0,0,0,2250000,45,45,590000,28,60,2840000
1,ACEH,3,KAB. ACEH TIMUR,46,Idi Tunong,25,25,25,25,0,0,0,0,0,0,0,0,0,0
1,ACEH,3,KAB. ACEH TIMUR,6639,Indra Makmu,13,13,13,2,0,0,0,0,0,0,0,0,0,0
1,ACEH,3,KAB. ACEH TIMUR,36,Julok,37,37,37,37,0,0,0,50000,1,1,10000,1,1,60000
1,ACEH,3,KAB. ACEH TIMUR,45,Madat,26,25,26,26,0,0,0,100000,2,2,5000,1,1,105000
1,ACEH,3,KAB. ACEH TIMUR,40,Nurussalam,31,30,31,30,0,0,0,1000000,20,20,570000,19,57,1570000
1,ACEH,3,KAB. ACEH TIMUR,44,Pante Bidari,25,25,25,22,0,0,0,0,0,0,0,0,0,0
1,ACEH,3,KAB. ACEH TIMUR,48,Peudawa,17,17,17,17,0,0,0,0,0,0,0,0,0,0
1,ACEH,3,KAB. ACEH TIMUR,55,Peunaron,9,5,9,4,0,0,0,0,0,0,0,0,0,0
1,ACEH,3,KAB. ACEH TIMUR,41,Peureulak,38,38,38,7,0,0,0,0,0,0,0,0,0,0
1,ACEH,3,KAB. ACEH TIMUR,50,Peureulak Barat,15,15,15,2,0,0,0,0,0,0,0,0,0,0
1,ACEH,3,KAB. ACEH TIMUR,49,Peureulak Timur,21,20,21,10,0,0,0,0,0,0,0,0,0,0
1,ACEH,3,KAB. ACEH TIMUR,42,Rantau Selamat,14,14,14,7,0,0,0,0,0,0,0,0,0,0
1,ACEH,3,KAB. ACEH TIMUR,6638,Ranto Peureulak,23,23,23,3,0,0,0,0,0,0,0,0,0,0
1,ACEH,3,KAB. ACEH TIMUR,39,Serbajadi,17,17,17,6,0,0,0,0,0,0,0,0,0,0
1,ACEH,3,KAB. ACEH TIMUR,52,Simpang Jernih,8,8,8,8,0,0,0,0,0,0,0,0,0,0
1,ACEH,3,KAB. ACEH TIMUR,43,Simpang Ulim,23,23,23,23,0,0,0,0,0,0,0,0,0,0
1,ACEH,3,KAB. ACEH TIMUR,51,Sungai Raya,14,10,12,8,0,0,0,0,0,0,0,0,0,0
1,ACEH,10,KAB. ACEH UTARA,147,Baktiya,57,57,57,45,0,1,11000,0,1,1,0,0,0,0
1,ACEH,10,KAB. ACEH UTARA,164,Baktiya Barat,26,25,26,23,0,0,0,0,0,0,0,0,0,0
1,ACEH,10,KAB. ACEH UTARA,170,Banda Baro,9,9,9,9,0,0,0,0,0,0,0,0,0,0
1,ACEH,10,KAB. ACEH UTARA,162,Cot Girek,24,24,24,22,0,0,0,400000,20,20,370000,20,37,770000
1,ACEH,10,KAB. ACEH UTARA,148,Dewantara,15,15,15,14,0,0,0,2600000,26,26,120000,5,24,2720000
1,ACEH,10,KAB. ACEH UTARA,169,Geureudong Pase,11,10,11,4,0,0,0,100000,20,20,0,0,0,100000
1,ACEH,10,KAB. ACEH UTARA,149,Kuta Makmur,39,37,39,27,0,0,0,300000,5,5,20000,1,1,320000
1,ACEH,10,KAB. ACEH UTARA,163,Langkahan,23,22,23,15,0,0,0,0,0,0,0,0,0,0
1,ACEH,10,KAB. ACEH UTARA,167,Lapang,11,9,11,7,0,0,0,0,0,0,0,0,0,0
1,ACEH,10,KAB. ACEH UTARA,150,Lhoksukon,75,75,75,18,0,0,0,0,0,0,0,0,0,0
1,ACEH,10,KAB. ACEH UTARA,151,Matangkuli,49,49,49,23,0,0,0,0,0,0,0,0,0,0
1,ACEH,10,KAB. ACEH UTARA,153,Meurah Mulia,50,49,50,31,0,0,0,187000,1,1,60000,3,3,247000
1,ACEH,10,KAB. ACEH UTARA,152,Muara Batu,24,22,24,18,0,0,0,0,0,0,0,0,0,0
1,ACEH,10,KAB. ACEH UTARA,166,Nibong,20,17,20,6,0,0,0,0,0,0,0,0,0,0
1,ACEH,10,KAB. ACEH UTARA,161,Nisam,29,29,29,24,0,0,0,8100000,81,81,2130000,71,213,10230000
1,ACEH,10,KAB. ACEH UTARA,6645,Nisam Antara,6,6,6,6,0,2,42000,1300000,5,5,310000,20,29,1610000
1,ACEH,10,KAB. ACEH UTARA,165,Paya Bakong,39,39,39,31,0,0,0,0,0,0,0,0,0,0
1,ACEH,10,KAB. ACEH UTARA,168,Pirak Timu,23,22,23,11,0,0,0,0,0,0,0,0,0,0
1,ACEH,10,KAB. ACEH UTARA,154,Samudera,40,40,40,33,0,0,0,4520000,59,59,470000,35,83,4990000
1,ACEH,10,KAB. ACEH UTARA,160,Sawang,39,39,39,25,0,0,0,39450000,198,198,455000,23,25,39905000
1,ACEH,10,KAB. ACEH UTARA,155,Seunuddon,33,33,33,30,0,0,0,7600000,76,76,3800000,76,760,11400000
1,ACEH,10,KAB. ACEH UTARA,6644,Simpang Keuramat,16,16,16,12,0,0,0,0,0,0,0,0,0,0
1,ACEH,10,KAB. ACEH UTARA,156,Syamtalira Aron,34,34,34,29,0,0,0,1100000,11,11,180000,9,9,1280000
1,ACEH,10,KAB. ACEH UTARA,157,Syamtalira Bayu,38,36,38,27,0,0,0,2800000,28,28,0,0,0,2800000
1,ACEH,10,KAB. ACEH UTARA,6643,Tanah Jambo Aye,47,47,47,32,0,0,0,100000,2,2,90000,2,9,190000
1,ACEH,10,KAB. ACEH UTARA,158,Tanah Luas,57,55,57,39,0,0,0,900000,9,9,0,0,0,900000
1,ACEH,10,KAB. ACEH UTARA,159,Tanah Pasir,18,18,18,9,0,0,0,600000,12,12,50000,1,1,650000
1,ACEH,17,KAB. BENER MERIAH,235,Bandar,36,31,36,13,0,0,0,0,0,0,0,0,0,0
1,ACEH,17,KAB. BENER MERIAH,239,Bener Kelipah,13,13,13,10,0,0,0,4750000,95,95,10870000,95,1087,15620000
1,ACEH,17,KAB. BENER MERIAH,236,Bukit,41,40,41,21,0,0,0,0,0,0,0,0,0,0
1,ACEH,17,KAB. BENER MERIAH,241,Gajah Putih,10,10,10,6,0,0,0,0,0,0,0,0,0,0
1,ACEH,17,KAB. BENER MERIAH,240,Mesidah,15,14,15,8,0,0,0,0,0,0,0,0,0,0
1,ACEH,17,KAB. BENER MERIAH,233,Permata,27,27,27,14,0,0,0,0,0,0,0,0,0,0
1,ACEH,17,KAB. BENER MERIAH,232,Pintu Rime Gayo,23,21,23,4,0,0,0,420000,21,21,0,0,0,420000
1,ACEH,17,KAB. BENER MERIAH,234,Syiah Utama,13,12,13,3,0,0,0,0,0,0,0,0,0,0
1,ACEH,17,KAB. BENER MERIAH,238,Timang gajah,29,27,29,12,0,0,0,0,0,0,0,0,0,0
1,ACEH,17,KAB. BENER MERIAH,237,Wih Pesam,26,26,26,16,0,0,0,0,0,0,0,0,0,0
1,ACEH,11,KAB. BIREUEN,177,Gandapura,40,39,40,40,0,0,0,2900000,57,57,1665000,68,333,4565000
1,ACEH,11,KAB. BIREUEN,180,Jangka,46,46,46,39,0,0,0,0,0,0,0,0,0,0
1,ACEH,11,KAB. BIREUEN,174,Jeumpa,42,42,42,34,0,153180,279052960,50000,1,1,10000,1,1,60000
1,ACEH,11,KAB. BIREUEN,172,Jeunieb,43,43,43,31,0,0,0,100000,1,1,5000,1,1,105000
1,ACEH,11,KAB. BIREUEN,179,Juli,36,36,36,25,0,0,0,0,0,0,0,0,0,0
1,ACEH,11,KAB. BIREUEN,183,Kota Juang,23,23,23,20,0,0,0,0,0,0,0,0,0,0
1,ACEH,11,KAB. BIREUEN,184,Kuala,20,20,20,19,0,0,0,5700000,35,35,490000,7,25,6190000
1,ACEH,11,KAB. BIREUEN,187,Kuta Blang,41,40,41,36,0,0,0,5800000,29,29,1420000,28,284,7220000
1,ACEH,11,KAB. BIREUEN,176,Makmur,27,27,27,25,0,0,0,0,0,0,0,0,0,0
1,ACEH,11,KAB. BIREUEN,178,Pandrah,19,19,19,16,0,0,0,0,0,0,0,0,0,0
1,ACEH,11,KAB. BIREUEN,173,Peudada,52,52,52,45,0,0,0,50000,1,1,0,0,0,50000
1,ACEH,11,KAB. BIREUEN,182,Peulimbang,22,22,22,22,0,0,0,150000,2,2,60000,2,2,210000
1,ACEH,11,KAB. BIREUEN,175,Peusangan,69,69,69,66,0,0,0,3500000,51,51,280000,34,52,3780000
1,ACEH,11,KAB. BIREUEN,186,Peusangan Selatan,22,21,22,18,0,0,0,0,0,0,0,0,0,0
1,ACEH,11,KAB. BIREUEN,185,Peusangan Siblah Krueng,21,21,21,21,0,0,0,0,0,0,0,0,0,0
1,ACEH,11,KAB. BIREUEN,171,Samalanga,46,46,46,45,0,0,0,3100000,31,31,150000,1,2,3250000
1,ACEH,11,KAB. BIREUEN,181,Simpang Mamplam,41,41,41,39,0,0,0,0,0,0,0,0,0,0
1,ACEH,13,KAB. GAYO LUES,203,Blangjerango,10,10,10,10,0,0,0,0,0,0,0,0,0,0
1,ACEH,13,KAB. GAYO LUES,197,Blangkejeren,20,18,20,17,0,0,0,0,0,0,0,0,0,0
1,ACEH,13,KAB. GAYO LUES,201,Blangpegayon,12,12,12,10,0,0,0,100000,1,1,0,0,0,100000
1,ACEH,13,KAB. GAYO LUES,202,Dabun Gelang,9,6,9,2,0,0,0,0,0,0,0,0,0,0
1,ACEH,13,KAB. GAYO LUES,198,Kutapanjang,12,11,12,11,0,0,0,0,0,0,0,0,0,0
1,ACEH,13,KAB. GAYO LUES,204,Pantan Cuaca,9,9,9,9,0,0,0,0,0,0,0,0,0,0
1,ACEH,13,KAB. GAYO LUES,200,Pining,9,9,9,3,0,0,0,0,0,0,0,0,0,0
1,ACEH,13,KAB. GAYO LUES,6647,Puteri Betung,9,9,9,8,0,0,0,0,0,0,0,0,0,0
1,ACEH,13,KAB. GAYO LUES,199,Rikit Gaib,13,13,13,10,0,0,0,0,0,0,0,0,0,0
1,ACEH,13,KAB. GAYO LUES,6646,Terangun,23,22,23,17,0,0,0,0,0,0,0,0,0,0
1,ACEH,13,KAB. GAYO LUES,6648,Teripe Jaya,10,10,10,5,0,0,0,0,0,0,0,0,0,0
1,ACEH,15,KAB. NAGAN RAYA,215,Beutong,24,22,24,16,0,0,0,0,0,0,0,0,0,0
1,ACEH,15,KAB. NAGAN RAYA,6651,Beutong Ateuh Banggalang,4,3,4,3,0,0,0,0,0,0,0,0,0,0
1,ACEH,15,KAB. NAGAN RAYA,216,Darul Makmur,40,40,40,32,0,0,0,450000,9,9,0,0,0,450000
1,ACEH,15,KAB. NAGAN RAYA,212,Kuala,17,17,17,14,0,0,0,0,0,0,0,0,0,0
1,ACEH,15,KAB. NAGAN RAYA,218,Kuala Pesisir,16,16,16,16,0,0,0,2000000,20,20,520000,20,26,2520000
1,ACEH,15,KAB. NAGAN RAYA,213,Seunagan,35,32,35,18,0,0,0,450000,9,9,85000,8,8,535000
1,ACEH,15,KAB. NAGAN RAYA,214,Seunagan Timur,34,32,34,16,0,0,0,0,0,0,0,0,0,0
1,ACEH,15,KAB. NAGAN RAYA,217,Suka Makmue,19,19,19,11,0,0,0,100000,1,1,5000,1,1,105000
1,ACEH,15,KAB. NAGAN RAYA,219,Tadu Raya,22,22,22,18,0,0,0,950000,19,19,1150000,19,115,2100000
1,ACEH,15,KAB. NAGAN RAYA,220,Tripa Makmur,11,11,11,5,0,0,0,0,0,0,0,0,0,0
1,ACEH,9,KAB. PIDIE,125,Batee,28,27,28,15,0,0,0,0,0,0,0,0,0,0
1,ACEH,9,KAB. PIDIE,126,Delima,45,42,45,28,0,0,0,0,0,0,0,0,0,0
1,ACEH,9,KAB. PIDIE,127,Geumpang,5,5,5,0,0,0,0,0,0,0,0,0,0,0
1,ACEH,9,KAB. PIDIE,145,Glumpang Baro,21,21,21,4,0,0,0,0,0,0,0,0,0,0
1,ACEH,9,KAB. PIDIE,128,Glumpang Tiga,37,35,37,10,0,0,0,800000,8,8,1040000,8,48,1840000
1,ACEH,9,KAB. PIDIE,143,Grong-grong,26,15,25,9,0,0,0,0,0,0,0,0,0,0
1,ACEH,9,KAB. PIDIE,129,Indrajaya,50,49,50,17,0,0,0,1770400,56,56,150000,15,15,1920400
1,ACEH,9,KAB. PIDIE,130,Kembang Tanjong,46,44,46,15,0,0,0,0,0,0,0,0,0,0
1,ACEH,9,KAB. PIDIE,141,Keumala,19,19,19,12,0,0,0,0,0,0,0,0,0,0
1,ACEH,9,KAB. PIDIE,131,Kota Sigli,15,15,15,12,0,0,0,0,0,0,0,0,0,0
1,ACEH,9,KAB. PIDIE,144,Mane,4,4,4,0,0,0,0,0,0,0,0,0,0,0
1,ACEH,9,KAB. PIDIE,132,Mila,20,20,20,15,0,0,0,4471800,126,126,2795020,82,649,7266820
1,ACEH,9,KAB. PIDIE,133,Muara Tiga,18,18,18,10,0,0,0,0,0,0,0,0,0,0
1,ACEH,9,KAB. PIDIE,134,Mutiara,29,29,29,10,0,0,0,0,0,0,0,0,0,0
1,ACEH,9,KAB. PIDIE,142,Mutiara Timur,48,48,48,22,0,0,0,0,0,0,0,0,0,0
1,ACEH,9,KAB. PIDIE,135,Padang Tiji,64,64,64,22,0,0,0,4740000,98,98,250000,23,40,4990000
1,ACEH,9,KAB. PIDIE,136,Peukan Baro,48,48,48,28,0,0,0,500000,10,10,100000,10,10,600000
1,ACEH,9,KAB. PIDIE,137,Pidie,66,64,66,27,0,0,0,400000,8,8,0,0,0,400000
1,ACEH,9,KAB. PIDIE,138,Sakti,49,49,49,27,0,0,0,2550000,41,41,580000,27,30,3130000
1,ACEH,9,KAB. PIDIE,139,Simpang Tiga,52,52,52,33,0,0,0,50000,1,1,20000,1,1,70000
1,ACEH,9,KAB. PIDIE,140,Tangse,28,28,28,12,0,0,0,40000,1,1,0,0,0,40000
1,ACEH,9,KAB. PIDIE,6642,Tiro/Truseb,20,19,20,8,0,0,0,0,0,0,0,0,0,0
1,ACEH,9,KAB. PIDIE,146,Titeue,13,13,13,12,0,0,0,0,0,0,0,0,0,0
1,ACEH,18,KAB. PIDIE JAYA,247,Bandar Baru,43,43,43,37,0,0,0,0,0,0,0,0,0,0
1,ACEH,18,KAB. PIDIE JAYA,245,Bandar Dua,45,45,45,40,0,0,0,50000,1,1,0,0,0,50000
1,ACEH,18,KAB. PIDIE JAYA,244,Jangka Buya,18,18,18,17,0,0,0,0,0,0,0,0,0,0
1,ACEH,18,KAB. PIDIE JAYA,246,Meurah Dua,19,19,19,19,0,0,0,0,0,0,0,0,0,0
1,ACEH,18,KAB. PIDIE JAYA,242,Meureudu,30,30,30,27,0,0,0,0,0,0,0,0,0,0
1,ACEH,18,KAB. PIDIE JAYA,248,Panteraja,10,10,10,9,0,0,0,0,0,0,0,0,0,0
1,ACEH,18,KAB. PIDIE JAYA,249,Trienggadeng,27,27,27,25,0,0,0,0,0,0,0,0,0,0
1,ACEH,18,KAB. PIDIE JAYA,243,Ulim,30,30,30,22,0,0,0,0,0,0,0,0,0,0
1,ACEH,7,KAB. SIMEULUE,100,Alafan,8,8,8,6,0,0,0,50000,1,1,0,0,0,50000
1,ACEH,7,KAB. SIMEULUE,94,Salang,16,16,16,15,0,0,0,0,0,0,0,0,0,0
1,ACEH,7,KAB. SIMEULUE,98,Simeulue Barat,14,14,14,8,0,0,0,1200000,4,4,15000,3,3,1215000
1,ACEH,7,KAB. SIMEULUE,102,Simeulue Cut,8,8,8,7,0,0,0,0,0,0,0,0,0,0
1,ACEH,7,KAB. SIMEULUE,93,Simeulue Tengah,16,16,16,14,0,0,0,25000,1,1,0,0,0,25000
1,ACEH,7,KAB. SIMEULUE,96,Simeulue Timur,17,17,17,15,0,0,0,13500000,122,122,1200000,78,92,14700000
1,ACEH,7,KAB. SIMEULUE,97,Teluk Dalam,10,10,10,10,0,0,0,0,0,0,0,0,0,0
1,ACEH,7,KAB. SIMEULUE,95,Teupah Barat,18,18,18,11,0,0,0,0,0,0,0,0,0,0
1,ACEH,7,KAB. SIMEULUE,99,Teupah Selatan,19,19,19,19,0,0,0,200000,2,2,5000,1,1,205000
1,ACEH,7,KAB. SIMEULUE,101,Teupah Tengah,12,12,12,8,0,0,0,0,0,0,0,0,0,0
1,ACEH,19,KOTA BANDA ACEH,250,Baiturrahman,10,10,10,6,0,0,0,900000,18,18,800000,40,80,1700000
1,ACEH,19,KOTA BANDA ACEH,256,Banda Raya,10,10,10,4,0,0,0,0,0,0,0,0,0,0
1,ACEH,19,KOTA BANDA ACEH,6653,Jaya Baru,9,9,9,5,0,0,0,100000,2,2,0,0,0,100000
1,ACEH,19,KOTA BANDA ACEH,251,Kuta Alam,11,11,11,11,0,155,815045,5900000,91,91,530000,67,67,6430000
1,ACEH,19,KOTA BANDA ACEH,255,Kuta Raja,6,6,6,2,0,0,0,0,0,0,0,0,0,0
1,ACEH,19,KOTA BANDA ACEH,254,Lueng Bata,9,9,9,9,0,0,0,4000000,20,20,1880000,18,94,5880000
1,ACEH,19,KOTA BANDA ACEH,252,Meuraxa,16,16,16,5,0,0,0,2300000,23,23,0,0,0,2300000
1,ACEH,19,KOTA BANDA ACEH,253,Syiah Kuala,10,10,10,4,0,0,0,1000000,10,10,0,0,0,1000000
1,ACEH,19,KOTA BANDA ACEH,257,Ulee Kareng,9,5,9,6,0,0,0,1900000,19,19,810000,19,81,2710000
1,ACEH,22,KOTA LANGSA,6658,Langsa Barat,13,13,13,13,0,0,0,3175000,46,46,100000,5,5,3275000
1,ACEH,22,KOTA LANGSA,6659,Langsa Baro,12,12,12,12,0,820,47560000,5280000,104,104,1995000,65,178,7275000
1,ACEH,22,KOTA LANGSA,262,Langsa Kota,10,10,10,10,0,0,0,1920000,46,46,530000,21,45,2450000
1,ACEH,22,KOTA LANGSA,263,Langsa Lama,15,15,15,15,0,2282,126723000,8250000,165,165,3010000,169,301,11260000
1,ACEH,22,KOTA LANGSA,6657,Langsa Timur,16,16,16,16,0,0,0,2600000,58,58,80000,8,8,2680000
1,ACEH,21,KOTA LHOKSEUMAWE,260,Banda Sakti,18,18,18,17,0,0,0,0,0,0,0,0,0,0
1,ACEH,21,KOTA LHOKSEUMAWE,6656,Blang Mangat,22,22,22,11,0,0,0,0,0,0,0,0,0,0
1,ACEH,21,KOTA LHOKSEUMAWE,6655,Muara Dua,17,17,17,15,0,0,0,5000,1,1,0,0,0,5000
1,ACEH,21,KOTA LHOKSEUMAWE,261,Muara Satu,11,11,11,11,0,0,0,475000,19,19,825000,19,165,1300000
1,ACEH,20,KOTA SABANG,259,Sukajaya,7,7,7,7,0,0,0,7650000,153,153,7720000,146,451,15370000
1,ACEH,20,KOTA SABANG,258,Sukakarya,5,5,5,5,0,0,0,1350000,27,27,45000,3,3,1395000
1,ACEH,20,KOTA SABANG,6654,Sukamakmue,6,6,6,6,0,0,0,9200000,184,184,4740000,184,315,13940000
1,ACEH,23,KOTA SUBULUSSALAM,268,Longkib,10,9,10,10,0,0,0,3270000,39,39,680000,7,34,3950000
1,ACEH,23,KOTA SUBULUSSALAM,265,Penanggalan,13,13,13,13,0,0,0,10000,1,1,0,0,0,10000
1,ACEH,23,KOTA SUBULUSSALAM,266,Rundeng,23,23,23,22,0,0,0,2450000,49,49,2940000,49,294,5390000
1,ACEH,23,KOTA SUBULUSSALAM,264,Simpang Kiri,17,17,17,15,0,0,0,2600000,52,52,540000,51,54,3140000
1,ACEH,23,KOTA SUBULUSSALAM,267,Sultan Daulat,19,15,19,17,0,0,0,0,0,0,0,0,0,0
17,BALI,269,KAB. BADUNG,3864,Abiansemal,18,18,18,14,0,57850,105218000,50000,1,1,0,0,0,50000
17,BALI,269,KAB. BADUNG,3862,Kuta,5,5,5,3,0,0,0,0,0,0,0,0,0,0
17,BALI,269,KAB. BADUNG,3866,Kuta Selatan,6,6,6,5,0,0,0,19300000,41,41,2060000,41,53,21360000
17,BALI,269,KAB. BADUNG,3867,Kuta Utara,7,6,6,5,0,0,0,100000,3,3,10000,1,2,110000
17,BALI,269,KAB. BADUNG,3863,Mengwi,21,21,21,9,0,91,1513500,7900000,79,79,1360000,56,136,9260000
17,BALI,269,KAB. BADUNG,3865,Petang,7,7,7,3,0,0,0,0,0,0,0,0,0,0
17,BALI,272,KAB. BANGLI,3880,Bangli,9,9,9,6,0,0,0,11150000,223,223,14930000,223,1493,26080000
17,BALI,272,KAB. BANGLI,3882,Kintamani,48,48,48,22,0,0,0,102080000,588,588,13760000,577,912,115840000
17,BALI,272,KAB. BANGLI,3879,Susut,9,9,9,6,0,0,0,63900000,764,764,7430000,764,764,71330000
17,BALI,272,KAB. BANGLI,3881,Tembuku,6,6,6,3,0,0,0,24100000,241,241,15290000,239,637,39390000
17,BALI,274,KAB. BULELENG,3894,Banjar,17,17,17,11,0,0,0,3350000,67,67,2095000,65,384,5445000
17,BALI,274,KAB. BULELENG,3896,Buleleng,29,29,29,23,0,0,0,9000000,115,115,3390000,82,336,12390000
17,BALI,274,KAB. BULELENG,3893,Busungbiu,15,15,15,9,0,0,0,3600000,36,36,1360000,35,136,4960000
17,BALI,274,KAB. BULELENG,3891,Gerokgak,14,14,14,6,0,0,0,0,0,0,0,0,0,0
17,BALI,274,KAB. BULELENG,3898,Kubutambahan,13,13,13,10,0,0,0,8500000,85,85,850000,85,85,9350000
17,BALI,274,KAB. BULELENG,3897,Sawan,14,14,14,7,0,0,0,4300000,43,43,3980000,43,398,8280000
17,BALI,274,KAB. BULELENG,3892,Seririt,21,21,21,16,0,1,19000,37280000,685,685,11585000,462,1204,48865000
17,BALI,274,KAB. BULELENG,3895,Sukasada,15,15,15,10,0,436,7890000,18685000,319,320,19540000,304,1954,38225000
17,BALI,274,KAB. BULELENG,3899,Tejakula,10,10,9,4,0,0,0,0,0,0,0,0,0,0
17,BALI,270,KAB. GIANYAR,3869,Blahbatuh,9,9,9,2,0,0,0,100000,1,1,0,0,0,100000
17,BALI,270,KAB. GIANYAR,3870,Gianyar,17,17,17,5,0,0,0,1100000,11,11,0,0,0,1100000
17,BALI,270,KAB. GIANYAR,3874,Payangan,9,9,9,1,0,0,0,28620000,190,190,2070000,154,414,30690000
17,BALI,270,KAB. GIANYAR,3868,Sukawati,12,12,12,9,0,0,0,0,0,0,0,0,0,0
17,BALI,270,KAB. GIANYAR,3871,Tampaksiring,8,8,8,1,0,0,0,0,0,0,0,0,0,0
17,BALI,270,KAB. GIANYAR,3873,Tegallalang,7,7,7,0,0,0,0,0,0,0,0,0,0,0
17,BALI,270,KAB. GIANYAR,3872,Ubud,8,8,8,1,0,0,0,0,0,0,0,0,0,0
17,BALI,267,KAB. JEMBRANA,3851,Jembrana,10,10,10,10,0,0,0,0,0,0,0,0,0,0
17,BALI,267,KAB. JEMBRANA,3850,Melaya,10,10,10,10,0,10050,26322000,10500000,210,210,3720000,79,684,14220000
17,BALI,267,KAB. JEMBRANA,3848,Mendoyo,11,11,11,11,0,0,0,0,0,0,0,0,0,0
17,BALI,267,KAB. JEMBRANA,3847,Negara,12,12,12,11,0,76450,139048000,0,0,0,0,0,0,0
17,BALI,267,KAB. JEMBRANA,3849,Pekutatan,8,8,8,8,0,0,0,5100000,102,102,235000,22,47,5335000
17,BALI,273,KAB. KARANGASEM,3887,Abang,14,14,14,5,0,0,0,29200000,123,123,4000000,72,400,33200000
17,BALI,273,KAB. KARANGASEM,3888,Bebandem,8,8,8,4,0,0,0,16400000,82,82,1070000,82,107,17470000
17,BALI,273,KAB. KARANGASEM,3886,Karangasem,11,11,11,7,0,0,0,500000,1,1,0,0,0,500000
17,BALI,273,KAB. KARANGASEM,3890,Kubu,9,9,9,4,0,0,0,0,0,0,0,0,0,0
17,BALI,273,KAB. KARANGASEM,3885,Manggis,12,12,12,8,0,0,0,41100000,66,66,7365000,63,63,48465000
17,BALI,273,KAB. KARANGASEM,3883,Rendang,6,6,6,5,0,0,0,15000000,50,50,5500000,50,450,20500000
17,BALI,273,KAB. KARANGASEM,3889,Selat,8,8,8,8,0,0,0,35410000,261,261,6620000,125,662,42030000
17,BALI,273,KAB. KARANGASEM,3884,Sidemen,10,10,10,9,0,0,0,0,0,0,0,0,0,0
17,BALI,271,KAB. KLUNGKUNG,3876,Banjarangkan,13,13,13,11,0,0,0,0,0,0,0,0,0,0
17,BALI,271,KAB. KLUNGKUNG,3878,Dawan,12,12,12,10,0,48,90000,15050000,198,198,14560000,195,1402,29610000
17,BALI,271,KAB. KLUNGKUNG,3877,Klungkung,18,18,18,12,0,0,0,705000,30,30,140000,28,28,845000
17,BALI,271,KAB. KLUNGKUNG,3875,Nusa Penida,16,16,16,7,0,0,0,0,0,0,0,0,0,0
17,BALI,268,KAB. TABANAN,3860,Baturiti,12,12,12,11,0,73870,136838000,5750000,51,51,1610000,29,161,7360000
17,BALI,268,KAB. TABANAN,3857,Kediri,15,15,15,15,0,0,0,8650000,129,129,1040000,103,104,9690000
17,BALI,268,KAB. TABANAN,3855,Kerambitan,15,15,15,13,0,0,0,17960000,198,198,6490000,121,475,24450000
17,BALI,268,KAB. TABANAN,3858,Marga,16,16,16,16,0,0,0,32390000,686,686,20660000,593,2806,53050000
17,BALI,268,KAB. TABANAN,3859,Penebel,18,18,18,16,0,0,0,5900000,67,67,3920000,57,592,9820000
17,BALI,268,KAB. TABANAN,3861,Pupuan,14,14,14,12,0,0,0,4600000,92,92,3460000,92,647,8060000
17,BALI,268,KAB. TABANAN,3852,Selemadeg,10,10,10,10,0,77,7062000,18360000,387,387,15541000,335,2717,33901000
17,BALI,268,KAB. TABANAN,3854,Selemadeg Barat,11,11,11,8,0,10370,355885000,6225000,71,71,960000,7,8,7185000
17,BALI,268,KAB. TABANAN,3853,Selemadeg Timur,10,10,10,10,0,41168,75012040,14800000,74,74,6375000,74,255,21175000
17,BALI,268,KAB. TABANAN,3856,Tabanan,12,12,12,12,0,57,2154000,9950000,199,199,10980000,173,1102,20930000
17,BALI,275,KOTA DENPASAR,3902,Denpasar Barat,11,11,11,11,0,23160,448420267,239800000,1079,1079,70355000,717,2573,310155000
17,BALI,275,KOTA DENPASAR,3900,Denpasar Selatan,10,10,10,10,0,0,0,0,0,0,0,0,0,0
17,BALI,275,KOTA DENPASAR,3901,Denpasar Timur,11,11,11,11,0,1073,21591755,39400000,217,217,18200000,243,1260,57600000
17,BALI,275,KOTA DENPASAR,3903,Denpasar Utara,11,11,11,11,0,0,0,30500000,305,305,18890000,296,1889,49390000
16,BANTEN,260,KAB. LEBAK,3737,Banjarsari,20,20,20,15,0,969,19942600,3880000,76,76,655000,51,108,4535000
16,BANTEN,260,KAB. LEBAK,3731,Bayah,11,11,11,10,0,10,450000,3400000,68,68,4975000,55,199,8375000
16,BANTEN,260,KAB. LEBAK,3735,Bojongmanik,9,9,9,8,0,0,0,15000,1,1,0,0,0,15000
16,BANTEN,260,KAB. LEBAK,3746,Cibadak,16,15,15,13,0,0,0,2200000,44,44,870000,38,87,3070000
16,BANTEN,260,KAB. LEBAK,3747,Cibeber,22,22,22,22,0,0,0,2290000,104,104,3670000,99,347,5960000
16,BANTEN,260,KAB. LEBAK,6902,Cigemblong,9,9,9,8,0,0,0,15000,1,1,0,0,0,15000
16,BANTEN,260,KAB. LEBAK,3754,Cihara,9,9,9,9,0,336,6583700,5200000,104,104,8240000,101,412,13440000
16,BANTEN,260,KAB. LEBAK,3744,Cijaku,10,10,10,10,0,0,0,860000,43,43,1020000,43,102,1880000
16,BANTEN,260,KAB. LEBAK,3745,Cikulur,13,13,13,10,0,17859,260556300,500000,25,25,630000,30,68,1130000
16,BANTEN,260,KAB. LEBAK,3738,Cileles,12,12,12,10,0,0,0,200000,6,6,0,0,0,200000
16,BANTEN,260,KAB. LEBAK,3748,Cilograng,10,10,10,10,0,600,8700000,10245000,410,410,7450000,375,744,17695000
16,BANTEN,260,KAB. LEBAK,3739,Cimarga,17,17,17,15,0,1320,19140000,10910000,219,219,1475000,157,295,12385000
16,BANTEN,260,KAB. LEBAK,3732,Cipanas,14,14,14,12,0,0,0,3200000,65,65,0,0,0,3200000
16,BANTEN,260,KAB. LEBAK,3755,Cirinten,10,10,10,6,0,0,0,0,0,0,0,0,0,0
16,BANTEN,260,KAB. LEBAK,3751,Curugbitung,10,10,10,10,0,0,0,0,0,0,0,0,0,0
16,BANTEN,260,KAB. LEBAK,3736,Gunungkencana,12,12,12,10,0,0,0,0,0,0,0,0,0,0
16,BANTEN,260,KAB. LEBAK,3752,Kalanganyar,7,7,7,7,0,2400,34800000,360000,9,9,120000,6,6,480000
16,BANTEN,260,KAB. LEBAK,3753,Lebakgedong,6,6,6,6,0,0,0,0,0,0,0,0,0,0
16,BANTEN,260,KAB. LEBAK,3734,Leuwidamar,11,11,11,11,0,0,0,0,0,0,65000,3,13,65000
16,BANTEN,260,KAB. LEBAK,3741,Maja,14,14,14,14,0,4979,72369000,2850000,34,34,730000,37,37,3580000
16,BANTEN,260,KAB. LEBAK,3729,Malingping,14,14,14,14,0,0,0,390000,9,9,110000,6,7,500000
16,BANTEN,260,KAB. LEBAK,3733,Muncang,12,12,12,8,0,0,0,25000,1,1,0,0,0,25000
16,BANTEN,260,KAB. LEBAK,3730,Panggarangan,11,11,11,8,0,0,0,2250000,49,49,625000,35,35,2875000
16,BANTEN,260,KAB. LEBAK,3742,Rangkasbitung,16,16,16,15,0,480,6960000,8220000,209,209,2810000,169,272,11030000
16,BANTEN,260,KAB. LEBAK,3740,Sajira,15,15,15,14,0,244,3507000,4355000,153,153,2940000,152,232,7295000
16,BANTEN,260,KAB. LEBAK,3750,Sobang,10,10,10,9,0,0,0,120000,6,6,60000,6,6,180000
16,BANTEN,260,KAB. LEBAK,3749,Wanasalam,13,13,13,13,0,0,0,275000,16,16,195000,19,22,470000
16,BANTEN,260,KAB. LEBAK,3743,Warunggunung,12,12,12,9,0,240,3480000,120000,12,12,190000,12,19,310000
16,BANTEN,259,KAB. PANDEGLANG,3700,Angsana,9,9,9,3,0,0,0,0,0,0,0,0,0,0
16,BANTEN,259,KAB. PANDEGLANG,3713,Banjar,11,11,11,5,0,0,0,6750000,135,135,900000,90,90,7650000
16,BANTEN,259,KAB. PANDEGLANG,3703,Bojong,8,8,8,5,0,0,0,1075000,14,14,200000,10,10,1275000
16,BANTEN,259,KAB. PANDEGLANG,3715,Cadasari,11,10,11,7,0,0,0,19060000,191,191,2120000,136,212,21180000
16,BANTEN,259,KAB. PANDEGLANG,3721,Carita,10,10,10,7,0,1,3000,4500000,90,90,1530000,73,153,6030000
16,BANTEN,259,KAB. PANDEGLANG,3696,Cibaliung,9,9,9,2,0,0,0,0,0,0,0,0,0,0
16,BANTEN,259,KAB. PANDEGLANG,3720,Cibitung,10,10,10,3,0,0,0,0,0,0,0,0,0,0
16,BANTEN,259,KAB. PANDEGLANG,3698,Cigeulis,9,9,9,6,0,0,0,400000,8,8,0,0,0,400000
16,BANTEN,259,KAB. PANDEGLANG,3719,Cikedal,10,10,10,5,0,0,0,1100000,22,22,0,0,0,1100000
16,BANTEN,259,KAB. PANDEGLANG,3697,Cikeusik,14,14,14,11,0,0,0,0,0,0,0,0,0,0
16,BANTEN,259,KAB. PANDEGLANG,3695,Cimanggu,12,12,12,1,0,0,0,0,0,0,0,0,0,0
16,BANTEN,259,KAB. PANDEGLANG,3711,Cimanuk,11,11,11,5,0,0,0,2280000,85,85,540000,54,54,2820000
16,BANTEN,259,KAB. PANDEGLANG,3708,Cipeucang,10,9,10,7,0,0,0,1520000,29,29,30000,2,2,1550000
16,BANTEN,259,KAB. PANDEGLANG,3716,Cisata,9,9,9,9,0,5424,78883200,2000000000,2,2,200000,2,2,2000200000
16,BANTEN,259,KAB. PANDEGLANG,3709,Jiput,13,13,13,10,0,0,0,4600000,92,92,920000,92,92,5520000
16,BANTEN,259,KAB. PANDEGLANG,3712,Kaduhejo,10,10,10,8,0,1,35000,3260000,84,84,2720000,77,155,5980000
16,BANTEN,259,KAB. PANDEGLANG,3718,Karang Tanjung,4,4,4,4,0,0,0,10450000,196,196,5030000,196,242,15480000
16,BANTEN,259,KAB. PANDEGLANG,3726,Koroncong,12,12,12,12,0,0,0,2000000,40,40,2430000,46,244,4430000
16,BANTEN,259,KAB. PANDEGLANG,3705,Labuan,9,9,9,8,0,0,0,600000,6,6,150000,6,6,750000
16,BANTEN,259,KAB. PANDEGLANG,3727,Majasari,5,5,5,5,0,1,80000,36400000,515,515,20560000,475,1936,56960000
16,BANTEN,259,KAB. PANDEGLANG,3710,Mandalawangi,15,15,15,12,0,0,0,19750000,222,222,14540000,284,727,34290000
16,BANTEN,259,KAB. PANDEGLANG,3723,Mekarjaya,8,8,8,6,0,0,0,0,0,0,0,0,0,0
16,BANTEN,259,KAB. PANDEGLANG,3706,Menes,12,12,12,10,0,1812,26312400,3960000,110,110,2370000,102,209,6330000
16,BANTEN,259,KAB. PANDEGLANG,3701,Munjul,9,9,9,4,0,0,0,0,0,0,0,0,0,0
16,BANTEN,259,KAB. PANDEGLANG,3702,Pagelaran,13,13,13,7,0,1,250000,0,0,0,0,0,0,0
16,BANTEN,259,KAB. PANDEGLANG,3714,Pandeglang,4,4,4,4,0,0,0,9320000,190,190,2390000,185,238,11710000
16,BANTEN,259,KAB. PANDEGLANG,3699,Panimbang,6,6,6,5,0,0,0,10600000,106,106,4160000,104,199,14760000
16,BANTEN,259,KAB. PANDEGLANG,3717,Patia,10,10,10,5,0,0,0,0,0,0,0,0,0,0
16,BANTEN,259,KAB. PANDEGLANG,3704,Picung,9,8,9,3,0,0,0,125000,5,5,25000,1,1,150000
16,BANTEN,259,KAB. PANDEGLANG,3725,Pulosari,9,9,9,7,0,0,0,7700,77,77,1320,36,66,9020
16,BANTEN,259,KAB. PANDEGLANG,3707,Saketi,14,14,14,8,0,0,0,7250000,145,145,10720000,144,735,17970000
16,BANTEN,259,KAB. PANDEGLANG,3724,Sindangresmi,9,9,9,6,0,0,0,425000,5,5,100000,2,2,525000
16,BANTEN,259,KAB. PANDEGLANG,3728,Sobang,8,8,8,7,0,0,0,0,0,0,0,0,0,0
16,BANTEN,259,KAB. PANDEGLANG,3722,Sukaresmi,10,10,10,5,0,1,3000,1200000,12,12,240000,12,12,1440000
16,BANTEN,259,KAB. PANDEGLANG,3694,Sumur,7,7,7,4,0,0,0,0,0,0,0,0,0,0
16,BANTEN,262,KAB. SERANG,3808,Anyar,12,12,12,12,0,5281,76575700,13450000,369,369,8380000,302,870,21830000
16,BANTEN,262,KAB. SERANG,3812,Bandung,8,8,8,7,0,2098,29546000,2700000,54,54,100000,9,10,2800000
16,BANTEN,262,KAB. SERANG,3800,Baros,14,14,14,12,0,0,0,0,0,0,0,0,0,0
16,BANTEN,262,KAB. SERANG,3797,Binuang,7,7,7,7,0,10668,154686000,50000,1,1,0,0,0,50000
16,BANTEN,262,KAB. SERANG,3787,Bojonegara,11,11,11,10,0,1320,19140000,0,0,0,0,0,0,0
16,BANTEN,262,KAB. SERANG,3796,Carenang,8,8,8,8,0,0,0,0,0,0,0,0,0,0
16,BANTEN,262,KAB. SERANG,3794,Cikande,13,11,13,11,0,9792,141737400,5970000,174,174,3310000,216,294,9280000
16,BANTEN,262,KAB. SERANG,3801,Cikeusal,17,17,17,17,0,35460,514407000,0,0,0,20000,2,2,20000
16,BANTEN,262,KAB. SERANG,3809,Cinangka,14,14,14,14,0,0,0,1310000,27,27,45000,9,9,1355000
16,BANTEN,262,KAB. SERANG,3805,Ciomas,11,10,11,8,0,10320,149640000,2375000,87,87,1530000,71,126,3905000
16,BANTEN,262,KAB. SERANG,3789,Ciruas,15,15,15,14,0,17140,229280000,9480000,817,817,2935000,250,587,12415000
16,BANTEN,262,KAB. SERANG,3811,Gunungsari,7,6,7,6,0,0,0,50000,1,1,20000,1,1,70000
16,BANTEN,262,KAB. SERANG,3804,Jawilan,9,9,9,9,0,0,0,0,0,0,0,0,0,0
16,BANTEN,262,KAB. SERANG,3795,Kibin,9,9,9,8,0,0,0,1100000,22,22,130000,13,13,1230000
16,BANTEN,262,KAB. SERANG,3803,Kopo,10,10,10,9,0,0,0,100000,2,2,40000,2,2,140000
16,BANTEN,262,KAB. SERANG,3790,Kragilan,12,12,12,9,0,3956,59150000,4710000,106,106,760000,46,49,5470000
16,BANTEN,262,KAB. SERANG,3785,Kramatwatu,15,14,15,13,0,11263,160023500,400000,8,8,0,0,0,400000
16,BANTEN,262,KAB. SERANG,3813,Lebak Wangi,10,10,10,7,0,3375,48955500,100000,2,2,45000,6,9,145000
16,BANTEN,262,KAB. SERANG,3810,Mancak,14,14,14,11,0,8602,124741000,3360000,135,185,2550000,105,171,5910000
16,BANTEN,262,KAB. SERANG,3806,Pabuaran,8,8,8,7,0,9696,140592000,0,0,0,0,0,0,0
16,BANTEN,262,KAB. SERANG,3807,Padarincang,14,14,14,11,0,0,0,2620000,172,172,1730000,173,317,4350000
16,BANTEN,262,KAB. SERANG,3802,Pamarayan,10,10,10,10,0,0,0,100000,1,1,50000,1,1,150000
16,BANTEN,262,KAB. SERANG,3798,Petir,15,14,15,15,0,3504,50808000,0,0,0,20000,1,1,20000
16,BANTEN,262,KAB. SERANG,3791,Pontang,11,11,11,9,0,1224,17748000,0,0,0,0,0,0,0
16,BANTEN,262,KAB. SERANG,3788,Pulo Ampel,9,9,9,9,0,3600,52200000,0,0,0,0,0,0,0
16,BANTEN,262,KAB. SERANG,3793,Tanara,9,9,9,8,0,0,0,210000,14,14,10000,1,1,220000
16,BANTEN,262,KAB. SERANG,3792,Tirtayasa,14,14,14,11,0,778,12082000,6280000,512,512,4820000,341,933,11100000
16,BANTEN,262,KAB. SERANG,3799,Tunjung Teja,9,9,9,5,0,0,0,340000,17,17,490000,29,37,830000
16,BANTEN,262,KAB. SERANG,3786,Waringinkurung,11,11,11,7,0,720,10440000,3760000,252,252,5340000,201,534,9100000
16,BANTEN,261,KAB. TANGERANG,3756,Balaraja,9,9,9,9,0,14699,214246500,33950000,679,679,20485000,575,1266,54435000
16,BANTEN,261,KAB. TANGERANG,3773,Cikupa,14,14,14,14,0,7466,110340000,23050000,300,300,18785000,243,807,41835000
16,BANTEN,261,KAB. TANGERANG,3777,Cisauk,7,7,7,7,0,2608,38264800,7400000,74,74,1480000,74,146,8880000
16,BANTEN,261,KAB. TANGERANG,3760,Cisoka,10,10,10,10,0,6086,91064688,7185000,219,219,9215000,193,467,16400000
16,BANTEN,261,KAB. TANGERANG,3772,Curug,7,7,7,7,0,174,2257800,11000000,110,110,4040000,100,216,15040000
16,BANTEN,261,KAB. TANGERANG,3783,Gunung Kaler,9,9,9,9,0,7437,100985000,5275000,119,119,1740000,62,87,7015000
16,BANTEN,261,KAB. TANGERANG,3759,Jambe,10,10,10,10,0,3161,45784750,12695000,186,186,15220000,230,765,27915000
16,BANTEN,261,KAB. TANGERANG,3757,Jayanti,8,8,8,8,0,6,142000,380000,10,10,50000,4,4,430000
16,BANTEN,261,KAB. TANGERANG,3779,Kelapa Dua,6,6,6,6,0,12882,165214000,0,0,0,50000,2,2,50000
16,BANTEN,261,KAB. TANGERANG,3764,Kemiri,7,6,7,7,0,252,7565956,1420000,284,284,4810000,256,481,6230000
16,BANTEN,261,KAB. TANGERANG,3769,Kosambi,10,10,10,10,0,2406,34915000,3820000,77,77,1480000,70,71,5300000
16,BANTEN,261,KAB. TANGERANG,3761,Kresek,9,9,9,8,0,277,4946000,6630000,189,189,12500000,181,625,19130000
16,BANTEN,261,KAB. TANGERANG,3762,Kronjo,10,10,10,10,0,2467,35715700,6330000,301,301,6240000,299,624,12570000
16,BANTEN,261,KAB. TANGERANG,3775,Legok,11,11,11,11,0,6071,88704000,20550000,263,263,8540000,241,444,29090000
16,BANTEN,261,KAB. TANGERANG,3763,Mauk,12,12,12,12,0,4541,61810000,12945000,309,309,6210000,292,534,19155000
16,BANTEN,261,KAB. TANGERANG,3784,Mekar Baru,8,8,8,8,0,1200,17400000,1345000,59,59,610000,61,61,1955000
16,BANTEN,261,KAB. TANGERANG,3776,Pagedangan,11,11,11,11,0,3675,53591800,1250000,21,21,1100000,60,110,2350000
16,BANTEN,261,KAB. TANGERANG,3770,Pakuhaji,14,14,14,13,0,8527,126771100,7520000,197,197,4570000,143,192,12090000
16,BANTEN,261,KAB. TANGERANG,3774,Panongan,8,8,8,8,0,5984,81154000,12570000,419,419,140000,6,14,12710000
16,BANTEN,261,KAB. TANGERANG,3767,Pasar Kemis,9,9,9,8,0,6520,92136000,12230000,362,362,2860000,143,144,15090000
16,BANTEN,261,KAB. TANGERANG,3766,Rajeg,13,13,13,12,0,15439,226696500,25120000,413,413,14215000,400,1147,39335000
16,BANTEN,261,KAB. TANGERANG,3771,Sepatan,8,8,8,8,0,22678,332231800,12600000,151,151,4250000,74,170,16850000
16,BANTEN,261,KAB. TANGERANG,3781,Sepatan Timur,8,8,8,8,0,11714,165574000,410000,17,17,430000,18,18,840000
16,BANTEN,261,KAB. TANGERANG,3780,Sindang Jaya,7,7,7,7,0,630,9195000,1600000,32,32,420000,28,28,2020000
16,BANTEN,261,KAB. TANGERANG,3782,Solear,7,7,7,7,0,12189,203549134,46350000,342,343,13900000,256,623,60250000
16,BANTEN,261,KAB. TANGERANG,3765,Sukadiri,8,8,8,8,0,16136,200866000,150000,3,3,140000,7,7,290000
16,BANTEN,261,KAB. TANGERANG,3778,Sukamulya,8,8,8,8,0,3794,55371000,3875000,52,52,1650000,44,66,5525000
16,BANTEN,261,KAB. TANGERANG,3768,Teluknaga,13,13,13,12,0,7800,113100000,1850000,37,37,2240000,35,86,4090000
16,BANTEN,261,KAB. TANGERANG,3758,Tigaraksa,14,14,14,14,0,6277,90507000,21200000,299,299,13300000,235,665,34500000
16,BANTEN,264,KOTA CILEGON,3827,Cibeber,6,6,6,5,0,6000,87000000,1350000,27,27,800000,27,40,2150000
16,BANTEN,264,KOTA CILEGON,3828,Cilegon,5,5,5,5,0,0,0,0,0,0,0,0,0,0
16,BANTEN,264,KOTA CILEGON,3833,Citangkil,7,7,7,7,0,7929,114981600,4540000,78,79,2110000,78,207,6650000
16,BANTEN,264,KOTA CILEGON,3830,Ciwandan,6,6,6,6,0,9564,138678000,8000000,80,80,1520000,64,76,9520000
16,BANTEN,264,KOTA CILEGON,6903,Gerogol,4,4,4,4,0,363,5327000,4750000,42,42,1720000,25,86,6470000
16,BANTEN,264,KOTA CILEGON,3831,Jombang,5,5,5,5,0,2999,43628300,0,0,0,0,0,0,0
16,BANTEN,264,KOTA CILEGON,3829,Pulomerak,4,4,4,4,0,2685,38125000,2600000,26,26,4500000,29,54,7100000
16,BANTEN,264,KOTA CILEGON,3832,Purwakarta,6,6,6,6,0,3121,45585000,650000,13,13,230000,7,43,880000
16,BANTEN,265,KOTA SERANG,3838,Cipocok Jaya,8,8,8,8,0,12142,172808300,4270000,86,86,1800000,75,82,6070000
16,BANTEN,265,KOTA SERANG,3837,Curug,10,10,10,10,0,26374,383136800,5400000,112,112,2130000,106,214,7530000
16,BANTEN,265,KOTA SERANG,3835,Kasemen,10,10,10,10,0,10081,147243800,5045000,109,109,3970000,99,227,9015000
16,BANTEN,265,KOTA SERANG,3834,Serang,12,12,12,12,0,21861,340918700,21290000,805,805,20725000,623,2480,42015000
16,BANTEN,265,KOTA SERANG,3839,Taktakan,13,13,13,13,0,14782,206648000,0,0,0,0,0,0,0
16,BANTEN,265,KOTA SERANG,3836,Walantaka,14,14,14,14,0,9840,142680000,310000,7,7,70000,7,7,380000
16,BANTEN,263,KOTA TANGERANG,3816,Batuceper,7,7,7,6,0,1800,26100000,2850000,40,40,1580000,37,58,4430000
16,BANTEN,263,KOTA TANGERANG,3817,Benda,5,5,5,5,0,600,8700000,0,0,0,0,0,0,0
16,BANTEN,263,KOTA TANGERANG,3822,Cibodas,6,6,6,6,0,7440,121380000,2200000,34,34,4745000,33,147,6945000
16,BANTEN,263,KOTA TANGERANG,3819,Ciledug,8,8,8,8,0,0,0,0,0,0,0,0,0,0
16,BANTEN,263,KOTA TANGERANG,3818,Cipondoh,10,10,10,10,0,2,38000,8400000,84,84,18950000,83,718,27350000
16,BANTEN,263,KOTA TANGERANG,3815,Jatiuwung,6,6,6,6,0,0,0,0,0,0,0,0,0,0
16,BANTEN,263,KOTA TANGERANG,3825,Karang Tengah,7,7,7,7,0,0,0,0,0,0,0,0,0,0
16,BANTEN,263,KOTA TANGERANG,3820,Karawaci,16,16,16,16,0,3014,43962000,4200000,44,44,800000,10,40,5000000
16,BANTEN,263,KOTA TANGERANG,3826,Larangan,8,8,8,8,0,0,0,2900000,58,58,5800000,58,236,8700000
16,BANTEN,263,KOTA TANGERANG,3823,Neglasari,7,7,7,7,0,0,0,0,0,0,0,0,0,0
16,BANTEN,263,KOTA TANGERANG,3821,Periuk,5,5,5,5,0,2225,30775000,8100000,81,81,7000000,76,350,15100000
16,BANTEN,263,KOTA TANGERANG,3824,Pinang,11,11,11,11,0,0,0,500000,5,5,125000,5,5,625000
16,BANTEN,263,KOTA TANGERANG,3814,Tangerang,8,8,8,7,0,4810,76690000,1800000,36,36,0,0,0,1800000
16,BANTEN,266,KOTA TANGERANG SELATAN,3843,Ciputat,7,7,7,7,0,0,0,7400000,74,74,2650000,48,106,10050000
16,BANTEN,266,KOTA TANGERANG SELATAN,3844,Ciputat Timur,6,6,6,6,0,0,0,7200000,144,144,3060000,132,160,10260000
16,BANTEN,266,KOTA TANGERANG SELATAN,3845,Pamulang,8,8,8,8,0,60,1151000,2000000,40,40,1810000,39,147,3810000
16,BANTEN,266,KOTA TANGERANG SELATAN,3842,Pondok Aren,11,11,11,11,0,0,0,2470000,50,50,1360000,22,123,3830000
16,BANTEN,266,KOTA TANGERANG SELATAN,3840,Serpong,9,9,9,9,0,0,0,100000,2,2,120000,2,12,220000
16,BANTEN,266,KOTA TANGERANG SELATAN,3841,Serpong Utara,7,7,7,7,0,1200,17400000,0,0,0,0,0,0,0
16,BANTEN,266,KOTA TANGERANG SELATAN,3846,Setu,6,6,6,6,0,884,16947984,4400000,88,88,5150000,86,258,9550000
7,BENGKULU,115,KAB. BENGKULU SELATAN,1343,Air Nipis,10,10,10,9,0,0,0,0,0,0,0,0,0,0
7,BENGKULU,115,KAB. BENGKULU SELATAN,1345,Bunga Mas,10,10,10,10,0,0,0,0,0,0,0,0,0,0
7,BENGKULU,115,KAB. BENGKULU SELATAN,1336,Kedurang,18,18,18,14,0,0,0,1000000,20,20,300000,20,60,1300000
7,BENGKULU,115,KAB. BENGKULU SELATAN,1342,Kedurang Ilir,12,12,12,12,0,0,0,18380000,230,230,3655000,224,372,22035000
7,BENGKULU,115,KAB. BENGKULU SELATAN,1340,Kota Manna,11,11,11,11,0,0,0,1050000,21,21,210000,21,21,1260000
7,BENGKULU,115,KAB. BENGKULU SELATAN,1339,Manna,18,18,18,17,0,0,0,1250000,25,25,380000,38,38,1630000
7,BENGKULU,115,KAB. BENGKULU SELATAN,1346,Pasar Manna,9,9,9,9,0,0,0,825000,15,15,75000,15,15,900000
7,BENGKULU,115,KAB. BENGKULU SELATAN,1338,Pino,16,16,16,16,0,0,0,0,0,0,0,0,0,0
7,BENGKULU,115,KAB. BENGKULU SELATAN,1341,Pino Raya,21,21,21,21,0,0,0,7650000,129,129,4940580,141,564,12590580
7,BENGKULU,115,KAB. BENGKULU SELATAN,1337,Seginim,22,22,22,20,0,0,0,1000000,20,20,700000,20,140,1700000
7,BENGKULU,115,KAB. BENGKULU SELATAN,1344,Ulu Manna,8,8,8,7,0,0,0,0,0,0,0,0,0,0
7,BENGKULU,123,KAB. BENGKULU TENGAH,1448,Bang Haji,12,12,12,0,0,0,0,0,0,0,0,0,0,0
7,BENGKULU,123,KAB. BENGKULU TENGAH,1439,Karang Tinggi,14,14,14,4,0,0,0,0,0,0,0,0,0,0
7,BENGKULU,123,KAB. BENGKULU TENGAH,1445,Merigi Kelindang,13,13,13,3,0,0,0,0,0,0,0,0,0,0
7,BENGKULU,123,KAB. BENGKULU TENGAH,1446,Merigi Sakti,15,15,15,0,0,0,0,0,0,0,0,0,0,0
7,BENGKULU,123,KAB. BENGKULU TENGAH,1443,Pagar Jati,14,14,14,2,0,0,0,0,0,0,0,0,0,0
7,BENGKULU,123,KAB. BENGKULU TENGAH,1442,Pematang Tiga,13,13,13,0,0,0,0,0,0,0,0,0,0,0
7,BENGKULU,123,KAB. BENGKULU TENGAH,1441,Pondok Kelapa,17,17,17,6,0,0,0,0,0,0,0,0,0,0
7,BENGKULU,123,KAB. BENGKULU TENGAH,1447,Pondok Kubang,12,12,12,2,0,0,0,0,0,0,0,0,0,0
7,BENGKULU,123,KAB. BENGKULU TENGAH,6790,Semidang Lagan,11,11,11,8,0,0,0,1200000,24,24,490000,17,49,1690000
7,BENGKULU,123,KAB. BENGKULU TENGAH,1444,Taba Penanjung,13,13,13,9,0,0,0,0,0,0,0,0,0,0
7,BENGKULU,123,KAB. BENGKULU TENGAH,1440,Talang Empat,10,10,10,9,0,0,0,4200000,43,43,2035000,44,178,6235000
7,BENGKULU,117,KAB. BENGKULU UTARA,1370,Air Besi,15,15,15,12,0,0,0,0,0,0,0,0,0,0
7,BENGKULU,117,KAB. BENGKULU UTARA,1371,Air Napal,12,12,12,2,0,0,0,0,0,0,0,0,0,0
7,BENGKULU,117,KAB. BENGKULU UTARA,1373,Air Padang,10,10,10,6,0,0,0,0,0,0,0,0,0,0
7,BENGKULU,117,KAB. BENGKULU UTARA,1374,Arma Jaya,12,12,12,9,0,0,0,0,0,0,0,0,0,0
7,BENGKULU,117,KAB. BENGKULU UTARA,1366,Batik Nau,15,15,15,7,0,0,0,0,0,0,0,0,0,0
7,BENGKULU,117,KAB. BENGKULU UTARA,1361,Enggano,6,6,6,6,0,0,0,0,0,0,0,0,0,0
7,BENGKULU,117,KAB. BENGKULU UTARA,1363,Giri Mulya,6,6,6,5,0,0,0,1000000,20,20,1140000,19,19,2140000
7,BENGKULU,117,KAB. BENGKULU UTARA,1372,Hulu Palik,15,15,15,12,0,0,0,0,0,0,0,0,0,0
7,BENGKULU,117,KAB. BENGKULU UTARA,1362,Kerkap,18,18,18,17,0,0,0,2850000,19,19,190000,19,19,3040000
7,BENGKULU,117,KAB. BENGKULU UTARA,1367,Ketahun,11,11,11,8,0,0,0,0,0,0,0,0,0,0
7,BENGKULU,117,KAB. BENGKULU UTARA,6785,Kota Arga Makmur,16,16,16,14,0,0,0,125000,5,5,0,0,0,125000
7,BENGKULU,117,KAB. BENGKULU UTARA,1365,Lais,13,13,13,11,0,0,0,0,0,0,0,0,0,0
7,BENGKULU,117,KAB. BENGKULU UTARA,1378,Marga Sakti Sebelat,10,10,10,9,0,0,0,0,0,0,0,0,0,0
7,BENGKULU,117,KAB. BENGKULU UTARA,1368,Napal Putih,10,10,10,0,0,0,0,0,0,0,0,0,0,0
7,BENGKULU,117,KAB. BENGKULU UTARA,1364,Padang Jaya,12,12,12,11,0,48900,89138000,0,0,0,0,0,0,0
7,BENGKULU,117,KAB. BENGKULU UTARA,1377,Pinang Raya,10,10,10,6,0,0,0,0,0,0,0,0,0,0
7,BENGKULU,117,KAB. BENGKULU UTARA,1369,Putri Hijau,9,9,9,9,0,0,0,0,0,0,0,0,0,0
7,BENGKULU,117,KAB. BENGKULU UTARA,1375,Tanjung Agung Palik,9,9,9,7,0,0,0,0,0,0,0,0,0,0
7,BENGKULU,117,KAB. BENGKULU UTARA,1376,Ulok Kupai,10,10,10,9,0,0,0,0,0,0,0,0,0,0
7,BENGKULU,118,KAB. KAUR,1383,Kaur Selatan,19,19,19,13,0,0,0,0,0,0,0,0,0,0
7,BENGKULU,118,KAB. KAUR,1382,Kaur Tengah,9,9,9,0,0,0,0,0,0,0,0,0,0,0
7,BENGKULU,118,KAB. KAUR,1381,Kaur Utara,11,11,11,4,0,0,0,0,0,0,0,0,0,0
7,BENGKULU,118,KAB. KAUR,1386,Kelam Tengah,14,13,14,2,0,0,0,0,0,0,0,0,0,0
7,BENGKULU,118,KAB. KAUR,1379,Kinal,14,14,14,6,0,0,0,1100000,22,22,775000,23,31,1875000
7,BENGKULU,118,KAB. KAUR,1387,Luas,12,12,12,9,0,0,0,0,0,0,0,0,0,0
7,BENGKULU,118,KAB. KAUR,1390,Lungkang Kule,9,9,9,9,0,0,0,50000,1,1,10000,1,1,60000
7,BENGKULU,118,KAB. KAUR,1384,Maje,19,19,19,16,0,0,0,150000,3,3,5000,1,1,155000
7,BENGKULU,118,KAB. KAUR,1388,Muara Sahung,7,7,7,4,0,0,0,0,0,0,0,0,0,0
7,BENGKULU,118,KAB. KAUR,1385,Nasal,17,17,17,10,0,0,0,4300000,86,86,2815000,80,448,7115000
7,BENGKULU,118,KAB. KAUR,1391,Padang Guci Hilir,9,9,9,7,0,0,0,0,0,0,0,0,0,0
7,BENGKULU,118,KAB. KAUR,1392,Padang Guci Hulu,11,11,11,11,0,0,0,0,0,0,0,0,0,0
7,BENGKULU,118,KAB. KAUR,6786,Semidang Gumay,13,13,13,3,0,0,0,0,0,0,0,0,0,0
7,BENGKULU,118,KAB. KAUR,1380,Tanjung Kemuning,20,19,20,12,0,0,0,0,0,0,0,0,0,0
7,BENGKULU,118,KAB. KAUR,1389,Tetap,12,12,12,7,0,0,0,0,0,0,0,0,0,0
7,BENGKULU,122,KAB. KEPAHIANG,1432,Bermani Ilir,19,19,19,16,0,0,0,0,0,0,0,0,0,0
7,BENGKULU,122,KAB. KEPAHIANG,6789,Kebawetan,15,15,15,13,0,0,0,100000,1,1,0,0,0,100000
7,BENGKULU,122,KAB. KEPAHIANG,1435,Kepahiang,23,23,23,16,0,0,0,200000,2,2,120000,1,12,320000
7,BENGKULU,122,KAB. KEPAHIANG,1436,Merigi,8,8,8,5,0,0,0,0,0,0,0,0,0,0
7,BENGKULU,122,KAB. KEPAHIANG,1438,Muara Kemumu,8,8,8,5,0,0,0,0,0,0,0,0,0,0
7,BENGKULU,122,KAB. KEPAHIANG,1437,Seberang Musi,13,13,13,13,0,0,0,500000,5,5,10000,1,1,510000
7,BENGKULU,122,KAB. KEPAHIANG,1434,Tebat Karai,14,14,13,9,0,0,0,0,0,0,0,0,0,0
7,BENGKULU,122,KAB. KEPAHIANG,1433,Ujan Mas,17,17,17,11,0,0,0,0,0,0,0,0,0,0
7,BENGKULU,121,KAB. LEBONG,1429,Amen,10,10,10,2,0,0,0,0,0,0,0,0,0,0
7,BENGKULU,121,KAB. LEBONG,1427,Bingin Kuning,9,9,9,3,0,0,0,0,0,0,0,0,0,0
7,BENGKULU,121,KAB. LEBONG,1422,Lebong Atas,6,6,6,5,0,0,0,200000,2,2,0,0,0,200000
7,BENGKULU,121,KAB. LEBONG,1428,Lebong Sakti,9,9,9,3,0,0,0,0,0,0,0,0,0,0
7,BENGKULU,121,KAB. LEBONG,1424,Lebong Selatan,10,10,10,8,0,0,0,0,0,0,0,0,0,0
7,BENGKULU,121,KAB. LEBONG,1423,Lebong Tengah,11,11,11,6,0,0,0,0,0,0,0,0,0,0
7,BENGKULU,121,KAB. LEBONG,1421,Lebong Utara,12,12,12,4,0,0,0,7100000,142,142,9040000,92,564,16140000
7,BENGKULU,121,KAB. LEBONG,1431,Pinang Belapis,8,7,8,2,0,0,0,900000,9,9,90000,9,9,990000
7,BENGKULU,121,KAB. LEBONG,1425,Rimbo Pengadang,6,6,6,3,0,0,0,1450000,29,29,0,0,0,1450000
7,BENGKULU,121,KAB. LEBONG,1426,Topos,8,8,8,0,0,0,0,0,0,0,0,0,0,0
7,BENGKULU,121,KAB. LEBONG,6788,Tubei,8,8,8,4,0,0,0,650000,13,13,0,0,0,650000
7,BENGKULU,121,KAB. LEBONG,1430,Uram Jaya,7,7,7,5,0,0,0,0,0,0,0,0,0,0
7,BENGKULU,120,KAB. MUKOMUKO,1419,Air Dikit,7,7,7,6,0,0,0,0,0,0,0,0,0,0
7,BENGKULU,120,KAB. MUKOMUKO,1418,Air Manjunto,8,8,8,5,0,0,0,1400000,14,14,520000,13,26,1920000
7,BENGKULU,120,KAB. MUKOMUKO,1413,Air Rami,12,12,12,7,0,0,0,50000,1,1,0,0,0,50000
7,BENGKULU,120,KAB. MUKOMUKO,1411,Ipuh,15,15,15,11,0,0,0,1600000,31,31,690000,29,69,2290000
7,BENGKULU,120,KAB. MUKOMUKO,1408,Kota Mukomuko,9,9,9,7,0,0,0,0,0,0,0,0,0,0
7,BENGKULU,120,KAB. MUKOMUKO,1407,Lubuk Pinang,7,7,7,6,0,119335,217570880,0,0,0,0,0,0,0
7,BENGKULU,120,KAB. MUKOMUKO,1412,Malin Deman,7,7,7,6,0,0,0,0,0,0,0,0,0,0
7,BENGKULU,120,KAB. MUKOMUKO,6787,Penarik,14,14,13,8,0,0,0,1200000,12,12,60000,6,6,1260000
7,BENGKULU,120,KAB. MUKOMUKO,1410,Pondok Suguh,11,11,11,8,0,0,0,0,0,0,0,0,0,0
7,BENGKULU,120,KAB. MUKOMUKO,1415,Selagan Raya,12,12,12,6,0,0,0,0,0,0,0,0,0,0
7,BENGKULU,120,KAB. MUKOMUKO,1420,Sungai Rumbai,9,9,9,5,0,0,0,0,0,0,0,0,0,0
7,BENGKULU,120,KAB. MUKOMUKO,1414,Teramang Jaya,13,13,13,10,0,0,0,0,0,0,0,0,0,0
7,BENGKULU,120,KAB. MUKOMUKO,1409,Teras Terunjam,8,8,8,6,0,0,0,500000,5,5,140000,6,7,640000
7,BENGKULU,120,KAB. MUKOMUKO,1417,V Koto,10,10,10,8,0,0,0,0,0,0,0,0,0,0
7,BENGKULU,120,KAB. MUKOMUKO,1416,XIV Koto,8,8,8,6,0,0,0,0,0,0,0,0,0,0
7,BENGKULU,116,KAB. REJANG LEBONG,1351,Bermani Ulu,12,12,12,3,0,0,0,150000,2,2,10000,1,1,160000
7,BENGKULU,116,KAB. REJANG LEBONG,1360,Bermani Ulu Raya,10,10,10,6,0,0,0,150000,2,2,10000,1,1,160000
7,BENGKULU,116,KAB. REJANG LEBONG,1356,Binduriang,5,5,5,4,0,0,0,0,0,0,0,0,0,0
7,BENGKULU,116,KAB. REJANG LEBONG,1350,Curup,9,9,9,8,0,0,0,0,0,0,0,0,0,0
7,BENGKULU,116,KAB. REJANG LEBONG,1354,Curup Selatan,11,11,11,5,0,0,0,350000,7,7,60000,6,6,410000
7,BENGKULU,116,KAB. REJANG LEBONG,1355,Curup Tengah,10,10,10,2,0,0,0,0,0,0,0,0,0,0
7,BENGKULU,116,KAB. REJANG LEBONG,1353,Curup Timur,9,9,9,7,0,0,0,800000,4,4,70000,3,7,870000
7,BENGKULU,116,KAB. REJANG LEBONG,1352,Curup Utara,14,14,14,5,0,0,0,4450000,47,47,905000,30,92,5355000
7,BENGKULU,116,KAB. REJANG LEBONG,1347,Kota Padang,10,10,10,6,0,0,0,1400,14,14,705,13,47,2105
7,BENGKULU,116,KAB. REJANG LEBONG,1348,Padang Ulak Tanding,15,15,15,5,0,0,0,0,0,0,0,0,0,0
7,BENGKULU,116,KAB. REJANG LEBONG,6784,Selupu Rejang,16,16,16,7,0,0,0,15900000,51,51,530000,27,34,16430000
7,BENGKULU,116,KAB. REJANG LEBONG,1359,Sindang Beliti Ilir,10,10,10,3,0,0,0,0,0,0,0,0,0,0
7,BENGKULU,116,KAB. REJANG LEBONG,1357,Sindang Beliti Ulu,9,9,9,2,0,0,0,100000,1,1,0,0,0,100000
7,BENGKULU,116,KAB. REJANG LEBONG,1358,Sindang Dataran,6,6,6,0,0,0,0,4000000,42,42,250000,25,25,4250000
7,BENGKULU,116,KAB. REJANG LEBONG,1349,Sindang Kelingi,10,10,10,3,0,0,0,1450000,29,29,350000,29,35,1800000
7,BENGKULU,119,KAB. SELUMA,1398,Air Periukan,16,16,16,11,0,0,0,1900000,38,38,1300000,37,130,3200000
7,BENGKULU,119,KAB. SELUMA,1406,Ilir Talo,15,15,15,15,0,0,0,7410000,211,211,5425000,171,1085,12835000
7,BENGKULU,119,KAB. SELUMA,1399,Lubuk Sandi,14,14,14,11,0,0,0,0,0,0,0,0,0,0
7,BENGKULU,119,KAB. SELUMA,1394,Seluma,7,7,7,4,0,0,0,0,0,0,0,0,0,0
7,BENGKULU,119,KAB. SELUMA,1400,Seluma Barat,9,9,9,4,0,0,0,60000,3,3,90000,3,18,150000
7,BENGKULU,119,KAB. SELUMA,1403,Seluma Selatan,12,12,12,11,0,0,0,0,0,0,0,0,0,0
7,BENGKULU,119,KAB. SELUMA,1401,Seluma Timur,8,8,8,7,0,0,0,2400000,24,24,1760000,19,176,4160000
7,BENGKULU,119,KAB. SELUMA,1402,Seluma Utara,10,10,10,5,0,0,0,0,0,0,0,0,0,0
7,BENGKULU,119,KAB. SELUMA,1396,Semidang Alas,24,24,24,21,0,0,0,565000,13,13,185000,13,37,750000
7,BENGKULU,119,KAB. SELUMA,1397,Semidang Alas Maras,26,26,26,26,0,0,0,9850000,225,225,7365000,255,809,17215000
7,BENGKULU,119,KAB. SELUMA,1393,Sukaraja,21,21,21,16,0,0,0,3250000,65,65,4090000,56,409,7340000
7,BENGKULU,119,KAB. SELUMA,1395,Talo,16,16,16,16,0,0,0,900000,18,18,180000,18,18,1080000
7,BENGKULU,119,KAB. SELUMA,1404,Talo Kecil,11,11,11,11,0,0,0,6670000,166,166,1170000,125,222,7840000
7,BENGKULU,119,KAB. SELUMA,1405,Ulu Talo,11,11,11,11,0,0,0,0,0,0,0,0,0,0
7,BENGKULU,124,KOTA BENGKULU,1450,Gading Cempaka,5,5,5,5,0,0,0,0,0,0,0,0,0,0
7,BENGKULU,124,KOTA BENGKULU,1453,Kampung Melayu,6,6,6,6,0,0,0,13700000,137,137,1380000,50,104,15080000
7,BENGKULU,124,KOTA BENGKULU,1452,Muara Bangka Hulu,7,7,7,7,0,0,0,2550000,51,51,1175000,52,235,3725000
7,BENGKULU,124,KOTA BENGKULU,1454,Ratu Agung,8,8,8,8,0,0,0,50000,1,1,0,0,0,50000
7,BENGKULU,124,KOTA BENGKULU,1455,Ratu Samban,9,9,9,9,0,0,0,5900000,59,59,340000,17,17,6240000
7,BENGKULU,124,KOTA BENGKULU,1449,Selebar,6,6,6,6,0,0,0,100000,2,2,140000,7,7,240000
7,BENGKULU,124,KOTA BENGKULU,1457,Singaran Pati,6,6,6,6,0,0,0,0,0,0,0,0,0,0
7,BENGKULU,124,KOTA BENGKULU,1456,Sungai Serut,7,7,7,7,0,0,0,2150000,43,43,2320000,43,116,4470000
7,BENGKULU,124,KOTA BENGKULU,1451,Teluk Segara,13,13,13,13,0,0,0,400000,4,4,40000,2,2,440000
14,DAERAH ISTIMEWA YOGYAKARTA,217,KAB. BANTUL,2994,Bambanglipuro,3,3,3,3,0,0,0,28000000,284,284,11120000,130,1112,39120000
14,DAERAH ISTIMEWA YOGYAKARTA,217,KAB. BANTUL,3001,Banguntapan,8,8,8,7,0,217,3840000,0,0,0,1100000,21,44,1100000
14,DAERAH ISTIMEWA YOGYAKARTA,217,KAB. BANTUL,2997,Bantul,5,5,5,5,0,50,175000,37100000,262,262,10240000,212,712,47340000
14,DAERAH ISTIMEWA YOGYAKARTA,217,KAB. BANTUL,3000,Dlingo,6,6,6,6,0,2,300000,2950000,59,59,5000,1,1,2955000
14,DAERAH ISTIMEWA YOGYAKARTA,217,KAB. BANTUL,2999,Imogiri,8,8,8,8,0,12,120000,11600000,116,116,8860000,117,886,20460000
14,DAERAH ISTIMEWA YOGYAKARTA,217,KAB. BANTUL,2998,Jetis,4,4,4,4,0,27,457500,22500000,226,226,6935000,127,1375,29435000
14,DAERAH ISTIMEWA YOGYAKARTA,217,KAB. BANTUL,3005,Kasihan,4,4,4,4,0,0,0,11450000,158,158,5850000,156,585,17300000
14,DAERAH ISTIMEWA YOGYAKARTA,217,KAB. BANTUL,2992,Kretek,5,5,5,5,0,0,0,11100000,111,111,3140000,123,314,14240000
14,DAERAH ISTIMEWA YOGYAKARTA,217,KAB. BANTUL,2996,Pajangan,3,3,3,3,0,13652,24858880,12900000,129,129,5540000,129,554,18440000
14,DAERAH ISTIMEWA YOGYAKARTA,217,KAB. BANTUL,2995,Pandak,4,4,4,4,0,500,5500000,17800000,178,178,6000000,175,600,23800000
14,DAERAH ISTIMEWA YOGYAKARTA,217,KAB. BANTUL,3003,Piyungan,3,3,3,2,0,0,0,0,0,0,0,0,0,0
14,DAERAH ISTIMEWA YOGYAKARTA,217,KAB. BANTUL,3002,Pleret,5,5,5,5,0,6,102000,7300000,73,73,0,0,0,7300000
14,DAERAH ISTIMEWA YOGYAKARTA,217,KAB. BANTUL,2993,Pundong,3,3,3,3,0,0,0,15150000,267,267,4845000,243,895,19995000
14,DAERAH ISTIMEWA YOGYAKARTA,217,KAB. BANTUL,2991,Sanden,4,4,4,4,0,0,0,19850000,110,110,280000,24,25,20130000
14,DAERAH ISTIMEWA YOGYAKARTA,217,KAB. BANTUL,3006,Sedayu,4,4,4,4,0,0,0,3100000,31,31,0,0,0,3100000
14,DAERAH ISTIMEWA YOGYAKARTA,217,KAB. BANTUL,3004,Sewon,4,4,4,4,0,23864,50717000,6500000,65,65,30000,3,3,6530000
14,DAERAH ISTIMEWA YOGYAKARTA,217,KAB. BANTUL,2990,Srandakan,2,2,2,2,0,0,0,0,0,0,0,0,0,0
14,DAERAH ISTIMEWA YOGYAKARTA,218,KAB. GUNUNG KIDUL,3020,Gedangsari,7,7,7,7,0,0,0,7950000,159,159,4555000,127,474,12505000
14,DAERAH ISTIMEWA YOGYAKARTA,218,KAB. GUNUNG KIDUL,3022,Girisubo,8,8,8,8,0,0,0,320000,7,7,195000,19,20,515000
14,DAERAH ISTIMEWA YOGYAKARTA,218,KAB. GUNUNG KIDUL,3015,Karangmojo,9,9,9,9,0,0,0,10025000,158,158,1315000,144,207,11340000
14,DAERAH ISTIMEWA YOGYAKARTA,218,KAB. GUNUNG KIDUL,3019,Ngawen,6,6,6,6,0,0,0,3350000,67,67,2200000,66,220,5550000
14,DAERAH ISTIMEWA YOGYAKARTA,218,KAB. GUNUNG KIDUL,3008,Nglipar,7,7,7,7,0,0,0,1800000,36,36,680000,33,136,2480000
14,DAERAH ISTIMEWA YOGYAKARTA,218,KAB. GUNUNG KIDUL,3011,Paliyan,7,7,7,6,0,0,0,6400000,64,64,2810000,63,281,9210000
14,DAERAH ISTIMEWA YOGYAKARTA,218,KAB. GUNUNG KIDUL,3012,Panggang,6,6,6,6,0,0,0,0,0,0,0,0,0,0
14,DAERAH ISTIMEWA YOGYAKARTA,218,KAB. GUNUNG KIDUL,3010,Patuk,11,11,11,11,0,0,0,3940000,107,107,1990000,99,236,5930000
14,DAERAH ISTIMEWA YOGYAKARTA,218,KAB. GUNUNG KIDUL,3009,Playen,13,13,13,13,0,120,3420000,16150000,286,286,10320000,286,1223,26470000
14,DAERAH ISTIMEWA YOGYAKARTA,218,KAB. GUNUNG KIDUL,3016,Ponjong,11,11,11,11,0,6,200000,8850000,144,144,8290000,86,693,17140000
14,DAERAH ISTIMEWA YOGYAKARTA,218,KAB. GUNUNG KIDUL,3024,Purwosari,5,5,5,5,0,0,0,0,0,0,0,0,0,0
14,DAERAH ISTIMEWA YOGYAKARTA,218,KAB. GUNUNG KIDUL,3017,Rongkop,8,8,8,8,0,0,0,1850000,37,37,410000,27,82,2260000
14,DAERAH ISTIMEWA YOGYAKARTA,218,KAB. GUNUNG KIDUL,3021,Saptosari,7,7,7,6,0,0,0,1740000,87,87,930000,31,186,2670000
14,DAERAH ISTIMEWA YOGYAKARTA,218,KAB. GUNUNG KIDUL,3014,Semanu,5,5,5,5,0,0,0,4800000,48,48,660000,33,33,5460000
14,DAERAH ISTIMEWA YOGYAKARTA,218,KAB. GUNUNG KIDUL,3018,Semin,10,10,10,10,0,0,0,0,0,0,0,0,0,0
14,DAERAH ISTIMEWA YOGYAKARTA,218,KAB. GUNUNG KIDUL,3023,Tanjungsari,5,5,5,5,0,0,0,500000,6,6,230000,6,23,730000
14,DAERAH ISTIMEWA YOGYAKARTA,218,KAB. GUNUNG KIDUL,3013,Tepus,5,5,5,5,0,0,0,2550000,51,51,805000,51,161,3355000
14,DAERAH ISTIMEWA YOGYAKARTA,218,KAB. GUNUNG KIDUL,3007,Wonosari,14,14,14,13,0,0,0,8350000,147,147,3815000,115,498,12165000
14,DAERAH ISTIMEWA YOGYAKARTA,216,KAB. KULON PROGO,2981,Galur,7,7,7,4,0,0,0,2200000,44,44,2200000,44,220,4400000
14,DAERAH ISTIMEWA YOGYAKARTA,216,KAB. KULON PROGO,2986,Girimulyo,4,4,4,4,0,5,55000,0,0,0,0,0,0,0
14,DAERAH ISTIMEWA YOGYAKARTA,216,KAB. KULON PROGO,2989,Kalibawang,4,4,4,4,0,0,0,4270000,85,85,235000,47,47,4505000
14,DAERAH ISTIMEWA YOGYAKARTA,216,KAB. KULON PROGO,2985,Kokap,5,5,5,3,0,0,0,2725000,66,66,3145000,57,372,5870000
14,DAERAH ISTIMEWA YOGYAKARTA,216,KAB. KULON PROGO,2982,Lendah,6,6,6,2,0,0,0,5500000,55,55,2000000,46,200,7500000
14,DAERAH ISTIMEWA YOGYAKARTA,216,KAB. KULON PROGO,2987,Nanggulan,6,6,6,5,0,96940,176686200,3100000,31,31,1550000,31,155,4650000
14,DAERAH ISTIMEWA YOGYAKARTA,216,KAB. KULON PROGO,2980,Panjatan,11,11,11,9,0,66669,122031240,4925000,112,112,5220000,99,522,10145000
14,DAERAH ISTIMEWA YOGYAKARTA,216,KAB. KULON PROGO,2984,Pengasih,7,7,7,5,0,0,0,3450000,41,41,1360000,28,136,4810000
14,DAERAH ISTIMEWA YOGYAKARTA,216,KAB. KULON PROGO,2988,Samigaluh,7,7,7,5,0,0,0,4800000,110,110,5600000,108,818,10400000
14,DAERAH ISTIMEWA YOGYAKARTA,216,KAB. KULON PROGO,2983,Sentolo,8,8,8,5,0,87650,160732000,4300000,43,43,2530000,44,253,6830000
14,DAERAH ISTIMEWA YOGYAKARTA,216,KAB. KULON PROGO,2978,Temon,15,15,15,13,0,0,0,5550000,91,91,630000,63,63,6180000
14,DAERAH ISTIMEWA YOGYAKARTA,216,KAB. KULON PROGO,2979,Wates,8,8,8,7,0,6,72000,9830000,123,123,3095000,149,516,12925000
14,DAERAH ISTIMEWA YOGYAKARTA,219,KAB. SLEMAN,3032,Berbah,4,4,4,4,0,0,0,8560000,94,100,7016000,93,131,15576000
14,DAERAH ISTIMEWA YOGYAKARTA,219,KAB. SLEMAN,3041,Cangkringan,5,5,5,5,0,0,0,0,0,0,0,0,0,0
14,DAERAH ISTIMEWA YOGYAKARTA,219,KAB. SLEMAN,3031,Depok,3,3,3,3,0,0,0,0,0,0,0,0,0,0
14,DAERAH ISTIMEWA YOGYAKARTA,219,KAB. SLEMAN,3025,Gamping,5,5,5,5,0,0,0,0,0,0,0,0,0,0
14,DAERAH ISTIMEWA YOGYAKARTA,219,KAB. SLEMAN,3026,Godean,7,7,7,6,0,0,0,2000000,20,20,0,0,0,2000000
14,DAERAH ISTIMEWA YOGYAKARTA,219,KAB. SLEMAN,3034,Kalasan,4,4,4,4,0,10,590000,30000,3,3,120000,1,1,150000
14,DAERAH ISTIMEWA YOGYAKARTA,219,KAB. SLEMAN,3028,Minggir,5,5,5,5,0,70813,128999600,0,0,0,0,0,0,0
14,DAERAH ISTIMEWA YOGYAKARTA,219,KAB. SLEMAN,3030,Mlati,5,5,5,5,0,11799,21444200,100000,1,1,0,0,0,100000
14,DAERAH ISTIMEWA YOGYAKARTA,219,KAB. SLEMAN,3027,Moyudan,4,4,4,4,0,22967,39964960,4800000,48,48,1380000,46,138,6180000
14,DAERAH ISTIMEWA YOGYAKARTA,219,KAB. SLEMAN,3036,Ngaglik,6,6,6,6,0,62651,156054720,24200000,242,242,5670000,236,705,29870000
14,DAERAH ISTIMEWA YOGYAKARTA,219,KAB. SLEMAN,3035,Ngemplak,5,5,5,4,0,0,0,7100000,71,71,1215000,70,243,8315000
14,DAERAH ISTIMEWA YOGYAKARTA,219,KAB. SLEMAN,3040,Pakem,5,5,5,4,0,0,0,0,0,0,0,0,0,0
14,DAERAH ISTIMEWA YOGYAKARTA,219,KAB. SLEMAN,3033,Prambanan,6,6,6,5,0,0,0,0,0,0,0,0,0,0
14,DAERAH ISTIMEWA YOGYAKARTA,219,KAB. SLEMAN,3029,Seyegan,5,5,5,4,0,0,0,0,0,0,0,0,0,0
14,DAERAH ISTIMEWA YOGYAKARTA,219,KAB. SLEMAN,3037,Sleman,5,5,5,5,0,0,0,0,0,0,0,0,0,0
14,DAERAH ISTIMEWA YOGYAKARTA,219,KAB. SLEMAN,3038,Tempel,8,8,8,6,0,106128,178930640,6300000,63,63,2560000,54,256,8860000
14,DAERAH ISTIMEWA YOGYAKARTA,219,KAB. SLEMAN,3039,Turi,4,4,4,3,0,0,0,0,0,0,0,0,0,0
14,DAERAH ISTIMEWA YOGYAKARTA,220,KOTA YOGYAKARTA,3045,Danurejan,3,3,3,3,0,3,112500,1500000,30,30,2000000,35,200,3500000
14,DAERAH ISTIMEWA YOGYAKARTA,220,KOTA YOGYAKARTA,3046,Gedongtengen,2,2,2,2,0,0,0,500000,1,1,20000,2,2,520000
14,DAERAH ISTIMEWA YOGYAKARTA,220,KOTA YOGYAKARTA,3044,Gondokusuman,5,5,5,5,0,0,0,3500000,70,70,10000,2,2,3510000
14,DAERAH ISTIMEWA YOGYAKARTA,220,KOTA YOGYAKARTA,3051,Gondomanan,2,2,2,2,0,0,0,0,0,0,0,0,0,0
14,DAERAH ISTIMEWA YOGYAKARTA,220,KOTA YOGYAKARTA,3043,Jetis,3,3,3,3,0,0,0,0,0,0,0,0,0,0
14,DAERAH ISTIMEWA YOGYAKARTA,220,KOTA YOGYAKARTA,3055,Kotagede,3,3,3,3,0,192,480000,1800000,36,36,1295000,36,259,3095000
14,DAERAH ISTIMEWA YOGYAKARTA,220,KOTA YOGYAKARTA,3050,Kraton,3,3,3,3,0,0,0,100000,1,1,10000,1,1,110000
14,DAERAH ISTIMEWA YOGYAKARTA,220,KOTA YOGYAKARTA,3049,Mantrijeron,3,3,3,3,0,0,0,0,0,0,0,0,0,0
14,DAERAH ISTIMEWA YOGYAKARTA,220,KOTA YOGYAKARTA,3053,Mergangsan,3,3,3,3,0,0,0,800000,8,8,140000,7,14,940000
14,DAERAH ISTIMEWA YOGYAKARTA,220,KOTA YOGYAKARTA,3047,Ngampilan,2,2,2,2,0,0,0,0,0,0,0,0,0,0
14,DAERAH ISTIMEWA YOGYAKARTA,220,KOTA YOGYAKARTA,3052,Pakualaman,2,2,2,2,0,450,6000000,0,0,0,0,0,0,0
14,DAERAH ISTIMEWA YOGYAKARTA,220,KOTA YOGYAKARTA,3042,Tegalrejo,4,4,4,4,0,0,0,0,0,0,0,0,0,0
14,DAERAH ISTIMEWA YOGYAKARTA,220,KOTA YOGYAKARTA,3054,Umbulharjo,7,7,7,7,0,390,5655000,100000,2,2,140000,2,14,240000
14,DAERAH ISTIMEWA YOGYAKARTA,220,KOTA YOGYAKARTA,3048,Wirobrajan,3,3,3,3,0,0,0,0,0,0,0,0,0,0
11,DKI JAKARTA,504,KAB. ADM. KEP. SERIBU,6814,Kepulauan Seribu Selatan.,3,3,3,3,0,0,0,0,0,0,0,0,0,0
11,DKI JAKARTA,504,KAB. ADM. KEP. SERIBU,6813,Kepulauan Seribu Utara,3,3,3,3,0,0,0,0,0,0,0,0,0,0
11,DKI JAKARTA,507,KOTA ADM. JAKARTA BARAT,6829,Cengkareng,6,6,6,6,0,2,17000,10850000,107,107,2500000,71,72,13350000
11,DKI JAKARTA,507,KOTA ADM. JAKARTA BARAT,6830,Grogol Petamburan,7,7,7,7,0,850,11450000,0,0,0,0,0,0,0
11,DKI JAKARTA,507,KOTA ADM. JAKARTA BARAT,6834,Kalideres,5,5,5,5,0,39300,449100000,11400000,114,114,19550000,121,391,30950000
11,DKI JAKARTA,507,KOTA ADM. JAKARTA BARAT,6833,Kebon Jeruk,7,7,7,7,0,0,0,0,0,0,0,0,0,0
11,DKI JAKARTA,507,KOTA ADM. JAKARTA BARAT,6836,Kembangan,6,6,6,6,0,0,0,0,0,0,0,0,0,0
11,DKI JAKARTA,507,KOTA ADM. JAKARTA BARAT,6835,Pal Merah,6,6,6,6,0,7800,113100000,0,0,0,0,0,0,0
11,DKI JAKARTA,507,KOTA ADM. JAKARTA BARAT,6831,Taman Sari,8,8,8,8,0,8300,118795000,6800000,68,68,7060000,68,353,13860000
11,DKI JAKARTA,507,KOTA ADM. JAKARTA BARAT,6832,Tambora,11,11,11,11,0,1200,17400000,450000,9,9,0,0,0,450000
11,DKI JAKARTA,505,KOTA ADM. JAKARTA PUSAT,6819,Cempaka Putih,3,3,3,3,0,0,0,0,0,0,0,0,0,0
11,DKI JAKARTA,505,KOTA ADM. JAKARTA PUSAT,6815,Gambir,6,6,6,6,0,0,0,0,0,0,0,0,0,0
11,DKI JAKARTA,505,KOTA ADM. JAKARTA PUSAT,6822,Johar Baru,4,4,4,4,0,0,0,0,0,0,0,0,0,0
11,DKI JAKARTA,505,KOTA ADM. JAKARTA PUSAT,6817,Kemayoran,8,8,8,8,0,1000,11000000,4350000,87,87,0,0,0,4350000
11,DKI JAKARTA,505,KOTA ADM. JAKARTA PUSAT,6820,Menteng,5,5,5,5,0,0,0,0,0,0,0,0,0,0
11,DKI JAKARTA,505,KOTA ADM. JAKARTA PUSAT,6816,Sawah Besar,5,5,5,5,0,13329,178557900,23500000,235,235,18000000,238,1200,41500000
11,DKI JAKARTA,505,KOTA ADM. JAKARTA PUSAT,6818,Senen,6,6,6,6,0,0,0,0,0,0,0,0,0,0
11,DKI JAKARTA,505,KOTA ADM. JAKARTA PUSAT,6821,Tanah Abang,7,7,7,7,0,0,0,5600000,29,29,4300000,29,86,9900000
11,DKI JAKARTA,508,KOTA ADM. JAKARTA SELATAN,6842,Cilandak,5,5,5,5,0,0,0,9600000,96,96,0,0,0,9600000
11,DKI JAKARTA,508,KOTA ADM. JAKARTA SELATAN,6845,Jagakarsa,6,6,6,6,0,0,0,0,0,0,0,0,0,0
11,DKI JAKARTA,508,KOTA ADM. JAKARTA SELATAN,6843,Kebayoran Baru,10,10,10,10,0,0,0,0,0,0,0,0,0,0
11,DKI JAKARTA,508,KOTA ADM. JAKARTA SELATAN,6841,Kebayoran Lama,6,6,6,6,0,6600,95700000,3200000,32,32,0,0,0,3200000
11,DKI JAKARTA,508,KOTA ADM. JAKARTA SELATAN,6839,Mampang Prapatan,5,5,5,5,0,9137,152221959,5700000,88,88,3535000,74,306,9235000
11,DKI JAKARTA,508,KOTA ADM. JAKARTA SELATAN,6844,Pancoran,6,6,6,6,0,9600,137100000,0,0,0,10000,1,1,10000
11,DKI JAKARTA,508,KOTA ADM. JAKARTA SELATAN,6840,Pasar Minggu,7,7,7,7,0,10,157900,1400000,14,14,125000,5,5,1525000
11,DKI JAKARTA,508,KOTA ADM. JAKARTA SELATAN,6846,Pesanggrahan,5,5,5,5,0,1200,17400000,0,0,0,0,0,0,0
11,DKI JAKARTA,508,KOTA ADM. JAKARTA SELATAN,6838,Setiabudi,8,8,8,8,0,6600,95700000,2050000,41,41,3625000,36,149,5675000
11,DKI JAKARTA,508,KOTA ADM. JAKARTA SELATAN,6837,Tebet,7,7,7,7,0,19756,291331600,24200000,242,242,8980000,225,898,33180000
11,DKI JAKARTA,509,KOTA ADM. JAKARTA TIMUR,6852,Cakung,8,7,7,7,0,3203,39510000,200000,2,2,20000,1,1,220000
11,DKI JAKARTA,509,KOTA ADM. JAKARTA TIMUR,6856,Cipayung,8,8,8,8,0,5400,78300000,0,0,0,0,0,0,0
11,DKI JAKARTA,509,KOTA ADM. JAKARTA TIMUR,6855,Ciracas,5,5,5,5,0,0,0,100000,1,1,20000,2,2,120000
11,DKI JAKARTA,509,KOTA ADM. JAKARTA TIMUR,6853,Duren Sawit,7,7,7,7,0,73228,990056000,0,0,0,0,0,0,0
11,DKI JAKARTA,509,KOTA ADM. JAKARTA TIMUR,6849,Jatinegara,8,8,8,8,0,1044,15354000,32000000,345,345,0,0,0,32000000
11,DKI JAKARTA,509,KOTA ADM. JAKARTA TIMUR,6850,Kramatjati,7,7,7,7,0,2,79000,33400000,334,334,21710000,317,934,55110000
11,DKI JAKARTA,509,KOTA ADM. JAKARTA TIMUR,6854,Makasar,5,5,5,5,0,0,0,1400000,14,14,1200000,14,48,2600000
11,DKI JAKARTA,509,KOTA ADM. JAKARTA TIMUR,6847,Matraman,6,6,6,6,0,37294,494646800,3700000,74,74,2820000,74,282,6520000
11,DKI JAKARTA,509,KOTA ADM. JAKARTA TIMUR,6851,Pasar Rebo,5,5,5,5,0,5434,79846500,14200000,142,142,45700000,144,914,59900000
11,DKI JAKARTA,509,KOTA ADM. JAKARTA TIMUR,6848,Pulogadung,7,7,7,7,0,96560,1219870000,6200000,62,62,0,0,0,6200000
11,DKI JAKARTA,506,KOTA ADM. JAKARTA UTARA,6826,Cilincing,7,7,7,7,0,0,0,41650000,763,763,16820000,360,1059,58470000
11,DKI JAKARTA,506,KOTA ADM. JAKARTA UTARA,6828,Kelapa Gading,4,3,3,3,0,0,0,1800000,18,18,2625000,16,105,4425000
11,DKI JAKARTA,506,KOTA ADM. JAKARTA UTARA,6825,Koja,6,6,6,6,0,5004,73278000,21300000,213,213,59550000,213,1234,80850000
11,DKI JAKARTA,506,KOTA ADM. JAKARTA UTARA,6827,Pademangan,3,3,3,3,0,0,0,1600000,25,25,520000,24,25,2120000
11,DKI JAKARTA,506,KOTA ADM. JAKARTA UTARA,6823,Penjaringan,5,5,5,5,0,0,0,2400000,39,39,2500000,27,114,4900000
11,DKI JAKARTA,506,KOTA ADM. JAKARTA UTARA,6824,Tanjung Priok,7,7,7,7,0,0,0,27200000,238,238,3665000,206,268,30865000
29,GORONTALO,432,KAB. BOALEMO,5707,Botumoito,9,9,9,9,0,0,0,0,0,0,0,0,0,0
29,GORONTALO,432,KAB. BOALEMO,5704,Dulupi,8,8,8,7,0,0,0,0,0,0,0,0,0,0
29,GORONTALO,432,KAB. BOALEMO,5706,Mananggu,9,9,9,9,0,0,0,0,0,0,0,0,0,0
29,GORONTALO,432,KAB. BOALEMO,5702,Paguyaman,22,22,22,21,0,0,0,500000,5,5,40000,2,2,540000
29,GORONTALO,432,KAB. BOALEMO,5708,Paguyaman Pantai,8,8,8,6,0,0,0,7600000,38,38,370000,37,37,7970000
29,GORONTALO,432,KAB. BOALEMO,5705,Tilamuta,12,12,12,12,0,0,0,0,0,0,0,0,0,0
29,GORONTALO,432,KAB. BOALEMO,5703,Wonosari,14,14,14,13,0,0,0,900000,41,41,325000,45,55,1225000
29,GORONTALO,433,KAB. BONE BOLANGO,5717,Bone,14,14,14,14,0,0,0,4700000,47,47,0,0,0,4700000
29,GORONTALO,433,KAB. BONE BOLANGO,5712,Bonepantai,13,13,13,13,0,0,0,2300000,26,26,130000,13,13,2430000
29,GORONTALO,433,KAB. BONE BOLANGO,5718,Bone Raya,10,10,10,10,0,0,0,500000,10,10,0,0,0,500000
29,GORONTALO,433,KAB. BONE BOLANGO,5715,Botupingge,9,9,9,9,0,0,0,0,0,0,0,0,0,0
29,GORONTALO,433,KAB. BONE BOLANGO,5723,Bulango Selatan,10,10,10,10,0,0,0,0,0,0,10000,1,1,10000
29,GORONTALO,433,KAB. BONE BOLANGO,5724,Bulango Timur,5,5,5,5,0,0,0,0,0,0,0,0,0,0
29,GORONTALO,433,KAB. BONE BOLANGO,5722,Bulango Ulu,6,6,6,6,0,0,0,0,0,0,0,0,0,0
29,GORONTALO,433,KAB. BONE BOLANGO,5713,Bulango Utara,9,9,9,9,0,0,0,5300000,106,106,0,0,0,5300000
29,GORONTALO,433,KAB. BONE BOLANGO,5725,Bulawa,9,9,9,9,0,0,0,100000,1,1,20000,1,1,120000
29,GORONTALO,433,KAB. BONE BOLANGO,5710,Kabila,12,12,12,12,0,0,0,100000,1,1,0,0,0,100000
29,GORONTALO,433,KAB. BONE BOLANGO,5716,Kabila Bone,9,9,9,9,0,0,0,2800000,56,56,1420000,57,57,4220000
29,GORONTALO,433,KAB. BONE BOLANGO,5726,Pinogu,5,5,5,5,0,0,0,0,0,0,0,0,0,0
29,GORONTALO,433,KAB. BONE BOLANGO,5711,Suwawa,10,10,10,10,0,0,0,0,0,0,0,0,0,0
29,GORONTALO,433,KAB. BONE BOLANGO,5720,Suwawa Selatan,8,8,8,8,0,0,0,200000,2,2,80000,2,4,280000
29,GORONTALO,433,KAB. BONE BOLANGO,5721,Suwawa Tengah,6,6,6,6,0,0,0,0,0,0,0,0,0,0
29,GORONTALO,433,KAB. BONE BOLANGO,5719,Suwawa Timur,9,9,9,9,0,0,0,0,0,0,0,0,0,0
29,GORONTALO,433,KAB. BONE BOLANGO,5709,Tapa,7,7,7,7,0,0,0,0,0,0,0,0,0,0
29,GORONTALO,433,KAB. BONE BOLANGO,5714,Tilongkabila,14,14,14,14,0,0,0,15900000,159,159,3630000,142,142,19530000
29,GORONTALO,431,KAB. GORONTALO,5698,Asparaga,10,10,10,9,0,1,15000,3000000,30,30,460000,19,46,3460000
29,GORONTALO,431,KAB. GORONTALO,5685,Batudaa,8,8,8,8,0,0,0,5140000,45,45,1800000,10,90,6940000
29,GORONTALO,431,KAB. GORONTALO,5687,Batudaa Pantai,9,9,9,9,0,0,0,0,0,0,0,0,0,0
29,GORONTALO,431,KAB. GORONTALO,5700,Bilato,10,10,10,7,0,0,0,0,0,0,0,0,0,0
29,GORONTALO,431,KAB. GORONTALO,5697,Biluhu,8,8,8,7,0,0,0,0,0,0,0,0,0,0
29,GORONTALO,431,KAB. GORONTALO,5688,Boliyohuto,13,13,13,13,0,0,0,200000,2,2,40000,2,2,240000
29,GORONTALO,431,KAB. GORONTALO,5690,Bongomeme,15,15,15,13,0,0,0,1900000,19,19,0,0,0,1900000
29,GORONTALO,431,KAB. GORONTALO,5701,Dungaliyo,10,10,10,9,0,0,0,0,0,0,0,0,0,0
29,GORONTALO,431,KAB. GORONTALO,5683,Limboto,14,14,14,13,0,0,0,0,0,0,0,0,0,0
29,GORONTALO,431,KAB. GORONTALO,5694,Limboto Barat,10,10,10,10,0,0,0,550000,9,9,10000,1,1,560000
29,GORONTALO,431,KAB. GORONTALO,5692,Mootilango,10,10,10,10,0,0,0,11100000,111,111,680000,68,68,11780000
29,GORONTALO,431,KAB. GORONTALO,5693,Pulubala,11,11,11,11,0,1,71000,4500000,45,45,450000,25,25,4950000
29,GORONTALO,431,KAB. GORONTALO,5696,Tabongo,9,9,9,8,0,0,0,12800000,128,128,3465000,67,347,16265000
29,GORONTALO,431,KAB. GORONTALO,5699,Talaga Jaya,5,5,5,5,0,0,0,100000,1,1,0,0,0,100000
29,GORONTALO,431,KAB. GORONTALO,5684,Telaga,9,9,9,6,0,0,0,50000,1,1,0,0,0,50000
29,GORONTALO,431,KAB. GORONTALO,5689,Telaga Biru,15,15,15,10,0,0,0,0,0,0,0,0,0,0
29,GORONTALO,431,KAB. GORONTALO,5686,Tibawa,16,16,16,16,0,0,0,8600000,98,98,1200000,60,132,9800000
29,GORONTALO,431,KAB. GORONTALO,5695,Tilango,8,8,8,8,0,0,0,200000,2,2,10000,1,1,210000
29,GORONTALO,431,KAB. GORONTALO,5691,Tolangohula,15,15,15,15,0,5,100000,6250000,113,113,1280000,99,127,7530000
29,GORONTALO,434,KAB. GORONTALO UTARA,5729,Anggrek,15,15,15,13,0,0,0,100000,1,1,0,0,0,100000
29,GORONTALO,434,KAB. GORONTALO UTARA,5727,Atinggola,14,14,14,6,0,0,0,8800000,88,88,2485000,64,124,11285000
29,GORONTALO,434,KAB. GORONTALO UTARA,5735,Biau,10,10,10,5,0,0,0,0,0,0,0,0,0,0
29,GORONTALO,434,KAB. GORONTALO UTARA,5732,Gentuma Raya,11,11,11,2,0,0,0,0,0,0,0,0,0,0
29,GORONTALO,434,KAB. GORONTALO UTARA,5728,Kwandang,18,18,18,13,0,0,0,6250000,73,73,1170000,67,117,7420000
29,GORONTALO,434,KAB. GORONTALO UTARA,5734,Monano,10,10,10,8,0,0,0,7350000,73,74,120000,6,7,7470000
29,GORONTALO,434,KAB. GORONTALO UTARA,5733,Ponelo Kepulauan,4,4,4,3,0,0,0,50000,1,1,0,0,0,50000
29,GORONTALO,434,KAB. GORONTALO UTARA,5730,Sumalata,11,11,11,5,0,0,0,1800000,18,18,0,0,0,1800000
29,GORONTALO,434,KAB. GORONTALO UTARA,5736,Sumalata Timur,10,10,10,4,0,0,0,15950000,134,134,0,0,0,15950000
29,GORONTALO,434,KAB. GORONTALO UTARA,5731,Tolinggula,10,10,10,5,0,0,0,2800000,28,28,1380000,28,138,4180000
29,GORONTALO,434,KAB. GORONTALO UTARA,7076,Tomilito,10,10,10,3,0,0,0,0,0,0,0,0,0,0
29,GORONTALO,512,KAB. POHUWATO,7071,Buntulia,7,7,7,7,0,0,0,0,0,0,0,0,0,0
29,GORONTALO,512,KAB. POHUWATO,7070,Dengilo,6,5,6,5,0,0,0,0,0,0,0,0,0,0
29,GORONTALO,512,KAB. POHUWATO,7072,Duhiadaa,8,8,8,6,0,0,0,0,0,0,0,0,0,0
29,GORONTALO,512,KAB. POHUWATO,7064,Lemito,8,8,8,8,0,0,0,0,0,0,0,0,0,0
29,GORONTALO,512,KAB. POHUWATO,7066,Marisa,8,8,8,6,0,0,0,0,0,0,0,0,0,0
29,GORONTALO,512,KAB. POHUWATO,7067,Paguat,11,11,11,8,0,0,0,0,0,0,0,0,0,0
29,GORONTALO,512,KAB. POHUWATO,7068,Patilanggio,6,6,6,5,0,0,0,0,0,0,0,0,0,0
29,GORONTALO,512,KAB. POHUWATO,7063,Popayato,10,10,10,9,0,0,0,0,0,0,0,0,0,0
29,GORONTALO,512,KAB. POHUWATO,7075,Popayato Barat,7,7,7,7,0,0,0,0,0,0,0,0,0,0
29,GORONTALO,512,KAB. POHUWATO,7074,Popayato Timur,7,7,7,7,0,0,0,0,0,0,0,0,0,0
29,GORONTALO,512,KAB. POHUWATO,7065,Randangan,13,13,13,11,0,0,0,0,0,0,10000,1,1,10000
29,GORONTALO,512,KAB. POHUWATO,7069,Taluditi,7,7,7,7,0,0,0,0,0,0,0,0,0,0
29,GORONTALO,512,KAB. POHUWATO,7073,Wanggarasi,7,7,7,6,0,0,0,0,0,0,0,0,0,0
29,GORONTALO,435,KOTA GORONTALO,5744,Dumbo Raya,5,5,5,5,0,0,0,1800000,18,18,1000000,16,40,2800000
29,GORONTALO,435,KOTA GORONTALO,5740,Dungingi,5,5,5,5,0,0,0,0,0,0,0,0,0,0
29,GORONTALO,435,KOTA GORONTALO,5745,Hulonthalangi,5,5,5,5,0,0,0,0,0,0,0,0,0,0
29,GORONTALO,435,KOTA GORONTALO,5737,Kota Barat,7,7,7,7,0,0,0,1800000,24,24,225000,6,9,2025000
29,GORONTALO,435,KOTA GORONTALO,5738,Kota Selatan,5,5,5,4,0,0,0,4275000,45,45,1735000,44,48,6010000
29,GORONTALO,435,KOTA GORONTALO,5742,Kota Tengah,7,6,7,6,0,0,0,200000,2,2,50025,2,3,250025
29,GORONTALO,435,KOTA GORONTALO,5741,Kota Timur,6,6,6,6,0,86,1258500,4850000,49,49,750000,15,16,5600000
29,GORONTALO,435,KOTA GORONTALO,5739,Kota Utara,6,6,6,6,0,2306,64762750,17450000,175,175,11770000,156,525,29220000
29,GORONTALO,435,KOTA GORONTALO,5743,Sipatana,5,5,5,5,0,0,0,8100000,81,81,0,0,0,8100000
5,JAMBI,90,KAB. BATANG HARI,1040,Bajubang,10,10,10,8,0,0,0,28251600,366,366,9305160,291,1049,37556760
5,JAMBI,90,KAB. BATANG HARI,1037,Batin XXIV,17,17,17,3,0,0,0,0,0,0,0,0,0,0
5,JAMBI,90,KAB. BATANG HARI,1041,Maro Sebo Ilir,8,8,8,5,0,0,0,300000,4,4,10000,2,2,310000
5,JAMBI,90,KAB. BATANG HARI,1039,Maro Sebo Ulu,17,17,17,2,0,0,0,0,0,0,0,0,0,0
5,JAMBI,90,KAB. BATANG HARI,1034,Mersam,18,18,18,13,0,0,0,6450000,129,129,1180000,118,118,7630000
5,JAMBI,90,KAB. BATANG HARI,1036,Muara Bulian,21,21,21,21,0,0,0,7500000,134,134,1050000,89,105,8550000
5,JAMBI,90,KAB. BATANG HARI,1035,Muara Tembesi,14,14,14,7,0,0,0,400000,8,8,0,0,0,400000
5,JAMBI,90,KAB. BATANG HARI,1038,Pemayung,19,19,19,19,0,0,0,1800000,18,18,200140,25,34,2000140
5,JAMBI,94,KAB. BUNGO,1085,Bathin III,8,8,8,4,0,0,0,0,0,0,0,0,0,0
5,JAMBI,94,KAB. BUNGO,1087,Bathin III Ulu,9,9,9,7,0,0,0,0,0,0,0,0,0,0
5,JAMBI,94,KAB. BUNGO,1088,Bathin II Pelayang,5,5,5,1,0,0,0,0,0,0,0,0,0,0
5,JAMBI,94,KAB. BUNGO,6755,Batin II Babeko,6,6,6,6,0,0,0,0,0,0,0,0,0,0
5,JAMBI,94,KAB. BUNGO,6756,Bungo Dani,5,5,5,5,0,0,0,2200000,22,22,1200000,18,24,3400000
5,JAMBI,94,KAB. BUNGO,1079,Jujuhan,10,10,10,6,0,0,0,0,0,0,0,0,0,0
5,JAMBI,94,KAB. BUNGO,1089,Jujuhan Ilir,7,7,7,7,0,0,0,1350000,27,27,0,0,0,1350000
5,JAMBI,94,KAB. BUNGO,1082,Limbur Lubuk Mengkuang,14,14,14,3,0,0,0,0,0,0,0,0,0,0
5,JAMBI,94,KAB. BUNGO,1083,Muko-muko Bathin VII,9,9,9,8,0,0,0,2840000,58,58,590000,57,57,3430000
5,JAMBI,94,KAB. BUNGO,6754,Pasar Muaro Bungo,5,5,5,2,0,0,0,0,0,0,0,0,0,0
5,JAMBI,94,KAB. BUNGO,1081,Pelepat,15,15,15,9,0,0,0,2300000,39,39,370000,33,37,2670000
5,JAMBI,94,KAB. BUNGO,1084,Pelepat Ilir,17,17,17,10,0,0,0,0,0,0,0,0,0,0
5,JAMBI,94,KAB. BUNGO,1078,Rantau Pandan,7,6,7,3,0,0,0,0,0,0,0,0,0,0
5,JAMBI,94,KAB. BUNGO,1086,Rimbo Tengah,4,4,4,2,0,0,0,350000,7,7,70000,7,7,420000
5,JAMBI,94,KAB. BUNGO,1080,Tanah Sepenggal,10,10,10,7,0,0,0,0,0,0,0,0,0,0
5,JAMBI,94,KAB. BUNGO,1090,Tanah Sepenggal Lintas,12,12,12,9,0,0,0,0,0,0,0,0,0,0
5,JAMBI,94,KAB. BUNGO,1077,Tanah Tumbuh,11,11,11,7,0,0,0,0,0,0,0,0,0,0
5,JAMBI,87,KAB. KERINCI,988,Air Hangat,16,16,16,14,0,0,0,6650000,133,133,30000,3,3,6680000
5,JAMBI,87,KAB. KERINCI,1000,Air Hangat Barat,12,12,12,12,0,0,0,7400000,74,74,0,0,0,7400000
5,JAMBI,87,KAB. KERINCI,993,Air Hangat Timur,25,25,25,20,0,0,0,6910000,175,175,1220000,143,147,8130000
5,JAMBI,87,KAB. KERINCI,990,Batang Merangin,9,9,9,5,0,0,0,0,0,0,0,0,0,0
5,JAMBI,87,KAB. KERINCI,999,Bukit Kerman,15,15,15,10,0,0,0,4500000,79,79,4420000,79,442,8920000
5,JAMBI,87,KAB. KERINCI,986,Danau Kerinci,13,13,13,11,0,0,0,3070000,110,110,1090000,109,109,4160000
5,JAMBI,87,KAB. KERINCI,6751,Danau Kerinci Barat,14,14,14,13,0,0,0,0,0,0,0,0,0,0
5,JAMBI,87,KAB. KERINCI,996,Depati Tujuh,20,20,20,18,0,0,0,35300000,388,388,3615000,155,165,38915000
5,JAMBI,87,KAB. KERINCI,989,Gunung Kerinci,16,16,16,13,0,0,0,100000,1,1,0,0,0,100000
5,JAMBI,87,KAB. KERINCI,985,Gunung Raya,12,12,12,6,0,0,0,550000,11,11,30080,11,13,580080
5,JAMBI,87,KAB. KERINCI,994,Gunung Tujuh,13,13,13,7,0,0,0,700000,7,7,80000,6,8,780000
5,JAMBI,87,KAB. KERINCI,992,Kayu Aro,21,21,21,13,0,0,0,345000,5,5,15000,3,3,360000
5,JAMBI,87,KAB. KERINCI,998,Kayu Aro Barat,17,17,17,15,0,0,0,100000,1,1,10000,1,1,110000
5,JAMBI,87,KAB. KERINCI,991,Keliling Danau,18,18,18,17,0,0,0,0,0,0,0,0,0,0
5,JAMBI,87,KAB. KERINCI,987,Sitinjau Laut,14,14,14,7,0,0,0,2150000,43,43,245000,49,49,2395000
5,JAMBI,87,KAB. KERINCI,995,Siulak,26,26,26,23,0,0,0,24700000,230,230,0,0,0,24700000
5,JAMBI,87,KAB. KERINCI,997,Siulak Mukai,14,14,14,12,0,0,0,200000,3,3,0,0,0,200000
5,JAMBI,87,KAB. KERINCI,6750,Tanah Cogok,12,12,12,10,0,0,0,350000,7,7,0,0,0,350000
5,JAMBI,88,KAB. MERANGIN,1002,Bangko,8,8,8,7,0,0,0,0,0,0,0,0,0,0
5,JAMBI,88,KAB. MERANGIN,1010,Bangko  Barat,6,6,6,4,0,0,0,0,0,0,0,0,0,0
5,JAMBI,88,KAB. MERANGIN,1012,Batang Masumai,10,10,10,5,0,0,0,11000000,100,100,1190000,92,92,12190000
5,JAMBI,88,KAB. MERANGIN,1001,Jangkat,11,11,11,0,0,0,0,0,0,0,0,0,0,0
5,JAMBI,88,KAB. MERANGIN,1018,Jangkat Timur,14,14,14,10,0,0,0,0,0,0,0,0,0,0
5,JAMBI,88,KAB. MERANGIN,1009,Lembah Masurai,15,15,15,5,0,0,0,0,0,0,0,0,0,0
5,JAMBI,88,KAB. MERANGIN,1021,Margo Tabir,6,6,6,1,0,0,0,0,0,0,0,0,0,0
5,JAMBI,88,KAB. MERANGIN,1003,Muara Siau,17,17,17,12,0,0,0,0,0,0,0,0,0,0
5,JAMBI,88,KAB. MERANGIN,1011,Nalo Tantan,7,7,7,5,0,0,0,6300000,63,63,740000,54,74,7040000
5,JAMBI,88,KAB. MERANGIN,1006,Pamenang,14,14,14,13,0,0,0,3400000,34,34,1790000,18,179,5190000
5,JAMBI,88,KAB. MERANGIN,1013,Pamenang Barat,8,8,8,7,0,0,0,2300000,23,23,2090000,19,209,4390000
5,JAMBI,88,KAB. MERANGIN,1020,Pamenang Selatan,4,4,4,4,0,0,0,5900000,102,102,6580000,64,352,12480000
5,JAMBI,88,KAB. MERANGIN,1017,Pangkalan Jambu,8,8,8,4,0,0,0,2000000,20,20,400000,20,20,2400000
5,JAMBI,88,KAB. MERANGIN,1019,Renah Pamenang,4,4,4,4,0,0,0,8600000,86,86,6410000,82,641,15010000
5,JAMBI,88,KAB. MERANGIN,1016,Renah Pembarap,12,12,12,5,0,0,0,24850000,210,210,4880000,207,207,29730000
5,JAMBI,88,KAB. MERANGIN,1004,Sungai Manau,10,10,10,5,0,0,0,1500000,10,10,0,0,0,1500000
5,JAMBI,88,KAB. MERANGIN,1005,Tabir,11,11,11,5,0,0,0,400000,8,8,0,0,0,400000
5,JAMBI,88,KAB. MERANGIN,1023,Tabir Barat,14,14,14,12,0,0,0,0,0,0,0,0,0,0
5,JAMBI,88,KAB. MERANGIN,1014,Tabir Ilir,7,7,7,3,0,0,0,0,0,0,0,0,0,0
5,JAMBI,88,KAB. MERANGIN,1022,Tabir Lintas,5,5,5,3,0,14450,26298000,0,0,0,0,0,0,0
5,JAMBI,88,KAB. MERANGIN,1008,Tabir Selatan,8,8,8,6,0,4,1386000,6700000,67,67,250000,13,25,6950000
5,JAMBI,88,KAB. MERANGIN,1015,Tabir Timur,4,4,4,3,0,0,0,0,0,0,0,0,0,0
5,JAMBI,88,KAB. MERANGIN,1007,Tabir Ulu,6,6,6,4,0,0,0,0,0,0,0,0,0,0
5,JAMBI,88,KAB. MERANGIN,1024,Tiang Pumpung,6,6,6,3,0,0,0,1850000,37,37,540000,37,108,2390000
5,JAMBI,91,KAB. MUARO JAMBI,1051,Bahar Selatan,10,10,10,3,0,0,0,600000,12,12,10000,1,1,610000
5,JAMBI,91,KAB. MUARO JAMBI,1050,Bahar Utara,11,11,11,0,0,0,0,0,0,0,0,0,0,0
5,JAMBI,91,KAB. MUARO JAMBI,1042,Jambi Luar Kota,21,21,21,19,0,0,0,11000000,220,220,7350000,210,715,18350000
5,JAMBI,91,KAB. MUARO JAMBI,1044,Kumpeh,17,17,17,16,0,14,398200,11750000,130,130,1970000,109,109,13720000
5,JAMBI,91,KAB. MUARO JAMBI,1047,Kumpeh Ulu,19,18,17,5,0,0,0,0,0,0,0,0,0,0
5,JAMBI,91,KAB. MUARO JAMBI,1045,Maro Sebo,12,12,12,6,0,0,0,150000,3,3,30000,3,3,180000
5,JAMBI,91,KAB. MUARO JAMBI,1046,Mestong,15,15,15,10,0,15,101000,3965000,91,91,1445000,76,154,5410000
5,JAMBI,91,KAB. MUARO JAMBI,1043,Sekernan,16,16,16,11,0,0,0,11800000,154,154,5060020,48,254,16860020
5,JAMBI,91,KAB. MUARO JAMBI,1048,Sungai Bahar,11,11,11,9,0,8,160000,2100000,182,182,4875000,165,734,6975000
5,JAMBI,91,KAB. MUARO JAMBI,1049,Sungai Gelam,15,15,15,10,0,0,0,0,0,0,0,0,0,0
5,JAMBI,91,KAB. MUARO JAMBI,1052,Taman Rajo,11,10,10,2,0,0,0,0,0,0,0,0,0,0
5,JAMBI,89,KAB. SAROLANGUN,1031,Air Hitam,9,9,9,7,0,0,0,0,0,0,0,0,0,0
5,JAMBI,89,KAB. SAROLANGUN,1025,Batang Asai,23,23,22,16,0,0,0,0,0,0,0,0,0,0
5,JAMBI,89,KAB. SAROLANGUN,6752,Bathin VIII,15,15,15,14,0,0,0,500000,1,1,150000,2,3,650000
5,JAMBI,89,KAB. SAROLANGUN,1033,Cermin Nan Gedang,10,10,10,10,0,0,0,0,0,0,0,0,0,0
5,JAMBI,89,KAB. SAROLANGUN,1026,Limun,16,15,16,8,0,0,0,0,0,0,0,0,0,0
5,JAMBI,89,KAB. SAROLANGUN,1030,Mandiangin,18,18,18,9,0,0,0,100000,1,1,10000,1,1,110000
5,JAMBI,89,KAB. SAROLANGUN,6753,Mandiangin Timur,10,10,10,6,0,0,0,0,0,0,0,0,0,0
5,JAMBI,89,KAB. SAROLANGUN,1028,Pauh,14,14,14,13,0,0,0,0,0,0,0,0,0,0
5,JAMBI,89,KAB. SAROLANGUN,1029,Pelawan,14,12,14,13,0,0,0,0,0,0,0,0,0,0
5,JAMBI,89,KAB. SAROLANGUN,1027,Sarolangun,16,14,16,14,0,0,0,0,0,0,0,0,0,0
5,JAMBI,89,KAB. SAROLANGUN,1032,Singkut,13,13,13,13,0,0,0,0,0,0,0,0,0,0
5,JAMBI,92,KAB. TANJUNG JABUNG BARAT,1059,Batang Asam,11,11,11,11,0,0,0,6000000,60,60,550000,52,55,6550000
5,JAMBI,92,KAB. TANJUNG JABUNG BARAT,1056,Betara,12,12,12,12,0,0,0,4100000,82,82,1200000,60,114,5300000
5,JAMBI,92,KAB. TANJUNG JABUNG BARAT,1063,Bram Itam,10,10,10,10,0,0,0,1100000,11,11,660000,7,33,1760000
5,JAMBI,92,KAB. TANJUNG JABUNG BARAT,1064,Kuala Betara,11,10,11,10,0,0,0,100000,1,1,0,0,0,100000
5,JAMBI,92,KAB. TANJUNG JABUNG BARAT,1057,Merlung,10,10,10,10,0,0,0,1300000,13,13,10000,1,1,1310000
5,JAMBI,92,KAB. TANJUNG JABUNG BARAT,1061,Muara Papalik,10,10,10,10,0,0,0,0,0,0,0,0,0,0
5,JAMBI,92,KAB. TANJUNG JABUNG BARAT,1055,Pengabuan,13,13,13,13,0,0,0,960000,30,30,140000,17,19,1100000
5,JAMBI,92,KAB. TANJUNG JABUNG BARAT,1060,Renah Mendaluh,10,10,10,4,0,0,0,0,0,0,0,0,0,0
5,JAMBI,92,KAB. TANJUNG JABUNG BARAT,1062,Seberang Kota,8,8,8,8,0,0,0,0,0,0,0,0,0,0
5,JAMBI,92,KAB. TANJUNG JABUNG BARAT,1065,Senyerang,11,10,11,10,0,0,0,0,0,0,0,0,0,0
5,JAMBI,92,KAB. TANJUNG JABUNG BARAT,1058,Tebing Tinggi,10,10,10,10,0,0,0,5800000,58,58,2890000,48,271,8690000
5,JAMBI,92,KAB. TANJUNG JABUNG BARAT,1054,Tungkal Ilir,10,10,10,10,0,0,0,0,0,0,0,0,0,0
5,JAMBI,92,KAB. TANJUNG JABUNG BARAT,1053,Tungkal Ulu,11,10,11,10,0,0,0,1200000,28,28,310000,21,61,1510000
5,JAMBI,93,KAB. TANJUNG JABUNG TIMUR,1076,Berbak,6,6,6,4,0,0,0,0,0,0,0,0,0,0
5,JAMBI,93,KAB. TANJUNG JABUNG TIMUR,1071,Dendang,7,7,7,1,0,0,0,500000,10,10,660000,11,65,1160000
5,JAMBI,93,KAB. TANJUNG JABUNG TIMUR,1075,Geragai,9,9,9,2,0,0,0,0,0,0,0,0,0,0
5,JAMBI,93,KAB. TANJUNG JABUNG TIMUR,1073,Kuala Jambi,6,6,6,2,0,0,0,7500000,115,115,1800000,91,180,9300000
5,JAMBI,93,KAB. TANJUNG JABUNG TIMUR,1068,Mendahara,9,9,9,2,0,0,0,12970000,169,169,1710000,61,61,14680000
5,JAMBI,93,KAB. TANJUNG JABUNG TIMUR,1074,Mendahara Ulu,7,7,7,4,0,1,550000,1080000,70,70,2890000,70,386,3970000
5,JAMBI,93,KAB. TANJUNG JABUNG TIMUR,1072,Muara Sabak Barat,7,7,7,3,0,0,0,2400000,48,48,480000,48,48,2880000
5,JAMBI,93,KAB. TANJUNG JABUNG TIMUR,1066,Muara Sabak Timur,12,12,12,1,0,0,0,4650000,93,93,2960000,32,148,7610000
5,JAMBI,93,KAB. TANJUNG JABUNG TIMUR,1067,Nipah Panjang,10,10,10,1,0,0,0,7500000,75,75,10500000,42,210,18000000
5,JAMBI,93,KAB. TANJUNG JABUNG TIMUR,1069,Rantau Rasau,10,10,10,7,0,0,0,44350000,321,321,22075000,310,1859,66425000
5,JAMBI,93,KAB. TANJUNG JABUNG TIMUR,1070,S a d u,9,9,9,7,0,0,0,4400000,88,88,3375000,87,675,7775000
5,JAMBI,95,KAB. TEBO,1102,Muara Tabir,8,8,8,8,0,20,250000,2640000,30,30,1670000,28,37,4310000
5,JAMBI,95,KAB. TEBO,1094,Rimbo Bujang,16,16,16,11,0,661,14555000,19850000,333,333,8105000,283,946,27955000
5,JAMBI,95,KAB. TEBO,1098,Rimbo Ilir,10,10,10,10,0,0,0,3100000,31,31,80000,4,4,3180000
5,JAMBI,95,KAB. TEBO,1097,Rimbo Ulu,12,12,12,10,0,0,0,0,0,0,0,0,0,0
5,JAMBI,95,KAB. TEBO,1100,Serai Serumpun,8,8,8,2,0,0,0,0,0,0,0,0,0,0
5,JAMBI,95,KAB. TEBO,6425,Soloikma,1,0,1,0,0,0,0,0,0,0,0,0,0,0
5,JAMBI,95,KAB. TEBO,1095,Sumay,12,10,12,4,0,0,0,0,0,0,0,0,0,0
5,JAMBI,95,KAB. TEBO,1092,Tebo Ilir,12,12,12,4,0,120,710000,0,4,4,20000,5,25,20000
5,JAMBI,95,KAB. TEBO,1091,Tebo Tengah,12,10,12,8,0,0,0,0,0,0,0,0,0,0
5,JAMBI,95,KAB. TEBO,1093,Tebo Ulu,17,16,17,7,0,0,0,0,0,0,0,0,0,0
5,JAMBI,95,KAB. TEBO,1099,Tengah Ilir,6,6,6,1,0,0,0,2800000,56,56,780000,51,78,3580000
5,JAMBI,95,KAB. TEBO,1096,VII Koto,10,10,10,6,0,0,0,300000,3,3,0,0,0,300000
5,JAMBI,95,KAB. TEBO,1101,VII Koto Ilir,6,6,6,1,0,0,0,0,0,0,0,0,0,0
5,JAMBI,96,KOTA JAMBI,1111,Alam Barajo,7,7,7,3,0,0,0,0,0,0,0,0,0,0
5,JAMBI,96,KOTA JAMBI,1112,Danau Sipin,5,5,5,4,0,0,0,15350000,193,193,4530000,79,453,19880000
5,JAMBI,96,KOTA JAMBI,1108,Danau Teluk,5,4,5,1,0,0,0,0,0,0,0,0,0,0
5,JAMBI,96,KOTA JAMBI,1104,Jambi Selatan,5,5,5,5,0,0,0,5200000,77,77,4240000,77,262,9440000
5,JAMBI,96,KOTA JAMBI,1105,Jambi Timur,9,9,9,7,0,0,0,2000000,40,40,3310000,37,331,5310000
5,JAMBI,96,KOTA JAMBI,1110,Jelutung,7,7,7,5,0,0,0,0,0,0,0,0,0,0
5,JAMBI,96,KOTA JAMBI,1109,Kota Baru,7,7,6,6,0,0,0,0,0,0,0,0,0,0
5,JAMBI,96,KOTA JAMBI,1113,Paal Merah,6,6,6,6,0,0,0,12600000,225,225,12920000,205,729,25520000
5,JAMBI,96,KOTA JAMBI,1106,Pasar Jambi,4,4,4,0,0,0,0,0,0,0,0,0,0,0
5,JAMBI,96,KOTA JAMBI,1107,Pelayangan,6,6,6,1,0,0,0,2050000,41,41,1820000,37,182,3870000
5,JAMBI,96,KOTA JAMBI,1103,Telanaipura,7,7,7,5,0,0,0,0,0,0,0,0,0,0
5,JAMBI,97,KOTA SUNGAI PENUH,1116,Hamparan Rawang,13,13,13,6,0,0,0,310000,10,10,100000,10,10,410000
5,JAMBI,97,KOTA SUNGAI PENUH,1120,Koto Baru,6,6,6,2,0,0,0,0,0,0,0,0,0,0
5,JAMBI,97,KOTA SUNGAI PENUH,1118,Kumun Debai,9,9,9,9,0,0,0,0,0,0,0,0,0,0
5,JAMBI,97,KOTA SUNGAI PENUH,1115,Pesisir Bukit,9,9,9,4,0,0,0,0,0,0,260000,4,4,260000
5,JAMBI,97,KOTA SUNGAI PENUH,1119,Pondok Tinggi,8,8,8,5,0,0,0,4395000,209,209,3285000,142,428,7680000
5,JAMBI,97,KOTA SUNGAI PENUH,1121,Sungai Bungkal,6,6,6,6,0,0,0,4250000,125,125,3715000,101,408,7965000
5,JAMBI,97,KOTA SUNGAI PENUH,1114,Sungai Penuh,5,5,5,3,0,0,0,1400000,14,14,60000,2,12,1460000
5,JAMBI,97,KOTA SUNGAI PENUH,1117,Tanah Kampung,13,12,13,3,0,0,0,570000,40,40,910000,40,159,1480000
12,JAWA BARAT,157,KAB. BANDUNG,1921,Arjasari,11,11,11,11,0,0,0,1000000,20,20,21225000,21,213,22225000
12,JAWA BARAT,157,KAB. BANDUNG,1930,Baleendah,8,8,8,8,0,4865,75562500,2910000,138,138,1690000,124,200,4600000
12,JAWA BARAT,157,KAB. BANDUNG,1918,Banjaran,11,11,11,11,0,112,2011500,15770000,779,779,14100000,589,1772,29870000
12,JAWA BARAT,157,KAB. BANDUNG,1913,Bojongsoang,6,6,6,6,0,0,0,11920000,478,478,16990000,394,1150,28910000
12,JAWA BARAT,157,KAB. BANDUNG,1939,Cangkuang,7,7,7,4,0,0,0,0,0,0,0,0,0,0
12,JAWA BARAT,157,KAB. BANDUNG,1923,Cicalengka,12,12,12,12,0,0,0,27750000,555,555,10790000,377,934,38540000
12,JAWA BARAT,157,KAB. BANDUNG,1925,Cikancung,9,9,9,8,0,0,0,7750000,146,146,680000,33,34,8430000
12,JAWA BARAT,157,KAB. BANDUNG,1912,Cilengkrang,6,6,6,6,0,0,0,6450000,129,129,1290000,129,129,7740000
12,JAWA BARAT,157,KAB. BANDUNG,1910,Cileunyi,6,6,6,6,0,27484,361654500,21195000,591,591,31565000,559,2183,52760000
12,JAWA BARAT,157,KAB. BANDUNG,1922,Cimaung,10,10,10,7,0,0,0,1920000,96,96,2070000,104,207,3990000
12,JAWA BARAT,157,KAB. BANDUNG,1911,Cimenyan,9,9,9,9,0,2000,22000000,840000,42,42,0,0,0,840000
12,JAWA BARAT,157,KAB. BANDUNG,1927,Ciparay,14,14,14,12,0,10,170000,19495000,607,607,6510000,409,545,26005000
12,JAWA BARAT,157,KAB. BANDUNG,1937,Ciwidey,7,7,7,7,0,2000,22000000,830000,83,83,0,1,1,830000
12,JAWA BARAT,157,KAB. BANDUNG,1917,Dayeuhkolot,6,6,6,6,0,213,11259000,21270000,768,768,6580000,656,658,27850000
12,JAWA BARAT,157,KAB. BANDUNG,1934,Ibun,12,12,12,11,0,0,0,18830000,661,661,13040000,553,1304,31870000
12,JAWA BARAT,157,KAB. BANDUNG,1916,Katapang,7,7,7,7,0,0,0,0,0,0,0,0,0,0
12,JAWA BARAT,157,KAB. BANDUNG,1929,Kertasari,8,8,8,8,0,2111,37666000,25470000,1263,1263,81360000,1151,4197,106830000
12,JAWA BARAT,157,KAB. BANDUNG,1940,Kutawaringin,11,11,11,10,0,0,0,3540000,185,185,8395000,181,578,11935000
12,JAWA BARAT,157,KAB. BANDUNG,1931,Majalaya,11,11,11,9,0,1780,21260000,16030000,301,301,7140000,259,550,23170000
12,JAWA BARAT,157,KAB. BANDUNG,1915,Margaasih,6,6,6,6,0,1625,17875000,5400000,121,121,1580000,88,158,6980000
12,JAWA BARAT,157,KAB. BANDUNG,1914,Margahayu,5,5,5,5,0,0,0,9300000,93,93,2625000,60,105,11925000
12,JAWA BARAT,157,KAB. BANDUNG,1924,Nagreg,8,8,8,8,0,2016,22251200,5470000,319,319,36725000,269,1051,42195000
12,JAWA BARAT,157,KAB. BANDUNG,1928,Pacet,13,13,13,11,0,38,774000,12895000,315,315,4315000,216,216,17210000
12,JAWA BARAT,157,KAB. BANDUNG,1919,Pameungpeuk,6,6,6,6,0,0,0,2550000,54,54,6720000,52,336,9270000
12,JAWA BARAT,157,KAB. BANDUNG,1920,Pangalengan,13,13,13,10,0,0,0,825000,33,33,360000,32,36,1185000
12,JAWA BARAT,157,KAB. BANDUNG,1933,Paseh,12,12,12,11,0,0,0,17385000,298,298,3160000,219,300,20545000
12,JAWA BARAT,157,KAB. BANDUNG,1936,Pasirjambu,10,10,10,9,0,0,0,12175000,330,330,21975000,358,1604,34150000
12,JAWA BARAT,157,KAB. BANDUNG,1938,Rancabali,5,5,5,5,0,0,0,200000,4,4,40000,2,2,240000
12,JAWA BARAT,157,KAB. BANDUNG,1926,Rancaekek,14,14,14,14,0,39002,181178000,8990000,321,321,3730000,303,372,12720000
12,JAWA BARAT,157,KAB. BANDUNG,1932,Solokanjeruk,7,7,7,7,0,75,2090500,32050100,646,646,42975000,598,2123,75025100
12,JAWA BARAT,157,KAB. BANDUNG,1935,Soreang,10,10,10,10,0,3690.6,51387100,23610000,498,498,12600000,539,952,36210000
12,JAWA BARAT,170,KAB. BANDUNG BARAT,2309,Batujajar,7,7,7,4,0,0,0,450000,9,9,720000,9,72,1170000
12,JAWA BARAT,170,KAB. BANDUNG BARAT,2310,Cihampelas,10,10,10,6,0,0,0,500000,10,10,100000,5,5,600000
12,JAWA BARAT,170,KAB. BANDUNG BARAT,2304,Cikalongwetan,13,13,13,9,0,134,29331000,10740000,402,402,14720000,192,1377,25460000
12,JAWA BARAT,170,KAB. BANDUNG BARAT,2311,Cililin,11,11,11,8,0,0,0,22300000,446,446,4070000,395,407,26370000
12,JAWA BARAT,170,KAB. BANDUNG BARAT,2307,Cipatat,12,12,12,12,0,0,0,4170000,87,87,3760000,81,197,7930000
12,JAWA BARAT,170,KAB. BANDUNG BARAT,2305,Cipeundeuy,12,12,12,12,0,0,0,1400000,28,28,710000,32,32,2110000
12,JAWA BARAT,170,KAB. BANDUNG BARAT,2312,Cipongkor,14,14,14,13,0,0,0,20500000,327,327,5755000,61,282,26255000
12,JAWA BARAT,170,KAB. BANDUNG BARAT,2303,Cisarua,8,8,8,6,0,10,600000,0,0,0,0,0,0,0
12,JAWA BARAT,170,KAB. BANDUNG BARAT,2315,Gununghalu,9,9,9,6,0,0,0,200000,10,10,0,0,0,200000
12,JAWA BARAT,170,KAB. BANDUNG BARAT,2301,Lembang,16,16,16,13,0,29870,359870000,15070000,409,409,16645000,326,793,31715000
12,JAWA BARAT,170,KAB. BANDUNG BARAT,2306,Ngamprah,11,11,11,10,0,0,0,5880000,85,85,7725000,83,353,13605000
12,JAWA BARAT,170,KAB. BANDUNG BARAT,2308,Padalarang,10,10,10,8,0,0,0,8120000,163,163,5695000,141,520,13815000
12,JAWA BARAT,170,KAB. BANDUNG BARAT,2302,Parongpong,7,7,7,7,0,0,0,550000,11,11,0,0,0,550000
12,JAWA BARAT,170,KAB. BANDUNG BARAT,2313,Rongga,8,8,8,4,0,260,1700000,1350000,27,27,3280000,30,160,4630000
12,JAWA BARAT,170,KAB. BANDUNG BARAT,2316,Saguling,6,6,6,3,0,0,0,0,0,0,0,0,0,0
12,JAWA BARAT,170,KAB. BANDUNG BARAT,2314,Sindangkerta,11,11,11,9,0,333,38375500,20850000,415,415,25380000,414,1188,46230000
12,JAWA BARAT,169,KAB. BEKASI,2279,Babelan,9,9,9,9,0,0,0,0,0,0,0,0,0,0
12,JAWA BARAT,169,KAB. BEKASI,2300,Bojongmangu,6,6,6,6,0,0,0,2250000,9,9,450000,9,9,2700000
12,JAWA BARAT,169,KAB. BEKASI,2293,Cabangbungin,8,8,8,8,0,0,0,0,0,0,0,0,0,0
12,JAWA BARAT,169,KAB. BEKASI,2299,Cibarusah,7,7,7,7,0,0,0,0,0,0,0,0,0,0
12,JAWA BARAT,169,KAB. BEKASI,2284,Cibitung,7,7,7,7,0,0,0,4450000,49,49,2985000,50,147,7435000
12,JAWA BARAT,169,KAB. BEKASI,2285,Cikarang Barat,11,11,11,10,0,3025,43867500,100000,1,1,0,0,0,100000
12,JAWA BARAT,169,KAB. BEKASI,2297,Cikarang Pusat,6,6,6,4,0,15306,221995800,0,0,0,0,0,0,0
12,JAWA BARAT,169,KAB. BEKASI,2296,Cikarang Selatan,7,7,7,6,0,3299,96600000,32900000,45,45,20360000,44,267,53260000
12,JAWA BARAT,169,KAB. BEKASI,2288,Cikarang Timur,8,8,8,7,0,0,0,19200000,384,384,12390000,372,1239,31590000
12,JAWA BARAT,169,KAB. BEKASI,2286,Cikarang Utara,11,11,11,9,0,11085,161277800,50000,1,1,0,0,0,50000
12,JAWA BARAT,169,KAB. BEKASI,2287,Karang Bahagia,8,8,8,8,0,0,0,100000,1,1,600000,5,12,700000
12,JAWA BARAT,169,KAB. BEKASI,2289,Kedung Waringin,7,7,7,7,0,0,0,0,0,0,0,0,0,0
12,JAWA BARAT,169,KAB. BEKASI,2294,Muaragembong,6,6,6,6,0,0,0,0,0,0,0,0,0,0
12,JAWA BARAT,169,KAB. BEKASI,2290,Pebayuran,13,13,13,10,0,0,0,0,0,0,0,0,0,0
12,JAWA BARAT,169,KAB. BEKASI,2298,Serang Baru,8,8,8,8,0,0,0,0,0,0,0,0,0,0
12,JAWA BARAT,169,KAB. BEKASI,2295,Setu,11,11,11,10,0,11520,166790000,8300000,83,83,1760000,38,85,10060000
12,JAWA BARAT,169,KAB. BEKASI,2291,Sukakarya,7,7,7,7,0,0,0,0,0,0,0,0,0,0
12,JAWA BARAT,169,KAB. BEKASI,2292,Sukatani,7,7,7,7,0,0,0,550000,4,4,100000,2,2,650000
12,JAWA BARAT,169,KAB. BEKASI,2280,Sukawangi,7,7,7,7,0,0,0,0,0,0,0,0,0,0
12,JAWA BARAT,169,KAB. BEKASI,2281,Tambelang,7,7,7,6,0,0,0,0,0,0,0,0,0,0
12,JAWA BARAT,169,KAB. BEKASI,2283,Tambun Selatan,10,10,10,10,0,1949,28414300,9750000,157,157,24755000,154,1127,34505000
12,JAWA BARAT,169,KAB. BEKASI,2282,Tambun Utara,8,8,8,7,0,0,0,0,0,0,0,0,0,0
12,JAWA BARAT,169,KAB. BEKASI,2278,Tarumajaya,8,8,8,7,0,0,0,0,0,0,0,0,0,0
12,JAWA BARAT,154,KAB. BOGOR,1796,Babakan Madang,9,9,9,7,0,0,0,7700000,77,77,19750000,64,395,27450000
12,JAWA BARAT,154,KAB. BOGOR,1804,Bojonggede,9,9,9,9,0,0,0,0,0,0,0,0,0,0
12,JAWA BARAT,154,KAB. BOGOR,1818,Caringin,12,11,12,11,0,0,0,0,0,0,0,0,0,0
12,JAWA BARAT,154,KAB. BOGOR,1799,Cariu,10,10,10,9,0,1220,17624000,15750000,81,81,760000,37,37,16510000
12,JAWA BARAT,154,KAB. BOGOR,1806,Ciampea,13,13,13,11,0,0,0,16050000,176,176,6000000,130,300,22050000
12,JAWA BARAT,154,KAB. BOGOR,1815,Ciawi,14,14,14,11,0,23275,335200000,8700000,87,87,100000,5,5,8800000
12,JAWA BARAT,154,KAB. BOGOR,1792,Cibinong,13,13,13,7,0,4900,70558000,2150000,43,43,990000,42,99,3140000
12,JAWA BARAT,154,KAB. BOGOR,1807,Cibungbulang,15,15,15,9,0,98,2258000,1670000,334,334,3590000,334,359,5260000
12,JAWA BARAT,154,KAB. BOGOR,1829,Cigombong,9,9,9,9,0,1,18700,440000,22,22,150000,15,15,590000
12,JAWA BARAT,154,KAB. BOGOR,1813,Cigudeg,15,15,15,8,0,0,0,14600000,73,73,4300000,48,86,18900000
12,JAWA BARAT,154,KAB. BOGOR,1819,Cijeruk,9,9,9,9,0,1,65000,22050000,249,249,11285000,225,532,33335000
12,JAWA BARAT,154,KAB. BOGOR,1798,Cileungsi,12,12,12,10,0,0,0,0,0,0,0,0,0,0
12,JAWA BARAT,154,KAB. BOGOR,1820,Ciomas,11,11,11,9,0,8121,118398000,21150000,276,276,26130000,271,1061,47280000
12,JAWA BARAT,154,KAB. BOGOR,1816,Cisarua,10,10,10,10,0,6,152000,4800000,85,85,3015000,62,172,7815000
12,JAWA BARAT,154,KAB. BOGOR,1824,Ciseeng,10,10,10,8,0,3406,1086523000,8510000,171,171,6950000,164,683,15460000
12,JAWA BARAT,154,KAB. BOGOR,1794,Citeureup,14,13,14,10,0,136611,247318800,5200000,52,52,9350000,52,374,14550000
12,JAWA BARAT,154,KAB. BOGOR,1821,Dramaga,10,10,10,6,0,0,0,2860000,58,58,100000,6,6,2960000
12,JAWA BARAT,154,KAB. BOGOR,1793,Gunungputri,10,10,10,9,0,0,0,0,0,0,0,0,0,0
12,JAWA BARAT,154,KAB. BOGOR,1802,Gunungsindur,10,10,10,3,0,0,0,4750000,19,19,1600000,19,64,6350000
12,JAWA BARAT,154,KAB. BOGOR,1810,Jasinga,16,16,16,9,0,0,0,2200000,44,44,1430000,43,143,3630000
12,JAWA BARAT,154,KAB. BOGOR,1797,Jonggol,14,14,14,14,0,1,2000,72400000,1308,1309,14265000,480,708,86665000
12,JAWA BARAT,154,KAB. BOGOR,1803,Kemang,9,9,9,8,0,13,247000,19960000,214,214,5375000,111,236,25335000
12,JAWA BARAT,154,KAB. BOGOR,1823,Klapanunggal,9,9,9,6,0,902,7831500,19500000,195,195,31500000,195,723,51000000
12,JAWA BARAT,154,KAB. BOGOR,1805,Leuwiliang,11,10,11,7,0,0,0,7800000,156,156,6150000,144,410,13950000
12,JAWA BARAT,154,KAB. BOGOR,1830,Leuwisadeng,8,8,8,4,0,0,0,750000,15,15,75000,15,15,825000
12,JAWA BARAT,154,KAB. BOGOR,1817,Megamendung,12,12,12,11,0,0,0,10650000,213,213,9725000,171,195,20375000
12,JAWA BARAT,154,KAB. BOGOR,1812,Nanggung,11,11,11,8,0,0,0,7300000,73,73,940000,70,94,8240000
12,JAWA BARAT,154,KAB. BOGOR,1808,Pamijahan,15,15,15,10,0,95,12682000,8950000,91,91,1840000,86,175,10790000
12,JAWA BARAT,154,KAB. BOGOR,1801,Parung,9,9,9,7,0,0,0,0,0,0,0,0,0,0
12,JAWA BARAT,154,KAB. BOGOR,1811,Parungpanjang,11,11,11,7,0,0,0,3100000,31,31,10000,1,1,3110000
12,JAWA BARAT,154,KAB. BOGOR,1825,Rancabungur,7,7,7,5,0,0,0,3650000,73,73,2075000,64,415,5725000
12,JAWA BARAT,154,KAB. BOGOR,1809,Rumpin,14,14,14,12,0,0,0,8900000,89,89,2440000,89,122,11340000
12,JAWA BARAT,154,KAB. BOGOR,1826,Sukajaya,11,11,11,7,0,0,0,0,0,0,0,0,0,0
12,JAWA BARAT,154,KAB. BOGOR,1800,Sukamakmur,10,10,10,9,0,0,0,0,0,0,0,0,0,0
12,JAWA BARAT,154,KAB. BOGOR,1795,Sukaraja,13,11,13,11,0,620,8943000,17250000,203,203,8170000,206,585,25420000
12,JAWA BARAT,154,KAB. BOGOR,1828,Tajurhalang,7,7,7,5,0,0,0,0,0,0,0,0,0,0
12,JAWA BARAT,154,KAB. BOGOR,1822,Tamansari,8,8,7,5,0,380,5190000,6100000,61,61,5880000,57,294,11980000
12,JAWA BARAT,154,KAB. BOGOR,1827,Tanjungsari,10,10,10,10,0,0,0,0,0,0,0,0,0,0
12,JAWA BARAT,154,KAB. BOGOR,1814,Tenjo,9,9,9,3,0,0,0,0,0,0,0,0,0,0
12,JAWA BARAT,154,KAB. BOGOR,1831,Tenjolaya,7,7,7,7,0,0,0,0,0,0,0,0,0,0
12,JAWA BARAT,160,KAB. CIAMIS,2047,Banjaranyar,10,10,10,10,0,0,0,750000,29,29,400000,29,80,1150000
12,JAWA BARAT,160,KAB. CIAMIS,2038,Banjarsari,12,12,12,11,0,122922,223567360,3500000,99,99,1960000,104,241,5460000
12,JAWA BARAT,160,KAB. CIAMIS,2043,Baregbeg,9,9,9,9,0,0,0,4180000,193,193,9645000,149,1008,13825000
12,JAWA BARAT,160,KAB. CIAMIS,2021,Ciamis,12,12,12,12,0,0,0,7655000,305,305,7505000,229,695,15160000
12,JAWA BARAT,160,KAB. CIAMIS,2025,Cidolog,6,6,6,6,0,0,0,1050000,30,30,140000,28,28,1190000
12,JAWA BARAT,160,KAB. CIAMIS,2026,Cihaurbeuti,11,11,11,10,0,122,1776000,8275000,220,220,5340000,169,591,13615000
12,JAWA BARAT,160,KAB. CIAMIS,2023,Cijeungjing,11,11,11,11,0,1,6000,9800000,211,211,7780000,186,806,17580000
12,JAWA BARAT,160,KAB. CIAMIS,2022,Cikoneng,9,9,9,9,0,600,8700000,8035000,235,235,4300000,128,636,12335000
12,JAWA BARAT,160,KAB. CIAMIS,2040,Cimaragas,5,5,5,5,0,0,0,4740000,189,189,1518000,171,450,6258000
12,JAWA BARAT,160,KAB. CIAMIS,2031,Cipaku,13,13,13,13,0,0,0,16300000,365,365,8560000,356,1462,24860000
12,JAWA BARAT,160,KAB. CIAMIS,2041,Cisaga,11,11,11,11,0,0,0,7245000,288,288,1910000,79,191,9155000
12,JAWA BARAT,160,KAB. CIAMIS,2032,Jatinagara,6,6,6,6,0,1,10000,12500000,128,128,12450000,170,1245,24950000
12,JAWA BARAT,160,KAB. CIAMIS,2029,Kawali,11,11,11,11,0,0,0,2000000,40,40,15000,3,3,2015000
12,JAWA BARAT,160,KAB. CIAMIS,2037,Lakbok,10,10,10,8,0,0,0,3680000,184,184,8230000,173,823,11910000
12,JAWA BARAT,160,KAB. CIAMIS,2045,Lumbung,8,8,8,8,0,0,0,3350000,67,67,770000,63,154,4120000
12,JAWA BARAT,160,KAB. CIAMIS,2039,Pamarican,14,14,14,14,0,0,0,13890000,357,357,12450000,358,2490,26340000
12,JAWA BARAT,160,KAB. CIAMIS,2030,Panawangan,18,18,18,18,0,3825,44175000,17280000,364,364,8220000,230,1104,25500000
12,JAWA BARAT,160,KAB. CIAMIS,2028,Panjalu,8,8,8,8,0,0,0,0,0,0,0,0,0,0
12,JAWA BARAT,160,KAB. CIAMIS,2027,Panumbangan,14,14,14,14,0,0,0,4000000,80,80,800000,80,80,4800000
12,JAWA BARAT,160,KAB. CIAMIS,2046,Purwadadi,9,9,9,9,0,0,0,3650000,162,162,6045000,143,744,9695000
12,JAWA BARAT,160,KAB. CIAMIS,2033,Rajadesa,11,11,11,10,0,0,0,0,0,0,0,0,0,0
12,JAWA BARAT,160,KAB. CIAMIS,2035,Rancah,13,13,13,13,0,0,0,4220000,94,94,1165000,88,153,5385000
12,JAWA BARAT,160,KAB. CIAMIS,2024,Sadananya,8,8,8,8,0,0,0,3975000,90,90,2640000,41,264,6615000
12,JAWA BARAT,160,KAB. CIAMIS,2042,Sindangkasih,9,9,9,9,0,0,0,0,0,0,0,0,0,0
12,JAWA BARAT,160,KAB. CIAMIS,2034,Sukadana,6,6,6,6,0,0,0,25000,1,1,0,0,0,25000
12,JAWA BARAT,160,KAB. CIAMIS,2044,Sukamantri,5,5,5,5,0,0,0,8850000,174,174,4330000,138,433,13180000
12,JAWA BARAT,160,KAB. CIAMIS,2036,Tambaksari,6,6,6,6,0,49290,89756000,10000000,400,400,6915000,399,1383,16915000
12,JAWA BARAT,156,KAB. CIANJUR,1899,Agrabinta,11,11,11,7,0,0,0,19600000,100,100,7245000,96,362,26845000
12,JAWA BARAT,156,KAB. CIANJUR,1883,Bonjogpicung,11,11,11,11,0,20201,236950000,4560000,192,192,4550000,171,412,9110000
12,JAWA BARAT,156,KAB. CIANJUR,1892,Campaka,11,11,11,8,0,0,0,13100000,142,142,4460000,73,127,17560000
12,JAWA BARAT,156,KAB. CIANJUR,1902,Campakamulya,5,5,5,5,0,0,0,580000,12,12,10000,1,1,590000
12,JAWA BARAT,156,KAB. CIANJUR,1878,Cianjur,12,11,11,11,0,3646,53125000,33500000,931,931,7280000,350,531,40780000
12,JAWA BARAT,156,KAB. CIANJUR,1880,Cibeber,18,18,18,16,0,12300,150600000,5250000,107,107,175000,13,16,5425000
12,JAWA BARAT,156,KAB. CIANJUR,1900,Cidaun,14,14,14,9,0,0,0,550000,11,11,360000,10,36,910000
12,JAWA BARAT,156,KAB. CIANJUR,1906,Cijati,10,10,10,8,0,0,0,0,0,0,0,0,0,0
12,JAWA BARAT,156,KAB. CIANJUR,1903,Cikadu,10,10,10,10,0,0,0,0,0,0,0,0,0,0
12,JAWA BARAT,156,KAB. CIANJUR,1889,Cikalongkulon,18,18,18,16,0,63001,711062500,14005000,281,281,11290000,234,566,25295000
12,JAWA BARAT,156,KAB. CIANJUR,1881,Cilaku,10,10,10,10,0,10,162500,10290000,206,206,840000,82,84,11130000
12,JAWA BARAT,156,KAB. CIANJUR,1905,Cipanas,7,7,7,7,0,32581,374520000,28900000,578,578,5940000,204,500,34840000
12,JAWA BARAT,156,KAB. CIANJUR,1882,Ciranjang,9,9,9,9,0,12605,140762500,6775000,128,128,3440000,119,195,10215000
12,JAWA BARAT,156,KAB. CIANJUR,1897,Cubinong,14,14,14,14,0,0,0,760000,38,38,680000,34,34,1440000
12,JAWA BARAT,156,KAB. CIANJUR,1888,Cugenang,16,16,16,12,0,17750,235500000,8250000,165,165,16740000,165,837,24990000
12,JAWA BARAT,156,KAB. CIANJUR,1904,Gekbrong,8,8,8,8,0,38300,427600000,4250000,84,84,2950000,73,295,7200000
12,JAWA BARAT,156,KAB. CIANJUR,1908,Haurwangi,8,8,8,8,0,8332,173648000,26375000,643,643,13500000,373,1350,39875000
12,JAWA BARAT,156,KAB. CIANJUR,1894,Kadupandak,14,14,14,12,0,0,0,100000,2,2,30000,2,6,130000
12,JAWA BARAT,156,KAB. CIANJUR,1884,Karangtengah,16,16,16,13,0,38590,433840000,27885000,790,790,22200000,779,2202,50085000
12,JAWA BARAT,156,KAB. CIANJUR,1907,Leles,12,12,12,10,0,0,0,1600000,16,16,0,0,0,1600000
12,JAWA BARAT,156,KAB. CIANJUR,1885,Mande,12,12,12,11,0,8907,123027000,10870000,427,427,23350000,469,2142,34220000
12,JAWA BARAT,156,KAB. CIANJUR,1901,Naringgul,11,11,11,11,0,0,0,100000,2,2,1080000,24,27,1180000
12,JAWA BARAT,156,KAB. CIANJUR,1887,Pacet,7,7,7,5,0,26,427400,41710000,861,861,11730000,776,999,53440000
12,JAWA BARAT,156,KAB. CIANJUR,1895,Pagelarang,14,14,14,13,0,0,0,3720000,93,93,900000,90,90,4620000
12,JAWA BARAT,156,KAB. CIANJUR,1909,Pasirkuda,9,9,9,7,0,0,0,3850000,77,77,510000,47,51,4360000
12,JAWA BARAT,156,KAB. CIANJUR,1898,Sindangbarang,11,11,11,9,0,0,0,350000,7,7,110000,5,7,460000
12,JAWA BARAT,156,KAB. CIANJUR,1886,Sukaluyu,10,10,10,10,0,0,0,6880000,266,266,3035000,266,299,9915000
12,JAWA BARAT,156,KAB. CIANJUR,1891,Sukanagara,10,10,10,10,0,0,0,30900000,618,618,1600000,94,160,32500000
12,JAWA BARAT,156,KAB. CIANJUR,1890,Sukaresmi,12,12,12,12,0,14900,129100000,6450000,129,129,1060000,93,106,7510000
12,JAWA BARAT,156,KAB. CIANJUR,1893,Takokak,9,9,9,9,0,3,75000,100000,2,2,1250000,21,34,1350000
12,JAWA BARAT,156,KAB. CIANJUR,1896,Tanggeung,12,12,12,10,0,0,0,2600000,52,52,810000,49,81,3410000
12,JAWA BARAT,156,KAB. CIANJUR,1879,Warungkondang,11,11,11,10,0,5180,73360000,6980000,140,140,11530000,142,1147,18510000
12,JAWA BARAT,162,KAB. CIREBON,2102,Arjawinangun,11,11,11,10,0,0,0,0,0,0,0,0,0,0
12,JAWA BARAT,162,KAB. CIREBON,2088,Astanajapura,11,11,11,8,0,0,0,20000,1,1,0,0,0,20000
12,JAWA BARAT,162,KAB. CIREBON,2083,Babakan,14,14,14,11,0,0,0,1650000,33,33,1060000,32,53,2710000
12,JAWA BARAT,162,KAB. CIREBON,2091,Beber,10,10,10,10,0,8,240000,6900000,138,138,2665000,149,256,9565000
12,JAWA BARAT,162,KAB. CIREBON,2080,Ciledug,10,10,10,8,0,0,0,17160000,206,206,13240000,186,726,30400000
12,JAWA BARAT,162,KAB. CIREBON,2104,Ciwaringin,8,8,8,5,0,0,0,0,0,0,0,0,0,0
12,JAWA BARAT,162,KAB. CIREBON,2109,Depok,12,12,12,12,0,0,0,2700000,54,54,0,0,0,2700000
12,JAWA BARAT,162,KAB. CIREBON,2093,Dukupuntang,13,13,13,12,0,0,0,10330000,150,150,1617000,96,270,11947000
12,JAWA BARAT,162,KAB. CIREBON,2108,Gebang,13,13,13,12,0,0,0,1400000,14,14,0,0,0,1400000
12,JAWA BARAT,162,KAB. CIREBON,2106,Gegesik,14,14,14,10,0,0,0,2200000,22,22,1810000,22,362,4010000
12,JAWA BARAT,162,KAB. CIREBON,2115,Gempol,8,8,8,8,0,1000,11000000,54550000,1091,1091,23210000,727,2322,77760000
12,JAWA BARAT,162,KAB. CIREBON,2116,Greged,10,10,10,9,0,350,4725000,24650000,493,493,16005000,444,799,40655000
12,JAWA BARAT,162,KAB. CIREBON,2099,Gunung Jati,15,15,15,12,0,0,0,200000,2,2,0,0,0,200000
12,JAWA BARAT,162,KAB. CIREBON,2118,Jamblang,8,8,8,7,0,0,0,0,0,0,0,0,0,0
12,JAWA BARAT,162,KAB. CIREBON,2107,Kaliwedi,9,9,9,7,0,0,0,750000,15,15,1140000,26,57,1890000
12,JAWA BARAT,162,KAB. CIREBON,2084,Karangsembung,8,8,8,7,0,0,0,0,0,0,0,0,0,0
12,JAWA BARAT,162,KAB. CIREBON,2112,Karangwareng,9,9,9,8,0,0,0,10300000,128,128,5755000,82,413,16055000
12,JAWA BARAT,162,KAB. CIREBON,2098,Kedawung,9,8,9,7,0,0,0,0,0,0,0,0,0,0
12,JAWA BARAT,162,KAB. CIREBON,2100,Kepetakan,9,9,9,5,0,0,0,0,0,0,0,0,0,0
12,JAWA BARAT,162,KAB. CIREBON,2101,Klangenan,9,9,9,9,0,0,0,1350000,27,27,360000,18,18,1710000
12,JAWA BARAT,162,KAB. CIREBON,2085,Lemahabang,13,13,13,13,0,0,0,6500000,130,130,16855000,150,886,23355000
12,JAWA BARAT,162,KAB. CIREBON,2081,Losari,10,10,10,8,0,0,0,0,0,0,0,0,0,0
12,JAWA BARAT,162,KAB. CIREBON,2090,Mundu,12,12,12,8,0,3744,54288000,3700000,74,74,3785000,69,350,7485000
12,JAWA BARAT,162,KAB. CIREBON,2082,Pabedilan,13,13,13,13,0,0,0,0,0,0,0,0,0,0
12,JAWA BARAT,162,KAB. CIREBON,2111,Pabuaran,7,7,7,7,0,1,19000,0,0,0,10000,1,1,10000
12,JAWA BARAT,162,KAB. CIREBON,2094,Palimanan,12,12,12,11,0,0,0,6650000,133,133,1600000,127,160,8250000
12,JAWA BARAT,162,KAB. CIREBON,2089,Pangenan,9,9,9,9,0,0,0,20000,4,4,0,0,0,20000
12,JAWA BARAT,162,KAB. CIREBON,2103,Panguragan,9,9,9,9,0,0,0,0,0,0,0,0,0,0
12,JAWA BARAT,162,KAB. CIREBON,2110,Pasaleman,7,7,7,6,0,0,0,0,0,0,0,0,0,0
12,JAWA BARAT,162,KAB. CIREBON,2114,Plered,10,10,10,10,0,0,0,670000,14,14,200000,13,20,870000
12,JAWA BARAT,162,KAB. CIREBON,2095,Plumbon,15,15,15,14,0,0,0,4300000,86,86,10320000,86,688,14620000
12,JAWA BARAT,162,KAB. CIREBON,2087,Sedong,11,10,11,9,0,2,60000,14900000,298,298,9265000,293,930,24165000
12,JAWA BARAT,162,KAB. CIREBON,2092,Sumber,14,14,14,14,0,4568,61587000,7650000,114,114,5740000,104,287,13390000
12,JAWA BARAT,162,KAB. CIREBON,2117,Suranenggala,9,9,9,9,0,3,4800000,850000,17,17,70000,14,14,920000
12,JAWA BARAT,162,KAB. CIREBON,2105,Susukan,12,12,12,8,0,0,0,350000,7,7,75000,15,15,425000
12,JAWA BARAT,162,KAB. CIREBON,2086,Susukan Lebak,13,13,13,12,0,0,0,8800000,88,88,2020000,73,202,10820000
12,JAWA BARAT,162,KAB. CIREBON,2097,Talun,11,11,11,10,0,0,0,725000,50,50,1225000,27,245,1950000
12,JAWA BARAT,162,KAB. CIREBON,2113,Tengah Tani,8,8,8,8,0,0,0,0,0,0,0,0,0,0
12,JAWA BARAT,162,KAB. CIREBON,2079,Waled,12,12,12,12,0,170,9197000,8750000,88,88,2710000,87,271,11460000
12,JAWA BARAT,162,KAB. CIREBON,2096,Weru,9,9,9,7,0,0,0,750000,15,15,0,0,0,750000
12,JAWA BARAT,158,KAB. GARUT,1963,Banjarwangi,11,11,11,11,0,0,0,0,0,0,0,0,0,0
12,JAWA BARAT,158,KAB. GARUT,1946,Banyuresmi,15,15,15,15,0,0,0,7850000,180,180,2190000,96,219,10040000
12,JAWA BARAT,158,KAB. GARUT,1957,Bayongbong,18,18,18,18,0,0,0,32325000,431,431,3700000,138,740,36025000
12,JAWA BARAT,158,KAB. GARUT,6858,Bl. Limbangan,14,14,14,13,0,0,0,6800000,134,134,10000,1,1,6810000
12,JAWA BARAT,158,KAB. GARUT,1971,Bungbulang,13,13,13,13,0,1626,5538000,135000,1,1,0,0,0,135000
12,JAWA BARAT,158,KAB. GARUT,1976,Caringin,6,6,6,6,0,0,0,4430000,93,93,3290000,96,318,7720000
12,JAWA BARAT,158,KAB. GARUT,1969,Cibalong,11,11,11,11,0,600,8700000,5600000,112,112,0,0,0,5600000
12,JAWA BARAT,158,KAB. GARUT,1952,Cibatu,11,11,11,6,0,56430,102846600,23250000,814,814,18780000,669,2757,42030000
12,JAWA BARAT,158,KAB. GARUT,1979,Cibiuk,5,5,5,4,0,0,0,0,0,0,0,0,0,0
12,JAWA BARAT,158,KAB. GARUT,1958,Cigedug,5,5,5,5,0,0,0,0,0,0,0,0,0,0
12,JAWA BARAT,158,KAB. GARUT,1965,Cihurip,4,4,4,4,0,0,0,0,0,0,0,0,0,0
12,JAWA BARAT,158,KAB. GARUT,1962,Cikajang,12,12,12,12,0,1200,17400000,14955000,627,627,10030000,620,1018,24985000
12,JAWA BARAT,158,KAB. GARUT,1970,Cikelet,11,11,11,10,0,0,0,11200000,224,224,410000,23,42,11610000
12,JAWA BARAT,158,KAB. GARUT,1959,Cilawu,18,18,18,17,0,500,5500000,1880000,128,128,2720000,60,272,4600000
12,JAWA BARAT,158,KAB. GARUT,1975,Cisewu,9,9,9,6,0,2,60000,21450000,429,429,680000,119,136,22130000
12,JAWA BARAT,158,KAB. GARUT,1968,Cisompet,11,11,11,9,0,0,0,0,0,0,0,0,0,0
12,JAWA BARAT,158,KAB. GARUT,1960,Cisurupan,17,17,17,17,0,0,0,0,0,0,0,0,0,0
12,JAWA BARAT,158,KAB. GARUT,1941,Garut Kota,11,11,11,10,0,0,0,7870000,322,322,1220000,80,122,9090000
12,JAWA BARAT,158,KAB. GARUT,1950,Kadungora,14,14,14,14,0,600,8700000,4131875,440,440,1222840,311,406,5354715
12,JAWA BARAT,158,KAB. GARUT,1942,Karangpawitan,20,20,20,20,0,16700,227800000,13865000,766,766,12270000,751,1227,26135000
12,JAWA BARAT,158,KAB. GARUT,1956,Karangtengah,4,4,4,2,0,7,943000,20440000,1121,1121,25760000,519,2552,46200000
12,JAWA BARAT,158,KAB. GARUT,1953,Kersamanah,6,6,6,4,0,0,0,5200000,104,104,2320000,72,116,7520000
12,JAWA BARAT,158,KAB. GARUT,1949,Leles,12,12,12,12,0,0,0,16175000,456,456,5280000,213,436,21455000
12,JAWA BARAT,158,KAB. GARUT,1951,Leuwigoong,8,8,8,6,0,0,0,11300000,259,259,8640000,328,486,19940000
12,JAWA BARAT,158,KAB. GARUT,1954,Malangbong,24,24,24,24,0,11623,139895000,58120000,1208,1208,42150000,1012,4271,100270000
12,JAWA BARAT,158,KAB. GARUT,1972,Mekarmukti,5,5,5,2,0,0,0,25000,1,1,0,0,0,25000
12,JAWA BARAT,158,KAB. GARUT,1973,Pakenjeng,13,13,13,13,0,0,0,41200000,412,412,2880000,107,288,44080000
12,JAWA BARAT,158,KAB. GARUT,1967,Pameungpeuk,8,8,8,8,0,0,0,12480000,363,363,8610000,372,861,21090000
12,JAWA BARAT,158,KAB. GARUT,1974,Pamulihan,5,5,5,5,0,0,0,0,0,0,0,0,0,0
12,JAWA BARAT,158,KAB. GARUT,1980,Pangatikan,8,8,8,1,0,1800,26100000,860000,43,43,630000,51,63,1490000
12,JAWA BARAT,158,KAB. GARUT,1948,Pasirwangi,12,12,12,12,0,1200,17400000,2650000,53,53,680000,50,68,3330000
12,JAWA BARAT,158,KAB. GARUT,1966,Peundeuy,6,6,6,6,0,0,0,3825000,153,153,6520000,153,652,10345000
12,JAWA BARAT,158,KAB. GARUT,1947,Samarang,13,13,13,13,0,0,0,230000,7,7,5000,1,1,235000
12,JAWA BARAT,158,KAB. GARUT,1978,Selaawi,7,7,7,7,0,0,0,15600000,237,237,4620000,231,462,20220000
12,JAWA BARAT,158,KAB. GARUT,1964,Singajaya,9,9,9,9,0,0,0,0,0,0,0,0,0,0
12,JAWA BARAT,158,KAB. GARUT,1981,Sucinaraja,7,7,7,6,0,0,0,6500000,217,217,2015000,166,241,8515000
12,JAWA BARAT,158,KAB. GARUT,1961,Sukaresmi,6,6,6,6,0,0,0,3700000,74,74,10000,1,1,3710000
12,JAWA BARAT,158,KAB. GARUT,1955,Sukawening,11,11,11,7,0,2800,37100000,5075000,102,102,3910000,40,118,8985000
12,JAWA BARAT,158,KAB. GARUT,1977,Talegong,7,7,7,7,0,1561,26713200,20250000,405,405,24100000,403,2410,44350000
12,JAWA BARAT,158,KAB. GARUT,1944,Tarogong Kaler,13,13,13,13,0,3197,39262000,12690000,534,534,12035000,266,896,24725000
12,JAWA BARAT,158,KAB. GARUT,1945,Tarogong Kidul,12,12,12,12,0,3100,44600000,28125000,1068,1068,11710000,931,1171,39835000
12,JAWA BARAT,158,KAB. GARUT,1943,Wanaraja,9,9,9,7,0,0,0,2040000,102,102,4620000,102,462,6660000
12,JAWA BARAT,165,KAB. INDRAMAYU,2193,Anjatan,13,13,13,13,0,485,5714000,4450000,89,89,390000,17,17,4840000
12,JAWA BARAT,165,KAB. INDRAMAYU,2189,Arahan,8,8,8,7,0,0,0,0,0,0,0,0,0,0
12,JAWA BARAT,165,KAB. INDRAMAYU,2184,Balongan,10,10,10,10,0,0,0,0,0,0,0,0,0,0
12,JAWA BARAT,165,KAB. INDRAMAYU,2176,Bangodua,8,8,8,6,0,0,0,700000,14,14,10000,1,1,710000
12,JAWA BARAT,165,KAB. INDRAMAYU,2192,Bongas,8,8,8,6,0,0,0,2250000,30,30,300000,30,30,2550000
12,JAWA BARAT,165,KAB. INDRAMAYU,2187,Cantigi,7,7,7,6,0,0,0,0,0,0,0,0,0,0
12,JAWA BARAT,165,KAB. INDRAMAYU,2174,Cikedung,7,7,7,4,0,0,0,0,0,0,0,0,0,0
12,JAWA BARAT,165,KAB. INDRAMAYU,2173,Gabuswetan,10,10,10,10,0,0,0,100000,1,1,50000,1,1,150000
12,JAWA BARAT,165,KAB. INDRAMAYU,2195,Gantar,7,7,7,6,0,0,0,300000,6,6,20000,2,2,320000
12,JAWA BARAT,165,KAB. INDRAMAYU,2171,Haurgeulis,10,10,10,5,0,0,0,710000,11,12,1010000,26,56,1720000
12,JAWA BARAT,165,KAB. INDRAMAYU,2185,Indramayu,18,18,18,17,0,0,0,3350000,44,44,4630000,60,286,7980000
12,JAWA BARAT,165,KAB. INDRAMAYU,2183,Jatibarang,15,15,15,14,0,0,0,870000,29,29,3310000,48,167,4180000
12,JAWA BARAT,165,KAB. INDRAMAYU,2181,Juntinyuat,12,12,12,12,0,0,0,3600000,36,36,930000,35,93,4530000
12,JAWA BARAT,165,KAB. INDRAMAYU,2191,Kandanghaur,13,13,13,12,0,1440,20880000,8320000,85,85,5560000,82,277,13880000
12,JAWA BARAT,165,KAB. INDRAMAYU,2180,Karangampel,11,11,11,10,0,101747,185083320,0,0,0,0,0,0,0
12,JAWA BARAT,165,KAB. INDRAMAYU,2198,Kedokan Bunder,7,7,7,6,0,0,0,0,0,0,20000,2,2,20000
12,JAWA BARAT,165,KAB. INDRAMAYU,2178,Kertasemaya,13,13,13,11,0,3,40500,0,0,0,15000,3,3,15000
12,JAWA BARAT,165,KAB. INDRAMAYU,2179,Krangkeng,11,11,11,11,0,0,0,100000,1,1,40000,1,2,140000
12,JAWA BARAT,165,KAB. INDRAMAYU,2172,Kroya,9,9,9,7,0,0,0,0,0,0,0,0,0,0
12,JAWA BARAT,165,KAB. INDRAMAYU,2175,Lelea,11,9,11,7,0,0,0,5650000,113,113,0,0,0,5650000
12,JAWA BARAT,165,KAB. INDRAMAYU,2188,Lohbener,12,12,12,11,0,0,0,50000,1,1,10000,1,1,60000
12,JAWA BARAT,165,KAB. INDRAMAYU,2190,Losarang,13,13,13,11,0,0,0,0,0,0,0,0,0,0
12,JAWA BARAT,165,KAB. INDRAMAYU,2199,Pasekan,6,6,6,6,0,0,0,0,0,0,0,0,0,0
12,JAWA BARAT,165,KAB. INDRAMAYU,2201,Patrol,8,8,8,7,0,0,0,120000,2,2,5000,1,1,125000
12,JAWA BARAT,165,KAB. INDRAMAYU,2186,Sindang,9,9,9,9,0,350,5175000,0,0,0,0,0,0,0
12,JAWA BARAT,165,KAB. INDRAMAYU,2182,Sliyeg,14,14,14,9,0,2,24000,0,0,0,0,0,0,0
12,JAWA BARAT,165,KAB. INDRAMAYU,2197,Sukagumiwang,7,7,7,7,0,28852,52525360,0,0,0,0,0,0,0
12,JAWA BARAT,165,KAB. INDRAMAYU,2194,Sukra,8,8,8,8,0,0,0,7500000,75,75,7190000,74,719,14690000
12,JAWA BARAT,165,KAB. INDRAMAYU,2196,Terisi,9,8,9,9,0,0,0,0,0,0,0,0,0,0
12,JAWA BARAT,165,KAB. INDRAMAYU,2200,Tukdana,13,13,13,10,0,0,0,30000,1,1,10000,1,1,40000
12,JAWA BARAT,165,KAB. INDRAMAYU,2177,Widasari,10,10,10,9,0,0,0,100000,2,2,20000,2,2,120000
12,JAWA BARAT,168,KAB. KARAWANG,2271,Banyusari,12,12,12,12,0,0,0,3750000,75,75,3640000,75,320,7390000
12,JAWA BARAT,168,KAB. KARAWANG,2256,Batujaya,10,10,10,10,0,14,6493000,11900000,238,238,12740000,233,637,24640000
12,JAWA BARAT,168,KAB. KARAWANG,2252,Ciampel,7,7,7,7,0,0,0,200000,2,2,10000,1,1,210000
12,JAWA BARAT,168,KAB. KARAWANG,2259,Cibuaya,11,11,11,11,0,0,0,0,0,0,0,0,0,0
12,JAWA BARAT,168,KAB. KARAWANG,2261,Cikampek,10,10,10,10,0,0,0,0,0,0,0,0,0,0
12,JAWA BARAT,168,KAB. KARAWANG,2270,Cilamaya Kulon,12,12,12,12,0,2,1000,1325000,25,25,260000,22,22,1585000
12,JAWA BARAT,168,KAB. KARAWANG,2263,Cilamaya Wetan,12,12,12,12,0,0,0,29050000,447,447,21140000,335,1127,50190000
12,JAWA BARAT,168,KAB. KARAWANG,2277,Cilebar,10,10,10,10,0,0,0,800000,16,16,100000,5,8,900000
12,JAWA BARAT,168,KAB. KARAWANG,2262,Jatisari,14,14,14,13,0,0,0,2400000,48,48,810000,41,41,3210000
12,JAWA BARAT,168,KAB. KARAWANG,2269,Jayakerta,8,8,8,8,0,0,0,1650000,33,33,0,0,0,1650000
12,JAWA BARAT,168,KAB. KARAWANG,2249,Karawang Barat,8,8,8,8,0,0,0,72200000,171,1333,164490000,171,3293,236690000
12,JAWA BARAT,168,KAB. KARAWANG,2273,Karawang Timur,8,8,8,8,0,0,0,7940000,266,266,5870000,133,478,13810000
12,JAWA BARAT,168,KAB. KARAWANG,2253,Klari,13,13,13,13,0,0,0,11250000,223,223,8450000,283,422,19700000
12,JAWA BARAT,168,KAB. KARAWANG,2272,Kota Baru,9,9,9,9,0,1917,30852500,5230000,113,113,4530000,108,293,9760000
12,JAWA BARAT,168,KAB. KARAWANG,2255,Kutawaluya,12,12,12,12,0,0,0,1000000,10,10,50000,1,1,1050000
12,JAWA BARAT,168,KAB. KARAWANG,2266,Lemahabang,11,11,11,11,0,0,0,14150050,284,284,11490020,212,487,25640070
12,JAWA BARAT,168,KAB. KARAWANG,2268,Majalaya,7,7,7,7,0,0,0,5750000,115,115,1190000,117,117,6940000
12,JAWA BARAT,168,KAB. KARAWANG,2260,Pakisjaya,8,8,8,8,0,0,0,0,0,0,0,0,0,0
12,JAWA BARAT,168,KAB. KARAWANG,2250,Pangkalan,8,8,8,8,0,0,0,0,0,0,0,0,0,0
12,JAWA BARAT,168,KAB. KARAWANG,2258,Pedes,12,12,12,12,0,67,4690000,8800000,88,88,1540000,76,77,10340000
12,JAWA BARAT,168,KAB. KARAWANG,2276,Purwasari,8,8,8,8,0,1680,26376000,8550000,171,171,7970000,143,469,16520000
12,JAWA BARAT,168,KAB. KARAWANG,2265,Rawamerta,13,13,13,13,0,220,3325000,0,0,0,0,0,0,0
12,JAWA BARAT,168,KAB. KARAWANG,2254,Rengasdengklok,9,9,9,6,0,0,0,0,0,0,0,0,0,0
12,JAWA BARAT,168,KAB. KARAWANG,2275,Tegalwaru,9,9,9,8,0,0,0,0,0,0,0,0,0,0
12,JAWA BARAT,168,KAB. KARAWANG,6860,Telagasari,14,14,14,14,0,0,0,0,0,0,0,0,0,0
12,JAWA BARAT,168,KAB. KARAWANG,2274,Telukjambe Barat,10,10,10,10,0,0,0,600000,12,12,240000,12,12,840000
12,JAWA BARAT,168,KAB. KARAWANG,2251,Telukjambe Timur,9,9,9,9,0,0,0,4800000,49,49,7500000,47,300,12300000
12,JAWA BARAT,168,KAB. KARAWANG,2267,Tempuran,14,14,14,14,0,0,0,7300000,73,73,6240000,70,289,13540000
12,JAWA BARAT,168,KAB. KARAWANG,2257,Tirtajaya,11,11,11,11,0,0,0,0,0,0,0,0,0,0
12,JAWA BARAT,168,KAB. KARAWANG,2264,Tirtamulya,10,10,10,10,0,0,0,0,0,0,0,0,0,0
12,JAWA BARAT,161,KAB. KUNINGAN,2057,Ciawigebang,24,24,24,20,0,0,0,9400000,188,188,4980000,82,498,14380000
12,JAWA BARAT,161,KAB. KUNINGAN,2075,Cibeureum,8,8,8,6,0,0,0,2770000,56,56,2200000,55,220,4970000
12,JAWA BARAT,161,KAB. KUNINGAN,2052,Cibingbin,10,10,10,9,0,0,0,1800000,18,18,900000,18,18,2700000
12,JAWA BARAT,161,KAB. KUNINGAN,2058,Cidahu,12,12,12,6,0,0,0,2480000,67,67,2910000,68,291,5390000
12,JAWA BARAT,161,KAB. KUNINGAN,2078,Cigandamekar,11,11,11,11,0,0,0,8330000,356,356,25930000,384,2363,34260000
12,JAWA BARAT,161,KAB. KUNINGAN,2065,Cigugur,10,10,10,10,0,10,274000,16000000,197,197,414590000,181,715,430590000
12,JAWA BARAT,161,KAB. KUNINGAN,2072,Cilebak,7,7,7,5,0,0,0,235000,6,6,45000,7,7,280000
12,JAWA BARAT,161,KAB. KUNINGAN,2060,Cilimus,13,13,13,13,0,19297,242185000,2900000,54,54,565000,52,52,3465000
12,JAWA BARAT,161,KAB. KUNINGAN,2071,Cimahi,10,10,10,9,0,0,0,18600000,226,226,11085000,195,1100,29685000
12,JAWA BARAT,161,KAB. KUNINGAN,2049,Ciniru,9,9,9,8,0,0,0,50000,1,1,0,0,0,50000
12,JAWA BARAT,161,KAB. KUNINGAN,2068,Cipicung,10,10,10,9,0,0,0,0,0,0,0,0,0,0
12,JAWA BARAT,161,KAB. KUNINGAN,2051,Ciwaru,12,12,12,12,0,0,0,3190000,65,65,2005000,65,138,5195000
12,JAWA BARAT,161,KAB. KUNINGAN,2064,Darma,19,19,19,17,0,40320,72140800,12530000,253,253,7680000,144,352,20210000
12,JAWA BARAT,161,KAB. KUNINGAN,2055,Garawangi,17,17,17,17,0,0,0,3050000,61,61,1520000,61,152,4570000
12,JAWA BARAT,161,KAB. KUNINGAN,2073,Hantara,8,8,8,6,0,0,0,800000,16,16,225000,15,39,1025000
12,JAWA BARAT,161,KAB. KUNINGAN,2059,Jalaksana,15,15,15,14,0,50,100,2725000,91,91,430000,25,79,3155000
12,JAWA BARAT,161,KAB. KUNINGAN,2070,Japara,10,10,10,10,0,0,0,2920000,30,30,5590000,32,225,8510000
12,JAWA BARAT,161,KAB. KUNINGAN,2048,Kadugede,12,12,12,12,0,174,843000,8050000,126,126,8555000,116,511,16605000
12,JAWA BARAT,161,KAB. KUNINGAN,2074,Kalimanggis,6,6,6,6,0,0,0,0,0,0,0,0,0,0
12,JAWA BARAT,161,KAB. KUNINGAN,6859,Karangkancana,9,9,9,8,0,0,0,0,0,0,0,0,0,0
12,JAWA BARAT,161,KAB. KUNINGAN,2063,Kramatmulya,14,14,14,14,0,0,0,50000,1,1,0,0,0,50000
12,JAWA BARAT,161,KAB. KUNINGAN,2056,Kuningan,16,16,16,15,0,0,0,250000,5,5,0,0,0,250000
12,JAWA BARAT,161,KAB. KUNINGAN,2054,Lebakwangi,13,13,13,13,0,0,0,7500000,111,111,1560000,101,156,9060000
12,JAWA BARAT,161,KAB. KUNINGAN,2053,Luragung,17,16,17,15,0,0,0,19430000,416,416,16295880,417,1214,35725880
12,JAWA BARAT,161,KAB. KUNINGAN,2076,Maleber,16,16,16,16,0,0,0,4400000,140,140,5390000,121,540,9790000
12,JAWA BARAT,161,KAB. KUNINGAN,2061,Mandirancan,12,12,12,7,0,0,0,0,0,0,0,0,0,0
12,JAWA BARAT,161,KAB. KUNINGAN,2067,Nusaherang,8,8,8,7,0,0,0,5850000,117,117,3860000,117,583,9710000
12,JAWA BARAT,161,KAB. KUNINGAN,2069,Pancalang,13,13,13,13,0,0,0,0,0,0,0,0,0,0
12,JAWA BARAT,161,KAB. KUNINGAN,2066,Pasawahan,10,10,10,10,0,0,0,0,0,0,0,0,0,0
12,JAWA BARAT,161,KAB. KUNINGAN,2062,Selajambe,7,7,7,6,0,0,0,0,0,0,0,0,0,0
12,JAWA BARAT,161,KAB. KUNINGAN,2077,Sindangagung,12,12,12,11,0,0,0,10495000,256,256,22745000,267,1574,33240000
12,JAWA BARAT,161,KAB. KUNINGAN,2050,Subang,7,7,7,5,0,0,0,2000000,23,23,945000,21,91,2945000
12,JAWA BARAT,163,KAB. MAJALENGKA,2123,Argapura,14,14,14,14,0,0,0,0,0,0,0,0,0,0
12,JAWA BARAT,163,KAB. MAJALENGKA,2140,Banjaran,13,13,13,13,0,0,0,0,0,0,0,0,0,0
12,JAWA BARAT,163,KAB. MAJALENGKA,2120,Bantarujeg,13,13,13,11,0,0,0,1500000,30,30,435000,19,42,1935000
12,JAWA BARAT,163,KAB. MAJALENGKA,2138,Cigasong,10,10,10,10,0,10,160000,500000,10,10,0,0,0,500000
12,JAWA BARAT,163,KAB. MAJALENGKA,2121,Cikijing,16,16,16,13,0,15,235500,7000000,280,280,4745000,268,949,11745000
12,JAWA BARAT,163,KAB. MAJALENGKA,2141,Cingambul,13,13,13,11,0,10920,165497000,4950000,50,50,4140000,46,207,9090000
12,JAWA BARAT,163,KAB. MAJALENGKA,2130,Dawuan,11,11,11,10,0,0,0,1125000,23,23,4735000,23,190,5860000
12,JAWA BARAT,163,KAB. MAJALENGKA,2133,Jatitujuh,15,15,15,13,0,0,0,600000,12,12,840000,13,42,1440000
12,JAWA BARAT,163,KAB. MAJALENGKA,2129,Jatiwangi,16,16,16,16,0,0,0,6400000,127,127,15560000,118,709,21960000
12,JAWA BARAT,163,KAB. MAJALENGKA,2131,Kadipaten,7,7,7,6,0,0,0,5820000,156,156,1790000,86,179,7610000
12,JAWA BARAT,163,KAB. MAJALENGKA,2142,Kasokandel,10,10,10,10,0,1920,56808000,15950000,319,319,27520000,321,2752,43470000
12,JAWA BARAT,163,KAB. MAJALENGKA,2132,Kertajati,14,14,14,11,0,600,9600000,0,0,0,0,0,0,0
12,JAWA BARAT,163,KAB. MAJALENGKA,2119,Lemahsugih,19,18,19,19,0,0,0,28860000,564,564,15590000,557,769,44450000
12,JAWA BARAT,163,KAB. MAJALENGKA,2128,Leuwimunding,15,14,15,13,0,0,0,0,0,0,0,0,0,0
12,JAWA BARAT,163,KAB. MAJALENGKA,2134,Ligung,19,19,19,15,0,1489,21752200,1800000,36,36,1070000,44,44,2870000
12,JAWA BARAT,163,KAB. MAJALENGKA,2124,Maja,18,18,18,16,0,6,114000,7580000,272,272,8325000,270,742,15905000
12,JAWA BARAT,163,KAB. MAJALENGKA,2125,Majalengka,14,14,14,12,0,0,0,100000,1,1,0,0,0,100000
12,JAWA BARAT,163,KAB. MAJALENGKA,2144,Malausma,11,11,11,10,0,0,0,0,0,0,0,0,0,0
12,JAWA BARAT,163,KAB. MAJALENGKA,2137,Palasah,13,13,13,8,0,0,0,0,0,0,0,0,0,0
12,JAWA BARAT,163,KAB. MAJALENGKA,2136,Panyingkiran,9,9,9,7,0,0,0,1400000,28,28,2490000,28,249,3890000
12,JAWA BARAT,163,KAB. MAJALENGKA,2127,Rajagaluh,13,13,13,12,0,0,0,1000000,20,20,1190000,20,119,2190000
12,JAWA BARAT,163,KAB. MAJALENGKA,2143,Sindang,8,8,8,8,0,0,0,5750000,98,98,1950000,52,179,7700000
12,JAWA BARAT,163,KAB. MAJALENGKA,2139,Sindangwangi,10,10,10,9,0,0,0,0,0,0,0,0,0,0
12,JAWA BARAT,163,KAB. MAJALENGKA,2126,Sukahaji,13,13,13,11,0,0,0,2700000,42,42,500000,42,44,3200000
12,JAWA BARAT,163,KAB. MAJALENGKA,2135,Sumberjaya,15,15,15,12,0,0,0,7100000,140,140,5490000,139,549,12590000
12,JAWA BARAT,163,KAB. MAJALENGKA,2122,Talaga,17,17,17,16,0,0,0,16200000,312,312,500000,25,25,16700000
12,JAWA BARAT,174,KAB. PANGANDARAN,2339,Cigugur,7,7,7,2,0,0,0,0,0,0,0,0,0,0
12,JAWA BARAT,174,KAB. PANGANDARAN,2337,Cijulang,7,7,7,4,0,0,0,3700000,74,74,530000,50,50,4230000
12,JAWA BARAT,174,KAB. PANGANDARAN,2338,Cimerak,11,11,11,9,0,30,150000,2450000,49,49,7200000,48,360,9650000
12,JAWA BARAT,174,KAB. PANGANDARAN,2343,Kalipucang,9,9,9,0,0,0,0,1220000,67,67,330000,20,62,1550000
12,JAWA BARAT,174,KAB. PANGANDARAN,2340,Langkaplancar,15,15,15,7,0,0,0,75000,2,2,195000,11,11,270000
12,JAWA BARAT,174,KAB. PANGANDARAN,2341,Mangunjaya,5,5,5,5,0,0,0,0,0,0,0,0,0,0
12,JAWA BARAT,174,KAB. PANGANDARAN,2342,Padaherang,14,14,14,7,0,4,80000,7235000,221,221,1785000,155,234,9020000
12,JAWA BARAT,174,KAB. PANGANDARAN,2344,Pangandaran,8,8,8,6,0,0,0,200000,4,4,0,0,0,200000
12,JAWA BARAT,174,KAB. PANGANDARAN,2336,Parigi,10,10,10,4,0,0,0,10200000,204,204,1500000,150,150,11700000
12,JAWA BARAT,174,KAB. PANGANDARAN,2345,Sidamulih,7,7,7,3,0,0,0,2200000,44,44,820000,41,41,3020000
12,JAWA BARAT,167,KAB. PURWAKARTA,2243,Babakancikao,9,9,9,9,0,162,6360000,11940000,159,159,13605000,159,670,25545000
12,JAWA BARAT,167,KAB. PURWAKARTA,2242,Bojong,14,14,14,14,0,10,50000,10350000,155,155,4330000,131,183,14680000
12,JAWA BARAT,167,KAB. PURWAKARTA,2244,Bungursari,10,10,10,10,0,1500,22500000,22700000,227,227,11005000,209,548,33705000
12,JAWA BARAT,167,KAB. PURWAKARTA,2233,Campaka,10,10,10,10,0,0,0,100000,2,2,50000,1,1,150000
12,JAWA BARAT,167,KAB. PURWAKARTA,2245,Cibatu,10,10,10,10,0,0,0,3100000,61,61,520000,30,51,3620000
12,JAWA BARAT,167,KAB. PURWAKARTA,2237,Darangdan,15,14,15,15,0,5,100000,25650000,510,510,53280000,461,2666,78930000
12,JAWA BARAT,167,KAB. PURWAKARTA,2234,Jatiluhur,10,9,10,10,0,480,6960000,6150000,123,123,4320000,126,432,10470000
12,JAWA BARAT,167,KAB. PURWAKARTA,2248,Kiarapedes,10,10,10,9,0,0,0,7000000,70,70,2530000,55,253,9530000
12,JAWA BARAT,167,KAB. PURWAKARTA,2238,Maniis,8,7,8,8,0,0,0,0,0,0,0,0,0,0
12,JAWA BARAT,167,KAB. PURWAKARTA,2241,Pasawahan,12,12,12,12,0,3630,53130000,14350000,185,185,22760000,191,1138,37110000
12,JAWA BARAT,167,KAB. PURWAKARTA,2235,Plered,16,16,16,16,0,0,0,5910050,161,161,7900000,207,392,13810050
12,JAWA BARAT,167,KAB. PURWAKARTA,2247,Pondoksalam,11,11,11,10,0,0,0,50000,1,1,10000,1,1,60000
12,JAWA BARAT,167,KAB. PURWAKARTA,2232,Purwakarta,10,10,10,10,0,0,0,0,0,0,0,0,0,0
12,JAWA BARAT,167,KAB. PURWAKARTA,2246,Sukasari,5,4,5,4,0,0,0,350000,7,7,10000,1,1,360000
12,JAWA BARAT,167,KAB. PURWAKARTA,2236,Sukatani,14,14,14,14,0,0,0,0,0,0,0,0,0,0
12,JAWA BARAT,167,KAB. PURWAKARTA,2239,Tegalwaru,13,13,13,13,0,2,16000,7800000,183,183,9615000,162,453,17415000
12,JAWA BARAT,167,KAB. PURWAKARTA,2240,Wanayasa,15,15,15,15,0,0,0,11060000,218,218,5330000,206,533,16390000
12,JAWA BARAT,166,KAB. SUBANG,2209,Binong,9,9,9,7,0,0,0,12180000,192,192,4490000,102,341,16670000
12,JAWA BARAT,166,KAB. SUBANG,2214,Blanakan,9,9,9,8,0,0,0,2250000,15,15,0,0,0,2250000
12,JAWA BARAT,166,KAB. SUBANG,2210,Ciasem,9,9,9,8,0,0,0,0,0,0,0,0,0,0
12,JAWA BARAT,166,KAB. SUBANG,2230,Ciater,7,7,7,7,0,1671,23305000,10720000,250,250,10430000,100,546,21150000
12,JAWA BARAT,166,KAB. SUBANG,2218,Cibogo,9,9,9,8,0,0,0,3350000,64,64,1300000,27,109,4650000
12,JAWA BARAT,166,KAB. SUBANG,2220,Cijambe,8,8,8,7,0,437,7405500,4800000,96,96,4820000,95,241,9620000
12,JAWA BARAT,166,KAB. SUBANG,2223,Cikaum,9,9,9,9,0,0,0,3650000,73,73,3380504,77,338,7030504
12,JAWA BARAT,166,KAB. SUBANG,2221,Cipeundeuy,7,7,7,7,0,116895,212699440,2100000,42,42,1000000,27,100,3100000
12,JAWA BARAT,166,KAB. SUBANG,2219,Cipunagara,11,11,11,6,0,0,0,0,0,0,0,0,0,0
12,JAWA BARAT,166,KAB. SUBANG,2203,Cisalak,9,9,9,6,0,0,0,9950000,199,199,5920000,168,592,15870000
12,JAWA BARAT,166,KAB. SUBANG,2216,Compreng,8,8,8,5,0,0,0,1700000,34,34,340000,34,34,2040000
12,JAWA BARAT,166,KAB. SUBANG,2228,Dawuan,10,10,10,8,0,3469,52314200,7200000,135,135,3550000,110,355,10750000
12,JAWA BARAT,166,KAB. SUBANG,2213,Jalancagak,7,7,7,4,0,0,0,0,0,0,0,0,0,0
12,JAWA BARAT,166,KAB. SUBANG,2205,Kalijati,10,10,10,10,0,0,0,1330000,20,20,970000,20,55,2300000
12,JAWA BARAT,166,KAB. SUBANG,2227,Kasomalang,8,8,8,7,0,0,0,1590000,66,66,590000,59,59,2180000
12,JAWA BARAT,166,KAB. SUBANG,2222,Legonkulon,7,7,7,6,0,760,11120000,0,0,0,0,0,0,0
12,JAWA BARAT,166,KAB. SUBANG,2206,Pabuaran,8,8,8,5,0,0,0,2500000,25,25,675000,27,27,3175000
12,JAWA BARAT,166,KAB. SUBANG,2208,Pagaden,11,7,11,6,0,0,0,5050000,101,101,50000,5,5,5100000
12,JAWA BARAT,166,KAB. SUBANG,2229,Pagaden Barat,9,9,9,8,0,10,175000,8550000,86,86,6205000,87,250,14755000
12,JAWA BARAT,166,KAB. SUBANG,2212,Pamanukan,8,8,8,8,0,0,0,3950000,79,79,2270000,78,227,6220000
12,JAWA BARAT,166,KAB. SUBANG,2217,Patokbeusi,10,10,10,8,0,0,0,0,0,0,0,0,0,0
12,JAWA BARAT,166,KAB. SUBANG,2207,Purwadadi,10,10,10,4,0,0,0,4050000,81,81,2420000,81,121,6470000
12,JAWA BARAT,166,KAB. SUBANG,2231,Pusakajaya,8,8,8,5,0,0,0,700000,14,14,450000,15,45,1150000
12,JAWA BARAT,166,KAB. SUBANG,2211,Pusakanagara,7,7,7,7,0,0,0,0,0,0,10000,1,1,10000
12,JAWA BARAT,166,KAB. SUBANG,2202,Sagalaherang,7,7,7,6,0,3302,48043000,9600000,192,192,10000,1,1,9610000
12,JAWA BARAT,166,KAB. SUBANG,2224,Serangpanjang,6,6,6,5,0,290,26240000,0,0,0,0,0,0,0
12,JAWA BARAT,166,KAB. SUBANG,2204,Subang,8,8,8,8,0,0,0,7960000,111,111,5525000,112,786,13485000
12,JAWA BARAT,166,KAB. SUBANG,2225,Sukasari,7,7,7,7,0,10,2400000,400000,8,8,240000,16,24,640000
12,JAWA BARAT,166,KAB. SUBANG,2226,Tambakdahan,9,9,9,9,0,0,0,50000,1,1,30000,1,1,80000
12,JAWA BARAT,166,KAB. SUBANG,2215,Tanjungsiang,10,10,10,9,0,0,0,9875000,390,390,6605000,393,1215,16480000
12,JAWA BARAT,155,KAB. SUKABUMI,1833,Bantargadung,7,7,7,7,0,0,0,0,0,0,0,0,0,0
12,JAWA BARAT,155,KAB. SUKABUMI,1861,Bojonggenteng,5,5,5,5,0,0,0,6370000,232,232,1355000,233,233,7725000
12,JAWA BARAT,155,KAB. SUKABUMI,1871,Caringin,9,9,9,6,0,0,0,2550000,51,51,590000,51,59,3140000
12,JAWA BARAT,155,KAB. SUKABUMI,1877,Ciambar,6,6,6,6,0,0,0,2600000,26,26,520000,26,26,3120000
12,JAWA BARAT,155,KAB. SUKABUMI,1858,Cibadak,10,10,10,6,0,0,0,600000,6,6,0,0,0,600000
12,JAWA BARAT,155,KAB. SUKABUMI,1843,Cibitung,6,6,6,4,0,0,0,30000,1,1,0,0,0,30000
12,JAWA BARAT,155,KAB. SUKABUMI,1868,Cicantayan,8,8,8,8,0,0,0,1400000,14,14,1400000,19,70,2800000
12,JAWA BARAT,155,KAB. SUKABUMI,1863,Cicurug,13,13,13,12,0,0,0,790000,21,21,1180000,21,59,1970000
12,JAWA BARAT,155,KAB. SUKABUMI,1853,Cidadap,6,6,6,6,0,0,0,0,0,0,0,0,0,0
12,JAWA BARAT,155,KAB. SUKABUMI,1864,Cidahu,8,8,8,3,0,0,0,0,0,0,0,0,0,0
12,JAWA BARAT,155,KAB. SUKABUMI,1852,Cidolog,5,5,5,5,0,0,0,100000,1,1,0,0,0,100000
12,JAWA BARAT,155,KAB. SUKABUMI,1840,Ciemas,9,9,9,8,0,0,0,8450000,87,87,530000,22,22,8980000
12,JAWA BARAT,155,KAB. SUKABUMI,1855,Cikakak,9,9,9,5,0,0,0,10900000,109,109,4300000,106,430,15200000
12,JAWA BARAT,155,KAB. SUKABUMI,1837,Cikembar,10,10,10,8,0,0,0,8000000,84,84,1460000,66,85,9460000
12,JAWA BARAT,155,KAB. SUKABUMI,1857,Cikidang,12,12,12,11,0,1,16000,21840000,225,228,3375000,152,168,25215000
12,JAWA BARAT,155,KAB. SUKABUMI,1876,Cimanggu,6,6,6,5,0,0,0,4500000,45,45,900000,45,45,5400000
12,JAWA BARAT,155,KAB. SUKABUMI,1844,Ciracap,8,8,8,8,0,0,0,30750000,364,364,7470000,320,839,38220000
12,JAWA BARAT,155,KAB. SUKABUMI,1874,Cireunghas,5,5,5,3,0,0,0,1000000,11,11,490000,7,49,1490000
12,JAWA BARAT,155,KAB. SUKABUMI,1869,Cisaat,13,13,13,11,0,1,135000,0,0,0,0,0,0,0
12,JAWA BARAT,155,KAB. SUKABUMI,1856,Cisolok,13,13,13,13,0,9,122000,43850000,235,235,7095000,184,207,50945000
12,JAWA BARAT,155,KAB. SUKABUMI,1851,Curugkembar,7,7,7,4,0,0,0,0,0,0,0,0,0,0
12,JAWA BARAT,155,KAB. SUKABUMI,1849,Gegerbitung,7,7,7,7,0,17,1065000,2675000,107,107,4260000,105,426,6935000
12,JAWA BARAT,155,KAB. SUKABUMI,1867,Gunungguruh,7,7,7,5,0,0,0,9800000,98,98,5675000,67,230,15475000
12,JAWA BARAT,155,KAB. SUKABUMI,1839,Jampangkulon,11,11,11,8,0,0,0,9700000,97,97,2400000,44,120,12100000
12,JAWA BARAT,155,KAB. SUKABUMI,1835,Jampangtengah,11,11,11,7,0,0,0,850000,17,17,280000,10,28,1130000
12,JAWA BARAT,155,KAB. SUKABUMI,1866,Kabandungan,6,6,6,4,0,2,32500,1100000,11,11,60000,2,3,1160000
12,JAWA BARAT,155,KAB. SUKABUMI,1870,Kadudampit,9,9,9,8,0,325,3575000,6720000,71,71,2050000,48,82,8770000
12,JAWA BARAT,155,KAB. SUKABUMI,1865,Kalapanunggal,7,7,7,6,0,0,0,2000000,39,40,1140000,37,114,3140000
12,JAWA BARAT,155,KAB. SUKABUMI,1841,Kalibunder,7,7,7,3,0,0,0,780000,20,20,140000,17,17,920000
12,JAWA BARAT,155,KAB. SUKABUMI,1873,Kebonpedes,5,5,5,4,0,24800,272800000,15550000,247,247,13240000,270,1072,28790000
12,JAWA BARAT,155,KAB. SUKABUMI,1834,Lengkong,5,5,5,5,0,0,0,0,0,0,0,0,0,0
12,JAWA BARAT,155,KAB. SUKABUMI,1859,Nagrak,10,10,10,10,0,0,0,14900000,234,234,2430000,170,243,17330000
12,JAWA BARAT,155,KAB. SUKABUMI,1848,Nyalindung,10,10,10,4,0,0,0,0,0,0,0,0,0,0
12,JAWA BARAT,155,KAB. SUKABUMI,1846,Pabuaran,7,7,7,7,0,0,0,2850000,19,19,20000,1,1,2870000
12,JAWA BARAT,155,KAB. SUKABUMI,6857,Palabuhanratu,11,11,11,9,0,0,0,5475000,219,219,2780000,145,145,8255000
12,JAWA BARAT,155,KAB. SUKABUMI,1862,Parakansalak,6,6,6,6,0,0,0,0,0,0,0,0,0,0
12,JAWA BARAT,155,KAB. SUKABUMI,1860,Parungkuda,8,8,8,6,0,1831,42615000,650000,13,13,320000,13,13,970000
12,JAWA BARAT,155,KAB. SUKABUMI,1847,Purabaya,7,7,7,7,0,0,0,200000,2,2,0,0,0,200000
12,JAWA BARAT,155,KAB. SUKABUMI,1850,Sagaranten,12,12,12,6,0,0,0,2300000,23,23,580000,23,29,2880000
12,JAWA BARAT,155,KAB. SUKABUMI,1832,Simpenan,7,7,7,5,0,0,0,0,0,0,0,0,0,0
12,JAWA BARAT,155,KAB. SUKABUMI,1872,Sukabumi,6,6,6,5,0,0,0,0,0,0,0,0,0,0
12,JAWA BARAT,155,KAB. SUKABUMI,1875,Sukalarang,6,6,6,6,0,3950,43450000,1450000,15,15,10000,1,1,1460000
12,JAWA BARAT,155,KAB. SUKABUMI,1845,Sukaraja,9,9,9,8,0,0,0,9000000,113,113,8520000,95,400,17520000
12,JAWA BARAT,155,KAB. SUKABUMI,1842,Surade,12,12,12,9,0,20,240000,150000,2,2,15000,1,1,165000
12,JAWA BARAT,155,KAB. SUKABUMI,1854,Tegalbuleud,9,9,9,6,0,0,0,2925000,46,46,540000,39,78,3465000
12,JAWA BARAT,155,KAB. SUKABUMI,1838,Waluran,6,6,6,6,0,0,0,4650000,90,90,420000,81,81,5070000
12,JAWA BARAT,155,KAB. SUKABUMI,1836,Warungkiara,12,12,12,8,0,0,0,5300000,53,53,1485000,64,99,6785000
12,JAWA BARAT,164,KAB. SUMEDANG,2154,Buahdua,14,14,14,7,0,0,0,0,0,0,0,0,0,0
12,JAWA BARAT,164,KAB. SUMEDANG,2148,Cibugel,7,7,7,6,0,0,0,990000,66,66,0,0,0,990000
12,JAWA BARAT,164,KAB. SUMEDANG,2166,Cimalaka,14,14,14,13,0,0,0,36500000,465,465,43960000,432,2727,80460000
12,JAWA BARAT,164,KAB. SUMEDANG,2158,Cimanggung,11,11,11,11,0,2480,31499966,12260000,506,506,16270000,493,1268,28530000
12,JAWA BARAT,164,KAB. SUMEDANG,2167,Cisarua,7,7,7,5,0,0,0,0,0,0,0,0,0,0
12,JAWA BARAT,164,KAB. SUMEDANG,2149,Cisitu,10,10,10,9,0,0,0,50000,1,1,0,0,0,50000
12,JAWA BARAT,164,KAB. SUMEDANG,2151,Conggeang,12,12,12,7,0,0,0,10070000,257,257,2475000,259,259,12545000
12,JAWA BARAT,164,KAB. SUMEDANG,2147,Darmaraja,12,12,12,12,0,0,0,11870000,201,201,1975000,227,354,13845000
12,JAWA BARAT,164,KAB. SUMEDANG,2163,Ganeas,8,8,8,6,0,0,0,2320000,116,116,2660000,113,531,4980000
12,JAWA BARAT,164,KAB. SUMEDANG,2170,Jatigede,11,11,11,7,0,0,0,3600000,72,72,6360000,63,106,9960000
12,JAWA BARAT,164,KAB. SUMEDANG,2159,Jatinangor,12,12,12,10,0,0,0,5950000,125,125,7015000,96,307,12965000
12,JAWA BARAT,164,KAB. SUMEDANG,2146,Jatinunggal,9,9,9,4,0,0,0,6350000,125,125,2090000,69,414,8440000
12,JAWA BARAT,164,KAB. SUMEDANG,2157,Pamulihan,11,11,11,7,0,0,0,0,0,0,0,0,0,0
12,JAWA BARAT,164,KAB. SUMEDANG,2152,Paseh,10,10,10,10,0,0,0,4810000,117,117,2100000,110,131,6910000
12,JAWA BARAT,164,KAB. SUMEDANG,2160,Rancakalong,10,10,10,5,0,0,0,2140000,52,52,1150000,51,115,3290000
12,JAWA BARAT,164,KAB. SUMEDANG,2150,Situraja,15,15,15,13,0,0,0,3350000,68,68,340000,68,68,3690000
12,JAWA BARAT,164,KAB. SUMEDANG,2156,Sukasari,7,7,7,6,0,0,0,0,0,0,0,0,0,0
12,JAWA BARAT,164,KAB. SUMEDANG,2161,Sumedang Selatan,14,14,14,14,0,0,0,5450000,125,125,2835000,107,293,8285000
12,JAWA BARAT,164,KAB. SUMEDANG,2162,Sumedang Utara,13,13,13,10,0,45800,83262000,90000,3,3,0,0,0,90000
12,JAWA BARAT,164,KAB. SUMEDANG,2153,Surian,9,9,9,1,0,0,0,0,0,0,0,0,0,0
12,JAWA BARAT,164,KAB. SUMEDANG,2164,Tanjungkerta,12,12,12,12,0,0,0,3660000,92,92,10000,1,1,3670000
12,JAWA BARAT,164,KAB. SUMEDANG,2165,Tanjungmedar,9,9,9,9,0,0,0,0,0,0,0,0,0,0
12,JAWA BARAT,164,KAB. SUMEDANG,2155,Tanjungsari,12,12,12,10,0,0,0,2420000,121,121,2080000,56,56,4500000
12,JAWA BARAT,164,KAB. SUMEDANG,2168,Tomo,9,9,9,5,0,0,0,0,0,0,0,0,0,0
12,JAWA BARAT,164,KAB. SUMEDANG,2169,Ujungjaya,9,9,9,9,0,0,0,50000,1,1,30000,2,2,80000
12,JAWA BARAT,164,KAB. SUMEDANG,2145,Wado,10,10,10,10,0,0,0,3800000,151,151,40000,4,4,3840000
12,JAWA BARAT,159,KAB. TASIKMALAYA,1989,Bantarkalong,8,8,8,8,0,3300,36300000,0,0,0,0,0,0,0
12,JAWA BARAT,159,KAB. TASIKMALAYA,1990,Bojongasih,6,6,6,6,0,1897,27350400,0,0,0,0,0,0,0
12,JAWA BARAT,159,KAB. TASIKMALAYA,1992,Bojonggambir,10,10,10,10,0,28735,52359840,2150000,42,42,90000,2,3,2240000
12,JAWA BARAT,159,KAB. TASIKMALAYA,2017,Ciawi,10,10,10,10,0,6800,97900000,0,0,0,0,0,0,0
12,JAWA BARAT,159,KAB. TASIKMALAYA,1987,Cibalong,6,6,6,5,0,0,0,0,0,0,0,0,0,0
12,JAWA BARAT,159,KAB. TASIKMALAYA,2008,Cigalontang,16,16,16,16,0,3,48000,7100000,153,153,3220000,115,322,10320000
12,JAWA BARAT,159,KAB. TASIKMALAYA,1984,Cikalong,13,13,13,13,0,600,1104000,10235000,293,293,10320000,161,1033,20555000
12,JAWA BARAT,159,KAB. TASIKMALAYA,1986,Cikatomas,9,9,9,9,0,0,0,13330000,213,213,6625000,156,774,19955000
12,JAWA BARAT,159,KAB. TASIKMALAYA,2001,Cineam,10,10,10,9,0,0,0,50000,2,2,15000,3,3,65000
12,JAWA BARAT,159,KAB. TASIKMALAYA,1982,Cipatujah,15,15,15,15,0,0,0,350000,13,13,125000,13,13,475000
12,JAWA BARAT,159,KAB. TASIKMALAYA,2013,Cisayong,13,13,13,13,0,1,145000,8565000,337,337,5670000,269,567,14235000
12,JAWA BARAT,159,KAB. TASIKMALAYA,1991,Culamega,5,5,5,5,0,0,0,13900000,196,196,32355000,219,1402,46255000
12,JAWA BARAT,159,KAB. TASIKMALAYA,2004,Gunung Tanjung,7,7,7,7,0,0,0,870000,89,89,1170000,78,234,2040000
12,JAWA BARAT,159,KAB. TASIKMALAYA,2016,Jamanis,8,8,8,6,0,0,0,0,0,0,0,0,0,0
12,JAWA BARAT,159,KAB. TASIKMALAYA,2000,Jatiwaras,11,11,11,10,0,0,0,0,0,0,0,0,0,0
12,JAWA BARAT,159,KAB. TASIKMALAYA,2018,Kadipaten,6,6,6,6,0,24,2242000,35650000,1150,1150,4550000,420,750,40200000
12,JAWA BARAT,159,KAB. TASIKMALAYA,2002,Karang Jaya,4,4,4,4,0,0,0,0,0,0,0,0,0,0
12,JAWA BARAT,159,KAB. TASIKMALAYA,1983,Karangnunggal,15,14,14,14,0,0,0,6845000,339,340,4880000,300,489,11725000
12,JAWA BARAT,159,KAB. TASIKMALAYA,2009,Leuwisari,7,7,7,6,0,0,0,795000,78,78,2050000,75,410,2845000
12,JAWA BARAT,159,KAB. TASIKMALAYA,2006,Mangunreja,6,6,6,6,0,1,1500,6570000,296,296,3060000,245,443,9630000
12,JAWA BARAT,159,KAB. TASIKMALAYA,2003,Manonjaya,12,12,12,12,0,0,0,5200000,104,104,7700000,103,385,12900000
12,JAWA BARAT,159,KAB. TASIKMALAYA,2010,Padakembang,5,5,5,5,0,50,650000,250000,5,5,5000,1,1,255000
12,JAWA BARAT,159,KAB. TASIKMALAYA,2019,Pagerageung,10,10,10,10,0,0,0,8265010,259,259,3660000,148,361,11925010
12,JAWA BARAT,159,KAB. TASIKMALAYA,1985,Pancatengah,11,11,11,11,0,28259,51439560,22125000,312,312,12570000,365,892,34695000
12,JAWA BARAT,159,KAB. TASIKMALAYA,1988,Parungponteng,8,8,8,8,0,0,0,2900000,58,58,4035000,60,269,6935000
12,JAWA BARAT,159,KAB. TASIKMALAYA,1996,Puspahiang,8,8,8,8,0,0,0,0,0,0,0,0,0,0
12,JAWA BARAT,159,KAB. TASIKMALAYA,2015,Rajapolah,8,8,8,8,0,10,450000,11795000,253,253,7250000,120,724,19045000
12,JAWA BARAT,159,KAB. TASIKMALAYA,1995,Salawu,12,12,12,11,0,34,424000,205000,9,9,35000,7,7,240000
12,JAWA BARAT,159,KAB. TASIKMALAYA,1999,Salopa,9,9,9,9,0,0,0,28880000,416,416,19150000,357,795,48030000
12,JAWA BARAT,159,KAB. TASIKMALAYA,2011,Sariwangi,8,8,8,6,0,0,0,11310000,227,227,10080000,225,773,21390000
12,JAWA BARAT,159,KAB. TASIKMALAYA,2005,Singaparna,10,10,10,10,0,22735,259115000,14975000,364,364,9580000,252,914,24555000
12,JAWA BARAT,159,KAB. TASIKMALAYA,1993,Sodonghilir,12,12,12,12,0,0,0,3315000,167,167,4440000,147,665,7755000
12,JAWA BARAT,159,KAB. TASIKMALAYA,2014,Sukahening,7,7,7,5,0,0,0,4645000,187,187,4725000,196,833,9370000
12,JAWA BARAT,159,KAB. TASIKMALAYA,1998,Sukaraja,8,8,8,6,0,0,0,4900000,99,99,5945000,98,595,10845000
12,JAWA BARAT,159,KAB. TASIKMALAYA,2007,Sukarame,6,6,6,6,0,0,0,15000,1,1,5000,1,1,20000
12,JAWA BARAT,159,KAB. TASIKMALAYA,2012,Sukaratu,8,8,8,8,0,0,0,1150000,23,23,130000,13,13,1280000
12,JAWA BARAT,159,KAB. TASIKMALAYA,2020,Sukaresik,8,8,8,8,0,0,0,19650000,393,393,12120000,257,1460,31770000
12,JAWA BARAT,159,KAB. TASIKMALAYA,1997,Tanjungjaya,8,7,7,6,0,0,0,885000,42,42,900000,40,91,1785000
12,JAWA BARAT,159,KAB. TASIKMALAYA,1994,Taraju,9,9,9,6,0,2,15000,1605000,62,62,1290000,60,258,2895000
12,JAWA BARAT,173,KOTA BANDUNG,2348,Andir,6,5,6,6,0,0,0,0,0,0,0,0,0,0
12,JAWA BARAT,173,KOTA BANDUNG,2359,Antapani,4,4,4,4,0,5001,55028000,0,0,0,0,0,0,0
12,JAWA BARAT,173,KOTA BANDUNG,2363,Arcamanik,4,4,4,4,0,0,0,0,0,0,210000,11,13,210000
12,JAWA BARAT,173,KOTA BANDUNG,2332,Astana Anyar,6,6,6,6,0,6550,72240000,9390000,278,278,3400000,266,285,12790000
12,JAWA BARAT,173,KOTA BANDUNG,2330,Babakan Ciparay,6,6,6,6,0,0,0,250000,5,5,0,0,0,250000
12,JAWA BARAT,173,KOTA BANDUNG,2360,Bandung Kidul,4,4,4,4,0,0,0,1950000,39,39,1700000,39,100,3650000
12,JAWA BARAT,173,KOTA BANDUNG,2334,Bandung Kulon,8,8,8,6,0,12000,132000000,0,0,0,0,0,0,0
12,JAWA BARAT,173,KOTA BANDUNG,2352,Bandung Wetan,3,3,3,3,0,0,0,0,0,0,0,0,0,0
12,JAWA BARAT,173,KOTA BANDUNG,2353,Batununggal,8,8,8,8,0,0,0,0,0,0,0,0,0,0
12,JAWA BARAT,173,KOTA BANDUNG,2331,Bojongloa Kaler,5,5,5,5,0,30500,335500000,0,0,0,0,0,0,0
12,JAWA BARAT,173,KOTA BANDUNG,2335,Bojongloa Kidul,6,6,6,6,0,0,0,0,0,0,0,0,0,0
12,JAWA BARAT,173,KOTA BANDUNG,2361,Buahbatu,4,4,4,4,0,0,0,0,0,0,0,0,0,0
12,JAWA BARAT,173,KOTA BANDUNG,2357,Cibeunying Kaler,4,4,4,4,0,6000,66000000,2800000,56,56,2020000,56,139,4820000
12,JAWA BARAT,173,KOTA BANDUNG,2355,Cibeunying Kidul,6,6,6,6,0,8276,105257000,9050000,181,181,19470000,122,697,28520000
12,JAWA BARAT,173,KOTA BANDUNG,2364,Cibiru,4,4,4,4,0,3000,33000000,2450000,48,48,1150000,46,115,3600000
12,JAWA BARAT,173,KOTA BANDUNG,2349,Cicendo,6,6,6,6,0,10,250000,0,0,0,0,0,0,0
12,JAWA BARAT,173,KOTA BANDUNG,2351,Cidadap,3,3,3,3,0,300,17985003,0,0,0,0,0,0,0
12,JAWA BARAT,173,KOTA BANDUNG,2368,Cinambo,4,4,4,4,0,0,0,0,0,0,0,0,0,0
12,JAWA BARAT,173,KOTA BANDUNG,2347,Coblong,6,6,6,6,0,3480,96111600,9050000,159,159,12900000,134,537,21950000
12,JAWA BARAT,173,KOTA BANDUNG,2366,Gedebage,4,4,4,4,0,0,0,0,0,0,0,0,0,0
12,JAWA BARAT,173,KOTA BANDUNG,2356,Kiaracondong,6,6,6,6,0,4472,55256000,10300000,83,103,1990000,71,199,12290000
12,JAWA BARAT,173,KOTA BANDUNG,2354,Lengkong,7,7,7,7,0,0,0,3550000,71,71,1560000,56,156,5110000
12,JAWA BARAT,173,KOTA BANDUNG,2369,Mandalajati,4,4,4,4,0,20105,224130000,50000,1,1,0,0,0,50000
12,JAWA BARAT,173,KOTA BANDUNG,2367,Panyileukan,4,4,4,4,0,15500,170500000,2000000,80,80,3790000,59,379,5790000
12,JAWA BARAT,173,KOTA BANDUNG,2362,Rancasari,4,4,4,4,0,7211.2,81250400,6250000,125,125,3830000,101,383,10080000
12,JAWA BARAT,173,KOTA BANDUNG,2333,Regol,7,7,7,7,0,161,20232000,800000,16,16,160000,16,16,960000
12,JAWA BARAT,173,KOTA BANDUNG,2350,Sukajadi,5,5,5,5,0,7250,79750000,1850000,37,37,2210000,40,93,4060000
12,JAWA BARAT,173,KOTA BANDUNG,2346,Sukasari,4,4,4,4,0,0,0,0,0,0,0,0,0,0
12,JAWA BARAT,173,KOTA BANDUNG,2358,Sumur Bandung,4,4,4,4,0,0,0,850000,17,17,360000,9,18,1210000
12,JAWA BARAT,173,KOTA BANDUNG,2365,Ujungberung,5,5,5,5,0,13000,143000000,400000,8,8,0,0,0,400000
12,JAWA BARAT,180,KOTA BANJAR,2411,Banjar,7,7,7,6,0,0,0,4950000,50,50,490000,49,49,5440000
12,JAWA BARAT,180,KOTA BANJAR,2414,Langensari,6,6,6,6,0,2,26000,5870000,183,183,5345000,171,929,11215000
12,JAWA BARAT,180,KOTA BANJAR,2412,Pataruman,8,8,8,8,0,0,0,6850000,137,137,2630000,58,263,9480000
12,JAWA BARAT,180,KOTA BANJAR,2413,Purwaharja,4,4,4,4,0,0,0,0,0,0,0,0,0,0
12,JAWA BARAT,176,KOTA BEKASI,2381,Bantargebang,4,4,4,4,0,0,0,9200000,92,92,2905000,72,205,12105000
12,JAWA BARAT,176,KOTA BEKASI,2376,Bekasi Barat,5,5,5,4,0,0,0,0,0,0,0,0,0,0
12,JAWA BARAT,176,KOTA BEKASI,2378,Bekasi Selatan,5,5,5,5,0,0,0,1000000,10,10,1060000,9,53,2060000
12,JAWA BARAT,176,KOTA BEKASI,2375,Bekasi Timur,4,4,4,3,0,0,0,0,0,0,0,0,0,0
12,JAWA BARAT,176,KOTA BEKASI,2377,Bekasi Utara,6,6,6,6,0,0,0,6600000,14,14,575000,8,14,7175000
12,JAWA BARAT,176,KOTA BEKASI,2383,Jatiasih,6,6,6,5,0,0,0,2700000,6,6,950000,4,4,3650000
12,JAWA BARAT,176,KOTA BEKASI,2384,Jatisampurna,5,5,5,5,0,0,0,0,0,0,0,0,0,0
12,JAWA BARAT,176,KOTA BEKASI,2380,Medansatria,4,4,4,4,0,0,0,0,0,0,0,0,0,0
12,JAWA BARAT,176,KOTA BEKASI,2385,Mustikajaya,4,4,4,4,0,0,0,300000,3,3,60000,3,3,360000
12,JAWA BARAT,176,KOTA BEKASI,2382,Pondokgede,5,4,4,4,0,2604,30820000,0,0,0,600000,30,30,600000
12,JAWA BARAT,176,KOTA BEKASI,2386,Pondokmelati,4,4,4,4,0,0,0,26850000,287,287,4100000,186,246,30950000
12,JAWA BARAT,176,KOTA BEKASI,2379,Rawalumbu,4,4,4,4,0,0,0,150000,3,3,3400000,29,68,3550000
12,JAWA BARAT,171,KOTA BOGOR,2320,Bogor Barat,16,16,16,16,0,5200,61400000,10000000,115,115,1370000,35,137,11370000
12,JAWA BARAT,171,KOTA BOGOR,2317,Bogor Selatan,16,16,15,16,0,0,0,1100000,11,11,300000,11,15,1400000
12,JAWA BARAT,171,KOTA BOGOR,2319,Bogor Tengah,11,11,11,10,0,0,0,0,0,0,0,0,0,0
12,JAWA BARAT,171,KOTA BOGOR,2318,Bogor Timur,6,6,6,6,0,1098,18757000,200000,2,2,10000,1,1,210000
12,JAWA BARAT,171,KOTA BOGOR,2321,Bogor Utara,8,8,8,7,0,3,55800,3000000,30,30,200000,10,10,3200000
12,JAWA BARAT,171,KOTA BOGOR,2322,Tanah Sareal,11,11,11,10,0,414,5692000,1050000,7,7,0,0,0,1050000
12,JAWA BARAT,178,KOTA CIMAHI,2398,Cimahi Selatan,5,5,5,4,0,0,0,250000,5,5,150000,5,5,400000
12,JAWA BARAT,178,KOTA CIMAHI,2399,Cimahi Tengah,6,6,6,4,0,374,6358000,3200000,32,32,2600000,29,104,5800000
12,JAWA BARAT,178,KOTA CIMAHI,2400,Cimahi Utara,4,4,4,3,0,0,0,0,0,0,0,0,0,0
12,JAWA BARAT,175,KOTA CIREBON,2372,Harjamukti,5,5,5,5,0,116,1683200,16850000,257,257,11225000,271,744,28075000
12,JAWA BARAT,175,KOTA CIREBON,2370,Kejaksan,4,4,4,4,0,11,116000,150000,3,3,90000,6,6,240000
12,JAWA BARAT,175,KOTA CIREBON,2374,Kesambi,5,5,5,5,0,5,370000,450000,9,9,680000,7,34,1130000
12,JAWA BARAT,175,KOTA CIREBON,2371,Lemahwungkuk,4,4,4,4,0,10,170000,2520000,84,84,1305000,33,87,3825000
12,JAWA BARAT,175,KOTA CIREBON,2373,Pekalipan,4,4,4,4,0,0,0,950000,19,19,150000,15,15,1100000
12,JAWA BARAT,177,KOTA DEPOK,2392,Beji,6,6,6,6,0,18,334000,38620000,213,213,5460000,120,524,44080000
12,JAWA BARAT,177,KOTA DEPOK,2397,Bojongsari,7,7,7,7,0,0,0,200000,4,4,100000,4,4,300000
12,JAWA BARAT,177,KOTA DEPOK,2394,Cilodong,5,5,5,5,0,6050,66550000,0,0,0,0,0,0,0
12,JAWA BARAT,177,KOTA DEPOK,2388,Cimanggis,6,6,6,6,0,609,9108000,3030000,32,32,715000,25,31,3745000
12,JAWA BARAT,177,KOTA DEPOK,2395,Cinere,4,4,4,4,0,0,0,0,0,0,0,0,0,0
12,JAWA BARAT,177,KOTA DEPOK,2393,Cipayung,5,5,5,5,0,0,0,0,0,0,0,0,0,0
12,JAWA BARAT,177,KOTA DEPOK,2390,Limo,4,4,4,4,0,89,3244000,400000,4,4,135000,2,3,535000
12,JAWA BARAT,177,KOTA DEPOK,2387,Pancoran Mas,6,6,6,6,0,0,0,0,0,0,0,0,0,0
12,JAWA BARAT,177,KOTA DEPOK,2389,Sawangan,7,7,7,7,0,0,0,100000,1,1,0,0,0,100000
12,JAWA BARAT,177,KOTA DEPOK,2391,Sukmajaya,6,6,6,6,0,0,0,700000,14,14,725000,8,29,1425000
12,JAWA BARAT,177,KOTA DEPOK,2396,Tapos,7,7,7,7,0,19387,235669000,19700000,243,243,8890000,237,622,28590000
12,JAWA BARAT,172,KOTA SUKABUMI,2327,Baros,4,4,4,4,0,16800,191100000,125000,5,5,50000,5,5,175000
12,JAWA BARAT,172,KOTA SUKABUMI,2329,Cibeureum,4,4,4,3,0,26450,295150000,0,0,0,0,0,0,0
12,JAWA BARAT,172,KOTA SUKABUMI,2324,Cikole,6,6,6,6,0,88463,993550000,1250000,50,50,1470000,47,147,2720000
12,JAWA BARAT,172,KOTA SUKABUMI,2325,Citamiang,5,5,5,5,0,1,205000,100000,2,2,20000,2,2,120000
12,JAWA BARAT,172,KOTA SUKABUMI,2323,Gunung Puyuh,4,4,4,4,0,49550,574438000,3380000,169,169,5480000,163,534,8860000
12,JAWA BARAT,172,KOTA SUKABUMI,2328,Lembursitu,5,5,5,5,0,45600,516600000,870000,24,24,720000,26,72,1590000
12,JAWA BARAT,172,KOTA SUKABUMI,2326,Warudoyong,5,5,5,5,0,35004,401156000,1775000,71,71,1730000,59,173,3505000
12,JAWA BARAT,179,KOTA TASIKMALAYA,2409,Bungursari,7,7,7,7,0,0,0,4475000,100,100,1875000,54,256,6350000
12,JAWA BARAT,179,KOTA TASIKMALAYA,2406,Cibeureum,9,9,9,8,0,1340,17680000,20000,1,1,20000,1,2,40000
12,JAWA BARAT,179,KOTA TASIKMALAYA,2401,Cihideung,6,6,6,6,0,0,0,2350000,47,47,2020000,45,101,4370000
12,JAWA BARAT,179,KOTA TASIKMALAYA,2402,Cipedes,4,4,4,4,0,0,0,0,0,0,0,0,0,0
12,JAWA BARAT,179,KOTA TASIKMALAYA,2404,Indihiang,6,6,6,6,0,50,9420000,0,0,0,10000,1,1,10000
12,JAWA BARAT,179,KOTA TASIKMALAYA,2405,Kawalu,10,10,10,8,0,419,25387500,2200000,44,44,4875000,41,195,7075000
12,JAWA BARAT,179,KOTA TASIKMALAYA,2408,Mangkubumi,8,8,8,7,0,2050,22550000,4080000,106,106,1615170,95,165,5695170
12,JAWA BARAT,179,KOTA TASIKMALAYA,2410,Purbaratu,6,6,6,6,0,0,0,0,0,0,0,0,0,0
12,JAWA BARAT,179,KOTA TASIKMALAYA,2407,Tamansari,8,8,8,8,0,0,0,2050000,21,21,5400000,56,270,7450000
12,JAWA BARAT,179,KOTA TASIKMALAYA,2403,Tawang,5,5,5,5,0,0,0,2350000,47,47,0,0,0,2350000
13,JAWA TENGAH,184,KAB. BANJARNEGARA,2489,Banjarmangu,17,17,17,17,0,1,28000,8500000,85,85,1710000,47,281,10210000
13,JAWA TENGAH,184,KAB. BANJARNEGARA,2486,Banjarnegara,13,13,13,13,0,11,198500,4600000,10,10,200000,10,14,4800000
13,JAWA TENGAH,184,KAB. BANJARNEGARA,2496,Batur,8,8,8,8,0,0,0,110000,2,2,0,0,0,110000
13,JAWA TENGAH,184,KAB. BANJARNEGARA,2485,Bawang,18,18,18,17,0,44772,94500600,6700000,79,79,6670000,74,483,13370000
13,JAWA TENGAH,184,KAB. BANJARNEGARA,2498,Kalibening,16,16,16,14,0,0,0,1250000,25,25,810000,25,81,2060000
13,JAWA TENGAH,184,KAB. BANJARNEGARA,2493,Karangkobar,13,13,13,13,0,0,0,2850000,57,57,1410000,55,282,4260000
13,JAWA TENGAH,184,KAB. BANJARNEGARA,2488,Madukara,20,20,20,20,0,0,0,2200000,39,39,970000,38,72,3170000
13,JAWA TENGAH,184,KAB. BANJARNEGARA,2483,Mandiraja,16,16,16,16,0,0,0,13550000,136,136,9915000,88,547,23465000
13,JAWA TENGAH,184,KAB. BANJARNEGARA,2500,Pagedongan,9,9,9,9,0,0,0,4600000,81,81,4920000,97,374,9520000
13,JAWA TENGAH,184,KAB. BANJARNEGARA,2494,Pagentan,16,16,16,16,0,0,0,3600000,40,40,1980000,24,78,5580000
13,JAWA TENGAH,184,KAB. BANJARNEGARA,2499,Pandanarum,8,8,8,5,0,0,0,0,0,0,0,0,0,0
13,JAWA TENGAH,184,KAB. BANJARNEGARA,2495,Pejawaran,17,17,17,17,0,0,0,2350000,47,47,50000,10,10,2400000
13,JAWA TENGAH,184,KAB. BANJARNEGARA,2492,Punggelan,17,17,17,16,0,0,0,200000,2,2,10000,1,1,210000
13,JAWA TENGAH,184,KAB. BANJARNEGARA,2484,Purwanegara,13,13,13,13,0,13,176000,23450000,235,235,290000,29,29,23740000
13,JAWA TENGAH,184,KAB. BANJARNEGARA,6863,Purworeja Klampok,8,8,8,8,0,6,136500,30800000,596,596,225000,21,21,31025000
13,JAWA TENGAH,184,KAB. BANJARNEGARA,2491,Rakit,11,11,11,11,0,0,0,1500000,30,30,0,0,0,1500000
13,JAWA TENGAH,184,KAB. BANJARNEGARA,2487,Sigaluh,15,15,15,15,0,0,0,1400000,28,28,175000,8,35,1575000
13,JAWA TENGAH,184,KAB. BANJARNEGARA,2482,Susukan,15,15,15,15,0,252727,460045080,43300000,433,433,0,0,0,43300000
13,JAWA TENGAH,184,KAB. BANJARNEGARA,2490,Wanadadi,11,11,11,11,0,2,45000,7375000,99,99,5620000,82,380,12995000
13,JAWA TENGAH,184,KAB. BANJARNEGARA,2497,Wanayasa,17,17,17,17,0,0,0,1000000,10,10,900000,9,89,1900000
13,JAWA TENGAH,182,KAB. BANYUMAS,2452,Ajibarang,15,15,15,14,0,0,0,400000,4,4,0,0,0,400000
13,JAWA TENGAH,182,KAB. BANYUMAS,2449,Banyumas,12,12,12,12,0,21744,39532040,4090000,51,51,760000,48,116,4850000
13,JAWA TENGAH,182,KAB. BANYUMAS,6861,Baturraden,12,12,12,12,0,111,1785500,20750000,295,295,1120000,120,212,21870000
13,JAWA TENGAH,182,KAB. BANYUMAS,2455,Cilongok,20,20,20,18,0,25352,46228080,4050000,47,47,50000,9,10,4100000
13,JAWA TENGAH,182,KAB. BANYUMAS,2453,Gumelar,10,10,10,10,0,0,0,2310000,63,63,1031000,66,248,3341000
13,JAWA TENGAH,182,KAB. BANYUMAS,2441,Jatilawang,11,11,11,11,0,0,0,5350000,107,107,4460000,107,446,9810000
13,JAWA TENGAH,182,KAB. BANYUMAS,2448,Kalibagor,12,12,12,12,0,1115,16885000,10000000,199,199,4885000,198,489,14885000
13,JAWA TENGAH,182,KAB. BANYUMAS,2456,Karanglewas,13,13,13,13,0,16200,182400000,2700000,54,54,980000,26,105,3680000
13,JAWA TENGAH,182,KAB. BANYUMAS,2443,Kebasen,12,12,12,11,0,0,0,8000000,160,160,2215000,126,443,10215000
13,JAWA TENGAH,182,KAB. BANYUMAS,2460,Kedungbanteng,14,14,14,13,0,0,0,8665000,129,129,2680000,104,279,11345000
13,JAWA TENGAH,182,KAB. BANYUMAS,2458,Kembaran,16,16,16,16,0,0,0,0,0,0,30000,3,3,30000
13,JAWA TENGAH,182,KAB. BANYUMAS,2444,Kemranjen,15,15,15,13,0,0,0,9400000,107,107,2610000,104,353,12010000
13,JAWA TENGAH,182,KAB. BANYUMAS,2439,Lumbir,10,10,10,10,0,0,0,10900000,218,218,1085000,217,217,11985000
13,JAWA TENGAH,182,KAB. BANYUMAS,2450,Patikraja,13,13,13,13,0,0,0,2200000,44,44,590000,29,59,2790000
13,JAWA TENGAH,182,KAB. BANYUMAS,2454,Pekuncen,16,16,16,15,0,0,0,19250000,199,199,255000,28,31,19505000
13,JAWA TENGAH,182,KAB. BANYUMAS,2451,Purwojati,10,10,10,9,0,0,0,0,0,0,0,0,0,0
13,JAWA TENGAH,182,KAB. BANYUMAS,2462,Purwokerto Barat,7,7,7,6,0,0,0,0,0,0,0,0,0,0
13,JAWA TENGAH,182,KAB. BANYUMAS,2461,Purwokerto Selatan,7,7,7,7,0,0,0,2000000,20,20,1800000,15,180,3800000
13,JAWA TENGAH,182,KAB. BANYUMAS,2463,Purwokerto Timur,6,6,6,5,0,0,0,1000000,12,12,80000,8,8,1080000
13,JAWA TENGAH,182,KAB. BANYUMAS,2464,Purwokerto Utara,7,7,7,7,0,0,0,400000,8,8,0,0,0,400000
13,JAWA TENGAH,182,KAB. BANYUMAS,2442,Rawalo,9,9,9,9,0,0,0,0,0,0,0,0,0,0
13,JAWA TENGAH,182,KAB. BANYUMAS,2457,Sokaraja,18,18,18,18,0,242,3755000,14450000,145,145,1960000,66,196,16410000
13,JAWA TENGAH,182,KAB. BANYUMAS,2447,Somagede,9,9,9,9,0,0,0,8000000,80,80,380000,18,34,8380000
13,JAWA TENGAH,182,KAB. BANYUMAS,2459,Sumbang,19,19,19,19,0,0,0,1300000,26,26,1940000,26,194,3240000
13,JAWA TENGAH,182,KAB. BANYUMAS,2445,Sumpiuh,14,14,14,14,0,432,6081900,27200000,302,302,11350000,252,1135,38550000
13,JAWA TENGAH,182,KAB. BANYUMAS,2446,Tambak,12,12,12,12,0,324,5232000,24000000,240,240,13960000,251,862,37960000
13,JAWA TENGAH,182,KAB. BANYUMAS,2440,Wangon,12,12,12,10,0,0,0,27600000,478,478,14840000,416,1484,42440000
13,JAWA TENGAH,205,KAB. BATANG,2861,Bandar,17,17,17,14,0,3464,51908000,900000,9,9,30000,2,2,930000
13,JAWA TENGAH,205,KAB. BATANG,2874,Banyuputih,11,11,11,10,0,0,0,0,0,0,0,0,0,0
13,JAWA TENGAH,205,KAB. BATANG,2870,Batang,21,21,21,19,0,4300,64100000,7200000,72,72,460000,24,24,7660000
13,JAWA TENGAH,205,KAB. BATANG,2864,Bawang,20,20,20,18,0,0,0,6400000,64,64,490000,49,49,6890000
13,JAWA TENGAH,205,KAB. BATANG,2862,Blado,18,18,18,9,0,0,0,0,0,0,0,0,0,0
13,JAWA TENGAH,205,KAB. BATANG,2866,Gringsing,15,15,15,14,0,0,0,500000,10,10,0,0,0,500000
13,JAWA TENGAH,205,KAB. BATANG,2872,Kandeman,13,13,13,13,0,0,0,8750000,78,78,1800000,75,220,10550000
13,JAWA TENGAH,205,KAB. BATANG,2867,Limpung,17,17,17,12,0,0,0,900000,9,9,90000,9,9,990000
13,JAWA TENGAH,205,KAB. BATANG,2873,Pecalungan,10,10,10,6,0,0,0,0,0,0,0,0,0,0
13,JAWA TENGAH,205,KAB. BATANG,2863,Reban,19,19,19,12,0,0,0,0,0,0,0,0,0,0
13,JAWA TENGAH,205,KAB. BATANG,2868,Subah,17,17,17,11,0,0,0,0,0,0,0,0,0,0
13,JAWA TENGAH,205,KAB. BATANG,2865,Tersono,20,20,20,14,0,0,0,0,0,0,0,0,0,0
13,JAWA TENGAH,205,KAB. BATANG,2869,Tulis,17,17,17,13,0,0,0,100000,1,1,20000,1,1,120000
13,JAWA TENGAH,205,KAB. BATANG,2871,Warungasem,18,18,18,13,0,0,0,4800000,48,51,6720000,48,96,11520000
13,JAWA TENGAH,205,KAB. BATANG,2860,Wonotunggal,15,15,15,15,0,0,0,50000,1,1,20000,1,1,70000
13,JAWA TENGAH,196,KAB. BLORA,2724,Banjarejo,20,20,20,20,0,0,0,30050000,301,301,4445000,229,376,34495000
13,JAWA TENGAH,196,KAB. BLORA,2722,Blora,28,28,28,27,0,1200,17400000,30950000,331,331,3350000,221,350,34300000
13,JAWA TENGAH,196,KAB. BLORA,2728,Bogorejo,14,14,14,14,0,10,130000,27800000,278,278,5125000,248,531,32925000
13,JAWA TENGAH,196,KAB. BLORA,2718,Cepu,17,17,17,17,0,0,0,9900000,109,109,3650000,96,345,13550000
13,JAWA TENGAH,196,KAB. BLORA,2729,Japah,18,18,18,17,0,2,220000,0,0,0,0,0,0,0
13,JAWA TENGAH,196,KAB. BLORA,2714,Jati,12,12,12,12,0,0,0,2650000,29,29,205000,27,27,2855000
13,JAWA TENGAH,196,KAB. BLORA,2721,Jepon,25,25,25,25,0,18572,217247900,20550000,340,340,6100000,169,610,26650000
13,JAWA TENGAH,196,KAB. BLORA,2720,Jiken,11,11,11,10,0,0,0,0,0,0,0,0,0,0
13,JAWA TENGAH,196,KAB. BLORA,2717,Kedungtuban,17,17,17,15,0,0,0,53025000,167,167,1950000,101,181,54975000
13,JAWA TENGAH,196,KAB. BLORA,2716,Kradenan,10,10,10,10,0,0,0,600000,6,6,30000,6,6,630000
13,JAWA TENGAH,196,KAB. BLORA,2726,Kunduran,26,26,26,26,0,2880,41760000,3540000,130,130,1580000,126,304,5120000
13,JAWA TENGAH,196,KAB. BLORA,2725,Ngawen,29,29,29,29,0,0,0,1200000,12,12,490000,13,49,1690000
13,JAWA TENGAH,196,KAB. BLORA,2715,Randublatung,18,18,18,18,0,8580,124410000,27555000,541,541,9985000,535,1010,37540000
13,JAWA TENGAH,196,KAB. BLORA,2719,Sambong,10,10,10,10,0,0,0,950000,10,10,10000,1,1,960000
13,JAWA TENGAH,196,KAB. BLORA,2727,Todanan,25,25,25,25,0,0,0,1500000,7,7,350000,5,7,1850000
13,JAWA TENGAH,196,KAB. BLORA,2723,Tunjungan,15,15,15,15,0,0,0,10300000,103,103,1080000,79,97,11380000
13,JAWA TENGAH,189,KAB. BOYOLALI,2580,Ampel,10,10,10,10,0,0,0,0,0,0,0,0,0,0
13,JAWA TENGAH,189,KAB. BOYOLALI,2594,Andong,16,16,16,16,0,0,0,4380000,141,141,2710000,142,542,7090000
13,JAWA TENGAH,189,KAB. BOYOLALI,2587,Banyudono,15,15,15,15,0,0,0,0,0,0,0,0,0,0
13,JAWA TENGAH,189,KAB. BOYOLALI,2583,Boyolali,9,9,9,9,0,0,0,11675000,187,187,570000,32,57,12245000
13,JAWA TENGAH,189,KAB. BOYOLALI,2581,Cepogo,15,14,15,14,0,21441,38348240,0,0,0,0,0,0,0
13,JAWA TENGAH,189,KAB. BOYOLALI,6864,Gladagsari,10,10,10,9,0,25238,45940400,2350000,47,47,1880000,47,188,4230000
13,JAWA TENGAH,189,KAB. BOYOLALI,2597,Juwangi,10,10,10,10,0,0,0,1500000,66,66,1640020,52,166,3140020
13,JAWA TENGAH,189,KAB. BOYOLALI,2592,Karanggede,16,16,16,15,0,0,0,2300000,23,23,2565000,26,258,4865000
13,JAWA TENGAH,189,KAB. BOYOLALI,2595,Kemusu,10,10,10,10,0,0,0,0,0,0,0,0,0,0
13,JAWA TENGAH,189,KAB. BOYOLALI,2593,Klego,13,13,13,13,0,0,0,0,0,0,0,0,0,0
13,JAWA TENGAH,189,KAB. BOYOLALI,2584,Mojosongo,13,13,13,13,0,1544,18948000,750000,15,15,450000,15,90,1200000
13,JAWA TENGAH,189,KAB. BOYOLALI,2582,Musuk,10,9,10,8,0,0,0,0,0,0,0,0,0,0
13,JAWA TENGAH,189,KAB. BOYOLALI,2589,Ngemplak,12,12,12,12,0,0,0,0,0,0,0,0,0,0
13,JAWA TENGAH,189,KAB. BOYOLALI,2590,Nogosari,13,13,13,13,0,0,0,900000,9,9,630000,8,63,1530000
13,JAWA TENGAH,189,KAB. BOYOLALI,2588,Sambi,16,16,16,16,0,0,0,8400000,28,28,2270000,25,227,10670000
13,JAWA TENGAH,189,KAB. BOYOLALI,2586,Sawit,12,12,12,12,0,0,0,3250000,64,64,110000,11,11,3360000
13,JAWA TENGAH,189,KAB. BOYOLALI,2579,Selo,10,10,10,9,0,0,0,0,0,0,0,0,0,0
13,JAWA TENGAH,189,KAB. BOYOLALI,2591,Simo,13,13,13,13,0,0,0,2850000,57,57,2820000,55,282,5670000
13,JAWA TENGAH,189,KAB. BOYOLALI,6865,Tamansari,10,10,9,10,0,0,0,0,0,0,0,0,0,0
13,JAWA TENGAH,189,KAB. BOYOLALI,2585,Teras,13,13,13,13,0,0,0,250000,5,5,15000,3,3,265000
13,JAWA TENGAH,189,KAB. BOYOLALI,6866,Wonosamodro,10,10,10,10,0,0,0,0,0,0,0,0,0,0
13,JAWA TENGAH,189,KAB. BOYOLALI,2596,Wonosegoro,11,11,11,11,0,0,0,10000,1,1,10000,1,1,20000
13,JAWA TENGAH,209,KAB. BREBES,2941,Banjarharjo,25,25,25,21,0,0,0,0,0,0,0,0,0,0
13,JAWA TENGAH,209,KAB. BREBES,2926,Bantarkawung,18,18,18,16,0,0,0,2900000,29,29,560000,28,28,3460000
13,JAWA TENGAH,209,KAB. BREBES,2933,Brebes,23,23,23,23,0,0,0,8000000,80,80,9520000,76,324,17520000
13,JAWA TENGAH,209,KAB. BREBES,2938,Bulakamba,19,19,19,17,0,11150,20294000,9200000,92,92,5240000,52,247,14440000
13,JAWA TENGAH,209,KAB. BREBES,2927,Bumiayu,15,15,15,15,0,0,0,0,0,0,0,0,0,0
13,JAWA TENGAH,209,KAB. BREBES,2931,Jatibarang,22,22,22,21,0,145,2610000,6000000,60,60,715000,19,36,6715000
13,JAWA TENGAH,209,KAB. BREBES,2935,Kersana,13,13,13,11,0,0,0,10250000,162,162,2230000,112,223,12480000
13,JAWA TENGAH,209,KAB. BREBES,2940,Ketanggungan,21,21,21,14,0,0,0,0,0,0,0,0,0,0
13,JAWA TENGAH,209,KAB. BREBES,2939,Larangan,11,11,11,11,0,0,0,0,0,0,0,0,0,0
13,JAWA TENGAH,209,KAB. BREBES,2936,Losari,22,22,22,14,0,3367,48733000,100000,1,1,0,0,0,100000
13,JAWA TENGAH,209,KAB. BREBES,2928,Paguyangan,12,12,12,12,0,0,0,0,0,0,0,0,0,0
13,JAWA TENGAH,209,KAB. BREBES,2925,Salem,21,21,21,21,0,0,0,0,0,0,0,0,0,0
13,JAWA TENGAH,209,KAB. BREBES,2929,Sirampog,13,13,13,11,0,0,0,0,0,0,0,0,0,0
13,JAWA TENGAH,209,KAB. BREBES,2934,Songgom,10,10,10,9,0,52828,95764240,1200000,12,12,60000,2,3,1260000
13,JAWA TENGAH,209,KAB. BREBES,2937,Tanjung,18,18,18,16,0,0,0,8550000,88,88,670000,21,31,9220000
13,JAWA TENGAH,209,KAB. BREBES,2930,Tonjong,14,14,14,14,0,0,0,13100000,137,137,2530000,56,180,15630000
13,JAWA TENGAH,209,KAB. BREBES,2932,Wanasari,20,20,20,18,0,103207,186345600,10400000,104,104,7200000,77,360,17600000
13,JAWA TENGAH,181,KAB. CILACAP,2417,Adipala,16,16,16,16,0,1,44000,31550000,434,434,12240000,433,1224,43790000
13,JAWA TENGAH,181,KAB. CILACAP,2434,Bantarsari,8,8,8,5,0,0,0,9300000,93,93,640000,64,64,9940000
13,JAWA TENGAH,181,KAB. CILACAP,2418,Binangun,17,17,17,17,0,0,0,28250000,322,322,4155000,140,213,32405000
13,JAWA TENGAH,181,KAB. CILACAP,2435,Cilacap Selatan,5,5,5,5,0,0,0,4000000,40,40,2550000,38,255,6550000
13,JAWA TENGAH,181,KAB. CILACAP,2436,Cilacap Tengah,5,5,5,5,0,0,0,0,0,0,0,0,0,0
13,JAWA TENGAH,181,KAB. CILACAP,2437,Cilacap Utara,5,5,5,5,0,0,0,4000000,40,40,2040000,39,204,6040000
13,JAWA TENGAH,181,KAB. CILACAP,2427,Cimanggu,15,15,15,15,0,88,570500,22270000,281,281,10810000,216,1172,33080000
13,JAWA TENGAH,181,KAB. CILACAP,2432,Cipari,11,11,11,9,0,0,0,1600000,16,16,40000,4,4,1640000
13,JAWA TENGAH,181,KAB. CILACAP,2430,Dayeuhluhur,14,14,14,9,0,0,0,2500000,50,50,250000,50,50,2750000
13,JAWA TENGAH,181,KAB. CILACAP,2424,Gandrungmangu,14,14,14,14,0,0,0,20300000,203,203,15830000,191,1583,36130000
13,JAWA TENGAH,181,KAB. CILACAP,2422,Jeruklegi,13,13,13,13,0,0,0,8400000,84,84,5530000,102,553,13930000
13,JAWA TENGAH,181,KAB. CILACAP,2438,Kampung Laut,4,4,4,4,0,0,0,2950000,59,59,50000,5,5,3000000
13,JAWA TENGAH,181,KAB. CILACAP,2426,Karangpucung,14,14,14,12,0,0,0,25900000,259,259,1040000,49,104,26940000
13,JAWA TENGAH,181,KAB. CILACAP,2423,Kawunganten,12,12,12,10,0,0,0,5600000,56,56,550000,55,55,6150000
13,JAWA TENGAH,181,KAB. CILACAP,2415,Kedungreja,11,11,11,11,0,0,0,50000,1,1,0,0,0,50000
13,JAWA TENGAH,181,KAB. CILACAP,2416,Kesugihan,16,16,16,16,0,189,2923000,16250000,219,219,12970000,156,1161,29220000
13,JAWA TENGAH,181,KAB. CILACAP,2420,Kroya,17,17,17,16,0,90,11302293,10850000,109,109,4260000,65,383,15110000
13,JAWA TENGAH,181,KAB. CILACAP,2428,Majenang,17,17,17,16,0,0,0,15250000,165,165,5640000,154,472,20890000
13,JAWA TENGAH,181,KAB. CILACAP,2421,Maos,10,10,10,10,0,0,0,15900000,326,326,18310000,250,1831,34210000
13,JAWA TENGAH,181,KAB. CILACAP,2419,Nusawungu,17,17,17,15,0,1182,21506000,66150000,891,891,26380000,485,2639,92530000
13,JAWA TENGAH,181,KAB. CILACAP,2433,Patimuan,7,7,7,7,0,0,0,0,0,0,0,0,0,0
13,JAWA TENGAH,181,KAB. CILACAP,2431,Sampang,10,10,10,10,0,164,2223000,100000,1,1,0,0,0,100000
13,JAWA TENGAH,181,KAB. CILACAP,2425,Sidareja,10,10,10,8,0,0,0,50000,1,1,0,0,0,50000
13,JAWA TENGAH,181,KAB. CILACAP,2429,Wanareja,16,16,16,16,0,0,0,1500000,16,16,0,0,0,1500000
13,JAWA TENGAH,201,KAB. DEMAK,2800,Bonang,21,21,21,21,0,2040,29580000,5550000,77,77,3995000,73,332,9545000
13,JAWA TENGAH,201,KAB. DEMAK,2799,Demak,19,19,19,19,0,840,12180000,9500000,174,174,7080000,162,455,16580000
13,JAWA TENGAH,201,KAB. DEMAK,2795,Dempet,16,16,16,16,0,960,13920000,3500000,47,47,430000,43,43,3930000
13,JAWA TENGAH,201,KAB. DEMAK,2796,Gajah,18,18,18,18,0,360,5220000,2650000,36,36,680000,38,38,3330000
13,JAWA TENGAH,201,KAB. DEMAK,2791,Guntur,20,20,20,20,0,24624,289848000,19650000,255,255,12460000,277,1089,32110000
13,JAWA TENGAH,201,KAB. DEMAK,2797,Karanganyar,17,17,17,17,0,694,10392000,10500000,105,105,510000,17,51,11010000
13,JAWA TENGAH,201,KAB. DEMAK,2790,Karangawen,12,12,12,12,0,960,13920000,7100000,38,38,120000,2,3,7220000
13,JAWA TENGAH,201,KAB. DEMAK,2793,Karangtengah,17,17,17,17,0,0,0,6500000,53,53,280000,14,14,6780000
13,JAWA TENGAH,201,KAB. DEMAK,2802,Kebonagung,14,14,14,14,0,945,14070000,18650000,307,307,17970000,295,759,36620000
13,JAWA TENGAH,201,KAB. DEMAK,2798,Mijen,15,15,15,15,0,3,54000,5100000,57,57,2160000,30,83,7260000
13,JAWA TENGAH,201,KAB. DEMAK,2789,Mranggen,19,19,19,19,0,1800,26100000,12100000,123,123,7660000,56,259,19760000
13,JAWA TENGAH,201,KAB. DEMAK,2792,Sayung,20,20,20,20,0,480,6960000,8600000,75,75,4600000,46,226,13200000
13,JAWA TENGAH,201,KAB. DEMAK,2801,Wedung,20,20,20,20,0,1091,47820000,4480000,64,64,3580000,64,358,8060000
13,JAWA TENGAH,201,KAB. DEMAK,2794,Wonosalam,21,21,21,21,0,0,0,10950000,49,49,1305000,35,102,12255000
13,JAWA TENGAH,195,KAB. GROBOGAN,2708,Brati,9,9,9,8,0,0,0,0,0,0,0,0,0,0
13,JAWA TENGAH,195,KAB. GROBOGAN,2702,Gabus,14,14,14,14,0,5,90000,70000000,794,794,6980000,576,702,76980000
13,JAWA TENGAH,195,KAB. GROBOGAN,2699,Geyer,13,13,13,13,0,1198,21483000,41030000,818,818,21150000,608,2786,62180000
13,JAWA TENGAH,195,KAB. GROBOGAN,2710,Godong,28,28,28,28,0,2,541000,9500000,95,95,570000,37,57,10070000
13,JAWA TENGAH,195,KAB. GROBOGAN,2706,Grobogan,12,12,12,12,0,720,10440000,0,0,0,0,0,0,0
13,JAWA TENGAH,195,KAB. GROBOGAN,2711,Gubug,21,21,21,21,0,4,46000,24225000,243,243,18640000,259,802,42865000
13,JAWA TENGAH,195,KAB. GROBOGAN,2696,Karangrayung,19,19,19,18,0,1,22000,700000,7,7,0,0,0,700000
13,JAWA TENGAH,195,KAB. GROBOGAN,2695,Kedungjati,12,12,12,11,0,0,0,3400000,34,34,680000,34,34,4080000
13,JAWA TENGAH,195,KAB. GROBOGAN,2709,Klambu,9,9,9,9,0,0,0,0,0,0,0,0,0,0
13,JAWA TENGAH,195,KAB. GROBOGAN,2701,Kradenan,14,14,14,13,0,54449,93216120,1950000,51,51,250000,49,49,2200000
13,JAWA TENGAH,195,KAB. GROBOGAN,2703,Ngaringan,12,12,12,12,0,5675,81500000,20900000,143,143,5515000,182,582,26415000
13,JAWA TENGAH,195,KAB. GROBOGAN,2697,Penawangan,20,20,20,20,0,87,319000,13250000,198,198,5600000,156,561,18850000
13,JAWA TENGAH,195,KAB. GROBOGAN,2700,Pulokulon,13,13,13,13,0,27,486000,36840000,97,97,1730000,49,88,38570000
13,JAWA TENGAH,195,KAB. GROBOGAN,2707,Purwodadi,17,17,17,17,0,2160,31320000,27900000,198,198,4720000,151,259,32620000
13,JAWA TENGAH,195,KAB. GROBOGAN,2713,Tanggungharjo,9,9,9,9,0,0,0,0,0,0,0,0,0,0
13,JAWA TENGAH,195,KAB. GROBOGAN,2705,Tawangharjo,10,10,10,10,0,0,0,0,0,0,0,0,0,0
13,JAWA TENGAH,195,KAB. GROBOGAN,2712,Tegowanu,18,18,18,17,0,0,0,15950000,184,184,5240000,153,301,21190000
13,JAWA TENGAH,195,KAB. GROBOGAN,2698,Toroh,16,16,16,16,0,7,51000,5600000,73,73,2115000,70,71,7715000
13,JAWA TENGAH,195,KAB. GROBOGAN,2704,Wirosari,14,14,14,14,0,0,0,250000,1,1,150000,3,3,400000
13,JAWA TENGAH,200,KAB. JEPARA,2780,Bangsri,12,12,12,12,0,0,0,2500000,25,25,620000,24,62,3120000
13,JAWA TENGAH,200,KAB. JEPARA,2777,Batealit,11,11,11,11,0,1200,17400000,2200000,35,35,1180000,35,128,3380000
13,JAWA TENGAH,200,KAB. JEPARA,2788,Donorojo,8,8,8,8,0,0,0,0,0,0,0,0,0,0
13,JAWA TENGAH,200,KAB. JEPARA,2778,Jepara,16,16,16,16,0,8562,120637200,26300000,113,113,7050000,75,381,33350000
13,JAWA TENGAH,200,KAB. JEPARA,2785,Kalinyamatan,12,12,12,12,0,25,450000,4750000,95,95,1110000,52,111,5860000
13,JAWA TENGAH,200,KAB. JEPARA,2782,Karimunjawa,4,4,4,4,0,0,0,1800000,18,18,125000,17,17,1925000
13,JAWA TENGAH,200,KAB. JEPARA,2773,Kedung,18,18,18,18,0,0,0,4530000,83,83,2050000,63,205,6580000
13,JAWA TENGAH,200,KAB. JEPARA,2781,Keling,12,12,12,12,0,0,0,5200000,79,79,4730000,79,473,9930000
13,JAWA TENGAH,200,KAB. JEPARA,2786,Kembang,11,11,11,11,0,7,126000,1420000,29,29,350000,23,23,1770000
13,JAWA TENGAH,200,KAB. JEPARA,2776,Mayong,18,18,18,18,0,0,0,5350000,54,54,2625000,42,251,7975000
13,JAWA TENGAH,200,KAB. JEPARA,2779,Mlonggo,8,8,8,8,0,0,0,13200000,132,132,2180000,109,109,15380000
13,JAWA TENGAH,200,KAB. JEPARA,2784,Nalumsari,15,15,15,15,0,35,660000,10700000,166,166,4380000,179,432,15080000
13,JAWA TENGAH,200,KAB. JEPARA,2787,Pakis Aji,8,8,8,8,0,5,90000,50000,1,1,10000,1,1,60000
13,JAWA TENGAH,200,KAB. JEPARA,2774,Pecangaan,12,12,12,12,0,74,1332000,2800000,56,56,370000,30,34,3170000
13,JAWA TENGAH,200,KAB. JEPARA,2783,Tahunan,15,15,15,15,0,0,0,11800000,236,236,11180000,233,1166,22980000
13,JAWA TENGAH,200,KAB. JEPARA,2775,Welahan,15,15,15,15,0,1949,34288000,24350000,433,433,22380000,381,1901,46730000
13,JAWA TENGAH,193,KAB. KARANGANYAR,2670,Colomadu,11,11,11,11,0,3533,51380400,1755000,36,36,45000,6,6,1800000
13,JAWA TENGAH,193,KAB. KARANGANYAR,2671,Gondangrejo,13,13,13,12,0,0,0,1800000,30,30,1575000,29,211,3375000
13,JAWA TENGAH,193,KAB. KARANGANYAR,2669,Jaten,8,8,8,8,0,7487,125358294,12000000,236,236,12470000,242,1229,24470000
13,JAWA TENGAH,193,KAB. KARANGANYAR,2659,Jatipuro,10,10,10,10,0,0,0,7100000,142,142,595000,119,119,7695000
13,JAWA TENGAH,193,KAB. KARANGANYAR,2660,Jatiyoso,9,9,9,8,0,4,72000,800000,8,8,0,0,0,800000
13,JAWA TENGAH,193,KAB. KARANGANYAR,2675,Jenawi,9,9,9,5,0,0,0,100000,1,1,0,0,0,100000
13,JAWA TENGAH,193,KAB. KARANGANYAR,2662,Jumantono,11,11,11,10,0,2464,28848000,10800000,216,216,5150000,98,98,15950000
13,JAWA TENGAH,193,KAB. KARANGANYAR,2661,Jumapolo,12,12,12,12,0,504,7368000,6410000,235,235,4548000,243,932,10958000
13,JAWA TENGAH,193,KAB. KARANGANYAR,2667,Karanganyar,12,12,12,11,0,0,0,7050000,141,141,4285000,140,430,11335000
13,JAWA TENGAH,193,KAB. KARANGANYAR,2666,Karangpandan,11,11,11,11,0,0,0,15100000,302,302,0,0,0,15100000
13,JAWA TENGAH,193,KAB. KARANGANYAR,2672,Kebakkramat,10,10,10,10,0,0,0,7100000,72,72,80000,8,8,7180000
13,JAWA TENGAH,193,KAB. KARANGANYAR,2674,Kerjo,10,10,10,10,0,0,0,6250000,65,65,610000,25,61,6860000
13,JAWA TENGAH,193,KAB. KARANGANYAR,2663,Matesih,9,9,9,9,0,0,0,7955000,160,160,6305000,149,630,14260000
13,JAWA TENGAH,193,KAB. KARANGANYAR,2673,Mojogedang,13,13,13,10,0,13342,162279000,0,0,0,0,0,0,0
13,JAWA TENGAH,193,KAB. KARANGANYAR,2665,Ngargoyoso,9,9,9,8,0,0,0,0,0,0,0,0,0,0
13,JAWA TENGAH,193,KAB. KARANGANYAR,2668,Tasikmadu,10,10,10,9,0,0,0,0,0,0,0,0,0,0
13,JAWA TENGAH,193,KAB. KARANGANYAR,2664,Tawangmangu,10,10,10,9,0,11625,148754400,33900000,339,339,6800000,330,680,40700000
13,JAWA TENGAH,185,KAB. KEBUMEN,2515,Adimulyo,23,23,23,23,0,60,858000,6400000,119,119,8640000,94,864,15040000
13,JAWA TENGAH,185,KAB. KEBUMEN,2511,Alian,16,16,16,16,0,0,0,0,0,0,0,0,0,0
13,JAWA TENGAH,185,KAB. KEBUMEN,2507,Ambal,32,32,32,32,0,4636,65864800,87400000,215,215,21130000,183,698,108530000
13,JAWA TENGAH,185,KAB. KEBUMEN,2501,Ayah,18,18,18,18,0,4501,64599000,30650000,356,356,6055000,316,491,36705000
13,JAWA TENGAH,185,KAB. KEBUMEN,2523,Bonorowo,11,11,11,11,0,300,4290000,100000,2,2,10000,1,1,110000
13,JAWA TENGAH,185,KAB. KEBUMEN,2502,Buayan,20,20,20,20,0,2729,39521300,14760000,381,381,5469000,378,986,20229000
13,JAWA TENGAH,185,KAB. KEBUMEN,2506,Buluspesantren,21,21,21,21,0,9444,135073200,12800000,137,137,3770000,125,377,16570000
13,JAWA TENGAH,185,KAB. KEBUMEN,2519,Gombong,14,14,14,14,0,540,7746000,5950000,60,60,2480000,111,248,8430000
13,JAWA TENGAH,185,KAB. KEBUMEN,2520,Karanganyar,11,11,11,11,0,0,0,0,0,0,10000,1,1,10000
13,JAWA TENGAH,185,KAB. KEBUMEN,2521,Karanggayam,19,19,19,16,0,61,903000,4900000,58,58,295000,32,32,5195000
13,JAWA TENGAH,185,KAB. KEBUMEN,2526,Karangsambung,14,14,14,14,0,0,0,100000,1,1,0,0,0,100000
13,JAWA TENGAH,185,KAB. KEBUMEN,2512,Kebumen,29,29,29,29,0,240,3432000,6500000,125,125,240000,15,24,6740000
13,JAWA TENGAH,185,KAB. KEBUMEN,2505,Klirong,24,24,24,24,0,180,2586000,6550000,131,131,2195000,131,255,8745000
13,JAWA TENGAH,185,KAB. KEBUMEN,2510,Kutowinangun,19,19,19,19,0,60,858000,650000,13,13,520000,13,104,1170000
13,JAWA TENGAH,185,KAB. KEBUMEN,2516,Kuwarasan,22,22,22,22,0,2304,34398000,43725000,453,453,10255000,289,726,53980000
13,JAWA TENGAH,185,KAB. KEBUMEN,2508,Mirit,22,22,22,22,0,75340,180142000,26800000,186,186,8815000,140,669,35615000
13,JAWA TENGAH,185,KAB. KEBUMEN,2524,Padureso,9,9,9,9,0,0,0,0,0,0,0,0,0,0
13,JAWA TENGAH,185,KAB. KEBUMEN,2513,Pejagoan,13,13,13,13,0,624,10826800,560000,56,56,1380000,56,276,1940000
13,JAWA TENGAH,185,KAB. KEBUMEN,2504,Petanahan,21,21,21,21,0,5653,80838950,0,0,0,100000,10,10,100000
13,JAWA TENGAH,185,KAB. KEBUMEN,2525,Poncowarno,11,11,11,11,0,0,0,0,0,0,0,0,0,0
13,JAWA TENGAH,185,KAB. KEBUMEN,2509,Prembun,13,13,13,11,0,0,0,0,0,0,0,0,0,0
13,JAWA TENGAH,185,KAB. KEBUMEN,2503,Puring,23,23,23,23,0,9013,129020600,15900000,160,160,2270000,114,223,18170000
13,JAWA TENGAH,185,KAB. KEBUMEN,2517,Rowokele,11,11,11,11,0,4074,59228600,48500000,660,660,17040000,627,2387,65540000
13,JAWA TENGAH,185,KAB. KEBUMEN,2522,Sadang,7,7,7,7,0,0,0,200000,4,4,0,0,0,200000
13,JAWA TENGAH,185,KAB. KEBUMEN,2518,Sempor,16,16,16,16,0,2627,39511100,47150000,823,823,2925000,317,351,50075000
13,JAWA TENGAH,185,KAB. KEBUMEN,2514,Sruweng,21,21,21,21,0,3144,44959200,25550000,397,397,28590000,471,3230,54140000
13,JAWA TENGAH,204,KAB. KENDAL,2847,Boja,18,18,18,17,0,1960,29502000,5000000,50,50,3715000,42,181,8715000
13,JAWA TENGAH,204,KAB. KENDAL,2849,Brangsong,12,12,12,12,0,5,167000,6600000,66,66,2350000,49,235,8950000
13,JAWA TENGAH,204,KAB. KENDAL,2853,Cepiring,15,15,15,15,0,81,1728500,4850000,25,25,1000000,20,20,5850000
13,JAWA TENGAH,204,KAB. KENDAL,2851,Gemuh,16,16,16,15,0,0,0,4700000,78,78,720000,70,72,5420000
13,JAWA TENGAH,204,KAB. KENDAL,2848,Kaliwungu,9,9,9,9,0,6068,80340000,32280000,327,327,19260000,243,1124,51540000
13,JAWA TENGAH,204,KAB. KENDAL,2859,Kaliwungu Selatan,8,8,8,8,0,0,0,200000,2,2,0,0,0,200000
13,JAWA TENGAH,204,KAB. KENDAL,2856,Kangkung,15,15,15,15,0,0,0,400000,4,4,140000,3,14,540000
13,JAWA TENGAH,204,KAB. KENDAL,6872,Kendal,20,20,20,20,0,8318,102404000,100000,1,1,0,0,0,100000
13,JAWA TENGAH,204,KAB. KENDAL,2846,Limbangan,16,16,16,16,0,0,0,5950000,60,60,1800000,56,180,7750000
13,JAWA TENGAH,204,KAB. KENDAL,2858,Ngampel,12,12,12,12,0,8893,130506000,39450000,452,462,16530000,382,1653,55980000
13,JAWA TENGAH,204,KAB. KENDAL,2842,Pageruyung,14,14,14,14,0,0,0,3000000,30,30,1110000,30,222,4110000
13,JAWA TENGAH,204,KAB. KENDAL,2844,Patean,14,14,14,14,0,0,0,25690000,521,521,5640000,519,564,31330000
13,JAWA TENGAH,204,KAB. KENDAL,2854,Patebon,18,18,18,17,0,4564,66192000,0,0,0,0,0,0,0
13,JAWA TENGAH,204,KAB. KENDAL,2850,Pegandon,12,12,12,10,0,0,0,1000000,10,10,90000,9,9,1090000
13,JAWA TENGAH,204,KAB. KENDAL,2841,Plantungan,12,12,12,12,0,141,2858500,14700000,294,294,7075000,283,1415,21775000
13,JAWA TENGAH,204,KAB. KENDAL,2857,Ringinarum,12,12,12,10,0,5883,85501500,2600000,26,26,3110000,25,161,5710000
13,JAWA TENGAH,204,KAB. KENDAL,2855,Rowosari,16,16,16,14,0,0,0,0,0,0,10000,1,1,10000
13,JAWA TENGAH,204,KAB. KENDAL,2845,Singorojo,13,13,13,13,0,6540,94830000,29612000,173,173,5980000,152,365,35592000
13,JAWA TENGAH,204,KAB. KENDAL,2843,Sukorejo,18,18,18,18,0,0,0,200000,1,1,175000,1,7,375000
13,JAWA TENGAH,204,KAB. KENDAL,2852,Weleri,16,16,16,16,0,840,12180000,4300000,43,43,170000,27,27,4470000
13,JAWA TENGAH,190,KAB. KLATEN,2601,Bayat,18,18,18,16,0,262,7510500,15800000,158,158,7165000,137,720,22965000
13,JAWA TENGAH,190,KAB. KLATEN,2602,Cawas,20,20,20,20,0,87795,160255560,51005000,274,274,9590000,192,1205,60595000
13,JAWA TENGAH,190,KAB. KLATEN,2608,Ceper,18,18,18,17,0,0,0,100000,1,1,0,0,0,100000
13,JAWA TENGAH,190,KAB. KLATEN,2613,Delanggu,16,16,16,15,0,0,0,5332500,79,79,9480000,79,79,14812500
13,JAWA TENGAH,190,KAB. KLATEN,2599,Gantiwarno,16,16,16,11,0,0,0,400000,8,8,120000,7,12,520000
13,JAWA TENGAH,190,KAB. KLATEN,2617,Jatinom,18,18,18,16,0,0,0,30000,1,1,0,0,0,30000
13,JAWA TENGAH,190,KAB. KLATEN,2605,Jogonalan,18,18,18,17,0,0,0,26200000,290,300,3370000,213,421,29570000
13,JAWA TENGAH,190,KAB. KLATEN,2611,Juwiring,19,19,19,19,0,16556,188274400,2300000,30,30,0,0,0,2300000
13,JAWA TENGAH,190,KAB. KLATEN,2620,Kalikotes,7,7,7,7,0,0,0,100000,1,1,0,0,0,100000
13,JAWA TENGAH,190,KAB. KLATEN,2615,Karanganom,19,19,19,18,0,0,0,8420000,85,85,2140000,81,208,10560000
13,JAWA TENGAH,190,KAB. KLATEN,2610,Karangdowo,19,19,19,17,0,0,0,0,0,0,0,0,0,0
13,JAWA TENGAH,190,KAB. KLATEN,2607,Karangnongko,14,14,14,14,0,0,0,10400000,158,158,1820000,157,182,12220000
13,JAWA TENGAH,190,KAB. KLATEN,2604,Kebonarum,7,7,7,7,0,0,0,0,0,0,0,0,0,0
13,JAWA TENGAH,190,KAB. KLATEN,2618,Kemalang,13,13,13,12,0,0,0,24750000,137,137,3835000,119,384,28585000
13,JAWA TENGAH,190,KAB. KLATEN,6868,Klaten Selatan,12,12,12,12,0,0,0,0,0,0,0,0,0,0
13,JAWA TENGAH,190,KAB. KLATEN,6867,Klaten Tengah,9,9,9,9,0,0,0,0,0,0,0,0,0,0
13,JAWA TENGAH,190,KAB. KLATEN,2621,Klaten Utara,8,8,8,7,0,0,0,6050000,63,63,540000,30,54,6590000
13,JAWA TENGAH,190,KAB. KLATEN,2606,Manisrenggo,16,16,16,14,0,501,101405000,30750000,324,324,5060000,315,478,35810000
13,JAWA TENGAH,190,KAB. KLATEN,2619,Ngawen,13,13,13,12,0,515,8571050,52450000,641,641,9070000,289,907,61520000
13,JAWA TENGAH,190,KAB. KLATEN,2609,Pedan,14,14,14,14,0,0,0,6000000,97,97,1255000,53,127,7255000
13,JAWA TENGAH,190,KAB. KLATEN,2614,Polanharjo,18,18,18,18,0,16550,30098000,33350000,521,521,19675000,528,1971,53025000
13,JAWA TENGAH,190,KAB. KLATEN,2598,Prambanan,16,16,16,14,0,59,653000,37630000,289,289,15010000,223,1276,52640000
13,JAWA TENGAH,190,KAB. KLATEN,2603,Trucuk,18,18,18,17,0,90450,164890000,23100000,359,359,6970000,342,691,30070000
13,JAWA TENGAH,190,KAB. KLATEN,2616,Tulung,18,18,18,18,0,8,125600,8335000,107,107,645000,86,86,8980000
13,JAWA TENGAH,190,KAB. KLATEN,2600,Wedi,19,19,19,19,0,0,0,6800000,77,77,2130000,67,213,8930000
13,JAWA TENGAH,190,KAB. KLATEN,2612,Wonosari,18,18,18,18,0,125182,250975600,1250000,25,25,100000,10,10,1350000
13,JAWA TENGAH,199,KAB. KUDUS,2770,Bae,10,10,10,10,0,0,0,31375000,327,327,1690000,131,169,33065000
13,JAWA TENGAH,199,KAB. KUDUS,2772,Dawe,18,18,18,18,0,1,20000,40850000,429,429,5775000,386,554,46625000
13,JAWA TENGAH,199,KAB. KUDUS,2771,Gebog,11,11,11,11,0,0,0,10450000,52,52,815000,48,52,11265000
13,JAWA TENGAH,199,KAB. KUDUS,2766,Jati,14,14,14,14,0,6207,87245500,29562200,477,477,16220080,483,1910,45782280
13,JAWA TENGAH,199,KAB. KUDUS,2769,Jekulo,12,12,12,12,0,2160,34651200,38850000,381,386,16020000,300,1593,54870000
13,JAWA TENGAH,199,KAB. KUDUS,2765,Kaliwungu,15,15,15,15,0,0,0,23600000,236,236,6370000,213,636,29970000
13,JAWA TENGAH,199,KAB. KUDUS,6870,Kota Kudus,25,25,25,25,0,83,1685000,53900000,539,539,17219650,389,1686,71119650
13,JAWA TENGAH,199,KAB. KUDUS,2768,Mejobo,11,11,11,11,0,12607,183043000,8120000,134,134,5280000,121,304,13400000
13,JAWA TENGAH,199,KAB. KUDUS,2767,Undaan,16,16,16,16,0,4,44000,26100000,340,340,8570000,282,866,34670000
13,JAWA TENGAH,188,KAB. MAGELANG,2571,Bandongan,14,14,14,14,0,0,0,5150000,82,82,905000,21,90,6055000
13,JAWA TENGAH,188,KAB. MAGELANG,2559,Borobudur,20,20,20,20,0,404,6588000,5725000,162,162,3145000,137,403,8870000
13,JAWA TENGAH,188,KAB. MAGELANG,2572,Candimulyo,19,19,19,19,0,58509,106530600,5550000,77,77,835000,41,157,6385000
13,JAWA TENGAH,188,KAB. MAGELANG,2563,Dukun,15,15,15,15,0,0,0,3100000,62,62,690000,59,92,3790000
13,JAWA TENGAH,188,KAB. MAGELANG,2575,Grabag,28,28,28,28,0,13734,190750400,7725000,98,98,1030000,97,130,8755000
13,JAWA TENGAH,188,KAB. MAGELANG,2569,Kajoran,29,29,29,29,0,0,0,300000,30,30,145000,29,29,445000
13,JAWA TENGAH,188,KAB. MAGELANG,2570,Kaliangkrik,20,20,20,20,0,0,0,100000,2,2,10000,1,1,110000
13,JAWA TENGAH,188,KAB. MAGELANG,2567,Mertoyudan,13,13,13,12,0,0,0,1200000,24,24,240000,24,24,1440000
13,JAWA TENGAH,188,KAB. MAGELANG,2566,Mungkid,16,16,16,16,0,0,0,22050000,222,222,310000,8,31,22360000
13,JAWA TENGAH,188,KAB. MAGELANG,2565,Muntilan,14,14,14,14,0,2640,38280000,10650000,151,151,2740000,151,305,13390000
13,JAWA TENGAH,188,KAB. MAGELANG,2574,Ngablak,16,16,16,14,0,0,0,0,0,0,0,0,0,0
13,JAWA TENGAH,188,KAB. MAGELANG,2560,Ngluwar,8,8,8,8,0,589,9235300,5780000,116,116,2415000,116,243,8195000
13,JAWA TENGAH,188,KAB. MAGELANG,2573,Pakis,20,20,20,20,0,1,55000,7050000,124,124,1235000,124,124,8285000
13,JAWA TENGAH,188,KAB. MAGELANG,2561,Salam,12,12,12,12,0,1,80000,13195000,266,266,7720000,235,769,20915000
13,JAWA TENGAH,188,KAB. MAGELANG,2558,Salaman,20,20,20,19,0,3360,48048000,400000,30,30,590000,14,115,990000
13,JAWA TENGAH,188,KAB. MAGELANG,2564,Sawangan,15,15,15,15,0,720,39240000,21000000,54,54,6430000,52,262,27430000
13,JAWA TENGAH,188,KAB. MAGELANG,2577,Secang,20,20,20,20,0,420,6006000,2765000,53,53,775000,53,53,3540000
13,JAWA TENGAH,188,KAB. MAGELANG,2562,Srumbung,17,17,17,16,0,0,0,26550000,417,417,11975000,405,1540,38525000
13,JAWA TENGAH,188,KAB. MAGELANG,2576,Tegalrejo,21,21,21,20,0,1800,26100000,1200000,24,24,55000,10,10,1255000
13,JAWA TENGAH,188,KAB. MAGELANG,2568,Tempuran,15,15,15,15,0,0,0,100000,1,1,20000,1,2,120000
13,JAWA TENGAH,188,KAB. MAGELANG,2578,Windusari,20,20,20,20,0,23828,43204960,150000,3,3,5920000,75,593,6070000
13,JAWA TENGAH,198,KAB. PATI,2750,Batangan,18,18,18,18,0,0,0,33100000,331,331,9400000,306,940,42500000
13,JAWA TENGAH,198,KAB. PATI,2761,Cluwak,13,13,13,13,0,49470,614859500,0,0,0,0,0,0,0
13,JAWA TENGAH,198,KAB. PATI,2763,Dukuhseti,12,12,12,12,0,0,0,1800000,18,18,70000,7,7,1870000
13,JAWA TENGAH,198,KAB. PATI,2754,Gabus,24,24,24,24,0,87475,962225000,4250000,48,48,90000,9,9,4340000
13,JAWA TENGAH,198,KAB. PATI,2756,Gembong,11,11,11,11,0,1000,11000000,1100000,10,10,370000,11,38,1470000
13,JAWA TENGAH,198,KAB. PATI,2760,Gunungwungkal,15,15,15,12,0,0,0,2200000,9,11,30000,3,3,2230000
13,JAWA TENGAH,198,KAB. PATI,2749,Jaken,21,21,21,21,0,0,0,2500000,25,25,1640000,25,164,4140000
13,JAWA TENGAH,198,KAB. PATI,2752,Jakenan,23,23,23,23,0,0,0,1320000,12,12,60000,12,12,1380000
13,JAWA TENGAH,198,KAB. PATI,2751,Juwana,29,29,29,29,0,8000,88000000,9520000,87,96,1560000,40,40,11080000
13,JAWA TENGAH,198,KAB. PATI,2745,Kayen,17,17,17,17,0,38604,492382400,4200000,42,42,0,0,0,4200000
13,JAWA TENGAH,198,KAB. PATI,2755,Margorejo,18,18,18,18,0,57706,105127760,0,0,0,0,0,0,0
13,JAWA TENGAH,198,KAB. PATI,2759,Margoyoso,22,22,22,22,0,0,0,0,0,0,0,0,0,0
13,JAWA TENGAH,198,KAB. PATI,2753,Pati,29,29,29,29,0,81645,1129210600,200000,2,2,400000,12,40,600000
13,JAWA TENGAH,198,KAB. PATI,2748,Pucakwangi,20,20,20,20,0,0,0,0,0,0,0,0,0,0
13,JAWA TENGAH,198,KAB. PATI,2744,Sukolilo,16,16,16,16,0,9500,104500000,0,0,0,0,0,0,0
13,JAWA TENGAH,198,KAB. PATI,2746,Tambakromo,18,18,18,17,0,0,0,0,0,0,0,0,0,0
13,JAWA TENGAH,198,KAB. PATI,2762,Tayu,21,21,21,21,0,7013,102395500,10900000,79,79,4810000,117,326,15710000
13,JAWA TENGAH,198,KAB. PATI,2757,Tlogowungu,15,15,15,15,0,0,0,0,0,0,0,0,0,0
13,JAWA TENGAH,198,KAB. PATI,2764,Trangkil,16,16,16,15,0,0,0,1800000,18,18,180000,18,18,1980000
13,JAWA TENGAH,198,KAB. PATI,2758,Wedarijaksa,18,18,18,18,0,0,0,4150000,42,42,80000,1,8,4230000
13,JAWA TENGAH,198,KAB. PATI,2747,Winong,30,30,30,30,0,0,0,100000,1,1,0,0,0,100000
13,JAWA TENGAH,206,KAB. PEKALONGAN,2884,Bojong,22,22,22,20,0,6200,88850000,0,0,0,0,0,0,0
13,JAWA TENGAH,206,KAB. PEKALONGAN,2887,Buaran,10,10,10,10,0,0,0,0,0,0,0,0,0,0
13,JAWA TENGAH,206,KAB. PEKALONGAN,2879,Doro,14,14,14,14,0,0,0,100000,1,1,10000,1,1,110000
13,JAWA TENGAH,206,KAB. PEKALONGAN,2881,Kajen,25,25,25,21,0,1,20000,8400000,18,18,25000,2,5,8425000
13,JAWA TENGAH,206,KAB. PEKALONGAN,2875,Kandangserang,14,14,14,13,0,0,0,100000,1,1,10000,1,1,110000
13,JAWA TENGAH,206,KAB. PEKALONGAN,2880,Karanganyar,15,15,15,14,0,0,0,0,0,0,0,0,0,0
13,JAWA TENGAH,206,KAB. PEKALONGAN,2891,Karangdadap,11,11,11,11,0,0,0,0,0,0,0,0,0,0
13,JAWA TENGAH,206,KAB. PEKALONGAN,2886,Kedungwuni,20,20,20,17,0,3964,56592000,0,0,0,240000,4,12,240000
13,JAWA TENGAH,206,KAB. PEKALONGAN,2882,Kesesi,23,23,23,23,0,0,0,0,0,0,0,0,0,0
13,JAWA TENGAH,206,KAB. PEKALONGAN,2877,Lebakbarang,11,11,11,11,0,0,0,0,0,0,0,0,0,0
13,JAWA TENGAH,206,KAB. PEKALONGAN,2876,Paninggaran,15,15,15,15,0,0,0,0,0,0,0,0,0,0
13,JAWA TENGAH,206,KAB. PEKALONGAN,6873,Petungkriyono,9,9,9,9,0,0,0,0,0,0,0,0,0,0
13,JAWA TENGAH,206,KAB. PEKALONGAN,2890,Siwalan,13,13,13,13,0,0,0,0,0,0,0,0,0,0
13,JAWA TENGAH,206,KAB. PEKALONGAN,2883,Sragi,17,17,17,17,0,0,0,0,0,0,0,0,0,0
13,JAWA TENGAH,206,KAB. PEKALONGAN,2878,Talun,10,10,10,10,0,0,0,0,0,0,0,0,0,0
13,JAWA TENGAH,206,KAB. PEKALONGAN,2888,Tirto,16,16,16,16,0,0,0,0,0,0,0,0,0,0
13,JAWA TENGAH,206,KAB. PEKALONGAN,2889,Wiradesa,16,16,16,16,0,10,25000,500000,12,12,50000,9,9,550000
13,JAWA TENGAH,206,KAB. PEKALONGAN,2892,Wonokerto,11,11,11,11,0,0,0,0,0,0,0,0,0,0
13,JAWA TENGAH,206,KAB. PEKALONGAN,2885,Wonopringgo,14,14,14,14,0,0,0,0,0,0,0,0,0,0
13,JAWA TENGAH,207,KAB. PEMALANG,2903,Ampelgading,16,16,16,16,0,0,0,2800000,28,28,30000,3,3,2830000
13,JAWA TENGAH,207,KAB. PEMALANG,2898,Bantarbolang,17,17,17,17,0,0,0,0,0,0,0,0,0,0
13,JAWA TENGAH,207,KAB. PEMALANG,2895,Belik,13,13,13,13,0,0,0,400000,8,8,110000,8,10,510000
13,JAWA TENGAH,207,KAB. PEMALANG,2897,Bodeh,19,19,19,19,0,4080,58260000,0,0,0,0,0,0,0
13,JAWA TENGAH,207,KAB. PEMALANG,2904,Comal,18,18,18,18,0,0,0,400000,8,8,135000,8,27,535000
13,JAWA TENGAH,207,KAB. PEMALANG,2893,Moga,10,10,10,10,0,0,0,0,0,0,0,0,0,0
13,JAWA TENGAH,207,KAB. PEMALANG,2900,Pemalang,20,20,20,20,0,8161.2,121014000,2900000,29,29,590000,28,59,3490000
13,JAWA TENGAH,207,KAB. PEMALANG,2902,Petarukan,20,20,20,20,0,0,0,12000000,240,240,0,0,0,12000000
13,JAWA TENGAH,207,KAB. PEMALANG,2894,Pulosari,12,12,12,9,0,0,0,0,0,0,0,0,0,0
13,JAWA TENGAH,207,KAB. PEMALANG,2899,Randudongkal,18,18,18,18,0,0,0,0,0,0,10000,1,1,10000
13,JAWA TENGAH,207,KAB. PEMALANG,2901,Taman,21,21,21,21,0,0,0,0,0,0,0,0,0,0
13,JAWA TENGAH,207,KAB. PEMALANG,2905,Ulujami,18,18,18,18,0,0,0,8050000,90,90,1580000,56,158,9630000
13,JAWA TENGAH,207,KAB. PEMALANG,2906,Warungpring,6,6,6,6,0,0,0,0,0,0,0,0,0,0
13,JAWA TENGAH,207,KAB. PEMALANG,2896,Watukumpul,15,15,15,13,0,1,17500,0,0,0,0,0,0,0
13,JAWA TENGAH,183,KAB. PURBALINGGA,2473,Bobotsari,16,16,16,16,0,28,550000,19350000,249,249,8255000,236,869,27605000
13,JAWA TENGAH,183,KAB. PURBALINGGA,2477,Bojongsari,13,13,13,13,0,0,0,4350000,78,78,580000,69,90,4930000
13,JAWA TENGAH,183,KAB. PURBALINGGA,2466,Bukateja,14,14,14,14,0,0,0,23830000,288,288,2480000,223,309,26310000
13,JAWA TENGAH,183,KAB. PURBALINGGA,2468,Kaligondang,18,18,18,18,0,58362,106381960,1400000,19,19,185000,19,19,1585000
13,JAWA TENGAH,183,KAB. PURBALINGGA,2470,Kalimanah,17,17,17,16,0,25,1908000,2900000,29,29,1090000,22,109,3990000
13,JAWA TENGAH,183,KAB. PURBALINGGA,2474,Karanganyar,13,13,13,13,0,77350,140516000,24400000,352,352,4605000,355,459,29005000
13,JAWA TENGAH,183,KAB. PURBALINGGA,2480,Karangjambu,6,6,6,6,0,87519,159200720,8600000,86,86,1290000,85,85,9890000
13,JAWA TENGAH,183,KAB. PURBALINGGA,2475,Karangmoncol,11,11,11,11,0,0,0,9200000,83,83,3356000,73,348,12556000
13,JAWA TENGAH,183,KAB. PURBALINGGA,6862,Karangreja,7,7,7,7,0,165272,334517680,17250000,181,181,1055000,111,113,18305000
13,JAWA TENGAH,183,KAB. PURBALINGGA,2467,Kejobong,13,13,13,13,0,0,0,11550000,124,124,1395000,123,173,12945000
13,JAWA TENGAH,183,KAB. PURBALINGGA,2465,Kemangkon,19,19,19,19,0,0,0,7800000,87,87,460000,46,46,8260000
13,JAWA TENGAH,183,KAB. PURBALINGGA,2481,Kertanegara,11,11,11,11,0,2,440000,29450000,325,325,6355000,306,808,35805000
13,JAWA TENGAH,183,KAB. PURBALINGGA,2471,Kutasari,14,14,14,14,0,49780,90546920,910000,19,19,0,0,0,910000
13,JAWA TENGAH,183,KAB. PURBALINGGA,2472,Mrebet,19,19,19,19,0,0,0,1050000,12,12,10000,1,1,1060000
13,JAWA TENGAH,183,KAB. PURBALINGGA,2478,Padamara,14,14,14,14,0,0,0,3525000,65,65,430000,53,53,3955000
13,JAWA TENGAH,183,KAB. PURBALINGGA,2479,Pengadegan,9,9,9,9,0,0,0,16500000,165,165,1880000,150,188,18380000
13,JAWA TENGAH,183,KAB. PURBALINGGA,2469,Purbalingga,13,13,13,13,0,0,0,14710000,260,260,1120000,60,118,15830000
13,JAWA TENGAH,183,KAB. PURBALINGGA,2476,Rembang,12,12,12,12,0,3,54000,7900000,79,79,810000,64,64,8710000
13,JAWA TENGAH,186,KAB. PURWOREJO,2530,Bagelen,17,17,17,17,0,32,520500,17650000,301,301,17795000,320,2162,35445000
13,JAWA TENGAH,186,KAB. PURWOREJO,2533,Banyuurip,27,27,27,27,0,15,165000,3025000,61,61,1550000,61,303,4575000
13,JAWA TENGAH,186,KAB. PURWOREJO,2534,Bayan,26,26,26,26,0,50750,92384000,37720000,535,535,14225000,490,1808,51945000
13,JAWA TENGAH,186,KAB. PURWOREJO,2542,Bener,28,28,28,27,0,4560,65208000,20910000,557,557,11445000,442,1885,32355000
13,JAWA TENGAH,186,KAB. PURWOREJO,2539,Bruno,18,18,18,18,0,45,495000,15600000,218,218,7335000,222,907,22935000
13,JAWA TENGAH,186,KAB. PURWOREJO,2536,Butuh,34,34,34,33,0,43,473000,12850000,201,201,4735000,155,487,17585000
13,JAWA TENGAH,186,KAB. PURWOREJO,2540,Gebang,25,25,25,25,0,0,0,100000,4,4,85000,10,17,185000
13,JAWA TENGAH,186,KAB. PURWOREJO,2527,Grabag,32,32,32,30,0,198,2178000,14150000,167,167,4320000,163,478,18470000
13,JAWA TENGAH,186,KAB. PURWOREJO,2531,Kaligesing,19,19,19,19,0,792,1110500,5325000,131,131,3110000,96,618,8435000
13,JAWA TENGAH,186,KAB. PURWOREJO,2538,Kemiri,39,39,39,38,0,0,0,10225000,185,185,5155000,165,636,15380000
13,JAWA TENGAH,186,KAB. PURWOREJO,2535,Kutoarjo,27,27,27,26,0,0,0,13760000,278,278,5690000,338,540,19450000
13,JAWA TENGAH,186,KAB. PURWOREJO,2541,Loano,21,21,21,21,0,0,0,20200000,404,404,6945000,231,1322,27145000
13,JAWA TENGAH,186,KAB. PURWOREJO,2528,Ngombol,41,41,41,34,0,10,110000,21450000,354,354,10110000,327,1262,31560000
13,JAWA TENGAH,186,KAB. PURWOREJO,2537,Pituruh,38,38,38,32,0,4576,56276000,8660000,110,110,1715000,102,203,10375000
13,JAWA TENGAH,186,KAB. PURWOREJO,2529,Purwodadi,37,37,37,33,0,35,473000,39000000,601,601,20600000,559,2754,59600000
13,JAWA TENGAH,186,KAB. PURWOREJO,2532,Purworejo,25,25,25,25,0,165,1867000,34650000,466,466,7200000,308,808,41850000
13,JAWA TENGAH,197,KAB. REMBANG,2731,Bulu,16,16,16,16,0,0,0,0,0,0,0,0,0,0
13,JAWA TENGAH,197,KAB. REMBANG,2732,Gunem,16,16,16,15,0,0,0,0,0,0,0,0,0,0
13,JAWA TENGAH,197,KAB. REMBANG,2738,Kaliori,23,23,23,23,0,0,0,8550000,171,171,1645000,167,201,10195000
13,JAWA TENGAH,197,KAB. REMBANG,2741,Kragan,27,27,27,25,0,0,0,2650000,32,32,1270000,32,127,3920000
13,JAWA TENGAH,197,KAB. REMBANG,2743,Lasem,20,20,20,20,0,3912,56724000,1200000,24,24,2350000,24,235,3550000
13,JAWA TENGAH,197,KAB. REMBANG,2736,Pamotan,23,23,23,22,0,0,0,460000,11,11,70000,11,11,530000
13,JAWA TENGAH,197,KAB. REMBANG,2740,Pancur,23,23,23,23,0,0,0,200000,4,4,0,0,0,200000
13,JAWA TENGAH,197,KAB. REMBANG,2739,Rembang,34,34,34,32,0,28,480500,4850000,112,112,1005000,106,106,5855000
13,JAWA TENGAH,197,KAB. REMBANG,2733,Sale,15,15,15,12,0,1,18000,5250000,105,105,3470000,103,347,8720000
13,JAWA TENGAH,197,KAB. REMBANG,2734,Sarang,23,23,23,22,0,0,0,0,0,0,0,0,0,0
13,JAWA TENGAH,197,KAB. REMBANG,2735,Sedan,21,21,21,19,0,0,0,1600000,16,16,160000,16,16,1760000
13,JAWA TENGAH,197,KAB. REMBANG,2742,Sluke,14,14,14,13,0,0,0,0,0,0,0,0,0,0
13,JAWA TENGAH,197,KAB. REMBANG,2737,Sulang,21,21,21,20,0,6248,83596000,1450000,29,29,155000,29,31,1605000
13,JAWA TENGAH,197,KAB. REMBANG,2730,Sumber,18,18,18,18,0,125,2250000,1000000,10,10,780000,10,39,1780000
13,JAWA TENGAH,202,KAB. SEMARANG,2812,Ambarawa,10,10,10,10,0,36627,432479000,15000000,150,150,790000,79,79,15790000
13,JAWA TENGAH,202,KAB. SEMARANG,2816,Bancak,9,9,9,9,0,82290,167960000,10000000,92,92,2440000,48,244,12440000
13,JAWA TENGAH,202,KAB. SEMARANG,2820,Bandungan,10,10,10,10,0,378,808700,0,0,0,20000,1,2,20000
13,JAWA TENGAH,202,KAB. SEMARANG,2809,Banyubiru,10,10,10,10,0,0,0,1000000,12,12,0,0,0,1000000
13,JAWA TENGAH,202,KAB. SEMARANG,2813,Bawen,9,9,9,9,0,2280,33060000,2450000,49,49,735000,49,147,3185000
13,JAWA TENGAH,202,KAB. SEMARANG,2815,Bergas,13,13,13,13,0,1584,25550300,13460000,250,250,14070000,247,1407,27530000
13,JAWA TENGAH,202,KAB. SEMARANG,2814,Bringin,16,16,16,16,0,0,0,2000000,20,20,0,0,0,2000000
13,JAWA TENGAH,202,KAB. SEMARANG,2803,Getasan,13,13,13,13,0,0,0,8800000,88,88,870000,87,87,9670000
13,JAWA TENGAH,202,KAB. SEMARANG,2810,Jambu,10,10,10,10,0,10,180000,2500000,50,50,2395000,49,327,4895000
13,JAWA TENGAH,202,KAB. SEMARANG,2817,Kaliwungu,11,11,11,11,0,0,0,0,0,0,100000,20,20,100000
13,JAWA TENGAH,202,KAB. SEMARANG,2807,Pabelan,17,17,17,17,0,0,0,2650000,53,53,2010000,38,201,4660000
13,JAWA TENGAH,202,KAB. SEMARANG,6871,Pringapus,9,9,9,9,0,0,0,4600000,46,46,380000,30,38,4980000
13,JAWA TENGAH,202,KAB. SEMARANG,2811,Sumowono,16,16,16,14,0,0,0,1700000,17,17,800000,17,160,2500000
13,JAWA TENGAH,202,KAB. SEMARANG,2806,Suruh,17,17,17,17,0,31056,56944000,18250000,89,89,7850000,59,491,26100000
13,JAWA TENGAH,202,KAB. SEMARANG,2805,Susukan,13,13,13,12,0,39800,109154000,8650000,150,150,3680000,119,368,12330000
13,JAWA TENGAH,202,KAB. SEMARANG,2804,Tengaran,15,15,15,15,0,29506,67912400,34800000,505,505,8645000,384,1413,43445000
13,JAWA TENGAH,202,KAB. SEMARANG,2808,Tuntang,16,16,16,16,0,29004,52812000,15600000,156,156,4140000,123,414,19740000
13,JAWA TENGAH,202,KAB. SEMARANG,2818,Ungaran Barat,11,11,11,11,0,6012,66216000,5450000,86,86,5300000,94,531,10750000
13,JAWA TENGAH,202,KAB. SEMARANG,2819,Ungaran Timur,10,10,10,10,0,2,36000,8650000,110,110,3860000,104,386,12510000
13,JAWA TENGAH,194,KAB. SRAGEN,2687,Gemolong,14,14,14,12,0,0,0,0,0,0,0,0,0,0
13,JAWA TENGAH,194,KAB. SRAGEN,2692,Gesi,7,7,7,5,0,0,0,0,0,0,0,0,0,0
13,JAWA TENGAH,194,KAB. SRAGEN,2681,Gondang,9,9,9,7,0,1688,30910600,0,0,0,0,0,0,0
13,JAWA TENGAH,194,KAB. SRAGEN,2694,Jenar,7,7,7,2,0,0,0,1950000,39,39,195000,39,39,2145000
13,JAWA TENGAH,194,KAB. SRAGEN,2676,Kalijambe,14,14,14,10,0,1684,30838600,7900000,79,79,120000,1,1,8020000
13,JAWA TENGAH,194,KAB. SRAGEN,2684,Karangmalang,10,10,10,5,0,3524,64719600,0,0,0,0,0,0,0
13,JAWA TENGAH,194,KAB. SRAGEN,2679,Kedawung,10,10,10,6,0,0,0,0,0,0,0,0,0,0
13,JAWA TENGAH,194,KAB. SRAGEN,2678,Masaran,13,13,13,10,0,3428,62859200,0,0,0,0,0,0,0
13,JAWA TENGAH,194,KAB. SRAGEN,2688,Miri,10,10,10,10,0,1980,35255400,0,0,0,0,0,0,0
13,JAWA TENGAH,194,KAB. SRAGEN,2690,Mondokan,9,9,9,7,0,0,0,0,0,0,0,0,0,0
13,JAWA TENGAH,194,KAB. SRAGEN,2683,Ngrampal,8,8,8,7,0,0,0,8700000,87,87,685000,51,113,9385000
13,JAWA TENGAH,194,KAB. SRAGEN,2677,Plupuh,16,16,16,12,0,6146,108701000,4100000,48,48,1220000,35,70,5320000
13,JAWA TENGAH,194,KAB. SRAGEN,2680,Sambirejo,9,9,9,9,0,2926,55206000,0,0,0,0,0,0,0
13,JAWA TENGAH,194,KAB. SRAGEN,2682,Sambungmacan,9,9,9,8,0,207020,344082800,0,0,0,0,0,0,0
13,JAWA TENGAH,194,KAB. SRAGEN,2685,Sidoharjo,12,12,12,11,0,108862,206606800,0,0,0,0,0,0,0
13,JAWA TENGAH,194,KAB. SRAGEN,6869,Sragen,8,8,8,7,0,0,0,250000,4,4,0,0,0,250000
13,JAWA TENGAH,194,KAB. SRAGEN,2691,Sukodono,9,9,9,6,0,0,0,5550000,87,87,4070000,87,407,9620000
13,JAWA TENGAH,194,KAB. SRAGEN,2689,Sumberlawang,11,11,11,6,0,5052,92515800,2800000,28,28,280000,28,28,3080000
13,JAWA TENGAH,194,KAB. SRAGEN,2693,Tangen,7,7,7,5,0,1786,32827600,0,0,0,0,0,0,0
13,JAWA TENGAH,194,KAB. SRAGEN,2686,Tanon,16,16,16,12,0,17894,27700400,5200000,61,61,1760000,59,352,6960000
13,JAWA TENGAH,191,KAB. SUKOHARJO,2631,Baki,14,14,14,13,0,0,0,200000,2,2,15000,3,3,215000
13,JAWA TENGAH,191,KAB. SUKOHARJO,2627,Bendosari,14,14,14,14,0,22371,266011400,7200000,72,72,720000,72,72,7920000
13,JAWA TENGAH,191,KAB. SUKOHARJO,2623,Bulu,12,12,12,12,0,0,0,14850000,193,193,8920000,172,987,23770000
13,JAWA TENGAH,191,KAB. SUKOHARJO,2632,Gatak,14,14,14,13,0,0,0,8000000,134,134,3185000,139,441,11185000
13,JAWA TENGAH,191,KAB. SUKOHARJO,2630,Grogol,14,14,14,13,0,4801,63762000,0,0,0,0,0,0,0
13,JAWA TENGAH,191,KAB. SUKOHARJO,2633,Kartasura,12,12,12,12,0,0,0,50000,1,1,0,0,0,50000
13,JAWA TENGAH,191,KAB. SUKOHARJO,2629,Mojolaban,15,15,15,15,0,0,0,10200000,102,102,2750000,101,275,12950000
13,JAWA TENGAH,191,KAB. SUKOHARJO,2626,Nguter,16,16,16,15,0,1114,20495200,0,0,0,0,0,0,0
13,JAWA TENGAH,191,KAB. SUKOHARJO,2628,Polokarto,17,17,17,17,0,0,0,5400000,58,58,6660000,59,338,12060000
13,JAWA TENGAH,191,KAB. SUKOHARJO,2625,Sukoharjo,14,14,14,13,0,58714,690144500,5500000,110,110,1555000,60,299,7055000
13,JAWA TENGAH,191,KAB. SUKOHARJO,2624,Tawangsari,12,12,12,12,0,0,0,17000000,275,275,10705000,216,1155,27705000
13,JAWA TENGAH,191,KAB. SUKOHARJO,2622,Weru,13,13,13,13,0,50,900000,42407900,586,586,22575010,538,2531,64982910
13,JAWA TENGAH,208,KAB. TEGAL,2917,Adiwerna,21,21,21,20,0,32570,452076500,21800000,226,226,7570000,177,744,29370000
13,JAWA TENGAH,208,KAB. TEGAL,2910,Balapulang,20,20,20,20,0,0,0,3350000,73,73,920000,71,71,4270000
13,JAWA TENGAH,208,KAB. TEGAL,2909,Bojong,17,17,17,17,0,0,0,50000,1,1,0,0,0,50000
13,JAWA TENGAH,208,KAB. TEGAL,2908,Bumijawa,18,18,18,13,0,0,0,0,0,0,0,0,0,0
13,JAWA TENGAH,208,KAB. TEGAL,2919,Dukuhturi,18,18,18,16,0,5000,70500000,7030050,145,145,9560000,142,414,16590050
13,JAWA TENGAH,208,KAB. TEGAL,2924,Dukuhwaru,10,10,10,10,0,0,0,5190000,61,61,570000,33,54,5760000
13,JAWA TENGAH,208,KAB. TEGAL,2913,Jatinegara,17,17,17,17,0,0,0,3050000,35,35,520000,35,35,3570000
13,JAWA TENGAH,208,KAB. TEGAL,2914,Kedungbanteng,10,10,10,9,0,0,0,200000,2,2,350000,2,14,550000
13,JAWA TENGAH,208,KAB. TEGAL,2921,Kramat,20,20,20,18,0,22229,326694900,7050000,75,75,3040000,63,304,10090000
13,JAWA TENGAH,208,KAB. TEGAL,2912,Lebaksiu,15,15,15,15,0,0,0,8200000,97,97,2330000,136,233,10530000
13,JAWA TENGAH,208,KAB. TEGAL,2907,Margasari,13,13,13,10,0,0,0,1950000,38,38,390000,38,39,2340000
13,JAWA TENGAH,208,KAB. TEGAL,2911,Pagerbarang,13,13,13,13,0,0,0,2200000,11,11,250000,10,10,2450000
13,JAWA TENGAH,208,KAB. TEGAL,2915,Pangkah,23,23,23,23,0,0,0,18200000,234,238,18875000,196,928,37075000
13,JAWA TENGAH,208,KAB. TEGAL,2916,Slawi,10,10,10,10,0,15508,215874800,5175000,72,72,3600000,72,334,8775000
13,JAWA TENGAH,208,KAB. TEGAL,2922,Suradadi,11,11,11,11,0,0,0,0,0,0,0,0,0,0
13,JAWA TENGAH,208,KAB. TEGAL,2918,Talang,19,19,19,17,0,0,0,4000000,40,40,480000,48,48,4480000
13,JAWA TENGAH,208,KAB. TEGAL,2920,Tarub,20,20,20,17,0,1,18000,4700000,47,47,6310000,25,127,11010000
13,JAWA TENGAH,208,KAB. TEGAL,2923,Warureja,12,12,12,12,0,0,0,0,0,0,0,0,0,0
13,JAWA TENGAH,203,KAB. TEMANGGUNG,2836,Bansari,13,13,13,13,0,12,457000,0,0,0,0,0,0,0
13,JAWA TENGAH,203,KAB. TEMANGGUNG,2838,Bejen,14,14,14,14,0,0,0,50000,1,1,0,0,0,50000
13,JAWA TENGAH,203,KAB. TEMANGGUNG,2821,Bulu,19,19,19,19,0,0,0,0,0,0,0,0,0,0
13,JAWA TENGAH,203,KAB. TEMANGGUNG,2832,Candiroto,14,14,14,14,0,7,124500,0,0,0,5000,1,1,5000
13,JAWA TENGAH,203,KAB. TEMANGGUNG,2840,Gemawang,10,10,10,10,0,0,0,0,0,0,0,0,0,0
13,JAWA TENGAH,203,KAB. TEMANGGUNG,2830,Jumo,13,13,13,13,0,0,0,50000,1,1,0,0,0,50000
13,JAWA TENGAH,203,KAB. TEMANGGUNG,2825,Kaloran,14,14,14,13,0,0,0,2300000,53,53,70000,14,14,2370000
13,JAWA TENGAH,203,KAB. TEMANGGUNG,2826,Kandangan,16,16,16,16,0,0,0,900000,9,9,90000,9,9,990000
13,JAWA TENGAH,203,KAB. TEMANGGUNG,2827,Kedu,14,14,14,14,0,0,0,0,0,0,0,0,0,0
13,JAWA TENGAH,203,KAB. TEMANGGUNG,2837,Kledung,13,13,13,13,0,0,0,0,0,0,0,0,0,0
13,JAWA TENGAH,203,KAB. TEMANGGUNG,2833,Kranggan,13,13,13,13,0,31017,56266600,0,0,0,50000,2,2,50000
13,JAWA TENGAH,203,KAB. TEMANGGUNG,2829,Ngadirejo,20,20,20,20,0,3,53000,6300000,81,81,3170000,48,322,9470000
13,JAWA TENGAH,203,KAB. TEMANGGUNG,2828,Parakan,16,16,16,16,0,0,0,1500000,15,15,300000,15,15,1800000
13,JAWA TENGAH,203,KAB. TEMANGGUNG,2824,Pringsurat,14,14,14,14,0,1,27500,3100000,23,23,610000,23,46,3710000
13,JAWA TENGAH,203,KAB. TEMANGGUNG,2835,Selopampang,12,12,12,12,0,0,0,0,0,0,0,0,0,0
13,JAWA TENGAH,203,KAB. TEMANGGUNG,2823,Temanggung,25,25,25,25,0,1504,18207200,5425000,115,115,3930000,156,444,9355000
13,JAWA TENGAH,203,KAB. TEMANGGUNG,2822,Tembarak,13,13,13,13,0,0,0,0,0,0,650000,14,65,650000
13,JAWA TENGAH,203,KAB. TEMANGGUNG,2834,Tlogomulyo,12,12,12,12,0,0,0,0,0,0,0,0,0,0
13,JAWA TENGAH,203,KAB. TEMANGGUNG,2831,Tretep,11,11,11,11,0,0,0,0,0,0,0,0,0,0
13,JAWA TENGAH,203,KAB. TEMANGGUNG,2839,Wonoboyo,13,13,13,13,0,0,0,0,0,0,0,0,0,0
13,JAWA TENGAH,192,KAB. WONOGIRI,2640,Baturetno,13,13,13,13,0,5695,84669200,1450000,29,29,2160000,27,216,3610000
13,JAWA TENGAH,192,KAB. WONOGIRI,2637,Batuwarno,8,8,8,8,0,322,5221000,500000,25,25,125000,25,25,625000
13,JAWA TENGAH,192,KAB. WONOGIRI,2651,Bulukerto,10,10,10,7,0,130,1982500,650000,26,26,14000,3,7,664000
13,JAWA TENGAH,192,KAB. WONOGIRI,2641,Eromoko,15,15,15,10,0,0,0,6800000,136,136,4065000,126,516,10865000
13,JAWA TENGAH,192,KAB. WONOGIRI,2655,Girimarto,14,14,14,13,0,0,0,800000,16,16,30000,4,4,830000
13,JAWA TENGAH,192,KAB. WONOGIRI,2635,Giritontro,7,7,7,7,0,0,0,0,0,0,0,0,0,0
13,JAWA TENGAH,192,KAB. WONOGIRI,2636,Giriwoyo,16,16,16,16,0,0,0,160000,8,8,0,0,0,160000
13,JAWA TENGAH,192,KAB. WONOGIRI,2654,Jatipurno,11,11,11,11,0,0,0,340000,17,17,0,0,0,340000
13,JAWA TENGAH,192,KAB. WONOGIRI,2648,Jatiroto,15,15,15,15,0,0,0,0,0,0,0,0,0,0
13,JAWA TENGAH,192,KAB. WONOGIRI,2653,Jatisrono,17,17,17,17,0,611,574581500,9250000,185,185,4800000,152,526,14050000
13,JAWA TENGAH,192,KAB. WONOGIRI,2656,Karangtengah,5,5,5,5,0,0,0,2000000,20,20,2200000,20,220,4200000
13,JAWA TENGAH,192,KAB. WONOGIRI,2649,Kismantoro,10,10,10,5,0,0,0,160000,8,8,16000,8,8,176000
13,JAWA TENGAH,192,KAB. WONOGIRI,2643,Manyaran,7,7,7,7,0,23526,42870800,4500000,56,56,260000,15,26,4760000
13,JAWA TENGAH,192,KAB. WONOGIRI,2646,Ngadirojo,11,11,11,9,0,0,0,1950000,39,39,15000,3,3,1965000
13,JAWA TENGAH,192,KAB. WONOGIRI,2639,Nguntoronadi,11,11,11,11,0,0,0,2500000,50,50,1285000,45,257,3785000
13,JAWA TENGAH,192,KAB. WONOGIRI,2657,Paranggupito,8,8,8,6,0,0,0,260000,13,13,26000,13,13,286000
13,JAWA TENGAH,192,KAB. WONOGIRI,2634,Pracimantoro,18,18,18,17,0,0,0,2300000,46,46,1275000,25,255,3575000
13,JAWA TENGAH,192,KAB. WONOGIRI,2658,Puhpelem,6,6,6,6,0,0,0,0,0,0,0,0,0,0
13,JAWA TENGAH,192,KAB. WONOGIRI,2650,Purwantoro,15,15,15,14,0,0,0,2805000,57,57,450000,55,90,3255000
13,JAWA TENGAH,192,KAB. WONOGIRI,2644,Selogiri,11,11,11,11,0,0,0,1400000,28,28,145000,29,29,1545000
13,JAWA TENGAH,192,KAB. WONOGIRI,2647,Sidoharjo,12,12,12,10,0,0,0,9250000,185,185,2460000,173,492,11710000
13,JAWA TENGAH,192,KAB. WONOGIRI,2652,Slogohimo,17,17,17,17,0,47,809000,8650000,173,173,3110000,121,622,11760000
13,JAWA TENGAH,192,KAB. WONOGIRI,2638,Tirtomoyo,14,14,14,13,0,0,0,900000,18,18,605000,19,121,1505000
13,JAWA TENGAH,192,KAB. WONOGIRI,2645,Wonogiri,15,15,15,12,0,0,0,4950000,99,99,295000,32,43,5245000
13,JAWA TENGAH,192,KAB. WONOGIRI,2642,Wuryantoro,8,8,8,6,0,300,5250000,4100000,82,82,255000,63,63,4355000
13,JAWA TENGAH,187,KAB. WONOSOBO,2554,Garung,15,15,15,15,0,0,0,1125000,45,45,225000,45,45,1350000
13,JAWA TENGAH,187,KAB. WONOSOBO,2557,Kalibawang,8,8,8,8,0,0,0,1180000,59,59,0,0,0,1180000
13,JAWA TENGAH,187,KAB. WONOSOBO,2549,Kalikajar,19,19,19,19,0,36437,66193920,0,0,0,0,0,0,0
13,JAWA TENGAH,187,KAB. WONOSOBO,2546,Kaliwiro,21,21,21,21,0,199,4716000,3620000,68,68,1400000,65,162,5020000
13,JAWA TENGAH,187,KAB. WONOSOBO,2555,Kejajar,16,16,16,16,0,101963,187001480,22000000,212,212,0,0,0,22000000
13,JAWA TENGAH,187,KAB. WONOSOBO,2544,Kepil,21,21,21,21,0,0,0,4200000,58,58,1045000,57,120,5245000
13,JAWA TENGAH,187,KAB. WONOSOBO,2550,Kertek,21,21,21,21,0,0,0,2410000,53,53,365000,55,56,2775000
13,JAWA TENGAH,187,KAB. WONOSOBO,2547,Leksono,14,14,14,14,0,0,0,0,0,0,0,0,0,0
13,JAWA TENGAH,187,KAB. WONOSOBO,2553,Mojotengah,19,19,19,19,0,25,450000,3350000,67,67,1830000,59,330,5180000
13,JAWA TENGAH,187,KAB. WONOSOBO,2545,Sapuran,17,17,17,17,0,0,0,0,0,0,20000,1,2,20000
13,JAWA TENGAH,187,KAB. WONOSOBO,2548,Selomerto,24,24,24,24,0,25006,45552120,600000,12,12,120000,12,12,720000
13,JAWA TENGAH,187,KAB. WONOSOBO,2556,Sukoharjo,17,17,17,17,0,2,36000,2850000,57,57,850000,56,164,3700000
13,JAWA TENGAH,187,KAB. WONOSOBO,2543,Wadaslintang,17,17,17,17,0,1,22000,15300000,160,160,2140000,152,256,17440000
13,JAWA TENGAH,187,KAB. WONOSOBO,2552,Watumalang,16,16,16,16,0,0,0,0,0,0,0,0,0,0
13,JAWA TENGAH,187,KAB. WONOSOBO,2551,Wonosobo,20,20,20,20,0,71114,129696560,2000000,47,47,2350000,45,241,4350000
13,JAWA TENGAH,210,KOTA MAGELANG,2942,Magelang Selatan,6,6,6,6,0,0,0,8050000,87,87,1900000,66,145,9950000
13,JAWA TENGAH,210,KOTA MAGELANG,2944,Magelang Tengah,6,6,6,6,0,0,0,6200000,96,96,3310000,89,331,9510000
13,JAWA TENGAH,210,KOTA MAGELANG,2943,Magelang Utara,5,5,5,5,0,4,70000,2600000,31,31,2170000,27,232,4770000
13,JAWA TENGAH,214,KOTA PEKALONGAN,2970,Pekalongan Barat,7,7,7,7,0,3935,57828000,2505000,84,84,580000,58,58,3085000
13,JAWA TENGAH,214,KOTA PEKALONGAN,2973,Pekalongan Selatan,6,6,6,5,0,5760,83520000,2930000,119,119,1160000,76,76,4090000
13,JAWA TENGAH,214,KOTA PEKALONGAN,2971,Pekalongan Timur,7,7,7,7,0,9092,133514000,270000,9,9,90000,9,9,360000
13,JAWA TENGAH,214,KOTA PEKALONGAN,2972,Pekalongan Utara,7,7,7,7,0,4176,60552000,830000,21,21,200000,20,20,1030000
13,JAWA TENGAH,212,KOTA SALATIGA,2952,Argomulyo,6,6,6,6,0,0,0,0,0,0,0,0,0,0
13,JAWA TENGAH,212,KOTA SALATIGA,2953,Sidomukti,4,4,4,4,0,1068,15654000,0,0,0,0,0,0,0
13,JAWA TENGAH,212,KOTA SALATIGA,2950,Sidorejo,6,6,6,6,0,0,0,0,0,0,0,0,0,0
13,JAWA TENGAH,212,KOTA SALATIGA,2951,Tingkir,7,7,7,7,0,588,9834363,3825000,110,110,790000,33,79,4615000
13,JAWA TENGAH,213,KOTA SEMARANG,2964,Banyumanik,11,11,11,11,0,6314,92130000,11275000,191,191,6735000,159,562,18010000
13,JAWA TENGAH,213,KOTA SEMARANG,2961,Candisari,7,7,7,7,0,32002,371040000,7110000,143,143,2690000,84,322,9800000
13,JAWA TENGAH,213,KOTA SEMARANG,2962,Gajahmungkur,8,8,8,8,0,27110,327064000,1550000,31,31,155000,31,31,1705000
13,JAWA TENGAH,213,KOTA SEMARANG,2957,Gayamsari,7,7,7,7,0,6189,89950500,0,0,0,0,0,0,0
13,JAWA TENGAH,213,KOTA SEMARANG,2958,Genuk,13,13,13,13,0,55874,654831000,34990000,406,406,8545000,276,975,43535000
13,JAWA TENGAH,213,KOTA SEMARANG,2965,Gunungpati,16,16,16,16,0,30860,378422801,19750000,241,241,9020000,160,471,28770000
13,JAWA TENGAH,213,KOTA SEMARANG,2967,Mijen,14,14,14,14,0,655,10275000,8480000,96,96,15190000,75,552,23670000
13,JAWA TENGAH,213,KOTA SEMARANG,2968,Ngaliyan,10,10,10,10,0,24380,291773000,39450000,615,615,19390000,412,1363,58840000
13,JAWA TENGAH,213,KOTA SEMARANG,2959,Pedurungan,12,12,12,12,0,14544,200496500,18535000,372,372,18825000,316,1764,37360000
13,JAWA TENGAH,213,KOTA SEMARANG,2966,Semarang Barat,16,16,16,16,0,33171,382448500,0,0,0,290000,15,15,290000
13,JAWA TENGAH,213,KOTA SEMARANG,2960,Semarang Selatan,10,10,10,10,0,1001,17267000,15200000,164,164,4938000,164,520,20138000
13,JAWA TENGAH,213,KOTA SEMARANG,2954,Semarang Tengah,15,15,15,15,0,13960,172670000,1580000,79,79,1080000,79,108,2660000
13,JAWA TENGAH,213,KOTA SEMARANG,2956,Semarang Timur,10,10,10,10,0,41580,485660000,0,0,0,0,0,0,0
13,JAWA TENGAH,213,KOTA SEMARANG,2955,Semarang Utara,9,9,9,9,0,20603,275672500,23650000,300,300,9500000,122,805,33150000
13,JAWA TENGAH,213,KOTA SEMARANG,2963,Tembalang,12,12,12,12,0,1274,16817000,14300000,135,143,10130000,131,983,24430000
13,JAWA TENGAH,213,KOTA SEMARANG,2969,Tugu,7,7,7,7,0,1070,15680000,900000,18,18,1030000,16,103,1930000
13,JAWA TENGAH,211,KOTA SURAKARTA,2949,Banjarsari,15,15,15,15,0,32777,306541000,12300000,151,151,2860000,122,286,15160000
13,JAWA TENGAH,211,KOTA SURAKARTA,2948,Jebres,11,11,11,9,0,7776,112615200,0,0,0,0,0,0,0
13,JAWA TENGAH,211,KOTA SURAKARTA,2945,Laweyan,11,11,11,11,0,6252,92075200,4700000,47,47,480000,48,48,5180000
13,JAWA TENGAH,211,KOTA SURAKARTA,2947,Pasar Kliwon,10,10,10,9,0,6642,98713600,0,0,0,0,0,0,0
13,JAWA TENGAH,211,KOTA SURAKARTA,2946,Serengan,7,7,7,7,0,276,5005200,2300000,46,46,1635000,45,327,3935000
13,JAWA TENGAH,215,KOTA TEGAL,2977,Margadana,7,7,7,7,0,0,0,0,0,0,0,0,0,0
13,JAWA TENGAH,215,KOTA TEGAL,2974,Tegal Barat,7,7,7,7,0,5595,69497000,0,0,0,0,0,0,0
13,JAWA TENGAH,215,KOTA TEGAL,2976,Tegal Selatan,8,8,8,8,0,18800,208900000,0,0,0,0,0,0,0
13,JAWA TENGAH,215,KOTA TEGAL,2975,Tegal Timur,5,5,5,5,0,0,0,0,0,0,0,0,0,0
15,JAWA TIMUR,246,KAB. BANGKALAN,3572,Arosbaya,18,18,18,18,0,0,0,0,0,0,0,0,0,0
15,JAWA TIMUR,246,KAB. BANGKALAN,3568,Bangkalan,13,13,13,13,0,0,0,0,0,0,0,0,0,0
15,JAWA TIMUR,246,KAB. BANGKALAN,3582,Blega,19,19,19,19,0,0,0,500000,1,1,0,0,0,500000
15,JAWA TIMUR,246,KAB. BANGKALAN,3570,Burneh,12,12,12,12,0,5540,81630000,0,0,0,0,0,0,0
15,JAWA TIMUR,246,KAB. BANGKALAN,3585,Galis,21,21,21,21,0,0,0,0,0,0,0,0,0,0
15,JAWA TIMUR,246,KAB. BANGKALAN,3573,Geger,13,13,13,13,0,2125,32116000,1000000,1,1,100000,1,1,1100000
15,JAWA TIMUR,246,KAB. BANGKALAN,3571,Kamal,10,10,10,10,0,0,0,0,0,0,0,0,0,0
15,JAWA TIMUR,246,KAB. BANGKALAN,3574,Klampis,22,22,22,22,0,5,91000,500000,2,2,100000,2,2,600000
15,JAWA TIMUR,246,KAB. BANGKALAN,3577,Kokop,13,13,13,13,0,0,0,0,0,0,0,0,0,0
15,JAWA TIMUR,246,KAB. BANGKALAN,3584,Konang,13,13,13,13,0,0,0,0,0,0,0,0,0,0
15,JAWA TIMUR,246,KAB. BANGKALAN,3578,Kwanyar,16,16,16,16,0,1,60000,200000,2,2,40000,2,2,240000
15,JAWA TIMUR,246,KAB. BANGKALAN,3579,Labang,13,13,13,13,0,300,4350000,0,0,0,0,0,0,0
15,JAWA TIMUR,246,KAB. BANGKALAN,3583,Modung,17,17,17,17,0,0,0,0,0,0,0,0,0,0
15,JAWA TIMUR,246,KAB. BANGKALAN,3575,Sepulu,15,15,15,15,0,2,26000,0,0,0,0,0,0,0
15,JAWA TIMUR,246,KAB. BANGKALAN,3569,Socah,11,11,11,11,0,0,0,0,0,0,0,0,0,0
15,JAWA TIMUR,246,KAB. BANGKALAN,3580,Tanah Merah,23,23,23,23,0,0,0,0,0,0,0,0,0,0
15,JAWA TIMUR,246,KAB. BANGKALAN,3576,Tanjung Bumi,14,14,14,14,0,0,0,0,0,0,0,0,0,0
15,JAWA TIMUR,246,KAB. BANGKALAN,3581,Tragah,18,18,18,18,0,360,5220000,0,0,0,0,0,0,0
15,JAWA TIMUR,230,KAB. BANYUWANGI,3255,Bangorejo,7,7,7,5,0,6000,72000000,9200000,92,92,1330000,65,65,10530000
15,JAWA TIMUR,230,KAB. BANYUWANGI,3269,Banyuwangi,18,18,18,16,0,117605.68,2431842589,1000000,20,20,200000,20,20,1200000
15,JAWA TIMUR,230,KAB. BANYUWANGI,3278,Blimbingsari,10,10,10,10,0,50,900000,5000000,10,10,0,0,0,5000000
15,JAWA TIMUR,230,KAB. BANYUWANGI,3259,Cluring,9,9,9,5,0,17340,238547000,9800000,98,98,0,0,0,9800000
15,JAWA TIMUR,230,KAB. BANYUWANGI,3260,Gambiran,6,6,6,4,0,3980,50710000,0,0,0,0,0,0,0
15,JAWA TIMUR,230,KAB. BANYUWANGI,3262,Genteng,5,5,5,5,0,17531,248836000,750000,15,15,150000,15,15,900000
15,JAWA TIMUR,230,KAB. BANYUWANGI,3270,Giri,6,6,6,6,0,1500,23550000,6800000,68,68,670000,67,67,7470000
15,JAWA TIMUR,230,KAB. BANYUWANGI,3268,Glagah,10,10,10,5,0,0,0,0,0,0,0,0,0,0
15,JAWA TIMUR,230,KAB. BANYUWANGI,3263,Glenmore,7,7,7,7,0,0,0,16900000,338,338,33150000,330,663,50050000
15,JAWA TIMUR,230,KAB. BANYUWANGI,3267,Kabat,14,14,14,8,0,0,0,0,0,0,100000,1,1,100000
15,JAWA TIMUR,230,KAB. BANYUWANGI,3264,Kalibaru,6,6,6,4,0,0,0,0,0,0,0,0,0,0
15,JAWA TIMUR,230,KAB. BANYUWANGI,3274,Kalipuro,9,9,9,6,0,0,0,0,0,0,0,0,0,0
15,JAWA TIMUR,230,KAB. BANYUWANGI,3277,Licin,8,8,8,5,0,0,0,0,0,0,0,0,0,0
15,JAWA TIMUR,230,KAB. BANYUWANGI,3258,Muncar,10,10,10,5,0,20,1160000,0,0,0,0,0,0,0
15,JAWA TIMUR,230,KAB. BANYUWANGI,3254,Pesanggaran,5,5,5,5,0,0,0,0,0,0,0,0,0,0
15,JAWA TIMUR,230,KAB. BANYUWANGI,3256,Purwoharjo,8,8,8,5,0,0,0,3200000,32,32,800000,32,32,4000000
15,JAWA TIMUR,230,KAB. BANYUWANGI,3266,Rogojampi,10,10,10,5,0,18400,234527500,0,0,0,10000,1,1,10000
15,JAWA TIMUR,230,KAB. BANYUWANGI,3273,Sempu,7,7,7,6,0,7472,103469200,4300000,43,43,1560000,19,156,5860000
15,JAWA TIMUR,230,KAB. BANYUWANGI,3275,Siliragung,5,5,5,5,0,0,0,0,0,0,0,0,0,0
15,JAWA TIMUR,230,KAB. BANYUWANGI,3265,Singojuruh,11,11,11,7,0,372,6032400,1600000,15,15,140000,14,14,1740000
15,JAWA TIMUR,230,KAB. BANYUWANGI,3272,Songgon,9,9,9,3,0,0,0,0,0,0,0,0,0,0
15,JAWA TIMUR,230,KAB. BANYUWANGI,3261,Srono,10,10,10,8,0,0,0,0,0,0,0,0,0,0
15,JAWA TIMUR,230,KAB. BANYUWANGI,3257,Tegaldlimo,9,9,9,7,0,7330,101210000,0,0,0,0,0,0,0
15,JAWA TIMUR,230,KAB. BANYUWANGI,3276,Tegalsari,6,6,6,3,0,1,62500,0,0,0,30000,3,3,30000
15,JAWA TIMUR,230,KAB. BANYUWANGI,3271,Wongsorejo,12,12,12,10,0,35460,488889150,0,0,0,0,0,0,0
15,JAWA TIMUR,225,KAB. BLITAR,3125,Bakung,11,11,11,10,0,4000,44000000,2300000,40,40,1125000,36,220,3425000
15,JAWA TIMUR,225,KAB. BLITAR,3136,Binangun,12,12,12,12,0,113,4663000,21300000,213,213,3735000,214,519,25035000
15,JAWA TIMUR,225,KAB. BLITAR,3138,Doko,10,10,10,10,0,0,0,11250000,118,118,1637000,106,245,12887000
15,JAWA TIMUR,225,KAB. BLITAR,3135,Gandusari,14,14,14,14,0,0,0,0,0,0,0,0,0,0
15,JAWA TIMUR,225,KAB. BLITAR,3131,Garum,9,9,9,9,0,25,350000,2050000,41,41,670000,26,67,2720000
15,JAWA TIMUR,225,KAB. BLITAR,3124,Kademangan,15,15,15,15,0,0,0,30400000,152,152,10840000,155,520,41240000
15,JAWA TIMUR,225,KAB. BLITAR,3130,Kanigoro,12,12,12,12,0,0,0,7000000,70,70,7785000,69,153,14785000
15,JAWA TIMUR,225,KAB. BLITAR,3139,Kesamben,10,10,10,10,0,0,0,1450000,29,29,2980000,31,298,4430000
15,JAWA TIMUR,225,KAB. BLITAR,3129,Nglegok,11,11,11,11,0,296,4402500,14650000,231,231,6980000,110,698,21630000
15,JAWA TIMUR,225,KAB. BLITAR,3133,Panggungrejo,10,10,10,10,0,8,325000,6050000,85,85,4250000,85,425,10300000
15,JAWA TIMUR,225,KAB. BLITAR,3126,Ponggok,15,15,15,15,0,140,2030000,50000,1,1,0,0,0,50000
15,JAWA TIMUR,225,KAB. BLITAR,3127,Sanankulon,12,12,12,12,0,0,0,4700000,91,91,2515000,88,503,7215000
15,JAWA TIMUR,225,KAB. BLITAR,3142,Selopuro,8,8,8,8,0,140,2030000,600000,6,6,0,0,0,600000
15,JAWA TIMUR,225,KAB. BLITAR,3141,Selorejo,10,10,10,10,0,2850,34350000,0,0,0,0,0,0,0
15,JAWA TIMUR,225,KAB. BLITAR,3123,Srengat,16,16,16,16,0,474,11615500,1600000,16,16,170000,17,17,1770000
15,JAWA TIMUR,225,KAB. BLITAR,3132,Sutojayan,11,11,11,11,0,0,0,3600000,36,36,660000,36,66,4260000
15,JAWA TIMUR,225,KAB. BLITAR,3134,Talun,14,14,14,14,0,147,2478000,2900000,29,29,300000,12,30,3200000
15,JAWA TIMUR,225,KAB. BLITAR,3122,Udanawu,12,12,12,12,0,220,3212000,4100000,82,82,1800000,55,355,5900000
15,JAWA TIMUR,225,KAB. BLITAR,3140,Wates,8,8,8,8,0,0,0,4900000,49,49,795000,48,82,5695000
15,JAWA TIMUR,225,KAB. BLITAR,3137,Wlingi,9,9,9,9,0,61164,716352000,100000,1,1,0,0,0,100000
15,JAWA TIMUR,225,KAB. BLITAR,3121,Wonodadi,11,11,11,11,0,0,0,2200000,44,44,2220000,33,222,4420000
15,JAWA TIMUR,225,KAB. BLITAR,3128,Wonotirto,8,8,8,8,0,2,10000,5850000,61,61,2655000,38,287,8505000
15,JAWA TIMUR,242,KAB. BOJONEGORO,3508,Balen,23,23,23,22,0,0,0,2700000,54,54,540000,54,54,3240000
15,JAWA TIMUR,242,KAB. BOJONEGORO,3500,Baureno,25,25,25,24,0,51582,387734585,6250000,76,76,890000,66,89,7140000
15,JAWA TIMUR,242,KAB. BOJONEGORO,3510,Bojonegoro,18,18,18,16,0,11440,151880000,3600000,70,70,2860000,127,401,6460000
15,JAWA TIMUR,242,KAB. BOJONEGORO,3496,Bubulan,5,5,5,5,0,6,150000,0,0,0,0,0,0,0
15,JAWA TIMUR,242,KAB. BOJONEGORO,3506,Dander,16,16,16,16,0,1080,15660000,2550000,51,51,10000,1,1,2560000
15,JAWA TIMUR,242,KAB. BOJONEGORO,3519,Gayam,12,12,12,11,0,1560,22620000,2790000,198,198,6055000,190,1115,8845000
15,JAWA TIMUR,242,KAB. BOJONEGORO,3503,Gondang,7,7,7,5,0,0,0,0,0,0,0,0,0,0
15,JAWA TIMUR,242,KAB. BOJONEGORO,3511,Kalitidu,18,18,18,18,0,1560,22620000,4800000,61,61,2140000,38,213,6940000
15,JAWA TIMUR,242,KAB. BOJONEGORO,3507,Kanor,25,25,25,25,0,0,0,200000,3,3,30000,3,3,230000
15,JAWA TIMUR,242,KAB. BOJONEGORO,3509,Kapas,21,21,21,20,0,15161,106643370,7950000,112,112,3040000,105,304,10990000
15,JAWA TIMUR,242,KAB. BOJONEGORO,3515,Kasiman,10,10,10,10,0,0,0,50000,1,1,45000,4,5,95000
15,JAWA TIMUR,242,KAB. BOJONEGORO,3518,Kedewan,5,5,5,4,0,720,10440000,0,0,0,0,0,0,0
15,JAWA TIMUR,242,KAB. BOJONEGORO,3498,Kedungadem,23,23,23,23,0,0,0,6300000,75,75,340000,34,34,6640000
15,JAWA TIMUR,242,KAB. BOJONEGORO,3499,Kepohbaru,25,25,25,25,0,720,10440000,7380000,302,302,7310000,244,1460,14690000
15,JAWA TIMUR,242,KAB. BOJONEGORO,3512,Malo,20,20,20,17,0,0,0,0,0,0,0,0,0,0
15,JAWA TIMUR,242,KAB. BOJONEGORO,3502,Margomulyo,6,6,6,6,0,0,0,0,0,0,0,0,0,0
15,JAWA TIMUR,242,KAB. BOJONEGORO,3495,Ngambon,5,5,5,5,0,38844,173307956,75000,3,3,110000,10,22,185000
15,JAWA TIMUR,242,KAB. BOJONEGORO,3505,Ngasem,17,17,17,17,0,0,0,9870000,271,271,12165000,229,977,22035000
15,JAWA TIMUR,242,KAB. BOJONEGORO,3493,Ngraho,16,16,16,16,0,0,0,50000,1,1,0,0,0,50000
15,JAWA TIMUR,242,KAB. BOJONEGORO,3514,Padangan,16,16,16,16,0,36880,415760000,30180000,351,351,4370000,249,441,34550000
15,JAWA TIMUR,242,KAB. BOJONEGORO,3513,Purwosari,12,12,12,12,0,0,0,2700000,51,51,130000,13,13,2830000
15,JAWA TIMUR,242,KAB. BOJONEGORO,3504,Sekar,6,6,6,6,0,0,0,0,0,0,0,0,0,0
15,JAWA TIMUR,242,KAB. BOJONEGORO,3497,Sugihwaras,17,17,17,17,0,0,0,3850000,77,77,720000,72,72,4570000
15,JAWA TIMUR,242,KAB. BOJONEGORO,3517,Sukosewu,14,14,14,14,0,0,0,3100000,31,31,2480000,31,31,5580000
15,JAWA TIMUR,242,KAB. BOJONEGORO,6878,Sumberrejo,26,26,26,26,0,6962,101660000,12600000,99,99,2260000,95,248,14860000
15,JAWA TIMUR,242,KAB. BOJONEGORO,3494,Tambakrejo,18,18,18,17,0,0,0,14950000,182,182,865000,80,95,15815000
15,JAWA TIMUR,242,KAB. BOJONEGORO,3501,Temayang,12,12,12,11,0,0,0,200000,2,2,20000,1,1,220000
15,JAWA TIMUR,242,KAB. BOJONEGORO,3516,Trucuk,12,12,12,12,0,5760,83520000,1850250,32,32,810000,19,162,2660250
15,JAWA TIMUR,231,KAB. BONDOWOSO,3298,Binakal,8,8,8,8,0,16715,193278600,100000,2,2,0,0,0,100000
15,JAWA TIMUR,231,KAB. BONDOWOSO,3289,Bondowoso,11,11,11,9,0,112453,1351159950,3000000,60,60,920000,57,92,3920000
15,JAWA TIMUR,231,KAB. BONDOWOSO,3300,Botolinggo,8,8,8,6,0,0,0,0,0,0,0,0,0,0
15,JAWA TIMUR,231,KAB. BONDOWOSO,3293,Cermee,15,15,15,15,0,0,0,1300000,24,24,0,0,0,1300000
15,JAWA TIMUR,231,KAB. BONDOWOSO,3285,Curahdami,12,12,12,10,0,0,0,0,0,0,0,0,0,0
15,JAWA TIMUR,231,KAB. BONDOWOSO,3284,Grujugan,11,11,11,10,0,1506,45318000,1050000,21,21,750000,20,75,1800000
15,JAWA TIMUR,231,KAB. BONDOWOSO,3301,Jambesari Darus Sholah,9,9,9,9,0,2,6000,0,0,0,0,0,0,0
15,JAWA TIMUR,231,KAB. BONDOWOSO,3292,Klabang,11,11,11,6,0,0,0,0,0,0,0,0,0,0
15,JAWA TIMUR,231,KAB. BONDOWOSO,3279,Maesan,12,12,12,12,0,30518,360866350,0,0,0,0,0,0,0
15,JAWA TIMUR,231,KAB. BONDOWOSO,3295,Pakem,8,8,8,8,0,5,169750,0,0,0,0,0,0,0
15,JAWA TIMUR,231,KAB. BONDOWOSO,3294,Prajekan,7,7,7,7,0,0,0,0,0,0,0,0,0,0
15,JAWA TIMUR,231,KAB. BONDOWOSO,3283,Pujer,11,11,11,9,0,0,0,0,0,0,0,0,0,0
15,JAWA TIMUR,231,KAB. BONDOWOSO,3297,Sempol,6,6,6,5,0,0,0,0,0,0,0,0,0,0
15,JAWA TIMUR,231,KAB. BONDOWOSO,3282,Sukosari,4,4,4,4,0,0,0,0,0,0,0,0,0,0
15,JAWA TIMUR,231,KAB. BONDOWOSO,3296,Sumberwringin,6,6,6,6,0,0,0,1350000,27,27,195000,27,32,1545000
15,JAWA TIMUR,231,KAB. BONDOWOSO,3280,Tamanan,9,9,9,5,0,0,0,0,0,0,0,0,0,0
15,JAWA TIMUR,231,KAB. BONDOWOSO,3299,Taman Krocok,7,7,7,6,0,0,0,0,0,0,0,0,0,0
15,JAWA TIMUR,231,KAB. BONDOWOSO,3288,Tapen,9,9,9,7,0,525,7770000,450000,9,9,270000,10,27,720000
15,JAWA TIMUR,231,KAB. BONDOWOSO,3291,Tegalampel,8,8,8,3,0,0,0,0,0,0,0,0,0,0
15,JAWA TIMUR,231,KAB. BONDOWOSO,3286,Tenggarang,12,12,12,11,0,500,7268000,0,0,0,0,0,0,0
15,JAWA TIMUR,231,KAB. BONDOWOSO,3281,Tlogosari,10,10,10,5,0,0,0,0,0,0,0,0,0,0
15,JAWA TIMUR,231,KAB. BONDOWOSO,3287,Wonosari,12,12,12,12,0,0,0,1700000,34,34,0,0,0,1700000
15,JAWA TIMUR,231,KAB. BONDOWOSO,3290,Wringin,13,13,13,13,0,4200,55088000,0,0,0,0,0,0,0
15,JAWA TIMUR,245,KAB. GRESIK,6881,Balongpanggang,25,25,25,24,0,132161,1242105483,950000,19,19,95000,19,19,1045000
15,JAWA TIMUR,245,KAB. GRESIK,6883,Benjeng,23,23,23,23,0,33731,82930440,4850000,62,62,2000000,35,200,6850000
15,JAWA TIMUR,245,KAB. GRESIK,6891,Bungah,22,22,22,22,0,1976,18541531,4715000,96,96,1400000,81,280,6115000
15,JAWA TIMUR,245,KAB. GRESIK,6890,Cerme,25,25,25,25,0,10891,148362000,1000000,20,20,420000,24,42,1420000
15,JAWA TIMUR,245,KAB. GRESIK,6893,Driyorejo,16,16,16,16,0,4630,69610000,0,0,0,0,0,0,0
15,JAWA TIMUR,245,KAB. GRESIK,6884,Duduksampeyan,23,23,23,23,0,0,0,21900000,219,219,2270000,224,231,24170000
15,JAWA TIMUR,245,KAB. GRESIK,6880,Dukun,26,26,26,26,0,66011,400979953,9150000,92,92,2090000,136,209,11240000
15,JAWA TIMUR,245,KAB. GRESIK,3567,Gresik,21,21,21,21,0,10268,190327500,1980000,50,50,1212000,35,303,3192000
15,JAWA TIMUR,245,KAB. GRESIK,3566,Kebomas,21,21,21,19,0,45251,348494975,9700000,131,131,2865000,121,235,12565000
15,JAWA TIMUR,245,KAB. GRESIK,6887,Kedamean,15,15,15,15,0,7038,103436500,0,0,0,0,0,0,0
15,JAWA TIMUR,245,KAB. GRESIK,6889,Manyar,23,23,23,21,0,4998,59279000,2600000,26,26,1090000,12,109,3690000
15,JAWA TIMUR,245,KAB. GRESIK,6892,Menganti,22,22,22,22,0,1565,16173517,0,0,0,0,0,0,0
15,JAWA TIMUR,245,KAB. GRESIK,6882,Panceng,14,14,14,14,0,52956,350391454,0,0,0,0,0,0,0
15,JAWA TIMUR,245,KAB. GRESIK,6894,Sangkapura,17,17,17,16,0,1049,50340000,16700000,167,167,36380000,171,1072,53080000
15,JAWA TIMUR,245,KAB. GRESIK,6888,Sidayu,21,21,21,20,0,32842,276341167,6500000,67,67,670000,20,31,7170000
15,JAWA TIMUR,245,KAB. GRESIK,6895,Tambak,13,13,13,13,0,74,10335000,0,0,0,0,0,0,0
15,JAWA TIMUR,245,KAB. GRESIK,6886,Ujungpangkah,13,13,13,13,0,4826,30675183,300000,6,6,60000,3,3,360000
15,JAWA TIMUR,245,KAB. GRESIK,6885,Wringinanom,16,16,16,16,0,712,21802028,15900000,159,159,6035000,147,548,21935000
15,JAWA TIMUR,229,KAB. JEMBER,3239,Ajung,7,7,7,5,0,6021,87304500,0,0,0,0,0,0,0
15,JAWA TIMUR,229,KAB. JEMBER,3234,Ambulu,7,7,7,4,0,960,13920000,1200000,12,12,20000,1,1,1220000
15,JAWA TIMUR,229,KAB. JEMBER,3244,Arjasa,6,6,6,6,0,14480,160960000,0,0,0,0,0,0,0
15,JAWA TIMUR,229,KAB. JEMBER,3232,Balung,8,8,8,6,0,0,0,0,0,0,0,0,0,0
15,JAWA TIMUR,229,KAB. JEMBER,3231,Bangsalsari,11,11,11,10,0,0,0,0,0,0,0,0,0,0
15,JAWA TIMUR,229,KAB. JEMBER,3226,Gumukmas,8,8,8,3,0,0,0,1400000,14,14,180000,9,9,1580000
15,JAWA TIMUR,229,KAB. JEMBER,3247,Jelbuk,6,6,6,5,0,0,0,0,0,0,0,0,0,0
15,JAWA TIMUR,229,KAB. JEMBER,3238,Jenggawah,8,8,8,8,0,29228,369556000,1000000,10,10,180000,9,9,1180000
15,JAWA TIMUR,229,KAB. JEMBER,3223,Jombang,6,6,6,6,0,0,0,0,0,0,0,0,0,0
15,JAWA TIMUR,229,KAB. JEMBER,3249,Kalisat,12,12,12,10,0,240,3480000,0,0,0,0,0,0,0
15,JAWA TIMUR,229,KAB. JEMBER,3241,Kaliwates,7,7,7,5,0,0,0,0,0,0,0,0,0,0
15,JAWA TIMUR,229,KAB. JEMBER,3224,Kencong,5,4,5,5,0,0,0,0,0,0,0,0,0,0
15,JAWA TIMUR,229,KAB. JEMBER,3250,Ledokombo,10,10,10,10,0,0,0,0,0,0,0,0,0,0
15,JAWA TIMUR,229,KAB. JEMBER,3248,Mayang,7,7,7,7,0,1,22000,700000,13,13,260000,12,13,960000
15,JAWA TIMUR,229,KAB. JEMBER,3245,Mumbulsari,7,7,7,6,0,205,11582500,0,0,0,20000,1,1,20000
15,JAWA TIMUR,229,KAB. JEMBER,3246,Pakusari,7,7,7,6,0,2160,31320000,0,0,0,0,0,0,0
15,JAWA TIMUR,229,KAB. JEMBER,3236,Panti,7,7,7,7,0,0,0,0,0,0,0,0,0,0
15,JAWA TIMUR,229,KAB. JEMBER,3242,Patrang,8,8,8,7,0,0,0,515000,10,10,210000,9,9,725000
15,JAWA TIMUR,229,KAB. JEMBER,3230,Puger,12,12,12,9,0,5,300000,2750000,28,28,1110000,28,111,3860000
15,JAWA TIMUR,229,KAB. JEMBER,3235,Rambipuji,8,8,8,6,0,480,7344000,1500000,20,20,700000,20,70,2200000
15,JAWA TIMUR,229,KAB. JEMBER,3229,Semboro,6,6,6,5,0,0,0,0,0,0,0,0,0,0
15,JAWA TIMUR,229,KAB. JEMBER,3252,Silo,9,9,9,9,0,240,3480000,100000,2,2,10000,1,1,110000
15,JAWA TIMUR,229,KAB. JEMBER,3237,Sukorambi,5,5,5,4,0,240,3480000,0,0,0,0,0,0,0
15,JAWA TIMUR,229,KAB. JEMBER,3251,Sukowono,12,12,12,12,0,1700,24800000,9500000,95,95,3820000,89,191,13320000
15,JAWA TIMUR,229,KAB. JEMBER,3225,Sumberbaru,10,10,10,6,0,11360,136720000,4100000,41,41,260000,19,26,4360000
15,JAWA TIMUR,229,KAB. JEMBER,3253,Sumberjambe,9,9,9,7,0,30284,355248000,0,0,0,0,0,0,0
15,JAWA TIMUR,229,KAB. JEMBER,3243,Sumbersari,7,7,7,6,0,0,0,0,0,0,0,0,0,0
15,JAWA TIMUR,229,KAB. JEMBER,3228,Tanggul,8,8,8,4,0,0,0,0,0,0,0,0,0,0
15,JAWA TIMUR,229,KAB. JEMBER,3240,Tempurejo,8,8,8,7,0,0,0,0,0,0,0,0,0,0
15,JAWA TIMUR,229,KAB. JEMBER,3227,Umbulsari,10,10,10,9,0,240,3480000,5500000,55,55,20000,1,1,5520000
15,JAWA TIMUR,229,KAB. JEMBER,3233,Wuluhan,7,7,7,6,0,0,0,0,0,0,0,0,0,0
15,JAWA TIMUR,237,KAB. JOMBANG,3418,Bandarkedungmulyo,11,11,11,8,0,16600,184700000,2400000,24,24,300000,10,30,2700000
15,JAWA TIMUR,237,KAB. JOMBANG,3404,Bareng,13,13,13,12,0,165,2442000,5500000,55,55,870000,28,87,6370000
15,JAWA TIMUR,237,KAB. JOMBANG,3408,Diwek,20,20,20,20,0,0,0,12250000,244,244,5845000,237,585,18095000
15,JAWA TIMUR,237,KAB. JOMBANG,3402,Gudo,18,18,18,18,0,0,0,19500000,298,298,2885000,191,290,22385000
15,JAWA TIMUR,237,KAB. JOMBANG,3419,Jogoroto,11,11,11,11,0,2047,32471840,7500000,149,149,5050000,116,505,12550000
15,JAWA TIMUR,237,KAB. JOMBANG,3409,Jombang,20,20,20,19,0,456,7159200,4150000,67,67,3230000,71,294,7380000
15,JAWA TIMUR,237,KAB. JOMBANG,3416,Kabuh,16,16,16,16,0,1488,21921600,3350000,63,63,2075000,64,325,5425000
15,JAWA TIMUR,237,KAB. JOMBANG,3412,Kesamben,14,14,14,13,0,1,40000,7300000,145,145,4515000,138,487,11815000
15,JAWA TIMUR,237,KAB. JOMBANG,3417,Kudu,11,11,11,10,0,0,0,450000,9,9,360000,9,36,810000
15,JAWA TIMUR,237,KAB. JOMBANG,3420,Megaluh,13,13,13,13,0,0,0,1200000,12,12,1590000,12,28,2790000
15,JAWA TIMUR,237,KAB. JOMBANG,3406,Mojoagung,18,18,18,18,0,13601,231597600,9150000,161,161,1510000,84,151,10660000
15,JAWA TIMUR,237,KAB. JOMBANG,3407,Mojowarno,19,19,19,18,0,49771,560163600,11100000,128,128,5340000,125,534,16440000
15,JAWA TIMUR,237,KAB. JOMBANG,3403,Ngoro,13,13,13,11,0,0,0,0,0,0,0,0,0,0
15,JAWA TIMUR,237,KAB. JOMBANG,3421,Ngusikan,10,10,10,10,0,0,0,4050000,81,81,861730,89,259,4911730
15,JAWA TIMUR,237,KAB. JOMBANG,3401,Perak,13,13,13,12,0,18600,206700000,7800000,49,49,1410000,21,141,9210000
15,JAWA TIMUR,237,KAB. JOMBANG,3410,Peterongan,14,14,14,14,0,0,0,14600000,146,146,1720000,64,107,16320000
15,JAWA TIMUR,237,KAB. JOMBANG,3415,Plandaan,13,13,13,13,0,149871,282597080,29100000,350,350,6270000,333,503,35370000
15,JAWA TIMUR,237,KAB. JOMBANG,3414,Ploso,13,13,13,13,0,654,12710080,9150000,116,116,8460000,109,542,17610000
15,JAWA TIMUR,237,KAB. JOMBANG,3411,Sumobito,21,21,21,21,0,0,0,4950000,99,99,2835000,87,210,7785000
15,JAWA TIMUR,237,KAB. JOMBANG,3413,Tembelang,15,15,15,14,0,0,0,6650000,74,74,1490000,84,92,8140000
15,JAWA TIMUR,237,KAB. JOMBANG,3405,Wonosalam,9,9,9,8,0,0,0,3700000,74,74,7680000,82,768,11380000
15,JAWA TIMUR,226,KAB. KEDIRI,3168,Badas,8,8,8,8,0,26880,305760000,9500000,95,95,2375000,95,95,11875000
15,JAWA TIMUR,226,KAB. KEDIRI,3164,Banyakan,9,9,9,9,0,0,0,800000,32,32,2380000,28,238,3180000
15,JAWA TIMUR,226,KAB. KEDIRI,3154,Gampengrejo,11,11,11,10,0,0,0,750000,15,15,720000,15,144,1470000
15,JAWA TIMUR,226,KAB. KEDIRI,3155,Grogol,9,9,9,9,0,0,0,150000,6,6,0,0,0,150000
15,JAWA TIMUR,226,KAB. KEDIRI,3152,Gurah,21,21,21,20,0,0,0,3300000,52,52,2170000,56,109,5470000
15,JAWA TIMUR,226,KAB. KEDIRI,3161,Kandangan,12,12,12,12,0,0,0,1350000,27,27,1380000,31,39,2730000
15,JAWA TIMUR,226,KAB. KEDIRI,3147,Kandat,12,12,12,12,0,59,1053600,19350000,251,251,13210000,217,1139,32560000
15,JAWA TIMUR,226,KAB. KEDIRI,3166,Kayen Kidul,12,12,12,12,0,0,0,0,0,0,90000,3,3,90000
15,JAWA TIMUR,226,KAB. KEDIRI,3160,Kepung,10,10,10,10,0,0,0,0,0,0,0,0,0,0
15,JAWA TIMUR,226,KAB. KEDIRI,3145,Kras,16,16,16,16,0,61,1047000,9350000,157,157,1220000,17,122,10570000
15,JAWA TIMUR,226,KAB. KEDIRI,3163,Kunjang,12,12,12,10,0,0,0,4400000,44,44,5240000,38,262,9640000
15,JAWA TIMUR,226,KAB. KEDIRI,3144,Mojo,20,20,20,16,0,0,0,100000,2,2,0,0,0,100000
15,JAWA TIMUR,226,KAB. KEDIRI,3146,Ngadiluwih,16,16,16,15,0,0,0,0,0,0,0,0,0,0
15,JAWA TIMUR,226,KAB. KEDIRI,3149,Ngancar,10,10,10,10,0,295562,532806760,0,0,0,0,0,0,0
15,JAWA TIMUR,226,KAB. KEDIRI,3167,Ngasem,12,12,12,11,0,1909,59962000,2320000,25,25,200000,20,20,2520000
15,JAWA TIMUR,226,KAB. KEDIRI,3153,Pagu,13,13,13,12,0,0,0,100000,2,2,80000,8,8,180000
15,JAWA TIMUR,226,KAB. KEDIRI,3156,Papar,17,17,17,17,0,0,0,2200000,22,22,220000,22,22,2420000
15,JAWA TIMUR,226,KAB. KEDIRI,3159,Pare,10,10,10,10,0,0,0,4250000,77,77,3030000,77,303,7280000
15,JAWA TIMUR,226,KAB. KEDIRI,3158,Plemahan,17,17,17,16,0,2036,24622000,1350000,27,27,10000,1,1,1360000
15,JAWA TIMUR,226,KAB. KEDIRI,3151,Plosoklaten,15,15,15,14,0,0,0,0,0,0,0,0,0,0
15,JAWA TIMUR,226,KAB. KEDIRI,3150,Puncu,8,8,8,7,0,0,0,3000000,31,31,145000,29,29,3145000
15,JAWA TIMUR,226,KAB. KEDIRI,3157,Purwoasri,23,23,23,17,0,16880,195760000,5500000,55,55,2830000,55,283,8330000
15,JAWA TIMUR,226,KAB. KEDIRI,3165,Ringinrejo,11,11,11,11,0,1,200000,26700000,267,267,13680000,259,1368,40380000
15,JAWA TIMUR,226,KAB. KEDIRI,3143,Semen,12,12,12,12,0,0,0,0,0,0,0,0,0,0
15,JAWA TIMUR,226,KAB. KEDIRI,3162,Tarokan,10,10,10,10,0,0,0,0,0,0,0,0,0,0
15,JAWA TIMUR,226,KAB. KEDIRI,3148,Wates,18,18,18,17,0,28784,52668560,5300000,106,106,2475000,125,513,7775000
15,JAWA TIMUR,244,KAB. LAMONGAN,3543,Babat,23,23,23,20,0,0,0,200000,4,4,0,0,0,200000
15,JAWA TIMUR,244,KAB. LAMONGAN,3540,Bluluk,9,9,9,9,0,8022,76426884,800000,8,8,0,0,0,800000
15,JAWA TIMUR,244,KAB. LAMONGAN,3545,Brondong,10,10,10,10,0,8330,79604986,0,0,0,0,0,0,0
15,JAWA TIMUR,244,KAB. LAMONGAN,3563,Deket,17,17,17,16,0,6379,58994525,0,0,0,0,0,0,0
15,JAWA TIMUR,244,KAB. LAMONGAN,3564,Glagah,29,29,29,29,0,13104,105204175,0,0,0,0,0,0,0
15,JAWA TIMUR,244,KAB. LAMONGAN,3558,Kalitengah,20,20,20,19,0,13295,95437652,300000,3,3,0,0,0,300000
15,JAWA TIMUR,244,KAB. LAMONGAN,3562,Karangbinangun,21,21,21,20,0,0,0,0,0,0,0,0,0,0
15,JAWA TIMUR,244,KAB. LAMONGAN,3556,Karanggeneng,18,18,18,17,0,5194,49439539,200000,2,2,60000,1,1,260000
15,JAWA TIMUR,244,KAB. LAMONGAN,3544,Kedungpring,23,23,23,23,0,0,0,2100000,5,5,20000,2,2,2120000
15,JAWA TIMUR,244,KAB. LAMONGAN,3557,Kembangbahu,18,18,18,18,0,12577,122172300,50000,1,1,120000,1,12,170000
15,JAWA TIMUR,244,KAB. LAMONGAN,3560,Lamongan,20,20,20,20,0,1580,22910000,12000000,120,120,1830000,29,183,13830000
15,JAWA TIMUR,244,KAB. LAMONGAN,3546,Laren,20,20,20,20,0,5365,49058208,0,0,0,0,0,0,0
15,JAWA TIMUR,244,KAB. LAMONGAN,3548,Maduran,17,17,17,17,0,14256,98138773,0,0,0,0,0,0,0
15,JAWA TIMUR,244,KAB. LAMONGAN,3554,Mantup,15,15,15,15,0,22891,166603509,3900000,39,39,1060000,40,104,4960000
15,JAWA TIMUR,244,KAB. LAMONGAN,3541,Modo,17,17,17,17,0,146,4975500,22000000,220,220,0,0,0,22000000
15,JAWA TIMUR,244,KAB. LAMONGAN,3542,Ngimbang,19,19,19,19,0,0,0,6800000,68,68,3470000,68,347,10270000
15,JAWA TIMUR,244,KAB. LAMONGAN,3552,Paciran,17,17,17,17,0,23533,187003869,0,0,0,0,0,0,0
15,JAWA TIMUR,244,KAB. LAMONGAN,3551,Pucuk,17,17,17,17,0,7722,51791047,14700000,147,147,440000,55,59,15140000
15,JAWA TIMUR,244,KAB. LAMONGAN,3549,Sambeng,22,22,22,22,0,0,0,0,0,0,0,0,0,0
15,JAWA TIMUR,244,KAB. LAMONGAN,3565,Sarirejo,9,9,9,9,0,19304,117510595,0,0,0,0,0,0,0
15,JAWA TIMUR,244,KAB. LAMONGAN,3547,Sekaran,21,21,21,20,0,36155,367622621,17650000,208,208,1800000,75,360,19450000
15,JAWA TIMUR,244,KAB. LAMONGAN,3553,Solokuro,10,10,10,10,0,2167,20031762,1400000,14,14,1960000,14,196,3360000
15,JAWA TIMUR,244,KAB. LAMONGAN,3550,Sugio,21,21,21,21,0,3031,20349800,53450000,607,607,6660000,407,688,60110000
15,JAWA TIMUR,244,KAB. LAMONGAN,3555,Sukodadi,20,20,20,15,0,258,4227000,4900000,49,49,2150000,47,211,7050000
15,JAWA TIMUR,244,KAB. LAMONGAN,3539,Sukorame,9,9,9,6,0,7816,98291665,0,0,0,0,0,0,0
15,JAWA TIMUR,244,KAB. LAMONGAN,3561,Tikung,13,13,13,13,0,9170,74815517,0,0,0,0,0,0,0
15,JAWA TIMUR,244,KAB. LAMONGAN,3559,Turi,19,19,19,19,0,4485,35255450,1105100,23,23,710010,25,72,1815110
15,JAWA TIMUR,228,KAB. LUMAJANG,3204,Candipuro,10,10,10,9,0,0,0,1000000,20,20,1200000,20,120,2200000
15,JAWA TIMUR,228,KAB. LUMAJANG,3214,Gucialit,9,9,9,8,0,0,0,0,0,0,0,0,0,0
15,JAWA TIMUR,228,KAB. LUMAJANG,3218,Jatiroto,6,6,6,6,0,25916,44964200,3100300,68,68,1620660,37,162,4720960
15,JAWA TIMUR,228,KAB. LUMAJANG,3217,Kedungjajang,12,12,12,10,0,0,0,0,0,0,0,0,0,0
15,JAWA TIMUR,228,KAB. LUMAJANG,3220,Klakah,12,12,12,12,0,0,0,0,0,0,0,0,0,0
15,JAWA TIMUR,228,KAB. LUMAJANG,3207,Kunir,11,11,11,8,0,12000,132000000,50000,1,1,120000,1,1,170000
15,JAWA TIMUR,228,KAB. LUMAJANG,3211,Lumajang,12,12,12,11,0,4720,68570000,3050000,31,31,5610000,31,203,8660000
15,JAWA TIMUR,228,KAB. LUMAJANG,3215,Padang,9,9,9,8,0,103567,183666400,0,0,0,0,0,0,0
15,JAWA TIMUR,228,KAB. LUMAJANG,3205,Pasirian,11,11,11,11,0,0,0,7800000,78,78,10000,1,1,7810000
15,JAWA TIMUR,228,KAB. LUMAJANG,3212,Pasrujambe,7,7,7,5,0,0,0,0,0,0,0,0,0,0
15,JAWA TIMUR,228,KAB. LUMAJANG,3203,Pronojiwo,6,6,6,6,0,0,0,450000,1,1,0,0,0,450000
15,JAWA TIMUR,228,KAB. LUMAJANG,3219,Randuagung,12,12,12,12,0,0,0,0,0,0,0,0,0,0
15,JAWA TIMUR,228,KAB. LUMAJANG,3221,Ranuyoso,11,11,11,10,0,0,0,0,0,0,0,0,0,0
15,JAWA TIMUR,228,KAB. LUMAJANG,3209,Rowokangkung,7,7,7,7,0,0,0,750000,15,15,500000,15,50,1250000
15,JAWA TIMUR,228,KAB. LUMAJANG,3213,Senduro,12,12,12,11,0,7296,17648060,0,0,0,0,0,0,0
15,JAWA TIMUR,228,KAB. LUMAJANG,3216,Sukodono,10,10,10,8,0,0,0,50000,1,1,0,0,0,50000
15,JAWA TIMUR,228,KAB. LUMAJANG,3222,Sumbersuko,8,8,8,8,0,0,0,0,0,0,0,0,0,0
15,JAWA TIMUR,228,KAB. LUMAJANG,3210,Tekung,8,8,8,8,0,0,0,300000,6,6,180000,3,3,480000
15,JAWA TIMUR,228,KAB. LUMAJANG,3206,Tempeh,13,13,13,11,0,0,0,5800000,116,116,6270000,91,615,12070000
15,JAWA TIMUR,228,KAB. LUMAJANG,3202,Tempursari,7,7,7,7,0,19944,34550560,1425000,30,30,2700000,9,54,4125000
15,JAWA TIMUR,228,KAB. LUMAJANG,3208,Yosowilangun,12,12,12,11,0,0,0,0,0,0,0,0,0,0
15,JAWA TIMUR,239,KAB. MADIUN,3450,Balerejo,18,18,18,18,0,2040,29580000,5350000,54,54,515000,52,52,5865000
15,JAWA TIMUR,239,KAB. MADIUN,3444,Dagangan,17,17,17,17,0,0,0,9200000,104,104,945000,104,104,10145000
15,JAWA TIMUR,239,KAB. MADIUN,3442,Dolopo,12,12,12,12,0,1,18000,7500000,180,180,1810000,179,230,9310000
15,JAWA TIMUR,239,KAB. MADIUN,3443,Geger,19,19,19,19,0,6603,95970000,16590000,190,190,6925000,160,723,23515000
15,JAWA TIMUR,239,KAB. MADIUN,3446,Gemarang,7,7,7,7,0,0,0,11050000,156,156,2348000,132,453,13398000
15,JAWA TIMUR,239,KAB. MADIUN,3449,Jiwan,14,14,14,14,0,7950,100415000,13200000,251,251,7925000,284,1123,21125000
15,JAWA TIMUR,239,KAB. MADIUN,3445,Kare,8,8,8,8,0,0,0,49900000,499,499,6350000,293,635,56250000
15,JAWA TIMUR,239,KAB. MADIUN,3441,Kebonsari,14,14,14,14,0,0,0,6300000,63,63,0,0,0,6300000
15,JAWA TIMUR,239,KAB. MADIUN,3448,Madiun,13,13,13,13,0,24586,296658150,4900000,98,98,4480000,82,448,9380000
15,JAWA TIMUR,239,KAB. MADIUN,3451,Mejayan,14,14,14,14,0,3063,45324000,44450000,316,316,14280000,322,1428,58730000
15,JAWA TIMUR,239,KAB. MADIUN,3453,Pilangkenceng,18,18,18,18,0,0,0,19900000,168,168,3255000,167,328,23155000
15,JAWA TIMUR,239,KAB. MADIUN,3452,Saradan,15,15,15,15,0,0,0,24050000,481,481,18350000,460,1896,42400000
15,JAWA TIMUR,239,KAB. MADIUN,3454,Sawahan,13,13,13,13,0,600,8700000,8400000,147,147,2305000,82,440,10705000
15,JAWA TIMUR,239,KAB. MADIUN,3455,Wonoasri,10,10,10,10,0,0,0,0,0,0,0,0,0,0
15,JAWA TIMUR,239,KAB. MADIUN,3447,Wungu,14,14,14,14,0,0,0,8950000,158,158,3605000,123,569,12555000
15,JAWA TIMUR,240,KAB. MAGETAN,3467,Barat,14,14,14,14,0,52,2894000,22945000,450,450,12515000,347,1191,35460000
15,JAWA TIMUR,240,KAB. MAGETAN,3465,Bendo,16,16,16,16,0,15,531000,16230000,382,382,8405000,319,868,24635000
15,JAWA TIMUR,240,KAB. MAGETAN,3468,Karangrejo,13,13,13,13,0,0,0,23060000,577,577,14310000,479,2862,37370000
15,JAWA TIMUR,240,KAB. MAGETAN,3469,Karas,11,11,11,11,0,70000,780500000,10945000,228,228,9225000,239,990,20170000
15,JAWA TIMUR,240,KAB. MAGETAN,3470,Kartoharjo,12,12,12,12,0,27,399000,20820050,229,229,18300000,216,1417,39120050
15,JAWA TIMUR,240,KAB. MAGETAN,3460,Kawedanan,20,20,20,19,0,12220,142190000,23600000,811,811,18615000,654,2323,42215000
15,JAWA TIMUR,240,KAB. MAGETAN,3458,Lembeyan,10,10,10,10,0,0,0,14460000,295,295,7085000,334,927,21545000
15,JAWA TIMUR,240,KAB. MAGETAN,3461,Magetan,14,14,14,14,0,780,11310000,15055000,289,289,14465000,262,1489,29520000
15,JAWA TIMUR,240,KAB. MAGETAN,3466,Maospati,15,15,15,14,0,263,3300000,31975000,583,583,27410000,542,2043,59385000
15,JAWA TIMUR,240,KAB. MAGETAN,3471,Ngariboyo,12,12,12,11,0,0,0,15050000,318,318,4770000,455,899,19820000
15,JAWA TIMUR,240,KAB. MAGETAN,3472,Nguntoronadi,9,9,9,9,0,0,0,21805000,883,883,6155000,821,2342,27960000
15,JAWA TIMUR,240,KAB. MAGETAN,3463,Panekan,17,17,17,17,0,0,0,10565000,340,340,7445000,349,1446,18010000
15,JAWA TIMUR,240,KAB. MAGETAN,3457,Parang,13,13,13,13,0,34700,472450000,36650000,668,668,9535000,568,955,46185000
15,JAWA TIMUR,240,KAB. MAGETAN,3462,Plaosan,15,15,15,15,0,6000,66000000,43500000,678,678,20210000,676,2532,63710000
15,JAWA TIMUR,240,KAB. MAGETAN,3456,Poncol,8,8,8,8,0,0,0,36950000,664,664,6430000,586,693,43380000
15,JAWA TIMUR,240,KAB. MAGETAN,3473,Sidorejo,10,10,10,10,0,0,0,7095000,183,183,1850000,133,370,8945000
15,JAWA TIMUR,240,KAB. MAGETAN,3464,Sukomoro,14,14,14,14,0,0,0,5395000,183,183,1922000,146,342,7317000
15,JAWA TIMUR,240,KAB. MAGETAN,3459,Takeran,12,12,12,12,0,0,0,23640000,568,568,7963000,520,1170,31603000
15,JAWA TIMUR,227,KAB. MALANG,3174,Ampelgading,13,13,13,13,0,0,0,100000,1,1,0,0,0,100000
15,JAWA TIMUR,227,KAB. MALANG,3171,Bantur,10,10,10,8,0,0,0,1600000,16,16,450000,15,24,2050000
15,JAWA TIMUR,227,KAB. MALANG,3182,Bululawang,14,14,14,13,0,0,0,2900000,29,29,2370000,36,237,5270000
15,JAWA TIMUR,227,KAB. MALANG,3173,Dampit,12,12,12,10,0,0,0,1200000,12,12,100000,10,10,1300000
15,JAWA TIMUR,227,KAB. MALANG,3190,Dau,10,10,10,10,0,577,8445800,350000,7,7,20000,2,2,370000
15,JAWA TIMUR,227,KAB. MALANG,3169,Donomulyo,10,10,10,8,0,96,2064000,8100000,81,81,3600000,63,360,11700000
15,JAWA TIMUR,227,KAB. MALANG,3197,Gedangan,8,8,8,7,0,0,0,4300000,43,43,2700000,43,270,7000000
15,JAWA TIMUR,227,KAB. MALANG,3178,Gondanglegi,14,14,14,13,0,6,108000,8090000,60,60,3300000,54,229,11390000
15,JAWA TIMUR,227,KAB. MALANG,3185,Jabung,15,15,15,15,0,225,3285000,3600000,24,24,30000,3,3,3630000
15,JAWA TIMUR,227,KAB. MALANG,3179,Kalipare,9,9,9,8,0,15,180000,2600000,26,26,2560000,25,128,5160000
15,JAWA TIMUR,227,KAB. MALANG,3191,Karangploso,9,9,9,8,0,1,27000,0,0,0,0,0,0,0
15,JAWA TIMUR,227,KAB. MALANG,3196,Kasembon,6,6,6,6,0,0,0,0,0,0,0,0,0,0
15,JAWA TIMUR,227,KAB. MALANG,3181,Kepanjen,18,18,18,17,0,2,50000,24950000,250,250,17265000,213,710,42215000
15,JAWA TIMUR,227,KAB. MALANG,3199,Kromengan,7,7,7,7,0,0,0,0,0,0,0,0,0,0
15,JAWA TIMUR,227,KAB. MALANG,3193,Lawang,12,12,12,9,0,0,0,800000,8,8,160000,8,8,960000
15,JAWA TIMUR,227,KAB. MALANG,3188,Ngajum,9,9,9,8,0,0,0,6250000,82,82,1220000,101,122,7470000
15,JAWA TIMUR,227,KAB. MALANG,3195,Ngantang,13,13,13,9,0,0,0,4200000,42,42,360000,8,36,4560000
15,JAWA TIMUR,227,KAB. MALANG,3170,Pagak,8,8,8,6,0,16891,29939440,3300000,33,33,3420000,32,171,6720000
15,JAWA TIMUR,227,KAB. MALANG,3201,Pagelaran,10,10,10,6,0,4845,62145000,14920000,150,150,1040000,31,100,15960000
15,JAWA TIMUR,227,KAB. MALANG,3186,Pakis,15,15,15,15,0,5475,65816200,20800000,123,123,11410000,86,457,32210000
15,JAWA TIMUR,227,KAB. MALANG,3187,Pakisaji,12,12,12,12,0,0,0,130000,2,2,0,0,0,130000
15,JAWA TIMUR,227,KAB. MALANG,3175,Poncokusumo,17,17,17,16,0,0,0,4600000,45,45,1085000,43,44,5685000
15,JAWA TIMUR,227,KAB. MALANG,3194,Pujon,10,10,10,7,0,0,0,2400000,16,16,10000,1,1,2410000
15,JAWA TIMUR,227,KAB. MALANG,3192,Singosari,17,17,17,15,0,56,1006000,3400000,27,27,870000,17,50,4270000
15,JAWA TIMUR,227,KAB. MALANG,3172,Sumbermanjing Wetan,15,15,15,12,0,66674,122576720,5700000,57,57,0,0,0,5700000
15,JAWA TIMUR,227,KAB. MALANG,3180,Sumberpucung,7,7,7,7,0,11807,134522000,4000000,40,40,680000,30,68,4680000
15,JAWA TIMUR,227,KAB. MALANG,3183,Tajinan,12,12,12,12,0,86458,280428790,10200000,74,74,490000,49,49,10690000
15,JAWA TIMUR,227,KAB. MALANG,3198,Tirtoyudo,13,13,13,13,0,0,0,10600000,106,106,10335000,92,432,20935000
15,JAWA TIMUR,227,KAB. MALANG,3184,Tumpang,15,15,15,14,0,0,0,7500000,75,75,3760000,76,182,11260000
15,JAWA TIMUR,227,KAB. MALANG,3177,Turen,17,17,17,14,0,0,0,47950000,597,597,21160000,525,1724,69110000
15,JAWA TIMUR,227,KAB. MALANG,3189,Wagir,12,12,12,9,0,0,0,0,0,0,0,0,0,0
15,JAWA TIMUR,227,KAB. MALANG,3176,Wajak,13,13,13,11,0,0,0,4400000,44,44,300000,28,30,4700000
15,JAWA TIMUR,227,KAB. MALANG,3200,Wonosari,8,8,8,8,0,0,0,200000,2,2,10000,1,1,210000
15,JAWA TIMUR,236,KAB. MOJOKERTO,3393,Bangsal,17,17,17,17,0,0,0,10050000,162,162,4006000,152,429,14056000
15,JAWA TIMUR,236,KAB. MOJOKERTO,3399,Dawarblandong,18,18,18,17,0,43576,70908640,3100000,52,52,510000,41,51,3610000
15,JAWA TIMUR,236,KAB. MOJOKERTO,3392,Dlanggu,16,16,16,16,0,0,0,200000,4,4,0,0,0,200000
15,JAWA TIMUR,236,KAB. MOJOKERTO,6876,Gedeg,14,14,14,14,0,8250,15012000,11000000,110,110,4750000,118,475,15750000
15,JAWA TIMUR,236,KAB. MOJOKERTO,3385,Gondang,18,18,18,16,0,0,0,950000,19,19,930000,80,88,1880000
15,JAWA TIMUR,236,KAB. MOJOKERTO,3384,Jatirejo,19,19,19,19,0,4600,52700000,2600000,52,52,1960000,44,196,4560000
15,JAWA TIMUR,236,KAB. MOJOKERTO,3398,Jetis,16,16,16,16,0,0,0,11100000,222,222,6370000,183,637,17470000
15,JAWA TIMUR,236,KAB. MOJOKERTO,3397,Kemlagi,20,20,20,19,0,0,0,6000000,61,61,940000,46,94,6940000
15,JAWA TIMUR,236,KAB. MOJOKERTO,3390,Kutorejo,17,17,17,14,0,0,0,4400000,57,57,710000,57,57,5110000
15,JAWA TIMUR,236,KAB. MOJOKERTO,3400,Mojoanyar,12,12,12,11,0,0,0,1475000,59,59,3800000,58,380,5275000
15,JAWA TIMUR,236,KAB. MOJOKERTO,3391,Mojosari,19,17,19,15,0,0,0,920000,10,10,120000,9,12,1040000
15,JAWA TIMUR,236,KAB. MOJOKERTO,3388,Ngoro,19,19,19,17,0,0,0,110000,3,3,0,0,0,110000
15,JAWA TIMUR,236,KAB. MOJOKERTO,3386,Pacet,20,20,20,20,0,140,2072000,5100000,123,123,270000,27,27,5370000
15,JAWA TIMUR,236,KAB. MOJOKERTO,3389,Pungging,19,19,19,14,0,0,0,0,0,0,0,0,0,0
15,JAWA TIMUR,236,KAB. MOJOKERTO,3394,Puri,16,16,16,16,0,236501,421114240,10575000,292,292,2885000,252,422,13460000
15,JAWA TIMUR,236,KAB. MOJOKERTO,3396,Sooko,15,15,15,15,0,0,0,830000,83,83,1200000,83,120,2030000
15,JAWA TIMUR,236,KAB. MOJOKERTO,3387,Trawas,13,13,13,12,0,0,0,300000,3,3,45000,2,2,345000
15,JAWA TIMUR,236,KAB. MOJOKERTO,3395,Trowulan,16,16,16,16,0,0,0,10500000,114,114,2580000,110,258,13080000
15,JAWA TIMUR,238,KAB. NGANJUK,3434,Bagor,21,21,21,21,0,10000,110000000,0,0,0,0,0,0,0
15,JAWA TIMUR,238,KAB. NGANJUK,3431,Baron,11,11,11,10,0,38175,523822000,0,0,0,210000,9,9,210000
15,JAWA TIMUR,238,KAB. NGANJUK,3424,Berbek,19,19,19,19,0,26000,286000000,0,0,0,0,0,0,0
15,JAWA TIMUR,238,KAB. NGANJUK,3437,Gondang,17,17,17,17,0,25233,316952000,4800000,48,48,2360000,35,118,7160000
15,JAWA TIMUR,238,KAB. NGANJUK,3440,Jatikalen,11,11,11,11,0,29744,340288000,3800000,76,76,1780000,76,311,5580000
15,JAWA TIMUR,238,KAB. NGANJUK,3429,Kertosono,14,14,14,11,0,2102,27814000,1700000,17,17,1410000,18,141,3110000
15,JAWA TIMUR,238,KAB. NGANJUK,3439,Lengkong,16,16,16,16,0,22818,274785500,0,0,0,0,0,0,0
15,JAWA TIMUR,238,KAB. NGANJUK,3425,Loceret,22,22,22,22,0,190020,2126910000,6300000,63,63,5120000,62,256,11420000
15,JAWA TIMUR,238,KAB. NGANJUK,6877,Nganjuk,15,15,15,15,0,162961,1863047000,8300000,130,130,7955000,114,327,16255000
15,JAWA TIMUR,238,KAB. NGANJUK,3423,Ngetos,9,9,9,9,0,4000,44000000,0,0,0,0,0,0,0
15,JAWA TIMUR,238,KAB. NGANJUK,3438,Ngluyu,6,6,6,6,0,21524,247348000,0,0,0,0,0,0,0
15,JAWA TIMUR,238,KAB. NGANJUK,3428,Ngronggot,13,13,13,13,0,63976,735152000,100000,1,1,0,0,0,100000
15,JAWA TIMUR,238,KAB. NGANJUK,3426,Pace,18,18,18,18,0,71399,840436300,11700000,242,242,2340000,234,234,14040000
15,JAWA TIMUR,238,KAB. NGANJUK,3430,Patianrowo,11,11,11,11,0,125272,1403444000,450000,9,9,520000,8,52,970000
15,JAWA TIMUR,238,KAB. NGANJUK,3427,Prambon,14,14,14,14,0,11117,138103500,1250000,25,25,300000,24,30,1550000
15,JAWA TIMUR,238,KAB. NGANJUK,3436,Rejoso,24,24,24,24,0,151920,1730340000,10750000,121,121,1950000,110,195,12700000
15,JAWA TIMUR,238,KAB. NGANJUK,3422,Sawahan,9,9,9,9,0,168744,508920480,0,0,0,0,0,0,0
15,JAWA TIMUR,238,KAB. NGANJUK,3433,Sukomoro,12,12,12,12,0,306053,1590327480,0,0,0,0,0,0,0
15,JAWA TIMUR,238,KAB. NGANJUK,3432,Tanjunganom,16,16,16,16,0,184556,2056912000,51450000,533,533,3040000,468,479,54490000
15,JAWA TIMUR,238,KAB. NGANJUK,3435,Wilangan,6,6,6,6,0,2644,29588000,0,0,0,0,0,0,0
15,JAWA TIMUR,241,KAB. NGAWI,3488,Bringin,10,10,10,10,0,0,0,1300000,26,26,480000,16,48,1780000
15,JAWA TIMUR,241,KAB. NGAWI,3478,Geneng,13,13,13,13,0,28836,347757900,10650000,174,174,5640000,76,356,16290000
15,JAWA TIMUR,241,KAB. NGAWI,3491,Gerih,5,5,5,5,0,3000,43500000,1550000,31,31,2270000,31,227,3820000
15,JAWA TIMUR,241,KAB. NGAWI,3476,Jogorogo,12,12,12,12,0,2500,35900000,2400000,48,48,3615000,48,362,6015000
15,JAWA TIMUR,241,KAB. NGAWI,3490,Karanganyar,7,7,7,7,0,0,0,23300000,159,159,2355000,153,471,25655000
15,JAWA TIMUR,241,KAB. NGAWI,3480,Karangjati,17,17,17,17,0,0,0,6350000,127,127,2980000,97,302,9330000
15,JAWA TIMUR,241,KAB. NGAWI,3492,Kasreman,8,8,8,8,0,37,881000,1300000,26,26,750000,25,150,2050000
15,JAWA TIMUR,241,KAB. NGAWI,3484,Kedunggalar,12,12,12,12,0,0,0,0,0,0,0,0,0,0
15,JAWA TIMUR,241,KAB. NGAWI,3477,Kendal,10,10,10,10,0,0,0,0,0,0,0,0,0,0
15,JAWA TIMUR,241,KAB. NGAWI,3479,Kwadungan,14,14,14,12,0,3300,47850000,100000,1,1,0,0,0,100000
15,JAWA TIMUR,241,KAB. NGAWI,3486,Mantingan,7,7,7,7,0,0,0,100000,1,1,0,0,0,100000
15,JAWA TIMUR,241,KAB. NGAWI,3482,Ngawi,16,16,16,16,0,8450,118150000,13350000,168,168,1475000,161,203,14825000
15,JAWA TIMUR,241,KAB. NGAWI,3475,Ngrambe,14,14,14,14,0,0,0,2950000,59,59,720000,41,72,3670000
15,JAWA TIMUR,241,KAB. NGAWI,3481,Padas,12,12,12,12,0,1200,17400000,50000,1,1,5000,1,1,55000
15,JAWA TIMUR,241,KAB. NGAWI,3487,Pangkur,9,9,9,9,0,6960,100920000,7000000,140,140,2150000,138,339,9150000
15,JAWA TIMUR,241,KAB. NGAWI,3483,Paron,14,14,14,14,0,40325,500665000,50000,1,1,5000,1,1,55000
15,JAWA TIMUR,241,KAB. NGAWI,3489,Pitu,10,10,10,10,0,0,0,0,0,0,0,0,0,0
15,JAWA TIMUR,241,KAB. NGAWI,3474,Sine,15,15,15,15,0,0,0,7900000,100,100,2250000,82,362,10150000
15,JAWA TIMUR,241,KAB. NGAWI,3485,Widodaren,12,12,12,11,0,0,0,100000,1,2,10000,1,1,110000
15,JAWA TIMUR,221,KAB. PACITAN,3061,Arjosari,17,17,17,17,0,1810,26340000,2750000,49,49,2465000,38,260,5215000
15,JAWA TIMUR,221,KAB. PACITAN,3063,Bandar,8,8,8,8,0,0,0,5500000,70,70,160000,31,31,5660000
15,JAWA TIMUR,221,KAB. PACITAN,3056,Donorojo,12,12,12,12,0,0,0,13400000,167,167,6485000,206,829,19885000
15,JAWA TIMUR,221,KAB. PACITAN,3060,Kebonagung,19,19,19,19,0,250,2750000,5450000,109,109,200000,40,40,5650000
15,JAWA TIMUR,221,KAB. PACITAN,3062,Nawangan,9,9,9,9,0,0,0,19155000,410,410,2375000,410,410,21530000
15,JAWA TIMUR,221,KAB. PACITAN,3066,Ngadirojo,18,18,18,18,0,4215,53505000,14950000,275,275,3655000,269,731,18605000
15,JAWA TIMUR,221,KAB. PACITAN,3059,Pacitan,25,25,25,25,0,23115,328054500,3720000,80,80,1790000,81,316,5510000
15,JAWA TIMUR,221,KAB. PACITAN,3057,Pringkuku,13,13,13,13,0,0,0,5750000,115,115,3140000,115,628,8890000
15,JAWA TIMUR,221,KAB. PACITAN,3058,Punung,13,13,13,13,0,0,0,7245000,312,312,10305000,304,2061,17550000
15,JAWA TIMUR,221,KAB. PACITAN,3067,Sudimoro,10,10,10,10,0,0,0,2950000,59,59,1085000,34,212,4035000
15,JAWA TIMUR,221,KAB. PACITAN,3064,Tegalombo,11,11,11,11,0,0,0,0,0,0,0,0,0,0
15,JAWA TIMUR,221,KAB. PACITAN,3065,Tulakan,17,17,17,17,0,0,0,2780000,56,56,115000,13,13,2895000
15,JAWA TIMUR,248,KAB. PAMEKASAN,3608,Batumarmar,13,13,13,8,0,0,0,20200000,105,105,1700000,85,85,21900000
15,JAWA TIMUR,248,KAB. PAMEKASAN,3600,Galis,10,10,10,9,0,0,0,4800000,54,54,1575000,54,54,6375000
15,JAWA TIMUR,248,KAB. PAMEKASAN,3609,Kadur,10,10,10,9,0,0,0,8210000,92,92,11870000,72,392,20080000
15,JAWA TIMUR,248,KAB. PAMEKASAN,3605,Larangan,14,14,14,14,0,16049,224219100,30850000,175,175,14915000,159,749,45765000
15,JAWA TIMUR,248,KAB. PAMEKASAN,3599,Pademawu,22,22,22,19,0,0,0,17900000,189,189,5815000,192,332,23715000
15,JAWA TIMUR,248,KAB. PAMEKASAN,3606,Pakong,12,12,12,12,0,0,0,2900000,29,29,3825000,27,83,6725000
15,JAWA TIMUR,248,KAB. PAMEKASAN,3603,Palengaan,12,12,12,11,0,14600,162700000,4900000,48,48,1525000,47,47,6425000
15,JAWA TIMUR,248,KAB. PAMEKASAN,3601,Pamekasan,18,18,18,18,0,0,0,13890000,165,165,5225000,125,281,19115000
15,JAWA TIMUR,248,KAB. PAMEKASAN,3610,Pasean,9,9,9,8,0,1560,22620000,0,0,0,0,0,0,0
15,JAWA TIMUR,248,KAB. PAMEKASAN,3604,Pegantenan,13,13,13,12,0,0,0,12200000,130,130,3415000,129,129,15615000
15,JAWA TIMUR,248,KAB. PAMEKASAN,3602,Proppo,27,27,27,27,0,0,0,38025000,282,282,12125000,238,438,50150000
15,JAWA TIMUR,248,KAB. PAMEKASAN,3598,Tlanakan,17,17,17,17,0,0,0,21970000,218,218,10410000,214,277,32380000
15,JAWA TIMUR,248,KAB. PAMEKASAN,3607,Waru,12,12,12,12,0,0,0,5800000,43,43,1490000,41,41,7290000
15,JAWA TIMUR,234,KAB. PASURUAN,3355,Bangil,15,15,15,15,0,0,0,25000,1,1,5000,1,1,30000
15,JAWA TIMUR,234,KAB. PASURUAN,3354,Beji,14,14,14,14,0,138,5760500,1200000,24,24,485000,24,97,1685000
15,JAWA TIMUR,234,KAB. PASURUAN,3353,Gempol,15,15,15,15,0,0,0,0,0,0,0,0,0,0
15,JAWA TIMUR,234,KAB. PASURUAN,3359,Gondangwetan,20,20,20,18,0,16854,206480500,0,0,0,0,0,0,0
15,JAWA TIMUR,234,KAB. PASURUAN,3361,Grati,15,15,15,15,0,2,36000,1625000,17,17,410000,41,41,2035000
15,JAWA TIMUR,234,KAB. PASURUAN,3347,Kejayan,25,25,25,23,0,1425,18060000,405000,8,8,200000,3,4,605000
15,JAWA TIMUR,234,KAB. PASURUAN,3357,Kraton,25,25,25,24,0,3870,54439000,20105000,439,439,9510000,333,1902,29615000
15,JAWA TIMUR,234,KAB. PASURUAN,3363,Lekok,11,11,11,11,0,3617,7495500,0,0,0,0,0,0,0
15,JAWA TIMUR,234,KAB. PASURUAN,3345,Lumbang,12,12,12,11,0,0,0,6300000,63,63,620000,62,62,6920000
15,JAWA TIMUR,234,KAB. PASURUAN,3362,Nguling,15,15,15,15,0,10,180000,1100000,21,21,10000,1,1,1110000
15,JAWA TIMUR,234,KAB. PASURUAN,3352,Pandaan,18,18,18,18,0,3562,39512000,0,0,0,0,0,0,0
15,JAWA TIMUR,234,KAB. PASURUAN,3346,Pasrepan,17,17,17,15,0,1,400000,20000,1,1,0,0,0,20000
15,JAWA TIMUR,234,KAB. PASURUAN,3358,Pohjentrek,9,9,9,7,0,0,0,3300000,33,33,1560000,35,154,4860000
15,JAWA TIMUR,234,KAB. PASURUAN,3351,Prigen,14,14,14,14,0,300,3300000,200000,2,2,0,0,0,200000
15,JAWA TIMUR,234,KAB. PASURUAN,3342,Purwodadi,13,13,13,13,0,0,0,610000,20,20,680000,20,109,1290000
15,JAWA TIMUR,234,KAB. PASURUAN,3349,Purwosari,15,15,15,15,0,0,0,3400000,141,141,4745000,147,596,8145000
15,JAWA TIMUR,234,KAB. PASURUAN,3344,Puspo,7,7,7,5,0,0,0,200000,2,2,0,0,0,200000
15,JAWA TIMUR,234,KAB. PASURUAN,3364,Rejoso,16,16,16,16,0,1001,11018000,150000,2,2,0,0,0,150000
15,JAWA TIMUR,234,KAB. PASURUAN,3356,Rembang,17,17,17,17,0,0,0,1550000,31,31,2620000,31,131,4170000
15,JAWA TIMUR,234,KAB. PASURUAN,3350,Sukorejo,19,19,19,18,0,31107,397628500,4130000,205,205,16270000,201,1627,20400000
15,JAWA TIMUR,234,KAB. PASURUAN,3365,Tosari,8,8,8,0,0,0,0,0,0,0,0,0,0,0
15,JAWA TIMUR,234,KAB. PASURUAN,3343,Tutur,12,12,12,9,0,0,0,10000,1,1,0,0,0,10000
15,JAWA TIMUR,234,KAB. PASURUAN,3360,Winongan,18,18,18,18,0,0,0,750000,15,15,0,0,0,750000
15,JAWA TIMUR,234,KAB. PASURUAN,3348,Wonorejo,15,15,15,15,0,0,0,75000,5,5,525000,5,15,600000
15,JAWA TIMUR,222,KAB. PONOROGO,3083,Babadan,15,15,15,15,0,0,0,40000,4,4,0,0,0,40000
15,JAWA TIMUR,222,KAB. PONOROGO,3080,Badegan,10,10,10,10,0,0,0,0,0,0,0,0,0,0
15,JAWA TIMUR,222,KAB. PONOROGO,3078,Balong,21,21,21,21,0,0,0,2600000,260,260,10580000,245,2116,13180000
15,JAWA TIMUR,222,KAB. PONOROGO,3070,Bungkal,19,19,19,19,0,0,0,17310000,1731,1731,15095000,722,3019,32405000
15,JAWA TIMUR,222,KAB. PONOROGO,3087,Jambon,13,13,13,13,0,0,0,8340000,834,834,4260000,719,852,12600000
15,JAWA TIMUR,222,KAB. PONOROGO,3085,Jenangan,17,17,17,17,0,0,0,770000,77,77,2295000,51,51,3065000
15,JAWA TIMUR,222,KAB. PONOROGO,3076,Jetis,14,14,14,14,0,0,0,0,0,0,0,0,0,0
15,JAWA TIMUR,222,KAB. PONOROGO,3079,Kauman,16,16,16,16,0,0,0,700000,70,70,0,0,0,700000
15,JAWA TIMUR,222,KAB. PONOROGO,3075,Mlarak,15,15,15,15,0,0,0,17290000,1729,1729,13490000,1495,2698,30780000
15,JAWA TIMUR,222,KAB. PONOROGO,3086,Ngebel,8,8,8,8,0,0,0,0,0,0,0,0,0,0
15,JAWA TIMUR,222,KAB. PONOROGO,3069,Ngrayun,11,11,11,11,0,0,0,0,0,0,0,0,0,0
15,JAWA TIMUR,222,KAB. PONOROGO,3084,Ponorogo,19,19,19,19,0,0,0,10000,1,1,0,0,0,10000
15,JAWA TIMUR,222,KAB. PONOROGO,3088,Pudak,6,6,6,6,0,0,0,0,0,0,0,0,0,0
15,JAWA TIMUR,222,KAB. PONOROGO,3074,Pulung,18,18,18,18,0,0,0,14200000,284,284,1425000,285,285,15625000
15,JAWA TIMUR,222,KAB. PONOROGO,3071,Sambit,16,16,16,16,0,0,0,0,0,0,0,0,0,0
15,JAWA TIMUR,222,KAB. PONOROGO,3081,Sampung,12,12,12,12,0,0,0,0,0,0,0,0,0,0
15,JAWA TIMUR,222,KAB. PONOROGO,3072,Sawoo,14,14,14,14,0,0,0,0,0,0,0,0,0,0
15,JAWA TIMUR,222,KAB. PONOROGO,3077,Siman,18,18,18,18,0,8480,94960000,10000,1,1,0,0,0,10000
15,JAWA TIMUR,222,KAB. PONOROGO,3068,Slahung,22,22,22,22,0,0,0,90000,9,9,40000,8,8,130000
15,JAWA TIMUR,222,KAB. PONOROGO,3073,Sooko,6,6,6,6,0,0,0,30000,3,3,10000,2,2,40000
15,JAWA TIMUR,222,KAB. PONOROGO,3082,Sukorejo,18,18,18,18,0,0,0,0,0,0,0,0,0,0
15,JAWA TIMUR,233,KAB. PROBOLINGGO,3322,Bantaran,10,10,10,6,0,0,0,900000,9,9,0,0,0,900000
15,JAWA TIMUR,233,KAB. PROBOLINGGO,3324,Banyuanyar,14,14,14,14,0,0,0,3650000,73,73,1520000,55,153,5170000
15,JAWA TIMUR,233,KAB. PROBOLINGGO,3332,Besuk,17,17,17,16,0,0,0,950000,19,19,1120000,17,56,2070000
15,JAWA TIMUR,233,KAB. PROBOLINGGO,3337,Dringu,14,14,14,14,0,7840,94430000,2600000,52,52,1380000,53,138,3980000
15,JAWA TIMUR,233,KAB. PROBOLINGGO,3327,Gading,19,19,19,13,0,30344,351718000,2000000,12,12,2570000,29,44,4570000
15,JAWA TIMUR,233,KAB. PROBOLINGGO,3336,Gending,13,13,13,13,0,620,9014000,5450000,108,108,355000,69,69,5805000
15,JAWA TIMUR,233,KAB. PROBOLINGGO,3329,Kotaanyar,13,13,13,12,0,12980,171490000,4250000,94,94,3060000,92,246,7310000
15,JAWA TIMUR,233,KAB. PROBOLINGGO,3333,Kraksaan,18,18,18,17,0,748,12542000,4700000,94,94,12280000,94,549,16980000
15,JAWA TIMUR,233,KAB. PROBOLINGGO,3334,Krejengan,17,17,17,14,0,360,5220000,5150000,103,103,840000,84,84,5990000
15,JAWA TIMUR,233,KAB. PROBOLINGGO,3326,Krucil,14,14,14,13,0,0,0,2000000,20,20,1710000,18,69,3710000
15,JAWA TIMUR,233,KAB. PROBOLINGGO,3321,Kuripan,7,7,7,7,0,86087,156679400,0,0,0,0,0,0,0
15,JAWA TIMUR,233,KAB. PROBOLINGGO,3323,Leces,10,10,10,10,0,0,0,0,0,0,20000,2,2,20000
15,JAWA TIMUR,233,KAB. PROBOLINGGO,3341,Lumbang,10,10,10,10,0,0,0,0,0,0,0,0,0,0
15,JAWA TIMUR,233,KAB. PROBOLINGGO,3335,Maron,18,18,18,17,0,10001,110460000,7750000,107,107,2800000,99,100,10550000
15,JAWA TIMUR,233,KAB. PROBOLINGGO,3331,Paiton,20,20,20,17,0,0,0,12100000,121,121,140000,7,7,12240000
15,JAWA TIMUR,233,KAB. PROBOLINGGO,6875,Pajarakan,12,12,12,11,0,0,0,3700000,74,74,1520000,44,95,5220000
15,JAWA TIMUR,233,KAB. PROBOLINGGO,3328,Pakuniran,17,17,17,13,0,510,48450000,1100000,22,22,1830000,22,183,2930000
15,JAWA TIMUR,233,KAB. PROBOLINGGO,3319,Sukapura,12,12,12,10,0,0,0,3600000,36,36,1110000,33,111,4710000
15,JAWA TIMUR,233,KAB. PROBOLINGGO,3320,Sumber,9,9,9,5,0,0,0,0,0,0,0,0,0,0
15,JAWA TIMUR,233,KAB. PROBOLINGGO,3338,Sumberasih,13,13,13,13,0,0,0,2150000,33,33,480000,23,33,2630000
15,JAWA TIMUR,233,KAB. PROBOLINGGO,3330,Tegalsiwalan,12,12,12,12,0,0,0,300000,6,6,185000,9,9,485000
15,JAWA TIMUR,233,KAB. PROBOLINGGO,3325,Tiris,16,16,16,12,0,0,0,0,0,0,0,0,0,0
15,JAWA TIMUR,233,KAB. PROBOLINGGO,3340,Tongas,14,14,14,12,0,0,0,0,0,0,0,0,0,0
15,JAWA TIMUR,233,KAB. PROBOLINGGO,3339,Wonomerto,11,11,11,7,0,0,0,0,0,0,0,0,0,0
15,JAWA TIMUR,247,KAB. SAMPANG,3592,Banyuates,20,20,20,17,0,113,2262000,210000,4,4,50000,3,3,260000
15,JAWA TIMUR,247,KAB. SAMPANG,3589,Camplong,14,14,14,13,0,0,0,0,0,0,0,0,0,0
15,JAWA TIMUR,247,KAB. SAMPANG,3591,Jrengik,14,14,14,14,0,0,0,0,0,0,0,0,0,0
15,JAWA TIMUR,247,KAB. SAMPANG,3597,Karangpenang,7,6,7,6,0,0,0,50000,1,1,10000,1,1,60000
15,JAWA TIMUR,247,KAB. SAMPANG,6896,Kedungdung,18,18,18,18,0,5,95000,500000,1,1,15000,1,2,515000
15,JAWA TIMUR,247,KAB. SAMPANG,3595,Ketapang,14,14,14,14,0,10,1200000,0,0,0,0,0,0,0
15,JAWA TIMUR,247,KAB. SAMPANG,3590,Omben,20,19,20,19,0,0,0,0,0,0,0,0,0,0
15,JAWA TIMUR,247,KAB. SAMPANG,3596,Pangarengan,6,6,6,6,0,0,0,0,0,0,0,0,0,0
15,JAWA TIMUR,247,KAB. SAMPANG,3593,Robatal,9,9,9,9,0,5800,86700000,0,0,0,0,0,0,0
15,JAWA TIMUR,247,KAB. SAMPANG,3588,Sampang,18,18,18,18,0,0,0,0,0,0,0,0,0,0
15,JAWA TIMUR,247,KAB. SAMPANG,3594,Sokobanah,12,12,12,12,0,1800,26100000,8850000,42,42,420000,42,42,9270000
15,JAWA TIMUR,247,KAB. SAMPANG,3586,Sreseh,12,12,12,6,0,3004,43558000,0,0,0,0,0,0,0
15,JAWA TIMUR,247,KAB. SAMPANG,6897,Tambelangan,10,10,10,10,0,0,0,0,0,0,0,0,0,0
15,JAWA TIMUR,247,KAB. SAMPANG,3587,Torjun,12,12,12,12,0,0,0,0,0,0,0,0,0,0
15,JAWA TIMUR,235,KAB. SIDOARJO,3377,Balongbendo,20,20,20,20,0,69795,1512780000,55550000,630,630,49150000,624,3397,104700000
15,JAWA TIMUR,235,KAB. SIDOARJO,3380,Buduran,15,15,15,15,0,16000,176000000,1100000,11,11,110000,11,11,1210000
15,JAWA TIMUR,235,KAB. SIDOARJO,3372,Candi,24,24,24,21,0,1486,27308625,6825000,69,69,60000,3,3,6885000
15,JAWA TIMUR,235,KAB. SIDOARJO,3381,Gedangan,15,15,15,14,0,2581,141188000,0,0,0,0,0,0,0
15,JAWA TIMUR,235,KAB. SIDOARJO,3370,Jabon,13,13,13,13,0,8005,88960000,750000,16,16,1480000,15,74,2230000
15,JAWA TIMUR,235,KAB. SIDOARJO,3368,Krembung,19,19,19,19,0,0,0,3800000,38,38,5860000,41,293,9660000
15,JAWA TIMUR,235,KAB. SIDOARJO,3376,Krian,22,22,22,19,0,5952,89886200,15950000,335,335,20780000,359,1322,36730000
15,JAWA TIMUR,235,KAB. SIDOARJO,3369,Porong,15,15,15,15,0,0,0,1800000,18,18,640000,18,32,2440000
15,JAWA TIMUR,235,KAB. SIDOARJO,3367,Prambon,20,20,20,19,0,0,0,0,0,0,0,0,0,0
15,JAWA TIMUR,235,KAB. SIDOARJO,3382,Sedati,16,16,16,16,0,6605,365954200,50000,1,1,0,0,0,50000
15,JAWA TIMUR,235,KAB. SIDOARJO,3373,Sidoarjo,24,24,24,24,0,24002,264060000,150000,3,3,0,0,0,150000
15,JAWA TIMUR,235,KAB. SIDOARJO,3379,Sukodono,19,19,19,19,0,9365,103855000,4600000,46,46,20000,1,1,4620000
15,JAWA TIMUR,235,KAB. SIDOARJO,3378,Taman,24,24,24,23,0,17077,373266760,9450000,88,88,4785000,93,403,14235000
15,JAWA TIMUR,235,KAB. SIDOARJO,3371,Tanggulangin,18,18,18,18,0,93,1437600,4500000,46,70,1040000,24,52,5540000
15,JAWA TIMUR,235,KAB. SIDOARJO,3366,Tarik,20,20,20,20,0,228,5673600,15800000,301,301,7450000,260,1467,23250000
15,JAWA TIMUR,235,KAB. SIDOARJO,3374,Tulangan,22,22,22,21,0,3435,51072500,7050000,71,71,3010000,67,152,10060000
15,JAWA TIMUR,235,KAB. SIDOARJO,3383,Waru,17,17,17,17,0,13007,162447500,18050000,291,291,6965000,147,610,25015000
15,JAWA TIMUR,235,KAB. SIDOARJO,3375,Wonoayu,23,23,23,19,0,0,0,2700000,28,28,330000,22,33,3030000
15,JAWA TIMUR,232,KAB. SITUBONDO,3312,Arjasa,8,8,8,8,0,23550,261150000,0,0,0,0,0,0,0
15,JAWA TIMUR,232,KAB. SITUBONDO,3314,Asembagus,10,10,10,10,0,0,0,0,0,0,0,0,0,0
15,JAWA TIMUR,232,KAB. SITUBONDO,3317,Banyuglugur,7,7,7,7,0,0,0,0,0,0,0,0,0,0
15,JAWA TIMUR,232,KAB. SITUBONDO,3315,Banyuputih,5,5,5,4,0,0,0,0,0,0,0,0,0,0
15,JAWA TIMUR,232,KAB. SITUBONDO,3303,Besuki,10,10,10,10,0,0,0,0,0,0,0,0,0,0
15,JAWA TIMUR,232,KAB. SITUBONDO,3318,Bungatan,7,7,7,7,0,0,0,0,0,0,0,0,0,0
15,JAWA TIMUR,232,KAB. SITUBONDO,3313,Jangkar,8,8,8,8,0,0,0,0,0,0,0,0,0,0
15,JAWA TIMUR,232,KAB. SITUBONDO,3302,Jatibanteng,8,8,8,6,0,0,0,0,0,0,0,0,0,0
15,JAWA TIMUR,232,KAB. SITUBONDO,3311,Kapongan,10,10,10,10,0,0,0,0,0,0,0,0,0,0
15,JAWA TIMUR,232,KAB. SITUBONDO,3306,Kendit,7,7,7,5,0,0,0,0,0,0,0,0,0,0
15,JAWA TIMUR,232,KAB. SITUBONDO,3310,Mangaran,6,6,6,6,0,0,0,4150000,83,83,980000,82,98,5130000
15,JAWA TIMUR,232,KAB. SITUBONDO,3305,Mlandingan,7,7,7,6,0,0,0,0,0,0,0,0,0,0
15,JAWA TIMUR,232,KAB. SITUBONDO,3307,Panarukan,8,8,8,7,0,0,0,1750000,35,35,1040000,32,104,2790000
15,JAWA TIMUR,232,KAB. SITUBONDO,3309,Panji,12,12,12,10,0,2,5000,650000,13,13,130000,13,13,780000
15,JAWA TIMUR,232,KAB. SITUBONDO,3308,Situbondo,6,6,6,5,0,0,0,0,0,0,0,0,0,0
15,JAWA TIMUR,232,KAB. SITUBONDO,3304,Suboh,8,8,8,8,0,0,0,0,0,0,0,0,0,0
15,JAWA TIMUR,232,KAB. SITUBONDO,3316,Sumbermalang,9,9,9,8,0,0,0,0,0,0,0,0,0,0
15,JAWA TIMUR,249,KAB. SUMENEP,3620,Ambunten,15,15,15,13,0,11161,154947750,1250000,25,25,3660000,25,149,4910000
15,JAWA TIMUR,249,KAB. SUMENEP,3631,Arjasa,19,19,19,19,0,0,0,0,0,0,0,0,0,0
15,JAWA TIMUR,249,KAB. SUMENEP,3624,Batang Batang,16,16,16,6,0,0,0,0,0,0,0,0,0,0
15,JAWA TIMUR,249,KAB. SUMENEP,3633,Batuan,7,7,7,6,0,0,0,900000,9,9,0,0,0,900000
15,JAWA TIMUR,249,KAB. SUMENEP,3625,Batuputih,14,14,14,5,0,0,0,0,0,0,0,0,0,0
15,JAWA TIMUR,249,KAB. SUMENEP,3615,Bluto,20,20,20,14,0,0,0,0,0,0,0,0,0,0
15,JAWA TIMUR,249,KAB. SUMENEP,3622,Dasuk,15,15,15,10,0,0,0,50000,1,1,0,0,0,50000
15,JAWA TIMUR,249,KAB. SUMENEP,3626,Dungkek,15,15,15,12,0,0,0,0,0,0,0,0,0,0
15,JAWA TIMUR,249,KAB. SUMENEP,3618,Ganding,14,14,14,13,0,5,425000,4000000,40,40,2575000,34,259,6575000
15,JAWA TIMUR,249,KAB. SUMENEP,3627,Gapura,17,17,17,10,0,0,0,3500000,35,35,1390000,35,122,4890000
15,JAWA TIMUR,249,KAB. SUMENEP,3628,Gayam,10,9,10,10,0,0,0,0,0,0,0,0,0,0
15,JAWA TIMUR,249,KAB. SUMENEP,6898,Giliginting,8,8,8,3,0,0,0,0,0,0,0,0,0,0
15,JAWA TIMUR,249,KAB. SUMENEP,6899,Guluk-Guluk,12,12,12,9,0,0,0,0,0,0,0,0,0,0
15,JAWA TIMUR,249,KAB. SUMENEP,3612,Kalianget,7,7,7,5,0,0,0,0,0,0,0,0,0,0
15,JAWA TIMUR,249,KAB. SUMENEP,3634,Kangayan,9,9,9,1,0,0,0,0,0,0,0,0,0,0
15,JAWA TIMUR,249,KAB. SUMENEP,3611,Kota Sumenep,16,16,16,14,0,0,0,1450000,29,29,2210000,27,111,3660000
15,JAWA TIMUR,249,KAB. SUMENEP,3617,Lenteng,20,20,20,15,0,0,0,0,0,0,0,0,0,0
15,JAWA TIMUR,249,KAB. SUMENEP,3613,Manding,11,11,11,7,0,0,0,0,0,0,0,0,0,0
15,JAWA TIMUR,249,KAB. SUMENEP,3630,Masalembu,4,4,4,4,0,0,0,0,0,0,0,0,0,0
15,JAWA TIMUR,249,KAB. SUMENEP,3629,Nonggunong,8,8,8,3,0,0,0,0,0,0,0,0,0,0
15,JAWA TIMUR,249,KAB. SUMENEP,3621,Pasongsongan,10,10,10,6,0,0,0,0,0,0,0,0,0,0
15,JAWA TIMUR,249,KAB. SUMENEP,3619,Pragaan,14,14,14,14,0,0,0,0,0,0,0,0,0,0
15,JAWA TIMUR,249,KAB. SUMENEP,6900,"Ra""as",9,9,9,6,0,0,0,0,0,0,0,0,0,0
15,JAWA TIMUR,249,KAB. SUMENEP,3623,Rubaru,11,11,11,7,0,0,0,0,0,0,0,0,0,0
15,JAWA TIMUR,249,KAB. SUMENEP,3632,Sapeken,11,10,11,9,0,0,0,0,0,0,100000,5,5,100000
15,JAWA TIMUR,249,KAB. SUMENEP,3616,Saronggi,14,14,14,7,0,0,0,0,0,0,0,0,0,0
15,JAWA TIMUR,249,KAB. SUMENEP,3614,Talango,8,8,8,0,0,0,0,0,0,0,0,0,0,0
15,JAWA TIMUR,223,KAB. TRENGGALEK,3097,Bendungan,8,8,8,8,0,2,620000,4650000,93,93,3195000,87,630,7845000
15,JAWA TIMUR,223,KAB. TRENGGALEK,3092,Dongko,10,10,10,10,0,0,0,850000,17,17,295000,16,52,1145000
15,JAWA TIMUR,223,KAB. TRENGGALEK,3101,Durenan,14,14,14,14,0,0,0,1850000,37,37,3270000,43,327,5120000
15,JAWA TIMUR,223,KAB. TRENGGALEK,3098,Gandusari,11,11,11,11,0,5500,60500000,9000000,162,162,6705000,157,1341,15705000
15,JAWA TIMUR,223,KAB. TRENGGALEK,3095,Kampak,7,7,7,7,0,1,28000,2760000,57,57,520000,55,104,3280000
15,JAWA TIMUR,223,KAB. TRENGGALEK,3094,Karangan,12,12,12,12,0,2552,38262400,10100000,101,101,1030000,98,103,11130000
15,JAWA TIMUR,223,KAB. TRENGGALEK,3090,Munjungan,11,11,11,11,0,3,30000,31400000,314,314,5960000,172,1192,37360000
15,JAWA TIMUR,223,KAB. TRENGGALEK,3089,Panggul,17,17,17,17,0,0,0,0,0,0,0,0,0,0
15,JAWA TIMUR,223,KAB. TRENGGALEK,3100,Pogalan,10,10,10,10,0,0,0,9600000,96,96,1640000,85,164,11240000
15,JAWA TIMUR,223,KAB. TRENGGALEK,3091,Pule,10,10,10,10,0,0,0,2700000,54,54,70000,8,35,2770000
15,JAWA TIMUR,223,KAB. TRENGGALEK,3102,Suruh,7,7,7,7,0,0,0,2650000,40,40,990000,36,161,3640000
15,JAWA TIMUR,223,KAB. TRENGGALEK,3099,Trenggalek,13,13,13,13,0,37675,462380000,8475000,186,186,6820000,165,682,15295000
15,JAWA TIMUR,223,KAB. TRENGGALEK,3093,Tugu,15,15,15,15,0,3425,51467400,27250000,329,329,9355000,278,954,36605000
15,JAWA TIMUR,223,KAB. TRENGGALEK,3096,Watulimo,12,12,12,12,0,0,0,7700000,127,127,455000,70,70,8155000
15,JAWA TIMUR,243,KAB. TUBAN,3523,Bancar,24,24,24,21,0,28497,221539617,3200000,32,32,0,0,0,3200000
15,JAWA TIMUR,243,KAB. TUBAN,3522,Bangilan,14,14,14,14,0,10348,96580149,2000000,1,1,0,0,0,2000000
15,JAWA TIMUR,243,KAB. TUBAN,3538,Grabagan,11,10,11,6,0,3179,20641585,0,0,0,0,0,0,0
15,JAWA TIMUR,243,KAB. TUBAN,3521,Jatirogo,18,18,18,17,0,6149,56328247,500000,5,5,50000,5,5,550000
15,JAWA TIMUR,243,KAB. TUBAN,3531,Jenu,17,17,17,14,0,5238,52331905,1200000,4,4,0,0,0,1200000
15,JAWA TIMUR,243,KAB. TUBAN,3520,Kenduruan,9,9,9,9,0,19944,123801310,1300000,13,13,600000,12,60,1900000
15,JAWA TIMUR,243,KAB. TUBAN,3527,Kerek,17,17,17,16,0,12132,89449461,3900000,39,39,2010000,37,201,5910000
15,JAWA TIMUR,243,KAB. TUBAN,3532,Merakurak,19,19,19,9,0,3398,22678371,0,0,0,0,0,0,0
15,JAWA TIMUR,243,KAB. TUBAN,3529,Montong,13,13,13,11,0,847491,5970464081,2450000,41,41,1730000,42,173,4180000
15,JAWA TIMUR,243,KAB. TUBAN,3536,Palang,19,19,19,17,0,368299,2354131143,7500000,75,75,110000,2,2,7610000
15,JAWA TIMUR,243,KAB. TUBAN,3528,Parengan,18,18,18,18,0,11700,72900296,1700000,17,17,2655000,17,177,4355000
15,JAWA TIMUR,243,KAB. TUBAN,3535,Plumpang,18,18,18,18,0,0,0,1600000,8,8,210000,7,7,1810000
15,JAWA TIMUR,243,KAB. TUBAN,3533,Rengel,16,16,16,15,0,181166,1333195938,224500000,542,542,17640000,162,1687,242140000
15,JAWA TIMUR,243,KAB. TUBAN,3534,Semanding,17,17,17,17,0,12309,76363584,5900000,59,59,1590000,51,159,7490000
15,JAWA TIMUR,243,KAB. TUBAN,3524,Senori,12,12,12,12,0,3624,30798667,3000000,30,30,230000,23,23,3230000
15,JAWA TIMUR,243,KAB. TUBAN,3526,Singgahan,12,12,12,11,0,13260,109193165,8000000,80,80,570000,15,19,8570000
15,JAWA TIMUR,243,KAB. TUBAN,3530,Soko,23,23,23,21,0,3825,35637153,350000,7,7,50000,5,5,400000
15,JAWA TIMUR,243,KAB. TUBAN,3525,Tambakboyo,18,18,18,16,0,29245,223209004,8500000,77,77,2700000,76,245,11200000
15,JAWA TIMUR,243,KAB. TUBAN,6879,Tuban,17,16,17,13,0,11325,83957820,2250000,20,20,240000,12,12,2490000
15,JAWA TIMUR,243,KAB. TUBAN,3537,Widang,16,16,16,15,0,0,0,6500000,71,71,2310000,59,231,8810000
15,JAWA TIMUR,224,KAB. TULUNGAGUNG,3118,Bandung,18,18,18,18,0,231696,420003400,5000000,92,92,2135000,119,213,7135000
15,JAWA TIMUR,224,KAB. TULUNGAGUNG,3116,Besuki,10,10,10,9,0,0,0,0,0,0,0,0,0,0
15,JAWA TIMUR,224,KAB. TULUNGAGUNG,3103,Boyolangu,17,17,17,17,0,17768,199927600,3010000,61,61,2850000,61,285,5860000
15,JAWA TIMUR,224,KAB. TULUNGAGUNG,3117,Campurdarat,9,9,9,9,0,0,0,0,0,0,0,0,0,0
15,JAWA TIMUR,224,KAB. TULUNGAGUNG,3110,Gondang,20,20,20,16,0,10,155000,13350000,267,267,10300000,202,1030,23650000
15,JAWA TIMUR,224,KAB. TULUNGAGUNG,3115,Kalidawir,17,17,17,17,0,1,7000,4700000,94,94,4800000,95,480,9500000
15,JAWA TIMUR,224,KAB. TULUNGAGUNG,3109,Karangrejo,13,13,13,12,0,135356,246128160,9250000,146,146,7490000,145,749,16740000
15,JAWA TIMUR,224,KAB. TULUNGAGUNG,3106,Kauman,13,13,13,6,0,0,0,1000000,20,20,0,0,0,1000000
15,JAWA TIMUR,224,KAB. TULUNGAGUNG,3104,Kedungwaru,19,19,19,18,0,0,0,10600000,129,129,190000,8,19,10790000
15,JAWA TIMUR,224,KAB. TULUNGAGUNG,3105,Ngantru,13,13,13,11,0,0,0,50000,1,1,10000,1,1,60000
15,JAWA TIMUR,224,KAB. TULUNGAGUNG,3112,Ngunut,18,18,18,17,0,614,120365000,1100000,22,22,1350000,20,135,2450000
15,JAWA TIMUR,224,KAB. TULUNGAGUNG,3107,Pagerwojo,11,11,11,11,0,0,0,750000,15,15,20000,2,2,770000
15,JAWA TIMUR,224,KAB. TULUNGAGUNG,3119,Pakel,19,19,19,18,0,305317,557219440,3250000,62,62,30000,3,3,3280000
15,JAWA TIMUR,224,KAB. TULUNGAGUNG,3113,Pucanglaban,9,9,9,7,0,0,0,0,0,0,0,0,0,0
15,JAWA TIMUR,224,KAB. TULUNGAGUNG,3114,Rejotangan,16,16,16,13,0,28,336000,2850000,57,57,1510000,27,147,4360000
15,JAWA TIMUR,224,KAB. TULUNGAGUNG,3108,Sendang,11,11,11,7,0,1,8500,200000,4,4,0,0,0,200000
15,JAWA TIMUR,224,KAB. TULUNGAGUNG,3111,Sumbergempol,17,17,17,17,0,0,0,1230000,42,42,420000,37,42,1650000
15,JAWA TIMUR,224,KAB. TULUNGAGUNG,3120,Tanggunggunung,7,7,7,7,0,0,0,0,0,0,0,0,0,0
15,JAWA TIMUR,224,KAB. TULUNGAGUNG,6874,Tulungagung,14,14,14,13,0,0,0,4850000,113,113,6385000,112,616,11235000
15,JAWA TIMUR,258,KOTA BATU,3691,Batu,8,8,8,8,0,0,0,4200000,29,29,160000,16,16,4360000
15,JAWA TIMUR,258,KOTA BATU,3692,Bumiaji,9,9,9,9,0,0,0,5850000,57,57,3340000,56,146,9190000
15,JAWA TIMUR,258,KOTA BATU,3693,Junrejo,7,7,7,6,0,2000,22000000,0,0,0,50000,1,1,50000
15,JAWA TIMUR,251,KOTA BLITAR,3637,Kepanjenkidul,7,7,7,7,0,0,0,0,0,0,0,0,0,0
15,JAWA TIMUR,251,KOTA BLITAR,3639,Sananwetan,7,7,7,7,0,140,2030000,0,0,0,0,0,0,0
15,JAWA TIMUR,251,KOTA BLITAR,3638,Sukorejo,7,7,7,7,0,0,0,0,0,0,0,0,0,0
15,JAWA TIMUR,250,KOTA KEDIRI,6901,Kota,17,17,17,17,0,70688,794084000,7200000,142,142,5290000,140,482,12490000
15,JAWA TIMUR,250,KOTA KEDIRI,3635,Mojoroto,14,14,14,14,0,34240,401382000,4250000,76,76,2970000,76,291,7220000
15,JAWA TIMUR,250,KOTA KEDIRI,3636,Pesantren,15,15,15,15,0,3205,43900000,12670000,182,182,5270000,151,503,17940000
15,JAWA TIMUR,256,KOTA MADIUN,3657,Kartoharjo,9,9,9,9,0,29474,381243750,4700000,47,47,2780000,151,278,7480000
15,JAWA TIMUR,256,KOTA MADIUN,3658,Manguharjo,9,9,9,9,0,24635,300169200,2400000,24,24,240000,24,24,2640000
15,JAWA TIMUR,256,KOTA MADIUN,3659,Taman,9,9,9,9,0,53474,648576000,10100000,100,101,1680000,94,168,11780000
15,JAWA TIMUR,252,KOTA MALANG,3640,Blimbing,11,11,11,9,0,7710,88170000,0,0,0,0,0,0,0
15,JAWA TIMUR,252,KOTA MALANG,3642,Kedungkandang,12,12,12,8,0,6729,95238400,8850000,88,88,6660000,86,658,15510000
15,JAWA TIMUR,252,KOTA MALANG,3641,Klojen,11,11,11,5,0,100,2410300,3600000,36,36,1100000,36,110,4700000
15,JAWA TIMUR,252,KOTA MALANG,3644,Lowokwaru,12,12,12,7,0,1362,16256000,12100000,121,121,4075000,89,273,16175000
15,JAWA TIMUR,252,KOTA MALANG,3643,Sukun,11,11,11,6,0,7285,93400000,100000,2,2,30000,3,3,130000
15,JAWA TIMUR,255,KOTA MOJOKERTO,3656,Kranggan,6,6,6,6,0,34410,428741000,2450000,49,49,1010000,46,101,3460000
15,JAWA TIMUR,255,KOTA MOJOKERTO,3655,Magersari,6,6,6,6,0,34660,429172500,50000,1,1,0,0,0,50000
15,JAWA TIMUR,255,KOTA MOJOKERTO,3654,Prajuritkulon,6,6,6,6,0,19500,256500000,1860000,39,39,205000,21,22,2065000
15,JAWA TIMUR,254,KOTA PASURUAN,3652,Bugul Kidul,6,6,6,6,0,0,0,200000,4,4,60000,4,6,260000
15,JAWA TIMUR,254,KOTA PASURUAN,3650,Gadingrejo,8,8,8,8,0,935,16305000,1000000,20,20,160000,16,16,1160000
15,JAWA TIMUR,254,KOTA PASURUAN,3653,Panggungrejo,13,13,13,13,0,46,828000,1450000,25,25,1320000,20,132,2770000
15,JAWA TIMUR,254,KOTA PASURUAN,3651,Purworejo,7,7,7,7,0,100,1800000,0,0,0,10000,1,1,10000
15,JAWA TIMUR,253,KOTA PROBOLINGGO,3645,Kademangan,6,6,6,6,0,127340,1421303050,5700000,113,113,2090000,84,208,7790000
15,JAWA TIMUR,253,KOTA PROBOLINGGO,3648,Kanigaran,6,6,6,6,0,184670,2063338750,4900000,98,98,30000,2,3,4930000
15,JAWA TIMUR,253,KOTA PROBOLINGGO,3649,Kedopok,6,6,6,6,0,54937,624877350,3230000,69,69,1240000,66,124,4470000
15,JAWA TIMUR,253,KOTA PROBOLINGGO,3647,Mayangan,5,5,5,5,0,100755,1145005300,23375000,328,328,13220000,317,1157,36595000
15,JAWA TIMUR,253,KOTA PROBOLINGGO,3646,Wonoasih,6,6,6,6,0,5210,69629050,2140000,133,133,4030000,131,689,6170000
15,JAWA TIMUR,257,KOTA SURABAYA,3687,Asem Rowo,3,3,3,3,0,0,0,300000,15,15,160000,16,16,460000
15,JAWA TIMUR,257,KOTA SURABAYA,3678,Benowo,4,4,4,4,0,14250,169280400,4000000,40,40,3020000,39,248,7020000
15,JAWA TIMUR,257,KOTA SURABAYA,3672,Bubutan,5,5,5,5,0,13000,143000000,0,0,0,0,0,0,0
15,JAWA TIMUR,257,KOTA SURABAYA,3688,Bulak,4,4,4,4,0,0,0,0,0,0,0,0,0,0
15,JAWA TIMUR,257,KOTA SURABAYA,3680,Dukuh Pakis,4,4,4,4,0,4000,44000000,2800000,46,46,6550000,44,268,9350000
15,JAWA TIMUR,257,KOTA SURABAYA,3681,Gayungan,4,4,4,4,0,34,893000,0,0,0,0,0,0,0
15,JAWA TIMUR,257,KOTA SURABAYA,3666,Genteng,5,5,5,5,0,0,0,0,0,0,20000,1,1,20000
15,JAWA TIMUR,257,KOTA SURABAYA,3667,Gubeng,6,6,6,6,0,7080,88980000,500000,2,2,170000,3,5,670000
15,JAWA TIMUR,257,KOTA SURABAYA,3684,Gunung Anyar,4,4,4,4,0,0,0,1525000,61,61,140000,10,28,1665000
15,JAWA TIMUR,257,KOTA SURABAYA,3682,Jambangan,4,4,4,4,0,16420,181040000,3250000,13,13,2000,1,1,3252000
15,JAWA TIMUR,257,KOTA SURABAYA,3660,Karang Pilang,4,4,4,4,0,0,0,3250000,13,13,0,0,0,3250000
15,JAWA TIMUR,257,KOTA SURABAYA,3676,Kenjeran,4,4,4,4,0,0,0,0,0,0,0,0,0,0
15,JAWA TIMUR,257,KOTA SURABAYA,3674,Krembangan,5,5,5,5,0,120,1920000,500000,10,10,30000,2,3,530000
15,JAWA TIMUR,257,KOTA SURABAYA,3677,Lakarsantri,6,6,6,6,0,3600,52200000,1450000,29,29,1470000,28,147,2920000
15,JAWA TIMUR,257,KOTA SURABAYA,3685,Mulyorejo,6,6,6,6,0,2,118200,0,0,0,0,0,0,0
15,JAWA TIMUR,257,KOTA SURABAYA,3671,Pabean Cantian,4,4,4,4,0,23810,274150000,3700000,37,37,3000000,33,150,6700000
15,JAWA TIMUR,257,KOTA SURABAYA,3689,Pakal,4,4,4,4,0,0,0,500000,5,5,40000,4,4,540000
15,JAWA TIMUR,257,KOTA SURABAYA,3662,Rungkut,6,6,6,6,0,2,33800,6000000,60,60,3430000,60,273,9430000
15,JAWA TIMUR,257,KOTA SURABAYA,3690,Sambikerep,4,4,4,4,0,0,0,900000,9,9,270000,9,9,1170000
15,JAWA TIMUR,257,KOTA SURABAYA,3665,Sawahan,6,6,6,6,0,0,0,3500000,35,35,110000,11,11,3610000
15,JAWA TIMUR,257,KOTA SURABAYA,3675,Semampir,5,5,5,5,0,0,0,0,0,0,0,0,0,0
15,JAWA TIMUR,257,KOTA SURABAYA,3670,Simokerto,5,5,5,5,0,65900,746200000,50000,1,1,0,0,0,50000
15,JAWA TIMUR,257,KOTA SURABAYA,3668,Sukolilo,7,7,7,7,0,21146,260477000,12350000,124,124,14800000,89,516,27150000
15,JAWA TIMUR,257,KOTA SURABAYA,3686,Sukomanunggal,6,6,6,6,0,0,0,2850000,57,57,490000,46,49,3340000
15,JAWA TIMUR,257,KOTA SURABAYA,3669,Tambaksari,8,8,8,8,0,200,7178916,200000,2,2,30000,2,3,230000
15,JAWA TIMUR,257,KOTA SURABAYA,3673,Tandes,6,6,6,6,0,952,14604000,0,0,0,0,0,0,0
15,JAWA TIMUR,257,KOTA SURABAYA,3664,Tegalsari,5,5,5,5,0,43492,498174000,2000000,20,20,150000,11,15,2150000
15,JAWA TIMUR,257,KOTA SURABAYA,3683,Tenggilis Mejoyo,4,4,4,4,0,3000,33000000,1525000,16,16,2635000,16,106,4160000
15,JAWA TIMUR,257,KOTA SURABAYA,3679,Wiyung,4,4,4,4,0,45400,505700000,950000,19,19,1620000,47,130,2570000
15,JAWA TIMUR,257,KOTA SURABAYA,3661,Wonocolo,5,5,5,5,0,750,8250000,4900000,49,49,780000,33,78,5680000
15,JAWA TIMUR,257,KOTA SURABAYA,3663,Wonokromo,6,6,6,6,0,27321,322816500,3100000,1,1,0,0,0,3100000
20,KALIMANTAN BARAT,313,KAB. BENGKAYANG,4361,Bengkayang,6,6,6,2,0,0,0,0,0,0,0,0,0,0
20,KALIMANTAN BARAT,313,KAB. BENGKAYANG,4368,Capkala,6,6,6,2,0,0,0,0,0,0,0,0,0,0
20,KALIMANTAN BARAT,313,KAB. BENGKAYANG,4364,Jagoi Babang,6,6,6,6,0,0,0,0,0,0,50000,2,2,50000
20,KALIMANTAN BARAT,313,KAB. BENGKAYANG,4360,Ledo,12,12,12,12,0,0,0,0,0,0,0,0,0,0
20,KALIMANTAN BARAT,313,KAB. BENGKAYANG,4373,Lembah Bawang,8,8,8,4,0,0,0,0,0,0,0,0,0,0
20,KALIMANTAN BARAT,313,KAB. BENGKAYANG,4370,Lumar,5,5,5,2,0,0,0,0,0,0,0,0,0,0
20,KALIMANTAN BARAT,313,KAB. BENGKAYANG,4365,Monterado,11,11,11,5,0,0,0,0,0,0,0,0,0,0
20,KALIMANTAN BARAT,313,KAB. BENGKAYANG,4359,Samalantan,7,7,7,3,0,16000,180800000,0,0,0,0,0,0,0
20,KALIMANTAN BARAT,313,KAB. BENGKAYANG,4363,Sanggau Ledo,5,5,5,5,0,0,0,0,0,0,0,0,0,0
20,KALIMANTAN BARAT,313,KAB. BENGKAYANG,4362,Seluas,7,6,7,6,0,0,0,0,0,0,0,0,0,0
20,KALIMANTAN BARAT,313,KAB. BENGKAYANG,4369,Siding,8,8,8,8,0,0,0,0,0,0,0,0,0,0
20,KALIMANTAN BARAT,313,KAB. BENGKAYANG,4371,Sungai Betung,4,4,4,3,0,0,0,50000,1,1,50000,1,1,100000
20,KALIMANTAN BARAT,313,KAB. BENGKAYANG,4358,Sungai Raya,5,5,5,3,0,0,0,0,0,0,0,0,0,0
20,KALIMANTAN BARAT,313,KAB. BENGKAYANG,4372,Sungai Raya Kepulauan,5,5,5,2,0,0,0,100000,1,1,0,0,0,100000
20,KALIMANTAN BARAT,313,KAB. BENGKAYANG,4367,Suti Semarang,8,8,8,1,0,0,0,0,0,0,0,0,0,0
20,KALIMANTAN BARAT,313,KAB. BENGKAYANG,4366,Teriak,18,18,18,9,0,0,0,4150000,68,68,165000,9,9,4315000
20,KALIMANTAN BARAT,313,KAB. BENGKAYANG,4374,Tujuh Belas,4,4,4,4,0,0,0,5700000,57,57,1560000,45,312,7260000
20,KALIMANTAN BARAT,312,KAB. KAPUAS HULU,4348,Badau,9,9,9,0,0,0,0,0,0,0,0,0,0,0
20,KALIMANTAN BARAT,312,KAB. KAPUAS HULU,4346,Batang Lupar,10,10,10,6,0,0,0,0,0,0,0,0,0,0
20,KALIMANTAN BARAT,312,KAB. KAPUAS HULU,4336,Bika,8,8,8,3,0,0,0,0,0,0,0,0,0,0
20,KALIMANTAN BARAT,312,KAB. KAPUAS HULU,4353,Boyan Tanjung,17,16,17,0,0,0,0,150000,3,3,160000,3,16,310000
20,KALIMANTAN BARAT,312,KAB. KAPUAS HULU,4339,Bunut Hilir,11,10,11,2,0,0,0,0,0,0,0,0,0,0
20,KALIMANTAN BARAT,312,KAB. KAPUAS HULU,4340,Bunut Hulu,15,15,15,3,0,0,0,0,0,0,0,0,0,0
20,KALIMANTAN BARAT,312,KAB. KAPUAS HULU,4337,Embaloh Hilir,9,8,9,1,0,0,0,0,0,0,0,0,0,0
20,KALIMANTAN BARAT,312,KAB. KAPUAS HULU,4338,Embaloh Hulu,10,10,10,0,0,0,0,0,0,0,0,0,0,0
20,KALIMANTAN BARAT,312,KAB. KAPUAS HULU,4347,Empanang,6,6,6,1,0,0,0,0,0,0,0,0,0,0
20,KALIMANTAN BARAT,312,KAB. KAPUAS HULU,4342,Hulu Gurung,15,15,15,13,0,0,0,0,0,0,0,0,0,0
20,KALIMANTAN BARAT,312,KAB. KAPUAS HULU,4341,Jongkong,14,14,14,2,0,0,0,0,0,0,0,0,0,0
20,KALIMANTAN BARAT,312,KAB. KAPUAS HULU,4352,Kalis,19,17,19,10,0,0,0,2100000,7,7,360000,6,18,2460000
20,KALIMANTAN BARAT,312,KAB. KAPUAS HULU,4354,Mentebah,8,8,8,4,0,0,0,5000,1,1,0,0,0,5000
20,KALIMANTAN BARAT,312,KAB. KAPUAS HULU,4355,Pengkadan,11,11,11,0,0,0,0,0,0,0,0,0,0,0
20,KALIMANTAN BARAT,312,KAB. KAPUAS HULU,4357,Puring Kencana,6,6,6,0,0,0,0,0,0,0,0,0,0,0
20,KALIMANTAN BARAT,312,KAB. KAPUAS HULU,4351,Putussibau Selatan,16,16,16,6,0,0,0,0,0,0,0,0,0,0
20,KALIMANTAN BARAT,312,KAB. KAPUAS HULU,4335,Putussibau Utara,19,19,19,5,0,0,0,0,0,0,0,0,0,0
20,KALIMANTAN BARAT,312,KAB. KAPUAS HULU,4345,Seberuang,15,15,15,2,0,0,0,0,0,0,0,0,0,0
20,KALIMANTAN BARAT,312,KAB. KAPUAS HULU,4343,Selimbau,17,17,16,4,0,0,0,0,0,0,0,0,0,0
20,KALIMANTAN BARAT,312,KAB. KAPUAS HULU,4344,Semitau,12,12,12,0,0,0,0,0,0,0,0,0,0,0
20,KALIMANTAN BARAT,312,KAB. KAPUAS HULU,4349,Silat Hilir,13,13,13,7,0,0,0,17800000,60,60,3040000,57,152,20840000
20,KALIMANTAN BARAT,312,KAB. KAPUAS HULU,4350,Silat Hulu,15,14,15,1,0,1,31,0,0,0,0,0,0,0
20,KALIMANTAN BARAT,312,KAB. KAPUAS HULU,4356,Suhaid,11,11,11,5,0,0,0,1100000,11,11,320000,11,32,1420000
20,KALIMANTAN BARAT,317,KAB. KAYONG UTARA,4411,Kepulauan Karimata,4,4,4,1,0,0,0,150000,3,3,0,0,0,150000
20,KALIMANTAN BARAT,317,KAB. KAYONG UTARA,4409,Pulau Maya,5,5,5,2,0,0,0,0,0,0,0,0,0,0
20,KALIMANTAN BARAT,317,KAB. KAYONG UTARA,4410,Seponti,6,6,6,2,0,0,0,0,0,0,0,0,0,0
20,KALIMANTAN BARAT,317,KAB. KAYONG UTARA,4407,Simpang Hilir,12,12,12,2,0,0,0,0,0,0,0,0,0,0
20,KALIMANTAN BARAT,317,KAB. KAYONG UTARA,4406,Sukadana,10,10,10,5,0,22835,41616200,0,0,0,0,0,0,0
20,KALIMANTAN BARAT,317,KAB. KAYONG UTARA,4408,Teluk Batang,7,7,7,5,0,0,0,0,0,0,0,0,0,0
20,KALIMANTAN BARAT,310,KAB. KETAPANG,4318,Air Upas,9,9,9,5,0,0,0,0,0,0,0,0,0,0
20,KALIMANTAN BARAT,310,KAB. KETAPANG,4315,Benua Kayong,11,11,11,8,0,1,2500,50000,1,1,10000,1,1,60000
20,KALIMANTAN BARAT,310,KAB. KETAPANG,4313,Delta Pawan,9,9,9,7,0,0,0,1100000,22,22,0,0,0,1100000
20,KALIMANTAN BARAT,310,KAB. KETAPANG,4316,Hulu Sungai,12,12,12,7,0,0,0,0,0,0,0,0,0,0
20,KALIMANTAN BARAT,310,KAB. KETAPANG,4312,Jelai Hulu,22,22,22,12,0,0,0,0,0,0,0,0,0,0
20,KALIMANTAN BARAT,310,KAB. KETAPANG,4305,Kendawangan,19,19,19,17,0,0,0,0,0,0,0,0,0,0
20,KALIMANTAN BARAT,310,KAB. KETAPANG,4304,Manis Mata,22,22,22,15,0,0,0,0,0,0,0,0,0,0
20,KALIMANTAN BARAT,310,KAB. KETAPANG,4303,Marau,10,10,10,6,0,0,0,9900000,99,99,6595000,99,305,16495000
20,KALIMANTAN BARAT,310,KAB. KETAPANG,4310,Matan Hilir Selatan,11,11,11,7,0,11864,171205514,65050000,1301,1301,6505000,1301,1301,71555000
20,KALIMANTAN BARAT,310,KAB. KETAPANG,4302,Matan Hilir Utara,5,5,5,2,0,0,0,0,0,0,0,0,0,0
20,KALIMANTAN BARAT,310,KAB. KETAPANG,4314,Muara Pawan,8,8,8,4,0,6314,87919900,0,0,0,0,0,0,0
20,KALIMANTAN BARAT,310,KAB. KETAPANG,4309,Nanga Tayap,19,19,19,16,0,0,0,1900000,38,38,3080000,32,308,4980000
20,KALIMANTAN BARAT,310,KAB. KETAPANG,4320,Pemahan,7,7,7,1,0,0,0,0,0,0,0,0,0,0
20,KALIMANTAN BARAT,310,KAB. KETAPANG,4306,Sandai,13,13,13,5,0,0,0,0,0,0,0,0,0,0
20,KALIMANTAN BARAT,310,KAB. KETAPANG,4317,Simpang Dua,6,6,6,3,0,0,0,0,0,0,0,0,0,0
20,KALIMANTAN BARAT,310,KAB. KETAPANG,4308,Simpang Hulu,15,15,15,2,0,0,0,0,0,0,0,0,0,0
20,KALIMANTAN BARAT,310,KAB. KETAPANG,4319,Singkup,8,8,8,8,0,0,0,0,0,0,0,0,0,0
20,KALIMANTAN BARAT,310,KAB. KETAPANG,4307,Sungai Laur,18,18,18,10,0,0,0,0,0,0,0,0,0,0
20,KALIMANTAN BARAT,310,KAB. KETAPANG,6977,Sungai Melayu Rayak,11,11,11,9,0,0,0,0,0,0,0,0,0,0
20,KALIMANTAN BARAT,310,KAB. KETAPANG,4311,Tumbang Titi,25,25,25,8,0,0,0,0,0,0,0,0,0,0
20,KALIMANTAN BARAT,318,KAB. KUBU RAYA,4415,Batu Ampar,15,15,15,14,0,0,0,0,0,0,0,0,0,0
20,KALIMANTAN BARAT,318,KAB. KUBU RAYA,6978,Kuala Mandor B,6,6,6,5,0,0,0,0,0,0,0,0,0,0
20,KALIMANTAN BARAT,318,KAB. KUBU RAYA,4416,Kubu,20,20,20,18,0,62760,744660000,12700000,127,127,5470000,121,272,18170000
20,KALIMANTAN BARAT,318,KAB. KUBU RAYA,4417,Rasau Jaya,6,6,6,6,0,8000,90400000,0,0,0,0,0,0,0
20,KALIMANTAN BARAT,318,KAB. KUBU RAYA,4413,Sungai Ambawang,15,15,15,15,0,27980,332110000,1500000,15,15,280000,15,28,1780000
20,KALIMANTAN BARAT,318,KAB. KUBU RAYA,4419,Sungai Kakap,16,15,15,15,0,35723,551328700,13900000,139,139,9120000,126,590,23020000
20,KALIMANTAN BARAT,318,KAB. KUBU RAYA,4412,Sungai Raya,22,22,22,20,0,14816,184579000,29500000,300,300,8420000,104,297,37920000
20,KALIMANTAN BARAT,318,KAB. KUBU RAYA,4418,Teluk Pakedai,14,14,14,12,0,0,0,800000,4,4,20000,2,2,820000
20,KALIMANTAN BARAT,318,KAB. KUBU RAYA,4414,Terentang,10,10,10,8,0,0,0,0,0,0,0,0,0,0
20,KALIMANTAN BARAT,314,KAB. LANDAK,4379,Air Besar,16,16,16,15,0,0,0,0,0,0,0,0,0,0
20,KALIMANTAN BARAT,314,KAB. LANDAK,4386,Banyuke Hulu,7,7,7,6,0,0,0,0,0,0,0,0,0,0
20,KALIMANTAN BARAT,314,KAB. LANDAK,4385,Jelimpo,13,13,13,11,0,0,0,0,0,0,0,0,0,0
20,KALIMANTAN BARAT,314,KAB. LANDAK,4383,Kuala Behe,11,11,11,10,0,0,0,0,0,0,150000,5,15,150000
20,KALIMANTAN BARAT,314,KAB. LANDAK,4378,Mandor,17,17,17,17,0,0,0,0,0,0,0,0,0,0
20,KALIMANTAN BARAT,314,KAB. LANDAK,4376,Mempawah Hulu,17,17,17,15,0,0,0,0,0,0,0,0,0,0
20,KALIMANTAN BARAT,314,KAB. LANDAK,4377,Menjalin,8,8,8,7,0,0,0,0,0,0,0,0,0,0
20,KALIMANTAN BARAT,314,KAB. LANDAK,4380,Menyuke,16,16,16,15,0,0,0,0,0,0,0,0,0,0
20,KALIMANTAN BARAT,314,KAB. LANDAK,4382,Meranti,6,6,6,4,0,0,0,0,0,0,0,0,0,0
20,KALIMANTAN BARAT,314,KAB. LANDAK,4375,Ngabang,19,19,19,18,0,0,0,0,0,0,0,0,0,0
20,KALIMANTAN BARAT,314,KAB. LANDAK,4384,Sebangki,5,5,5,5,0,0,0,0,0,0,0,0,0,0
20,KALIMANTAN BARAT,314,KAB. LANDAK,4381,Sengah Temila,14,14,14,14,0,0,0,0,0,0,0,0,0,0
20,KALIMANTAN BARAT,314,KAB. LANDAK,4387,Sompak,7,7,7,7,0,0,0,0,0,0,0,0,0,0
20,KALIMANTAN BARAT,316,KAB. MELAWI,4395,Belimbing,17,17,17,12,0,0,0,0,0,0,0,0,0,0
20,KALIMANTAN BARAT,316,KAB. MELAWI,4404,Belimbing Hulu,8,8,8,6,0,0,0,0,0,0,0,0,0,0
20,KALIMANTAN BARAT,316,KAB. MELAWI,4397,Ella Hilir,19,19,19,9,0,0,0,0,0,0,0,0,0,0
20,KALIMANTAN BARAT,316,KAB. MELAWI,4398,Menukung,19,19,19,2,0,0,0,0,0,0,0,0,0,0
20,KALIMANTAN BARAT,316,KAB. MELAWI,4396,Nanga Pinoh,17,17,17,14,0,0,0,0,0,0,0,0,0,0
20,KALIMANTAN BARAT,316,KAB. MELAWI,4403,Pinoh Selatan,12,12,12,3,0,0,0,0,0,0,0,0,0,0
20,KALIMANTAN BARAT,316,KAB. MELAWI,4402,Pinoh Utara,20,20,20,14,0,0,0,0,0,0,0,0,0,0
20,KALIMANTAN BARAT,316,KAB. MELAWI,4399,Sayan,18,18,18,8,0,0,0,0,0,0,0,0,0,0
20,KALIMANTAN BARAT,316,KAB. MELAWI,4401,Sokan,18,18,18,0,0,0,0,0,0,0,0,0,0,0
20,KALIMANTAN BARAT,316,KAB. MELAWI,4400,Tanah Pinoh,12,12,12,1,0,0,0,0,0,0,0,0,0,0
20,KALIMANTAN BARAT,316,KAB. MELAWI,4405,Tanah Pinoh Barat,10,10,10,5,0,0,0,0,0,0,0,0,0,0
20,KALIMANTAN BARAT,308,KAB. MEMPAWAH,4286,Anjongan,5,5,5,5,0,0,0,0,0,0,0,0,0,0
20,KALIMANTAN BARAT,308,KAB. MEMPAWAH,4421,Jongkat,5,5,5,5,0,4000,45200000,30000,1,1,0,0,0,30000
20,KALIMANTAN BARAT,308,KAB. MEMPAWAH,4283,Mempawah Hilir,8,8,8,8,0,0,0,0,0,0,0,0,0,0
20,KALIMANTAN BARAT,308,KAB. MEMPAWAH,4287,Mempawah Timur,8,8,8,8,0,60180,690210000,4200000,42,42,25000,5,5,4225000
20,KALIMANTAN BARAT,308,KAB. MEMPAWAH,4423,Sadaniang,6,6,6,6,0,0,0,150000,2,2,225000,3,4,375000
20,KALIMANTAN BARAT,308,KAB. MEMPAWAH,4285,Segedong,6,6,6,6,0,0,0,1350000,9,9,280020,9,15,1630020
20,KALIMANTAN BARAT,308,KAB. MEMPAWAH,4422,Sungai Kunyit,12,12,12,12,0,48000,87200000,0,0,0,0,0,0,0
20,KALIMANTAN BARAT,308,KAB. MEMPAWAH,4284,Sungai Pinyuh,9,9,9,9,0,0,0,0,0,0,0,0,0,0
20,KALIMANTAN BARAT,308,KAB. MEMPAWAH,4420,Toho,8,8,8,8,0,0,0,1900000,7,7,120000,6,6,2020000
20,KALIMANTAN BARAT,307,KAB. SAMBAS,4274,Galing,10,10,10,4,0,0,0,0,0,0,0,0,0,0
20,KALIMANTAN BARAT,307,KAB. SAMBAS,4266,Jawai,13,13,13,12,0,0,0,0,0,0,0,0,0,0
20,KALIMANTAN BARAT,307,KAB. SAMBAS,4279,Jawai Selatan,9,9,9,9,0,0,0,0,0,0,0,0,0,0
20,KALIMANTAN BARAT,307,KAB. SAMBAS,4271,Paloh,8,8,8,8,0,0,0,0,0,0,0,0,0,0
20,KALIMANTAN BARAT,307,KAB. SAMBAS,4268,Pemangkat,8,8,8,6,0,0,0,500000,10,10,100000,10,10,600000
20,KALIMANTAN BARAT,307,KAB. SAMBAS,4277,Sajad,4,4,4,3,0,10000,18400000,2900000,29,29,25000,1,1,2925000
20,KALIMANTAN BARAT,307,KAB. SAMBAS,4272,Sajingan Besar,5,5,5,4,0,0,0,0,0,0,0,0,0,0
20,KALIMANTAN BARAT,307,KAB. SAMBAS,4281,Salatiga,6,5,5,5,0,0,0,0,0,0,0,0,0,0
20,KALIMANTAN BARAT,307,KAB. SAMBAS,4264,Sambas,18,18,18,17,0,0,0,9450000,168,168,6500000,154,650,15950000
20,KALIMANTAN BARAT,307,KAB. SAMBAS,4278,Sebawi,7,7,7,5,0,0,0,0,0,0,0,0,0,0
20,KALIMANTAN BARAT,307,KAB. SAMBAS,4269,Sejangkung,12,12,12,5,0,0,0,1450000,29,29,2710000,29,299,4160000
20,KALIMANTAN BARAT,307,KAB. SAMBAS,4270,Selakau,11,11,11,11,0,0,0,3000000,30,30,440000,20,44,3440000
20,KALIMANTAN BARAT,307,KAB. SAMBAS,4282,Selakau Timur,4,4,4,4,0,0,0,1500000,30,30,700000,30,140,2200000
20,KALIMANTAN BARAT,307,KAB. SAMBAS,4276,Semparuk,5,5,5,4,0,0,0,850000,17,17,50000,5,5,900000
20,KALIMANTAN BARAT,307,KAB. SAMBAS,4273,Subah,13,13,13,10,0,0,0,450000,9,9,350000,7,35,800000
20,KALIMANTAN BARAT,307,KAB. SAMBAS,4280,Tangaran,8,8,8,7,0,0,0,0,0,0,0,0,0,0
20,KALIMANTAN BARAT,307,KAB. SAMBAS,4267,Tebas,23,23,23,17,0,0,0,6050000,121,121,80000,8,8,6130000
20,KALIMANTAN BARAT,307,KAB. SAMBAS,4275,Tekarang,7,7,7,7,0,0,0,0,0,0,0,0,0,0
20,KALIMANTAN BARAT,307,KAB. SAMBAS,4265,Teluk Keramat,25,25,25,19,0,0,0,4750000,82,82,2050000,80,205,6800000
20,KALIMANTAN BARAT,309,KAB. SANGGAU,4298,Balai,12,12,12,12,0,0,0,0,0,0,0,0,0,0
20,KALIMANTAN BARAT,309,KAB. SANGGAU,6976,Beduai,5,5,5,4,0,0,0,11450000,229,229,14260000,222,819,25710000
20,KALIMANTAN BARAT,309,KAB. SANGGAU,4292,Bonti,9,9,9,7,0,0,0,600000,30,30,620000,31,31,1220000
20,KALIMANTAN BARAT,309,KAB. SANGGAU,4301,Entikong,5,5,5,2,0,0,0,0,0,0,0,0,0,0
20,KALIMANTAN BARAT,309,KAB. SANGGAU,4291,Jangkang,11,11,11,9,0,0,0,6350000,121,121,970000,61,95,7320000
20,KALIMANTAN BARAT,309,KAB. SANGGAU,4288,Kapuas,26,26,26,25,0,0,0,7850000,97,97,6590000,86,659,14440000
20,KALIMANTAN BARAT,309,KAB. SANGGAU,4294,Kembayan,11,11,11,6,0,0,0,0,0,0,0,0,0,0
20,KALIMANTAN BARAT,309,KAB. SANGGAU,4300,Meliau,19,19,19,12,0,0,0,0,0,0,0,0,0,0
20,KALIMANTAN BARAT,309,KAB. SANGGAU,4289,Mukok,9,9,9,9,0,0,0,50000,1,1,0,0,0,50000
20,KALIMANTAN BARAT,309,KAB. SANGGAU,4290,Noyan,5,5,5,5,0,0,0,0,0,0,0,0,0,0
20,KALIMANTAN BARAT,309,KAB. SANGGAU,4295,Parindu,14,14,14,11,0,0,0,640000,15,15,130000,13,14,770000
20,KALIMANTAN BARAT,309,KAB. SANGGAU,4293,Sekayam,10,10,10,8,0,0,0,0,0,0,0,0,0,0
20,KALIMANTAN BARAT,309,KAB. SANGGAU,4297,Tayan Hilir,15,15,15,7,0,0,0,0,0,0,0,0,0,0
20,KALIMANTAN BARAT,309,KAB. SANGGAU,4296,Tayan Hulu,11,11,11,9,0,0,0,0,0,0,0,0,0,0
20,KALIMANTAN BARAT,309,KAB. SANGGAU,4299,Toba,7,7,7,2,0,0,0,0,0,0,0,0,0,0
20,KALIMANTAN BARAT,315,KAB. SEKADAU,4394,Belitang,7,7,7,7,0,0,0,18600000,302,302,12410000,273,1197,31010000
20,KALIMANTAN BARAT,315,KAB. SEKADAU,4392,Belitang Hilir,11,11,11,11,0,0,0,60000,2,2,5000,1,1,65000
20,KALIMANTAN BARAT,315,KAB. SEKADAU,4393,Belitang Hulu,13,13,13,12,0,0,0,0,0,0,0,0,0,0
20,KALIMANTAN BARAT,315,KAB. SEKADAU,4391,Nanga Mahap,13,13,13,12,0,0,0,0,0,0,0,0,0,0
20,KALIMANTAN BARAT,315,KAB. SEKADAU,4390,Nanga Taman,15,15,15,15,0,0,0,750000,15,15,45000,6,9,795000
20,KALIMANTAN BARAT,315,KAB. SEKADAU,4388,Sekadau Hilir,20,20,20,19,0,0,0,1500000,16,16,160000,16,16,1660000
20,KALIMANTAN BARAT,315,KAB. SEKADAU,4389,Sekadau Hulu,15,15,15,14,0,0,0,2900000,58,58,670000,26,43,3570000
20,KALIMANTAN BARAT,311,KAB. SINTANG,4331,Ambalau,33,33,33,22,0,0,0,0,0,0,0,0,0,0
20,KALIMANTAN BARAT,311,KAB. SINTANG,4334,Binjai Hulu,11,11,11,8,0,0,0,0,0,0,0,0,0,0
20,KALIMANTAN BARAT,311,KAB. SINTANG,4327,Dedai,31,31,31,21,0,0,0,0,0,0,0,0,0,0
20,KALIMANTAN BARAT,311,KAB. SINTANG,4328,Kayan Hilir,46,43,46,22,0,0,0,0,0,0,0,0,0,0
20,KALIMANTAN BARAT,311,KAB. SINTANG,4329,Kayan Hulu,31,31,31,24,0,0,0,0,0,0,0,0,0,0
20,KALIMANTAN BARAT,311,KAB. SINTANG,4332,Kelam Permai,17,17,17,10,0,0,0,0,0,0,0,0,0,0
20,KALIMANTAN BARAT,311,KAB. SINTANG,4324,Ketungau Hilir,24,24,24,15,0,0,0,0,0,0,0,0,0,0
20,KALIMANTAN BARAT,311,KAB. SINTANG,4326,Ketungau Hulu,29,29,28,21,0,0,0,0,0,0,0,0,0,0
20,KALIMANTAN BARAT,311,KAB. SINTANG,4325,Ketungau Tengah,30,29,29,27,0,0,0,0,0,0,0,0,0,0
20,KALIMANTAN BARAT,311,KAB. SINTANG,4323,Sepauk,39,39,39,17,0,1795,22587500,0,0,0,0,0,0,0
20,KALIMANTAN BARAT,311,KAB. SINTANG,4330,Serawai,38,38,38,19,0,0,0,0,0,0,0,0,0,0
20,KALIMANTAN BARAT,311,KAB. SINTANG,4321,Sintang,29,29,29,20,0,5376,65917000,0,26,26,0,0,0,0
20,KALIMANTAN BARAT,311,KAB. SINTANG,4333,Sungai Tebelian,26,26,26,21,0,0,0,26900000,120,120,9130000,128,599,36030000
20,KALIMANTAN BARAT,311,KAB. SINTANG,4322,Tempunak,26,26,26,12,0,0,0,0,0,0,0,0,0,0
20,KALIMANTAN BARAT,319,KOTA PONTIANAK,4426,Pontianak Barat,4,4,4,4,0,79,4740000,3300000,33,33,1000000,33,100,4300000
20,KALIMANTAN BARAT,319,KOTA PONTIANAK,4428,Pontianak Kota,5,5,5,4,0,0,0,0,0,0,0,0,0,0
20,KALIMANTAN BARAT,319,KOTA PONTIANAK,4424,Pontianak Selatan,5,5,5,5,0,370,4565000,1220000,14,14,1870000,14,95,3090000
20,KALIMANTAN BARAT,319,KOTA PONTIANAK,4429,Pontianak Tenggara,4,4,4,4,0,0,0,0,0,0,0,0,0,0
20,KALIMANTAN BARAT,319,KOTA PONTIANAK,4425,Pontianak Timur,7,7,7,6,0,8965,111672500,0,0,0,0,0,0,0
20,KALIMANTAN BARAT,319,KOTA PONTIANAK,4427,Pontianak Utara,4,4,4,4,0,107138,1273253250,0,0,0,0,0,0,0
20,KALIMANTAN BARAT,320,KOTA SINGKAWANG,4431,Singkawang Barat,4,4,4,4,0,0,0,0,0,0,0,0,0,0
20,KALIMANTAN BARAT,320,KOTA SINGKAWANG,4434,Singkawang Selatan,4,4,4,4,0,0,0,0,0,0,0,0,0,0
20,KALIMANTAN BARAT,320,KOTA SINGKAWANG,4430,Singkawang Tengah,6,6,6,6,0,34812,404340000,5500000,109,109,1140000,109,113,6640000
20,KALIMANTAN BARAT,320,KOTA SINGKAWANG,4432,Singkawang Timur,5,5,5,5,0,0,0,0,0,0,0,0,0,0
20,KALIMANTAN BARAT,320,KOTA SINGKAWANG,4433,Singkawang Utara,7,7,7,7,0,21110,242230000,2600050,28,28,1660000,24,166,4260050
22,KALIMANTAN SELATAN,345,KAB. BALANGAN,4701,Awayan,23,23,23,16,0,1,20000,4490000,105,105,1040000,119,207,5530000
22,KALIMANTAN SELATAN,345,KAB. BALANGAN,4702,Batu Mandi,18,18,18,14,0,0,0,3710000,172,172,3155000,146,301,6865000
22,KALIMANTAN SELATAN,345,KAB. BALANGAN,4700,Halong,24,24,24,13,0,0,0,3900000,39,39,3720000,37,124,7620000
22,KALIMANTAN SELATAN,345,KAB. BALANGAN,4699,Juai,20,20,20,13,0,0,0,3600000,72,72,1070000,61,107,4670000
22,KALIMANTAN SELATAN,345,KAB. BALANGAN,4703,Lampihong,27,27,27,18,0,0,0,3350000,67,67,0,0,0,3350000
22,KALIMANTAN SELATAN,345,KAB. BALANGAN,4704,Paringin,16,16,16,16,0,0,0,0,0,0,0,0,0,0
22,KALIMANTAN SELATAN,345,KAB. BALANGAN,4705,Paringin Selatan,16,16,16,16,0,0,0,60000,2,2,0,0,0,60000
22,KALIMANTAN SELATAN,345,KAB. BALANGAN,4706,Tebing Tinggi,12,12,12,3,0,0,0,0,0,0,0,0,0,0
22,KALIMANTAN SELATAN,337,KAB. BANJAR,6988,Aluh Aluh,19,19,19,18,0,25350,45686000,5000000,50,50,1270000,40,127,6270000
22,KALIMANTAN SELATAN,337,KAB. BANJAR,4604,Aranio,13,13,13,2,0,0,0,2700000,27,27,615000,27,112,3315000
22,KALIMANTAN SELATAN,337,KAB. BANJAR,4600,Astambul,22,22,22,21,0,0,0,2700000,27,27,880000,27,88,3580000
22,KALIMANTAN SELATAN,337,KAB. BANJAR,4606,Beruntung Baru,12,12,12,12,0,0,0,1850000,28,28,130000,13,13,1980000
22,KALIMANTAN SELATAN,337,KAB. BANJAR,4613,Cintapuri Darussalam,11,11,11,10,0,0,0,3800000,38,38,1250000,20,125,5050000
22,KALIMANTAN SELATAN,337,KAB. BANJAR,4596,Gambut,14,14,14,13,0,0,0,8250000,39,39,1370000,42,137,9620000
22,KALIMANTAN SELATAN,337,KAB. BANJAR,4599,Karang Intan,25,25,25,15,0,0,0,2207510000,2325,2336,30400000,1505,3040,2237910000
22,KALIMANTAN SELATAN,337,KAB. BANJAR,4595,Kertak Hanyar,13,13,13,11,0,0,0,2500000,26,26,660000,16,66,3160000
22,KALIMANTAN SELATAN,337,KAB. BANJAR,4598,Martapura,26,26,26,22,0,0,0,18150000,183,183,6280000,162,628,24430000
22,KALIMANTAN SELATAN,337,KAB. BANJAR,4607,Martapura Barat,13,13,13,12,0,0,0,6100000,61,61,1240000,48,124,7340000
22,KALIMANTAN SELATAN,337,KAB. BANJAR,4608,Martapura Timur,20,20,20,20,0,0,0,2380000,50,50,845000,30,85,3225000
22,KALIMANTAN SELATAN,337,KAB. BANJAR,4605,Mataraman,15,15,15,14,0,0,0,9800000,98,98,0,0,0,9800000
22,KALIMANTAN SELATAN,337,KAB. BANJAR,4610,Paramasan,4,4,4,3,0,0,0,0,0,0,0,0,0,0
22,KALIMANTAN SELATAN,337,KAB. BANJAR,4602,Pengaron,12,12,12,6,0,0,0,1700000,17,17,2900000,60,290,4600000
22,KALIMANTAN SELATAN,337,KAB. BANJAR,4609,Sambung Makmur,7,7,7,4,0,0,0,50000,1,1,20000,2,2,70000
22,KALIMANTAN SELATAN,337,KAB. BANJAR,4601,Simpang Empat,15,15,15,10,0,4672,49011100,13290000,141,141,6460000,119,646,19750000
22,KALIMANTAN SELATAN,337,KAB. BANJAR,4603,Sungai Pinang,11,11,11,10,0,0,0,700000,7,7,310000,7,31,1010000
22,KALIMANTAN SELATAN,337,KAB. BANJAR,4597,Sungai Tabuk,21,21,21,19,0,0,0,5550000,65,65,2625000,58,310,8175000
22,KALIMANTAN SELATAN,337,KAB. BANJAR,4612,Tatah Makmur,13,13,13,12,0,0,0,1700000,17,17,1130000,9,57,2830000
22,KALIMANTAN SELATAN,337,KAB. BANJAR,4611,Telaga Bauntung,4,4,4,3,0,0,0,800000,8,8,950000,8,95,1750000
22,KALIMANTAN SELATAN,338,KAB. BARITO KUALA,4618,Alalak,18,18,18,6,0,0,0,1800000,90,90,4260000,93,852,6060000
22,KALIMANTAN SELATAN,338,KAB. BARITO KUALA,4617,Anjir Muara,15,15,15,7,0,0,0,0,0,0,0,0,0,0
22,KALIMANTAN SELATAN,338,KAB. BARITO KUALA,4616,Anjir Pasar,15,15,15,15,0,0,0,975000,21,21,815000,21,163,1790000
22,KALIMANTAN SELATAN,338,KAB. BARITO KUALA,4623,Bakumpai,9,9,9,5,0,0,0,170000,17,17,3600000,17,180,3770000
22,KALIMANTAN SELATAN,338,KAB. BARITO KUALA,4627,Barambai,11,11,11,7,0,0,0,6190000,145,145,7765000,134,1145,13955000
22,KALIMANTAN SELATAN,338,KAB. BARITO KUALA,4621,Belawang,13,13,13,9,0,0,0,840000,42,42,375000,30,71,1215000
22,KALIMANTAN SELATAN,338,KAB. BARITO KUALA,4622,Cerbon,8,8,8,3,0,0,0,20000,1,1,0,0,0,20000
22,KALIMANTAN SELATAN,338,KAB. BARITO KUALA,4630,Jejangkit,7,7,7,5,0,262550,478390000,1800000,72,72,835000,61,167,2635000
22,KALIMANTAN SELATAN,338,KAB. BARITO KUALA,4624,Kuripan,9,9,9,9,0,0,0,725000,29,29,1325000,28,265,2050000
22,KALIMANTAN SELATAN,338,KAB. BARITO KUALA,4619,Mandastana,14,14,14,7,0,0,0,800000,40,40,2300000,40,230,3100000
22,KALIMANTAN SELATAN,338,KAB. BARITO KUALA,4628,Marabahan,10,10,10,9,0,0,0,1200000,26,26,40000,4,4,1240000
22,KALIMANTAN SELATAN,338,KAB. BARITO KUALA,4626,Mekarsari,9,9,9,6,0,0,0,1050000,21,21,210000,21,42,1260000
22,KALIMANTAN SELATAN,338,KAB. BARITO KUALA,4620,Rantau Badauh,9,8,9,7,0,113150,206250000,7750000,155,155,9435000,136,949,17185000
22,KALIMANTAN SELATAN,338,KAB. BARITO KUALA,4625,Tabukan,11,11,11,9,0,0,0,795000,32,32,100000,10,10,895000
22,KALIMANTAN SELATAN,338,KAB. BARITO KUALA,4614,Tabunganen,14,14,14,9,0,0,0,2400000,48,48,0,0,0,2400000
22,KALIMANTAN SELATAN,338,KAB. BARITO KUALA,4615,Tamban,16,16,16,9,0,0,0,0,0,0,0,0,0,0
22,KALIMANTAN SELATAN,338,KAB. BARITO KUALA,4629,Wanaraya,13,13,13,6,0,0,0,4300000,53,53,3585000,55,318,7885000
22,KALIMANTAN SELATAN,340,KAB. HULU SUNGAI SELATAN,4646,Angkinang,11,11,11,11,0,0,0,5515600,237,237,9820000,162,982,15335600
22,KALIMANTAN SELATAN,340,KAB. HULU SUNGAI SELATAN,4653,Daha Barat,7,7,7,7,0,0,0,4230000,143,143,4725000,129,945,8955000
22,KALIMANTAN SELATAN,340,KAB. HULU SUNGAI SELATAN,4649,Daha Selatan,16,16,16,16,0,0,0,6600000,290,290,11045000,288,1827,17645000
22,KALIMANTAN SELATAN,340,KAB. HULU SUNGAI SELATAN,4650,Daha Utara,19,19,19,19,0,4,74000,4155000,202,202,8345000,142,882,12500000
22,KALIMANTAN SELATAN,340,KAB. HULU SUNGAI SELATAN,4651,Kalumpang,9,9,9,9,0,0,0,3650000,73,73,2120000,68,319,5770000
22,KALIMANTAN SELATAN,340,KAB. HULU SUNGAI SELATAN,4647,Kandangan,18,18,18,18,0,0,0,6010000,128,128,7250000,120,725,13260000
22,KALIMANTAN SELATAN,340,KAB. HULU SUNGAI SELATAN,4652,Loksado,11,11,11,11,0,0,0,5590010,62,62,380000,14,37,5970010
22,KALIMANTAN SELATAN,340,KAB. HULU SUNGAI SELATAN,4644,Padang Batung,17,17,17,17,0,0,0,3380000,125,125,1930000,72,375,5310000
22,KALIMANTAN SELATAN,340,KAB. HULU SUNGAI SELATAN,4648,Simpur,11,11,11,11,0,0,0,1450000,29,29,2515000,54,252,3965000
22,KALIMANTAN SELATAN,340,KAB. HULU SUNGAI SELATAN,4643,Sungai Raya,18,18,18,18,0,0,0,0,0,0,0,0,0,0
22,KALIMANTAN SELATAN,340,KAB. HULU SUNGAI SELATAN,4645,Telaga Langsat,11,11,11,11,0,0,0,9215000,324,324,4960000,277,895,14175000
22,KALIMANTAN SELATAN,341,KAB. HULU SUNGAI TENGAH,4659,Barabai,18,18,18,15,0,0,0,0,0,0,0,0,0,0
22,KALIMANTAN SELATAN,341,KAB. HULU SUNGAI TENGAH,4660,Batang Alai Selatan,19,19,19,16,0,1380,20010000,2425000,63,63,1145000,29,229,3570000
22,KALIMANTAN SELATAN,341,KAB. HULU SUNGAI TENGAH,4663,Batang Alai Timur,9,9,9,6,0,0,0,0,0,0,0,0,0,0
22,KALIMANTAN SELATAN,341,KAB. HULU SUNGAI TENGAH,4661,Batang Alai Utara,14,14,14,7,0,0,0,310000,44,44,1040000,43,108,1350000
22,KALIMANTAN SELATAN,341,KAB. HULU SUNGAI TENGAH,4655,Batu Benawa,14,14,14,14,0,300,6078000,2460000,123,123,3210000,124,321,5670000
22,KALIMANTAN SELATAN,341,KAB. HULU SUNGAI TENGAH,4662,Hantakan,12,12,12,12,0,0,0,0,0,0,0,0,0,0
22,KALIMANTAN SELATAN,341,KAB. HULU SUNGAI TENGAH,4654,Haruyan,17,17,17,13,0,0,0,1050000,21,21,840000,22,22,1890000
22,KALIMANTAN SELATAN,341,KAB. HULU SUNGAI TENGAH,4656,Labuan Amas Selatan,18,18,18,16,0,6,185000,7300000,146,146,1470000,146,294,8770000
22,KALIMANTAN SELATAN,341,KAB. HULU SUNGAI TENGAH,4657,Labuan Amas Utara,16,16,16,9,0,100,2100000,2800000,28,28,680000,28,34,3480000
22,KALIMANTAN SELATAN,341,KAB. HULU SUNGAI TENGAH,4664,Limpasu,9,9,9,8,0,0,0,1500000,30,30,260000,26,26,1760000
22,KALIMANTAN SELATAN,341,KAB. HULU SUNGAI TENGAH,4658,Pandawan,21,21,21,17,0,54,999000,0,0,0,15000,1,3,15000
22,KALIMANTAN SELATAN,342,KAB. HULU SUNGAI UTARA,4668,Amuntai Selatan,30,30,30,30,0,0,0,1070000,50,50,1860000,42,189,2930000
22,KALIMANTAN SELATAN,342,KAB. HULU SUNGAI UTARA,4669,Amuntai Tengah,29,29,29,29,0,1140,17280000,4445000,68,68,2850000,65,326,7295000
22,KALIMANTAN SELATAN,342,KAB. HULU SUNGAI UTARA,4670,Amuntai Utara,26,26,26,24,0,0,0,2325000,80,80,3590000,79,359,5915000
22,KALIMANTAN SELATAN,342,KAB. HULU SUNGAI UTARA,4666,Babirik,23,23,23,23,0,0,0,3475000,136,136,3385000,96,400,6860000
22,KALIMANTAN SELATAN,342,KAB. HULU SUNGAI UTARA,4671,Banjang,20,20,20,20,0,0,0,1500000,28,28,1165000,33,173,2665000
22,KALIMANTAN SELATAN,342,KAB. HULU SUNGAI UTARA,4665,Danau Panggang,16,16,16,16,0,0,0,3700500,84,84,4630000,82,526,8330500
22,KALIMANTAN SELATAN,342,KAB. HULU SUNGAI UTARA,4672,Haur Gading,18,18,18,18,0,0,0,30000,1,1,0,0,0,30000
22,KALIMANTAN SELATAN,342,KAB. HULU SUNGAI UTARA,4673,Paminggir,7,7,7,7,0,0,0,0,0,0,0,0,0,0
22,KALIMANTAN SELATAN,342,KAB. HULU SUNGAI UTARA,4667,Sungai Pandan,33,33,33,33,0,0,0,1500000,30,30,790000,23,79,2290000
22,KALIMANTAN SELATAN,342,KAB. HULU SUNGAI UTARA,4674,Sungai Tabukan,17,17,17,17,0,0,0,16155000,411,411,19525000,427,2768,35680000
22,KALIMANTAN SELATAN,336,KAB. KOTABARU,4587,Hampang,9,9,9,4,0,0,0,6800000,68,68,830000,67,83,7630000
22,KALIMANTAN SELATAN,336,KAB. KOTABARU,4591,Kelumpang Barat,6,6,6,6,0,0,0,8900000,89,89,0,0,0,8900000
22,KALIMANTAN SELATAN,336,KAB. KOTABARU,4590,Kelumpang Hilir,9,9,9,9,0,0,0,0,0,0,0,0,0,0
22,KALIMANTAN SELATAN,336,KAB. KOTABARU,4581,Kelumpang Hulu,10,10,10,10,0,0,0,2450000,36,36,655000,27,27,3105000
22,KALIMANTAN SELATAN,336,KAB. KOTABARU,4580,Kelumpang Selatan,9,9,9,9,0,0,0,6600000,66,66,5280000,66,528,11880000
22,KALIMANTAN SELATAN,336,KAB. KOTABARU,4582,Kelumpang Tengah,13,13,13,13,0,0,0,1300000,13,13,0,0,0,1300000
22,KALIMANTAN SELATAN,336,KAB. KOTABARU,4583,Kelumpang Utara,7,7,7,7,0,0,0,0,0,0,0,0,0,0
22,KALIMANTAN SELATAN,336,KAB. KOTABARU,4592,Pamukan Barat,5,5,5,5,0,0,0,10700000,107,107,3030000,97,303,13730000
22,KALIMANTAN SELATAN,336,KAB. KOTABARU,4584,Pamukan Selatan,11,11,11,11,0,0,0,0,0,0,0,0,0,0
22,KALIMANTAN SELATAN,336,KAB. KOTABARU,4586,Pamukan Utara,13,13,13,13,0,0,0,2400000,24,24,240000,15,24,2640000
22,KALIMANTAN SELATAN,336,KAB. KOTABARU,4575,Pulau Laut Barat,11,11,11,11,0,0,0,2900000,29,29,2330000,29,233,5230000
22,KALIMANTAN SELATAN,336,KAB. KOTABARU,4593,Pulau Laut Kepulauan,9,9,9,9,0,64,4480000,7000000,28,28,1345000,28,240,8345000
22,KALIMANTAN SELATAN,336,KAB. KOTABARU,4576,Pulau Laut Selatan,8,8,8,8,0,0,0,0,0,0,0,0,0,0
22,KALIMANTAN SELATAN,336,KAB. KOTABARU,6987,Pulaulaut Sigam,11,11,11,10,0,0,0,2500000,25,25,0,0,0,2500000
22,KALIMANTAN SELATAN,336,KAB. KOTABARU,4594,Pulau Laut Tanjung Selayar,10,10,10,10,0,46662,85147600,6750000,30,30,255000,33,33,7005000
22,KALIMANTAN SELATAN,336,KAB. KOTABARU,4589,Pulau Laut Tengah,7,7,7,7,0,110481,199741800,2300000,46,46,860000,43,43,3160000
22,KALIMANTAN SELATAN,336,KAB. KOTABARU,4577,Pulau Laut Timur,14,14,14,14,0,166909,299839280,11300000,113,113,10180000,114,527,21480000
22,KALIMANTAN SELATAN,336,KAB. KOTABARU,4579,Pulaulaut Utara,10,10,10,8,0,8,320000,10600000,106,106,2110000,38,211,12710000
22,KALIMANTAN SELATAN,336,KAB. KOTABARU,4578,Pulau Sebuku,8,8,8,8,0,0,0,0,0,0,290000,11,29,290000
22,KALIMANTAN SELATAN,336,KAB. KOTABARU,4574,Pulau Sembilan,5,5,5,5,0,0,0,0,0,0,0,0,0,0
22,KALIMANTAN SELATAN,336,KAB. KOTABARU,4585,Sampanahan,10,10,10,10,0,0,0,2660000,52,52,3060000,50,611,5720000
22,KALIMANTAN SELATAN,336,KAB. KOTABARU,4588,Sungai Durian,7,7,7,7,0,0,0,0,0,0,0,0,0,0
22,KALIMANTAN SELATAN,343,KAB. TABALONG,4675,Banua Lawas,15,15,15,7,0,0,0,240000,8,8,305000,8,61,545000
22,KALIMANTAN SELATAN,343,KAB. TABALONG,4686,Bintang Ara,9,9,9,9,0,0,0,0,0,0,0,0,0,0
22,KALIMANTAN SELATAN,343,KAB. TABALONG,4679,Haruai,13,13,13,12,0,0,0,0,0,0,0,0,0,0
22,KALIMANTAN SELATAN,343,KAB. TABALONG,4685,Jaro,9,9,9,3,0,0,0,900000,10,10,255000,9,26,1155000
22,KALIMANTAN SELATAN,343,KAB. TABALONG,4676,Kelua,12,12,12,9,0,0,0,250000,5,5,30000,4,4,280000
22,KALIMANTAN SELATAN,343,KAB. TABALONG,4682,Muara Harus,7,7,7,7,0,0,0,0,0,0,0,0,0,0
22,KALIMANTAN SELATAN,343,KAB. TABALONG,4681,Muara Uya,14,14,14,14,0,0,0,100000,2,2,0,0,0,100000
22,KALIMANTAN SELATAN,343,KAB. TABALONG,4680,Murung Pudak,10,10,10,10,0,0,0,3300000,25,25,1080000,17,32,4380000
22,KALIMANTAN SELATAN,343,KAB. TABALONG,4683,Pugaan,7,7,7,7,0,0,0,100000,1,1,20000,1,1,120000
22,KALIMANTAN SELATAN,343,KAB. TABALONG,4678,Tanjung,15,15,15,15,0,0,0,6400000,64,64,900000,43,53,7300000
22,KALIMANTAN SELATAN,343,KAB. TABALONG,4677,Tanta,14,14,14,14,0,0,0,0,0,0,50000,2,3,50000
22,KALIMANTAN SELATAN,343,KAB. TABALONG,4684,Upau,6,6,6,6,0,0,0,0,0,0,0,0,0,0
22,KALIMANTAN SELATAN,344,KAB. TANAH BUMBU,4695,Angsana,9,9,9,9,0,1152,25098000,11900000,119,119,11100000,118,555,23000000
22,KALIMANTAN SELATAN,344,KAB. TANAH BUMBU,4687,Batu Licin,9,9,9,5,0,0,0,0,0,0,0,0,0,0
22,KALIMANTAN SELATAN,344,KAB. TANAH BUMBU,4693,Karang Bintang,12,12,12,8,0,0,0,5845000,139,139,3727000,102,478,9572000
22,KALIMANTAN SELATAN,344,KAB. TANAH BUMBU,4696,Kuranji,7,7,7,4,0,0,0,9200000,92,92,6100000,92,610,15300000
22,KALIMANTAN SELATAN,344,KAB. TANAH BUMBU,4688,Kusan Hilir,22,22,22,18,0,0,0,0,0,0,10000,1,1,10000
22,KALIMANTAN SELATAN,344,KAB. TANAH BUMBU,4691,Kusan Hulu,11,11,11,6,0,0,0,1300000,26,26,1390000,26,130,2690000
22,KALIMANTAN SELATAN,344,KAB. TANAH BUMBU,4697,Kusan Tengah,13,13,13,5,0,0,0,0,0,0,0,0,0,0
22,KALIMANTAN SELATAN,344,KAB. TANAH BUMBU,4694,Mantewe,12,12,12,3,0,0,0,1000000,10,10,200000,2,2,1200000
22,KALIMANTAN SELATAN,344,KAB. TANAH BUMBU,4690,Satui,20,20,20,13,0,0,0,15100000,151,151,13960000,151,1396,29060000
22,KALIMANTAN SELATAN,344,KAB. TANAH BUMBU,4692,Simpang Empat,15,15,15,11,0,0,0,55200000,184,184,16450000,185,1645,71650000
22,KALIMANTAN SELATAN,344,KAB. TANAH BUMBU,4689,Sungai Loban,17,17,17,16,0,0,0,47250000,384,384,19770000,367,1750,67020000
22,KALIMANTAN SELATAN,344,KAB. TANAH BUMBU,4698,Teluk Kepayang,10,10,10,3,0,0,0,1100000,11,11,990000,11,99,2090000
22,KALIMANTAN SELATAN,335,KAB. TANAH LAUT,4572,Bajuin,9,9,9,9,0,0,0,0,0,0,0,0,0,0
22,KALIMANTAN SELATAN,335,KAB. TANAH LAUT,6986,Bati Bati,14,14,14,14,0,0,0,3350000,41,41,7150000,118,529,10500000
22,KALIMANTAN SELATAN,335,KAB. TANAH LAUT,4571,Batu Ampar,14,14,14,14,0,0,0,0,0,0,0,0,0,0
22,KALIMANTAN SELATAN,335,KAB. TANAH LAUT,4573,Bumi Makmur,11,11,11,11,0,0,0,9220000,115,115,2596000,84,407,11816000
22,KALIMANTAN SELATAN,335,KAB. TANAH LAUT,4565,Jorong,11,11,11,11,0,114000,208578000,300000,6,6,0,0,0,300000
22,KALIMANTAN SELATAN,335,KAB. TANAH LAUT,4569,Kintap,14,14,14,11,0,0,0,21500000,429,429,5820000,416,579,27320000
22,KALIMANTAN SELATAN,335,KAB. TANAH LAUT,4567,Kurau,11,11,11,11,0,0,0,1345000,54,54,610000,53,61,1955000
22,KALIMANTAN SELATAN,335,KAB. TANAH LAUT,4568,Panyipatan,10,10,10,10,0,0,0,0,0,0,0,0,0,0
22,KALIMANTAN SELATAN,335,KAB. TANAH LAUT,4566,Pelaihari,20,20,20,18,0,0,0,9975000,152,152,6690000,149,738,16665000
22,KALIMANTAN SELATAN,335,KAB. TANAH LAUT,4564,Takisung,12,12,12,12,0,0,0,550000,11,11,315000,9,63,865000
22,KALIMANTAN SELATAN,335,KAB. TANAH LAUT,4570,Tambang Ulang,9,9,9,9,0,0,0,2090000,89,89,1320000,37,132,3410000
22,KALIMANTAN SELATAN,339,KAB. TAPIN,4637,Bakarangan,12,12,12,1,0,0,0,600000,24,24,1230000,24,131,1830000
22,KALIMANTAN SELATAN,339,KAB. TAPIN,4631,Binuang,11,11,11,6,0,0,0,4050000,81,81,1960000,56,392,6010000
22,KALIMANTAN SELATAN,339,KAB. TAPIN,4639,Bungur,12,12,12,2,0,0,0,2700000,54,54,336000,15,24,3036000
22,KALIMANTAN SELATAN,339,KAB. TAPIN,4635,Candi Laras Selatan,12,12,12,12,0,0,0,25000,1,1,35000,1,1,60000
22,KALIMANTAN SELATAN,339,KAB. TAPIN,4636,Candi Laras Utara,13,13,13,7,0,0,0,0,0,0,0,0,0,0
22,KALIMANTAN SELATAN,339,KAB. TAPIN,4642,Hatungun,8,8,8,2,0,0,0,0,0,0,0,0,0,0
22,KALIMANTAN SELATAN,339,KAB. TAPIN,4640,Lokpaikat,9,9,9,9,0,1,60000,1900000,58,58,985000,56,119,2885000
22,KALIMANTAN SELATAN,339,KAB. TAPIN,4638,Piani,8,8,8,8,0,0,0,0,0,0,0,0,0,0
22,KALIMANTAN SELATAN,339,KAB. TAPIN,4641,Salam Babaris,6,6,6,5,0,0,0,0,0,0,0,0,0,0
22,KALIMANTAN SELATAN,339,KAB. TAPIN,4632,Tapin Selatan,11,11,11,8,0,0,0,0,0,0,0,0,0,0
22,KALIMANTAN SELATAN,339,KAB. TAPIN,4633,Tapin Tengah,17,17,17,3,0,0,0,0,0,0,0,0,0,0
22,KALIMANTAN SELATAN,339,KAB. TAPIN,4634,Tapin Utara,16,16,16,11,0,0,0,3600000,36,36,2700000,36,108,6300000
22,KALIMANTAN SELATAN,347,KOTA BANJARBARU,4715,Banjarbaru Selatan,4,4,4,4,0,0,0,0,0,0,0,0,0,0
22,KALIMANTAN SELATAN,347,KOTA BANJARBARU,4714,Banjarbaru Utara,4,4,4,4,0,0,0,550000,11,11,220000,3,11,770000
22,KALIMANTAN SELATAN,347,KOTA BANJARBARU,4713,Cempaka,4,4,4,3,0,0,0,4550000,91,91,3430000,84,343,7980000
22,KALIMANTAN SELATAN,347,KOTA BANJARBARU,4712,Landasan Ulin,4,4,4,4,0,2443,70311800,41600000,416,416,31520000,345,1448,73120000
22,KALIMANTAN SELATAN,347,KOTA BANJARBARU,4716,Liang Anggang,4,4,4,2,0,0,0,0,0,0,0,0,0,0
22,KALIMANTAN SELATAN,346,KOTA BANJARMASIN,4709,Banjarmasin Barat,9,9,9,9,0,0,0,0,0,0,0,0,0,0
22,KALIMANTAN SELATAN,346,KOTA BANJARMASIN,4707,Banjarmasin Selatan,12,12,12,12,0,0,0,100000,2,2,0,0,0,100000
22,KALIMANTAN SELATAN,346,KOTA BANJARMASIN,4711,Banjarmasin Tengah,12,12,12,12,0,0,0,100000,1,1,0,0,0,100000
22,KALIMANTAN SELATAN,346,KOTA BANJARMASIN,4708,Banjarmasin Timur,9,9,9,9,0,0,0,600000,6,6,210000,3,21,810000
22,KALIMANTAN SELATAN,346,KOTA BANJARMASIN,4710,Banjarmasin Utara,10,10,10,9,0,0,0,50000,1,1,0,0,0,50000
21,KALIMANTAN TENGAH,324,KAB. BARITO SELATAN,4476,Dusun Hilir,10,10,10,7,0,0,0,2600000,52,52,3310000,53,331,5910000
21,KALIMANTAN TENGAH,324,KAB. BARITO SELATAN,4479,Dusun Selatan,27,27,27,18,0,0,0,0,0,0,0,0,0,0
21,KALIMANTAN TENGAH,324,KAB. BARITO SELATAN,4478,Dusun Utara,19,19,19,10,0,0,0,3450000,69,69,0,0,0,3450000
21,KALIMANTAN TENGAH,324,KAB. BARITO SELATAN,6979,Gn. Bintang Awai,17,17,17,7,0,0,0,900000,2,2,20000,1,1,920000
21,KALIMANTAN TENGAH,324,KAB. BARITO SELATAN,4475,Jenamas,5,5,5,2,0,0,0,0,0,0,0,0,0,0
21,KALIMANTAN TENGAH,324,KAB. BARITO SELATAN,4477,Karau Kuala,8,8,8,5,0,0,0,1300000,13,13,20000,1,1,1320000
21,KALIMANTAN TENGAH,333,KAB. BARITO TIMUR,4552,Awang,11,11,11,10,0,0,0,1200000,24,24,240000,24,24,1440000
21,KALIMANTAN TENGAH,333,KAB. BARITO TIMUR,6984,Banua Lima,7,7,7,7,0,0,0,0,0,0,0,0,0,0
21,KALIMANTAN TENGAH,333,KAB. BARITO TIMUR,4553,Dusun Tengah,8,8,8,5,0,0,0,0,0,0,0,0,0,0
21,KALIMANTAN TENGAH,333,KAB. BARITO TIMUR,4551,Dusun Timur,17,17,17,13,0,0,0,1300000,26,26,770000,26,77,2070000
21,KALIMANTAN TENGAH,333,KAB. BARITO TIMUR,4558,Karusen Janang,7,7,7,4,0,0,0,0,0,0,0,0,0,0
21,KALIMANTAN TENGAH,333,KAB. BARITO TIMUR,4555,Paju Epat,9,9,9,8,0,0,0,3050000,31,31,900000,30,90,3950000
21,KALIMANTAN TENGAH,333,KAB. BARITO TIMUR,4557,Paku,12,12,12,9,0,0,0,10000,1,1,10000,1,1,20000
21,KALIMANTAN TENGAH,333,KAB. BARITO TIMUR,6985,Patangkep Tutui,10,10,10,5,0,0,0,800000,8,8,0,0,0,800000
21,KALIMANTAN TENGAH,333,KAB. BARITO TIMUR,4554,Pematang Karau,13,13,13,7,0,0,0,0,0,0,0,0,0,0
21,KALIMANTAN TENGAH,333,KAB. BARITO TIMUR,4556,Raren Batuah,9,9,9,8,0,0,0,0,0,0,0,0,0,0
21,KALIMANTAN TENGAH,325,KAB. BARITO UTARA,4482,Gunung Purei,9,9,9,8,0,154,4878000,2300000,23,23,40000,3,4,2340000
21,KALIMANTAN TENGAH,325,KAB. BARITO UTARA,4481,Gunung Timang,15,15,15,10,0,0,0,6200000,62,62,1490000,69,149,7690000
21,KALIMANTAN TENGAH,325,KAB. BARITO UTARA,4485,Lahei,13,13,13,11,0,0,0,915000,12,12,0,0,0,915000
21,KALIMANTAN TENGAH,325,KAB. BARITO UTARA,4488,Lahei Barat,9,9,9,5,0,0,0,0,0,0,0,0,0,0
21,KALIMANTAN TENGAH,325,KAB. BARITO UTARA,4480,Montallat,8,8,8,4,0,0,0,2100000,21,21,0,0,0,2100000
21,KALIMANTAN TENGAH,325,KAB. BARITO UTARA,4486,Teweh Baru,10,10,10,5,0,500,5650000,0,0,0,0,0,0,0
21,KALIMANTAN TENGAH,325,KAB. BARITO UTARA,4487,Teweh Selatan,10,10,10,8,0,0,0,600000,6,6,25000,1,1,625000
21,KALIMANTAN TENGAH,325,KAB. BARITO UTARA,4484,Teweh Tengah,10,10,10,8,0,10170,146281000,5800000,58,58,400000,23,23,6200000
21,KALIMANTAN TENGAH,325,KAB. BARITO UTARA,4483,Teweh Timur,12,12,12,11,0,0,0,0,0,0,0,0,0,0
21,KALIMANTAN TENGAH,330,KAB. GUNUNG MAS,4528,Damang Batu,8,8,8,0,0,0,0,0,0,0,0,0,0,0
21,KALIMANTAN TENGAH,330,KAB. GUNUNG MAS,4524,Kahayan Hulu Utara,12,12,12,1,0,0,0,0,0,0,0,0,0,0
21,KALIMANTAN TENGAH,330,KAB. GUNUNG MAS,4522,Kurun,15,15,15,2,0,0,0,0,0,0,0,0,0,0
21,KALIMANTAN TENGAH,330,KAB. GUNUNG MAS,4526,Manuhing,12,12,12,2,0,0,0,0,0,0,0,0,0,0
21,KALIMANTAN TENGAH,330,KAB. GUNUNG MAS,4531,Manuhing Raya,6,6,6,2,0,0,0,0,0,0,0,0,0,0
21,KALIMANTAN TENGAH,330,KAB. GUNUNG MAS,4527,Mihing Raya,6,6,6,1,0,0,0,0,0,0,0,0,0,0
21,KALIMANTAN TENGAH,330,KAB. GUNUNG MAS,4529,Miri Manasa,11,11,11,0,0,0,0,0,0,0,0,0,0,0
21,KALIMANTAN TENGAH,330,KAB. GUNUNG MAS,4525,Rungan,14,14,14,1,0,0,0,0,0,0,0,0,0,0
21,KALIMANTAN TENGAH,330,KAB. GUNUNG MAS,4532,Rungan Barat,11,11,11,1,0,0,0,0,0,0,0,0,0,0
21,KALIMANTAN TENGAH,330,KAB. GUNUNG MAS,4530,Rungan Hulu,9,9,9,3,0,0,0,0,0,0,0,0,0,0
21,KALIMANTAN TENGAH,330,KAB. GUNUNG MAS,6983,Sepang,7,7,7,1,0,0,0,0,0,0,0,0,0,0
21,KALIMANTAN TENGAH,330,KAB. GUNUNG MAS,4523,Tewah,16,16,16,3,0,0,0,0,0,0,0,0,0,0
21,KALIMANTAN TENGAH,323,KAB. KAPUAS,4465,Basarang,14,14,14,10,0,6230,99655000,1850000,20,20,300000,16,16,2150000
21,KALIMANTAN TENGAH,323,KAB. KAPUAS,4474,Bataguh,15,15,15,15,0,53770,779227500,18100000,204,204,12110000,167,1176,30210000
21,KALIMANTAN TENGAH,323,KAB. KAPUAS,4473,Dadahup,13,13,13,7,0,0,0,0,0,0,0,0,0,0
21,KALIMANTAN TENGAH,323,KAB. KAPUAS,4462,Kapuas Barat,11,11,11,8,0,0,0,0,0,0,0,0,0,0
21,KALIMANTAN TENGAH,323,KAB. KAPUAS,4459,Kapuas Hilir,8,8,8,6,0,0,0,0,0,0,0,0,0,0
21,KALIMANTAN TENGAH,323,KAB. KAPUAS,4469,Kapuas Hulu,11,11,11,5,0,0,0,0,0,0,0,0,0,0
21,KALIMANTAN TENGAH,323,KAB. KAPUAS,4461,Kapuas Kuala,13,13,13,9,0,0,0,0,0,0,0,0,0,0
21,KALIMANTAN TENGAH,323,KAB. KAPUAS,4464,Kapuas Murung,20,20,20,8,0,0,0,0,0,0,0,0,0,0
21,KALIMANTAN TENGAH,323,KAB. KAPUAS,4468,Kapuas Tengah,11,11,11,3,0,0,0,0,0,0,0,0,0,0
21,KALIMANTAN TENGAH,323,KAB. KAPUAS,4460,Kapuas Timur,7,7,7,5,0,0,0,450000,9,9,90000,9,9,540000
21,KALIMANTAN TENGAH,323,KAB. KAPUAS,4472,Mandau Talawang,9,9,9,3,0,0,0,0,0,0,0,0,0,0
21,KALIMANTAN TENGAH,323,KAB. KAPUAS,4466,Mantangai,37,37,37,20,0,3960,57420000,27900000,144,144,5770000,118,577,33670000
21,KALIMANTAN TENGAH,323,KAB. KAPUAS,4471,Pasak Talawang,10,10,10,4,0,0,0,9200000,92,92,35100000,90,702,44300000
21,KALIMANTAN TENGAH,323,KAB. KAPUAS,4463,Pulau Petak,12,12,12,9,0,0,0,3700000,37,37,750000,39,75,4450000
21,KALIMANTAN TENGAH,323,KAB. KAPUAS,4458,Selat,10,10,10,9,0,1560,22620000,450000,9,9,0,0,0,450000
21,KALIMANTAN TENGAH,323,KAB. KAPUAS,4470,Tamban Catur,10,10,10,7,0,0,0,5100000,51,51,3740000,33,189,8840000
21,KALIMANTAN TENGAH,323,KAB. KAPUAS,4467,Timpah,9,9,9,0,0,0,0,0,0,0,0,0,0,0
21,KALIMANTAN TENGAH,326,KAB. KATINGAN,4499,Bukit Raya,11,11,11,6,0,0,0,0,0,0,0,0,0,0
21,KALIMANTAN TENGAH,326,KAB. KATINGAN,4489,Kamipang,9,9,9,5,0,0,0,0,0,0,0,0,0,0
21,KALIMANTAN TENGAH,326,KAB. KATINGAN,4490,Katingan Hilir,8,8,8,7,0,0,0,100000,1,1,0,0,0,100000
21,KALIMANTAN TENGAH,326,KAB. KATINGAN,4494,Katingan Hulu,23,23,23,4,0,0,0,0,0,0,0,0,0,0
21,KALIMANTAN TENGAH,326,KAB. KATINGAN,4496,Katingan Kuala,16,16,16,8,0,1124125,2057007000,0,0,0,0,0,0,0
21,KALIMANTAN TENGAH,326,KAB. KATINGAN,4492,Katingan Tengah,16,16,16,4,0,0,0,2400000,48,48,5710000,47,571,8110000
21,KALIMANTAN TENGAH,326,KAB. KATINGAN,4493,Marikit,18,18,18,1,0,0,0,0,0,0,0,0,0,0
21,KALIMANTAN TENGAH,326,KAB. KATINGAN,4495,Mendawai,7,7,7,2,0,0,0,5800000,58,58,660000,57,66,6460000
21,KALIMANTAN TENGAH,326,KAB. KATINGAN,4498,Petak Malai,7,7,7,1,0,0,0,0,0,0,0,0,0,0
21,KALIMANTAN TENGAH,326,KAB. KATINGAN,4491,Pulau Malan,14,14,14,0,0,0,0,0,0,0,0,0,0,0
21,KALIMANTAN TENGAH,326,KAB. KATINGAN,6981,Sanaman Mantikei,14,14,14,4,0,0,0,0,0,0,0,0,0,0
21,KALIMANTAN TENGAH,326,KAB. KATINGAN,4497,Tasik Payawan,8,8,8,0,0,0,0,0,0,0,0,0,0,0
21,KALIMANTAN TENGAH,326,KAB. KATINGAN,6980,Tewang Sangalang Garing,10,10,10,5,0,0,0,0,0,0,0,0,0,0
21,KALIMANTAN TENGAH,321,KAB. KOTAWARINGIN BARAT,4436,Arut Selatan,20,20,20,20,0,27048,393196000,22170000,97,97,2605000,53,128,24775000
21,KALIMANTAN TENGAH,321,KAB. KOTAWARINGIN BARAT,4438,Arut Utara,11,11,11,11,0,0,0,0,0,0,0,0,0,0
21,KALIMANTAN TENGAH,321,KAB. KOTAWARINGIN BARAT,4437,Kotawaringin Lama,17,17,17,17,0,0,0,0,0,0,0,0,0,0
21,KALIMANTAN TENGAH,321,KAB. KOTAWARINGIN BARAT,4435,Kumai,18,18,18,18,0,19111,260418500,30950000,346,346,25335000,345,2333,56285000
21,KALIMANTAN TENGAH,321,KAB. KOTAWARINGIN BARAT,4440,Pangkalan Banteng,17,17,17,17,0,0,0,17900000,179,179,5270000,138,375,23170000
21,KALIMANTAN TENGAH,321,KAB. KOTAWARINGIN BARAT,4439,Pangkalan Lada,11,11,11,11,0,79908,434877960,6300000,67,67,490000,28,28,6790000
21,KALIMANTAN TENGAH,322,KAB. KOTAWARINGIN TIMUR,4450,Antang Kalang,15,15,15,3,0,0,0,0,0,0,0,0,0,0
21,KALIMANTAN TENGAH,322,KAB. KOTAWARINGIN TIMUR,4445,Baamang,6,6,6,3,0,676,9482000,0,0,0,0,0,0,0
21,KALIMANTAN TENGAH,322,KAB. KOTAWARINGIN TIMUR,4455,Bukit Santuai,14,14,14,2,0,0,0,0,0,0,0,0,0,0
21,KALIMANTAN TENGAH,322,KAB. KOTAWARINGIN TIMUR,4442,Cempaga,8,8,8,3,0,3081,41831000,0,0,0,0,0,0,0
21,KALIMANTAN TENGAH,322,KAB. KOTAWARINGIN TIMUR,4453,Cempaga Hulu,11,11,11,1,0,0,0,0,0,0,0,0,0,0
21,KALIMANTAN TENGAH,322,KAB. KOTAWARINGIN TIMUR,4441,Kota Besi,11,11,11,1,0,0,0,250000,5,5,0,0,0,250000
21,KALIMANTAN TENGAH,322,KAB. KOTAWARINGIN TIMUR,4446,Mentawa Baru Ketapang,11,11,11,8,0,36538,487337000,9000000,91,91,5750000,95,574,14750000
21,KALIMANTAN TENGAH,322,KAB. KOTAWARINGIN TIMUR,4448,Mentaya Hilir Selatan,10,10,10,2,0,0,0,800000,13,13,90000,9,9,890000
21,KALIMANTAN TENGAH,322,KAB. KOTAWARINGIN TIMUR,4447,Mentaya Hilir Utara,7,7,7,1,0,0,0,0,0,0,0,0,0,0
21,KALIMANTAN TENGAH,322,KAB. KOTAWARINGIN TIMUR,4443,Mentaya Hulu,16,16,16,3,0,0,0,0,0,0,0,0,0,0
21,KALIMANTAN TENGAH,322,KAB. KOTAWARINGIN TIMUR,4444,Parenggean,15,15,15,6,0,0,0,0,0,0,0,0,0,0
21,KALIMANTAN TENGAH,322,KAB. KOTAWARINGIN TIMUR,4449,Pulau Hanaut,14,14,14,3,0,0,0,0,0,0,0,0,0,0
21,KALIMANTAN TENGAH,322,KAB. KOTAWARINGIN TIMUR,4452,Seranau,6,6,6,0,0,0,0,50000,1,1,10000,1,1,60000
21,KALIMANTAN TENGAH,322,KAB. KOTAWARINGIN TIMUR,4457,Telaga Antang,18,18,18,2,0,0,0,0,0,0,0,0,0,0
21,KALIMANTAN TENGAH,322,KAB. KOTAWARINGIN TIMUR,4454,Telawang,6,6,6,2,0,0,0,0,0,0,0,0,0,0
21,KALIMANTAN TENGAH,322,KAB. KOTAWARINGIN TIMUR,4451,Teluk Sampit,6,6,6,0,0,0,0,0,0,0,0,0,0,0
21,KALIMANTAN TENGAH,322,KAB. KOTAWARINGIN TIMUR,4456,Tualan Hulu,11,11,11,2,0,0,0,0,0,0,0,0,0,0
21,KALIMANTAN TENGAH,329,KAB. LAMANDAU,4521,Batang Kawa,8,8,8,6,0,0,0,0,0,0,0,0,0,0
21,KALIMANTAN TENGAH,329,KAB. LAMANDAU,4520,Belantikan Raya,12,12,12,2,0,0,0,5140000,53,53,1920000,53,96,7060000
21,KALIMANTAN TENGAH,329,KAB. LAMANDAU,4516,Bulik,14,14,14,12,0,0,0,8900000,45,45,750000,36,36,9650000
21,KALIMANTAN TENGAH,329,KAB. LAMANDAU,4517,Bulik Timur,9,9,9,3,0,0,0,0,0,0,0,0,0,0
21,KALIMANTAN TENGAH,329,KAB. LAMANDAU,4515,Delang,11,11,11,0,0,0,0,1000000,10,10,180000,9,9,1180000
21,KALIMANTAN TENGAH,329,KAB. LAMANDAU,4514,Lamandau,11,11,11,2,0,0,0,13300000,138,138,120000,3,4,13420000
21,KALIMANTAN TENGAH,329,KAB. LAMANDAU,4518,Menthobi Raya,11,11,11,4,0,0,0,0,0,0,0,0,0,0
21,KALIMANTAN TENGAH,329,KAB. LAMANDAU,4519,Sematu Jaya,8,8,8,7,0,0,0,7300000,82,82,1400000,18,140,8700000
21,KALIMANTAN TENGAH,332,KAB. MURUNG RAYA,4546,Barito Tuhup Raya,11,11,11,5,0,0,0,0,0,0,0,0,0,0
21,KALIMANTAN TENGAH,332,KAB. MURUNG RAYA,4543,Laung Tuhup,26,26,26,14,0,0,0,0,0,0,0,0,0,0
21,KALIMANTAN TENGAH,332,KAB. MURUNG RAYA,4541,Murung,15,15,15,10,0,0,0,0,0,0,0,0,0,0
21,KALIMANTAN TENGAH,332,KAB. MURUNG RAYA,4544,Permata Intan,12,12,12,5,0,0,0,0,0,0,0,0,0,0
21,KALIMANTAN TENGAH,332,KAB. MURUNG RAYA,4549,Seribu Riam,7,7,7,2,0,0,0,0,0,0,0,0,0,0
21,KALIMANTAN TENGAH,332,KAB. MURUNG RAYA,4545,Sumber Barito,9,9,9,8,0,0,0,0,0,0,0,0,0,0
21,KALIMANTAN TENGAH,332,KAB. MURUNG RAYA,4548,Sungai Babuat,6,6,6,5,0,0,0,0,0,0,0,0,0,0
21,KALIMANTAN TENGAH,332,KAB. MURUNG RAYA,4542,Tanah Siang,27,27,27,8,0,0,0,0,0,0,0,0,0,0
21,KALIMANTAN TENGAH,332,KAB. MURUNG RAYA,4547,Tanah Siang Selatan,7,7,7,0,0,0,0,0,0,0,0,0,0,0
21,KALIMANTAN TENGAH,332,KAB. MURUNG RAYA,4550,Uut Murung,5,5,5,0,0,0,0,0,0,0,0,0,0,0
21,KALIMANTAN TENGAH,331,KAB. PULANG PISAU,4536,Banama Tingang,15,15,15,3,0,0,0,0,0,0,0,0,0,0
21,KALIMANTAN TENGAH,331,KAB. PULANG PISAU,4539,Jabiren Raya,8,8,8,4,0,0,0,0,0,0,0,0,0,0
21,KALIMANTAN TENGAH,331,KAB. PULANG PISAU,4537,Kahayan Hilir,10,10,10,6,0,0,0,6250000,67,67,2000000,38,200,8250000
21,KALIMANTAN TENGAH,331,KAB. PULANG PISAU,4534,Kahayan Kuala,13,13,13,13,0,0,0,0,0,0,0,0,0,0
21,KALIMANTAN TENGAH,331,KAB. PULANG PISAU,4535,Kahayan Tengah,14,14,14,3,0,0,0,0,0,0,0,0,0,0
21,KALIMANTAN TENGAH,331,KAB. PULANG PISAU,4538,Maliku,15,15,15,8,0,0,0,0,0,0,0,0,0,0
21,KALIMANTAN TENGAH,331,KAB. PULANG PISAU,4533,Pandih Batu,16,16,16,15,0,0,0,10650000,212,212,6430000,114,183,17080000
21,KALIMANTAN TENGAH,331,KAB. PULANG PISAU,4540,Sebangau Kuala,8,8,8,8,0,0,0,0,0,0,0,0,0,0
21,KALIMANTAN TENGAH,327,KAB. SERUYAN,4508,Batu Ampar,9,9,9,6,0,0,0,0,0,0,0,0,0,0
21,KALIMANTAN TENGAH,327,KAB. SERUYAN,4507,Danau Seluluk,6,6,6,3,0,0,0,0,0,0,0,0,0,0
21,KALIMANTAN TENGAH,327,KAB. SERUYAN,4502,Danau Sembuluh,8,8,8,4,0,0,0,80000,4,4,40000,4,4,120000
21,KALIMANTAN TENGAH,327,KAB. SERUYAN,4503,Hanau,7,7,7,5,0,0,0,0,0,0,0,0,0,0
21,KALIMANTAN TENGAH,327,KAB. SERUYAN,4500,Seruyan Hilir,10,10,10,3,0,0,0,0,0,0,0,0,0,0
21,KALIMANTAN TENGAH,327,KAB. SERUYAN,4505,Seruyan Hilir Timur,6,6,6,6,0,0,0,950000,19,19,70000,1,2,1020000
21,KALIMANTAN TENGAH,327,KAB. SERUYAN,4504,Seruyan Hulu,20,20,20,3,0,0,0,0,0,0,0,0,0,0
21,KALIMANTAN TENGAH,327,KAB. SERUYAN,4506,Seruyan Raya,5,5,5,3,0,0,0,180000,9,9,0,0,0,180000
21,KALIMANTAN TENGAH,327,KAB. SERUYAN,4501,Seruyan Tengah,20,20,20,2,0,0,0,0,0,0,0,0,0,0
21,KALIMANTAN TENGAH,327,KAB. SERUYAN,4509,Suling Tambun,9,9,9,0,0,0,0,0,0,0,0,0,0,0
21,KALIMANTAN TENGAH,328,KAB. SUKAMARA,4512,Balai Riam,8,8,8,3,0,0,0,0,0,0,0,0,0,0
21,KALIMANTAN TENGAH,328,KAB. SUKAMARA,4511,Jelai,5,5,5,2,0,0,0,0,0,0,0,0,0,0
21,KALIMANTAN TENGAH,328,KAB. SUKAMARA,6982,Pantai Lunci,4,4,4,4,0,0,0,0,0,0,0,0,0,0
21,KALIMANTAN TENGAH,328,KAB. SUKAMARA,4513,Permata Kecubung,7,7,7,0,0,0,0,0,0,0,0,0,0,0
21,KALIMANTAN TENGAH,328,KAB. SUKAMARA,4510,Sukamara,8,8,8,5,0,0,0,0,0,0,0,0,0,0
21,KALIMANTAN TENGAH,334,KOTA PALANGKARAYA,4560,Bukit Batu,7,7,7,4,0,0,0,0,0,0,0,0,0,0
21,KALIMANTAN TENGAH,334,KOTA PALANGKARAYA,4561,Jekan Raya,5,4,5,2,0,19100,29144000,0,0,0,0,0,0,0
21,KALIMANTAN TENGAH,334,KOTA PALANGKARAYA,4559,Pahandut,6,6,6,4,0,0,0,0,0,0,0,0,0,0
21,KALIMANTAN TENGAH,334,KOTA PALANGKARAYA,4563,Rakumpit,7,7,7,4,0,0,0,0,0,0,0,0,0,0
21,KALIMANTAN TENGAH,334,KOTA PALANGKARAYA,4562,Sabangau,6,6,6,2,0,0,0,0,0,0,0,0,0,0
23,KALIMANTAN TIMUR,350,KAB. BERAU,4753,Batu Putih,7,7,7,7,0,0,0,2000000,40,40,310000,7,31,2310000
23,KALIMANTAN TIMUR,350,KAB. BERAU,4754,Biatan,8,8,8,6,0,0,0,0,0,0,0,0,0,0
23,KALIMANTAN TIMUR,350,KAB. BERAU,4750,Biduk-Biduk,6,6,6,6,0,0,0,0,0,0,0,0,0,0
23,KALIMANTAN TIMUR,350,KAB. BERAU,4748,Gunung Tabur,11,11,11,6,0,0,0,300000,3,3,60000,3,3,360000
23,KALIMANTAN TIMUR,350,KAB. BERAU,4744,Kelay,14,14,14,7,0,0,0,0,0,0,0,0,0,0
23,KALIMANTAN TIMUR,350,KAB. BERAU,6993,Maratua,4,4,4,1,0,0,0,0,0,0,0,0,0,0
23,KALIMANTAN TIMUR,350,KAB. BERAU,4749,Pulau Derawan,5,5,5,2,0,0,0,0,0,0,0,0,0,0
23,KALIMANTAN TIMUR,350,KAB. BERAU,6992,Sambaliung,14,14,14,5,0,0,0,0,0,0,0,0,0,0
23,KALIMANTAN TIMUR,350,KAB. BERAU,4746,Segah,12,11,12,7,0,0,0,0,0,0,0,0,0,0
23,KALIMANTAN TIMUR,350,KAB. BERAU,4752,Tabalar,6,6,6,5,0,0,0,0,0,0,0,0,0,0
23,KALIMANTAN TIMUR,350,KAB. BERAU,4745,Talisayan,10,10,10,10,0,0,0,7100000,44,44,8300000,44,166,15400000
23,KALIMANTAN TIMUR,350,KAB. BERAU,4747,Tanjung Redeb,6,6,6,0,0,0,0,0,0,0,0,0,0,0
23,KALIMANTAN TIMUR,350,KAB. BERAU,4751,Teluk Bayur,6,6,6,3,0,0,0,0,0,0,0,0,0,0
23,KALIMANTAN TIMUR,351,KAB. KUTAI BARAT,4757,Barong Tongkok,21,21,21,5,0,0,0,0,0,0,0,0,0,0
23,KALIMANTAN TIMUR,351,KAB. KUTAI BARAT,4764,Bentian Besar,9,9,9,7,0,0,0,0,0,0,0,0,0,0
23,KALIMANTAN TIMUR,351,KAB. KUTAI BARAT,4762,Bongan,16,16,16,13,0,0,0,4550000,65,65,560000,16,48,5110000
23,KALIMANTAN TIMUR,351,KAB. KUTAI BARAT,4758,Damai,17,17,17,10,0,0,0,0,0,0,0,0,0,0
23,KALIMANTAN TIMUR,351,KAB. KUTAI BARAT,4761,Jempang,12,12,12,2,0,0,0,0,0,0,0,0,0,0
23,KALIMANTAN TIMUR,351,KAB. KUTAI BARAT,4765,Linggang Bigung,11,11,11,6,0,0,0,2900000,29,29,435000,29,87,3335000
23,KALIMANTAN TIMUR,351,KAB. KUTAI BARAT,4755,Long Iram,11,11,11,8,0,0,0,0,0,0,0,0,0,0
23,KALIMANTAN TIMUR,351,KAB. KUTAI BARAT,4756,Melak,6,6,6,1,0,0,0,0,0,0,0,0,0,0
23,KALIMANTAN TIMUR,351,KAB. KUTAI BARAT,4768,Mook Manaar Bulatn,16,16,16,3,0,0,0,0,0,0,0,0,0,0
23,KALIMANTAN TIMUR,351,KAB. KUTAI BARAT,4759,Muara Lawa,8,7,8,1,0,0,0,0,0,0,0,0,0,0
23,KALIMANTAN TIMUR,351,KAB. KUTAI BARAT,4760,Muara Pahu,12,12,12,3,0,0,0,0,0,0,0,0,0,0
23,KALIMANTAN TIMUR,351,KAB. KUTAI BARAT,4766,Nyuatan,10,10,10,6,0,0,0,0,0,0,0,0,0,0
23,KALIMANTAN TIMUR,351,KAB. KUTAI BARAT,4763,Penyinggahan,6,6,6,1,0,0,0,0,0,0,0,0,0,0
23,KALIMANTAN TIMUR,351,KAB. KUTAI BARAT,4770,Sekolaq Darat,8,8,8,4,0,0,0,0,0,0,0,0,0,0
23,KALIMANTAN TIMUR,351,KAB. KUTAI BARAT,4767,Siluq Ngurai,16,16,16,8,0,0,0,20000,1,1,0,0,0,20000
23,KALIMANTAN TIMUR,351,KAB. KUTAI BARAT,4769,Tering,15,15,15,8,0,0,0,400000,8,8,250000,8,25,650000
23,KALIMANTAN TIMUR,349,KAB. KUTAI KARTANEGARA,4728,Anggana,8,8,8,4,0,67711,378024375,0,0,0,0,0,0,0
23,KALIMANTAN TIMUR,349,KAB. KUTAI KARTANEGARA,4734,Kembang Janggut,11,11,11,7,0,0,0,2700000,27,27,105000,11,11,2805000
23,KALIMANTAN TIMUR,349,KAB. KUTAI KARTANEGARA,4733,Kenohan,9,9,9,2,0,0,0,100000,1,1,20000,1,2,120000
23,KALIMANTAN TIMUR,349,KAB. KUTAI KARTANEGARA,4732,Kota Bangun,11,11,11,7,0,0,0,0,0,0,20000,1,1,20000
23,KALIMANTAN TIMUR,349,KAB. KUTAI KARTANEGARA,4742,Kota Bangun Darat,10,10,10,6,0,0,0,0,0,0,0,0,0,0
23,KALIMANTAN TIMUR,349,KAB. KUTAI KARTANEGARA,4727,Loa Janan,8,8,8,8,0,12383,148526250,53200000,532,532,15830000,439,1568,69030000
23,KALIMANTAN TIMUR,349,KAB. KUTAI KARTANEGARA,4726,Loa Kulu,15,15,15,10,0,1,30000,1800000,18,18,1150000,17,117,2950000
23,KALIMANTAN TIMUR,349,KAB. KUTAI KARTANEGARA,4740,Marang Kayu,11,11,11,3,0,0,0,0,0,0,0,0,0,0
23,KALIMANTAN TIMUR,349,KAB. KUTAI KARTANEGARA,4729,Muara Badak,13,13,13,10,0,0,0,5300000,53,53,6110000,41,307,11410000
23,KALIMANTAN TIMUR,349,KAB. KUTAI KARTANEGARA,4738,Muara Jawa,8,8,8,8,0,4000,45200000,0,0,0,0,0,0,0
23,KALIMANTAN TIMUR,349,KAB. KUTAI KARTANEGARA,4735,Muara Kaman,20,20,20,19,0,0,0,32050000,382,382,11590000,212,1159,43640000
23,KALIMANTAN TIMUR,349,KAB. KUTAI KARTANEGARA,4725,Muara Muntai,13,13,13,7,0,0,0,0,0,0,0,0,0,0
23,KALIMANTAN TIMUR,349,KAB. KUTAI KARTANEGARA,4741,Muara Wis,7,6,7,3,0,0,0,0,0,0,0,0,0,0
23,KALIMANTAN TIMUR,349,KAB. KUTAI KARTANEGARA,4737,Samboja,13,13,13,10,0,0,0,4500000,45,45,1350000,45,135,5850000
23,KALIMANTAN TIMUR,349,KAB. KUTAI KARTANEGARA,4743,Samboja Barat,10,10,10,6,0,0,0,3900000,39,39,1720000,39,86,5620000
23,KALIMANTAN TIMUR,349,KAB. KUTAI KARTANEGARA,6991,Sanga Sanga,5,5,5,3,0,0,0,2700000,9,9,30000,1,1,2730000
23,KALIMANTAN TIMUR,349,KAB. KUTAI KARTANEGARA,4731,Sebulu,14,14,14,12,0,1100,16250000,25135000,327,327,13000000,320,805,38135000
23,KALIMANTAN TIMUR,349,KAB. KUTAI KARTANEGARA,4736,Tabang,19,19,19,7,0,0,0,0,0,0,0,0,0,0
23,KALIMANTAN TIMUR,349,KAB. KUTAI KARTANEGARA,4730,Tenggarong,14,14,14,11,0,0,0,0,0,0,30000,6,6,30000
23,KALIMANTAN TIMUR,349,KAB. KUTAI KARTANEGARA,4739,Tenggarong Seberang,18,18,18,15,0,0,0,17500000,175,175,7890000,144,543,25390000
23,KALIMANTAN TIMUR,352,KAB. KUTAI TIMUR,4785,Batu Ampar,7,7,7,7,0,0,0,0,0,0,0,0,0,0
23,KALIMANTAN TIMUR,352,KAB. KUTAI TIMUR,4778,Bengalon,11,11,11,11,0,0,0,0,0,0,0,0,0,0
23,KALIMANTAN TIMUR,352,KAB. KUTAI TIMUR,4775,Busang,6,6,6,5,0,0,0,0,0,0,1625000,65,65,1625000
23,KALIMANTAN TIMUR,352,KAB. KUTAI TIMUR,4779,Kaliorang,7,7,7,5,0,0,0,0,0,0,0,0,0,0
23,KALIMANTAN TIMUR,352,KAB. KUTAI TIMUR,4784,Karangan,7,7,7,5,0,0,0,0,0,0,0,0,0,0
23,KALIMANTAN TIMUR,352,KAB. KUTAI TIMUR,4783,Kaubun,8,8,8,8,0,25,3576000,2975000,87,87,1880000,97,166,4855000
23,KALIMANTAN TIMUR,352,KAB. KUTAI TIMUR,4777,Kombeng,7,7,7,3,0,0,0,600000,6,6,800000,6,16,1400000
23,KALIMANTAN TIMUR,352,KAB. KUTAI TIMUR,4786,Long Mesangat,7,7,7,6,0,0,0,0,0,0,16000000,13,16,16000000
23,KALIMANTAN TIMUR,352,KAB. KUTAI TIMUR,4771,Muara Ancalong,9,9,9,9,0,0,0,34900000,152,152,7650000,144,765,42550000
23,KALIMANTAN TIMUR,352,KAB. KUTAI TIMUR,4773,Muara Bengkal,7,7,7,7,0,0,0,0,0,0,0,0,0,0
23,KALIMANTAN TIMUR,352,KAB. KUTAI TIMUR,4772,Muara Wahau,10,10,10,5,0,0,0,0,0,0,0,0,0,0
23,KALIMANTAN TIMUR,352,KAB. KUTAI TIMUR,4782,Rantau Pulung,9,9,9,9,0,0,0,0,0,0,0,0,0,0
23,KALIMANTAN TIMUR,352,KAB. KUTAI TIMUR,4780,Sandaran,9,9,9,3,0,0,0,200000,2,2,20000,2,2,220000
23,KALIMANTAN TIMUR,352,KAB. KUTAI TIMUR,6995,Sangatta Selatan,4,4,4,4,0,0,0,0,0,0,0,0,0,0
23,KALIMANTAN TIMUR,352,KAB. KUTAI TIMUR,6994,Sangatta Utara,4,4,4,3,0,70,4410000,0,0,0,0,0,0,0
23,KALIMANTAN TIMUR,352,KAB. KUTAI TIMUR,4774,Sangkulirang,15,15,15,9,0,0,0,0,0,0,0,0,0,0
23,KALIMANTAN TIMUR,352,KAB. KUTAI TIMUR,4776,Telen,8,8,8,6,0,0,0,0,0,0,0,0,0,0
23,KALIMANTAN TIMUR,352,KAB. KUTAI TIMUR,4781,Teluk Pandan,6,6,6,6,0,0,0,800000,8,8,310000,6,31,1110000
23,KALIMANTAN TIMUR,354,KAB. MAHAKAM ULU,4793,Laham,5,5,5,0,0,0,0,0,0,0,0,0,0,0
23,KALIMANTAN TIMUR,354,KAB. MAHAKAM ULU,4794,Long Apari,10,10,10,0,0,0,0,0,0,0,0,0,0,0
23,KALIMANTAN TIMUR,354,KAB. MAHAKAM ULU,4791,Long Bagun,11,11,11,0,0,0,0,0,0,0,0,0,0,0
23,KALIMANTAN TIMUR,354,KAB. MAHAKAM ULU,4792,Long Hubung,11,11,11,0,0,0,0,0,0,0,0,0,0,0
23,KALIMANTAN TIMUR,354,KAB. MAHAKAM ULU,4795,Long Pahangai,13,13,13,0,0,0,0,0,0,0,0,0,0,0
23,KALIMANTAN TIMUR,348,KAB. PASER,4723,Batu Engau,13,13,13,11,0,0,0,0,0,0,0,0,0,0
23,KALIMANTAN TIMUR,348,KAB. PASER,4717,Batu Sopang,9,9,9,9,0,10309,131006850,0,0,0,0,0,0,0
23,KALIMANTAN TIMUR,348,KAB. PASER,4720,Kuaro,13,13,13,13,0,0,0,1400000,28,28,535000,28,29,1935000
23,KALIMANTAN TIMUR,348,KAB. PASER,4721,Long Ikis,26,26,26,24,0,2000,22600000,3700000,37,37,1740000,29,87,5440000
23,KALIMANTAN TIMUR,348,KAB. PASER,4722,Long Kali,23,23,23,19,0,0,0,0,0,0,0,0,0,0
23,KALIMANTAN TIMUR,348,KAB. PASER,6990,Muara Komam,13,13,13,13,0,0,0,0,0,0,0,0,0,0
23,KALIMANTAN TIMUR,348,KAB. PASER,4724,Muara Samu,9,9,9,6,0,0,0,0,0,0,0,0,0,0
23,KALIMANTAN TIMUR,348,KAB. PASER,6989,Paser Belengkong,15,15,15,15,0,0,0,1100000,22,22,1160000,22,43,2260000
23,KALIMANTAN TIMUR,348,KAB. PASER,4719,Tanah Grogot,16,16,16,16,0,0,0,0,0,0,0,0,0,0
23,KALIMANTAN TIMUR,348,KAB. PASER,4718,Tanjung Harapan,7,7,7,7,0,0,0,0,0,0,0,0,0,0
23,KALIMANTAN TIMUR,353,KAB. PENAJAM PASER UTARA,4789,Babulu,12,12,12,12,0,0,0,7200000,73,73,2715000,65,203,9915000
23,KALIMANTAN TIMUR,353,KAB. PENAJAM PASER UTARA,4787,Penajam,23,23,23,23,0,1895,21413500,10620000,127,127,7502000,138,554,18122000
23,KALIMANTAN TIMUR,353,KAB. PENAJAM PASER UTARA,4790,Sepaku,15,15,15,14,0,0,0,5900000,47,47,1110000,22,50,7010000
23,KALIMANTAN TIMUR,353,KAB. PENAJAM PASER UTARA,4788,Waru,4,4,4,4,0,0,0,7000000,35,35,5900000,35,295,12900000
23,KALIMANTAN TIMUR,355,KOTA BALIKPAPAN,4797,Balikpapan Barat,6,6,6,6,0,6212,73160200,3650000,37,37,3150000,35,315,6800000
23,KALIMANTAN TIMUR,355,KOTA BALIKPAPAN,4801,Balikpapan Kota,5,5,5,5,0,25835,320063100,1600000,16,16,4260000,36,90,5860000
23,KALIMANTAN TIMUR,355,KOTA BALIKPAPAN,4800,Balikpapan Selatan,7,7,7,7,0,676,34799014,29800000,61,61,10470000,72,394,40270000
23,KALIMANTAN TIMUR,355,KOTA BALIKPAPAN,4799,Balikpapan Tengah,6,6,6,6,0,3971,55554000,1000000,20,20,2970000,17,120,3970000
23,KALIMANTAN TIMUR,355,KOTA BALIKPAPAN,4796,Balikpapan Timur,4,4,4,4,0,4097,86315000,17000000,131,131,26505000,115,592,43505000
23,KALIMANTAN TIMUR,355,KOTA BALIKPAPAN,4798,Balikpapan Utara,6,6,6,6,0,31610,364320000,2300000,21,21,1660000,20,84,3960000
23,KALIMANTAN TIMUR,357,KOTA BONTANG,4814,Bontang Barat,3,3,3,3,0,0,0,2700000,27,27,0,0,0,2700000
23,KALIMANTAN TIMUR,357,KOTA BONTANG,4813,Bontang Selatan,6,6,6,5,0,0,0,15100000,151,151,1050000,103,105,16150000
23,KALIMANTAN TIMUR,357,KOTA BONTANG,4812,Bontang Utara,6,6,6,6,0,0,0,6700000,67,67,3190000,63,319,9890000
23,KALIMANTAN TIMUR,356,KOTA SAMARINDA,4811,Loa Janan Ilir,5,5,5,5,0,1,2500,8600000,86,86,4850000,85,484,13450000
23,KALIMANTAN TIMUR,356,KOTA SAMARINDA,4802,Palaran,5,5,5,5,0,0,0,200000,2,2,0,0,0,200000
23,KALIMANTAN TIMUR,356,KOTA SAMARINDA,4805,Samarinda Ilir,5,5,5,3,0,0,0,0,0,0,0,0,0,0
23,KALIMANTAN TIMUR,356,KOTA SAMARINDA,4810,Samarinda Kota,5,5,5,4,0,0,0,800000,8,8,520000,8,26,1320000
23,KALIMANTAN TIMUR,356,KOTA SAMARINDA,4803,Samarinda Seberang,6,6,6,6,0,0,0,100000,1,1,0,0,0,100000
23,KALIMANTAN TIMUR,356,KOTA SAMARINDA,4804,Samarinda Ulu,8,8,8,8,0,15812,189526500,6500000,77,77,2215000,45,199,8715000
23,KALIMANTAN TIMUR,356,KOTA SAMARINDA,4806,Samarinda Utara,8,8,7,6,0,21130,259610000,5800000,58,58,40000,2,2,5840000
23,KALIMANTAN TIMUR,356,KOTA SAMARINDA,4808,Sambutan,5,5,5,4,0,0,0,0,0,0,0,0,0,0
23,KALIMANTAN TIMUR,356,KOTA SAMARINDA,4807,Sungai Kunjang,7,7,7,7,0,895,13295000,200000,2,2,190000,2,2,390000
23,KALIMANTAN TIMUR,356,KOTA SAMARINDA,4809,Sungai Pinang,5,5,5,5,0,0,0,0,0,0,0,0,0,0
24,KALIMANTAN UTARA,358,KAB. BULUNGAN,4824,Bunyu,3,3,3,3,0,0,0,0,0,0,0,0,0,0
24,KALIMANTAN UTARA,358,KAB. BULUNGAN,4821,Peso,10,10,10,8,0,0,0,0,0,0,0,0,0,0
24,KALIMANTAN UTARA,358,KAB. BULUNGAN,4822,Peso Hilir,6,6,6,5,0,0,0,0,0,0,0,0,0,0
24,KALIMANTAN UTARA,358,KAB. BULUNGAN,4823,Sekatak,22,22,22,14,0,0,0,100000,2,2,0,0,0,100000
24,KALIMANTAN UTARA,358,KAB. BULUNGAN,4815,Tanjung Palas,9,9,9,8,0,0,0,0,0,0,0,0,0,0
24,KALIMANTAN UTARA,358,KAB. BULUNGAN,4816,Tanjung Palas Barat,5,5,5,4,0,0,0,0,0,0,0,0,0,0
24,KALIMANTAN UTARA,358,KAB. BULUNGAN,4820,Tanjung Palas Tengah,3,3,3,3,0,0,0,0,0,0,0,0,0,0
24,KALIMANTAN UTARA,358,KAB. BULUNGAN,4818,Tanjung Palas Timur,8,8,8,8,0,0,0,0,0,0,0,0,0,0
24,KALIMANTAN UTARA,358,KAB. BULUNGAN,4817,Tanjung Palas Utara,6,6,6,6,0,0,0,0,0,0,0,0,0,0
24,KALIMANTAN UTARA,358,KAB. BULUNGAN,4819,Tanjung Selor,9,9,9,7,0,3720,43188000,900000,9,9,760000,6,38,1660000
24,KALIMANTAN UTARA,359,KAB. MALINAU,4835,Bahau Hulu,6,6,6,3,0,0,0,0,0,0,0,0,0,0
24,KALIMANTAN UTARA,359,KAB. MALINAU,4828,Kayan Hilir,5,5,5,3,0,0,0,0,0,0,0,0,0,0
24,KALIMANTAN UTARA,359,KAB. MALINAU,4829,Kayan Hulu,5,5,5,1,0,0,0,0,0,0,0,0,0,0
24,KALIMANTAN UTARA,359,KAB. MALINAU,4834,Kayan Selatan,5,5,5,3,0,0,0,450,9,9,140000,7,7,140450
24,KALIMANTAN UTARA,359,KAB. MALINAU,4832,Malinau Barat,9,9,9,6,0,0,0,0,0,0,0,0,0,0
24,KALIMANTAN UTARA,359,KAB. MALINAU,4826,Malinau Kota,6,6,6,3,0,0,0,3300000,33,33,32550000,33,659,35850000
24,KALIMANTAN UTARA,359,KAB. MALINAU,4830,Malinau Selatan,9,9,9,7,0,0,0,0,0,0,0,0,0,0
24,KALIMANTAN UTARA,359,KAB. MALINAU,4836,Malinau Selatan Hilir,7,7,7,4,0,0,0,0,0,0,0,0,0,0
24,KALIMANTAN UTARA,359,KAB. MALINAU,4837,Malinau Selatan Hulu,8,8,8,7,0,0,0,0,0,0,0,0,0,0
24,KALIMANTAN UTARA,359,KAB. MALINAU,4831,Malinau Utara,12,12,12,6,0,0,0,0,0,0,0,0,0,0
24,KALIMANTAN UTARA,359,KAB. MALINAU,4825,Mentarang,6,6,6,3,0,0,0,0,0,0,0,0,0,0
24,KALIMANTAN UTARA,359,KAB. MALINAU,6996,Mentarang Hulu,10,10,10,5,0,0,0,0,0,0,0,0,0,0
24,KALIMANTAN UTARA,359,KAB. MALINAU,4827,Pujungan,9,9,9,3,0,0,0,0,0,0,0,0,0,0
24,KALIMANTAN UTARA,359,KAB. MALINAU,4833,Sungai Boh,6,6,6,2,0,0,0,0,0,0,0,0,0,0
24,KALIMANTAN UTARA,359,KAB. MALINAU,4838,Sungai Tubu,5,5,5,4,0,0,0,0,0,0,0,0,0,0
24,KALIMANTAN UTARA,360,KAB. NUNUKAN,4843,Krayan,8,8,8,4,0,0,0,0,0,0,0,0,0,0
24,KALIMANTAN UTARA,360,KAB. NUNUKAN,6999,Krayan Barat,15,15,15,5,0,0,0,0,0,0,0,0,0,0
24,KALIMANTAN UTARA,360,KAB. NUNUKAN,4845,Krayan Selatan,1,1,1,0,0,0,0,0,0,0,0,0,0,0
24,KALIMANTAN UTARA,360,KAB. NUNUKAN,6997,Krayan Tengah,4,4,4,2,0,0,0,0,0,0,0,0,0,0
24,KALIMANTAN UTARA,360,KAB. NUNUKAN,6998,Krayan Timur,2,2,2,1,0,0,0,0,0,0,0,0,0,0
24,KALIMANTAN UTARA,360,KAB. NUNUKAN,4842,Lumbis,25,25,25,23,0,0,0,0,0,0,0,0,0,0
24,KALIMANTAN UTARA,360,KAB. NUNUKAN,7000,Lumbis Hulu,5,5,5,5,0,0,0,0,0,0,0,0,0,0
24,KALIMANTAN UTARA,360,KAB. NUNUKAN,4853,Lumbis Ogong,26,26,26,24,0,0,0,0,0,0,0,0,0,0
24,KALIMANTAN UTARA,360,KAB. NUNUKAN,4855,Lumbis Pansiangan,13,13,13,13,0,0,0,400000,8,8,80000,8,8,480000
24,KALIMANTAN UTARA,360,KAB. NUNUKAN,4840,Nunukan,5,5,5,5,0,0,0,0,0,0,0,0,0,0
24,KALIMANTAN UTARA,360,KAB. NUNUKAN,4847,Nunukan Selatan,4,4,4,4,0,0,0,0,0,0,0,0,0,0
24,KALIMANTAN UTARA,360,KAB. NUNUKAN,4839,Sebatik,4,4,4,3,0,0,0,300000,6,6,0,0,0,300000
24,KALIMANTAN UTARA,360,KAB. NUNUKAN,4846,Sebatik Barat,4,4,4,4,0,0,0,1100000,11,11,160000,5,5,1260000
24,KALIMANTAN UTARA,360,KAB. NUNUKAN,4850,Sebatik Tengah,4,4,4,4,0,0,0,1100000,11,11,580000,9,11,1680000
24,KALIMANTAN UTARA,360,KAB. NUNUKAN,4848,Sebatik Timur,4,4,4,1,0,0,0,0,0,0,0,0,0,0
24,KALIMANTAN UTARA,360,KAB. NUNUKAN,4849,Sebatik Utara,3,3,3,3,0,0,0,1000000,20,20,1000000,20,20,2000000
24,KALIMANTAN UTARA,360,KAB. NUNUKAN,4844,Sebuku,10,10,10,6,0,8,921398000,0,0,0,0,0,0,0
24,KALIMANTAN UTARA,360,KAB. NUNUKAN,4851,Sei Menggaris,4,4,4,3,0,0,0,6000000,6,6,100000,2,2,6100000
24,KALIMANTAN UTARA,360,KAB. NUNUKAN,4841,Sembakung,10,10,10,9,0,0,0,0,0,0,0,0,0,0
24,KALIMANTAN UTARA,360,KAB. NUNUKAN,4854,Sembakung Atulai,8,8,8,8,0,0,0,920000,36,36,560000,36,56,1480000
24,KALIMANTAN UTARA,360,KAB. NUNUKAN,4852,Tulin Onsoi,12,12,12,11,0,0,0,0,0,0,0,0,0,0
24,KALIMANTAN UTARA,361,KAB. TANA TIDUNG,4859,Betayau,5,5,5,3,0,0,0,0,0,0,0,0,0,0
24,KALIMANTAN UTARA,361,KAB. TANA TIDUNG,4860,Muruk Rian,6,6,6,6,0,0,0,0,0,0,0,0,0,0
24,KALIMANTAN UTARA,361,KAB. TANA TIDUNG,4856,Sesayap,7,7,7,7,0,0,0,0,0,0,0,0,0,0
24,KALIMANTAN UTARA,361,KAB. TANA TIDUNG,4857,Sesayap Hilir,8,8,8,8,0,0,0,0,0,0,0,0,0,0
24,KALIMANTAN UTARA,361,KAB. TANA TIDUNG,4858,Tana Lia,5,5,5,5,0,0,0,0,0,0,0,0,0,0
24,KALIMANTAN UTARA,362,KOTA TARAKAN,4861,Tarakan Barat,5,5,5,4,0,1,60000,0,0,0,0,0,0,0
24,KALIMANTAN UTARA,362,KOTA TARAKAN,4862,Tarakan Tengah,5,5,5,5,0,7010,85386000,0,0,0,0,0,0,0
24,KALIMANTAN UTARA,362,KOTA TARAKAN,4863,Tarakan Timur,7,7,7,7,0,15070,181095000,3900000,13,13,1950000,13,39,5850000
24,KALIMANTAN UTARA,362,KOTA TARAKAN,4864,Tarakan Utara,3,3,3,2,0,0,0,0,0,0,0,0,0,0
9,KEPULAUAN BANGKA BELITUNG,140,KAB. BANGKA,1682,Bakam,9,9,9,9,0,0,0,3250000,65,65,3620000,58,362,6870000
9,KEPULAUAN BANGKA BELITUNG,140,KAB. BANGKA,1678,Belinyu,12,12,12,12,0,0,0,100000,2,2,0,0,0,100000
9,KEPULAUAN BANGKA BELITUNG,140,KAB. BANGKA,1680,Mendo Barat,15,15,15,15,0,0,0,0,0,0,0,0,0,0
9,KEPULAUAN BANGKA BELITUNG,140,KAB. BANGKA,1679,Merawang,10,10,10,10,0,0,0,0,0,0,0,0,0,0
9,KEPULAUAN BANGKA BELITUNG,140,KAB. BANGKA,1681,Pemali,6,6,6,6,0,0,0,2000000,20,20,750000,75,75,2750000
9,KEPULAUAN BANGKA BELITUNG,140,KAB. BANGKA,1684,Puding Besar,7,7,7,7,0,0,0,1900000,19,19,190000,19,19,2090000
9,KEPULAUAN BANGKA BELITUNG,140,KAB. BANGKA,1683,Riau Silip,9,9,9,9,0,0,0,250000,5,5,50000,5,5,300000
9,KEPULAUAN BANGKA BELITUNG,140,KAB. BANGKA,1677,Sungailiat,13,13,13,13,0,0,0,650000,13,13,265000,13,13,915000
9,KEPULAUAN BANGKA BELITUNG,144,KAB. BANGKA BARAT,1704,Jebus,11,11,11,11,0,0,0,0,0,0,0,0,0,0
9,KEPULAUAN BANGKA BELITUNG,144,KAB. BANGKA BARAT,1705,Kelapa,14,14,14,14,0,0,0,1050000,21,21,180000,18,18,1230000
9,KEPULAUAN BANGKA BELITUNG,144,KAB. BANGKA BARAT,6802,Mentok,9,9,9,9,0,0,0,9800000,174,174,10455000,147,580,20255000
9,KEPULAUAN BANGKA BELITUNG,144,KAB. BANGKA BARAT,1707,Parittiga,10,10,10,10,0,0,0,670000,10,10,60000,3,3,730000
9,KEPULAUAN BANGKA BELITUNG,144,KAB. BANGKA BARAT,1703,Simpang Teritip,13,13,13,13,0,0,0,1250200,27,27,30,3,3,1250230
9,KEPULAUAN BANGKA BELITUNG,144,KAB. BANGKA BARAT,1706,Tempilang,9,9,9,9,0,0,0,7800000,110,110,2705000,41,112,10505000
9,KEPULAUAN BANGKA BELITUNG,142,KAB. BANGKA SELATAN,1691,Airgegas,10,10,10,10,0,0,0,0,0,0,0,0,0,0
9,KEPULAUAN BANGKA BELITUNG,142,KAB. BANGKA SELATAN,1696,Kepulauan Pongok,2,2,2,2,0,0,0,0,0,0,0,0,0,0
9,KEPULAUAN BANGKA BELITUNG,142,KAB. BANGKA SELATAN,6801,Lepar,4,4,4,4,0,0,0,0,0,0,0,0,0,0
9,KEPULAUAN BANGKA BELITUNG,142,KAB. BANGKA SELATAN,1693,Payung,9,9,9,9,0,0,0,450000,9,9,50000,5,5,500000
9,KEPULAUAN BANGKA BELITUNG,142,KAB. BANGKA SELATAN,1695,Pulau Besar,5,5,5,5,0,225,414000,2200000,44,44,1180000,34,118,3380000
9,KEPULAUAN BANGKA BELITUNG,142,KAB. BANGKA SELATAN,1692,Simpang Rimba,7,7,7,7,0,0,0,600000,12,12,140000,10,14,740000
9,KEPULAUAN BANGKA BELITUNG,142,KAB. BANGKA SELATAN,1690,Toboali,11,11,11,11,0,0,0,50000,1,1,0,0,0,50000
9,KEPULAUAN BANGKA BELITUNG,142,KAB. BANGKA SELATAN,1694,Tukak Sadai,5,5,5,5,0,0,0,3100000,62,62,470000,34,47,3570000
9,KEPULAUAN BANGKA BELITUNG,143,KAB. BANGKA TENGAH,1697,Koba,11,11,11,11,0,0,0,5400000,54,54,0,0,0,5400000
9,KEPULAUAN BANGKA BELITUNG,143,KAB. BANGKA TENGAH,1702,Lubuk Besar,9,9,9,9,0,0,0,550000,11,11,255000,10,17,805000
9,KEPULAUAN BANGKA BELITUNG,143,KAB. BANGKA TENGAH,1701,Namang,8,8,8,8,0,0,0,0,0,0,0,0,0,0
9,KEPULAUAN BANGKA BELITUNG,143,KAB. BANGKA TENGAH,1698,Pangkalan Baru,12,12,12,12,0,0,0,0,0,0,0,0,0,0
9,KEPULAUAN BANGKA BELITUNG,143,KAB. BANGKA TENGAH,1700,Simpang Katis,10,10,10,10,0,0,0,0,0,0,0,0,0,0
9,KEPULAUAN BANGKA BELITUNG,143,KAB. BANGKA TENGAH,1699,Sungai Selan,13,13,13,12,0,0,0,1100000,11,11,360000,11,18,1460000
9,KEPULAUAN BANGKA BELITUNG,141,KAB. BELITUNG,1689,Badau,7,7,7,6,0,0,0,3010000,29,29,1040000,18,104,4050000
9,KEPULAUAN BANGKA BELITUNG,141,KAB. BELITUNG,1686,Membalong,12,12,12,9,0,0,0,0,0,0,0,0,0,0
9,KEPULAUAN BANGKA BELITUNG,141,KAB. BELITUNG,1687,Selat Nasik,4,4,4,4,0,0,0,0,0,0,0,0,0,0
9,KEPULAUAN BANGKA BELITUNG,141,KAB. BELITUNG,1688,Sijuk,10,10,10,10,0,0,0,7570000,125,125,5720000,111,619,13290000
9,KEPULAUAN BANGKA BELITUNG,141,KAB. BELITUNG,1685,Tanjungpandan,17,16,16,16,0,0,0,3890000,74,74,265000,27,27,4155000
9,KEPULAUAN BANGKA BELITUNG,145,KAB. BELITUNG TIMUR,1712,Damar,5,5,5,5,0,0,0,2300000,23,23,0,0,0,2300000
9,KEPULAUAN BANGKA BELITUNG,145,KAB. BELITUNG TIMUR,1710,Dendang,4,4,4,4,0,0,0,0,0,0,0,0,0,0
9,KEPULAUAN BANGKA BELITUNG,145,KAB. BELITUNG TIMUR,1709,Gantung,7,7,7,7,0,0,0,0,0,0,0,0,0,0
9,KEPULAUAN BANGKA BELITUNG,145,KAB. BELITUNG TIMUR,1711,Kelapa Kampit,6,6,6,4,0,0,0,3700000,38,38,6140000,36,303,9840000
9,KEPULAUAN BANGKA BELITUNG,145,KAB. BELITUNG TIMUR,1708,Manggar,9,9,9,8,0,0,0,0,0,0,0,0,0,0
9,KEPULAUAN BANGKA BELITUNG,145,KAB. BELITUNG TIMUR,1714,Simpang Pesak,4,4,4,4,0,0,0,1400000,14,14,0,0,0,1400000
9,KEPULAUAN BANGKA BELITUNG,145,KAB. BELITUNG TIMUR,1713,Simpang Renggiang,4,4,4,4,0,0,0,0,0,0,0,0,0,0
9,KEPULAUAN BANGKA BELITUNG,146,KOTA PANGKAL PINANG,1715,Bukit Intan,7,7,7,7,0,0,0,0,0,0,0,0,0,0
9,KEPULAUAN BANGKA BELITUNG,146,KOTA PANGKAL PINANG,1720,Gabek,6,6,6,6,0,0,0,390000,26,26,560000,27,56,950000
9,KEPULAUAN BANGKA BELITUNG,146,KOTA PANGKAL PINANG,1719,Gerunggang,6,6,6,6,0,0,0,0,0,0,0,0,0,0
9,KEPULAUAN BANGKA BELITUNG,146,KOTA PANGKAL PINANG,1721,Girimaya,5,5,5,5,0,0,0,0,0,0,0,0,0,0
9,KEPULAUAN BANGKA BELITUNG,146,KOTA PANGKAL PINANG,1717,Pangkal Balam,5,5,5,5,0,0,0,0,0,0,0,0,0,0
9,KEPULAUAN BANGKA BELITUNG,146,KOTA PANGKAL PINANG,1718,Rangkui,8,8,8,8,0,0,0,0,0,0,0,0,0,0
9,KEPULAUAN BANGKA BELITUNG,146,KOTA PANGKAL PINANG,1716,Taman Sari,5,5,5,5,0,0,0,0,0,0,0,0,0,0
10,KEPULAUAN RIAU,147,KAB. BINTAN,1729,Bintan Pesisir,4,4,4,4,0,0,0,300000,3,3,30000,3,3,330000
10,KEPULAUAN RIAU,147,KAB. BINTAN,1723,Bintan Timur,4,4,4,4,0,0,0,0,0,0,0,0,0,0
10,KEPULAUAN RIAU,147,KAB. BINTAN,1724,Bintan Utara,5,5,5,5,0,0,0,4600000,46,46,3760000,45,188,8360000
10,KEPULAUAN RIAU,147,KAB. BINTAN,1722,Gunung Kijang,4,4,4,4,0,0,0,11900000,119,119,1960000,110,300,13860000
10,KEPULAUAN RIAU,147,KAB. BINTAN,1728,Mantang,4,4,4,4,0,0,0,0,0,0,0,0,0,0
10,KEPULAUAN RIAU,147,KAB. BINTAN,1730,Seri Kuala Lobam,5,5,5,5,0,0,0,1300000,13,13,460000,13,23,1760000
10,KEPULAUAN RIAU,147,KAB. BINTAN,1726,Tambelan,8,8,8,8,0,0,0,4500000,45,45,900000,45,85,5400000
10,KEPULAUAN RIAU,147,KAB. BINTAN,1725,Teluk Bintan,6,6,6,6,0,0,0,0,0,0,0,0,0,0
10,KEPULAUAN RIAU,147,KAB. BINTAN,6803,Teluk Sebong,7,7,7,7,0,0,0,0,0,0,0,0,0,0
10,KEPULAUAN RIAU,147,KAB. BINTAN,1727,Toapaya,4,4,4,4,0,0,0,0,0,0,0,0,0,0
10,KEPULAUAN RIAU,148,KAB. KARIMUN,1742,Belat,6,6,6,3,0,0,0,0,0,0,0,0,0,0
10,KEPULAUAN RIAU,148,KAB. KARIMUN,1736,Buru,4,4,4,2,0,0,0,0,0,0,0,0,0,0
10,KEPULAUAN RIAU,148,KAB. KARIMUN,1739,Durai,4,4,4,3,0,0,0,0,0,0,0,0,0,0
10,KEPULAUAN RIAU,148,KAB. KARIMUN,1733,Karimun,6,6,6,5,0,0,0,50000,1,1,10000,1,1,60000
10,KEPULAUAN RIAU,148,KAB. KARIMUN,1732,Kundur,6,6,6,5,0,0,0,4200000,42,42,60000,1,1,4260000
10,KEPULAUAN RIAU,148,KAB. KARIMUN,1738,Kundur Barat,5,5,5,4,0,0,0,0,0,0,0,0,0,0
10,KEPULAUAN RIAU,148,KAB. KARIMUN,1737,Kundur Utara,5,5,5,5,0,0,0,1300000,13,13,200000,14,20,1500000
10,KEPULAUAN RIAU,148,KAB. KARIMUN,1734,Meral,6,6,6,6,0,0,0,100000,1,1,10000,1,1,110000
10,KEPULAUAN RIAU,148,KAB. KARIMUN,1740,Meral Barat,4,4,4,4,0,0,0,0,0,0,0,0,0,0
10,KEPULAUAN RIAU,148,KAB. KARIMUN,1731,Moro,5,5,5,3,0,0,0,0,0,0,0,0,0,0
10,KEPULAUAN RIAU,148,KAB. KARIMUN,6804,Selat Gelam,3,3,3,3,0,0,0,0,0,0,0,0,0,0
10,KEPULAUAN RIAU,148,KAB. KARIMUN,6805,Sugie Besar,7,7,7,4,0,0,0,0,0,0,0,0,0,0
10,KEPULAUAN RIAU,148,KAB. KARIMUN,1735,Tebing,6,6,6,5,0,0,0,600000,12,12,0,0,0,600000
10,KEPULAUAN RIAU,148,KAB. KARIMUN,1741,Ungar,4,4,4,0,0,0,0,0,0,0,0,0,0,0
10,KEPULAUAN RIAU,151,KAB. KEPULAUAN ANAMBAS,1775,Jemaja,5,5,5,3,0,0,0,0,0,0,0,0,0,0
10,KEPULAUAN RIAU,151,KAB. KEPULAUAN ANAMBAS,6810,Jemaja Barat,1,1,1,1,0,0,0,0,0,0,0,0,0,0
10,KEPULAUAN RIAU,151,KAB. KEPULAUAN ANAMBAS,1774,Jemaja Timur,3,3,3,3,0,0,0,0,0,0,0,0,0,0
10,KEPULAUAN RIAU,151,KAB. KEPULAUAN ANAMBAS,6811,Kute Siantan,4,4,4,2,0,0,0,0,0,0,0,0,0,0
10,KEPULAUAN RIAU,151,KAB. KEPULAUAN ANAMBAS,1771,Palmatak,6,6,6,2,0,0,0,0,0,0,0,0,0,0
10,KEPULAUAN RIAU,151,KAB. KEPULAUAN ANAMBAS,1770,Siantan,6,6,6,4,0,0,0,0,0,0,0,0,0,0
10,KEPULAUAN RIAU,151,KAB. KEPULAUAN ANAMBAS,1773,Siantan Selatan,5,5,5,3,0,0,0,0,0,0,0,0,0,0
10,KEPULAUAN RIAU,151,KAB. KEPULAUAN ANAMBAS,1776,Siantan Tengah,4,4,4,1,0,0,0,0,0,0,0,0,0,0
10,KEPULAUAN RIAU,151,KAB. KEPULAUAN ANAMBAS,1772,Siantan Timur,5,5,5,1,0,0,0,0,0,0,0,0,0,0
10,KEPULAUAN RIAU,151,KAB. KEPULAUAN ANAMBAS,6809,Siantan Utara,3,3,3,2,0,0,0,0,0,0,0,0,0,0
10,KEPULAUAN RIAU,150,KAB. LINGGA,6808,Bakung Serumpun,6,6,6,2,0,0,0,0,0,0,0,0,0,0
10,KEPULAUAN RIAU,150,KAB. LINGGA,1768,Katang Bidare,5,5,5,3,0,0,0,1800000,18,18,940000,17,47,2740000
10,KEPULAUAN RIAU,150,KAB. LINGGA,1767,Kepulauan Posek,3,3,3,3,0,0,0,0,0,0,0,0,0,0
10,KEPULAUAN RIAU,150,KAB. LINGGA,1759,Lingga,12,12,12,5,0,0,0,0,0,0,0,0,0,0
10,KEPULAUAN RIAU,150,KAB. LINGGA,1764,Lingga Timur,8,8,8,4,0,0,0,0,0,0,0,0,0,0
10,KEPULAUAN RIAU,150,KAB. LINGGA,1762,Lingga Utara,10,10,10,4,0,0,0,0,0,0,0,0,0,0
10,KEPULAUAN RIAU,150,KAB. LINGGA,1765,Selayar,4,4,4,2,0,0,0,0,0,0,0,0,0,0
10,KEPULAUAN RIAU,150,KAB. LINGGA,1760,Senayang,5,5,5,3,0,0,0,0,0,0,0,0,0,0
10,KEPULAUAN RIAU,150,KAB. LINGGA,1758,Singkep,6,6,6,6,0,0,0,5850000,39,39,1390000,36,139,7240000
10,KEPULAUAN RIAU,150,KAB. LINGGA,1761,Singkep Barat,12,12,12,8,0,0,0,0,0,0,0,0,0,0
10,KEPULAUAN RIAU,150,KAB. LINGGA,1763,Singkep Pesisir,6,6,6,5,0,0,0,0,0,0,0,0,0,0
10,KEPULAUAN RIAU,150,KAB. LINGGA,1766,Singkep Selatan,4,4,4,2,0,0,0,0,0,0,0,0,0,0
10,KEPULAUAN RIAU,150,KAB. LINGGA,1769,Temiang Pesisir,3,3,3,3,0,0,0,0,0,0,0,0,0,0
10,KEPULAUAN RIAU,149,KAB. NATUNA,1744,Bunguran Barat,5,5,5,3,0,0,0,750000,14,14,0,0,0,750000
10,KEPULAUAN RIAU,149,KAB. NATUNA,1755,Bunguran Batubi,5,5,5,4,0,0,0,0,0,0,0,0,0,0
10,KEPULAUAN RIAU,149,KAB. NATUNA,1753,Bunguran Selatan,4,4,4,4,0,0,0,1450000,29,29,25000,5,5,1475000
10,KEPULAUAN RIAU,149,KAB. NATUNA,1752,Bunguran Tengah,3,3,3,2,0,0,0,0,0,0,0,0,0,0
10,KEPULAUAN RIAU,149,KAB. NATUNA,1746,Bunguran Timur,7,7,7,7,0,0,0,950000,19,19,1700000,19,170,2650000
10,KEPULAUAN RIAU,149,KAB. NATUNA,1751,Bunguran Timur Laut,7,7,7,7,0,0,0,0,0,0,0,0,0,0
10,KEPULAUAN RIAU,149,KAB. NATUNA,1747,Bunguran Utara,6,6,6,2,0,0,0,1700000,34,34,175000,34,35,1875000
10,KEPULAUAN RIAU,149,KAB. NATUNA,1743,Midai,3,3,3,1,0,0,0,0,0,0,0,0,0,0
10,KEPULAUAN RIAU,149,KAB. NATUNA,1749,Pulau Laut,3,3,3,3,0,0,0,0,0,0,0,0,0,0
10,KEPULAUAN RIAU,149,KAB. NATUNA,6806,Pulau Panjang,2,2,2,2,0,0,0,0,0,0,0,0,0,0
10,KEPULAUAN RIAU,149,KAB. NATUNA,6807,Pulau Seluan,2,2,2,1,0,0,0,0,0,0,0,0,0,0
10,KEPULAUAN RIAU,149,KAB. NATUNA,1750,Pulau Tiga,6,6,6,5,0,0,0,0,0,0,0,0,0,0
10,KEPULAUAN RIAU,149,KAB. NATUNA,1756,Pulau Tiga Barat,4,4,4,4,0,0,0,0,0,0,0,0,0,0
10,KEPULAUAN RIAU,149,KAB. NATUNA,1745,Serasan,7,7,7,3,0,0,0,0,0,0,0,0,0,0
10,KEPULAUAN RIAU,149,KAB. NATUNA,1754,Serasan Timur,4,4,4,1,0,0,0,0,0,0,0,0,0,0
10,KEPULAUAN RIAU,149,KAB. NATUNA,1757,Suak Midai,3,3,3,1,0,0,0,0,0,0,0,0,0,0
10,KEPULAUAN RIAU,149,KAB. NATUNA,1748,Subi,6,6,6,5,0,0,0,50000,1,1,0,0,0,50000
10,KEPULAUAN RIAU,152,KOTA BATAM,1785,Batam Kota,6,6,6,6,0,0,0,5400000,36,36,0,0,0,5400000
10,KEPULAUAN RIAU,152,KOTA BATAM,1787,Batu Aji,4,4,4,4,0,0,0,0,0,0,0,0,0,0
10,KEPULAUAN RIAU,152,KOTA BATAM,1778,Batu Ampar,4,4,4,1,0,0,0,0,0,0,0,0,0,0
10,KEPULAUAN RIAU,152,KOTA BATAM,1777,Belakang Padang,6,6,6,6,0,0,0,14700000,147,147,3220000,133,161,17920000
10,KEPULAUAN RIAU,152,KOTA BATAM,1784,Bengkong,4,4,4,4,0,0,0,0,0,0,0,0,0,0
10,KEPULAUAN RIAU,152,KOTA BATAM,1781,Bulang,6,6,6,6,0,0,0,50000,1,1,0,0,0,50000
10,KEPULAUAN RIAU,152,KOTA BATAM,1783,Galang,8,8,8,6,0,0,0,0,0,0,0,0,0,0
10,KEPULAUAN RIAU,152,KOTA BATAM,1782,Lubuk Baja,5,5,5,4,0,0,0,0,0,0,0,0,0,0
10,KEPULAUAN RIAU,152,KOTA BATAM,1780,Nongsa,4,4,4,4,0,0,0,0,0,0,0,0,0,0
10,KEPULAUAN RIAU,152,KOTA BATAM,1786,Sagulung,6,6,6,5,0,0,0,200000,2,2,0,0,0,200000
10,KEPULAUAN RIAU,152,KOTA BATAM,6812,Sei Beduk,4,4,4,4,0,0,0,0,0,0,0,0,0,0
10,KEPULAUAN RIAU,152,KOTA BATAM,1779,Sekupang,7,7,7,7,0,0,0,16200000,142,142,12750000,132,374,28950000
10,KEPULAUAN RIAU,153,KOTA TANJUNG PINANG,1791,Bukit Bestari,5,5,5,5,0,0,0,1000000,10,10,20000,1,1,1020000
10,KEPULAUAN RIAU,153,KOTA TANJUNG PINANG,1788,Tanjung Pinang Barat,4,4,4,4,0,0,0,0,0,0,0,0,0,0
10,KEPULAUAN RIAU,153,KOTA TANJUNG PINANG,1790,Tanjung Pinang Kota,4,4,4,4,0,0,0,0,0,0,0,0,0,0
10,KEPULAUAN RIAU,153,KOTA TANJUNG PINANG,1789,Tanjung Pinang Timur,5,5,5,5,0,0,0,3550000,50,50,1910000,44,80,5460000
8,LAMPUNG,125,KAB. LAMPUNG BARAT,1459,Air Hitam,10,10,10,7,0,0,0,4100,82,82,4100,82,410,8200
8,LAMPUNG,125,KAB. LAMPUNG BARAT,1526,Balik Bukit,12,12,12,11,0,0,0,2800000,28,28,170000,17,17,2970000
8,LAMPUNG,125,KAB. LAMPUNG BARAT,6794,Bandar Negeri Suoh,10,10,10,7,0,0,0,0,0,0,0,0,0,0
8,LAMPUNG,125,KAB. LAMPUNG BARAT,1532,Batu Brak,11,11,11,8,0,0,0,0,0,0,0,0,0,0
8,LAMPUNG,125,KAB. LAMPUNG BARAT,1536,Batu Ketulis,10,9,10,9,0,0,0,0,0,0,0,0,0,0
8,LAMPUNG,125,KAB. LAMPUNG BARAT,1528,Belalau,10,10,10,7,0,0,0,0,0,0,0,0,0,0
8,LAMPUNG,125,KAB. LAMPUNG BARAT,1533,Gedung Surian,5,5,5,5,0,181008,340363000,0,0,0,0,0,0,0
8,LAMPUNG,125,KAB. LAMPUNG BARAT,1534,Kebun Tebu,10,10,10,10,0,0,0,9650000,96,96,490000,27,27,10140000
8,LAMPUNG,125,KAB. LAMPUNG BARAT,6793,Lumbok Seminung,10,10,10,6,0,0,0,150000,3,3,420000,3,21,570000
8,LAMPUNG,125,KAB. LAMPUNG BARAT,1535,Pagar Dewa,10,10,10,6,0,0,0,0,0,0,0,0,0,0
8,LAMPUNG,125,KAB. LAMPUNG BARAT,1530,Sekincau,5,5,5,4,0,0,0,0,0,0,0,0,0,0
8,LAMPUNG,125,KAB. LAMPUNG BARAT,1458,Sukau,10,10,10,10,0,0,0,13655000,274,274,1130000,265,383,14785000
8,LAMPUNG,125,KAB. LAMPUNG BARAT,1527,Sumber Jaya,6,6,6,6,0,0,0,33100000,169,169,12610000,157,837,45710000
8,LAMPUNG,125,KAB. LAMPUNG BARAT,1531,Suoh,7,7,7,6,0,0,0,150000,1,1,0,0,0,150000
8,LAMPUNG,125,KAB. LAMPUNG BARAT,1529,Way Tenong,9,9,9,4,0,0,0,0,0,0,0,0,0,0
8,LAMPUNG,126,KAB. LAMPUNG SELATAN,1473,Bakauheni,5,5,5,3,0,0,0,1700000,17,17,1800000,18,72,3500000
8,LAMPUNG,126,KAB. LAMPUNG SELATAN,1471,Candipuro,14,14,14,9,0,0,0,3300000,33,33,0,0,0,3300000
8,LAMPUNG,126,KAB. LAMPUNG SELATAN,1467,Jati Agung,21,21,21,18,0,102550,185670000,7805000,142,142,2880000,144,144,10685000
8,LAMPUNG,126,KAB. LAMPUNG SELATAN,1462,Kalianda,29,29,29,28,0,0,0,15600000,140,140,5220000,128,303,20820000
8,LAMPUNG,126,KAB. LAMPUNG SELATAN,1464,Katibung,12,12,12,10,0,16112,20140000,39584000,85,85,4617000,61,171,44201000
8,LAMPUNG,126,KAB. LAMPUNG SELATAN,1468,Ketapang,17,17,17,12,0,210500,383556000,52950000,508,508,9300000,412,1066,62250000
8,LAMPUNG,126,KAB. LAMPUNG SELATAN,1472,Merbau Mataram,15,15,15,8,0,159440,290708000,0,0,0,0,0,0,0
8,LAMPUNG,126,KAB. LAMPUNG SELATAN,1460,Natar,26,26,26,26,0,172750,314952000,200000,4,4,1,1,1,200001
8,LAMPUNG,126,KAB. LAMPUNG SELATAN,1466,Palas,21,21,21,10,0,132200,240998000,5500000,30,30,900000,16,88,6400000
8,LAMPUNG,126,KAB. LAMPUNG SELATAN,1465,Penengahan,22,22,22,14,0,0,0,0,0,0,0,0,0,0
8,LAMPUNG,126,KAB. LAMPUNG SELATAN,1470,Raja Basa,16,16,16,8,0,0,0,300000,3,3,0,0,0,300000
8,LAMPUNG,126,KAB. LAMPUNG SELATAN,1463,Sidomulyo,16,16,16,12,0,0,0,13000000,75,75,275000,22,23,13275000
8,LAMPUNG,126,KAB. LAMPUNG SELATAN,1469,Sragi,10,10,10,8,0,0,0,7700000,154,154,30000,3,3,7730000
8,LAMPUNG,126,KAB. LAMPUNG SELATAN,1461,Tanjung Bintang,16,16,16,13,0,0,0,500000,5,5,0,0,0,500000
8,LAMPUNG,126,KAB. LAMPUNG SELATAN,1474,Tanjung Sari,8,8,8,8,0,5,157000,4120000,158,158,1610000,28,161,5730000
8,LAMPUNG,126,KAB. LAMPUNG SELATAN,1476,Way Panji,4,4,4,1,0,0,0,5300000,53,53,2510000,48,251,7810000
8,LAMPUNG,126,KAB. LAMPUNG SELATAN,1475,Way Sulan,8,8,8,8,0,0,0,1800000,18,18,0,0,0,1800000
8,LAMPUNG,127,KAB. LAMPUNG TENGAH,1502,Anak Ratu Aji,6,6,6,6,0,0,0,5150000,103,103,280000,28,28,5430000
8,LAMPUNG,127,KAB. LAMPUNG TENGAH,1496,Anak Tuha,12,12,12,8,0,0,0,790000,23,23,190000,23,23,980000
8,LAMPUNG,127,KAB. LAMPUNG TENGAH,1493,Bandar Mataram,9,9,9,6,0,0,0,1300000,26,26,300000,12,26,1600000
8,LAMPUNG,127,KAB. LAMPUNG TENGAH,1501,Bandar Surabaya,10,10,10,10,0,775,12450000,31880000,475,475,9310000,338,922,41190000
8,LAMPUNG,127,KAB. LAMPUNG TENGAH,1478,Bangun Rejo,17,17,17,15,0,0,0,0,0,0,0,0,0,0
8,LAMPUNG,127,KAB. LAMPUNG TENGAH,1491,Bekri,8,8,8,6,0,0,0,0,0,0,0,0,0,0
8,LAMPUNG,127,KAB. LAMPUNG TENGAH,1499,Bumi Nabung,7,7,7,7,0,0,0,0,0,0,0,0,0,0
8,LAMPUNG,127,KAB. LAMPUNG TENGAH,1490,Bumi Ratu Nuban,10,10,10,10,0,0,0,1900000,19,19,0,0,0,1900000
8,LAMPUNG,127,KAB. LAMPUNG TENGAH,1480,Gunung Sugih,15,15,15,15,0,0,0,3500000,35,35,2100000,35,84,5600000
8,LAMPUNG,127,KAB. LAMPUNG TENGAH,1477,Kalirejo,17,17,17,8,0,0,0,500000,5,5,100000,5,5,600000
8,LAMPUNG,127,KAB. LAMPUNG TENGAH,1498,Kota Gajah,7,7,7,5,0,0,0,4600000,57,57,5840000,81,362,10440000
8,LAMPUNG,127,KAB. LAMPUNG TENGAH,1479,Padang Ratu,15,15,15,11,0,0,0,2100000,42,42,995000,41,199,3095000
8,LAMPUNG,127,KAB. LAMPUNG TENGAH,1494,Pubian,20,20,20,16,0,0,0,310000,31,31,0,0,0,310000
8,LAMPUNG,127,KAB. LAMPUNG TENGAH,1482,Punggur,9,9,9,7,0,0,0,25300000,252,252,6990000,168,567,32290000
8,LAMPUNG,127,KAB. LAMPUNG TENGAH,1503,Putra Rumbia,10,10,10,8,0,0,0,600000,1,1,5000,1,1,605000
8,LAMPUNG,127,KAB. LAMPUNG TENGAH,1485,Rumbia,9,9,9,9,0,0,0,9800000,43,43,285000,43,129,10085000
8,LAMPUNG,127,KAB. LAMPUNG TENGAH,1495,Selagai Lingga,14,14,14,8,0,0,0,1400000,4,4,60000,3,3,1460000
8,LAMPUNG,127,KAB. LAMPUNG TENGAH,1497,Sendang Agung,9,9,9,4,0,0,0,250000,5,5,45000,1,9,295000
8,LAMPUNG,127,KAB. LAMPUNG TENGAH,1492,Seputih Agung,10,10,10,10,0,2,120000,27100000,442,442,18900000,342,3780,46000000
8,LAMPUNG,127,KAB. LAMPUNG TENGAH,1486,Seputih Banyak,13,13,13,12,0,800,2240000,8300000,124,124,7855000,119,476,16155000
8,LAMPUNG,127,KAB. LAMPUNG TENGAH,1487,Seputih Mataram,12,12,12,12,0,3180,43072000,12450000,158,158,5900000,157,218,18350000
8,LAMPUNG,127,KAB. LAMPUNG TENGAH,1484,Seputih Raman,14,14,14,14,0,0,0,12750000,300,300,16930000,310,1951,29680000
8,LAMPUNG,127,KAB. LAMPUNG TENGAH,1488,Seputih Surabaya,13,13,13,10,0,0,0,300000,6,6,80000,8,8,380000
8,LAMPUNG,127,KAB. LAMPUNG TENGAH,1483,Terbanggi Besar,10,10,10,9,0,7,72000,5400000,58,58,400000,39,40,5800000
8,LAMPUNG,127,KAB. LAMPUNG TENGAH,1489,Terusan Nunyai,7,7,7,6,0,0,0,7650000,150,154,4630000,170,463,12280000
8,LAMPUNG,127,KAB. LAMPUNG TENGAH,1481,Trimurjo,14,14,14,14,0,153,3213000,10100000,110,110,210000,21,21,10310000
8,LAMPUNG,127,KAB. LAMPUNG TENGAH,6791,Way Pengubuan,8,8,8,5,0,0,0,500000,5,5,85000,4,4,585000
8,LAMPUNG,127,KAB. LAMPUNG TENGAH,1500,Way Seputih,6,6,6,5,0,0,0,0,0,0,10000,1,1,10000
8,LAMPUNG,131,KAB. LAMPUNG TIMUR,6796,Bandar Sribhawono,7,7,7,6,0,717300,1313044000,1150000,7,7,810000,19,77,1960000
8,LAMPUNG,131,KAB. LAMPUNG TIMUR,1576,Batanghari,17,17,17,17,0,0,0,1950000,23,23,10000,2,2,1960000
8,LAMPUNG,131,KAB. LAMPUNG TIMUR,1583,Batanghari Nuban,13,13,13,10,0,0,0,4300000,43,43,420000,42,42,4720000
8,LAMPUNG,131,KAB. LAMPUNG TIMUR,1591,Braja Selebah,7,7,7,6,0,0,0,0,0,0,10000,1,1,10000
8,LAMPUNG,131,KAB. LAMPUNG TIMUR,1584,Bumi Agung,7,6,7,3,0,0,0,0,0,0,0,0,0,0
8,LAMPUNG,131,KAB. LAMPUNG TIMUR,1587,Gunung Pelindung,5,5,5,5,0,292,4199200,1300,13,13,1470,14,98,2770
8,LAMPUNG,131,KAB. LAMPUNG TIMUR,1573,Jabung,15,15,15,11,0,388950,708344000,0,0,0,0,0,0,0
8,LAMPUNG,131,KAB. LAMPUNG TIMUR,1572,Labuhan Maringgai,11,11,11,11,0,79860,146126400,11100000,129,129,5350000,127,295,16450000
8,LAMPUNG,131,KAB. LAMPUNG TIMUR,1590,Labuhan Ratu,11,11,11,11,0,0,0,0,0,0,0,0,0,0
8,LAMPUNG,131,KAB. LAMPUNG TIMUR,1593,Marga Sekampung,8,8,8,5,0,124600,226874000,0,0,0,0,0,0,0
8,LAMPUNG,131,KAB. LAMPUNG TIMUR,1581,Marga Tiga,13,13,13,10,0,0,0,10300000,212,212,1650000,165,165,11950000
8,LAMPUNG,131,KAB. LAMPUNG TIMUR,1585,Mataram Baru,7,7,7,7,0,0,0,4550000,37,37,630000,27,39,5180000
8,LAMPUNG,131,KAB. LAMPUNG TIMUR,1586,Melinting,6,6,6,5,0,0,0,1000000,10,10,0,0,0,1000000
8,LAMPUNG,131,KAB. LAMPUNG TIMUR,1580,Metro Kibang,7,7,7,7,0,0,0,0,0,0,0,0,0,0
8,LAMPUNG,131,KAB. LAMPUNG TIMUR,1588,Pasir Sakti,8,8,8,7,0,0,0,2400000,12,12,0,0,0,2400000
8,LAMPUNG,131,KAB. LAMPUNG TIMUR,1574,Pekalongan,12,12,12,10,0,0,0,1300000,13,13,100000,5,5,1400000
8,LAMPUNG,131,KAB. LAMPUNG TIMUR,1578,Purbolinggo,12,12,12,12,0,0,0,2350000,47,47,210000,38,42,2560000
8,LAMPUNG,131,KAB. LAMPUNG TIMUR,1579,Raman Utara,11,11,11,5,0,221302,402882000,4100000,78,78,2500000,75,250,6600000
8,LAMPUNG,131,KAB. LAMPUNG TIMUR,1575,Sekampung,17,17,17,15,0,0,0,16600000,166,166,0,0,0,16600000
8,LAMPUNG,131,KAB. LAMPUNG TIMUR,1582,Sekampung Udik,15,15,15,12,0,0,0,600000,6,6,0,0,0,600000
8,LAMPUNG,131,KAB. LAMPUNG TIMUR,1571,Sukadana,20,19,20,12,0,0,0,650000,13,13,270000,11,31,920000
8,LAMPUNG,131,KAB. LAMPUNG TIMUR,1589,Waway Karya,11,11,11,11,0,0,0,0,0,0,0,0,0,0
8,LAMPUNG,131,KAB. LAMPUNG TIMUR,1592,Way Bungur,8,8,8,6,0,0,0,0,0,0,0,0,0,0
8,LAMPUNG,131,KAB. LAMPUNG TIMUR,1577,Way Jepara,16,16,16,13,0,0,0,0,0,0,0,0,0,0
8,LAMPUNG,128,KAB. LAMPUNG UTARA,1509,Abung Barat,14,14,14,8,0,0,0,0,0,0,0,0,0,0
8,LAMPUNG,128,KAB. LAMPUNG UTARA,1524,Abung Kunang,7,7,7,4,0,0,0,0,0,0,0,0,0,0
8,LAMPUNG,128,KAB. LAMPUNG UTARA,6792,Abung Pekurun,9,9,9,6,0,0,0,3800000,38,38,0,0,0,3800000
8,LAMPUNG,128,KAB. LAMPUNG UTARA,1510,Abung Selatan,16,16,16,13,0,194400,353842000,95950000,47,47,60000,2,3,96010000
8,LAMPUNG,128,KAB. LAMPUNG UTARA,1516,Abung Semuli,7,7,7,6,0,0,0,2250000,45,45,4130000,38,413,6380000
8,LAMPUNG,128,KAB. LAMPUNG UTARA,1517,Abung Surakarta,9,9,9,6,0,0,0,7285000,342,342,347000,63,64,7632000
8,LAMPUNG,128,KAB. LAMPUNG UTARA,1514,Abung Tengah,11,11,11,8,0,0,0,7700000,74,74,10010000,21,101,17710000
8,LAMPUNG,128,KAB. LAMPUNG UTARA,1508,Abung Timur,12,12,12,9,0,0,0,4000000,40,40,20000,2,2,4020000
8,LAMPUNG,128,KAB. LAMPUNG UTARA,1515,Abung Tinggi,8,8,8,5,0,0,0,0,0,0,0,0,0,0
8,LAMPUNG,128,KAB. LAMPUNG UTARA,1525,Blambangan Pagar,7,7,7,6,0,21,6130200,6150000,24,24,910000,13,91,7060000
8,LAMPUNG,128,KAB. LAMPUNG UTARA,1504,Bukit Kemuning,8,8,8,7,0,0,0,1000000,20,20,0,0,0,1000000
8,LAMPUNG,128,KAB. LAMPUNG UTARA,1519,Bunga Mayang,11,11,11,4,0,0,0,3400000,42,42,3650000,108,281,7050000
8,LAMPUNG,128,KAB. LAMPUNG UTARA,1520,Hulu Sungkai,10,10,10,8,0,0,0,600000,12,12,240000,12,12,840000
8,LAMPUNG,128,KAB. LAMPUNG UTARA,1505,Kotabumi,13,13,13,10,0,0,0,50000,1,1,20000,1,1,70000
8,LAMPUNG,128,KAB. LAMPUNG UTARA,1513,Kotabumi Selatan,14,14,14,14,0,0,0,2100000,42,42,8400000,42,336,10500000
8,LAMPUNG,128,KAB. LAMPUNG UTARA,1512,Kotabumi Utara,8,8,8,6,0,0,0,4370000,169,169,1520000,170,272,5890000
8,LAMPUNG,128,KAB. LAMPUNG UTARA,1518,Muara Sungkai,11,11,11,7,0,0,0,100000,1,1,0,0,0,100000
8,LAMPUNG,128,KAB. LAMPUNG UTARA,1523,Sungkai Barat,10,10,10,7,0,0,0,0,0,0,0,0,0,0
8,LAMPUNG,128,KAB. LAMPUNG UTARA,1522,Sungkai Jaya,9,9,9,6,0,0,0,0,0,0,0,0,0,0
8,LAMPUNG,128,KAB. LAMPUNG UTARA,1506,Sungkai Selatan,11,11,11,4,0,1,6000,0,0,0,20000,1,1,20000
8,LAMPUNG,128,KAB. LAMPUNG UTARA,1521,Sungkai Tengah,8,8,8,5,0,0,0,50000,1,1,0,0,0,50000
8,LAMPUNG,128,KAB. LAMPUNG UTARA,1511,Sungkai Utara,15,15,15,8,0,0,0,75000,1,1,100000,4,4,175000
8,LAMPUNG,128,KAB. LAMPUNG UTARA,1507,Tanjung Raja,19,19,19,13,0,0,0,8900000,152,152,0,0,0,8900000
8,LAMPUNG,135,KAB. MESUJI,1619,Mesuji,11,11,11,10,0,0,0,4310000,97,97,2380000,90,323,6690000
8,LAMPUNG,135,KAB. MESUJI,1620,Mesuji Timur,20,20,20,17,0,340000,619880000,4600000,46,46,400000,23,39,5000000
8,LAMPUNG,135,KAB. MESUJI,1624,Panca Jaya,7,7,7,6,0,0,0,16950000,170,170,295000,24,36,17245000
8,LAMPUNG,135,KAB. MESUJI,1621,Rawa Jitu Utara,13,13,13,13,0,0,0,0,0,0,0,0,0,0
8,LAMPUNG,135,KAB. MESUJI,1623,Simpang Pematang,13,13,13,13,0,0,0,0,0,0,0,0,0,0
8,LAMPUNG,135,KAB. MESUJI,1625,Tanjung Raya,21,21,21,18,0,0,0,600000,12,12,50000,1,1,650000
8,LAMPUNG,135,KAB. MESUJI,1622,Way Serdang,20,20,20,15,0,0,0,6310000,121,121,2280000,110,224,8590000
8,LAMPUNG,133,KAB. PESAWARAN,1609,Gedong Tataan,19,19,19,16,0,0,0,18850000,219,219,12880000,214,730,31730000
8,LAMPUNG,133,KAB. PESAWARAN,1614,Kedondong,12,12,12,11,0,0,0,500000,11,11,480000,10,24,980000
8,LAMPUNG,133,KAB. PESAWARAN,6798,Marga Punduh,10,10,10,5,0,0,0,3000000,30,30,5780040,31,291,8780040
8,LAMPUNG,133,KAB. PESAWARAN,1610,Negeri Katon,21,21,21,16,0,0,0,750000,12,12,20000,3,3,770000
8,LAMPUNG,133,KAB. PESAWARAN,1613,Padang Cermin,13,13,13,8,0,0,0,1800000,18,18,0,0,0,1800000
8,LAMPUNG,133,KAB. PESAWARAN,6797,Punduh Pidada,11,11,11,9,0,0,0,0,0,0,65000,13,13,65000
8,LAMPUNG,133,KAB. PESAWARAN,1611,Tegineneng,16,16,16,14,0,0,0,3000000,60,60,880000,56,83,3880000
8,LAMPUNG,133,KAB. PESAWARAN,1616,Teluk Pandan,10,10,10,8,0,0,0,100000,1,1,10000,1,1,110000
8,LAMPUNG,133,KAB. PESAWARAN,1615,Way Khilau,10,10,10,10,0,0,0,8200000,82,82,1110000,36,53,9310000
8,LAMPUNG,133,KAB. PESAWARAN,1612,Way Lima,16,16,16,16,0,0,0,2350000,47,47,450000,45,45,2800000
8,LAMPUNG,133,KAB. PESAWARAN,1617,Way Ratai,11,11,11,9,0,5,55000,27600000,142,142,1300000,65,130,28900000
8,LAMPUNG,137,KAB. PESISIR BARAT,6800,Bangkunat,14,14,14,14,0,0,0,0,0,0,0,0,0,0
8,LAMPUNG,137,KAB. PESISIR BARAT,1646,Karya Penggawa,12,12,12,7,0,0,0,0,0,0,0,0,0,0
8,LAMPUNG,137,KAB. PESISIR BARAT,1649,Krui Selatan,10,10,10,3,0,0,0,0,0,0,0,0,0,0
8,LAMPUNG,137,KAB. PESISIR BARAT,1644,Lemong,13,13,13,4,0,0,0,25600000,49,49,3270000,49,147,28870000
8,LAMPUNG,137,KAB. PESISIR BARAT,1650,Ngambur,9,9,9,6,0,0,0,0,0,0,0,0,0,0
8,LAMPUNG,137,KAB. PESISIR BARAT,1651,Ngaras,9,9,9,8,0,0,0,0,0,0,0,0,0,0
8,LAMPUNG,137,KAB. PESISIR BARAT,1643,Pesisir Selatan,15,15,15,9,0,0,0,9000000,36,36,1800000,36,180,10800000
8,LAMPUNG,137,KAB. PESISIR BARAT,1642,Pesisir Tengah,8,8,8,8,0,0,0,0,0,0,0,0,0,0
8,LAMPUNG,137,KAB. PESISIR BARAT,1645,Pesisir Utara,12,12,12,4,0,0,0,1450000,29,29,480000,32,96,1930000
8,LAMPUNG,137,KAB. PESISIR BARAT,1647,Pulau Pisang,6,6,6,1,0,0,0,0,0,0,0,0,0,0
8,LAMPUNG,137,KAB. PESISIR BARAT,1648,Way Krui,10,10,10,8,0,0,0,0,0,0,0,0,0,0
8,LAMPUNG,134,KAB. PRINGSEWU,1618,Adiluwih,13,13,13,13,0,236300,446364000,2200000,44,44,1680000,44,168,3880000
8,LAMPUNG,134,KAB. PRINGSEWU,1636,Ambarawa,8,8,8,8,0,109041,199147480,0,0,0,0,0,0,0
8,LAMPUNG,134,KAB. PRINGSEWU,1639,Banyumas,11,11,11,11,0,0,0,100000,4,4,20000,4,4,120000
8,LAMPUNG,134,KAB. PRINGSEWU,1635,Gading Rejo,23,23,23,23,0,0,0,22925000,224,224,6250000,140,412,29175000
8,LAMPUNG,134,KAB. PRINGSEWU,1638,Pagelaran,22,22,22,18,0,0,0,0,0,0,0,0,0,0
8,LAMPUNG,134,KAB. PRINGSEWU,1641,Pagelaran Utara,10,10,10,10,0,0,0,4250000,68,68,10200000,51,408,14450000
8,LAMPUNG,134,KAB. PRINGSEWU,1637,Pardasuka,13,13,13,13,0,0,0,500000,5,5,120000,6,6,620000
8,LAMPUNG,134,KAB. PRINGSEWU,1634,Pringsewu,15,15,15,15,0,0,0,0,0,0,0,0,0,0
8,LAMPUNG,134,KAB. PRINGSEWU,1640,Sukoharjo,16,16,16,15,0,0,0,6800000,81,81,9220000,82,282,16020000
8,LAMPUNG,130,KAB. TANGGAMUS,1568,Air Naningan,10,10,10,9,0,0,0,0,0,0,0,0,0,0
8,LAMPUNG,130,KAB. TANGGAMUS,1567,Bandar Negeri Semuong,11,11,11,10,0,0,0,0,0,0,0,0,0,0
8,LAMPUNG,130,KAB. TANGGAMUS,1569,Bulok,10,10,10,10,0,0,0,0,0,0,0,0,0,0
8,LAMPUNG,130,KAB. TANGGAMUS,1555,Cukuh Balak,20,20,20,17,0,0,0,0,0,0,0,0,0,0
8,LAMPUNG,130,KAB. TANGGAMUS,1564,Gisting,9,9,9,8,0,0,0,0,0,0,0,0,0,0
8,LAMPUNG,130,KAB. TANGGAMUS,1565,Gunung Alip,12,12,12,9,0,0,0,0,0,0,0,0,0,0
8,LAMPUNG,130,KAB. TANGGAMUS,1561,Kelumbayan,8,8,8,7,0,0,0,0,0,0,0,0,0,0
8,LAMPUNG,130,KAB. TANGGAMUS,1570,Kelumbayan Barat,6,6,6,6,0,0,0,0,0,0,0,0,0,0
8,LAMPUNG,130,KAB. TANGGAMUS,6795,Kota Agung,16,16,16,15,0,0,0,6250000,125,125,3080000,118,308,9330000
8,LAMPUNG,130,KAB. TANGGAMUS,1562,Kota Agung Barat,16,16,16,16,0,0,0,3800000,102,102,1180000,94,94,4980000
8,LAMPUNG,130,KAB. TANGGAMUS,1563,Kota Agung Timur,12,12,12,10,0,0,0,185000,37,37,370000,37,37,555000
8,LAMPUNG,130,KAB. TANGGAMUS,1566,Limau,11,11,11,11,0,0,0,0,0,0,0,0,0,0
8,LAMPUNG,130,KAB. TANGGAMUS,1560,Pematang Sawa,14,14,14,14,0,0,0,0,0,0,0,0,0,0
8,LAMPUNG,130,KAB. TANGGAMUS,1556,Pugung,27,27,27,26,0,0,0,400000,8,8,0,0,0,400000
8,LAMPUNG,130,KAB. TANGGAMUS,1554,Pulau Panggung,21,21,21,19,0,0,0,0,0,0,0,0,0,0
8,LAMPUNG,130,KAB. TANGGAMUS,1557,Semaka,22,22,22,21,0,0,0,5600000,40,40,1400000,25,140,7000000
8,LAMPUNG,130,KAB. TANGGAMUS,1558,Sumberejo,13,13,13,13,0,0,0,100000,2,2,20000,2,2,120000
8,LAMPUNG,130,KAB. TANGGAMUS,1552,Talang Padang,20,20,20,16,0,0,0,8420000,171,171,1265000,173,173,9685000
8,LAMPUNG,130,KAB. TANGGAMUS,1559,Ulu Belu,16,16,16,16,0,0,0,0,0,0,0,0,0,0
8,LAMPUNG,130,KAB. TANGGAMUS,1553,Wonosobo,28,28,28,27,0,0,0,650000,6,6,300000,8,11,950000
8,LAMPUNG,129,KAB. TULANG BAWANG,1539,Banjar Agung,11,11,11,11,0,0,0,50000,1,1,0,0,0,50000
8,LAMPUNG,129,KAB. TULANG BAWANG,1550,Banjar Baru,10,10,10,8,0,0,0,0,0,0,0,0,0,0
8,LAMPUNG,129,KAB. TULANG BAWANG,1544,Banjar Margo,12,12,12,10,0,0,0,450000,9,9,20000,2,2,470000
8,LAMPUNG,129,KAB. TULANG BAWANG,1547,Dente Teladas,12,12,12,11,0,94400,172060000,0,0,0,0,0,0,0
8,LAMPUNG,129,KAB. TULANG BAWANG,1538,Gedung Aji,10,10,10,8,0,0,0,0,0,0,0,0,0,0
8,LAMPUNG,129,KAB. TULANG BAWANG,1549,Gedung Aji Baru,9,9,9,5,0,0,0,0,0,0,0,0,0,0
8,LAMPUNG,129,KAB. TULANG BAWANG,1540,Gedung Meneng,11,11,11,7,0,0,0,0,0,0,0,0,0,0
8,LAMPUNG,129,KAB. TULANG BAWANG,1537,Menggala,9,9,9,9,0,0,0,0,0,0,0,0,0,0
8,LAMPUNG,129,KAB. TULANG BAWANG,1551,Menggala Timur,10,10,10,7,0,0,0,0,0,0,0,0,0,0
8,LAMPUNG,129,KAB. TULANG BAWANG,1548,Meraksa Aji,8,8,8,6,0,0,0,0,0,0,0,0,0,0
8,LAMPUNG,129,KAB. TULANG BAWANG,1546,Penawar Aji,9,9,9,2,0,0,0,0,0,0,0,0,0,0
8,LAMPUNG,129,KAB. TULANG BAWANG,1542,Penawar Tama,14,14,14,13,0,0,0,31000000,155,155,11385000,152,1064,42385000
8,LAMPUNG,129,KAB. TULANG BAWANG,1541,Rawa Jitu Selatan,9,9,9,8,0,0,0,0,0,0,0,0,0,0
8,LAMPUNG,129,KAB. TULANG BAWANG,1543,Rawa Jitu Timur,8,8,8,5,0,0,0,3680000,40,40,10000,1,1,3690000
8,LAMPUNG,129,KAB. TULANG BAWANG,1545,Rawa Pitu,9,9,9,0,0,0,0,8050000,66,66,7200000,36,288,15250000
8,LAMPUNG,136,KAB. TULANG BAWANG BARAT,6799,Batu Putih,10,10,10,3,0,0,0,0,0,0,0,0,0,0
8,LAMPUNG,136,KAB. TULANG BAWANG BARAT,1630,Gunung Agung,13,13,13,9,0,0,0,0,0,0,0,0,0,0
8,LAMPUNG,136,KAB. TULANG BAWANG BARAT,1629,Gunung Terang,10,10,10,3,0,0,0,0,0,0,10000,1,1,10000
8,LAMPUNG,136,KAB. TULANG BAWANG BARAT,1632,Lambu Kibang,10,9,10,6,0,0,0,200000,2,2,0,0,0,200000
8,LAMPUNG,136,KAB. TULANG BAWANG BARAT,1633,Pagar Dewa,6,6,6,6,0,0,0,400000,4,4,130000,13,13,530000
8,LAMPUNG,136,KAB. TULANG BAWANG BARAT,1626,Tulang Bawang Tengah,21,21,21,20,0,139550,254327000,9900000,160,160,360090,9,45,10260090
8,LAMPUNG,136,KAB. TULANG BAWANG BARAT,1628,Tulang Bawang Udik,13,13,13,12,0,0,0,26650000,427,427,6725000,285,944,33375000
8,LAMPUNG,136,KAB. TULANG BAWANG BARAT,1627,Tumijajar,10,10,10,10,0,0,0,2550000,51,51,720000,52,72,3270000
8,LAMPUNG,136,KAB. TULANG BAWANG BARAT,1631,Way Kenanga,10,10,10,10,0,0,0,0,0,0,0,0,0,0
8,LAMPUNG,132,KAB. WAY KANAN,1598,Bahuga,11,11,11,1,0,0,0,100000,2,2,20000,1,1,120000
8,LAMPUNG,132,KAB. WAY KANAN,1596,Banjit,20,20,20,17,0,0,0,0,0,0,0,0,0,0
8,LAMPUNG,132,KAB. WAY KANAN,1597,Baradatu,22,22,22,16,0,0,0,6200000,62,62,1080000,46,108,7280000
8,LAMPUNG,132,KAB. WAY KANAN,1594,Blambangan Umpu,13,13,13,9,0,0,0,15500000,354,354,4730000,260,469,20230000
8,LAMPUNG,132,KAB. WAY KANAN,1606,Buay Bahuga,9,9,9,9,0,258,5875600,14860000,191,191,3610000,147,391,18470000
8,LAMPUNG,132,KAB. WAY KANAN,1607,Bumi Agung,10,10,10,6,0,0,0,4800000,48,48,7840000,46,392,12640000
8,LAMPUNG,132,KAB. WAY KANAN,1603,Gunung Labuhan,21,21,21,14,0,0,0,1200000,12,12,120000,12,12,1320000
8,LAMPUNG,132,KAB. WAY KANAN,1595,Kasui,19,19,19,11,0,0,0,1000000,10,10,0,0,0,1000000
8,LAMPUNG,132,KAB. WAY KANAN,1604,Negara Batin,15,15,15,9,0,0,0,93200000,385,385,10905000,291,546,104105000
8,LAMPUNG,132,KAB. WAY KANAN,1600,Negeri Agung,19,19,19,13,0,0,0,200000,2,2,250000,23,23,450000
8,LAMPUNG,132,KAB. WAY KANAN,1605,Negeri Besar,13,13,13,4,0,0,0,0,0,0,0,0,0,0
8,LAMPUNG,132,KAB. WAY KANAN,1599,Pakuan Ratu,19,19,19,10,0,0,0,19000000,380,380,14005000,357,1401,33005000
8,LAMPUNG,132,KAB. WAY KANAN,1602,Rebang Tangkas,10,10,10,6,0,0,0,2110000,29,29,630000,20,91,2740000
8,LAMPUNG,132,KAB. WAY KANAN,1608,Umpu Semenguk,13,13,13,4,0,0,0,1380000,15,15,180000,14,20,1560000
8,LAMPUNG,132,KAB. WAY KANAN,1601,Way Tuba,13,13,13,7,0,0,0,2100000,21,21,120000,6,6,2220000
8,LAMPUNG,138,KOTA BANDAR LAMPUNG,1671,Bumi Waras,5,5,5,5,0,32,576000,6800000,68,68,8040000,46,268,14840000
8,LAMPUNG,138,KOTA BANDAR LAMPUNG,1668,Enggal,6,6,6,6,0,0,0,0,0,0,0,0,0,0
8,LAMPUNG,138,KOTA BANDAR LAMPUNG,1669,Kedamaian,7,7,7,7,0,0,0,5200000,52,52,120000,4,6,5320000
8,LAMPUNG,138,KOTA BANDAR LAMPUNG,1652,Kedaton,7,7,7,7,0,0,0,0,0,0,0,0,0,0
8,LAMPUNG,138,KOTA BANDAR LAMPUNG,1664,Kemiling,9,9,9,9,0,0,0,6200000,62,62,860000,43,43,7060000
8,LAMPUNG,138,KOTA BANDAR LAMPUNG,1665,Labuhan Ratu,6,6,6,6,0,0,0,25900000,170,170,16405000,161,856,42305000
8,LAMPUNG,138,KOTA BANDAR LAMPUNG,1667,Langkapura,5,5,5,5,0,0,0,200000,2,2,0,0,0,200000
8,LAMPUNG,138,KOTA BANDAR LAMPUNG,1655,Panjang,8,8,8,8,0,0,0,9650000,193,193,3940000,160,193,13590000
8,LAMPUNG,138,KOTA BANDAR LAMPUNG,1661,Rajabasa,7,7,7,7,0,723,31784000,4000000,40,40,9380000,39,469,13380000
8,LAMPUNG,138,KOTA BANDAR LAMPUNG,1663,Sukabumi,7,7,7,7,0,0,0,9600000,96,96,2280000,91,114,11880000
8,LAMPUNG,138,KOTA BANDAR LAMPUNG,1653,Sukarame,6,6,6,6,0,0,0,100000,2,2,10000,1,1,110000
8,LAMPUNG,138,KOTA BANDAR LAMPUNG,1654,Tanjungkarang Barat,7,7,7,7,0,0,0,10800000,112,112,8415000,106,346,19215000
8,LAMPUNG,138,KOTA BANDAR LAMPUNG,1657,Tanjungkarang Pusat,7,7,7,7,0,0,0,0,0,0,0,0,0,0
8,LAMPUNG,138,KOTA BANDAR LAMPUNG,1656,Tanjungkarang Timur,5,5,5,5,0,0,0,100000,2,2,10000,1,1,110000
8,LAMPUNG,138,KOTA BANDAR LAMPUNG,1662,Tanjung Senang,5,5,5,4,0,0,0,0,0,0,0,0,0,0
8,LAMPUNG,138,KOTA BANDAR LAMPUNG,1659,Telukbetung Barat,5,5,5,5,0,0,0,0,0,0,0,0,0,0
8,LAMPUNG,138,KOTA BANDAR LAMPUNG,1658,Telukbetung Selatan,6,6,6,6,0,0,0,0,0,0,0,0,0,0
8,LAMPUNG,138,KOTA BANDAR LAMPUNG,1670,Telukbetung Timur,6,6,6,6,0,1157,23186000,10700000,125,125,10580000,81,547,21280000
8,LAMPUNG,138,KOTA BANDAR LAMPUNG,1660,Telukbetung Utara,6,6,6,6,0,3,180000,4250000,84,84,100000,9,9,4350000
8,LAMPUNG,138,KOTA BANDAR LAMPUNG,1666,Way Halim,6,6,6,6,0,0,0,0,0,0,0,0,0,0
8,LAMPUNG,139,KOTA METRO,1674,Metro Barat,4,4,4,3,0,0,0,0,0,0,0,0,0,0
8,LAMPUNG,139,KOTA METRO,1672,Metro Pusat,5,5,5,5,0,0,0,1450000,27,27,0,0,0,1450000
8,LAMPUNG,139,KOTA METRO,1676,Metro Selatan,4,4,4,4,0,0,0,0,0,0,0,0,0,0
8,LAMPUNG,139,KOTA METRO,1675,Metro Timur,5,5,5,5,0,0,0,3050000,70,70,1690000,58,169,4740000
8,LAMPUNG,139,KOTA METRO,1673,Metro Utara,4,4,4,3,0,0,0,3850000,77,77,30000,6,6,3880000
31,MALUKU,444,KAB. BURU,5839,Air Buaya,10,10,10,6,0,0,0,0,0,0,0,0,0,0
31,MALUKU,444,KAB. BURU,5842,Batabual,5,5,5,5,0,0,0,0,1,1,50000,1,1,50000
31,MALUKU,444,KAB. BURU,5845,Fena Leisela,13,13,13,8,0,0,0,0,0,0,0,0,0,0
31,MALUKU,444,KAB. BURU,5847,Lilialy,5,5,5,4,0,0,0,0,0,0,0,0,0,0
31,MALUKU,444,KAB. BURU,5843,Lolong Guba,10,10,10,8,0,0,0,0,0,0,0,0,0,0
31,MALUKU,444,KAB. BURU,5838,Namlea,7,7,7,7,0,0,0,0,0,0,0,0,0,0
31,MALUKU,444,KAB. BURU,5846,Teluk Kaiely,5,5,5,5,0,0,0,0,0,0,0,0,0,0
31,MALUKU,444,KAB. BURU,5840,Waeapo,7,7,7,7,0,0,0,0,0,0,0,0,0,0
31,MALUKU,444,KAB. BURU,5844,Waelata,10,10,10,10,0,0,0,200000,4,4,0,0,0,200000
31,MALUKU,444,KAB. BURU,5841,Waplau,10,10,10,10,0,0,0,50000,1,1,0,0,0,50000
31,MALUKU,449,KAB. BURU SELATAN,5894,Ambalau,7,7,7,6,0,0,0,300000,3,3,130000,13,13,430000
31,MALUKU,449,KAB. BURU SELATAN,5897,Fena Fafan,11,11,11,4,0,0,0,0,0,0,0,0,0,0
31,MALUKU,449,KAB. BURU SELATAN,5895,Kepala Madan,16,16,16,6,0,0,0,11850000,79,79,1080000,15,54,12930000
31,MALUKU,449,KAB. BURU SELATAN,5896,Leksula,19,19,19,7,0,0,0,0,0,0,0,0,0,0
31,MALUKU,449,KAB. BURU SELATAN,5892,Namrole,17,17,17,6,0,0,0,0,0,0,0,0,0,0
31,MALUKU,449,KAB. BURU SELATAN,5893,Waesama,11,11,11,7,0,0,0,0,0,0,0,0,0,0
31,MALUKU,447,KAB. KEPULAUAN ARU,7095,Aru Selatan,15,15,15,5,0,0,0,0,0,0,0,0,0,0
31,MALUKU,447,KAB. KEPULAUAN ARU,5879,Aru Selatan Timur,10,10,10,2,0,0,0,0,0,0,0,0,0,0
31,MALUKU,447,KAB. KEPULAUAN ARU,5880,Aru Selatan Utara,7,7,7,2,0,0,0,0,0,0,0,0,0,0
31,MALUKU,447,KAB. KEPULAUAN ARU,5873,Aru Tengah,22,22,22,13,0,0,0,0,0,0,0,0,0,0
31,MALUKU,447,KAB. KEPULAUAN ARU,5878,Aru Tengah Selatan,7,7,7,4,0,0,0,0,0,0,0,0,0,0
31,MALUKU,447,KAB. KEPULAUAN ARU,5877,Aru Tengah Timur,13,13,13,1,0,0,0,0,0,0,0,0,0,0
31,MALUKU,447,KAB. KEPULAUAN ARU,5874,Aru Utara,12,12,12,4,0,0,0,0,0,0,0,0,0,0
31,MALUKU,447,KAB. KEPULAUAN ARU,5875,Aru Utara Timur Batuley,9,9,9,3,0,0,0,0,0,0,0,0,0,0
31,MALUKU,447,KAB. KEPULAUAN ARU,5872,Pulau-Pulau Aru,15,15,15,7,0,0,0,0,0,0,0,0,0,0
31,MALUKU,447,KAB. KEPULAUAN ARU,5876,Sir-Sir,9,9,9,9,0,0,0,0,0,0,0,0,0,0
31,MALUKU,443,KAB. KEPULAUAN TANIMBAR,7092,Fordata,6,6,6,5,0,0,0,0,0,0,0,0,0,0
31,MALUKU,443,KAB. KEPULAUAN TANIMBAR,5835,Kormomolin,10,10,10,7,0,0,0,0,0,0,0,0,0,0
31,MALUKU,443,KAB. KEPULAUAN TANIMBAR,5837,Molu Maru,5,5,5,5,0,0,0,0,0,0,0,0,0,0
31,MALUKU,443,KAB. KEPULAUAN TANIMBAR,5836,Nirunmas,5,5,5,4,0,0,0,1600000,16,16,750000,15,15,2350000
31,MALUKU,443,KAB. KEPULAUAN TANIMBAR,5830,Selaru,7,7,7,4,0,0,0,200000,2,2,100000,2,2,300000
31,MALUKU,443,KAB. KEPULAUAN TANIMBAR,5829,Tanimbar Selatan,12,12,12,9,0,0,0,9505000,96,96,5110000,86,140,14615000
31,MALUKU,443,KAB. KEPULAUAN TANIMBAR,5833,Tanimbar Utara,8,8,8,6,0,0,0,6600000,66,66,1980000,65,99,8580000
31,MALUKU,443,KAB. KEPULAUAN TANIMBAR,5832,Wermaktian,9,9,9,5,0,0,0,0,0,0,0,0,0,0
31,MALUKU,443,KAB. KEPULAUAN TANIMBAR,5831,Wertamrian,9,9,9,4,0,0,0,3900000,39,39,1660000,44,83,5560000
31,MALUKU,443,KAB. KEPULAUAN TANIMBAR,5834,Wuar Labobar,11,11,11,8,0,0,0,0,0,0,0,0,0,0
31,MALUKU,448,KAB. MALUKU BARAT DAYA,7098,Babar Barat,9,9,9,4,0,0,0,0,0,0,0,0,0,0
31,MALUKU,448,KAB. MALUKU BARAT DAYA,5881,Damer,7,7,7,1,0,0,0,0,0,0,0,0,0,0
31,MALUKU,448,KAB. MALUKU BARAT DAYA,5885,Dawelor Dawera,6,6,6,5,0,0,0,0,0,0,0,0,0,0
31,MALUKU,448,KAB. MALUKU BARAT DAYA,7097,Kepulauan Luang Sermata,11,11,11,4,0,0,0,0,0,0,0,0,0,0
31,MALUKU,448,KAB. MALUKU BARAT DAYA,7101,Kepulauan Roma,3,3,3,0,0,0,0,0,0,0,0,0,0,0
31,MALUKU,448,KAB. MALUKU BARAT DAYA,7100,Kisar Selatan,6,6,6,1,0,0,0,0,0,0,0,0,0,0
31,MALUKU,448,KAB. MALUKU BARAT DAYA,5891,Kisar Utara,3,3,3,0,0,0,0,375000,15,15,440000,15,44,815000
31,MALUKU,448,KAB. MALUKU BARAT DAYA,7096,Moa,8,8,8,2,0,0,0,0,0,0,0,0,0,0
31,MALUKU,448,KAB. MALUKU BARAT DAYA,5887,Pulau Lakor,5,5,5,1,0,0,0,0,0,0,0,0,0,0
31,MALUKU,448,KAB. MALUKU BARAT DAYA,5883,Pulau Leti,7,7,7,3,0,0,0,150000,1,1,20000,1,2,170000
31,MALUKU,448,KAB. MALUKU BARAT DAYA,5884,Pulau Masela,11,11,11,2,0,0,0,0,0,0,0,0,0,0
31,MALUKU,448,KAB. MALUKU BARAT DAYA,5882,Pulau-pulau Babar Timur,11,11,11,1,0,0,0,0,0,0,0,0,0,0
31,MALUKU,448,KAB. MALUKU BARAT DAYA,5886,Pulau Wetang,8,8,8,7,0,0,0,0,0,0,0,0,0,0
31,MALUKU,448,KAB. MALUKU BARAT DAYA,5889,Wetar Barat,5,5,5,1,0,0,0,0,0,0,0,0,0,0
31,MALUKU,448,KAB. MALUKU BARAT DAYA,7099,Wetar Selatan,6,6,6,0,0,0,0,0,0,0,0,0,0,0
31,MALUKU,448,KAB. MALUKU BARAT DAYA,5890,Wetar Timur,6,6,6,0,0,0,0,0,0,0,0,0,0,0
31,MALUKU,448,KAB. MALUKU BARAT DAYA,5888,Wetar Utara,6,6,6,0,0,0,0,0,0,0,0,0,0,0
31,MALUKU,442,KAB. MALUKU TENGAH,5809,Amahai,15,15,15,8,0,0,0,0,0,0,0,0,0,0
31,MALUKU,442,KAB. MALUKU TENGAH,5812,Banda,18,18,18,12,0,0,0,0,0,0,0,0,0,0
31,MALUKU,442,KAB. MALUKU TENGAH,5819,Kota Masohi,5,5,5,3,0,0,0,0,0,0,0,0,0,0
31,MALUKU,442,KAB. MALUKU TENGAH,5817,Leihitu,11,11,11,9,0,0,0,0,0,0,0,0,0,0
31,MALUKU,442,KAB. MALUKU TENGAH,5821,Leihitu Barat,5,5,5,1,0,0,0,0,0,0,0,0,0,0
31,MALUKU,442,KAB. MALUKU TENGAH,5818,Nusa Laut,7,7,7,4,0,0,0,0,0,0,0,0,0,0
31,MALUKU,442,KAB. MALUKU TENGAH,5815,Pulau Haruku,11,11,11,7,0,0,0,0,0,0,0,0,0,0
31,MALUKU,442,KAB. MALUKU TENGAH,5816,Salahutu,6,6,6,6,0,0,0,0,0,0,0,0,0,0
31,MALUKU,442,KAB. MALUKU TENGAH,5814,Saparua,7,7,7,7,0,0,0,100000,1,1,0,0,0,100000
31,MALUKU,442,KAB. MALUKU TENGAH,5824,Saparua Timur,10,10,10,7,0,0,0,1000000,10,10,0,0,0,1000000
31,MALUKU,442,KAB. MALUKU TENGAH,5811,Seram Utara,21,20,21,20,0,0,0,0,0,0,0,0,0,0
31,MALUKU,442,KAB. MALUKU TENGAH,5820,Seram Utara Barat,13,13,13,13,0,0,0,0,0,0,0,0,0,0
31,MALUKU,442,KAB. MALUKU TENGAH,5823,Seram Utara Timur Kobi,12,12,12,5,0,0,0,10350000,111,111,6160000,102,576,16510000
31,MALUKU,442,KAB. MALUKU TENGAH,5822,Seram Utara Timur Seti,12,12,12,11,0,0,0,0,0,0,0,0,0,0
31,MALUKU,442,KAB. MALUKU TENGAH,5813,Tehoru,10,10,10,8,0,0,0,0,0,0,0,0,0,0
31,MALUKU,442,KAB. MALUKU TENGAH,7090,Teluk Elpaputih,4,4,4,2,0,0,0,0,0,0,0,0,0,0
31,MALUKU,442,KAB. MALUKU TENGAH,7091,Telutih,10,10,10,6,0,0,0,0,0,0,0,0,0,0
31,MALUKU,442,KAB. MALUKU TENGAH,5810,Teon Nila Serua,16,16,16,11,0,0,0,0,0,0,0,0,0,0
31,MALUKU,441,KAB. MALUKU TENGGARA,5807,Hoat Sorbay,13,13,13,3,0,0,0,0,0,0,0,0,0,0
31,MALUKU,441,KAB. MALUKU TENGGARA,5803,Kei Besar,37,37,37,22,0,0,0,1300000,13,13,120000,12,12,1420000
31,MALUKU,441,KAB. MALUKU TENGGARA,5825,Kei Besar Selatan,10,10,10,6,0,0,0,0,0,0,0,0,0,0
31,MALUKU,441,KAB. MALUKU TENGGARA,5828,Kei Besar Selatan Barat,13,13,13,5,0,0,0,1300000,13,13,150000,3,15,1450000
31,MALUKU,441,KAB. MALUKU TENGGARA,5827,Kei Besar Utara Barat,25,25,25,12,0,0,0,0,0,0,0,0,0,0
31,MALUKU,441,KAB. MALUKU TENGGARA,5826,Kei Besar Utara Timur,30,30,30,12,0,0,0,0,0,0,0,0,0,0
31,MALUKU,441,KAB. MALUKU TENGGARA,5802,Kei Kecil,15,15,15,6,0,0,0,0,0,0,0,0,0,0
31,MALUKU,441,KAB. MALUKU TENGGARA,5805,Kei Kecil Barat,10,10,10,6,0,0,0,50000,1,1,10000,1,1,60000
31,MALUKU,441,KAB. MALUKU TENGGARA,5804,Kei Kecil Timur,18,18,18,7,0,0,0,800000,2,2,0,0,0,800000
31,MALUKU,441,KAB. MALUKU TENGGARA,5808,Kei Kecil Timur Selatan,11,11,11,10,0,0,0,0,0,0,0,0,0,0
31,MALUKU,441,KAB. MALUKU TENGGARA,5806,Manyeuw,9,9,9,4,0,0,0,0,0,0,0,0,0,0
31,MALUKU,446,KAB. SERAM BAGIAN BARAT,5867,Amalatu,7,7,7,6,0,0,0,0,0,0,0,0,0,0
31,MALUKU,446,KAB. SERAM BAGIAN BARAT,5871,Elpaputih,7,7,7,6,0,0,0,0,0,0,0,0,0,0
31,MALUKU,446,KAB. SERAM BAGIAN BARAT,7093,Huamual,5,5,5,4,0,0,0,0,0,0,0,0,0,0
31,MALUKU,446,KAB. SERAM BAGIAN BARAT,5866,Huamual Belakang,7,7,7,5,0,0,0,750000,12,12,550000,12,44,1300000
31,MALUKU,446,KAB. SERAM BAGIAN BARAT,5868,Inamosol,5,5,5,5,0,0,0,0,0,0,0,0,0,0
31,MALUKU,446,KAB. SERAM BAGIAN BARAT,5863,Kairatu,7,7,7,5,0,0,0,0,0,0,0,0,0,0
31,MALUKU,446,KAB. SERAM BAGIAN BARAT,5869,Kairatu Barat,6,6,6,4,0,127279,196965360,0,0,0,0,0,0,0
31,MALUKU,446,KAB. SERAM BAGIAN BARAT,7094,Kepulauan Manipa,7,7,7,7,0,0,0,0,0,0,0,0,0,0
31,MALUKU,446,KAB. SERAM BAGIAN BARAT,5864,Seram Barat,7,7,7,6,0,0,0,1300000,13,13,910000,13,91,2210000
31,MALUKU,446,KAB. SERAM BAGIAN BARAT,5865,Taniwel,19,19,19,15,0,0,0,0,0,0,0,0,0,0
31,MALUKU,446,KAB. SERAM BAGIAN BARAT,5870,Taniwel Timur,15,15,15,7,0,0,0,0,0,0,0,0,0,0
31,MALUKU,445,KAB. SERAM BAGIAN TIMUR,5848,Bula,10,10,10,4,0,0,0,0,0,0,0,0,0,0
31,MALUKU,445,KAB. SERAM BAGIAN TIMUR,5859,Bula Barat,13,13,13,5,0,0,0,0,0,0,0,0,0,0
31,MALUKU,445,KAB. SERAM BAGIAN TIMUR,5858,Gorom Timur,23,23,23,6,0,0,0,0,0,0,0,0,0,0
31,MALUKU,445,KAB. SERAM BAGIAN TIMUR,5860,Kian Darat,10,10,10,1,0,0,0,0,0,0,0,0,0,0
31,MALUKU,445,KAB. SERAM BAGIAN TIMUR,5855,Kilmury,14,14,14,10,0,0,0,0,0,0,0,0,0,0
31,MALUKU,445,KAB. SERAM BAGIAN TIMUR,5851,Pulau Gorom,24,24,24,6,0,0,0,10000,1,1,0,0,0,10000
31,MALUKU,445,KAB. SERAM BAGIAN TIMUR,5856,Pulau Panjang,6,6,6,0,0,0,0,0,0,0,0,0,0,0
31,MALUKU,445,KAB. SERAM BAGIAN TIMUR,5849,Seram Timur,11,11,11,2,0,0,0,0,0,0,0,0,0,0
31,MALUKU,445,KAB. SERAM BAGIAN TIMUR,5861,Siritaun Wida Timur,10,10,10,5,0,0,0,0,0,0,0,0,0,0
31,MALUKU,445,KAB. SERAM BAGIAN TIMUR,5854,Siwalalat,12,12,12,2,0,0,0,0,0,0,0,0,0,0
31,MALUKU,445,KAB. SERAM BAGIAN TIMUR,5862,Teluk Waru,11,11,11,8,0,0,0,1700000,17,17,0,0,0,1700000
31,MALUKU,445,KAB. SERAM BAGIAN TIMUR,5857,Teor,10,10,10,4,0,0,0,0,0,0,0,0,0,0
31,MALUKU,445,KAB. SERAM BAGIAN TIMUR,5853,Tutuk Tolu,11,11,11,4,0,0,0,0,0,0,0,0,0,0
31,MALUKU,445,KAB. SERAM BAGIAN TIMUR,7285,Ukar Sengan,5,5,5,2,0,0,0,0,0,0,0,0,0,0
31,MALUKU,445,KAB. SERAM BAGIAN TIMUR,5852,Wakate,18,18,18,5,0,0,0,0,0,0,0,0,0,0
31,MALUKU,445,KAB. SERAM BAGIAN TIMUR,5850,Werinama,10,10,10,1,0,0,0,0,0,0,0,0,0,0
31,MALUKU,450,KOTA AMBON,5900,Baguala,7,7,7,7,0,0,0,100000,1,1,20000,1,1,120000
31,MALUKU,450,KOTA AMBON,5902,Leitimur Selatan,8,8,8,5,0,0,0,0,0,0,0,0,0,0
31,MALUKU,450,KOTA AMBON,5898,Nusaniwe,13,13,13,13,0,0,0,0,0,0,0,0,0,0
31,MALUKU,450,KOTA AMBON,5899,Sirimau,14,14,14,14,0,0,0,100000,1,1,0,0,0,100000
31,MALUKU,450,KOTA AMBON,5901,Teluk Ambon,8,8,8,8,0,0,0,0,0,0,0,0,0,0
31,MALUKU,451,KOTA TUAL,5904,Kur Selatan,7,7,7,3,0,0,0,0,0,0,0,0,0,0
31,MALUKU,451,KOTA TUAL,7103,Pulau Dullah Selatan,5,5,5,4,0,0,0,0,0,0,0,0,0,0
31,MALUKU,451,KOTA TUAL,7102,Pulau Dullah Utara,8,8,8,8,0,0,0,0,0,0,0,0,0,0
31,MALUKU,451,KOTA TUAL,7104,Pulau-Pulau Kur,5,5,5,4,0,0,0,0,0,0,0,0,0,0
31,MALUKU,451,KOTA TUAL,5903,Tayando Tam,5,5,5,3,0,0,0,0,0,0,0,0,0,0
32,MALUKU UTARA,452,KAB. HALMAHERA BARAT,5907,Ibu,17,13,17,1,0,0,0,0,0,0,0,0,0,0
32,MALUKU UTARA,452,KAB. HALMAHERA BARAT,5911,Ibu Selatan,16,16,15,2,0,0,0,0,0,0,0,0,0,0
32,MALUKU UTARA,452,KAB. HALMAHERA BARAT,5910,Ibu Utara,16,12,15,2,0,0,0,200000,2,2,0,0,0,200000
32,MALUKU UTARA,452,KAB. HALMAHERA BARAT,5905,Jailolo,35,34,35,10,0,0,0,4900000,49,49,3920000,49,196,8820000
32,MALUKU UTARA,452,KAB. HALMAHERA BARAT,5909,Jailolo Selatan,26,26,26,5,0,0,0,150000,2,2,300000,3,3,450000
32,MALUKU UTARA,452,KAB. HALMAHERA BARAT,5906,Loloda,18,13,18,4,0,0,0,0,0,0,0,0,0,0
32,MALUKU UTARA,452,KAB. HALMAHERA BARAT,7105,Loloda Tengah,10,3,10,4,0,0,0,0,0,0,0,0,0,0
32,MALUKU UTARA,452,KAB. HALMAHERA BARAT,5908,Sahu,19,19,19,5,0,0,0,7300000,73,73,4675000,63,187,11975000
32,MALUKU UTARA,452,KAB. HALMAHERA BARAT,5912,Sahu Timur,18,18,18,6,0,0,0,4300000,43,43,1240000,34,62,5540000
32,MALUKU UTARA,455,KAB. HALMAHERA SELATAN,5934,Bacan,14,14,14,1,0,0,0,0,0,0,0,0,0,0
32,MALUKU UTARA,455,KAB. HALMAHERA SELATAN,5935,Bacan Barat,7,6,7,2,0,0,0,0,0,0,0,0,0,0
32,MALUKU UTARA,455,KAB. HALMAHERA SELATAN,5940,Bacan Barat Utara,8,8,8,3,0,0,0,0,0,0,0,0,0,0
32,MALUKU UTARA,455,KAB. HALMAHERA SELATAN,5943,Bacan Selatan,10,9,10,5,0,0,0,28350000,81,81,16050000,81,321,44400000
32,MALUKU UTARA,455,KAB. HALMAHERA SELATAN,5933,Bacan Timur,10,10,10,6,0,0,0,0,0,0,0,0,0,0
32,MALUKU UTARA,455,KAB. HALMAHERA SELATAN,5947,Bacan Timur Selatan,7,7,7,3,0,0,0,0,0,0,0,0,0,0
32,MALUKU UTARA,455,KAB. HALMAHERA SELATAN,5948,Bacan Timur Tengah,7,7,7,1,0,0,0,0,0,0,0,0,0,0
32,MALUKU UTARA,455,KAB. HALMAHERA SELATAN,5930,Gane Barat,10,9,9,1,0,0,0,0,0,0,0,0,0,0
32,MALUKU UTARA,455,KAB. HALMAHERA SELATAN,5949,Gane Barat Selatan,8,8,8,2,0,0,0,0,0,0,0,0,0,0
32,MALUKU UTARA,455,KAB. HALMAHERA SELATAN,5950,Gane Barat Utara,12,12,12,1,0,0,0,0,0,0,0,0,0,0
32,MALUKU UTARA,455,KAB. HALMAHERA SELATAN,5929,Gane Timur,12,12,12,0,0,0,0,0,0,0,0,0,0,0
32,MALUKU UTARA,455,KAB. HALMAHERA SELATAN,5952,Gane Timur Selatan,5,5,5,1,0,0,0,0,0,0,0,0,0,0
32,MALUKU UTARA,455,KAB. HALMAHERA SELATAN,5953,Gane Timur Tengah,8,8,8,2,0,0,0,0,0,0,0,0,0,0
32,MALUKU UTARA,455,KAB. HALMAHERA SELATAN,5941,Kasiruta Barat,10,10,10,0,0,0,0,0,0,0,0,0,0,0
32,MALUKU UTARA,455,KAB. HALMAHERA SELATAN,5942,Kasiruta Timur,8,8,8,1,0,0,0,0,0,0,0,0,0,0
32,MALUKU UTARA,455,KAB. HALMAHERA SELATAN,5928,Kayoa,14,14,14,0,0,0,0,0,0,0,0,0,0,0
32,MALUKU UTARA,455,KAB. HALMAHERA SELATAN,5937,Kayoa Barat,4,3,4,1,0,0,0,0,0,0,0,0,0,0
32,MALUKU UTARA,455,KAB. HALMAHERA SELATAN,5938,Kayoa Selatan,6,2,6,0,0,0,0,0,0,0,0,0,0,0
32,MALUKU UTARA,455,KAB. HALMAHERA SELATAN,5939,Kayoa Utara,6,5,6,0,0,0,0,0,0,0,0,0,0,0
32,MALUKU UTARA,455,KAB. HALMAHERA SELATAN,5944,Kepulauan Botanglomang,8,8,8,0,0,0,0,0,0,0,0,0,0,0
32,MALUKU UTARA,455,KAB. HALMAHERA SELATAN,5951,Kepulauan Joronga,7,7,7,2,0,0,0,0,0,0,0,0,0,0
32,MALUKU UTARA,455,KAB. HALMAHERA SELATAN,5936,Makian Barat,7,7,7,0,0,0,0,0,0,0,0,0,0,0
32,MALUKU UTARA,455,KAB. HALMAHERA SELATAN,5945,Mandioli Selatan,6,6,6,3,0,0,0,0,0,0,0,0,0,0
32,MALUKU UTARA,455,KAB. HALMAHERA SELATAN,5946,Mandioli Utara,6,5,6,2,0,0,0,0,0,0,0,0,0,0
32,MALUKU UTARA,455,KAB. HALMAHERA SELATAN,5932,Obi,9,9,9,4,0,0,0,100000,1,1,0,0,0,100000
32,MALUKU UTARA,455,KAB. HALMAHERA SELATAN,5954,Obi Barat,6,6,6,2,0,0,0,0,0,0,0,0,0,0
32,MALUKU UTARA,455,KAB. HALMAHERA SELATAN,5931,Obi Selatan,8,8,8,0,0,0,0,0,0,0,0,0,0,0
32,MALUKU UTARA,455,KAB. HALMAHERA SELATAN,5955,Obi Timur,4,4,4,0,0,0,0,0,0,0,0,0,0,0
32,MALUKU UTARA,455,KAB. HALMAHERA SELATAN,5956,Obi Utara,7,7,7,3,0,0,0,0,0,0,0,0,0,0
32,MALUKU UTARA,455,KAB. HALMAHERA SELATAN,5927,Pulau Makian,15,15,15,0,0,0,0,0,0,0,0,0,0,0
32,MALUKU UTARA,453,KAB. HALMAHERA TENGAH,5914,Patani,5,2,5,3,0,0,0,0,0,0,0,0,0,0
32,MALUKU UTARA,453,KAB. HALMAHERA TENGAH,5920,Patani Barat,5,5,5,3,0,0,0,0,0,0,0,0,0,0
32,MALUKU UTARA,453,KAB. HALMAHERA TENGAH,5922,Patani Timur,6,4,6,4,0,0,0,0,0,0,0,0,0,0
32,MALUKU UTARA,453,KAB. HALMAHERA TENGAH,5918,Patani Utara,6,2,6,3,0,0,0,0,0,0,0,0,0,0
32,MALUKU UTARA,453,KAB. HALMAHERA TENGAH,5915,Pulau Gebe,8,4,8,8,0,0,0,0,0,0,0,0,0,0
32,MALUKU UTARA,453,KAB. HALMAHERA TENGAH,5913,Weda,7,7,7,7,0,0,0,0,0,0,0,0,0,0
32,MALUKU UTARA,453,KAB. HALMAHERA TENGAH,5917,Weda Selatan,8,8,8,4,0,0,0,0,0,0,0,0,0,0
32,MALUKU UTARA,453,KAB. HALMAHERA TENGAH,5919,Weda Tengah,7,7,7,4,0,0,0,0,0,0,0,0,0,0
32,MALUKU UTARA,453,KAB. HALMAHERA TENGAH,5921,Weda Timur,4,4,4,1,0,0,0,0,0,0,0,0,0,0
32,MALUKU UTARA,453,KAB. HALMAHERA TENGAH,5916,Weda Utara,5,4,5,4,0,0,0,0,0,0,0,0,0,0
32,MALUKU UTARA,456,KAB. HALMAHERA TIMUR,5966,Kota Maba,6,2,6,4,0,0,0,0,0,0,0,0,0,0
32,MALUKU UTARA,456,KAB. HALMAHERA TIMUR,5958,Maba,10,2,10,4,0,0,0,0,0,0,0,0,0,0
32,MALUKU UTARA,456,KAB. HALMAHERA TIMUR,5959,Maba Selatan,9,7,9,5,0,0,0,0,0,0,0,0,0,0
32,MALUKU UTARA,456,KAB. HALMAHERA TIMUR,5964,Maba Tengah,12,2,12,3,0,0,0,500000,1,1,50000,1,1,550000
32,MALUKU UTARA,456,KAB. HALMAHERA TIMUR,5965,Maba Utara,10,7,10,10,0,0,0,0,0,0,950000,7,19,950000
32,MALUKU UTARA,456,KAB. HALMAHERA TIMUR,5957,Wasile,7,5,7,6,0,0,0,2400000,8,8,50000,1,2,2450000
32,MALUKU UTARA,456,KAB. HALMAHERA TIMUR,5960,Wasile Selatan,24,17,24,9,0,0,0,0,0,0,0,0,0,0
32,MALUKU UTARA,456,KAB. HALMAHERA TIMUR,5961,Wasile Tengah,8,2,8,3,0,0,0,0,0,0,0,0,0,0
32,MALUKU UTARA,456,KAB. HALMAHERA TIMUR,5963,Wasile Timur,8,8,8,1,0,0,0,0,0,0,0,0,0,0
32,MALUKU UTARA,456,KAB. HALMAHERA TIMUR,5962,Wasile Utara,8,1,8,2,0,0,0,0,0,0,0,0,0,0
32,MALUKU UTARA,454,KAB. HALMAHERA UTARA,5975,Galela,7,7,7,7,0,0,0,0,0,0,1240000,56,62,1240000
32,MALUKU UTARA,454,KAB. HALMAHERA UTARA,5984,Galela Barat,9,9,9,7,0,0,0,0,0,0,0,0,0,0
32,MALUKU UTARA,454,KAB. HALMAHERA UTARA,5986,Galela Selatan,7,7,7,7,0,0,0,0,0,0,0,0,0,0
32,MALUKU UTARA,454,KAB. HALMAHERA UTARA,5985,Galela Utara,12,12,12,10,0,0,0,400000,4,4,200000,4,4,600000
32,MALUKU UTARA,454,KAB. HALMAHERA UTARA,5923,Kao,14,14,14,11,0,0,0,0,0,0,150000,3,3,150000
32,MALUKU UTARA,454,KAB. HALMAHERA UTARA,5925,Kao Barat,21,21,21,18,0,0,0,0,0,0,0,0,0,0
32,MALUKU UTARA,454,KAB. HALMAHERA UTARA,5926,Kao Teluk,11,11,11,7,0,0,0,2000000,8,8,0,0,0,2000000
32,MALUKU UTARA,454,KAB. HALMAHERA UTARA,5924,Kao Utara,12,10,12,11,0,0,0,0,0,0,0,0,0,0
32,MALUKU UTARA,454,KAB. HALMAHERA UTARA,7106,Loloda Kepulauan,10,10,10,10,0,900,29805000,0,0,0,0,0,0,0
32,MALUKU UTARA,454,KAB. HALMAHERA UTARA,5979,Loloda Utara,18,18,18,16,0,0,0,0,0,0,0,0,0,0
32,MALUKU UTARA,454,KAB. HALMAHERA UTARA,5978,Malifut,22,19,22,20,0,0,0,0,0,0,0,0,0,0
32,MALUKU UTARA,454,KAB. HALMAHERA UTARA,5976,Tobelo,10,10,10,9,0,0,0,0,0,0,0,0,0,0
32,MALUKU UTARA,454,KAB. HALMAHERA UTARA,5983,Tobelo Barat,5,4,5,5,0,0,0,0,0,0,0,0,0,0
32,MALUKU UTARA,454,KAB. HALMAHERA UTARA,5977,Tobelo Selatan,14,13,14,8,0,0,0,34400000,172,172,34400000,172,688,68800000
32,MALUKU UTARA,454,KAB. HALMAHERA UTARA,5981,Tobelo Tengah,9,9,9,8,0,0,0,7350000,54,54,0,0,0,7350000
32,MALUKU UTARA,454,KAB. HALMAHERA UTARA,5982,Tobelo Timur,6,6,6,6,0,0,0,100000,1,1,20000,1,1,120000
32,MALUKU UTARA,454,KAB. HALMAHERA UTARA,5980,Tobelo Utara,10,10,10,8,0,0,0,0,0,0,0,0,0,0
32,MALUKU UTARA,458,KAB. KEPULAUAN SULA,5990,Mangoli Barat,7,7,7,6,0,0,0,0,0,0,0,0,0,0
32,MALUKU UTARA,458,KAB. KEPULAUAN SULA,5996,Mangoli Selatan,5,5,5,5,0,0,0,0,0,0,0,0,0,0
32,MALUKU UTARA,458,KAB. KEPULAUAN SULA,5995,Mangoli Tengah,9,8,9,9,0,0,0,0,0,0,0,0,0,0
32,MALUKU UTARA,458,KAB. KEPULAUAN SULA,5987,Mangoli Timur,5,5,5,5,0,0,0,0,0,0,0,0,0,0
32,MALUKU UTARA,458,KAB. KEPULAUAN SULA,5997,Mangoli Utara,7,7,7,6,0,0,0,0,0,0,0,0,0,0
32,MALUKU UTARA,458,KAB. KEPULAUAN SULA,5994,Mangoli Utara Timur,4,4,4,4,0,0,0,0,0,0,0,0,0,0
32,MALUKU UTARA,458,KAB. KEPULAUAN SULA,5988,Sanana,11,11,11,11,0,0,0,0,0,0,0,0,0,0
32,MALUKU UTARA,458,KAB. KEPULAUAN SULA,5998,Sanana Utara,7,6,7,7,0,0,0,0,0,0,0,0,0,0
32,MALUKU UTARA,458,KAB. KEPULAUAN SULA,5989,Sulabesi Barat,6,6,6,6,0,0,0,0,0,0,0,0,0,0
32,MALUKU UTARA,458,KAB. KEPULAUAN SULA,5993,Sulabesi Selatan,5,4,5,5,0,0,0,0,0,0,0,0,0,0
32,MALUKU UTARA,458,KAB. KEPULAUAN SULA,5991,Sulabesi Tengah,6,6,6,6,0,0,0,0,0,0,0,0,0,0
32,MALUKU UTARA,458,KAB. KEPULAUAN SULA,5992,Sulabesi Timur,6,6,6,6,0,0,0,0,0,0,0,0,0,0
32,MALUKU UTARA,459,KAB. PULAU MOROTAI,6001,Morotai Jaya,14,14,14,2,0,0,0,0,0,0,0,0,0,0
32,MALUKU UTARA,459,KAB. PULAU MOROTAI,5999,Morotai Selatan,25,25,25,15,0,0,0,0,0,0,0,0,0,0
32,MALUKU UTARA,459,KAB. PULAU MOROTAI,6000,Morotai Selatan Barat,15,14,15,10,0,0,0,0,0,0,0,0,0,0
32,MALUKU UTARA,459,KAB. PULAU MOROTAI,6003,Morotai Timur,15,15,15,3,0,0,0,0,0,0,0,0,0,0
32,MALUKU UTARA,459,KAB. PULAU MOROTAI,6002,Morotai Utara,14,14,14,4,0,0,0,0,0,0,0,0,0,0
32,MALUKU UTARA,459,KAB. PULAU MOROTAI,7107,Pulau Rao,5,5,5,5,0,0,0,0,0,0,0,0,0,0
32,MALUKU UTARA,457,KAB. PULAU TALIABU,5969,Lede,5,5,5,5,0,0,0,0,0,0,0,0,0,0
32,MALUKU UTARA,457,KAB. PULAU TALIABU,5974,Tabona,7,7,7,7,0,0,0,0,0,0,0,0,0,0
32,MALUKU UTARA,457,KAB. PULAU TALIABU,5967,Taliabu Barat,13,13,13,13,0,0,0,0,0,0,0,0,0,0
32,MALUKU UTARA,457,KAB. PULAU TALIABU,5968,Taliabu Barat Laut,5,5,5,5,0,0,0,0,0,0,0,0,0,0
32,MALUKU UTARA,457,KAB. PULAU TALIABU,5973,Taliabu Selatan,9,9,9,9,0,0,0,0,0,0,0,0,0,0
32,MALUKU UTARA,457,KAB. PULAU TALIABU,5971,Taliabu Timur,4,4,4,4,0,0,0,0,0,0,0,0,0,0
32,MALUKU UTARA,457,KAB. PULAU TALIABU,5972,Taliabu Timur Selatan,9,9,9,8,0,0,0,0,0,0,0,0,0,0
32,MALUKU UTARA,457,KAB. PULAU TALIABU,5970,Taliabu Utara,19,19,19,18,0,0,0,0,0,0,0,0,0,0
32,MALUKU UTARA,460,KOTA TERNATE,6005,Kota Ternate Selatan,17,15,17,14,0,0,0,0,0,0,0,0,0,0
32,MALUKU UTARA,460,KOTA TERNATE,6008,Kota Ternate Tengah,18,16,18,11,0,0,0,100000,1,1,10000,1,1,110000
32,MALUKU UTARA,460,KOTA TERNATE,6006,Kota Ternate Utara,14,14,14,14,0,0,0,13900000,139,139,230000,23,23,14130000
32,MALUKU UTARA,460,KOTA TERNATE,7108,Moti,6,5,6,6,0,0,0,0,0,0,0,0,0,0
32,MALUKU UTARA,460,KOTA TERNATE,6007,Pulau Batang Dua,6,5,6,6,0,0,0,0,0,0,0,0,0,0
32,MALUKU UTARA,460,KOTA TERNATE,6009,Pulau Hiri,6,6,6,2,0,0,0,0,0,0,0,0,0,0
32,MALUKU UTARA,460,KOTA TERNATE,6004,Pulau Ternate,6,6,6,6,0,0,0,0,0,0,0,0,0,0
32,MALUKU UTARA,460,KOTA TERNATE,6010,Ternate Barat,7,6,7,5,0,0,0,11100000,111,111,10605000,112,486,21705000
32,MALUKU UTARA,461,KOTA TIDORE KEPULAUAN,6013,Oba,13,13,13,2,0,0,0,0,0,0,0,0,0,0
32,MALUKU UTARA,461,KOTA TIDORE KEPULAUAN,6017,Oba Selatan,7,7,7,2,0,0,0,0,0,0,0,0,0,0
32,MALUKU UTARA,461,KOTA TIDORE KEPULAUAN,6016,Oba Tengah,14,14,14,1,0,0,0,0,0,0,0,0,0,0
32,MALUKU UTARA,461,KOTA TIDORE KEPULAUAN,6012,Oba Utara,14,14,13,3,0,0,0,0,0,0,0,0,0,0
32,MALUKU UTARA,461,KOTA TIDORE KEPULAUAN,6011,Tidore,13,13,13,6,0,0,0,50000,1,1,0,0,0,50000
32,MALUKU UTARA,461,KOTA TIDORE KEPULAUAN,6014,Tidore Selatan,8,8,8,3,0,0,0,0,0,0,0,0,0,0
32,MALUKU UTARA,461,KOTA TIDORE KEPULAUAN,6018,Tidore Timur,7,7,7,4,0,0,0,0,0,0,0,0,0,0
32,MALUKU UTARA,461,KOTA TIDORE KEPULAUAN,6015,Tidore Utara,14,14,14,6,0,0,0,0,0,0,0,0,0,0
18,NUSA TENGGARA BARAT,281,KAB. BIMA,3983,Ambalawi,6,6,6,6,0,0,0,0,0,0,0,0,0,0
18,NUSA TENGGARA BARAT,281,KAB. BIMA,3977,Belo,9,9,9,9,0,0,0,19100000,191,191,32010000,186,1551,51110000
18,NUSA TENGGARA BARAT,281,KAB. BIMA,3975,Bolo,14,14,14,10,0,0,0,0,0,0,400000,1,1,400000
18,NUSA TENGGARA BARAT,281,KAB. BIMA,3981,Donggo,9,8,9,7,0,0,0,9200000,92,92,1220000,92,122,10420000
18,NUSA TENGGARA BARAT,281,KAB. BIMA,3990,Lambitu,6,6,6,5,0,0,0,0,0,0,0,0,0,0
18,NUSA TENGGARA BARAT,281,KAB. BIMA,3985,Lambu,14,14,14,8,0,0,0,0,0,0,0,0,0,0
18,NUSA TENGGARA BARAT,281,KAB. BIMA,3984,Langgudu,15,15,15,14,0,0,0,15400000,77,77,19925000,76,797,35325000
18,NUSA TENGGARA BARAT,281,KAB. BIMA,3986,Madapangga,11,11,11,10,0,0,0,3950000,22,22,60000,3,3,4010000
18,NUSA TENGGARA BARAT,281,KAB. BIMA,3974,Monta,14,14,14,14,0,0,0,6200000,15,15,200000,3,4,6400000
18,NUSA TENGGARA BARAT,281,KAB. BIMA,3991,Palibelo,12,12,12,10,0,0,0,13800000,138,138,2680000,138,138,16480000
18,NUSA TENGGARA BARAT,281,KAB. BIMA,3989,Parado,5,5,5,5,0,0,0,0,0,0,0,0,0,0
18,NUSA TENGGARA BARAT,281,KAB. BIMA,3982,Sanggar,6,6,6,5,0,0,0,4650000,93,93,5580000,93,279,10230000
18,NUSA TENGGARA BARAT,281,KAB. BIMA,3979,Sape,17,17,17,15,0,0,0,1500000,15,15,820000,41,41,2320000
18,NUSA TENGGARA BARAT,281,KAB. BIMA,3988,Soromandi,7,7,7,7,0,0,0,500000,5,5,0,0,0,500000
18,NUSA TENGGARA BARAT,281,KAB. BIMA,3987,Tambora,7,7,7,5,0,0,0,9200000,92,92,3400000,91,170,12600000
18,NUSA TENGGARA BARAT,281,KAB. BIMA,3978,Wawo,9,9,9,9,0,0,0,0,0,0,0,0,0,0
18,NUSA TENGGARA BARAT,281,KAB. BIMA,3980,Wera,14,14,14,14,0,0,0,3950000,77,77,1730000,102,102,5680000
18,NUSA TENGGARA BARAT,281,KAB. BIMA,3976,Woha,15,15,15,9,0,0,0,3600000,36,36,1020000,36,51,4620000
18,NUSA TENGGARA BARAT,280,KAB. DOMPU,3968,Dompu,16,15,15,12,0,0,0,0,0,0,0,0,0,0
18,NUSA TENGGARA BARAT,280,KAB. DOMPU,6907,Hu'u,8,8,8,8,0,0,0,450000,9,9,90000,9,9,540000
18,NUSA TENGGARA BARAT,280,KAB. DOMPU,3969,Kempo,8,8,8,8,0,0,0,3200000,32,32,300000,30,30,3500000
18,NUSA TENGGARA BARAT,280,KAB. DOMPU,3970,Kilo,6,6,6,6,0,0,0,0,0,0,0,0,0,0
18,NUSA TENGGARA BARAT,280,KAB. DOMPU,6908,Manggalewa,12,12,12,11,0,0,0,110200,3,3,110000,1,1,220200
18,NUSA TENGGARA BARAT,280,KAB. DOMPU,3973,Pajo,6,6,6,5,0,0,0,1500000,15,15,0,0,0,1500000
18,NUSA TENGGARA BARAT,280,KAB. DOMPU,3972,Pekat,12,12,12,11,0,207,15525000,7900000,94,94,620000,62,62,8520000
18,NUSA TENGGARA BARAT,280,KAB. DOMPU,3971,Woja,15,14,14,14,0,0,0,0,0,0,0,0,0,0
18,NUSA TENGGARA BARAT,276,KAB. LOMBOK BARAT,3913,Batu Layar,9,9,9,9,0,0,0,0,0,0,0,0,0,0
18,NUSA TENGGARA BARAT,276,KAB. LOMBOK BARAT,3904,Gerung,15,14,15,12,0,0,0,6500000,13,13,0,0,0,6500000
18,NUSA TENGGARA BARAT,276,KAB. LOMBOK BARAT,3911,Gunungsari,16,16,16,13,0,0,0,11250000,79,79,3960000,53,212,15210000
18,NUSA TENGGARA BARAT,276,KAB. LOMBOK BARAT,3905,Kediri,10,10,10,10,0,0,0,17800000,64,64,2945000,36,284,20745000
18,NUSA TENGGARA BARAT,276,KAB. LOMBOK BARAT,3909,Kuripan,6,6,6,6,0,0,0,17750000,58,58,1980000,34,198,19730000
18,NUSA TENGGARA BARAT,276,KAB. LOMBOK BARAT,3910,Labuapi,12,12,12,11,0,0,0,0,0,0,0,0,0,0
18,NUSA TENGGARA BARAT,276,KAB. LOMBOK BARAT,3908,Lembar,10,10,10,10,0,0,0,0,0,0,0,0,0,0
18,NUSA TENGGARA BARAT,276,KAB. LOMBOK BARAT,3912,Lingsar,15,15,15,15,0,10,260000,19200000,203,203,6270280,194,651,25470280
18,NUSA TENGGARA BARAT,276,KAB. LOMBOK BARAT,3906,Narmada,22,21,22,17,0,0,0,4800000,24,24,900000,20,45,5700000
18,NUSA TENGGARA BARAT,276,KAB. LOMBOK BARAT,3907,Sekotong,9,9,9,8,0,0,0,0,0,0,20000,2,2,20000
18,NUSA TENGGARA BARAT,277,KAB. LOMBOK TENGAH,3916,Batukliang,11,11,11,11,0,14948,163803400,36200000,128,128,2360000,71,227,38560000
18,NUSA TENGGARA BARAT,277,KAB. LOMBOK TENGAH,3925,Batukliang Utara,8,8,8,8,0,0,0,5000000,50,50,0,0,0,5000000
18,NUSA TENGGARA BARAT,277,KAB. LOMBOK TENGAH,3920,Janapria,16,16,16,14,0,0,0,1600000,32,32,310000,31,31,1910000
18,NUSA TENGGARA BARAT,277,KAB. LOMBOK TENGAH,3915,Jonggat,13,13,13,13,0,0,0,0,0,0,0,0,0,0
18,NUSA TENGGARA BARAT,277,KAB. LOMBOK TENGAH,3922,Kopang,13,13,13,13,0,0,0,9725000,143,143,6550000,53,262,16275000
18,NUSA TENGGARA BARAT,277,KAB. LOMBOK TENGAH,3914,Praya,15,15,15,15,0,0,0,0,0,0,0,0,0,0
18,NUSA TENGGARA BARAT,277,KAB. LOMBOK TENGAH,3918,Praya Barat,10,10,10,10,0,0,0,0,0,0,0,0,0,0
18,NUSA TENGGARA BARAT,277,KAB. LOMBOK TENGAH,3924,Praya Barat Daya,12,12,12,11,0,0,0,7000000,125,125,4210000,79,361,11210000
18,NUSA TENGGARA BARAT,277,KAB. LOMBOK TENGAH,3923,Praya Tengah,13,13,13,12,0,180,2826000,6250000,63,63,40000,3,4,6290000
18,NUSA TENGGARA BARAT,277,KAB. LOMBOK TENGAH,3919,Praya Timur,14,14,14,11,0,4871,88216700,8300000,83,83,1005000,83,187,9305000
18,NUSA TENGGARA BARAT,277,KAB. LOMBOK TENGAH,3921,Pringgarata,11,11,11,9,0,0,0,1100000,11,11,40000,4,4,1140000
18,NUSA TENGGARA BARAT,277,KAB. LOMBOK TENGAH,3917,Pujut,18,18,18,18,0,0,0,7500000,27,27,380000,16,16,7880000
18,NUSA TENGGARA BARAT,278,KAB. LOMBOK TIMUR,3934,Aikmel,14,14,14,11,0,0,0,64755000,636,636,1200000,60,60,65955000
18,NUSA TENGGARA BARAT,278,KAB. LOMBOK TIMUR,3944,Jerowaru,15,15,15,14,0,0,0,27670000,287,287,7615000,234,403,35285000
18,NUSA TENGGARA BARAT,278,KAB. LOMBOK TIMUR,3926,Keruak,15,15,15,8,0,0,0,9800000,98,98,2850000,85,285,12650000
18,NUSA TENGGARA BARAT,278,KAB. LOMBOK TIMUR,3941,Labuhan Haji,12,12,12,12,0,0,0,15900000,159,159,247000,108,211,16147000
18,NUSA TENGGARA BARAT,278,KAB. LOMBOK TIMUR,6905,Lenek,10,10,10,9,0,0,0,9000000,55,55,1240000,27,62,10240000
18,NUSA TENGGARA BARAT,278,KAB. LOMBOK TIMUR,3930,Masbagik,10,10,10,10,0,0,0,19700000,149,149,720000,20,53,20420000
18,NUSA TENGGARA BARAT,278,KAB. LOMBOK TIMUR,3936,Montong Gading,8,8,8,6,0,0,0,19100000,191,191,6040000,153,604,25140000
18,NUSA TENGGARA BARAT,278,KAB. LOMBOK TIMUR,3933,Pringgabaya,15,15,15,11,0,0,0,2000000,20,20,1500000,20,40,3500000
18,NUSA TENGGARA BARAT,278,KAB. LOMBOK TIMUR,3937,Pringgasela,10,10,10,10,0,0,0,200000,3,3,0,0,0,200000
18,NUSA TENGGARA BARAT,278,KAB. LOMBOK TIMUR,3927,Sakra,12,12,12,8,0,0,0,400000,4,4,80000,4,4,480000
18,NUSA TENGGARA BARAT,278,KAB. LOMBOK TIMUR,3943,Sakra Barat,18,18,18,10,0,0,0,7000000,70,70,1245000,70,83,8245000
18,NUSA TENGGARA BARAT,278,KAB. LOMBOK TIMUR,3942,Sakra Timur,10,10,10,6,0,11,165000,17950000,130,130,16165000,120,788,34115000
18,NUSA TENGGARA BARAT,278,KAB. LOMBOK TIMUR,3935,Sambelia,11,11,11,7,0,0,0,0,0,0,0,0,0,0
18,NUSA TENGGARA BARAT,278,KAB. LOMBOK TIMUR,3932,Selong,12,12,12,12,0,0,0,57000000,322,322,3210000,107,107,60210000
18,NUSA TENGGARA BARAT,278,KAB. LOMBOK TIMUR,3940,Sembalun,6,6,6,1,0,0,0,0,0,0,0,0,0,0
18,NUSA TENGGARA BARAT,278,KAB. LOMBOK TIMUR,3929,Sikur,14,14,14,12,0,0,0,2950000,45,45,545000,43,44,3495000
18,NUSA TENGGARA BARAT,278,KAB. LOMBOK TIMUR,3931,Sukamulia,9,9,9,9,0,0,0,0,0,0,0,0,0,0
18,NUSA TENGGARA BARAT,278,KAB. LOMBOK TIMUR,3938,Suralaga,15,15,15,13,0,0,0,850000,3,3,80000,4,4,930000
18,NUSA TENGGARA BARAT,278,KAB. LOMBOK TIMUR,6904,Suwela,8,8,8,5,0,0,0,0,0,0,0,0,0,0
18,NUSA TENGGARA BARAT,278,KAB. LOMBOK TIMUR,3928,Terara,17,17,17,11,0,37,529000,27100000,326,326,2520000,121,252,29620000
18,NUSA TENGGARA BARAT,278,KAB. LOMBOK TIMUR,3939,Wanasaba,14,14,14,14,0,0,0,17800000,178,178,2400000,162,162,20200000
18,NUSA TENGGARA BARAT,283,KAB. LOMBOK UTARA,4003,Bayan,12,12,12,11,0,0,0,0,0,0,0,0,0,0
18,NUSA TENGGARA BARAT,283,KAB. LOMBOK UTARA,4001,Gangga,8,8,8,7,0,0,0,18450000,123,123,10000,1,1,18460000
18,NUSA TENGGARA BARAT,283,KAB. LOMBOK UTARA,4002,Kayangan,11,10,11,9,0,0,0,0,0,0,0,0,0,0
18,NUSA TENGGARA BARAT,283,KAB. LOMBOK UTARA,4004,Pemenang,5,5,5,5,0,0,0,0,0,0,0,0,0,0
18,NUSA TENGGARA BARAT,283,KAB. LOMBOK UTARA,4000,Tanjung,9,8,9,7,0,0,0,7600000,76,76,730000,71,72,8330000
18,NUSA TENGGARA BARAT,279,KAB. SUMBAWA,3946,Alas,8,7,8,8,0,0,0,0,0,0,0,0,0,0
18,NUSA TENGGARA BARAT,279,KAB. SUMBAWA,3956,Alas Barat,8,8,8,8,0,0,0,0,0,0,0,0,0,0
18,NUSA TENGGARA BARAT,279,KAB. SUMBAWA,3948,Batu Lanteh,6,6,6,6,0,0,0,0,0,0,0,0,0,0
18,NUSA TENGGARA BARAT,279,KAB. SUMBAWA,3959,Buer,6,6,6,5,0,0,0,0,0,0,0,0,0,0
18,NUSA TENGGARA BARAT,279,KAB. SUMBAWA,3955,Empang,10,10,10,10,0,0,0,1150000,23,23,0,0,0,1150000
18,NUSA TENGGARA BARAT,279,KAB. SUMBAWA,3958,Labangka,5,5,5,5,0,0,0,7600000,38,38,4560000,38,38,12160000
18,NUSA TENGGARA BARAT,279,KAB. SUMBAWA,3957,Labuhan Badas,7,7,7,7,0,0,0,11700000,117,117,0,0,0,11700000
18,NUSA TENGGARA BARAT,279,KAB. SUMBAWA,3967,Lantung,4,4,4,3,0,0,0,0,0,0,0,0,0,0
18,NUSA TENGGARA BARAT,279,KAB. SUMBAWA,3953,Lape,4,4,4,2,0,0,0,200000,2,2,0,0,0,200000
18,NUSA TENGGARA BARAT,279,KAB. SUMBAWA,3965,Lenangguar,4,4,4,3,0,0,0,0,0,0,0,0,0,0
18,NUSA TENGGARA BARAT,279,KAB. SUMBAWA,3964,Lopok,7,7,7,6,0,0,0,1100000,11,11,0,0,0,1100000
18,NUSA TENGGARA BARAT,279,KAB. SUMBAWA,3945,Lunyuk,7,7,7,4,0,0,0,6500000,26,26,650000,26,26,7150000
18,NUSA TENGGARA BARAT,279,KAB. SUMBAWA,3962,Maronge,4,4,4,4,0,0,0,3650000,42,42,110000,11,11,3760000
18,NUSA TENGGARA BARAT,279,KAB. SUMBAWA,3950,Moyo Hilir,10,10,10,10,0,0,0,0,0,0,0,0,0,0
18,NUSA TENGGARA BARAT,279,KAB. SUMBAWA,3951,Moyo Hulu,12,12,12,12,0,0,0,200000,2,2,40000,2,2,240000
18,NUSA TENGGARA BARAT,279,KAB. SUMBAWA,3961,Moyo Utara,6,6,6,6,0,0,0,4600000,19,19,380000,19,19,4980000
18,NUSA TENGGARA BARAT,279,KAB. SUMBAWA,3966,Orong Telu,4,4,4,3,0,0,0,1600000,16,16,160000,16,16,1760000
18,NUSA TENGGARA BARAT,279,KAB. SUMBAWA,3954,Plampang,11,11,11,11,0,0,0,1600000,16,16,160000,16,16,1760000
18,NUSA TENGGARA BARAT,279,KAB. SUMBAWA,3960,Rhee,4,4,4,4,0,0,0,0,0,0,0,0,0,0
18,NUSA TENGGARA BARAT,279,KAB. SUMBAWA,3952,Ropang,5,5,5,2,0,0,0,0,0,0,0,0,0,0
18,NUSA TENGGARA BARAT,279,KAB. SUMBAWA,3949,Sumbawa,8,8,8,7,0,0,0,0,0,0,0,0,0,0
18,NUSA TENGGARA BARAT,279,KAB. SUMBAWA,3963,Tarano,8,8,8,8,0,0,0,5900000,115,115,7270000,113,738,13170000
18,NUSA TENGGARA BARAT,279,KAB. SUMBAWA,6906,Unter Iwes,8,8,8,7,0,0,0,6000000,60,60,5590000,43,473,11590000
18,NUSA TENGGARA BARAT,279,KAB. SUMBAWA,3947,Utan,9,9,9,9,0,0,0,0,0,0,0,0,0,0
18,NUSA TENGGARA BARAT,282,KAB. SUMBAWA BARAT,3998,Brang Ene,6,6,6,1,0,0,0,0,0,0,0,0,0,0
18,NUSA TENGGARA BARAT,282,KAB. SUMBAWA BARAT,3996,Brang Rea,9,9,9,9,0,0,0,5200000,77,77,2680000,73,232,7880000
18,NUSA TENGGARA BARAT,282,KAB. SUMBAWA BARAT,3992,Jereweh,4,4,4,2,0,0,0,0,0,0,0,0,0,0
18,NUSA TENGGARA BARAT,282,KAB. SUMBAWA BARAT,3999,Maluk,5,5,5,0,0,0,0,0,0,0,0,0,0,0
18,NUSA TENGGARA BARAT,282,KAB. SUMBAWA BARAT,3997,Poto Tano,8,8,8,4,0,0,0,2750000,52,52,980000,49,49,3730000
18,NUSA TENGGARA BARAT,282,KAB. SUMBAWA BARAT,3995,Sekongkang,7,7,7,3,0,7,105000,8300000,166,166,3360000,153,336,11660000
18,NUSA TENGGARA BARAT,282,KAB. SUMBAWA BARAT,3994,Seteluk,10,10,10,2,0,0,0,0,0,0,0,0,0,0
18,NUSA TENGGARA BARAT,282,KAB. SUMBAWA BARAT,3993,Taliwang,16,16,16,4,0,0,0,300000,3,3,60000,3,3,360000
18,NUSA TENGGARA BARAT,285,KOTA BIMA,4012,Asakota,6,6,6,6,0,0,0,3300000,33,33,660000,33,33,3960000
18,NUSA TENGGARA BARAT,285,KOTA BIMA,4014,Mpunda,10,10,10,5,0,0,0,250000,4,4,0,0,0,250000
18,NUSA TENGGARA BARAT,285,KOTA BIMA,4013,Raba,11,11,11,10,0,4,80000,24850000,276,276,2220000,73,111,27070000
18,NUSA TENGGARA BARAT,285,KOTA BIMA,4010,Rasanae Barat,6,6,6,4,0,0,0,0,0,0,0,0,0,0
18,NUSA TENGGARA BARAT,285,KOTA BIMA,4011,Rasanae Timur,8,8,8,6,0,1408,33342400,14000000,140,140,1730000,97,173,15730000
18,NUSA TENGGARA BARAT,284,KOTA MATARAM,4005,Ampenan,10,10,10,10,0,0,0,19800000,215,215,5225000,50,61,25025000
18,NUSA TENGGARA BARAT,284,KOTA MATARAM,4007,Cakranegara,10,10,10,8,0,0,0,17150000,82,82,1670000,45,167,18820000
18,NUSA TENGGARA BARAT,284,KOTA MATARAM,4006,Mataram,9,9,9,9,0,1597,32497379,19100000,83,83,4450000,55,223,23550000
18,NUSA TENGGARA BARAT,284,KOTA MATARAM,4009,Sandubaya,7,7,7,7,0,8640,37338000,3200000,32,32,15830000,121,418,19030000
18,NUSA TENGGARA BARAT,284,KOTA MATARAM,4008,Sekarbela,5,5,5,5,0,0,0,180000,3,3,20000,1,1,200000
18,NUSA TENGGARA BARAT,284,KOTA MATARAM,6909,Selaprang,9,9,9,9,0,84,4032000,13600000,153,153,6875000,117,523,20475000
19,NUSA TENGGARA TIMUR,291,KAB. ALOR,6954,Abad Selatan,7,7,7,3,0,0,0,10000000,40,40,380000,38,38,10380000
19,NUSA TENGGARA TIMUR,291,KAB. ALOR,4092,Alor Barat Daya,13,13,13,13,0,0,0,29600000,148,148,0,0,0,29600000
19,NUSA TENGGARA TIMUR,291,KAB. ALOR,4091,Alor Barat Laut,19,19,19,9,0,0,0,8100000,150,150,40000,2,4,8140000
19,NUSA TENGGARA TIMUR,291,KAB. ALOR,4093,Alor Selatan,14,14,14,6,0,0,0,0,0,0,0,0,0,0
19,NUSA TENGGARA TIMUR,291,KAB. ALOR,4096,Alor Tengah Utara,14,14,14,4,0,0,0,100,1,1,25,1,1,125
19,NUSA TENGGARA TIMUR,291,KAB. ALOR,4094,Alor Timur,10,10,10,2,0,0,0,0,0,0,0,0,0,0
19,NUSA TENGGARA TIMUR,291,KAB. ALOR,4097,Alor Timur Laut,8,8,8,7,0,0,0,0,0,0,0,0,0,0
19,NUSA TENGGARA TIMUR,291,KAB. ALOR,4099,Kabola,5,5,5,2,0,0,0,0,0,0,0,0,0,0
19,NUSA TENGGARA TIMUR,291,KAB. ALOR,4102,Lembur,6,6,6,1,0,0,0,0,0,0,0,0,0,0
19,NUSA TENGGARA TIMUR,291,KAB. ALOR,6951,Mataru,7,7,7,5,0,0,0,1400000,4,4,475000,3,17,1875000
19,NUSA TENGGARA TIMUR,291,KAB. ALOR,4095,Pantar,11,11,11,3,0,0,0,0,0,0,0,0,0,0
19,NUSA TENGGARA TIMUR,291,KAB. ALOR,4098,Pantar Barat,7,7,7,4,0,0,0,0,0,0,0,0,0,0
19,NUSA TENGGARA TIMUR,291,KAB. ALOR,6953,Pantar Barat Laut,7,7,7,5,0,0,0,0,0,0,0,0,0,0
19,NUSA TENGGARA TIMUR,291,KAB. ALOR,4103,Pantar Tengah,10,10,10,6,0,0,0,0,0,0,0,0,0,0
19,NUSA TENGGARA TIMUR,291,KAB. ALOR,4101,Pantar Timur,11,11,11,6,0,0,0,0,0,0,0,0,0,0
19,NUSA TENGGARA TIMUR,291,KAB. ALOR,4100,Pulau Pura,6,6,6,1,0,0,0,1400000,14,14,0,0,0,1400000
19,NUSA TENGGARA TIMUR,291,KAB. ALOR,6952,Pureman,4,4,4,1,0,0,0,0,0,0,0,0,0,0
19,NUSA TENGGARA TIMUR,291,KAB. ALOR,4090,Teluk Mutiara,16,16,16,10,0,0,0,500000,1,1,25000,1,1,525000
19,NUSA TENGGARA TIMUR,288,KAB. BELU,4089,Atambua Barat,4,4,4,4,0,0,0,1250000,25,25,0,0,0,1250000
19,NUSA TENGGARA TIMUR,288,KAB. BELU,4063,Atambua Selatan,4,4,4,4,0,0,0,0,0,0,0,0,0,0
19,NUSA TENGGARA TIMUR,288,KAB. BELU,4060,Kakuluk Mesak,6,6,6,6,0,0,0,0,0,0,0,0,0,0
19,NUSA TENGGARA TIMUR,288,KAB. BELU,4061,Kota Atambua,5,5,5,4,0,0,0,0,0,0,0,0,0,0
19,NUSA TENGGARA TIMUR,288,KAB. BELU,4057,Lamaknen,8,8,8,6,0,0,0,0,0,0,0,0,0,0
19,NUSA TENGGARA TIMUR,288,KAB. BELU,6949,Lamaknen Selatan,8,8,8,8,0,0,0,0,0,0,0,0,0,0
19,NUSA TENGGARA TIMUR,288,KAB. BELU,4088,Lasiolat,7,7,7,6,0,0,0,1750000,32,32,380000,32,32,2130000
19,NUSA TENGGARA TIMUR,288,KAB. BELU,6950,Nanaet Duabesi,4,4,4,2,0,0,0,5450000,109,109,1070000,107,107,6520000
19,NUSA TENGGARA TIMUR,288,KAB. BELU,4059,Raihat,6,6,6,6,0,0,0,0,0,0,0,0,0,0
19,NUSA TENGGARA TIMUR,288,KAB. BELU,4062,Raimanuk,9,9,9,8,0,0,0,3775000,85,85,640000,64,64,4415000
19,NUSA TENGGARA TIMUR,288,KAB. BELU,6948,Tasifeto Barat,8,8,8,6,0,0,0,0,0,0,0,0,0,0
19,NUSA TENGGARA TIMUR,288,KAB. BELU,4058,Tasifeto Timur,12,12,12,11,0,0,0,1800000,36,36,280000,28,28,2080000
19,NUSA TENGGARA TIMUR,294,KAB. ENDE,4155,Detukeli,13,13,13,0,0,0,0,6900000,69,69,30000,2,3,6930000
19,NUSA TENGGARA TIMUR,294,KAB. ENDE,4146,Detusoko,21,21,21,1,0,0,0,10150000,100,100,520000,37,52,10670000
19,NUSA TENGGARA TIMUR,294,KAB. ENDE,4143,Ende,32,32,32,4,0,0,0,5400700,85,85,690020,35,47,6090720
19,NUSA TENGGARA TIMUR,294,KAB. ENDE,4144,Ende Selatan,5,3,5,0,0,0,0,0,0,0,0,0,0,0
19,NUSA TENGGARA TIMUR,294,KAB. ENDE,4159,Ende Tengah,4,4,4,0,0,0,0,0,0,0,0,0,0,0
19,NUSA TENGGARA TIMUR,294,KAB. ENDE,4160,Ende Timur,6,6,6,1,0,0,0,0,0,0,0,0,0,0
19,NUSA TENGGARA TIMUR,294,KAB. ENDE,4158,Ende Utara,10,8,10,7,0,0,0,8375000,149,149,1940000,91,172,10315000
19,NUSA TENGGARA TIMUR,294,KAB. ENDE,4154,Kelimutu,10,9,10,0,0,0,0,3100000,33,33,330000,11,27,3430000
19,NUSA TENGGARA TIMUR,294,KAB. ENDE,4153,Kota Baru,13,13,13,4,0,0,0,5100000,51,51,680000,39,39,5780000
19,NUSA TENGGARA TIMUR,294,KAB. ENDE,6958,Lepembusu Kelisoke,14,11,14,1,0,0,0,5200000,55,55,1590000,45,159,6790000
19,NUSA TENGGARA TIMUR,294,KAB. ENDE,4152,Lio Timur,13,13,13,0,0,0,0,4500000,44,44,450000,44,44,4950000
19,NUSA TENGGARA TIMUR,294,KAB. ENDE,4151,Maukaro,11,11,11,4,0,0,0,500000,6,6,0,0,0,500000
19,NUSA TENGGARA TIMUR,294,KAB. ENDE,4150,Maurole,13,13,13,3,0,0,0,9400000,94,94,2830000,68,82,12230000
19,NUSA TENGGARA TIMUR,294,KAB. ENDE,4141,Nangapanda,30,29,30,9,0,10,130000,55120000,561,561,4515000,412,446,59635000
19,NUSA TENGGARA TIMUR,294,KAB. ENDE,4145,Ndona,14,14,14,7,0,0,0,12500000,223,223,4140000,149,558,16640000
19,NUSA TENGGARA TIMUR,294,KAB. ENDE,4156,Ndona Timur,7,7,7,0,0,0,0,2000000,20,20,200000,20,20,2200000
19,NUSA TENGGARA TIMUR,294,KAB. ENDE,4157,Ndori,10,10,10,5,0,0,0,10400000,151,151,2840000,143,174,13240000
19,NUSA TENGGARA TIMUR,294,KAB. ENDE,4142,Pulau Ende,9,8,9,5,0,0,0,11850000,132,132,2300000,103,166,14150000
19,NUSA TENGGARA TIMUR,294,KAB. ENDE,4147,Wewaria,22,22,22,5,0,0,0,8600250,91,91,2820000,62,62,11420250
19,NUSA TENGGARA TIMUR,294,KAB. ENDE,4149,Wolojita,6,6,6,0,0,0,0,4380000,216,216,2002500,260,260,6382500
19,NUSA TENGGARA TIMUR,294,KAB. ENDE,4148,Wolowaru,18,17,18,7,0,0,0,4550000,68,68,0,0,0,4550000
19,NUSA TENGGARA TIMUR,292,KAB. FLORES TIMUR,4118,Adonara,8,8,8,6,0,0,0,4800000,96,96,0,0,0,4800000
19,NUSA TENGGARA TIMUR,292,KAB. FLORES TIMUR,4111,Adonara Barat,18,18,18,4,0,0,0,14300000,143,143,505000,70,100,14805000
19,NUSA TENGGARA TIMUR,292,KAB. FLORES TIMUR,4119,Adonara Tengah,13,13,13,4,0,0,0,7560000,100,100,2010000,76,209,9570000
19,NUSA TENGGARA TIMUR,292,KAB. FLORES TIMUR,4112,Adonara Timur,22,21,22,8,0,0,0,250000,5,5,140000,5,5,390000
19,NUSA TENGGARA TIMUR,292,KAB. FLORES TIMUR,4116,Demon Pagong,7,7,7,5,0,0,0,13700000,137,137,2570000,85,279,16270000
19,NUSA TENGGARA TIMUR,292,KAB. FLORES TIMUR,4115,Ile Boleng,21,21,21,9,0,0,0,20355000,557,557,13050000,557,1494,33405000
19,NUSA TENGGARA TIMUR,292,KAB. FLORES TIMUR,6956,Ile Bura,7,7,7,2,0,0,0,0,0,0,0,0,0,0
19,NUSA TENGGARA TIMUR,292,KAB. FLORES TIMUR,4107,Ile Mandiri,8,8,8,4,0,0,0,8200000,82,82,5740000,59,288,13940000
19,NUSA TENGGARA TIMUR,292,KAB. FLORES TIMUR,4113,Kelubagolit,12,12,12,6,0,2,130000,50000,1,1,1000,1,1,51000
19,NUSA TENGGARA TIMUR,292,KAB. FLORES TIMUR,4106,Larantuka,20,20,20,16,0,0,0,5100000,51,51,160000,15,16,5260000
19,NUSA TENGGARA TIMUR,292,KAB. FLORES TIMUR,4117,Lewolema,7,7,7,4,0,0,0,1500000,15,15,0,0,0,1500000
19,NUSA TENGGARA TIMUR,292,KAB. FLORES TIMUR,4109,Solor Barat,15,15,15,6,0,0,0,34950000,356,356,4600000,336,457,39550000
19,NUSA TENGGARA TIMUR,292,KAB. FLORES TIMUR,4120,Solor Selatan,7,7,7,0,0,0,0,22100000,184,221,3970000,166,397,26070000
19,NUSA TENGGARA TIMUR,292,KAB. FLORES TIMUR,4110,Solor Timur,17,17,17,12,0,0,0,58000000,387,558,5080000,265,289,63080000
19,NUSA TENGGARA TIMUR,292,KAB. FLORES TIMUR,4108,Tanjung Bunga,16,16,16,13,0,0,0,3700000,33,33,600000,40,44,4300000
19,NUSA TENGGARA TIMUR,292,KAB. FLORES TIMUR,4105,Titehena,14,14,14,8,0,0,0,15050000,199,199,4605000,124,165,19655000
19,NUSA TENGGARA TIMUR,292,KAB. FLORES TIMUR,4114,Witihama,16,16,16,7,0,0,0,3100000,62,62,540000,24,54,3640000
19,NUSA TENGGARA TIMUR,292,KAB. FLORES TIMUR,6955,Wotan Ulumando,12,12,12,6,0,0,0,4600000,46,46,3100000,31,31,7700000
19,NUSA TENGGARA TIMUR,292,KAB. FLORES TIMUR,4104,Wulanggitang,11,11,11,5,0,0,0,0,0,0,0,0,0,0
19,NUSA TENGGARA TIMUR,286,KAB. KUPANG,4033,Amabi Oefeto,7,7,7,6,0,0,0,5950000,27,27,710000,25,83,6660000
19,NUSA TENGGARA TIMUR,286,KAB. KUPANG,4029,Amabi Oefeto Timur,10,10,10,8,0,0,0,18250000,73,73,110000,11,11,18360000
19,NUSA TENGGARA TIMUR,286,KAB. KUPANG,4020,Amarasi,9,9,9,4,0,0,0,19650000,238,238,8929000,220,1384,28579000
19,NUSA TENGGARA TIMUR,286,KAB. KUPANG,4026,Amarasi Barat,8,8,8,4,0,0,0,7300000,73,73,3680000,57,338,10980000
19,NUSA TENGGARA TIMUR,286,KAB. KUPANG,4027,Amarasi Selatan,5,5,5,2,0,0,0,4000000,40,40,1950000,35,195,5950000
19,NUSA TENGGARA TIMUR,286,KAB. KUPANG,4028,Amarasi Timur,4,4,4,2,0,0,0,0,0,0,0,0,0,0
19,NUSA TENGGARA TIMUR,286,KAB. KUPANG,4030,Amfoang Barat Daya,4,4,4,4,0,246,2369568,5900000,59,59,1230000,20,123,7130000
19,NUSA TENGGARA TIMUR,286,KAB. KUPANG,4031,Amfoang Barat Laut,6,6,6,2,0,0,0,1600000,16,16,0,0,0,1600000
19,NUSA TENGGARA TIMUR,286,KAB. KUPANG,4023,Amfoang Selatan,7,7,7,7,0,0,0,28618593,99,99,6900000,96,690,35518593
19,NUSA TENGGARA TIMUR,286,KAB. KUPANG,4036,Amfoang Tengah,4,4,4,4,0,0,0,0,0,0,0,0,0,0
19,NUSA TENGGARA TIMUR,286,KAB. KUPANG,4034,Amfoang Timur,5,5,5,2,0,0,0,0,0,0,0,0,0,0
19,NUSA TENGGARA TIMUR,286,KAB. KUPANG,4024,Amfoang Utara,6,6,6,3,0,0,0,0,0,0,0,0,0,0
19,NUSA TENGGARA TIMUR,286,KAB. KUPANG,4021,Fatuleu,10,10,10,6,0,0,0,8520000,56,87,2340000,41,210,10860000
19,NUSA TENGGARA TIMUR,286,KAB. KUPANG,6911,Fatuleu Barat,5,5,5,5,0,0,0,3500000,39,39,205000,21,21,3705000
19,NUSA TENGGARA TIMUR,286,KAB. KUPANG,4035,Fatuleu Tengah,4,4,4,2,0,0,0,1500000,15,15,130000,13,13,1630000
19,NUSA TENGGARA TIMUR,286,KAB. KUPANG,4016,Kupang Barat,12,12,12,7,0,15,4050000,1000000,4,4,275000,3,3,1275000
19,NUSA TENGGARA TIMUR,286,KAB. KUPANG,4019,Kupang Tengah,8,8,8,4,0,0,0,0,0,0,0,0,0,0
19,NUSA TENGGARA TIMUR,286,KAB. KUPANG,4017,Kupang Timur,13,13,13,12,0,0,0,908200,50,50,361700,42,70,1269900
19,NUSA TENGGARA TIMUR,286,KAB. KUPANG,4025,Nekamese,11,11,11,11,0,0,0,9850000,83,83,900000,76,90,10750000
19,NUSA TENGGARA TIMUR,286,KAB. KUPANG,4015,Semau,8,8,8,3,0,0,0,0,0,0,0,0,0,0
19,NUSA TENGGARA TIMUR,286,KAB. KUPANG,6910,Semau Selatan,6,6,6,6,0,0,0,100000,1,1,0,0,0,100000
19,NUSA TENGGARA TIMUR,286,KAB. KUPANG,4018,Sulamu,7,7,7,6,0,0,0,100000,1,1,10000,1,1,110000
19,NUSA TENGGARA TIMUR,286,KAB. KUPANG,4032,Taebenu,8,8,8,4,0,0,0,0,0,0,0,0,0,0
19,NUSA TENGGARA TIMUR,286,KAB. KUPANG,4022,Takari,10,10,10,9,0,0,0,1800000,18,18,80000,4,4,1880000
19,NUSA TENGGARA TIMUR,297,KAB. LEMBATA,4185,Atadei,15,15,15,11,0,0,0,2900000,29,29,2210000,29,203,5110000
19,NUSA TENGGARA TIMUR,297,KAB. LEMBATA,6964,Buyasuri,20,20,20,20,0,0,0,0,0,0,0,0,0,0
19,NUSA TENGGARA TIMUR,297,KAB. LEMBATA,4186,Ile Ape,17,17,17,14,0,0,0,1600000,18,18,360000,18,18,1960000
19,NUSA TENGGARA TIMUR,297,KAB. LEMBATA,4191,Ile Ape Timur,9,9,9,8,0,0,0,2400000,24,24,250000,25,25,2650000
19,NUSA TENGGARA TIMUR,297,KAB. LEMBATA,4187,Lebatukan,17,17,17,15,0,0,0,0,0,0,0,0,0,0
19,NUSA TENGGARA TIMUR,297,KAB. LEMBATA,4184,Naga Wutung,18,18,18,18,0,0,0,26800000,298,298,1580000,68,218,28380000
19,NUSA TENGGARA TIMUR,297,KAB. LEMBATA,4188,Nubatukan,18,18,18,13,0,0,0,100000,1,1,30000,3,3,130000
19,NUSA TENGGARA TIMUR,297,KAB. LEMBATA,4189,Omesuri,22,22,22,21,0,0,0,0,0,0,0,0,0,0
19,NUSA TENGGARA TIMUR,297,KAB. LEMBATA,4190,Wulandoni,15,15,15,15,0,0,0,9050000,125,125,815000,95,95,9865000
19,NUSA TENGGARA TIMUR,305,KAB. MALAKA,4257,Botin Leobele,5,5,5,5,0,0,0,0,0,0,0,0,0,0
19,NUSA TENGGARA TIMUR,305,KAB. MALAKA,4252,Io Kufeu,7,7,7,7,0,0,0,0,0,0,0,0,0,0
19,NUSA TENGGARA TIMUR,305,KAB. MALAKA,4256,Kobalima,8,8,8,8,0,0,0,0,0,0,0,0,0,0
19,NUSA TENGGARA TIMUR,305,KAB. MALAKA,6975,Kobalima Timur,4,4,4,4,0,0,0,0,0,0,0,0,0,0
19,NUSA TENGGARA TIMUR,305,KAB. MALAKA,4254,Laenmanen,9,9,9,9,0,0,0,0,0,0,0,0,0,0
19,NUSA TENGGARA TIMUR,305,KAB. MALAKA,4248,Malaka Barat,16,16,16,15,0,0,0,160000,8,8,0,0,0,160000
19,NUSA TENGGARA TIMUR,305,KAB. MALAKA,4247,Malaka Tengah,17,17,17,17,0,0,0,10600000,106,106,450000,45,45,11050000
19,NUSA TENGGARA TIMUR,305,KAB. MALAKA,4255,Malaka Timur,6,6,6,6,0,0,0,1105000,12,12,120000,6,6,1225000
19,NUSA TENGGARA TIMUR,305,KAB. MALAKA,4251,Rinhat,20,20,20,20,0,0,0,1760000,15,15,0,0,0,1760000
19,NUSA TENGGARA TIMUR,305,KAB. MALAKA,4253,Sasitamean,9,9,9,8,0,0,0,0,0,0,20000,2,2,20000
19,NUSA TENGGARA TIMUR,305,KAB. MALAKA,4250,Weliman,14,14,14,11,0,0,0,0,0,0,0,0,0,0
19,NUSA TENGGARA TIMUR,305,KAB. MALAKA,4249,Wewiku,12,12,12,11,0,0,0,0,0,0,10000,1,1,10000
19,NUSA TENGGARA TIMUR,296,KAB. MANGGARAI,4175,Cibal,18,17,18,12,0,0,0,3800000,38,38,0,0,0,3800000
19,NUSA TENGGARA TIMUR,296,KAB. MANGGARAI,4182,Cibal barat,10,10,10,9,0,0,0,150000,2,3,5080000,42,46,5230000
19,NUSA TENGGARA TIMUR,296,KAB. MANGGARAI,4177,Langke Rembong,20,20,20,16,0,0,0,7350000,139,139,225000,8,9,7575000
19,NUSA TENGGARA TIMUR,296,KAB. MANGGARAI,4180,Lelak,10,10,10,4,0,0,0,2350000,46,46,4500000,45,450,6850000
19,NUSA TENGGARA TIMUR,296,KAB. MANGGARAI,4179,Rahong Utara,12,12,12,10,0,0,0,0,0,0,0,0,0,0
19,NUSA TENGGARA TIMUR,296,KAB. MANGGARAI,4176,Reok,10,10,10,6,0,0,0,475000,6,6,20000,2,2,495000
19,NUSA TENGGARA TIMUR,296,KAB. MANGGARAI,4181,Reok Barat,10,10,10,5,0,0,0,0,0,0,10000,1,1,10000
19,NUSA TENGGARA TIMUR,296,KAB. MANGGARAI,4173,Ruteng,19,19,19,17,0,0,0,10000,1,1,30000,3,3,40000
19,NUSA TENGGARA TIMUR,296,KAB. MANGGARAI,4174,Satar Mese,23,23,23,17,0,0,0,0,0,0,0,0,0,0
19,NUSA TENGGARA TIMUR,296,KAB. MANGGARAI,4178,Satar Mese Barat,12,12,12,9,0,0,0,2000000,40,40,630000,42,63,2630000
19,NUSA TENGGARA TIMUR,296,KAB. MANGGARAI,4183,Satar Mese Utara,11,11,11,9,0,250,3250000,6500000,65,65,4300000,63,215,10800000
19,NUSA TENGGARA TIMUR,296,KAB. MANGGARAI,4172,Wae Rii,17,17,17,12,0,0,0,0,0,0,70000,14,14,70000
19,NUSA TENGGARA TIMUR,299,KAB. MANGGARAI BARAT,4207,Boleng,11,11,11,10,0,0,0,4500000,45,45,1120000,37,112,5620000
19,NUSA TENGGARA TIMUR,299,KAB. MANGGARAI BARAT,4206,Komodo,19,19,19,16,0,0,0,7650000,98,98,3010000,68,301,10660000
19,NUSA TENGGARA TIMUR,299,KAB. MANGGARAI BARAT,4203,Kuwus,12,12,12,8,0,0,0,11700000,111,111,40000,4,4,11740000
19,NUSA TENGGARA TIMUR,299,KAB. MANGGARAI BARAT,6968,Kuwus Barat,10,10,10,8,0,0,0,550000,11,11,20000,2,2,570000
19,NUSA TENGGARA TIMUR,299,KAB. MANGGARAI BARAT,4204,Lembor,15,15,15,10,0,0,0,3360000,42,42,275000,26,32,3635000
19,NUSA TENGGARA TIMUR,299,KAB. MANGGARAI BARAT,6966,Lembor Selatan,15,15,15,13,0,0,0,9710000,98,98,1320000,30,132,11030000
19,NUSA TENGGARA TIMUR,299,KAB. MANGGARAI BARAT,4202,Macang Pacar,13,13,13,9,0,0,0,4700000,88,88,8440000,74,74,13140000
19,NUSA TENGGARA TIMUR,299,KAB. MANGGARAI BARAT,4210,Mbeliling,15,15,15,14,0,0,0,200000,2,2,0,0,0,200000
19,NUSA TENGGARA TIMUR,299,KAB. MANGGARAI BARAT,4209,Ndoso,15,15,15,14,0,0,0,5250000,57,57,120000,11,11,5370000
19,NUSA TENGGARA TIMUR,299,KAB. MANGGARAI BARAT,6967,Pacar,13,13,13,13,0,0,0,6850000,136,136,60000,6,6,6910000
19,NUSA TENGGARA TIMUR,299,KAB. MANGGARAI BARAT,4205,Sano Nggoang,15,15,15,11,0,0,0,10650000,120,120,1900000,94,379,12550000
19,NUSA TENGGARA TIMUR,299,KAB. MANGGARAI BARAT,4208,Welak,16,16,16,12,0,0,0,4500000,47,47,110000,10,11,4610000
19,NUSA TENGGARA TIMUR,303,KAB. MANGGARAI TIMUR,4234,Borong,18,18,18,18,0,0,0,0,0,0,0,0,0,0
19,NUSA TENGGARA TIMUR,303,KAB. MANGGARAI TIMUR,6974,Congkar,10,10,10,10,0,0,0,0,0,0,10000,1,1,10000
19,NUSA TENGGARA TIMUR,303,KAB. MANGGARAI TIMUR,4237,Elar,15,15,15,15,0,0,0,12500250,51,51,1790020,51,180,14290270
19,NUSA TENGGARA TIMUR,303,KAB. MANGGARAI TIMUR,4240,Elar Selatan,14,14,14,14,0,0,0,7680000,45,45,2670000,66,66,10350000
19,NUSA TENGGARA TIMUR,303,KAB. MANGGARAI TIMUR,4238,Kota Komba,11,11,11,11,0,0,0,22500000,90,90,1950000,65,65,24450000
19,NUSA TENGGARA TIMUR,303,KAB. MANGGARAI TIMUR,6972,Kota Komba Utara,11,11,11,11,0,0,0,25200000,104,113,700000,28,41,25900000
19,NUSA TENGGARA TIMUR,303,KAB. MANGGARAI TIMUR,4235,Lamba Leda,13,13,13,11,0,0,0,549450000,128,128,25025,2,2,549475025
19,NUSA TENGGARA TIMUR,303,KAB. MANGGARAI TIMUR,6970,Lamba Leda Selatan,24,24,24,19,0,0,0,6250000,63,63,0,0,0,6250000
19,NUSA TENGGARA TIMUR,303,KAB. MANGGARAI TIMUR,6971,Lamba Leda Timur,18,18,18,15,0,0,0,44700000,177,177,3785000,54,54,48485000
19,NUSA TENGGARA TIMUR,303,KAB. MANGGARAI TIMUR,6973,Lamba Leda Utara,11,11,11,10,0,0,0,8750000,47,47,10000,1,1,8760000
19,NUSA TENGGARA TIMUR,303,KAB. MANGGARAI TIMUR,4239,Rana Mese,21,21,21,18,0,0,0,35350000,155,155,2360000,94,130,37710000
19,NUSA TENGGARA TIMUR,303,KAB. MANGGARAI TIMUR,4236,Sambi Rampas,10,10,10,8,0,0,0,8550000,38,38,0,0,0,8550000
19,NUSA TENGGARA TIMUR,300,KAB. NAGEKEO,4211,Aesesa,18,18,18,10,0,0,0,1100000,11,11,575000,11,56,1675000
19,NUSA TENGGARA TIMUR,300,KAB. NAGEKEO,4217,Aesesa Selatan,7,7,7,2,0,0,0,2100000,21,21,0,0,0,2100000
19,NUSA TENGGARA TIMUR,300,KAB. NAGEKEO,4213,Boawae,27,27,27,12,0,0,0,2930000,82,82,540000,82,86,3470000
19,NUSA TENGGARA TIMUR,300,KAB. NAGEKEO,4216,Keo Tengah,16,16,16,7,0,0,0,410000,6,6,130000,4,4,540000
19,NUSA TENGGARA TIMUR,300,KAB. NAGEKEO,4214,Mauponggo,21,21,21,7,0,0,0,440000,5,5,0,0,0,440000
19,NUSA TENGGARA TIMUR,300,KAB. NAGEKEO,4212,Nangaroro,19,19,19,10,0,0,0,9100000,116,116,270000,51,51,9370000
19,NUSA TENGGARA TIMUR,300,KAB. NAGEKEO,4215,Wolowae,5,5,5,4,0,0,0,1700000,17,17,180000,18,18,1880000
19,NUSA TENGGARA TIMUR,295,KAB. NGADA,4161,Aimere,11,11,11,1,0,0,0,0,0,0,0,0,0,0
19,NUSA TENGGARA TIMUR,295,KAB. NGADA,4163,Bajawa,28,28,28,10,0,0,0,8860000,94,96,1045000,87,132,9905000
19,NUSA TENGGARA TIMUR,295,KAB. NGADA,4168,Bajawa Utara,12,12,12,2,0,0,0,0,0,0,0,0,0,0
19,NUSA TENGGARA TIMUR,295,KAB. NGADA,4162,Golewa,22,22,22,10,0,0,0,5230000,88,88,1466000,86,325,6696000
19,NUSA TENGGARA TIMUR,295,KAB. NGADA,4170,Golewa Barat,13,13,13,3,0,0,0,12450000,158,158,4070000,145,337,16520000
19,NUSA TENGGARA TIMUR,295,KAB. NGADA,6959,Golewa Selatan,18,18,18,8,0,0,0,10150000,116,116,1460000,107,180,11610000
19,NUSA TENGGARA TIMUR,295,KAB. NGADA,4171,Inerie,13,13,13,2,0,0,0,400000,4,4,30000,4,6,430000
19,NUSA TENGGARA TIMUR,295,KAB. NGADA,4166,Jerebuu,14,14,14,3,0,0,0,0,0,0,0,0,0,0
19,NUSA TENGGARA TIMUR,295,KAB. NGADA,4165,Riung,29,29,29,7,0,0,0,12050000,139,140,2060000,69,161,14110000
19,NUSA TENGGARA TIMUR,295,KAB. NGADA,4167,Riung Barat,19,19,19,6,0,0,0,0,0,0,0,0,0,0
19,NUSA TENGGARA TIMUR,295,KAB. NGADA,4164,Soa,16,16,16,12,0,0,0,8500000,85,85,220000,22,22,8720000
19,NUSA TENGGARA TIMUR,295,KAB. NGADA,4169,Wolomeze,11,11,11,1,0,0,0,3575300,84,84,715000,79,143,4290300
19,NUSA TENGGARA TIMUR,298,KAB. ROTE NDAO,4201,Landu Leko,7,7,7,5,0,0,0,0,0,0,0,0,0,0
19,NUSA TENGGARA TIMUR,298,KAB. ROTE NDAO,6965,Loaholu,10,10,10,8,0,0,0,0,0,0,0,0,0,0
19,NUSA TENGGARA TIMUR,298,KAB. ROTE NDAO,4194,Lobalain,18,18,18,17,0,0,0,6750000,27,27,475000,7,19,7225000
19,NUSA TENGGARA TIMUR,298,KAB. ROTE NDAO,4200,Ndao Nuse,5,5,5,5,0,0,0,0,0,0,0,0,0,0
19,NUSA TENGGARA TIMUR,298,KAB. ROTE NDAO,4196,Pantai Baru,15,15,15,14,0,0,0,0,0,0,0,0,0,0
19,NUSA TENGGARA TIMUR,298,KAB. ROTE NDAO,4198,Rote Barat,7,6,7,6,0,0,0,0,0,0,0,0,0,0
19,NUSA TENGGARA TIMUR,298,KAB. ROTE NDAO,4192,Rote Barat Daya,19,19,19,13,0,0,0,0,0,0,0,0,0,0
19,NUSA TENGGARA TIMUR,298,KAB. ROTE NDAO,4193,Rote Barat Laut,12,12,12,10,0,0,0,0,0,0,0,0,0,0
19,NUSA TENGGARA TIMUR,298,KAB. ROTE NDAO,4199,Rote  Selatan,7,7,7,7,0,0,0,0,0,0,0,0,0,0
19,NUSA TENGGARA TIMUR,298,KAB. ROTE NDAO,4195,Rote Tengah,8,7,8,7,0,0,0,0,0,0,0,0,0,0
19,NUSA TENGGARA TIMUR,298,KAB. ROTE NDAO,4197,Rote Timur,11,11,11,11,0,0,0,1100000,11,11,360000,13,14,1460000
19,NUSA TENGGARA TIMUR,304,KAB. SABU RAIJUA,4245,Hawu Mehara,10,10,10,6,0,0,0,2150000,43,43,1075000,43,43,3225000
19,NUSA TENGGARA TIMUR,304,KAB. SABU RAIJUA,4246,Raijua,5,5,5,0,0,0,0,0,0,0,0,0,0,0
19,NUSA TENGGARA TIMUR,304,KAB. SABU RAIJUA,4241,Sabu Barat,18,18,18,6,0,0,0,0,0,0,0,0,0,0
19,NUSA TENGGARA TIMUR,304,KAB. SABU RAIJUA,4244,Sabu Liae,12,12,12,8,0,0,0,0,0,0,0,0,0,0
19,NUSA TENGGARA TIMUR,304,KAB. SABU RAIJUA,4242,Sabu Tengah,8,8,8,5,0,0,0,0,0,0,0,0,0,0
19,NUSA TENGGARA TIMUR,304,KAB. SABU RAIJUA,4243,Sabu Timur,10,10,10,0,0,0,0,0,0,0,0,0,0,0
19,NUSA TENGGARA TIMUR,293,KAB. SIKKA,4124,Alok,7,7,7,6,0,0,0,5600000,56,56,450000,27,45,6050000
19,NUSA TENGGARA TIMUR,293,KAB. SIKKA,4133,Alok Barat,4,4,4,4,0,0,0,18685000,94,94,1100020,111,111,19785020
19,NUSA TENGGARA TIMUR,293,KAB. SIKKA,4134,Alok Timur,11,11,11,8,0,0,0,6500000,65,65,1300000,91,130,7800000
19,NUSA TENGGARA TIMUR,293,KAB. SIKKA,4130,Bola,8,8,8,6,0,0,0,3650000,46,46,330000,28,30,3980000
19,NUSA TENGGARA TIMUR,293,KAB. SIKKA,4139,Doreng,9,9,9,7,0,0,0,11625000,78,78,1790000,74,74,13415000
19,NUSA TENGGARA TIMUR,293,KAB. SIKKA,4137,Hewokloang,7,7,7,3,0,0,0,700000,7,7,60000,3,3,760000
19,NUSA TENGGARA TIMUR,293,KAB. SIKKA,4138,Kangae,9,9,9,6,0,0,0,540000,7,7,0,0,0,540000
19,NUSA TENGGARA TIMUR,293,KAB. SIKKA,4129,Kewapante,9,8,9,6,0,0,0,2300000,23,23,160000,8,8,2460000
19,NUSA TENGGARA TIMUR,293,KAB. SIKKA,4135,Koting,7,7,7,3,0,0,0,200000,2,2,25000,1,1,225000
19,NUSA TENGGARA TIMUR,293,KAB. SIKKA,4123,Lela,9,9,9,4,0,0,0,0,0,0,0,0,0,0
19,NUSA TENGGARA TIMUR,293,KAB. SIKKA,4131,Magepanda,8,8,8,7,0,44400,80812000,11000000,110,110,1930000,185,193,12930000
19,NUSA TENGGARA TIMUR,293,KAB. SIKKA,4140,Mapitara,4,3,4,3,0,0,0,0,0,0,0,0,0,0
19,NUSA TENGGARA TIMUR,293,KAB. SIKKA,4122,Mego,13,13,13,6,0,0,0,0,0,0,0,0,0,0
19,NUSA TENGGARA TIMUR,293,KAB. SIKKA,4126,Nelle,5,5,5,3,0,0,0,0,0,0,0,0,0,0
19,NUSA TENGGARA TIMUR,293,KAB. SIKKA,6957,Nita,15,15,15,8,0,0,0,1400000,14,14,360000,12,24,1760000
19,NUSA TENGGARA TIMUR,293,KAB. SIKKA,4121,Paga,14,14,14,7,0,0,0,0,0,0,0,0,0,0
19,NUSA TENGGARA TIMUR,293,KAB. SIKKA,4125,Palue,8,7,8,5,0,0,0,0,0,0,0,0,0,0
19,NUSA TENGGARA TIMUR,293,KAB. SIKKA,4127,Talibura,20,20,20,11,0,0,0,0,0,0,0,0,0,0
19,NUSA TENGGARA TIMUR,293,KAB. SIKKA,4136,Tana Wawo,9,9,8,4,0,0,0,0,0,0,0,0,0,0
19,NUSA TENGGARA TIMUR,293,KAB. SIKKA,4132,Waiblama,7,7,7,7,0,0,0,0,0,0,0,0,0,0
19,NUSA TENGGARA TIMUR,293,KAB. SIKKA,4128,Waigete,11,11,11,7,0,0,0,600000,3,3,0,0,0,600000
19,NUSA TENGGARA TIMUR,290,KAB. SUMBA BARAT,4087,Kota Waikabubak,13,13,13,12,0,0,0,0,0,0,0,0,0,0
19,NUSA TENGGARA TIMUR,290,KAB. SUMBA BARAT,6963,Laboya Barat,4,4,4,0,0,0,0,0,0,0,0,0,0,0
19,NUSA TENGGARA TIMUR,290,KAB. SUMBA BARAT,4086,Lamboya,11,11,11,1,0,0,0,0,0,0,0,0,0,0
19,NUSA TENGGARA TIMUR,290,KAB. SUMBA BARAT,4084,Loli,14,14,14,6,0,0,0,0,0,0,0,0,0,0
19,NUSA TENGGARA TIMUR,290,KAB. SUMBA BARAT,4083,Tana Righu,18,18,18,4,0,0,0,0,0,0,0,0,0,0
19,NUSA TENGGARA TIMUR,290,KAB. SUMBA BARAT,4085,Wanokaka,14,14,14,4,0,0,0,1000000,4,4,200000,4,4,1200000
19,NUSA TENGGARA TIMUR,302,KAB. SUMBA BARAT DAYA,4229,Kodi,19,19,19,14,0,0,0,0,0,0,0,0,0,0
19,NUSA TENGGARA TIMUR,302,KAB. SUMBA BARAT DAYA,4233,Kodi Balaghar,9,8,9,0,0,0,0,0,0,0,0,0,0,0
19,NUSA TENGGARA TIMUR,302,KAB. SUMBA BARAT DAYA,4228,Kodi Bangedo,21,21,21,4,0,0,0,0,0,0,0,0,0,0
19,NUSA TENGGARA TIMUR,302,KAB. SUMBA BARAT DAYA,4230,Kodi Utara,21,21,21,16,0,0,0,0,0,0,0,0,0,0
19,NUSA TENGGARA TIMUR,302,KAB. SUMBA BARAT DAYA,4231,Kota Tambolaka,10,10,10,10,0,0,0,0,0,0,0,0,0,0
19,NUSA TENGGARA TIMUR,302,KAB. SUMBA BARAT DAYA,4223,Loura,11,11,11,11,0,0,0,0,0,0,0,0,0,0
19,NUSA TENGGARA TIMUR,302,KAB. SUMBA BARAT DAYA,4226,Wewewa Barat,20,19,20,13,0,0,0,0,0,0,0,0,0,0
19,NUSA TENGGARA TIMUR,302,KAB. SUMBA BARAT DAYA,4227,Wewewa Selatan,14,12,14,6,0,0,0,0,0,0,0,0,0,0
19,NUSA TENGGARA TIMUR,302,KAB. SUMBA BARAT DAYA,4232,Wewewa Tengah,20,16,20,8,0,0,0,100000,1,1,10000,1,1,110000
19,NUSA TENGGARA TIMUR,302,KAB. SUMBA BARAT DAYA,4225,Wewewa Timur,19,19,19,15,0,0,0,0,0,0,0,0,0,0
19,NUSA TENGGARA TIMUR,302,KAB. SUMBA BARAT DAYA,4224,Wewewa Utara,12,12,12,0,0,0,0,0,0,0,0,0,0,0
19,NUSA TENGGARA TIMUR,301,KAB. SUMBA TENGAH,4218,Katiku Tana,7,7,7,3,0,0,0,0,0,0,0,0,0,0
19,NUSA TENGGARA TIMUR,301,KAB. SUMBA TENGAH,4222,Katiku Tana Selatan,9,9,9,5,0,0,0,0,0,0,0,0,0,0
19,NUSA TENGGARA TIMUR,301,KAB. SUMBA TENGAH,4220,Mamboro,13,13,13,12,0,0,0,4400000,22,22,300000,3,6,4700000
19,NUSA TENGGARA TIMUR,301,KAB. SUMBA TENGAH,4221,Umbu Ratu Nggay,11,11,11,3,0,0,0,0,0,0,0,0,0,0
19,NUSA TENGGARA TIMUR,301,KAB. SUMBA TENGAH,4219,Umbu Ratu Nggay Barat,15,15,15,13,0,0,0,0,0,0,0,0,0,0
19,NUSA TENGGARA TIMUR,301,KAB. SUMBA TENGAH,6969,Umbu Ratu Nggay Tengah,10,10,10,4,0,0,0,0,0,0,0,0,0,0
19,NUSA TENGGARA TIMUR,289,KAB. SUMBA TIMUR,4065,Haharu,7,7,7,4,0,0,0,14000000,140,140,15980000,140,1598,29980000
19,NUSA TENGGARA TIMUR,289,KAB. SUMBA TIMUR,6961,Kahaungu Eti,9,9,9,8,0,0,0,35070000,366,366,4420000,282,335,39490000
19,NUSA TENGGARA TIMUR,289,KAB. SUMBA TIMUR,4077,Kambata Mapambuhang,6,6,6,5,0,0,0,0,0,0,0,0,0,0
19,NUSA TENGGARA TIMUR,289,KAB. SUMBA TIMUR,4076,Kambera,8,8,8,8,0,7,455000,28500000,285,285,16220000,276,811,44720000
19,NUSA TENGGARA TIMUR,289,KAB. SUMBA TIMUR,4080,Kanatang,6,5,6,3,0,0,0,0,0,0,0,0,0,0
19,NUSA TENGGARA TIMUR,289,KAB. SUMBA TIMUR,4075,Karera,7,7,7,6,0,0,0,18400000,184,184,3360000,54,168,21760000
19,NUSA TENGGARA TIMUR,289,KAB. SUMBA TIMUR,4079,Katala Hamu Lingu,5,5,5,3,0,0,0,6220000,36,36,520000,26,26,6740000
19,NUSA TENGGARA TIMUR,289,KAB. SUMBA TIMUR,4064,Kota Waingapu,7,7,7,7,0,0,0,0,0,0,0,0,0,0
19,NUSA TENGGARA TIMUR,289,KAB. SUMBA TIMUR,4066,Lewa,8,8,8,5,0,0,0,20300000,203,203,890000,46,46,21190000
19,NUSA TENGGARA TIMUR,289,KAB. SUMBA TIMUR,4078,Lewa Tidahu,6,6,6,4,0,0,0,0,0,0,0,0,0,0
19,NUSA TENGGARA TIMUR,289,KAB. SUMBA TIMUR,4082,Mahu,6,6,6,0,0,0,0,0,0,0,0,0,0,0
19,NUSA TENGGARA TIMUR,289,KAB. SUMBA TIMUR,6962,Matawai La Pawu,6,6,6,4,0,0,0,0,0,0,0,0,0,0
19,NUSA TENGGARA TIMUR,289,KAB. SUMBA TIMUR,4081,Ngadu Ngala,5,5,5,2,0,0,0,15400000,154,154,90000,6,9,15490000
19,NUSA TENGGARA TIMUR,289,KAB. SUMBA TIMUR,4067,Nggaha Ori Angu,8,8,8,8,0,0,0,14600000,146,146,6320000,134,316,20920000
19,NUSA TENGGARA TIMUR,289,KAB. SUMBA TIMUR,6960,Paberiwai,7,7,7,6,0,0,0,3800000,38,38,1880000,38,94,5680000
19,NUSA TENGGARA TIMUR,289,KAB. SUMBA TIMUR,4073,Pahunga Lodu,8,8,8,6,0,0,0,12300000,62,62,540000,54,54,12840000
19,NUSA TENGGARA TIMUR,289,KAB. SUMBA TIMUR,4070,Pandawai,7,7,7,6,0,0,0,2700000,27,27,280000,14,14,2980000
19,NUSA TENGGARA TIMUR,289,KAB. SUMBA TIMUR,4069,Pinu Pahar,6,6,6,4,0,0,0,0,0,0,0,0,0,0
19,NUSA TENGGARA TIMUR,289,KAB. SUMBA TIMUR,4072,Rindi,8,8,8,8,0,0,0,600000,6,6,20000,1,1,620000
19,NUSA TENGGARA TIMUR,289,KAB. SUMBA TIMUR,4068,Tabundung,10,10,10,5,0,0,0,0,0,0,0,0,0,0
19,NUSA TENGGARA TIMUR,289,KAB. SUMBA TIMUR,4071,Umalulu,10,10,10,8,0,0,0,25400100,213,213,2420000,127,134,27820100
19,NUSA TENGGARA TIMUR,289,KAB. SUMBA TIMUR,4074,Wulla Waijelu,7,7,7,5,0,0,0,1600000,8,8,140000,3,7,1740000
19,NUSA TENGGARA TIMUR,510,KAB. TIMOR TENGAH SELATAN,6919,Amanatun Selatan,13,13,13,13,0,0,0,12700000,70,70,5980000,69,288,18680000
19,NUSA TENGGARA TIMUR,510,KAB. TIMOR TENGAH SELATAN,6920,Amanatun Utara,9,9,9,8,0,0,0,0,0,0,0,0,0,0
19,NUSA TENGGARA TIMUR,510,KAB. TIMOR TENGAH SELATAN,6918,Amanuban Barat,8,8,8,7,0,0,0,0,0,0,100000,2,2,100000
19,NUSA TENGGARA TIMUR,510,KAB. TIMOR TENGAH SELATAN,6917,Amanuban Selatan,10,10,10,10,0,0,0,14050000,150,150,5120000,133,308,19170000
19,NUSA TENGGARA TIMUR,510,KAB. TIMOR TENGAH SELATAN,6916,Amanuban Tengah,11,11,11,8,0,0,0,6550000,68,68,1580000,61,68,8130000
19,NUSA TENGGARA TIMUR,510,KAB. TIMOR TENGAH SELATAN,6915,Amanuban Timur,10,10,10,9,0,0,0,200000,1,1,20000,1,1,220000
19,NUSA TENGGARA TIMUR,510,KAB. TIMOR TENGAH SELATAN,6925,Batu Putih,7,7,7,6,0,0,0,0,0,0,0,0,0,0
19,NUSA TENGGARA TIMUR,510,KAB. TIMOR TENGAH SELATAN,6926,Boking,7,7,7,7,0,0,0,11250000,84,84,30620,31,33,11280620
19,NUSA TENGGARA TIMUR,510,KAB. TIMOR TENGAH SELATAN,6940,Fatukopa,7,7,7,4,0,0,0,900000,17,17,700000,16,70,1600000
19,NUSA TENGGARA TIMUR,510,KAB. TIMOR TENGAH SELATAN,6923,Fatumnasi,5,5,5,5,0,0,0,0,0,0,0,0,0,0
19,NUSA TENGGARA TIMUR,510,KAB. TIMOR TENGAH SELATAN,6939,Fautmolo,7,7,7,5,0,0,0,9200000,67,67,3400000,64,150,12600000
19,NUSA TENGGARA TIMUR,510,KAB. TIMOR TENGAH SELATAN,6921,KI'E,13,13,13,13,0,0,0,0,0,0,0,0,0,0
19,NUSA TENGGARA TIMUR,510,KAB. TIMOR TENGAH SELATAN,6934,Kok Baun,6,6,6,6,0,0,0,0,0,0,0,0,0,0
19,NUSA TENGGARA TIMUR,510,KAB. TIMOR TENGAH SELATAN,6930,Kolbano,12,12,12,12,0,0,0,27450000,229,229,5510000,191,341,32960000
19,NUSA TENGGARA TIMUR,510,KAB. TIMOR TENGAH SELATAN,6912,Kota Soe,13,13,13,12,0,0,0,1200000,12,12,300000,9,30,1500000
19,NUSA TENGGARA TIMUR,510,KAB. TIMOR TENGAH SELATAN,6931,Kot olin,8,8,8,8,0,0,0,2550000,18,18,580000,14,41,3130000
19,NUSA TENGGARA TIMUR,510,KAB. TIMOR TENGAH SELATAN,6932,Kualin,8,8,8,8,0,0,0,0,0,0,0,0,0,0
19,NUSA TENGGARA TIMUR,510,KAB. TIMOR TENGAH SELATAN,6922,Kuanfatu,13,13,13,13,0,0,0,1300000,13,13,1370000,13,137,2670000
19,NUSA TENGGARA TIMUR,510,KAB. TIMOR TENGAH SELATAN,6938,Kuatnana,8,8,8,8,0,0,0,5750000,115,115,3170000,113,317,8920000
19,NUSA TENGGARA TIMUR,510,KAB. TIMOR TENGAH SELATAN,6933,Mollo Barat,5,5,5,3,0,0,0,0,0,0,0,0,0,0
19,NUSA TENGGARA TIMUR,510,KAB. TIMOR TENGAH SELATAN,6913,Mollo Selatan,7,7,7,7,0,0,0,3000000,12,12,1850000,10,74,4850000
19,NUSA TENGGARA TIMUR,510,KAB. TIMOR TENGAH SELATAN,6941,Mollo Tengah,6,6,6,6,0,0,0,0,0,0,0,0,0,0
19,NUSA TENGGARA TIMUR,510,KAB. TIMOR TENGAH SELATAN,6914,Mollo Utara,18,18,18,14,0,0,0,0,0,0,0,0,0,0
19,NUSA TENGGARA TIMUR,510,KAB. TIMOR TENGAH SELATAN,6935,Noebana,5,5,5,5,0,0,0,200000,2,2,30000,2,2,230000
19,NUSA TENGGARA TIMUR,510,KAB. TIMOR TENGAH SELATAN,6937,Noebeba,7,7,7,7,0,0,0,2000000,20,20,0,0,0,2000000
19,NUSA TENGGARA TIMUR,510,KAB. TIMOR TENGAH SELATAN,6943,Nunbena,6,6,6,6,0,0,0,0,0,0,0,0,0,0
19,NUSA TENGGARA TIMUR,510,KAB. TIMOR TENGAH SELATAN,6928,Nunkolo,9,9,9,9,0,0,0,7750000,80,80,520000,25,49,8270000
19,NUSA TENGGARA TIMUR,510,KAB. TIMOR TENGAH SELATAN,6929,Oenino,7,7,7,7,0,0,0,0,0,0,0,0,0,0
19,NUSA TENGGARA TIMUR,510,KAB. TIMOR TENGAH SELATAN,6924,Polen,11,11,11,9,0,0,0,1500000,15,15,100000,4,4,1600000
19,NUSA TENGGARA TIMUR,510,KAB. TIMOR TENGAH SELATAN,6936,Santian,5,5,5,5,0,0,0,0,0,0,0,0,0,0
19,NUSA TENGGARA TIMUR,510,KAB. TIMOR TENGAH SELATAN,6942,Tobu,8,8,8,4,0,0,0,250000,1,1,0,0,0,250000
19,NUSA TENGGARA TIMUR,510,KAB. TIMOR TENGAH SELATAN,6927,Toianas,9,9,9,9,0,0,0,0,0,0,0,0,0,0
19,NUSA TENGGARA TIMUR,287,KAB. TIMOR TENGAH UTARA,4041,Biboki Anleu,9,9,9,1,0,0,0,250000,1,1,50000,1,1,300000
19,NUSA TENGGARA TIMUR,287,KAB. TIMOR TENGAH UTARA,4056,Biboki Feotleu,5,5,5,4,0,0,0,7265000,172,172,2790000,171,171,10055000
19,NUSA TENGGARA TIMUR,287,KAB. TIMOR TENGAH UTARA,6947,Biboki Moenleu,7,7,7,6,0,0,0,10955000,49,49,5340000,40,267,16295000
19,NUSA TENGGARA TIMUR,287,KAB. TIMOR TENGAH UTARA,4037,Biboki Selatan,8,8,8,4,0,0,0,0,0,0,0,0,0,0
19,NUSA TENGGARA TIMUR,287,KAB. TIMOR TENGAH UTARA,4055,Biboki Tan Pah,4,4,4,4,0,0,0,0,0,0,0,0,0,0
19,NUSA TENGGARA TIMUR,287,KAB. TIMOR TENGAH UTARA,4040,Biboki Utara,10,10,10,3,0,0,0,0,0,0,0,0,0,0
19,NUSA TENGGARA TIMUR,287,KAB. TIMOR TENGAH UTARA,4049,Bikomi Nilulat,6,6,6,3,0,0,0,9300000,93,93,1210000,35,121,10510000
19,NUSA TENGGARA TIMUR,287,KAB. TIMOR TENGAH UTARA,4047,Bikomi Selatan,10,10,10,8,0,0,0,0,0,0,0,0,0,0
19,NUSA TENGGARA TIMUR,287,KAB. TIMOR TENGAH UTARA,4048,Bikomi Tengah,9,9,9,4,0,0,0,800000,8,8,0,0,0,800000
19,NUSA TENGGARA TIMUR,287,KAB. TIMOR TENGAH UTARA,4050,Bikomi Utara,9,9,9,6,0,0,0,0,0,0,0,0,0,0
19,NUSA TENGGARA TIMUR,287,KAB. TIMOR TENGAH UTARA,4042,Insana,17,17,17,10,0,0,0,8800000,88,88,700000,56,70,9500000
19,NUSA TENGGARA TIMUR,287,KAB. TIMOR TENGAH UTARA,4053,Insana Barat,12,12,12,6,0,0,0,0,0,0,0,0,0,0
19,NUSA TENGGARA TIMUR,287,KAB. TIMOR TENGAH UTARA,4052,Insana Fafinesu,6,6,6,3,0,0,0,6550000,51,51,3065000,47,129,9615000
19,NUSA TENGGARA TIMUR,287,KAB. TIMOR TENGAH UTARA,4054,Insana Tengah,7,7,7,3,0,0,0,1400000,14,14,230000,13,23,1630000
19,NUSA TENGGARA TIMUR,287,KAB. TIMOR TENGAH UTARA,4043,Insana Utara,5,5,5,3,0,0,0,1300000,12,12,560000,11,56,1860000
19,NUSA TENGGARA TIMUR,287,KAB. TIMOR TENGAH UTARA,4039,Kota Kefamenanu,9,9,9,7,0,0,0,15750000,63,63,3930000,66,66,19680000
19,NUSA TENGGARA TIMUR,287,KAB. TIMOR TENGAH UTARA,6945,Miomaffo Barat,13,13,13,8,0,0,0,14650000,142,142,0,0,0,14650000
19,NUSA TENGGARA TIMUR,287,KAB. TIMOR TENGAH UTARA,6946,Miomaffo Tengah,6,6,6,4,0,0,0,6100000,41,41,590000,40,40,6690000
19,NUSA TENGGARA TIMUR,287,KAB. TIMOR TENGAH UTARA,6944,Miomaffo Timur,11,11,11,11,0,0,0,0,0,0,0,0,0,0
19,NUSA TENGGARA TIMUR,287,KAB. TIMOR TENGAH UTARA,4045,Musi,6,6,6,6,0,0,0,15300000,116,116,2700000,113,113,18000000
19,NUSA TENGGARA TIMUR,287,KAB. TIMOR TENGAH UTARA,4046,Mutis,4,4,4,2,0,0,0,0,0,0,0,0,0,0
19,NUSA TENGGARA TIMUR,287,KAB. TIMOR TENGAH UTARA,4051,Naibenu,4,4,4,3,0,0,0,5750000,28,28,20000,2,2,5770000
19,NUSA TENGGARA TIMUR,287,KAB. TIMOR TENGAH UTARA,4038,Noemuti,12,12,12,8,0,0,0,8600000,86,86,610000,57,57,9210000
19,NUSA TENGGARA TIMUR,287,KAB. TIMOR TENGAH UTARA,4044,Noemuti Timur,4,4,4,2,0,0,0,0,0,0,0,0,0,0
19,NUSA TENGGARA TIMUR,306,KOTA KUPANG,4258,Alak,13,12,13,12,0,4322,77323000,7800000,72,72,1450000,60,64,9250000
19,NUSA TENGGARA TIMUR,306,KOTA KUPANG,4260,Kelapa Lima,5,5,5,5,0,0,0,0,0,0,0,0,0,0
19,NUSA TENGGARA TIMUR,306,KOTA KUPANG,4263,Kota Lama,10,10,10,10,0,0,0,1700000,26,26,500000,23,23,2200000
19,NUSA TENGGARA TIMUR,306,KOTA KUPANG,4262,Kota Raja,8,8,8,8,0,0,0,700000,7,7,60000,6,6,760000
19,NUSA TENGGARA TIMUR,306,KOTA KUPANG,4259,Maulafa,11,9,11,10,0,165327,6539821400,5250000,45,45,700000,21,35,5950000
19,NUSA TENGGARA TIMUR,306,KOTA KUPANG,4261,Oebobo,7,7,7,7,0,0,0,200000,2,2,20000,2,2,220000
171,Okayama Prefecture,6060,Akaiwa,6060,Samofa,1,1,1,0,0,0,0,0,0,0,0,0,0,0
171,Okayama Prefecture,6063,Asakuchi,6063,Swandiwe,1,1,1,1,0,0,0,0,0,0,0,0,0,0
33,PAPUA,464,KAB. BIAK NUMFOR,6067,Aimando Padaido,13,4,1,0,0,0,0,0,0,0,0,0,0,0
33,PAPUA,464,KAB. BIAK NUMFOR,6062,Andey,11,10,7,4,0,0,0,0,0,0,0,0,0,0
33,PAPUA,464,KAB. BIAK NUMFOR,6056,Biak Barat,22,22,15,9,0,0,0,0,0,0,0,0,0,0
33,PAPUA,464,KAB. BIAK NUMFOR,6051,Biak Kota,22,19,19,12,0,0,0,620000,9,9,70000,4,4,690000
33,PAPUA,464,KAB. BIAK NUMFOR,6053,Biak Timur,26,25,19,7,0,0,0,300000,3,3,20000,1,1,320000
33,PAPUA,464,KAB. BIAK NUMFOR,6052,Biak Utara,16,16,15,10,0,0,0,0,0,0,0,0,0,0
33,PAPUA,464,KAB. BIAK NUMFOR,6069,Bondifuar,5,5,5,0,0,0,0,0,0,0,0,0,0,0
33,PAPUA,464,KAB. BIAK NUMFOR,6064,Bruyadori,10,10,10,9,0,0,0,4250000,26,26,100000,2,2,4350000
33,PAPUA,464,KAB. BIAK NUMFOR,6054,Numfor Barat,7,6,6,2,0,0,0,0,0,0,0,0,0,0
33,PAPUA,464,KAB. BIAK NUMFOR,6055,Numfor Timur,4,4,4,0,0,0,0,0,0,0,0,0,0,0
33,PAPUA,464,KAB. BIAK NUMFOR,6068,Oridek,14,10,4,2,0,0,0,0,0,0,0,0,0,0
33,PAPUA,464,KAB. BIAK NUMFOR,6065,Orkeri,10,10,10,4,0,0,0,0,0,0,0,0,0,0
33,PAPUA,464,KAB. BIAK NUMFOR,6058,Padaido,11,11,10,1,0,0,0,0,0,0,0,0,0,0
33,PAPUA,464,KAB. BIAK NUMFOR,6066,Poiru,9,9,5,2,0,0,0,50000,1,1,0,0,0,50000
33,PAPUA,464,KAB. BIAK NUMFOR,6060,Samofa,16,14,13,10,0,0,0,0,0,0,0,0,0,0
33,PAPUA,464,KAB. BIAK NUMFOR,6063,Swandiwe,14,9,5,1,0,0,0,0,0,0,0,0,0,0
33,PAPUA,464,KAB. BIAK NUMFOR,6057,Warsa,13,13,7,2,0,0,0,0,0,0,0,0,0,0
33,PAPUA,464,KAB. BIAK NUMFOR,6061,Yawosi,8,8,8,4,0,0,0,0,0,0,0,0,0,0
33,PAPUA,464,KAB. BIAK NUMFOR,6059,Yendidori,19,19,9,3,0,0,0,0,0,0,0,0,0,0
33,PAPUA,462,KAB. JAYAPURA,6034,Airu,6,6,6,0,0,0,0,0,0,0,0,0,0,0
33,PAPUA,462,KAB. JAYAPURA,6028,Demta,7,7,7,2,0,0,0,0,0,0,0,0,0,0
33,PAPUA,462,KAB. JAYAPURA,6021,Depapre,8,8,8,1,0,0,0,750000,15,15,280000,14,14,1030000
33,PAPUA,462,KAB. JAYAPURA,6030,Ebungfao,5,5,5,3,0,0,0,0,0,0,0,0,0,0
33,PAPUA,462,KAB. JAYAPURA,6036,Gresi  Selatan,4,3,4,1,0,0,0,0,0,0,0,0,0,0
33,PAPUA,462,KAB. JAYAPURA,6029,Kaureh,5,5,4,3,0,0,0,0,0,0,0,0,0,0
33,PAPUA,462,KAB. JAYAPURA,6023,Kemtuk,12,12,12,4,0,0,0,0,0,0,0,0,0,0
33,PAPUA,462,KAB. JAYAPURA,6024,Kemtuk Gresi,12,12,11,7,0,0,0,0,0,0,0,0,0,0
33,PAPUA,462,KAB. JAYAPURA,6032,Nambluong,9,9,9,8,0,0,0,0,0,0,0,0,0,0
33,PAPUA,462,KAB. JAYAPURA,6026,Nimbokrang,9,9,9,1,0,0,0,0,0,0,0,0,0,0
33,PAPUA,462,KAB. JAYAPURA,6025,Nimboran,14,14,14,6,0,0,0,0,0,0,0,0,0,0
33,PAPUA,462,KAB. JAYAPURA,6035,Raveni Rara,4,1,4,1,0,0,0,0,0,0,0,0,0,0
33,PAPUA,462,KAB. JAYAPURA,6019,Sentani,9,9,9,4,0,0,0,0,0,0,0,0,0,0
33,PAPUA,462,KAB. JAYAPURA,6022,Sentani Barat,5,5,5,2,0,0,0,0,0,0,0,0,0,0
33,PAPUA,462,KAB. JAYAPURA,6020,Sentani Timur,7,7,7,4,0,0,0,0,0,0,0,0,0,0
33,PAPUA,462,KAB. JAYAPURA,6027,Unurum Guay,6,5,6,3,0,0,0,0,0,0,0,0,0,0
33,PAPUA,462,KAB. JAYAPURA,6031,Waibu,7,7,7,4,0,0,0,3500000,70,70,3160000,81,158,6660000
33,PAPUA,462,KAB. JAYAPURA,6033,Yapsi,9,9,9,1,0,0,0,0,0,0,0,0,0,0
33,PAPUA,462,KAB. JAYAPURA,7109,Yokari,5,4,5,3,0,0,0,1700000,17,17,900000,18,18,2600000
33,PAPUA,466,KAB. KEEROM,6081,Arso,12,12,12,11,0,0,0,100000,1,1,0,0,0,100000
33,PAPUA,466,KAB. KEEROM,6087,Arso Barat,8,8,8,7,0,0,0,6600000,67,67,7460000,67,746,14060000
33,PAPUA,466,KAB. KEEROM,6085,Arso Timur,9,9,9,7,0,0,0,0,0,0,0,0,0,0
33,PAPUA,466,KAB. KEEROM,6090,Kaisenar,5,5,5,2,0,0,0,0,0,0,0,0,0,0
33,PAPUA,466,KAB. KEEROM,6088,Mannem,7,7,7,7,0,0,0,0,0,0,0,0,0,0
33,PAPUA,466,KAB. KEEROM,6082,Senggi,7,7,7,2,0,0,0,0,0,0,0,0,0,0
33,PAPUA,466,KAB. KEEROM,6084,Skanto,12,12,12,10,0,54160,166754000,1300000,13,13,295000,17,30,1595000
33,PAPUA,466,KAB. KEEROM,6086,Towe,10,10,10,7,0,0,0,0,0,0,0,0,0,0
33,PAPUA,466,KAB. KEEROM,6080,Waris,8,8,8,0,0,0,0,0,0,0,0,0,0,0
33,PAPUA,466,KAB. KEEROM,6083,Web,6,6,6,6,0,0,0,0,0,0,0,0,0,0
33,PAPUA,466,KAB. KEEROM,6089,Yaffi,7,7,7,7,0,0,0,0,0,0,0,0,0,0
33,PAPUA,463,KAB. KEPULAUAN YAPEN,6040,Angkaisera,11,11,11,0,0,0,0,0,0,0,0,0,0,0
33,PAPUA,463,KAB. KEPULAUAN YAPEN,7110,Anotaurei,8,8,8,0,0,0,0,0,0,0,0,0,0,0
33,PAPUA,463,KAB. KEPULAUAN YAPEN,6046,Kepulauan Ambai,13,13,13,2,0,0,0,0,0,0,0,0,0,0
33,PAPUA,463,KAB. KEPULAUAN YAPEN,6042,Kosiwo,15,15,15,1,0,0,0,1000000,20,20,0,0,0,1000000
33,PAPUA,463,KAB. KEPULAUAN YAPEN,7112,Nusawani,5,5,5,0,0,0,0,0,0,0,0,0,0,0
33,PAPUA,463,KAB. KEPULAUAN YAPEN,6041,Poom,8,8,8,0,0,0,0,0,0,0,0,0,0,0
33,PAPUA,463,KAB. KEPULAUAN YAPEN,6049,Pulau Kurudu,8,8,8,0,0,0,0,0,0,0,0,0,0,0
33,PAPUA,463,KAB. KEPULAUAN YAPEN,6050,Pulau Yerui,5,5,5,0,0,0,0,0,0,0,0,0,0,0
33,PAPUA,463,KAB. KEPULAUAN YAPEN,6044,Raimbawi,7,7,7,0,0,0,0,0,0,0,0,0,0,0
33,PAPUA,463,KAB. KEPULAUAN YAPEN,6045,Teluk Ampimoi,11,11,11,0,0,0,0,0,0,0,0,0,0,0
33,PAPUA,463,KAB. KEPULAUAN YAPEN,6048,Windesi,9,9,9,0,0,0,0,0,0,0,0,0,0,0
33,PAPUA,463,KAB. KEPULAUAN YAPEN,6047,Wonawa,10,10,9,1,0,0,0,0,0,0,0,0,0,0
33,PAPUA,463,KAB. KEPULAUAN YAPEN,6038,Yapen Barat,17,17,17,0,0,0,0,0,0,0,0,0,0,0
33,PAPUA,463,KAB. KEPULAUAN YAPEN,6037,Yapen Selatan,13,13,13,1,0,0,0,0,0,0,0,0,0,0
33,PAPUA,463,KAB. KEPULAUAN YAPEN,6039,Yapen Timur,11,11,11,2,0,0,0,0,0,0,0,0,0,0
33,PAPUA,463,KAB. KEPULAUAN YAPEN,6043,Yapen Utara,7,7,7,0,0,0,0,0,0,0,0,0,0,0
33,PAPUA,463,KAB. KEPULAUAN YAPEN,7111,Yawakukat,8,7,7,1,0,0,0,0,0,0,0,0,0,0
33,PAPUA,469,KAB. MAMBERAMO RAYA,6109,Benuki,7,2,6,0,0,0,0,0,0,0,0,0,0,0
33,PAPUA,469,KAB. MAMBERAMO RAYA,6107,Mamberamo Hilir,8,2,7,2,0,0,0,0,0,0,0,0,0,0
33,PAPUA,469,KAB. MAMBERAMO RAYA,6105,Mamberamo Hulu,8,1,8,0,0,0,0,0,0,0,0,0,0,0
33,PAPUA,469,KAB. MAMBERAMO RAYA,6104,Mamberamo Tengah,11,1,11,0,0,0,0,0,0,0,0,0,0,0
33,PAPUA,469,KAB. MAMBERAMO RAYA,6106,Mamberamo Tengah Timur,7,4,7,0,0,0,0,0,0,0,0,0,0,0
33,PAPUA,469,KAB. MAMBERAMO RAYA,7116,Rufaer,6,1,5,0,0,0,0,0,0,0,0,0,0,0
33,PAPUA,469,KAB. MAMBERAMO RAYA,6110,Sawai,6,5,6,3,0,0,0,0,0,0,0,0,0,0
33,PAPUA,469,KAB. MAMBERAMO RAYA,6108,Waropen Atas,7,6,7,3,0,0,0,0,0,0,0,0,0,0
35,PAPUA SELATAN,480,KAB. MAPPI,6225,Assue,18,17,0,0,0,0,0,0,0,0,0,0,0,0
35,PAPUA SELATAN,480,KAB. MAPPI,6232,Bamgi,5,5,0,0,0,0,0,0,0,0,0,0,0,0
35,PAPUA SELATAN,480,KAB. MAPPI,7140,Citak-Mitak,7,7,2,0,0,0,0,0,0,0,0,0,0,0
35,PAPUA SELATAN,480,KAB. MAPPI,6295,Dumadama,1,1,0,0,0,0,0,0,0,0,0,0,0,0
35,PAPUA SELATAN,480,KAB. MAPPI,6223,Edera,7,7,0,0,0,0,0,0,0,0,0,0,0,0
35,PAPUA SELATAN,480,KAB. MAPPI,6226,Kaibar,7,6,0,0,0,0,0,0,0,0,0,0,0,0
35,PAPUA SELATAN,480,KAB. MAPPI,7139,Mambioman Bapai,14,13,2,0,0,0,0,0,0,0,0,0,0,0
35,PAPUA SELATAN,480,KAB. MAPPI,6228,Minyamur,12,12,1,0,0,0,0,0,0,0,0,0,0,0
35,PAPUA SELATAN,480,KAB. MAPPI,6222,Obaa,24,24,0,0,0,0,0,0,0,0,0,0,0,0
35,PAPUA SELATAN,480,KAB. MAPPI,6073,Pantai Timur,1,1,1,0,0,0,0,0,0,0,0,0,0,0
35,PAPUA SELATAN,480,KAB. MAPPI,6227,Passue,13,13,0,0,0,0,0,0,0,0,0,0,0,0
35,PAPUA SELATAN,480,KAB. MAPPI,6233,Passue Bawah,8,8,0,0,0,0,0,0,0,0,0,0,0,0
35,PAPUA SELATAN,480,KAB. MAPPI,6230,Syahcame,6,6,0,0,0,0,0,0,0,0,0,0,0,0
35,PAPUA SELATAN,480,KAB. MAPPI,6234,Ti  Zain,8,8,0,0,0,0,0,0,0,0,0,0,0,0
35,PAPUA SELATAN,480,KAB. MAPPI,6229,Venaha,7,7,1,0,0,0,0,0,0,0,0,0,0,0
35,PAPUA SELATAN,480,KAB. MAPPI,6231,Yakomi,7,7,0,0,0,0,0,0,0,0,0,0,0,0
33,PAPUA,465,KAB. SARMI,6075,Apawer Hulu,10,10,8,0,0,0,0,0,0,0,0,0,0,0
33,PAPUA,465,KAB. SARMI,6074,Bonggo,10,10,10,0,0,0,0,0,0,0,0,0,0,0
33,PAPUA,465,KAB. SARMI,6079,Bonggo Timur,5,5,5,0,0,0,0,0,0,0,0,0,0,0
33,PAPUA,465,KAB. SARMI,6072,Pantai Barat,16,15,15,0,0,0,0,0,0,0,0,0,0,0
33,PAPUA,465,KAB. SARMI,6073,Pantai Timur,6,6,5,0,0,0,0,0,0,0,0,0,0,0
33,PAPUA,465,KAB. SARMI,6078,Pantai Timur Bagian Barat,11,10,11,0,0,0,0,0,0,0,0,0,0,0
33,PAPUA,465,KAB. SARMI,6070,Sarmi,10,10,9,0,0,0,0,0,0,0,0,0,0,0
33,PAPUA,465,KAB. SARMI,6076,Sarmi Selatan,6,6,6,0,0,0,0,0,0,0,0,0,0,0
33,PAPUA,465,KAB. SARMI,6077,Sarmi Timur,9,9,8,0,0,0,0,0,0,0,0,0,0,0
33,PAPUA,465,KAB. SARMI,6071,Tor Atas,10,10,7,0,0,0,0,0,0,0,0,0,0,0
33,PAPUA,468,KAB. SUPIORI,6102,Kepulauan Aruri,9,8,6,0,0,0,0,0,0,0,0,0,0,0
33,PAPUA,468,KAB. SUPIORI,6103,Supiori Barat,8,5,5,3,0,0,0,0,0,0,0,0,0,0
33,PAPUA,468,KAB. SUPIORI,6099,Supiori Selatan,7,6,6,0,0,0,0,0,0,0,0,0,0,0
33,PAPUA,468,KAB. SUPIORI,6101,Supiori Timur,10,9,9,4,0,0,0,3600000,36,36,1950000,39,39,5550000
33,PAPUA,468,KAB. SUPIORI,6100,Supiori Utara,5,1,5,0,0,0,0,0,0,0,0,0,0,0
33,PAPUA,467,KAB. WAROPEN,6098,Demba,10,8,10,0,0,0,0,0,0,0,0,0,0,0
33,PAPUA,467,KAB. WAROPEN,6094,Inggerus,7,7,7,1,0,0,0,0,0,0,0,0,0,0
33,PAPUA,467,KAB. WAROPEN,6095,Kirihi,10,2,9,0,0,0,0,0,0,0,0,0,0,0
33,PAPUA,467,KAB. WAROPEN,6092,Masirei,9,7,9,0,0,0,0,0,0,0,0,0,0,0
33,PAPUA,467,KAB. WAROPEN,6096,Oudate,8,6,8,0,0,0,0,0,0,0,0,0,0,0
33,PAPUA,467,KAB. WAROPEN,7113,Risei Sayati,10,5,10,0,0,0,0,0,0,0,0,0,0,0
33,PAPUA,467,KAB. WAROPEN,7115,Soyoi Mambai,10,10,10,0,0,0,0,0,0,0,0,0,0,0
33,PAPUA,467,KAB. WAROPEN,6093,Urei Faisei,12,11,12,0,0,0,0,0,0,0,0,0,0,0
33,PAPUA,467,KAB. WAROPEN,6097,Wapoga,7,3,7,1,0,0,0,0,0,0,0,0,0,0
33,PAPUA,467,KAB. WAROPEN,6091,Waropen Bawah,8,7,8,2,0,0,0,0,0,0,0,0,0,0
33,PAPUA,467,KAB. WAROPEN,7114,Wonti,10,3,9,0,0,0,0,0,0,0,0,0,0,0
33,PAPUA,470,KOTA JAYAPURA,6113,Abepura,11,11,11,6,0,0,0,3400000,31,34,380000,10,10,3780000
33,PAPUA,470,KOTA JAYAPURA,6115,Heram,5,5,5,3,0,0,0,2100000,21,21,200000,17,20,2300000
33,PAPUA,470,KOTA JAYAPURA,6112,Jayapura Selatan,7,7,7,4,0,0,0,9900050,199,199,4050000,162,162,13950050
33,PAPUA,470,KOTA JAYAPURA,6111,Jayapura Utara,8,8,8,5,0,0,0,6150000,22,22,360000,5,14,6510000
33,PAPUA,470,KOTA JAYAPURA,6114,Muara Tami,8,8,8,4,0,53305,123031600,3650000,24,24,450000,6,15,4100000
34,PAPUA BARAT,472,KAB. FAK FAK,6127,Arguni,5,5,5,3,0,0,0,300000,6,6,0,0,0,300000
34,PAPUA BARAT,472,KAB. FAK FAK,7122,Bomberay,7,6,5,0,0,0,0,0,0,0,0,0,0,0
34,PAPUA BARAT,472,KAB. FAK FAK,7117,Fak-Fak,5,5,5,3,0,0,0,0,0,0,35000,2,2,35000
34,PAPUA BARAT,472,KAB. FAK FAK,7118,Fak-Fak Barat,9,9,9,3,0,0,0,0,0,0,0,0,0,0
34,PAPUA BARAT,472,KAB. FAK FAK,7120,Fak-Fak Tengah,14,14,12,4,0,0,0,500000,8,8,40000,3,3,540000
34,PAPUA BARAT,472,KAB. FAK FAK,7119,Fak-Fak Timur,6,6,5,3,0,0,0,0,0,0,0,0,0,0
34,PAPUA BARAT,472,KAB. FAK FAK,7126,Fakfak Timur Tengah,10,9,8,1,0,0,0,0,0,0,0,0,0,0
34,PAPUA BARAT,472,KAB. FAK FAK,7129,Furwagi,8,6,7,1,0,0,0,0,0,0,0,0,0,0
34,PAPUA BARAT,472,KAB. FAK FAK,7121,Karas,7,7,6,3,0,0,0,150000,2,2,20000,2,2,170000
34,PAPUA BARAT,472,KAB. FAK FAK,7128,Kayauni,9,9,8,2,0,0,0,0,0,0,0,0,0,0
34,PAPUA BARAT,472,KAB. FAK FAK,6125,Kokas,15,15,13,5,0,0,0,6650000,133,133,1050000,103,105,7700000
34,PAPUA BARAT,472,KAB. FAK FAK,7123,Kramongmongga,11,10,9,1,0,0,0,0,0,0,0,0,0,0
34,PAPUA BARAT,472,KAB. FAK FAK,7127,Mbahamdandara,7,7,5,0,0,0,0,150000,3,3,0,0,0,150000
34,PAPUA BARAT,472,KAB. FAK FAK,6126,Pariwari,9,9,9,8,0,0,0,0,0,0,0,0,0,0
34,PAPUA BARAT,472,KAB. FAK FAK,7124,Teluk Patipi,13,13,13,0,0,0,0,300000,6,6,90000,6,9,390000
34,PAPUA BARAT,472,KAB. FAK FAK,7130,Tomage,9,8,6,0,0,0,0,0,0,0,0,0,0,0
34,PAPUA BARAT,472,KAB. FAK FAK,7125,Wartutin,6,6,3,2,0,0,0,0,0,0,0,0,0,0
34,PAPUA BARAT,474,KAB. KAIMANA,6145,Buruway,10,10,10,10,0,0,0,0,0,0,0,0,0,0
34,PAPUA BARAT,474,KAB. KAIMANA,6144,Kaimana,19,19,19,19,0,0,0,0,0,0,0,0,0,0
34,PAPUA BARAT,474,KAB. KAIMANA,6147,Kambrau,7,7,7,7,0,0,0,0,0,0,0,0,0,0
34,PAPUA BARAT,474,KAB. KAIMANA,7134,Teluk Arguni Atas,25,24,24,24,0,0,0,0,0,0,0,0,0,0
34,PAPUA BARAT,474,KAB. KAIMANA,6148,Teluk Arguni Bawah,15,15,15,15,0,0,0,0,0,0,0,0,0,0
34,PAPUA BARAT,474,KAB. KAIMANA,6146,Teluk Etna,5,5,5,5,0,0,0,0,0,0,0,0,0,0
34,PAPUA BARAT,474,KAB. KAIMANA,6149,Yamor,6,6,6,6,0,0,0,0,0,0,0,0,0,0
34,PAPUA BARAT,471,KAB. MANOKWARI,7278,Aimasi,4,4,3,2,0,59400,108308000,0,0,0,0,0,0,0
34,PAPUA BARAT,471,KAB. MANOKWARI,6119,Manokwari Barat,10,10,6,4,0,0,0,0,0,0,0,0,0,0
34,PAPUA BARAT,471,KAB. MANOKWARI,6122,Manokwari Selatan,18,18,10,4,0,6,18000,1560000,42,42,1660000,26,83,3220000
34,PAPUA BARAT,471,KAB. MANOKWARI,6120,Manokwari Timur,7,7,5,1,0,0,0,0,0,0,0,0,0,0
34,PAPUA BARAT,471,KAB. MANOKWARI,6121,Manokwari Utara,15,15,11,2,0,0,0,0,0,0,0,0,0,0
34,PAPUA BARAT,471,KAB. MANOKWARI,6118,Masni,17,16,12,5,0,0,0,100000,2,2,190000,10,19,290000
34,PAPUA BARAT,471,KAB. MANOKWARI,7282,Masni Utara,7,6,2,1,0,0,0,0,0,0,0,0,0,0
34,PAPUA BARAT,471,KAB. MANOKWARI,7281,Mokwam,1,0,1,0,0,0,0,0,0,0,0,0,0,0
34,PAPUA BARAT,471,KAB. MANOKWARI,7280,Moruj Mega,7,7,1,0,0,0,0,0,0,0,0,0,0,0
34,PAPUA BARAT,471,KAB. MANOKWARI,6117,Prafi,12,12,9,4,0,0,0,0,0,0,0,0,0,0
34,PAPUA BARAT,471,KAB. MANOKWARI,6124,Sidey,12,12,6,4,0,0,0,0,0,0,0,0,0,0
34,PAPUA BARAT,471,KAB. MANOKWARI,6123,Tanah Rubuh,25,24,21,1,0,0,0,50000,1,1,0,0,0,50000
34,PAPUA BARAT,471,KAB. MANOKWARI,6116,Warmare,31,31,26,3,0,0,0,0,0,0,0,0,0,0
34,PAPUA BARAT,471,KAB. MANOKWARI,7279,Wasirawi,8,5,2,1,0,0,0,100000,2,2,0,0,0,100000
34,PAPUA BARAT,476,KAB. MANOKWARI SELATAN,6171,Dataran Isim,12,12,6,6,0,0,0,0,0,0,0,0,0,0
34,PAPUA BARAT,476,KAB. MANOKWARI SELATAN,6172,Momi Waren,7,7,6,6,0,0,0,0,0,0,0,0,0,0
34,PAPUA BARAT,476,KAB. MANOKWARI SELATAN,6170,Neney,7,6,5,3,0,0,0,0,0,0,0,0,0,0
34,PAPUA BARAT,476,KAB. MANOKWARI SELATAN,6169,Oransbari,14,14,13,9,0,0,0,0,0,0,0,0,0,0
34,PAPUA BARAT,476,KAB. MANOKWARI SELATAN,6168,Ransiki,12,11,8,7,0,0,0,0,0,0,0,0,0,0
34,PAPUA BARAT,476,KAB. MANOKWARI SELATAN,6173,Tahota,4,4,1,0,0,0,0,0,0,0,0,0,0,0
34,PAPUA BARAT,477,KAB. PEGUNUNGAN ARFAK,6174,Anggi,13,1,12,0,0,0,0,0,0,0,0,0,0,0
34,PAPUA BARAT,477,KAB. PEGUNUNGAN ARFAK,6175,Anggi Gida,8,5,7,0,0,0,0,0,0,0,0,0,0,0
34,PAPUA BARAT,477,KAB. PEGUNUNGAN ARFAK,6180,Catubouw,21,9,17,0,0,0,0,0,0,0,0,0,0,0
34,PAPUA BARAT,477,KAB. PEGUNUNGAN ARFAK,6178,Didohu,14,7,11,0,0,0,0,0,0,0,0,0,0,0
34,PAPUA BARAT,477,KAB. PEGUNUNGAN ARFAK,6182,Hingk,29,11,25,0,0,0,0,0,0,0,0,0,0,0
34,PAPUA BARAT,477,KAB. PEGUNUNGAN ARFAK,6176,Membey,6,4,4,0,0,0,0,0,0,0,0,0,0,0
34,PAPUA BARAT,477,KAB. PEGUNUNGAN ARFAK,7135,Minyambaouw,37,8,28,0,0,0,0,0,0,0,0,0,0,0
34,PAPUA BARAT,477,KAB. PEGUNUNGAN ARFAK,6177,Sururey,12,3,11,0,0,0,0,0,0,0,0,0,0,0
34,PAPUA BARAT,477,KAB. PEGUNUNGAN ARFAK,6179,Taige,11,1,9,0,0,0,0,0,0,0,0,0,0,0
34,PAPUA BARAT,477,KAB. PEGUNUNGAN ARFAK,6181,Testega,15,2,10,0,0,0,0,0,0,0,0,0,0,0
34,PAPUA BARAT,473,KAB. TELUK BINTUNI,6131,Aranday,4,3,2,0,0,0,0,0,0,0,0,0,0,0
34,PAPUA BARAT,473,KAB. TELUK BINTUNI,6139,Aroba,5,5,5,1,0,0,0,0,0,0,0,0,0,0
34,PAPUA BARAT,473,KAB. TELUK BINTUNI,6130,Babo,4,4,1,0,0,0,0,0,0,0,0,0,0,0
34,PAPUA BARAT,473,KAB. TELUK BINTUNI,6128,Bintuni,8,6,6,1,0,0,0,100000,2,2,40000,2,2,140000
34,PAPUA BARAT,473,KAB. TELUK BINTUNI,7131,Biscoop,7,7,7,0,0,0,0,0,0,0,0,0,0,0
34,PAPUA BARAT,473,KAB. TELUK BINTUNI,6152,Dataran Beimes,6,6,4,0,0,0,0,0,0,0,0,0,0,0
34,PAPUA BARAT,473,KAB. TELUK BINTUNI,6134,Fafurwar,3,0,0,0,0,0,0,0,0,0,0,0,0,0
34,PAPUA BARAT,473,KAB. TELUK BINTUNI,6153,Kaitaro,5,5,5,1,0,0,0,0,0,0,0,0,0,0
34,PAPUA BARAT,473,KAB. TELUK BINTUNI,6141,Kamundan,4,3,4,2,0,0,0,0,0,0,0,0,0,0
34,PAPUA BARAT,473,KAB. TELUK BINTUNI,6136,Kuri,5,5,3,0,0,0,0,0,0,0,0,0,0,0
34,PAPUA BARAT,473,KAB. TELUK BINTUNI,6137,Manimeri,6,6,6,3,0,0,0,0,0,0,0,0,0,0
34,PAPUA BARAT,473,KAB. TELUK BINTUNI,6140,Masyeta,4,1,0,0,0,0,0,0,0,0,0,0,0,0
34,PAPUA BARAT,473,KAB. TELUK BINTUNI,6129,Merdey,9,9,8,4,0,0,0,0,0,0,0,0,0,0
34,PAPUA BARAT,473,KAB. TELUK BINTUNI,6143,Meyado,4,4,4,3,0,0,0,0,0,0,0,0,0,0
34,PAPUA BARAT,473,KAB. TELUK BINTUNI,6142,Moskona Barat,4,4,3,2,0,0,0,0,0,0,0,0,0,0
34,PAPUA BARAT,473,KAB. TELUK BINTUNI,6132,Moskona Selatan,5,5,3,1,0,0,0,0,0,0,0,0,0,0
34,PAPUA BARAT,473,KAB. TELUK BINTUNI,6156,Moskona Timur,3,3,3,0,0,0,0,0,0,0,0,0,0,0
34,PAPUA BARAT,473,KAB. TELUK BINTUNI,6133,Moskona Utara,4,4,4,1,0,0,0,0,0,0,0,0,0,0
34,PAPUA BARAT,473,KAB. TELUK BINTUNI,6138,Sumuri,5,5,2,0,0,0,0,0,0,0,0,0,0,0
34,PAPUA BARAT,473,KAB. TELUK BINTUNI,6135,Tembuni,4,4,4,2,0,0,0,0,0,0,0,0,0,0
34,PAPUA BARAT,473,KAB. TELUK BINTUNI,6154,Tomu,4,4,4,1,0,0,0,0,0,0,0,0,0,0
34,PAPUA BARAT,473,KAB. TELUK BINTUNI,6151,Tuhiba,5,5,4,0,0,0,0,0,0,0,0,0,0,0
34,PAPUA BARAT,473,KAB. TELUK BINTUNI,6150,Wamesa,4,4,4,0,0,0,0,0,0,0,0,0,0,0
34,PAPUA BARAT,473,KAB. TELUK BINTUNI,6155,Weriagar,5,4,4,0,0,0,0,0,0,0,0,0,0,0
34,PAPUA BARAT,475,KAB. TELUK WONDAMA,6164,Kuri Wamesa,6,4,6,0,0,0,0,0,0,0,0,0,0,0
34,PAPUA BARAT,475,KAB. TELUK WONDAMA,6162,Naikere,6,6,6,0,0,0,0,0,0,0,0,0,0,0
34,PAPUA BARAT,475,KAB. TELUK WONDAMA,6167,Nikiwar,5,5,5,0,0,0,0,0,0,0,0,0,0,0
34,PAPUA BARAT,475,KAB. TELUK WONDAMA,6163,Rasiei,9,9,9,0,0,0,0,0,0,0,0,0,0,0
34,PAPUA BARAT,475,KAB. TELUK WONDAMA,6165,Roon,7,7,7,0,0,0,0,0,0,0,0,0,0,0
34,PAPUA BARAT,475,KAB. TELUK WONDAMA,6166,Roswar,3,3,3,0,0,0,0,0,0,0,0,0,0,0
34,PAPUA BARAT,475,KAB. TELUK WONDAMA,6161,Rumberpon,7,6,7,0,0,0,0,0,0,0,0,0,0,0
34,PAPUA BARAT,475,KAB. TELUK WONDAMA,7133,Soug Jaya,5,5,5,0,0,0,0,0,0,0,0,0,0,0
34,PAPUA BARAT,475,KAB. TELUK WONDAMA,6159,Teluk Duairi,4,2,4,0,0,0,0,0,0,0,0,0,0,0
34,PAPUA BARAT,475,KAB. TELUK WONDAMA,6160,Wamesa,5,5,5,0,0,0,0,0,0,0,0,0,0,0
34,PAPUA BARAT,475,KAB. TELUK WONDAMA,6157,Wasior,10,10,10,0,0,0,0,0,0,0,0,0,0,0
34,PAPUA BARAT,475,KAB. TELUK WONDAMA,6158,Windesi,5,5,5,0,0,0,0,0,0,0,0,0,0,0
34,PAPUA BARAT,475,KAB. TELUK WONDAMA,7132,Wondiboy,4,4,4,0,0,0,0,0,0,0,0,0,0,0
38,PAPUA BARAT DAYA,501,KAB. MAYBRAT,6608,Aifat,23,22,23,3,0,0,0,0,0,0,0,0,0,0
38,PAPUA BARAT DAYA,501,KAB. MAYBRAT,6611,Aifat Selatan,16,14,16,0,0,0,0,0,0,0,0,0,0,0
38,PAPUA BARAT DAYA,501,KAB. MAYBRAT,6610,Aifat Timur,9,9,9,0,0,0,0,0,0,0,0,0,0,0
38,PAPUA BARAT DAYA,501,KAB. MAYBRAT,6620,Aifat Timur Jauh,7,7,7,0,0,0,0,0,0,0,0,0,0,0
38,PAPUA BARAT DAYA,501,KAB. MAYBRAT,6621,Aifat Timur Selatan,6,6,6,0,0,0,0,0,0,0,0,0,0,0
38,PAPUA BARAT DAYA,501,KAB. MAYBRAT,6619,Aifat Timur Tengah,12,12,12,0,0,0,0,0,0,0,0,0,0,0
38,PAPUA BARAT DAYA,501,KAB. MAYBRAT,6609,Aifat Utara,20,20,19,0,0,0,0,0,0,0,0,0,0,0
38,PAPUA BARAT DAYA,501,KAB. MAYBRAT,6613,Aitinyo,17,17,17,6,0,0,0,0,0,0,0,0,0,0
38,PAPUA BARAT DAYA,501,KAB. MAYBRAT,6612,Aitinyo Barat,9,9,9,0,0,0,0,0,0,0,0,0,0,0
38,PAPUA BARAT DAYA,501,KAB. MAYBRAT,6630,Aitinyo Raya,10,9,10,0,0,0,0,0,0,0,0,0,0,0
38,PAPUA BARAT DAYA,501,KAB. MAYBRAT,6629,Aitinyo Tengah,14,13,14,1,0,0,0,0,0,0,0,0,0,0
38,PAPUA BARAT DAYA,501,KAB. MAYBRAT,6614,Aitinyo Utara,12,11,12,8,0,0,0,0,0,0,0,0,0,0
38,PAPUA BARAT DAYA,501,KAB. MAYBRAT,6615,Ayamaru,8,7,8,0,0,0,0,0,0,0,0,0,0,0
38,PAPUA BARAT DAYA,501,KAB. MAYBRAT,6628,Ayamaru Barat,8,8,8,0,0,0,0,0,0,0,0,0,0,0
38,PAPUA BARAT DAYA,501,KAB. MAYBRAT,6623,Ayamaru Jaya,15,0,15,0,0,0,0,0,0,0,0,0,0,0
38,PAPUA BARAT DAYA,501,KAB. MAYBRAT,6622,Ayamaru Selatan,10,10,10,0,0,0,0,0,0,0,0,0,0,0
38,PAPUA BARAT DAYA,501,KAB. MAYBRAT,6624,Ayamaru Selatan Jaya,7,6,7,0,0,0,0,0,0,0,0,0,0,0
38,PAPUA BARAT DAYA,501,KAB. MAYBRAT,6627,Ayamaru Tengah,10,10,10,0,0,0,0,0,0,0,0,0,0,0
38,PAPUA BARAT DAYA,501,KAB. MAYBRAT,6617,Ayamaru Timur,8,8,8,0,0,0,0,0,0,0,0,0,0,0
38,PAPUA BARAT DAYA,501,KAB. MAYBRAT,6625,Ayamaru Timur Selatan,7,7,7,0,0,0,0,0,0,0,0,0,0,0
38,PAPUA BARAT DAYA,501,KAB. MAYBRAT,6616,Ayamaru Utara,12,12,12,0,0,0,0,0,0,0,0,0,0,0
38,PAPUA BARAT DAYA,501,KAB. MAYBRAT,6626,Ayamaru Utara Timur,7,1,7,0,0,0,0,0,0,0,0,0,0,0
38,PAPUA BARAT DAYA,501,KAB. MAYBRAT,6618,Mare,10,8,9,0,0,0,0,0,0,0,0,0,0,0
38,PAPUA BARAT DAYA,501,KAB. MAYBRAT,7274,Mare Selatan,9,9,9,0,0,0,0,0,0,0,0,0,0,0
2,SUMATERA UTARA,37,KAB. NIAS SELATAN,495,Amandraya,22,18,18,14,0,0,0,0,0,0,0,0,0,0
2,SUMATERA UTARA,37,KAB. NIAS SELATAN,501,Aramo,17,10,16,11,0,0,0,0,0,0,0,0,0,0
2,SUMATERA UTARA,37,KAB. NIAS SELATAN,510,Boronadu,10,9,10,7,0,0,0,0,0,0,0,0,0,0
2,SUMATERA UTARA,37,KAB. NIAS SELATAN,503,Fanayama,17,15,16,11,0,0,0,0,0,0,0,0,0,0
2,SUMATERA UTARA,37,KAB. NIAS SELATAN,490,Gomo,11,9,11,11,0,0,0,0,0,0,0,0,0,0
2,SUMATERA UTARA,37,KAB. NIAS SELATAN,492,Hibala,17,13,17,16,0,0,0,0,0,0,0,0,0,0
2,SUMATERA UTARA,37,KAB. NIAS SELATAN,498,Hilimegai,10,10,8,5,0,0,0,0,0,0,0,0,0,0
2,SUMATERA UTARA,37,KAB. NIAS SELATAN,507,Hilisalawa'ahe,11,6,10,3,0,0,0,0,0,0,0,0,0,0
2,SUMATERA UTARA,37,KAB. NIAS SELATAN,505,Huruna,17,17,16,11,0,0,0,7000000,28,28,560000,28,28,7560000
2,SUMATERA UTARA,37,KAB. NIAS SELATAN,513,Idanotae,12,12,12,11,0,0,0,200000,2,2,20000,2,2,220000
2,SUMATERA UTARA,37,KAB. NIAS SELATAN,491,Lahusa,23,22,23,21,0,0,0,0,0,0,25000,1,1,25000
2,SUMATERA UTARA,37,KAB. NIAS SELATAN,489,Lolomatua,13,13,12,2,0,0,0,0,0,0,0,0,0,0
2,SUMATERA UTARA,37,KAB. NIAS SELATAN,496,Lolowau,14,11,13,9,0,0,0,0,0,0,0,0,0,0
2,SUMATERA UTARA,37,KAB. NIAS SELATAN,512,Luahagundre Maniamolo,10,10,10,6,0,0,0,0,0,0,0,0,0,0
2,SUMATERA UTARA,37,KAB. NIAS SELATAN,497,Maniamolo,14,7,14,9,0,0,0,0,0,0,0,0,0,0
2,SUMATERA UTARA,37,KAB. NIAS SELATAN,6683,Mazino,11,4,10,7,0,0,0,0,0,0,0,0,0,0
2,SUMATERA UTARA,37,KAB. NIAS SELATAN,502,Mazo,10,8,10,9,0,0,0,0,0,0,0,0,0,0
2,SUMATERA UTARA,37,KAB. NIAS SELATAN,506,Onohazumba,10,9,10,6,0,0,0,0,0,0,0,0,0,0
2,SUMATERA UTARA,37,KAB. NIAS SELATAN,6690,Onolalu,10,7,8,8,0,0,0,0,0,0,0,0,0,0
2,SUMATERA UTARA,37,KAB. NIAS SELATAN,6685,O'o'u,11,10,11,7,0,0,0,0,0,0,0,0,0,0
2,SUMATERA UTARA,37,KAB. NIAS SELATAN,6410,Panggema,1,0,0,0,0,0,0,0,0,0,0,0,0,0
2,SUMATERA UTARA,37,KAB. NIAS SELATAN,493,Pulau-Pulau Batu,22,18,20,8,0,0,0,0,0,0,0,0,0,0
2,SUMATERA UTARA,37,KAB. NIAS SELATAN,511,Pulau-Pulau Batu Barat,9,9,9,9,0,0,0,0,0,0,0,0,0,0
2,SUMATERA UTARA,37,KAB. NIAS SELATAN,6684,Pulau-Pulau Batu Timur,10,6,10,4,0,0,0,0,0,0,0,0,0,0
2,SUMATERA UTARA,37,KAB. NIAS SELATAN,6688,Pulau-Pulau Batu Utara,12,12,12,10,0,0,0,0,0,0,0,0,0,0
2,SUMATERA UTARA,37,KAB. NIAS SELATAN,6686,Sidua'ori,11,11,11,9,0,0,0,0,0,0,0,0,0,0
2,SUMATERA UTARA,37,KAB. NIAS SELATAN,6687,Simuk,6,5,6,5,0,0,0,0,0,0,0,0,0,0
2,SUMATERA UTARA,37,KAB. NIAS SELATAN,509,Somambawa,14,14,14,13,0,0,0,0,0,0,0,0,0,0
2,SUMATERA UTARA,37,KAB. NIAS SELATAN,6682,Susua,18,9,16,12,0,0,0,0,0,0,0,0,0,0
2,SUMATERA UTARA,37,KAB. NIAS SELATAN,6689,Tanah Masa,12,12,12,10,0,0,0,0,0,0,0,0,0,0
2,SUMATERA UTARA,37,KAB. NIAS SELATAN,494,Teluk Dalam,16,12,15,8,0,0,0,0,0,0,0,0,0,0
2,SUMATERA UTARA,37,KAB. NIAS SELATAN,499,Toma,14,14,14,13,0,0,0,0,0,0,100000,1,1,100000
2,SUMATERA UTARA,37,KAB. NIAS SELATAN,6691,Ulu Idanotae,11,11,11,9,0,0,0,280000,10,10,225000,3,9,505000
2,SUMATERA UTARA,37,KAB. NIAS SELATAN,504,Ulunoyo,13,12,12,11,0,0,0,0,0,0,0,0,0,0
2,SUMATERA UTARA,37,KAB. NIAS SELATAN,508,Ulususua,12,9,11,5,0,0,0,0,0,0,0,0,0,0
2,SUMATERA UTARA,37,KAB. NIAS SELATAN,500,Umbunasi,12,11,11,11,0,0,0,3000000,1,1,30000,1,2,3030000
38,PAPUA BARAT DAYA,499,KAB. RAJA AMPAT,6583,Ayau,5,3,1,0,0,0,0,0,0,0,0,0,0,0
38,PAPUA BARAT DAYA,499,KAB. RAJA AMPAT,6596,Batanta Selatan,4,1,3,0,0,0,0,0,0,0,0,0,0,0
38,PAPUA BARAT DAYA,499,KAB. RAJA AMPAT,6592,Batanta Utara,3,1,1,0,0,0,0,0,0,0,0,0,0,0
38,PAPUA BARAT DAYA,499,KAB. RAJA AMPAT,6595,Kepulauan Ayau,4,1,1,1,0,0,0,0,0,0,0,0,0,0
38,PAPUA BARAT DAYA,499,KAB. RAJA AMPAT,6590,Kepulauan Sembilan,3,1,2,1,0,0,0,0,0,0,0,0,0,0
38,PAPUA BARAT DAYA,499,KAB. RAJA AMPAT,6587,Kofiau,5,4,4,2,0,0,0,0,0,0,0,0,0,0
38,PAPUA BARAT DAYA,499,KAB. RAJA AMPAT,7254,Kota Waisai,5,4,5,5,0,0,0,9200000,82,82,4300000,62,86,13500000
38,PAPUA BARAT DAYA,499,KAB. RAJA AMPAT,6588,Meos Mansar,9,5,9,8,0,0,0,0,0,0,0,0,0,0
38,PAPUA BARAT DAYA,499,KAB. RAJA AMPAT,7253,Misool Barat,5,5,2,0,0,0,0,0,0,0,0,0,0,0
38,PAPUA BARAT DAYA,499,KAB. RAJA AMPAT,7249,Misool (Misool Utara),5,3,3,2,0,0,0,0,0,0,0,0,0,0
38,PAPUA BARAT DAYA,499,KAB. RAJA AMPAT,6589,Misool Selatan,5,3,0,0,0,0,0,0,0,0,0,0,0,0
38,PAPUA BARAT DAYA,499,KAB. RAJA AMPAT,7250,Misool Timur,6,2,1,0,0,0,0,121000,2,2,1120000,84,112,1241000
38,PAPUA BARAT DAYA,499,KAB. RAJA AMPAT,7255,Salawati Barat,4,2,4,3,0,0,0,0,0,0,0,0,0,0
38,PAPUA BARAT DAYA,499,KAB. RAJA AMPAT,6593,Salawati Tengah,7,7,7,5,0,0,0,0,0,0,0,0,0,0
38,PAPUA BARAT DAYA,499,KAB. RAJA AMPAT,6582,Salawati Utara,6,5,6,2,0,0,0,0,0,0,0,0,0,0
38,PAPUA BARAT DAYA,499,KAB. RAJA AMPAT,6594,Supnin,4,0,0,0,0,0,0,0,0,0,0,0,0,0
38,PAPUA BARAT DAYA,499,KAB. RAJA AMPAT,6586,Teluk Mayalibit,4,4,4,2,0,0,0,0,0,0,0,0,0,0
38,PAPUA BARAT DAYA,499,KAB. RAJA AMPAT,6591,Tiplol Mayalibit,6,5,5,1,0,0,0,0,0,0,0,0,0,0
38,PAPUA BARAT DAYA,499,KAB. RAJA AMPAT,6584,Waigeo Barat,5,0,2,0,0,0,0,0,0,0,0,0,0,0
38,PAPUA BARAT DAYA,499,KAB. RAJA AMPAT,7252,Waigeo Barat Kepulauan,6,4,5,1,0,0,0,0,0,0,0,0,0,0
38,PAPUA BARAT DAYA,499,KAB. RAJA AMPAT,6581,Waigeo Selatan,5,4,5,1,0,0,0,0,0,0,0,0,0,0
38,PAPUA BARAT DAYA,499,KAB. RAJA AMPAT,6585,Waigeo Timur,4,2,1,0,0,0,0,0,0,0,0,0,0,0
38,PAPUA BARAT DAYA,499,KAB. RAJA AMPAT,6580,Waigeo Utara,5,3,1,1,0,0,0,0,0,0,0,0,0,0
38,PAPUA BARAT DAYA,499,KAB. RAJA AMPAT,7251,Warwarbomi,4,1,1,0,0,0,0,0,0,0,0,0,0,0
38,PAPUA BARAT DAYA,497,KAB. SORONG,6555,Aimas,14,14,14,5,0,0,0,0,0,0,0,0,0,0
38,PAPUA BARAT DAYA,497,KAB. SORONG,7234,Bagun,10,8,10,0,0,0,0,0,0,0,0,0,0,0
38,PAPUA BARAT DAYA,497,KAB. SORONG,6552,Beraur,13,0,13,0,0,0,0,0,0,0,0,0,0,0
38,PAPUA BARAT DAYA,497,KAB. SORONG,7243,Botain,5,5,5,0,0,0,0,0,0,0,0,0,0,0
38,PAPUA BARAT DAYA,497,KAB. SORONG,7237,Buk,7,7,7,5,0,0,0,0,0,0,0,0,0,0
38,PAPUA BARAT DAYA,497,KAB. SORONG,7242,Hobard,7,5,7,0,0,0,0,0,0,0,0,0,0,0
38,PAPUA BARAT DAYA,497,KAB. SORONG,6561,Klabot,8,7,8,1,0,0,0,0,0,0,0,0,0,0
38,PAPUA BARAT DAYA,497,KAB. SORONG,6556,Klamono,10,10,10,10,0,0,0,0,0,0,0,0,0,0
38,PAPUA BARAT DAYA,497,KAB. SORONG,7241,Klasafet,5,5,5,4,0,0,0,0,0,0,0,0,0,0
38,PAPUA BARAT DAYA,497,KAB. SORONG,6566,Klaso,7,7,7,0,0,0,0,0,0,0,0,0,0,0
38,PAPUA BARAT DAYA,497,KAB. SORONG,6562,Klawak,11,10,11,5,0,0,0,0,0,0,0,0,0,0
38,PAPUA BARAT DAYA,497,KAB. SORONG,6565,Klayili,9,8,9,1,0,0,0,0,0,0,0,0,0,0
38,PAPUA BARAT DAYA,497,KAB. SORONG,7240,Konhir,9,9,9,2,0,0,0,0,0,0,0,0,0,0
38,PAPUA BARAT DAYA,497,KAB. SORONG,6551,Makbon,15,15,15,10,0,0,0,0,0,0,0,0,0,0
38,PAPUA BARAT DAYA,497,KAB. SORONG,7239,Malabotom,9,9,9,1,0,0,0,0,0,0,0,0,0,0
38,PAPUA BARAT DAYA,497,KAB. SORONG,6564,Mariat,11,11,11,10,0,0,0,1740000,56,56,50000,5,5,1790000
38,PAPUA BARAT DAYA,497,KAB. SORONG,6563,Maudus,9,8,9,3,0,0,0,0,0,0,0,0,0,0
38,PAPUA BARAT DAYA,497,KAB. SORONG,6559,Mayamuk,11,10,11,5,0,0,0,0,0,0,0,0,0,0
38,PAPUA BARAT DAYA,497,KAB. SORONG,6567,Moisegen,9,9,9,1,0,0,0,0,0,0,0,0,0,0
38,PAPUA BARAT DAYA,497,KAB. SORONG,7238,Saengkeduk,6,6,6,0,0,0,0,0,0,0,0,0,0,0
38,PAPUA BARAT DAYA,497,KAB. SORONG,6553,Salawati,7,7,7,7,0,0,0,0,0,0,0,0,0,0
38,PAPUA BARAT DAYA,497,KAB. SORONG,6560,Salawati Selatan,6,6,6,0,0,0,0,0,0,0,0,0,0,0
38,PAPUA BARAT DAYA,497,KAB. SORONG,6568,Salawati Tengah,10,3,10,0,0,0,0,0,0,0,0,0,0,0
38,PAPUA BARAT DAYA,497,KAB. SORONG,6557,Sayosa,6,4,6,0,0,0,0,0,0,0,0,0,0,0
38,PAPUA BARAT DAYA,497,KAB. SORONG,7244,Sayosa Timur,6,5,6,0,0,0,0,0,0,0,0,0,0,0
38,PAPUA BARAT DAYA,497,KAB. SORONG,6554,Seget,9,9,9,0,0,0,0,0,0,0,0,0,0,0
38,PAPUA BARAT DAYA,497,KAB. SORONG,6558,Segun,10,9,10,7,0,0,0,0,0,0,0,0,0,0
38,PAPUA BARAT DAYA,497,KAB. SORONG,7233,Sorong,5,4,5,0,0,0,0,0,0,0,0,0,0,0
38,PAPUA BARAT DAYA,497,KAB. SORONG,7236,Sunook,7,6,7,4,0,0,0,0,0,0,0,0,0,0
38,PAPUA BARAT DAYA,497,KAB. SORONG,7235,Wemak,6,5,6,3,0,0,0,0,0,0,0,0,0,0
38,PAPUA BARAT DAYA,498,KAB. SORONG SELATAN,7246,Fokour,4,4,4,0,0,0,0,0,0,0,0,0,0,0
38,PAPUA BARAT DAYA,498,KAB. SORONG SELATAN,6570,Inanwatan,9,9,9,2,0,0,0,0,0,0,0,0,0,0
38,PAPUA BARAT DAYA,498,KAB. SORONG SELATAN,6576,Kais,5,5,5,3,0,0,0,0,0,0,0,0,0,0
38,PAPUA BARAT DAYA,498,KAB. SORONG SELATAN,7248,Kais Darat,8,7,8,5,0,0,0,0,0,0,0,0,0,0
38,PAPUA BARAT DAYA,498,KAB. SORONG SELATAN,6572,Kokoda,16,16,15,3,0,0,0,0,0,0,0,0,0,0
38,PAPUA BARAT DAYA,498,KAB. SORONG SELATAN,6578,Kokoda Utara,9,9,9,1,0,0,0,0,0,0,0,0,0,0
38,PAPUA BARAT DAYA,498,KAB. SORONG SELATAN,6577,Konda,5,5,5,1,0,0,0,0,0,0,0,0,0,0
38,PAPUA BARAT DAYA,498,KAB. SORONG SELATAN,7245,Matemani,6,6,5,3,0,0,0,0,0,0,0,0,0,0
38,PAPUA BARAT DAYA,498,KAB. SORONG SELATAN,6573,Moswaren,7,7,7,6,0,0,0,0,0,0,0,0,0,0
38,PAPUA BARAT DAYA,498,KAB. SORONG SELATAN,6579,Saifi,9,9,9,1,0,0,0,0,0,0,0,0,0,0
38,PAPUA BARAT DAYA,498,KAB. SORONG SELATAN,7247,Salkma,5,5,5,1,0,0,0,0,0,0,0,0,0,0
38,PAPUA BARAT DAYA,498,KAB. SORONG SELATAN,6571,Sawiat,8,8,8,0,0,0,0,0,0,0,0,0,0,0
38,PAPUA BARAT DAYA,498,KAB. SORONG SELATAN,6574,Seremuk,8,8,8,1,0,0,0,100000,1,1,0,0,0,100000
38,PAPUA BARAT DAYA,498,KAB. SORONG SELATAN,6569,Teminabuan,16,16,16,5,0,0,0,0,0,0,0,0,0,0
38,PAPUA BARAT DAYA,498,KAB. SORONG SELATAN,6575,Wayer,8,8,8,4,0,0,0,0,0,0,0,0,0,0
38,PAPUA BARAT DAYA,500,KAB. TAMBRAUW,6602,Abun,5,0,5,0,0,0,0,0,0,0,0,0,0,0
38,PAPUA BARAT DAYA,500,KAB. TAMBRAUW,6605,Amberbaken,9,0,9,0,0,0,0,0,0,0,0,0,0,0
38,PAPUA BARAT DAYA,500,KAB. TAMBRAUW,7271,Amberbaken Barat,5,0,5,0,0,0,0,0,0,0,0,0,0,0
38,PAPUA BARAT DAYA,500,KAB. TAMBRAUW,7259,Ases,4,0,4,0,0,0,0,0,0,0,0,0,0,0
38,PAPUA BARAT DAYA,500,KAB. TAMBRAUW,7258,Bamusbama,6,0,6,0,0,0,0,0,0,0,0,0,0,0
38,PAPUA BARAT DAYA,500,KAB. TAMBRAUW,7257,Bikar,10,1,10,0,0,0,0,0,0,0,0,0,0,0
38,PAPUA BARAT DAYA,500,KAB. TAMBRAUW,6597,Fef,11,0,10,0,0,0,0,0,0,0,0,0,0,0
38,PAPUA BARAT DAYA,500,KAB. TAMBRAUW,7261,Ireres,7,0,5,0,0,0,0,0,0,0,0,0,0,0
38,PAPUA BARAT DAYA,500,KAB. TAMBRAUW,7272,Kasi,12,0,12,0,0,0,0,0,0,0,0,0,0,0
38,PAPUA BARAT DAYA,500,KAB. TAMBRAUW,6604,Kebar,9,1,8,0,0,0,0,0,0,0,0,0,0,0
38,PAPUA BARAT DAYA,500,KAB. TAMBRAUW,7268,Kebar Selatan,10,0,10,0,0,0,0,0,0,0,0,0,0,0
38,PAPUA BARAT DAYA,500,KAB. TAMBRAUW,7267,Kebar Timur,10,0,9,1,0,0,0,0,0,0,0,0,0,0
38,PAPUA BARAT DAYA,500,KAB. TAMBRAUW,7265,Kwesefo,9,6,9,0,0,0,0,0,0,0,0,0,0,0
38,PAPUA BARAT DAYA,500,KAB. TAMBRAUW,6600,Kwoor,5,0,5,0,0,0,0,0,0,0,0,0,0,0
38,PAPUA BARAT DAYA,500,KAB. TAMBRAUW,7269,Manekar,11,0,9,0,0,0,0,0,0,0,0,0,0,0
38,PAPUA BARAT DAYA,500,KAB. TAMBRAUW,7266,Mawabuan,6,0,6,0,0,0,0,0,0,0,0,0,0,0
38,PAPUA BARAT DAYA,500,KAB. TAMBRAUW,6598,Miyah,4,0,4,0,0,0,0,0,0,0,0,0,0,0
38,PAPUA BARAT DAYA,500,KAB. TAMBRAUW,7260,Miyah Selatan,9,0,9,0,0,0,0,0,0,0,0,0,0,0
38,PAPUA BARAT DAYA,500,KAB. TAMBRAUW,6603,Moraid,9,0,9,0,0,0,0,0,0,0,0,0,0,0
38,PAPUA BARAT DAYA,500,KAB. TAMBRAUW,7270,Mpur,7,0,7,0,0,0,0,0,0,0,0,0,0,0
38,PAPUA BARAT DAYA,500,KAB. TAMBRAUW,6607,Mubrani,10,0,6,0,0,0,0,0,0,0,0,0,0,0
38,PAPUA BARAT DAYA,500,KAB. TAMBRAUW,6601,Sausapor,10,0,10,0,0,0,0,0,0,0,0,0,0,0
38,PAPUA BARAT DAYA,500,KAB. TAMBRAUW,7273,Selemkai,5,0,5,0,0,0,0,0,0,0,0,0,0,0
38,PAPUA BARAT DAYA,500,KAB. TAMBRAUW,6606,Senopi,9,0,4,0,0,0,0,0,0,0,0,0,0,0
38,PAPUA BARAT DAYA,500,KAB. TAMBRAUW,7256,Syujak,4,0,4,0,0,0,0,0,0,0,0,0,0,0
38,PAPUA BARAT DAYA,500,KAB. TAMBRAUW,7264,Tinggouw,5,0,5,0,0,0,0,0,0,0,0,0,0,0
38,PAPUA BARAT DAYA,500,KAB. TAMBRAUW,7262,Tobouw,6,0,6,1,0,0,0,0,0,0,0,0,0,0
38,PAPUA BARAT DAYA,500,KAB. TAMBRAUW,7263,Wilhem Roumbouts,4,0,3,0,0,0,0,0,0,0,0,0,0,0
38,PAPUA BARAT DAYA,500,KAB. TAMBRAUW,6599,Yembun,6,0,6,0,0,0,0,0,0,0,0,0,0,0
37,PAPUA PEGUNUNGAN,492,KAB. TOLIKARA,6462,Airgaram,8,0,1,0,0,0,0,0,0,0,0,0,0,0
37,PAPUA PEGUNUNGAN,492,KAB. TOLIKARA,6467,Anawi,12,0,0,0,0,0,0,0,0,0,0,0,0,0
37,PAPUA PEGUNUNGAN,492,KAB. TOLIKARA,6469,Aweku,10,9,9,0,0,0,0,0,0,0,0,0,0,0
37,PAPUA PEGUNUNGAN,492,KAB. TOLIKARA,6450,Bewani,14,0,0,0,0,0,0,0,0,0,0,0,0,0
37,PAPUA PEGUNUNGAN,492,KAB. TOLIKARA,6472,Biuk,11,7,0,0,0,0,0,0,0,0,0,0,0,0
37,PAPUA PEGUNUNGAN,492,KAB. TOLIKARA,6470,Bogonuk,10,6,0,0,0,0,0,0,0,0,0,0,0,0
37,PAPUA PEGUNUNGAN,492,KAB. TOLIKARA,6439,Bokondini,13,1,1,0,0,0,0,0,0,0,0,0,0,0
37,PAPUA PEGUNUNGAN,492,KAB. TOLIKARA,6449,Bokoneri,16,0,1,0,0,0,0,0,0,0,0,0,0,0
37,PAPUA PEGUNUNGAN,492,KAB. TOLIKARA,6468,Danime,10,0,0,0,0,0,0,0,0,0,0,0,0,0
37,PAPUA PEGUNUNGAN,492,KAB. TOLIKARA,6457,Dundu,10,0,0,0,0,0,0,0,0,0,0,0,0,0
37,PAPUA PEGUNUNGAN,492,KAB. TOLIKARA,6459,Egiam,10,0,0,0,0,0,0,0,0,0,0,0,0,0
37,PAPUA PEGUNUNGAN,492,KAB. TOLIKARA,6458,Geya,12,0,0,0,0,0,0,0,0,0,0,0,0,0
37,PAPUA PEGUNUNGAN,492,KAB. TOLIKARA,6466,Gika,10,1,2,0,0,0,0,0,0,0,0,0,0,0
37,PAPUA PEGUNUNGAN,492,KAB. TOLIKARA,6452,Gilubandu,13,9,4,0,0,0,0,0,0,0,0,0,0,0
37,PAPUA PEGUNUNGAN,492,KAB. TOLIKARA,6442,Goyage,19,9,10,0,0,0,0,0,0,0,0,0,0,0
37,PAPUA PEGUNUNGAN,492,KAB. TOLIKARA,6454,Gundagi,17,6,4,0,0,0,0,0,0,0,0,0,0,0
37,PAPUA PEGUNUNGAN,492,KAB. TOLIKARA,7228,Kai,13,3,10,0,0,0,0,0,0,0,0,0,0,0
37,PAPUA PEGUNUNGAN,492,KAB. TOLIKARA,6461,Kamboneri,6,0,0,0,0,0,0,0,0,0,0,0,0,0
37,PAPUA PEGUNUNGAN,492,KAB. TOLIKARA,6440,Kanggime,10,9,7,0,0,0,0,0,0,0,0,0,0,0
37,PAPUA PEGUNUNGAN,492,KAB. TOLIKARA,6438,Karubaga,22,5,2,0,0,0,0,0,0,0,0,0,0,0
37,PAPUA PEGUNUNGAN,492,KAB. TOLIKARA,6441,Kembu,13,2,2,0,0,0,0,0,0,0,0,0,0,0
37,PAPUA PEGUNUNGAN,492,KAB. TOLIKARA,7221,Konda/ Kondaga,11,0,3,0,0,0,0,0,0,0,0,0,0,0
37,PAPUA PEGUNUNGAN,492,KAB. TOLIKARA,6448,Kuari,17,0,0,0,0,0,0,0,0,0,0,0,0,0
37,PAPUA PEGUNUNGAN,492,KAB. TOLIKARA,6446,Kubu,9,5,7,0,0,0,0,0,0,0,0,0,0,0
37,PAPUA PEGUNUNGAN,492,KAB. TOLIKARA,6471,Li Anogomma,12,0,2,0,0,0,0,0,0,0,0,0,0,0
37,PAPUA PEGUNUNGAN,492,KAB. TOLIKARA,6598,Miyah,1,0,0,0,0,0,0,0,0,0,0,0,0,0
37,PAPUA PEGUNUNGAN,492,KAB. TOLIKARA,6451,Nabunage,11,2,0,0,0,0,0,0,0,0,0,0,0,0
37,PAPUA PEGUNUNGAN,492,KAB. TOLIKARA,6447,Nelawi,12,3,2,0,0,0,0,0,0,0,0,0,0,0
37,PAPUA PEGUNUNGAN,492,KAB. TOLIKARA,6455,Numba,11,0,0,0,0,0,0,0,0,0,0,0,0,0
37,PAPUA PEGUNUNGAN,492,KAB. TOLIKARA,6453,Nunggawi,23,0,1,0,0,0,0,0,0,0,0,0,0,0
37,PAPUA PEGUNUNGAN,492,KAB. TOLIKARA,6445,Panaga,9,1,0,0,0,0,0,0,0,0,0,0,0,0
37,PAPUA PEGUNUNGAN,492,KAB. TOLIKARA,6460,Poganeri,10,0,0,0,0,0,0,0,0,0,0,0,0,0
37,PAPUA PEGUNUNGAN,492,KAB. TOLIKARA,7227,Tagime,10,0,1,0,0,0,0,0,0,0,0,0,0,0
37,PAPUA PEGUNUNGAN,492,KAB. TOLIKARA,6464,Tagineri,11,0,0,0,0,0,0,0,0,0,0,0,0,0
37,PAPUA PEGUNUNGAN,492,KAB. TOLIKARA,7224,Telenggeme,9,4,0,0,0,0,0,0,0,0,0,0,0,0
37,PAPUA PEGUNUNGAN,492,KAB. TOLIKARA,6456,Timori,12,0,0,0,0,0,0,0,0,0,0,0,0,0
37,PAPUA PEGUNUNGAN,492,KAB. TOLIKARA,6444,Umagi,15,3,3,3,0,0,0,0,0,0,0,0,0,0
37,PAPUA PEGUNUNGAN,492,KAB. TOLIKARA,7223,Wakuwo,12,12,12,0,0,0,0,40000,8,8,40000,8,8,80000
37,PAPUA PEGUNUNGAN,492,KAB. TOLIKARA,7222,Wari/Taiyeve II,16,0,3,0,0,0,0,0,0,0,0,0,0,0
37,PAPUA PEGUNUNGAN,492,KAB. TOLIKARA,7225,Wenam,10,4,0,0,0,0,0,0,0,0,0,0,0,0
37,PAPUA PEGUNUNGAN,492,KAB. TOLIKARA,6443,Wina,13,0,0,0,0,0,0,0,0,0,0,0,0,0
37,PAPUA PEGUNUNGAN,492,KAB. TOLIKARA,7220,Woniki,10,4,3,0,0,0,0,0,0,0,0,0,0,0
37,PAPUA PEGUNUNGAN,492,KAB. TOLIKARA,7226,Wugi,11,1,0,0,0,0,0,0,0,0,0,0,0,0
37,PAPUA PEGUNUNGAN,492,KAB. TOLIKARA,7219,Wunim,10,0,0,0,0,0,0,0,0,0,0,0,0,0
37,PAPUA PEGUNUNGAN,492,KAB. TOLIKARA,7229,Yuko,11,0,0,0,0,0,0,0,0,0,0,0,0,0
37,PAPUA PEGUNUNGAN,492,KAB. TOLIKARA,6465,Yuneri,11,2,4,0,0,0,0,0,0,0,0,0,0,0
38,PAPUA BARAT DAYA,502,KOTA SORONG,7276,Klaurung,4,4,4,4,0,0,0,0,0,0,0,0,0,0
38,PAPUA BARAT DAYA,502,KOTA SORONG,6637,Maladum Mes,4,4,4,2,0,0,0,0,0,0,0,0,0,0
38,PAPUA BARAT DAYA,502,KOTA SORONG,7277,Malaimsimsa,4,4,4,3,0,0,0,0,0,0,0,0,0,0
38,PAPUA BARAT DAYA,502,KOTA SORONG,6631,Sorong,4,4,4,3,0,0,0,0,0,0,0,0,0,0
38,PAPUA BARAT DAYA,502,KOTA SORONG,6633,Sorong Barat,4,4,4,4,0,0,0,5450000,109,109,0,0,0,5450000
38,PAPUA BARAT DAYA,502,KOTA SORONG,6634,Sorong Kepulauan,4,4,4,3,0,0,0,0,0,0,0,0,0,0
38,PAPUA BARAT DAYA,502,KOTA SORONG,7275,Sorong Kota,4,4,4,3,0,0,0,0,0,0,0,0,0,0
38,PAPUA BARAT DAYA,502,KOTA SORONG,6636,Sorong Manoi,5,5,5,4,0,0,0,0,0,0,0,0,0,0
38,PAPUA BARAT DAYA,502,KOTA SORONG,6632,Sorong Timur,4,4,4,4,0,0,0,0,0,0,0,0,0,0
38,PAPUA BARAT DAYA,502,KOTA SORONG,6635,Sorong Utara,4,4,4,4,0,0,0,0,0,0,0,0,0,0
37,PAPUA PEGUNUNGAN,490,KAB. JAYAWIJAYA,6355,Asologaima,10,1,1,1,0,0,0,0,0,0,0,0,0,0
37,PAPUA PEGUNUNGAN,490,KAB. JAYAWIJAYA,6361,Asolokobal,9,0,0,0,0,0,0,0,0,0,0,0,0,0
37,PAPUA PEGUNUNGAN,490,KAB. JAYAWIJAYA,6387,Asotipo,10,1,0,0,0,0,0,0,0,0,0,0,0,0
37,PAPUA PEGUNUNGAN,490,KAB. JAYAWIJAYA,6357,Bolakme,12,7,0,0,0,0,0,0,0,0,0,0,0,0
37,PAPUA PEGUNUNGAN,490,KAB. JAYAWIJAYA,6385,Bpiri,7,0,0,0,0,0,0,0,0,0,0,0,0,0
37,PAPUA PEGUNUNGAN,490,KAB. JAYAWIJAYA,6384,Bugi,8,1,3,2,0,0,0,0,0,0,0,0,0,0
37,PAPUA PEGUNUNGAN,490,KAB. JAYAWIJAYA,6368,Hubikiak,8,3,3,0,0,0,0,0,0,0,0,0,0,0
37,PAPUA PEGUNUNGAN,490,KAB. JAYAWIJAYA,6356,Hubikosi,11,9,3,1,0,0,0,0,0,0,0,0,0,0
37,PAPUA PEGUNUNGAN,490,KAB. JAYAWIJAYA,6369,Ibele,10,0,1,0,0,0,0,0,0,0,0,0,0,0
37,PAPUA PEGUNUNGAN,490,KAB. JAYAWIJAYA,6371,Itlay Hisage,9,0,0,0,0,0,0,0,0,0,0,0,0,0
37,PAPUA PEGUNUNGAN,490,KAB. JAYAWIJAYA,6378,Koragi,5,0,0,0,0,0,0,0,0,0,0,0,0,0
37,PAPUA PEGUNUNGAN,490,KAB. JAYAWIJAYA,6354,Kurulu,12,1,7,2,0,0,0,0,0,0,0,0,0,0
37,PAPUA PEGUNUNGAN,490,KAB. JAYAWIJAYA,6375,Libarek,5,5,2,1,0,0,0,0,0,0,0,0,0,0
37,PAPUA PEGUNUNGAN,490,KAB. JAYAWIJAYA,6388,Maima,7,3,1,0,0,0,0,0,0,0,0,0,0,0
37,PAPUA PEGUNUNGAN,490,KAB. JAYAWIJAYA,6380,Molagalome,6,6,3,2,0,0,0,0,0,0,0,0,0,0
37,PAPUA PEGUNUNGAN,490,KAB. JAYAWIJAYA,6383,Muliama,12,0,0,0,0,0,0,0,0,0,0,0,0,0
37,PAPUA PEGUNUNGAN,490,KAB. JAYAWIJAYA,6359,Musatfak,10,8,6,0,0,0,0,0,0,0,0,0,0,0
37,PAPUA PEGUNUNGAN,490,KAB. JAYAWIJAYA,6365,Napua,9,0,1,0,0,0,0,0,0,0,0,0,0,0
37,PAPUA PEGUNUNGAN,490,KAB. JAYAWIJAYA,6362,Pelebaga,13,0,0,0,0,0,0,0,0,0,0,0,0,0
37,PAPUA PEGUNUNGAN,490,KAB. JAYAWIJAYA,6382,Piramid,10,7,3,1,0,0,0,0,0,0,0,0,0,0
37,PAPUA PEGUNUNGAN,490,KAB. JAYAWIJAYA,6377,Pisugi,7,7,1,1,0,0,0,0,0,0,0,0,0,0
37,PAPUA PEGUNUNGAN,490,KAB. JAYAWIJAYA,6389,Popugoba,4,0,0,0,0,0,0,0,0,0,0,0,0,0
37,PAPUA PEGUNUNGAN,490,KAB. JAYAWIJAYA,6372,Siepkosi,9,3,0,0,0,0,0,0,0,0,0,0,0,0
37,PAPUA PEGUNUNGAN,490,KAB. JAYAWIJAYA,6381,Silo Karno Doga,8,0,0,0,0,0,0,0,0,0,0,0,0,0
37,PAPUA PEGUNUNGAN,490,KAB. JAYAWIJAYA,6370,Taelarek,8,4,0,0,0,0,0,0,0,0,0,0,0,0
37,PAPUA PEGUNUNGAN,490,KAB. JAYAWIJAYA,6379,Tagime,11,0,0,0,0,0,0,0,0,0,0,0,0,0
37,PAPUA PEGUNUNGAN,490,KAB. JAYAWIJAYA,7179,Tagineri,9,0,5,0,0,0,0,0,0,0,0,0,0,0
37,PAPUA PEGUNUNGAN,490,KAB. JAYAWIJAYA,6364,Trikora,6,0,1,0,0,0,0,0,0,0,0,0,0,0
37,PAPUA PEGUNUNGAN,490,KAB. JAYAWIJAYA,6373,Usilimo,10,2,6,4,0,0,0,0,0,0,0,0,0,0
37,PAPUA PEGUNUNGAN,490,KAB. JAYAWIJAYA,6376,Wadangku,5,0,0,0,0,0,0,0,0,0,0,0,0,0
37,PAPUA PEGUNUNGAN,490,KAB. JAYAWIJAYA,6366,Walaik,5,3,2,1,0,0,0,0,0,0,0,0,0,0
37,PAPUA PEGUNUNGAN,490,KAB. JAYAWIJAYA,6358,Walelagama,6,1,2,0,0,0,0,0,0,0,0,0,0,0
37,PAPUA PEGUNUNGAN,490,KAB. JAYAWIJAYA,6390,Wame,4,4,0,0,0,0,0,0,0,0,0,0,0,0
37,PAPUA PEGUNUNGAN,490,KAB. JAYAWIJAYA,6353,Wamena,11,5,5,2,0,0,0,0,0,0,0,0,0,0
37,PAPUA PEGUNUNGAN,490,KAB. JAYAWIJAYA,6386,Welesi,7,1,1,1,0,0,0,0,0,0,0,0,0,0
37,PAPUA PEGUNUNGAN,490,KAB. JAYAWIJAYA,6391,Wesaput,9,1,1,0,0,0,0,0,0,0,0,0,0,0
37,PAPUA PEGUNUNGAN,490,KAB. JAYAWIJAYA,6374,Wita Waya,5,0,0,0,0,0,0,0,0,0,0,0,0,0
37,PAPUA PEGUNUNGAN,490,KAB. JAYAWIJAYA,6360,Wolo,8,2,1,1,0,0,0,0,0,0,0,0,0,0
37,PAPUA PEGUNUNGAN,490,KAB. JAYAWIJAYA,6367,Wouma,7,1,1,1,0,0,0,0,0,0,0,0,0,0
37,PAPUA PEGUNUNGAN,490,KAB. JAYAWIJAYA,6363,Yalengga,11,0,0,0,0,0,0,0,0,0,0,0,0,0
37,PAPUA PEGUNUNGAN,493,KAB. LANNY JAYA,6502,Awina,1,0,1,0,0,0,0,0,0,0,0,0,0,0
37,PAPUA PEGUNUNGAN,493,KAB. LANNY JAYA,6503,Ayumnati,1,0,0,0,0,0,0,0,0,0,0,0,0,0
37,PAPUA PEGUNUNGAN,493,KAB. LANNY JAYA,6488,Balingga,3,1,0,0,0,0,0,0,0,0,0,0,0,0
37,PAPUA PEGUNUNGAN,493,KAB. LANNY JAYA,6506,Bruwa,2,0,1,0,0,0,0,0,0,0,0,0,0,0
37,PAPUA PEGUNUNGAN,493,KAB. LANNY JAYA,6517,Buguk Gona,10,0,1,0,0,0,0,0,0,0,0,0,0,0
37,PAPUA PEGUNUNGAN,493,KAB. LANNY JAYA,6487,Dimba,1,0,0,0,0,0,0,0,0,0,0,0,0,0
37,PAPUA PEGUNUNGAN,493,KAB. LANNY JAYA,6486,Gamelia,1,0,1,0,0,0,0,0,0,0,0,0,0,0
37,PAPUA PEGUNUNGAN,493,KAB. LANNY JAYA,6509,Gelok Beam,7,0,1,0,0,0,0,0,0,0,0,0,0,0
37,PAPUA PEGUNUNGAN,493,KAB. LANNY JAYA,6501,Gollo,1,0,0,0,0,0,0,0,0,0,0,0,0,0
37,PAPUA PEGUNUNGAN,493,KAB. LANNY JAYA,6513,Guna,4,0,0,0,0,0,0,0,0,0,0,0,0,0
37,PAPUA PEGUNUNGAN,493,KAB. LANNY JAYA,6508,Gupura,7,0,0,0,0,0,0,0,0,0,0,0,0,0
37,PAPUA PEGUNUNGAN,493,KAB. LANNY JAYA,6511,Karu,1,0,1,0,0,0,0,0,0,0,0,0,0,0
37,PAPUA PEGUNUNGAN,493,KAB. LANNY JAYA,6514,Kelulome,1,0,0,0,0,0,0,0,0,0,0,0,0,0
37,PAPUA PEGUNUNGAN,493,KAB. LANNY JAYA,7231,Kolawa,4,0,0,0,0,0,0,0,0,0,0,0,0,0
37,PAPUA PEGUNUNGAN,493,KAB. LANNY JAYA,7232,Kuly Lanny,4,0,0,0,0,0,0,0,0,0,0,0,0,0
37,PAPUA PEGUNUNGAN,493,KAB. LANNY JAYA,6510,Lannyna,1,0,1,0,0,0,0,0,0,0,0,0,0,0
37,PAPUA PEGUNUNGAN,493,KAB. LANNY JAYA,6485,Makki,2,0,1,0,0,0,0,0,0,0,0,0,0,0
37,PAPUA PEGUNUNGAN,493,KAB. LANNY JAYA,6518,Melagi,2,0,2,0,0,0,0,0,0,0,0,0,0,0
37,PAPUA PEGUNUNGAN,493,KAB. LANNY JAYA,7230,Melagineri,8,0,1,0,0,0,0,0,0,0,0,0,0,0
37,PAPUA PEGUNUNGAN,493,KAB. LANNY JAYA,6497,Mokoni,7,0,0,0,0,0,0,0,0,0,0,0,0,0
37,PAPUA PEGUNUNGAN,493,KAB. LANNY JAYA,6515,Nikogwe,8,0,0,0,0,0,0,0,0,0,0,0,0,0
37,PAPUA PEGUNUNGAN,493,KAB. LANNY JAYA,6492,Niname,1,1,1,0,0,0,0,0,0,0,0,0,0,0
37,PAPUA PEGUNUNGAN,493,KAB. LANNY JAYA,6493,Nogi,5,0,1,0,0,0,0,0,0,0,0,0,0,0
37,PAPUA PEGUNUNGAN,493,KAB. LANNY JAYA,6474,Pirime,3,0,1,0,0,0,0,0,0,0,0,0,0,0
37,PAPUA PEGUNUNGAN,493,KAB. LANNY JAYA,6473,Tiom,2,0,2,0,0,0,0,0,0,0,0,0,0,0
37,PAPUA PEGUNUNGAN,493,KAB. LANNY JAYA,6489,Tiomneri,7,0,0,0,0,0,0,0,0,0,0,0,0,0
37,PAPUA PEGUNUNGAN,493,KAB. LANNY JAYA,6495,Tiom Ollo,2,0,1,0,0,0,0,0,0,0,0,0,0,0
37,PAPUA PEGUNUNGAN,493,KAB. LANNY JAYA,6504,Wano Barat,4,0,0,0,0,0,0,0,0,0,0,0,0,0
37,PAPUA PEGUNUNGAN,493,KAB. LANNY JAYA,6498,Wereka,2,0,1,0,0,0,0,0,0,0,0,0,0,0
37,PAPUA PEGUNUNGAN,493,KAB. LANNY JAYA,6500,Wiringgambut,2,1,2,0,0,0,0,0,0,0,0,0,0,0
37,PAPUA PEGUNUNGAN,493,KAB. LANNY JAYA,6494,Yiginua,1,0,1,0,0,0,0,0,0,0,0,0,0,0
37,PAPUA PEGUNUNGAN,493,KAB. LANNY JAYA,6512,Yiluk,6,0,1,0,0,0,0,0,0,0,0,0,0,0
37,PAPUA PEGUNUNGAN,493,KAB. LANNY JAYA,6496,Yugungwi,3,0,1,0,0,0,0,0,0,0,0,0,0,0
37,PAPUA PEGUNUNGAN,494,KAB. MAMBERAMO TENGAH,6477,Eragayam,15,15,15,0,0,0,0,0,0,0,0,0,0,0
37,PAPUA PEGUNUNGAN,494,KAB. MAMBERAMO TENGAH,6479,Ilugwa,6,6,6,0,0,0,0,0,0,0,0,0,0,0
37,PAPUA PEGUNUNGAN,494,KAB. MAMBERAMO TENGAH,6476,Kelila,19,18,19,0,0,0,0,0,0,0,0,0,0,0
37,PAPUA PEGUNUNGAN,494,KAB. MAMBERAMO TENGAH,6475,Kobakma,15,4,15,0,0,0,0,0,0,0,0,0,0,0
37,PAPUA PEGUNUNGAN,494,KAB. MAMBERAMO TENGAH,6478,Megambilis,4,4,4,0,0,0,0,0,0,0,0,0,0,0
37,PAPUA PEGUNUNGAN,496,KAB. NDUGA,6533,Alama,4,2,0,0,0,0,0,0,0,0,0,0,0,0
37,PAPUA PEGUNUNGAN,496,KAB. NDUGA,6536,Dal,6,1,0,0,0,0,0,0,0,0,0,0,0,0
37,PAPUA PEGUNUNGAN,496,KAB. NDUGA,6542,Embetpen,5,1,1,0,0,0,0,0,0,0,0,0,0,0
37,PAPUA PEGUNUNGAN,496,KAB. NDUGA,6526,Gearek,7,7,0,0,0,0,0,0,0,0,0,0,0,0
37,PAPUA PEGUNUNGAN,496,KAB. NDUGA,6523,Geselma,3,0,0,0,0,0,0,0,0,0,0,0,0,0
37,PAPUA PEGUNUNGAN,496,KAB. NDUGA,6538,Inikgal,8,3,3,0,0,0,0,0,0,0,0,0,0,0
37,PAPUA PEGUNUNGAN,496,KAB. NDUGA,6539,Iniye,6,4,2,0,0,0,0,0,0,0,0,0,0,0
37,PAPUA PEGUNUNGAN,496,KAB. NDUGA,6528,Kegayem,13,11,0,0,0,0,0,0,0,0,0,0,0,0
37,PAPUA PEGUNUNGAN,496,KAB. NDUGA,6519,Kenyam,9,0,0,0,0,0,0,0,0,0,0,0,0,0
37,PAPUA PEGUNUNGAN,496,KAB. NDUGA,6532,Kilmid,4,0,0,0,0,0,0,0,0,0,0,0,0,0
37,PAPUA PEGUNUNGAN,496,KAB. NDUGA,6543,Kora,5,0,0,0,0,0,0,0,0,0,0,0,0,0
37,PAPUA PEGUNUNGAN,496,KAB. NDUGA,6527,Koroptak,6,3,3,0,0,0,0,0,0,0,0,0,0,0
37,PAPUA PEGUNUNGAN,496,KAB. NDUGA,6549,Krepkuri,6,1,0,0,0,0,0,0,0,0,0,0,0,0
37,PAPUA PEGUNUNGAN,496,KAB. NDUGA,6535,Mam,14,4,0,0,0,0,0,0,0,0,0,0,0,0
37,PAPUA PEGUNUNGAN,496,KAB. NDUGA,6520,Mapenduma,10,1,7,0,0,0,0,0,0,0,0,0,0,0
37,PAPUA PEGUNUNGAN,496,KAB. NDUGA,6541,Mbua Tengah,9,0,0,0,0,0,0,0,0,0,0,0,0,0
37,PAPUA PEGUNUNGAN,496,KAB. NDUGA,6540,Mbulmu Yalma,7,0,0,0,0,0,0,0,0,0,0,0,0,0
37,PAPUA PEGUNUNGAN,496,KAB. NDUGA,6525,Mbuwa,6,3,0,0,0,0,0,0,0,0,0,0,0,0
37,PAPUA PEGUNUNGAN,496,KAB. NDUGA,6530,Mebarok,14,4,4,0,0,0,0,0,0,0,0,0,0,0
37,PAPUA PEGUNUNGAN,496,KAB. NDUGA,6546,Moba,8,6,1,0,0,0,0,0,0,0,0,0,0,0
37,PAPUA PEGUNUNGAN,496,KAB. NDUGA,6524,Mugi,18,4,10,0,0,0,0,0,0,0,0,0,0,0
37,PAPUA PEGUNUNGAN,496,KAB. NDUGA,6548,Nenggeagin,5,3,0,0,0,0,0,0,0,0,0,0,0,0
37,PAPUA PEGUNUNGAN,496,KAB. NDUGA,6537,Nirkuri,10,6,0,0,0,0,0,0,0,0,0,0,0,0
37,PAPUA PEGUNUNGAN,496,KAB. NDUGA,6529,Paro,5,0,0,0,0,0,0,0,0,0,0,0,0,0
37,PAPUA PEGUNUNGAN,496,KAB. NDUGA,6550,Pasir Putih,4,0,0,0,0,0,0,0,0,0,0,0,0,0
37,PAPUA PEGUNUNGAN,496,KAB. NDUGA,6545,Pija,5,0,0,0,0,0,0,0,0,0,0,0,0,0
37,PAPUA PEGUNUNGAN,496,KAB. NDUGA,6522,Wosak,5,0,0,0,0,0,0,0,0,0,0,0,0,0
37,PAPUA PEGUNUNGAN,496,KAB. NDUGA,6544,Wusi,4,0,0,0,0,0,0,0,0,0,0,0,0,0
37,PAPUA PEGUNUNGAN,496,KAB. NDUGA,6547,Wutpaga,6,0,0,0,0,0,0,0,0,0,0,0,0,0
37,PAPUA PEGUNUNGAN,496,KAB. NDUGA,6534,Yal,20,0,2,0,0,0,0,0,0,0,0,0,0,0
37,PAPUA PEGUNUNGAN,496,KAB. NDUGA,6531,Yenggelo,4,2,0,0,0,0,0,0,0,0,0,0,0,0
37,PAPUA PEGUNUNGAN,496,KAB. NDUGA,6521,Yigi,12,0,0,0,0,0,0,0,0,0,0,0,0,0
37,PAPUA PEGUNUNGAN,514,KAB. PEGUNUNGAN BINTANG,7187,Aboy,8,1,4,0,0,0,0,0,0,0,0,0,0,0
37,PAPUA PEGUNUNGAN,514,KAB. PEGUNUNGAN BINTANG,7190,Alemsom,12,1,12,0,0,0,0,0,0,0,0,0,0,0
37,PAPUA PEGUNUNGAN,514,KAB. PEGUNUNGAN BINTANG,7197,Awinbon,5,4,5,0,0,0,0,0,0,0,0,0,0,0
37,PAPUA PEGUNUNGAN,514,KAB. PEGUNUNGAN BINTANG,7205,Batani,7,7,7,0,0,0,0,0,0,0,0,0,0,0
37,PAPUA PEGUNUNGAN,514,KAB. PEGUNUNGAN BINTANG,7184,Batom,11,1,10,0,0,0,0,0,0,0,0,0,0,0
37,PAPUA PEGUNUNGAN,514,KAB. PEGUNUNGAN BINTANG,7189,Bime,10,10,10,0,0,0,0,0,0,0,0,0,0,0
37,PAPUA PEGUNUNGAN,514,KAB. PEGUNUNGAN BINTANG,7185,Borme,13,1,13,0,0,0,0,0,0,0,0,0,0,0
37,PAPUA PEGUNUNGAN,514,KAB. PEGUNUNGAN BINTANG,7211,Eipumek,15,1,15,0,0,0,0,0,0,0,0,0,0,0
37,PAPUA PEGUNUNGAN,514,KAB. PEGUNUNGAN BINTANG,7183,Iwur,10,2,10,0,0,0,0,0,0,0,0,0,0,0
37,PAPUA PEGUNUNGAN,514,KAB. PEGUNUNGAN BINTANG,7209,Jetfa,6,0,6,0,0,0,0,0,0,0,0,0,0,0
37,PAPUA PEGUNUNGAN,514,KAB. PEGUNUNGAN BINTANG,7192,Kalomdol,5,0,5,0,0,0,0,0,0,0,0,0,0,0
37,PAPUA PEGUNUNGAN,514,KAB. PEGUNUNGAN BINTANG,7196,Kawor,7,7,7,0,0,0,0,0,0,0,0,0,0,0
37,PAPUA PEGUNUNGAN,514,KAB. PEGUNUNGAN BINTANG,7181,Kiwirok,12,10,12,1,0,0,0,0,0,0,0,0,0,0
37,PAPUA PEGUNUNGAN,514,KAB. PEGUNUNGAN BINTANG,7186,Kiwirok Timur,9,9,9,0,0,0,0,0,0,0,0,0,0,0
37,PAPUA PEGUNUNGAN,514,KAB. PEGUNUNGAN BINTANG,7208,Mofinop,5,0,5,0,0,0,0,0,0,0,0,0,0,0
37,PAPUA PEGUNUNGAN,514,KAB. PEGUNUNGAN BINTANG,7207,Murkim,4,0,4,0,0,0,0,0,0,0,0,0,0,0
37,PAPUA PEGUNUNGAN,514,KAB. PEGUNUNGAN BINTANG,7213,Nongme,7,6,7,0,0,0,0,0,0,0,0,0,0,0
37,PAPUA PEGUNUNGAN,514,KAB. PEGUNUNGAN BINTANG,7195,Ok Aom,6,2,6,0,0,0,0,0,0,0,0,0,0,0
37,PAPUA PEGUNUNGAN,514,KAB. PEGUNUNGAN BINTANG,7204,Okbab,12,8,12,0,0,0,0,0,0,0,0,0,0,0
37,PAPUA PEGUNUNGAN,514,KAB. PEGUNUNGAN BINTANG,7191,Okbape,6,6,6,0,0,0,0,0,0,0,0,0,0,0
37,PAPUA PEGUNUNGAN,514,KAB. PEGUNUNGAN BINTANG,7202,Okbemtau,9,9,9,0,0,0,0,0,0,0,0,0,0,0
37,PAPUA PEGUNUNGAN,514,KAB. PEGUNUNGAN BINTANG,7182,Okbibab,8,8,8,2,0,0,0,0,0,0,0,0,0,0
37,PAPUA PEGUNUNGAN,514,KAB. PEGUNUNGAN BINTANG,7199,Okhika,4,4,4,1,0,0,0,0,0,0,0,0,0,0
37,PAPUA PEGUNUNGAN,514,KAB. PEGUNUNGAN BINTANG,7201,Oklip,7,5,7,0,0,0,0,0,0,0,0,0,0,0
37,PAPUA PEGUNUNGAN,514,KAB. PEGUNUNGAN BINTANG,7200,Oksamol,12,12,12,0,0,0,0,0,0,0,0,0,0,0
37,PAPUA PEGUNUNGAN,514,KAB. PEGUNUNGAN BINTANG,7203,Oksebang,4,1,4,0,0,0,0,0,0,0,0,0,0,0
37,PAPUA PEGUNUNGAN,514,KAB. PEGUNUNGAN BINTANG,7180,Oksibil,8,3,8,0,0,0,0,0,0,0,0,0,0,0
37,PAPUA PEGUNUNGAN,514,KAB. PEGUNUNGAN BINTANG,7193,Oksop,5,3,1,0,0,0,0,0,0,0,0,0,0,0
37,PAPUA PEGUNUNGAN,514,KAB. PEGUNUNGAN BINTANG,7212,Pamek,11,1,11,0,0,0,0,0,0,0,0,0,0,0
37,PAPUA PEGUNUNGAN,514,KAB. PEGUNUNGAN BINTANG,7188,Pepera,7,7,7,0,0,0,0,0,0,0,0,0,0,0
37,PAPUA PEGUNUNGAN,514,KAB. PEGUNUNGAN BINTANG,7194,Serambakon,8,3,8,0,0,0,0,0,0,0,0,0,0,0
37,PAPUA PEGUNUNGAN,514,KAB. PEGUNUNGAN BINTANG,7198,Tarup,6,3,6,0,0,0,0,0,0,0,0,0,0,0
37,PAPUA PEGUNUNGAN,514,KAB. PEGUNUNGAN BINTANG,7210,Teiraplu,10,0,8,0,0,0,0,0,0,0,0,0,0,0
37,PAPUA PEGUNUNGAN,514,KAB. PEGUNUNGAN BINTANG,7206,Weime,9,9,9,0,0,0,0,0,0,0,0,0,0,0
38,PAPUA BARAT DAYA,499,KAB. RAJA AMPAT,6583,Ayau,5,3,1,0,0,0,0,0,0,0,0,0,0,0
38,PAPUA BARAT DAYA,499,KAB. RAJA AMPAT,6596,Batanta Selatan,4,1,3,0,0,0,0,0,0,0,0,0,0,0
38,PAPUA BARAT DAYA,499,KAB. RAJA AMPAT,6592,Batanta Utara,3,1,1,0,0,0,0,0,0,0,0,0,0,0
38,PAPUA BARAT DAYA,499,KAB. RAJA AMPAT,6595,Kepulauan Ayau,4,1,1,1,0,0,0,0,0,0,0,0,0,0
38,PAPUA BARAT DAYA,499,KAB. RAJA AMPAT,6590,Kepulauan Sembilan,3,1,2,1,0,0,0,0,0,0,0,0,0,0
38,PAPUA BARAT DAYA,499,KAB. RAJA AMPAT,6587,Kofiau,5,4,4,2,0,0,0,0,0,0,0,0,0,0
38,PAPUA BARAT DAYA,499,KAB. RAJA AMPAT,7254,Kota Waisai,5,4,5,5,0,0,0,9200000,82,82,4300000,62,86,13500000
38,PAPUA BARAT DAYA,499,KAB. RAJA AMPAT,6588,Meos Mansar,9,5,9,8,0,0,0,0,0,0,0,0,0,0
38,PAPUA BARAT DAYA,499,KAB. RAJA AMPAT,7253,Misool Barat,5,5,2,0,0,0,0,0,0,0,0,0,0,0
38,PAPUA BARAT DAYA,499,KAB. RAJA AMPAT,7249,Misool (Misool Utara),5,3,3,2,0,0,0,0,0,0,0,0,0,0
38,PAPUA BARAT DAYA,499,KAB. RAJA AMPAT,6589,Misool Selatan,5,3,0,0,0,0,0,0,0,0,0,0,0,0
38,PAPUA BARAT DAYA,499,KAB. RAJA AMPAT,7250,Misool Timur,6,2,1,0,0,0,0,121000,2,2,1120000,84,112,1241000
38,PAPUA BARAT DAYA,499,KAB. RAJA AMPAT,7255,Salawati Barat,4,2,4,3,0,0,0,0,0,0,0,0,0,0
38,PAPUA BARAT DAYA,499,KAB. RAJA AMPAT,6593,Salawati Tengah,7,7,7,5,0,0,0,0,0,0,0,0,0,0
38,PAPUA BARAT DAYA,499,KAB. RAJA AMPAT,6582,Salawati Utara,6,5,6,2,0,0,0,0,0,0,0,0,0,0
38,PAPUA BARAT DAYA,499,KAB. RAJA AMPAT,6594,Supnin,4,0,0,0,0,0,0,0,0,0,0,0,0,0
38,PAPUA BARAT DAYA,499,KAB. RAJA AMPAT,6586,Teluk Mayalibit,4,4,4,2,0,0,0,0,0,0,0,0,0,0
38,PAPUA BARAT DAYA,499,KAB. RAJA AMPAT,6591,Tiplol Mayalibit,6,5,5,1,0,0,0,0,0,0,0,0,0,0
38,PAPUA BARAT DAYA,499,KAB. RAJA AMPAT,6584,Waigeo Barat,5,0,2,0,0,0,0,0,0,0,0,0,0,0
38,PAPUA BARAT DAYA,499,KAB. RAJA AMPAT,7252,Waigeo Barat Kepulauan,6,4,5,1,0,0,0,0,0,0,0,0,0,0
38,PAPUA BARAT DAYA,499,KAB. RAJA AMPAT,6581,Waigeo Selatan,5,4,5,1,0,0,0,0,0,0,0,0,0,0
38,PAPUA BARAT DAYA,499,KAB. RAJA AMPAT,6585,Waigeo Timur,4,2,1,0,0,0,0,0,0,0,0,0,0,0
38,PAPUA BARAT DAYA,499,KAB. RAJA AMPAT,6580,Waigeo Utara,5,3,1,1,0,0,0,0,0,0,0,0,0,0
38,PAPUA BARAT DAYA,499,KAB. RAJA AMPAT,7251,Warwarbomi,4,1,1,0,0,0,0,0,0,0,0,0,0,0
5,JAMBI,95,KAB. TEBO,1102,Muara Tabir,8,8,8,8,0,20,250000,2640000,30,30,1670000,28,37,4310000
5,JAMBI,95,KAB. TEBO,1094,Rimbo Bujang,16,16,16,11,0,661,14555000,19850000,333,333,8105000,283,946,27955000
5,JAMBI,95,KAB. TEBO,1098,Rimbo Ilir,10,10,10,10,0,0,0,3100000,31,31,80000,4,4,3180000
5,JAMBI,95,KAB. TEBO,1097,Rimbo Ulu,12,12,12,10,0,0,0,0,0,0,0,0,0,0
5,JAMBI,95,KAB. TEBO,1100,Serai Serumpun,8,8,8,2,0,0,0,0,0,0,0,0,0,0
5,JAMBI,95,KAB. TEBO,6425,Soloikma,1,0,1,0,0,0,0,0,0,0,0,0,0,0
5,JAMBI,95,KAB. TEBO,1095,Sumay,12,10,12,4,0,0,0,0,0,0,0,0,0,0
5,JAMBI,95,KAB. TEBO,1092,Tebo Ilir,12,12,12,4,0,120,710000,0,4,4,20000,5,25,20000
5,JAMBI,95,KAB. TEBO,1091,Tebo Tengah,12,10,12,8,0,0,0,0,0,0,0,0,0,0
5,JAMBI,95,KAB. TEBO,1093,Tebo Ulu,17,16,17,7,0,0,0,0,0,0,0,0,0,0
5,JAMBI,95,KAB. TEBO,1099,Tengah Ilir,6,6,6,1,0,0,0,2800000,56,56,780000,51,78,3580000
5,JAMBI,95,KAB. TEBO,1096,VII Koto,10,10,10,6,0,0,0,300000,3,3,0,0,0,300000
5,JAMBI,95,KAB. TEBO,1101,VII Koto Ilir,6,6,6,1,0,0,0,0,0,0,0,0,0,0
37,PAPUA PEGUNUNGAN,492,KAB. TOLIKARA,6462,Airgaram,8,0,1,0,0,0,0,0,0,0,0,0,0,0
37,PAPUA PEGUNUNGAN,492,KAB. TOLIKARA,6467,Anawi,12,0,0,0,0,0,0,0,0,0,0,0,0,0
37,PAPUA PEGUNUNGAN,492,KAB. TOLIKARA,6469,Aweku,10,9,9,0,0,0,0,0,0,0,0,0,0,0
37,PAPUA PEGUNUNGAN,492,KAB. TOLIKARA,6450,Bewani,14,0,0,0,0,0,0,0,0,0,0,0,0,0
37,PAPUA PEGUNUNGAN,492,KAB. TOLIKARA,6472,Biuk,11,7,0,0,0,0,0,0,0,0,0,0,0,0
37,PAPUA PEGUNUNGAN,492,KAB. TOLIKARA,6470,Bogonuk,10,6,0,0,0,0,0,0,0,0,0,0,0,0
37,PAPUA PEGUNUNGAN,492,KAB. TOLIKARA,6439,Bokondini,13,1,1,0,0,0,0,0,0,0,0,0,0,0
37,PAPUA PEGUNUNGAN,492,KAB. TOLIKARA,6449,Bokoneri,16,0,1,0,0,0,0,0,0,0,0,0,0,0
37,PAPUA PEGUNUNGAN,492,KAB. TOLIKARA,6468,Danime,10,0,0,0,0,0,0,0,0,0,0,0,0,0
37,PAPUA PEGUNUNGAN,492,KAB. TOLIKARA,6457,Dundu,10,0,0,0,0,0,0,0,0,0,0,0,0,0
37,PAPUA PEGUNUNGAN,492,KAB. TOLIKARA,6459,Egiam,10,0,0,0,0,0,0,0,0,0,0,0,0,0
37,PAPUA PEGUNUNGAN,492,KAB. TOLIKARA,6458,Geya,12,0,0,0,0,0,0,0,0,0,0,0,0,0
37,PAPUA PEGUNUNGAN,492,KAB. TOLIKARA,6466,Gika,10,1,2,0,0,0,0,0,0,0,0,0,0,0
37,PAPUA PEGUNUNGAN,492,KAB. TOLIKARA,6452,Gilubandu,13,9,4,0,0,0,0,0,0,0,0,0,0,0
37,PAPUA PEGUNUNGAN,492,KAB. TOLIKARA,6442,Goyage,19,9,10,0,0,0,0,0,0,0,0,0,0,0
37,PAPUA PEGUNUNGAN,492,KAB. TOLIKARA,6454,Gundagi,17,6,4,0,0,0,0,0,0,0,0,0,0,0
37,PAPUA PEGUNUNGAN,492,KAB. TOLIKARA,7228,Kai,13,3,10,0,0,0,0,0,0,0,0,0,0,0
37,PAPUA PEGUNUNGAN,492,KAB. TOLIKARA,6461,Kamboneri,6,0,0,0,0,0,0,0,0,0,0,0,0,0
37,PAPUA PEGUNUNGAN,492,KAB. TOLIKARA,6440,Kanggime,10,9,7,0,0,0,0,0,0,0,0,0,0,0
37,PAPUA PEGUNUNGAN,492,KAB. TOLIKARA,6438,Karubaga,22,5,2,0,0,0,0,0,0,0,0,0,0,0
37,PAPUA PEGUNUNGAN,492,KAB. TOLIKARA,6441,Kembu,13,2,2,0,0,0,0,0,0,0,0,0,0,0
37,PAPUA PEGUNUNGAN,492,KAB. TOLIKARA,7221,Konda/ Kondaga,11,0,3,0,0,0,0,0,0,0,0,0,0,0
37,PAPUA PEGUNUNGAN,492,KAB. TOLIKARA,6448,Kuari,17,0,0,0,0,0,0,0,0,0,0,0,0,0
37,PAPUA PEGUNUNGAN,492,KAB. TOLIKARA,6446,Kubu,9,5,7,0,0,0,0,0,0,0,0,0,0,0
37,PAPUA PEGUNUNGAN,492,KAB. TOLIKARA,6471,Li Anogomma,12,0,2,0,0,0,0,0,0,0,0,0,0,0
37,PAPUA PEGUNUNGAN,492,KAB. TOLIKARA,6598,Miyah,1,0,0,0,0,0,0,0,0,0,0,0,0,0
37,PAPUA PEGUNUNGAN,492,KAB. TOLIKARA,6451,Nabunage,11,2,0,0,0,0,0,0,0,0,0,0,0,0
37,PAPUA PEGUNUNGAN,492,KAB. TOLIKARA,6447,Nelawi,12,3,2,0,0,0,0,0,0,0,0,0,0,0
37,PAPUA PEGUNUNGAN,492,KAB. TOLIKARA,6455,Numba,11,0,0,0,0,0,0,0,0,0,0,0,0,0
37,PAPUA PEGUNUNGAN,492,KAB. TOLIKARA,6453,Nunggawi,23,0,1,0,0,0,0,0,0,0,0,0,0,0
37,PAPUA PEGUNUNGAN,492,KAB. TOLIKARA,6445,Panaga,9,1,0,0,0,0,0,0,0,0,0,0,0,0
37,PAPUA PEGUNUNGAN,492,KAB. TOLIKARA,6460,Poganeri,10,0,0,0,0,0,0,0,0,0,0,0,0,0
37,PAPUA PEGUNUNGAN,492,KAB. TOLIKARA,7227,Tagime,10,0,1,0,0,0,0,0,0,0,0,0,0,0
37,PAPUA PEGUNUNGAN,492,KAB. TOLIKARA,6464,Tagineri,11,0,0,0,0,0,0,0,0,0,0,0,0,0
37,PAPUA PEGUNUNGAN,492,KAB. TOLIKARA,7224,Telenggeme,9,4,0,0,0,0,0,0,0,0,0,0,0,0
37,PAPUA PEGUNUNGAN,492,KAB. TOLIKARA,6456,Timori,12,0,0,0,0,0,0,0,0,0,0,0,0,0
37,PAPUA PEGUNUNGAN,492,KAB. TOLIKARA,6444,Umagi,15,3,3,3,0,0,0,0,0,0,0,0,0,0
37,PAPUA PEGUNUNGAN,492,KAB. TOLIKARA,7223,Wakuwo,12,12,12,0,0,0,0,40000,8,8,40000,8,8,80000
37,PAPUA PEGUNUNGAN,492,KAB. TOLIKARA,7222,Wari/Taiyeve II,16,0,3,0,0,0,0,0,0,0,0,0,0,0
37,PAPUA PEGUNUNGAN,492,KAB. TOLIKARA,7225,Wenam,10,4,0,0,0,0,0,0,0,0,0,0,0,0
37,PAPUA PEGUNUNGAN,492,KAB. TOLIKARA,6443,Wina,13,0,0,0,0,0,0,0,0,0,0,0,0,0
37,PAPUA PEGUNUNGAN,492,KAB. TOLIKARA,7220,Woniki,10,4,3,0,0,0,0,0,0,0,0,0,0,0
37,PAPUA PEGUNUNGAN,492,KAB. TOLIKARA,7226,Wugi,11,1,0,0,0,0,0,0,0,0,0,0,0,0
37,PAPUA PEGUNUNGAN,492,KAB. TOLIKARA,7219,Wunim,10,0,0,0,0,0,0,0,0,0,0,0,0,0
37,PAPUA PEGUNUNGAN,492,KAB. TOLIKARA,7229,Yuko,11,0,0,0,0,0,0,0,0,0,0,0,0,0
37,PAPUA PEGUNUNGAN,492,KAB. TOLIKARA,6465,Yuneri,11,2,4,0,0,0,0,0,0,0,0,0,0,0
37,PAPUA PEGUNUNGAN,491,KAB. YAHUKIMO,6401,Amuma,13,12,13,6,0,0,0,0,0,0,0,0,0,0
37,PAPUA PEGUNUNGAN,491,KAB. YAHUKIMO,6393,Anggruk,12,0,1,0,0,0,0,0,0,0,0,0,0,0
37,PAPUA PEGUNUNGAN,491,KAB. YAHUKIMO,6428,Bomela,6,0,6,0,0,0,0,0,0,0,0,0,0,0
37,PAPUA PEGUNUNGAN,491,KAB. YAHUKIMO,6398,Dekai,12,0,3,0,0,0,0,0,0,0,0,0,0,0
37,PAPUA PEGUNUNGAN,491,KAB. YAHUKIMO,6423,Dirwemna,5,0,0,0,0,0,0,0,0,0,0,0,0,0
37,PAPUA PEGUNUNGAN,491,KAB. YAHUKIMO,6434,Duram,6,0,4,2,0,0,0,0,0,0,0,0,0,0
37,PAPUA PEGUNUNGAN,491,KAB. YAHUKIMO,6421,Endomen,8,7,8,4,0,0,0,0,0,0,0,0,0,0
37,PAPUA PEGUNUNGAN,491,KAB. YAHUKIMO,6417,Hereapini,11,1,9,0,0,0,0,0,0,0,0,0,0,0
37,PAPUA PEGUNUNGAN,491,KAB. YAHUKIMO,6433,Hilipuk,7,2,7,2,0,0,0,0,0,0,0,0,0,0
37,PAPUA PEGUNUNGAN,491,KAB. YAHUKIMO,6404,Hogio,8,0,7,0,0,0,0,0,0,0,0,0,0,0
37,PAPUA PEGUNUNGAN,491,KAB. YAHUKIMO,7215,Holuwon,7,7,7,4,0,0,0,0,0,0,0,0,0,0
37,PAPUA PEGUNUNGAN,491,KAB. YAHUKIMO,6431,Kabianggama,7,6,6,5,0,0,0,0,0,0,0,0,0,0
37,PAPUA PEGUNUNGAN,491,KAB. YAHUKIMO,6436,Kayo,7,0,7,4,0,0,0,0,0,0,0,0,0,0
37,PAPUA PEGUNUNGAN,491,KAB. YAHUKIMO,6422,Kona,5,4,5,5,0,0,0,0,0,0,0,0,0,0
37,PAPUA PEGUNUNGAN,491,KAB. YAHUKIMO,7216,Korupun,11,4,4,0,0,0,0,0,0,0,0,0,0,0
37,PAPUA PEGUNUNGAN,491,KAB. YAHUKIMO,6411,Kosarek,11,7,5,4,0,0,0,0,0,0,0,0,0,0
37,PAPUA PEGUNUNGAN,491,KAB. YAHUKIMO,6392,Kurima,21,10,1,0,0,0,0,0,0,0,0,0,0,0
37,PAPUA PEGUNUNGAN,491,KAB. YAHUKIMO,7218,Kwelamdua,10,4,10,4,0,0,0,0,0,0,0,0,0,0
37,PAPUA PEGUNUNGAN,491,KAB. YAHUKIMO,6432,Kwikma,10,0,0,0,0,0,0,0,0,0,0,0,0,0
37,PAPUA PEGUNUNGAN,491,KAB. YAHUKIMO,6427,Langda,9,0,9,7,0,0,0,0,0,0,0,0,0,0
37,PAPUA PEGUNUNGAN,491,KAB. YAHUKIMO,6424,Lolat,8,4,8,2,0,0,0,0,0,0,0,0,0,0
37,PAPUA PEGUNUNGAN,491,KAB. YAHUKIMO,6405,Mugi,20,14,20,1,0,0,0,0,0,0,0,0,0,0
37,PAPUA PEGUNUNGAN,491,KAB. YAHUKIMO,6402,Musaik,10,2,9,6,0,0,0,0,0,0,0,0,0,0
37,PAPUA PEGUNUNGAN,491,KAB. YAHUKIMO,6397,Nalca,8,0,8,4,0,0,0,0,0,0,0,0,0,0
37,PAPUA PEGUNUNGAN,491,KAB. YAHUKIMO,6394,Ninia,10,2,5,1,0,0,0,0,0,0,0,0,0,0
37,PAPUA PEGUNUNGAN,491,KAB. YAHUKIMO,6412,Nipsan,8,8,8,4,0,0,0,0,0,0,0,0,0,0
37,PAPUA PEGUNUNGAN,491,KAB. YAHUKIMO,6399,Obio,13,2,13,6,0,0,0,0,0,0,0,0,0,0
37,PAPUA PEGUNUNGAN,491,KAB. YAHUKIMO,6410,Panggema,12,0,7,0,0,0,0,0,0,0,0,0,0,0
37,PAPUA PEGUNUNGAN,491,KAB. YAHUKIMO,6403,Pasema,7,1,5,1,0,0,0,0,0,0,0,0,0,0
37,PAPUA PEGUNUNGAN,491,KAB. YAHUKIMO,6414,Pronggoli,7,0,2,0,0,0,0,0,0,0,0,0,0,0
37,PAPUA PEGUNUNGAN,491,KAB. YAHUKIMO,6420,Puldama,8,0,8,1,0,0,0,0,0,0,0,0,0,0
37,PAPUA PEGUNUNGAN,491,KAB. YAHUKIMO,6396,Samenage,9,0,6,0,0,0,0,0,0,0,0,0,0,0
37,PAPUA PEGUNUNGAN,491,KAB. YAHUKIMO,6426,Sela,16,13,13,6,0,0,0,100000,1,1,0,0,0,100000
37,PAPUA PEGUNUNGAN,491,KAB. YAHUKIMO,7217,Seradala,9,0,9,0,0,0,0,0,0,0,0,0,0,0
37,PAPUA PEGUNUNGAN,491,KAB. YAHUKIMO,6395,Silimo,21,18,19,14,0,0,0,0,0,0,0,0,0,0
37,PAPUA PEGUNUNGAN,491,KAB. YAHUKIMO,6406,Soba,6,0,0,0,0,0,0,0,0,0,0,0,0,0
37,PAPUA PEGUNUNGAN,491,KAB. YAHUKIMO,6430,Sobaham,13,0,13,0,0,0,0,0,0,0,0,0,0,0
37,PAPUA PEGUNUNGAN,491,KAB. YAHUKIMO,6425,Soloikma,7,6,7,4,0,0,0,0,0,0,0,0,0,0
37,PAPUA PEGUNUNGAN,491,KAB. YAHUKIMO,6437,Sumo,11,2,8,2,0,0,0,0,0,0,0,0,0,0
37,PAPUA PEGUNUNGAN,491,KAB. YAHUKIMO,6429,Suntamon,8,2,8,0,0,0,0,0,0,0,0,0,0,0
37,PAPUA PEGUNUNGAN,491,KAB. YAHUKIMO,6400,Suru Suru,7,2,4,0,0,0,0,0,0,0,0,0,0,0
37,PAPUA PEGUNUNGAN,491,KAB. YAHUKIMO,6419,Talambo,9,6,9,6,0,0,0,0,0,0,0,0,0,0
37,PAPUA PEGUNUNGAN,491,KAB. YAHUKIMO,6408,Tangma,8,2,1,0,0,0,0,0,0,0,0,0,0,0
37,PAPUA PEGUNUNGAN,491,KAB. YAHUKIMO,95,Teupah Barat,1,1,0,0,0,0,0,0,0,0,0,0,0,0
37,PAPUA PEGUNUNGAN,491,KAB. YAHUKIMO,6413,Ubahak,17,0,8,1,0,0,0,0,0,0,0,0,0,0
37,PAPUA PEGUNUNGAN,491,KAB. YAHUKIMO,6418,Ubalihi,11,0,0,0,0,0,0,0,0,0,0,0,0,0
37,PAPUA PEGUNUNGAN,491,KAB. YAHUKIMO,6409,Ukha,11,0,7,0,0,0,0,0,0,0,0,0,0,0
37,PAPUA PEGUNUNGAN,491,KAB. YAHUKIMO,6415,Walma,8,4,8,0,0,0,0,0,0,0,0,0,0,0
37,PAPUA PEGUNUNGAN,491,KAB. YAHUKIMO,6407,Werima,14,0,13,0,0,0,0,0,0,0,0,0,0,0
37,PAPUA PEGUNUNGAN,491,KAB. YAHUKIMO,7214,Wusama,10,0,1,0,0,0,0,0,0,0,0,0,0,0
37,PAPUA PEGUNUNGAN,491,KAB. YAHUKIMO,6416,Yahuliambut,5,0,0,0,0,0,0,0,0,0,0,0,0,0
37,PAPUA PEGUNUNGAN,491,KAB. YAHUKIMO,6435,Yogosem,7,0,6,0,0,0,0,0,0,0,0,0,0,0
37,PAPUA PEGUNUNGAN,495,KAB. YALIMO,6482,Abenaho,108,21,9,0,0,0,0,0,0,0,0,0,0,0
37,PAPUA PEGUNUNGAN,495,KAB. YALIMO,6481,Apalapsili,51,24,7,0,0,0,0,0,0,0,0,0,0,0
37,PAPUA PEGUNUNGAN,495,KAB. YALIMO,6483,Benawa,37,28,11,0,0,0,0,0,0,0,0,0,0,0
37,PAPUA PEGUNUNGAN,495,KAB. YALIMO,6480,Elelim,44,32,25,0,0,0,0,0,0,0,0,0,0,0
37,PAPUA PEGUNUNGAN,495,KAB. YALIMO,6484,Welarek,61,0,20,0,0,0,0,0,0,0,0,0,0,0
183,Miyazaki Prefecture,6408,"Kobayashi, Miyazaki",6408,Tangma,1,0,0,0,0,0,0,0,0,0,0,0,0,0
239,Phichit,7214,Sak Lek,7214,Wusama,1,0,0,0,0,0,0,0,0,0,0,0,0,0
178,Fukuoka Prefecture,6229,Fukuoka,6229,Venaha,1,1,1,0,0,0,0,0,0,0,0,0,0,0
35,PAPUA SELATAN,481,KAB. ASMAT,6235,Agats,12,12,11,1,0,0,0,0,0,0,0,0,0,0
35,PAPUA SELATAN,481,KAB. ASMAT,7142,Akat,5,5,4,0,0,0,0,0,0,0,0,0,0,0
35,PAPUA SELATAN,481,KAB. ASMAT,7145,Aswi,10,5,3,0,0,0,0,0,0,0,0,0,0,0
35,PAPUA SELATAN,481,KAB. ASMAT,7141,Atsj,9,9,4,0,0,0,0,0,0,0,0,0,0,0
35,PAPUA SELATAN,481,KAB. ASMAT,7146,Awyu,6,6,6,0,0,0,0,0,0,0,0,0,0,0
35,PAPUA SELATAN,481,KAB. ASMAT,7143,Ayib,6,6,5,0,0,0,0,0,0,0,0,0,0,0
35,PAPUA SELATAN,481,KAB. ASMAT,6250,Betcbamu,7,7,3,0,0,0,0,0,0,0,0,0,0,0
35,PAPUA SELATAN,481,KAB. ASMAT,6246,Der Koumur,6,6,6,0,0,0,0,0,0,0,0,0,0,0
35,PAPUA SELATAN,481,KAB. ASMAT,6237,Fayit,13,11,5,0,0,0,0,0,0,0,0,0,0,0
35,PAPUA SELATAN,481,KAB. ASMAT,6245,Jetsy,8,8,4,0,0,0,0,0,0,0,0,0,0,0
35,PAPUA SELATAN,481,KAB. ASMAT,6243,Joerat,6,5,4,0,0,0,0,0,0,0,0,0,0,0
35,PAPUA SELATAN,481,KAB. ASMAT,7144,Joutu,7,7,2,0,0,0,0,0,0,0,0,0,0,0
35,PAPUA SELATAN,481,KAB. ASMAT,6241,Kolf Braza,14,13,0,0,0,0,0,0,0,0,0,0,0,0
35,PAPUA SELATAN,481,KAB. ASMAT,6247,Kopay,9,8,0,0,0,0,0,0,0,0,0,0,0,0
35,PAPUA SELATAN,481,KAB. ASMAT,7147,Koroway Buluanop,7,6,0,0,0,0,0,0,0,0,0,0,0,0
35,PAPUA SELATAN,481,KAB. ASMAT,6238,Pantai Kasuari,9,8,3,0,0,0,0,0,0,0,0,0,0,0
35,PAPUA SELATAN,481,KAB. ASMAT,6244,Pulau Tiga,14,13,0,0,0,0,0,0,0,0,0,0,0,0
35,PAPUA SELATAN,481,KAB. ASMAT,6248,Safan,12,12,10,0,0,0,0,0,0,0,0,0,0,0
35,PAPUA SELATAN,481,KAB. ASMAT,6236,Sawa Erma,10,8,4,0,0,0,0,0,0,0,0,0,0,0
35,PAPUA SELATAN,481,KAB. ASMAT,6249,Sirets,8,8,6,0,0,0,0,0,0,0,0,0,0,0
35,PAPUA SELATAN,481,KAB. ASMAT,7149,Sor Ep,6,6,5,0,0,0,0,0,0,0,0,0,0,0
35,PAPUA SELATAN,481,KAB. ASMAT,6239,Suator,10,10,4,0,0,0,0,0,0,0,0,0,0,0
35,PAPUA SELATAN,481,KAB. ASMAT,6240,Suru-suru,17,16,12,0,0,0,0,0,0,0,0,0,0,0
35,PAPUA SELATAN,481,KAB. ASMAT,7148,Tomor Birip,8,7,1,0,0,0,0,0,0,0,0,0,0,0
35,PAPUA SELATAN,481,KAB. ASMAT,6242,Unir Sirau,6,6,6,0,0,0,0,0,0,0,0,0,0,0
35,PAPUA SELATAN,479,KAB. BOVEN DIGOEL,6212,Ambatkwi,5,3,5,0,0,0,0,0,0,0,0,0,0,0
35,PAPUA SELATAN,479,KAB. BOVEN DIGOEL,6210,Arimop,7,1,1,1,0,0,0,0,0,0,0,0,0,0
35,PAPUA SELATAN,479,KAB. BOVEN DIGOEL,6207,Bomakia,5,5,4,3,0,0,0,0,0,0,0,0,0,0
35,PAPUA SELATAN,479,KAB. BOVEN DIGOEL,6214,Firiwage,4,4,4,2,0,0,0,0,0,0,0,0,0,0
35,PAPUA SELATAN,479,KAB. BOVEN DIGOEL,6211,Fofi,8,7,4,5,0,0,0,0,0,0,0,0,0,0
35,PAPUA SELATAN,479,KAB. BOVEN DIGOEL,6209,Iniyandit,5,0,3,0,0,0,0,0,0,0,0,0,0,0
35,PAPUA SELATAN,479,KAB. BOVEN DIGOEL,6206,Jair,6,2,2,2,0,0,0,0,0,0,0,0,0,0
35,PAPUA SELATAN,479,KAB. BOVEN DIGOEL,6221,Kawagit,6,4,5,1,0,0,0,0,0,0,0,0,0,0
35,PAPUA SELATAN,479,KAB. BOVEN DIGOEL,6220,Ki,4,3,4,2,0,0,0,0,0,0,0,0,0,0
35,PAPUA SELATAN,479,KAB. BOVEN DIGOEL,6217,Kombay,5,4,4,2,0,0,0,0,0,0,0,0,0,0
35,PAPUA SELATAN,479,KAB. BOVEN DIGOEL,6208,Kombut,4,3,4,0,0,0,0,0,0,0,0,0,0,0
35,PAPUA SELATAN,479,KAB. BOVEN DIGOEL,6205,Kouh,3,2,3,0,0,0,0,0,0,0,0,0,0,0
35,PAPUA SELATAN,479,KAB. BOVEN DIGOEL,6202,Mandobo,5,3,5,0,0,0,0,0,0,0,0,0,0,0
35,PAPUA SELATAN,479,KAB. BOVEN DIGOEL,6213,Manggelum,6,1,2,1,0,0,0,0,0,0,0,0,0,0
35,PAPUA SELATAN,479,KAB. BOVEN DIGOEL,6203,Mindiptana,12,9,4,0,0,0,0,0,0,0,0,0,0,0
35,PAPUA SELATAN,479,KAB. BOVEN DIGOEL,6218,Ninati,4,3,0,0,0,0,0,0,0,0,0,0,0,0
35,PAPUA SELATAN,479,KAB. BOVEN DIGOEL,6219,Sesnuk,5,4,4,0,0,0,0,0,0,0,0,0,0,0
35,PAPUA SELATAN,479,KAB. BOVEN DIGOEL,6216,Subur,3,0,0,0,0,0,0,0,0,0,0,0,0,0
35,PAPUA SELATAN,479,KAB. BOVEN DIGOEL,6204,Waropko,9,0,2,0,0,0,0,0,0,0,0,0,0,0
35,PAPUA SELATAN,479,KAB. BOVEN DIGOEL,6215,Yaniruma,3,3,2,1,0,0,0,0,0,0,0,0,0,0
35,PAPUA SELATAN,480,KAB. MAPPI,6225,Assue,18,17,0,0,0,0,0,0,0,0,0,0,0,0
35,PAPUA SELATAN,480,KAB. MAPPI,6232,Bamgi,5,5,0,0,0,0,0,0,0,0,0,0,0,0
35,PAPUA SELATAN,480,KAB. MAPPI,7140,Citak-Mitak,7,7,2,0,0,0,0,0,0,0,0,0,0,0
35,PAPUA SELATAN,480,KAB. MAPPI,6295,Dumadama,1,1,0,0,0,0,0,0,0,0,0,0,0,0
35,PAPUA SELATAN,480,KAB. MAPPI,6223,Edera,7,7,0,0,0,0,0,0,0,0,0,0,0,0
35,PAPUA SELATAN,480,KAB. MAPPI,6226,Kaibar,7,6,0,0,0,0,0,0,0,0,0,0,0,0
35,PAPUA SELATAN,480,KAB. MAPPI,7139,Mambioman Bapai,14,13,2,0,0,0,0,0,0,0,0,0,0,0
35,PAPUA SELATAN,480,KAB. MAPPI,6228,Minyamur,12,12,1,0,0,0,0,0,0,0,0,0,0,0
35,PAPUA SELATAN,480,KAB. MAPPI,6222,Obaa,24,24,0,0,0,0,0,0,0,0,0,0,0,0
35,PAPUA SELATAN,480,KAB. MAPPI,6073,Pantai Timur,1,1,1,0,0,0,0,0,0,0,0,0,0,0
35,PAPUA SELATAN,480,KAB. MAPPI,6227,Passue,13,13,0,0,0,0,0,0,0,0,0,0,0,0
35,PAPUA SELATAN,480,KAB. MAPPI,6233,Passue Bawah,8,8,0,0,0,0,0,0,0,0,0,0,0,0
35,PAPUA SELATAN,480,KAB. MAPPI,6230,Syahcame,6,6,0,0,0,0,0,0,0,0,0,0,0,0
35,PAPUA SELATAN,480,KAB. MAPPI,6234,Ti  Zain,8,8,0,0,0,0,0,0,0,0,0,0,0,0
35,PAPUA SELATAN,480,KAB. MAPPI,6229,Venaha,7,7,1,0,0,0,0,0,0,0,0,0,0,0
35,PAPUA SELATAN,480,KAB. MAPPI,6231,Yakomi,7,7,0,0,0,0,0,0,0,0,0,0,0,0
35,PAPUA SELATAN,478,KAB. MERAUKE,6194,Animha,4,4,1,0,0,0,0,0,0,0,0,0,0,0
35,PAPUA SELATAN,478,KAB. MERAUKE,6191,Elikobal,12,12,7,0,0,0,0,0,0,0,0,0,0,0
35,PAPUA SELATAN,478,KAB. MERAUKE,6201,Ilwayab,2,2,1,0,0,0,0,0,0,0,0,0,0,0
35,PAPUA SELATAN,478,KAB. MERAUKE,6189,Jagebob,14,14,8,0,0,0,0,2200000,22,22,380000,21,38,2580000
35,PAPUA SELATAN,478,KAB. MERAUKE,6198,Kaptel,5,4,1,0,0,0,0,0,0,0,0,0,0,0
35,PAPUA SELATAN,478,KAB. MERAUKE,6186,Kimaam,10,9,0,0,0,0,0,0,0,0,0,0,0,0
35,PAPUA SELATAN,478,KAB. MERAUKE,7138,Kontuar,3,3,0,0,0,0,0,0,0,0,0,0,0,0
35,PAPUA SELATAN,478,KAB. MERAUKE,6192,Kurik,13,13,13,2,0,0,0,40000,2,2,300000,15,16,340000
35,PAPUA SELATAN,478,KAB. MERAUKE,6195,Malind,7,7,3,0,0,0,0,0,0,0,0,0,0,0
35,PAPUA SELATAN,478,KAB. MERAUKE,6183,Merauke,13,13,8,4,0,0,0,0,0,0,0,0,0,0
35,PAPUA SELATAN,478,KAB. MERAUKE,6184,Muting,10,10,3,0,0,0,0,0,0,0,0,0,0,0
35,PAPUA SELATAN,478,KAB. MERAUKE,6193,Naukenjerai,5,5,3,2,0,0,0,0,0,0,0,0,0,0
35,PAPUA SELATAN,478,KAB. MERAUKE,6197,Ngguti,2,2,0,0,0,0,0,0,0,0,0,0,0,0
35,PAPUA SELATAN,478,KAB. MERAUKE,6185,Okaba,9,9,9,0,0,0,0,0,0,0,0,0,0,0
35,PAPUA SELATAN,478,KAB. MERAUKE,7137,Padua,4,4,2,1,0,0,0,0,0,0,0,0,0,0
35,PAPUA SELATAN,478,KAB. MERAUKE,6187,Semangga,10,10,10,5,0,0,0,0,0,0,0,0,0,0
35,PAPUA SELATAN,478,KAB. MERAUKE,6190,Sota,5,5,1,0,0,0,0,0,0,0,0,0,0,0
35,PAPUA SELATAN,478,KAB. MERAUKE,6199,Tabonji,1,1,0,0,0,0,0,0,0,0,0,0,0,0
35,PAPUA SELATAN,478,KAB. MERAUKE,6188,Tanah Miring,14,14,10,6,0,0,0,0,0,0,0,0,0,0
35,PAPUA SELATAN,478,KAB. MERAUKE,6196,Tubang,6,6,3,0,0,0,0,0,0,0,0,0,0,0
35,PAPUA SELATAN,478,KAB. MERAUKE,7136,Ulilin,5,5,0,0,0,0,0,0,0,0,0,0,0,0
35,PAPUA SELATAN,478,KAB. MERAUKE,6200,Waan,6,6,0,0,0,0,0,0,0,0,0,0,0,0
232,Mae Hong Son,7139,Khun Yuam,7139,Mambioman Bapai,1,1,0,0,0,0,0,0,0,0,0,0,0,0
36,PAPUA TENGAH,489,KAB. DEIYAI,6346,Bowobado,6,1,1,0,0,0,0,0,0,0,0,0,0,0
36,PAPUA TENGAH,489,KAB. DEIYAI,6348,Kapiraya,5,1,1,0,0,0,0,0,0,0,0,0,0,0
36,PAPUA TENGAH,489,KAB. DEIYAI,6344,Tigi,20,14,15,0,0,0,0,0,0,0,0,0,0,0
36,PAPUA TENGAH,489,KAB. DEIYAI,6347,Tigi Barat,22,11,15,0,0,0,0,0,0,0,0,0,0,0
36,PAPUA TENGAH,489,KAB. DEIYAI,6345,Tigi Timur,14,14,13,0,0,0,0,0,0,0,0,0,0,0
36,PAPUA TENGAH,487,KAB. DOGIYAI,6336,Dogiyai,9,3,9,0,0,0,0,0,0,0,0,0,0,0
36,PAPUA TENGAH,487,KAB. DOGIYAI,6349,Kamu,8,1,8,0,0,0,0,0,0,0,0,0,0,0
36,PAPUA TENGAH,487,KAB. DOGIYAI,6334,Kamu Selatan,12,1,12,0,0,0,0,0,0,0,0,0,0,0
36,PAPUA TENGAH,487,KAB. DOGIYAI,6335,Kamu Timur,7,0,7,0,0,0,0,0,0,0,0,0,0,0
36,PAPUA TENGAH,487,KAB. DOGIYAI,6332,Kamu Utara,10,0,10,1,0,0,0,0,0,0,0,0,0,0
36,PAPUA TENGAH,487,KAB. DOGIYAI,6331,Mapia,8,0,7,0,0,0,0,0,0,0,0,0,0,0
36,PAPUA TENGAH,487,KAB. DOGIYAI,6333,Mapia Barat,4,0,4,0,0,0,0,0,0,0,0,0,0,0
36,PAPUA TENGAH,487,KAB. DOGIYAI,6352,Mapia Tengah,10,0,10,0,0,0,0,0,0,0,0,0,0,0
36,PAPUA TENGAH,487,KAB. DOGIYAI,6350,Piyaiye,8,0,8,0,0,0,0,0,0,0,0,0,0,0
36,PAPUA TENGAH,487,KAB. DOGIYAI,6351,Sukikai Selatan,4,0,4,0,0,0,0,0,0,0,0,0,0,0
36,PAPUA TENGAH,488,KAB. INTAN JAYA,6340,Agisiga,10,0,10,0,0,0,0,0,0,0,0,0,0,0
36,PAPUA TENGAH,488,KAB. INTAN JAYA,6339,Biandoga,16,0,15,0,0,0,0,0,0,0,0,0,0,0
36,PAPUA TENGAH,488,KAB. INTAN JAYA,6341,Hitadipa,9,0,9,0,0,0,0,0,0,0,0,0,0,0
36,PAPUA TENGAH,488,KAB. INTAN JAYA,6337,Homeyo,21,0,20,0,0,0,0,0,0,0,0,0,0,0
36,PAPUA TENGAH,488,KAB. INTAN JAYA,7178,Sugapa,17,0,17,0,0,0,0,0,0,0,0,0,0,0
36,PAPUA TENGAH,488,KAB. INTAN JAYA,6343,Tomosiga,9,0,8,0,0,0,0,0,0,0,0,0,0,0
36,PAPUA TENGAH,488,KAB. INTAN JAYA,6342,Ugimba,6,0,4,0,0,0,0,0,0,0,0,0,0,0
36,PAPUA TENGAH,488,KAB. INTAN JAYA,6338,Wandai,9,0,8,0,0,0,0,0,0,0,0,0,0,0
36,PAPUA TENGAH,485,KAB. MIMIKA,7165,Agimuga,8,8,8,8,0,0,0,0,0,0,0,0,0,0
36,PAPUA TENGAH,485,KAB. MIMIKA,7174,Alama,11,11,11,8,0,0,0,20000,2,2,0,0,0,20000
36,PAPUA TENGAH,485,KAB. MIMIKA,7173,Amar,6,6,6,5,0,0,0,0,0,0,0,0,0,0
36,PAPUA TENGAH,485,KAB. MIMIKA,7172,Hoya,6,6,6,5,0,0,0,0,0,0,0,0,0,0
36,PAPUA TENGAH,485,KAB. MIMIKA,6307,Iwaka,7,7,7,4,0,0,0,1300000,13,13,1800000,12,36,3100000
36,PAPUA TENGAH,485,KAB. MIMIKA,7169,Jila,12,12,12,11,0,0,0,0,0,0,0,0,0,0
36,PAPUA TENGAH,485,KAB. MIMIKA,7168,Jita,10,10,10,9,0,0,0,0,0,0,0,0,0,0
36,PAPUA TENGAH,485,KAB. MIMIKA,6304,Kuala Kencana,10,10,10,7,0,0,0,0,0,0,0,0,0,0
36,PAPUA TENGAH,485,KAB. MIMIKA,6306,Kwamki Narama,10,10,10,9,0,0,0,0,0,0,0,0,0,0
36,PAPUA TENGAH,485,KAB. MIMIKA,7167,Mimika Barat,7,7,7,5,0,0,0,0,0,0,0,0,0,0
36,PAPUA TENGAH,485,KAB. MIMIKA,7170,Mimika Barat Jauh,5,5,5,3,0,0,0,0,0,0,0,0,0,0
36,PAPUA TENGAH,485,KAB. MIMIKA,7171,Mimika Barat Tengah,9,9,9,9,0,0,0,0,0,0,0,0,0,0
36,PAPUA TENGAH,485,KAB. MIMIKA,6301,Mimika Baru,14,14,14,12,0,0,0,0,0,0,0,0,0,0
36,PAPUA TENGAH,485,KAB. MIMIKA,6303,Mimika Tengah,5,5,5,2,0,0,0,0,0,0,0,0,0,0
36,PAPUA TENGAH,485,KAB. MIMIKA,7166,Mimika Timur,6,6,6,5,0,0,0,275000,11,11,200000,10,10,475000
36,PAPUA TENGAH,485,KAB. MIMIKA,6302,Mimika Timur Jauh,5,5,5,1,0,0,0,0,0,0,0,0,0,0
36,PAPUA TENGAH,485,KAB. MIMIKA,6305,Tembagapura,14,14,14,13,0,0,0,1650000,33,33,0,0,0,1650000
36,PAPUA TENGAH,485,KAB. MIMIKA,6308,Wania,7,7,7,6,0,0,0,0,0,0,0,0,0,0
36,PAPUA TENGAH,482,KAB. NABIRE,6263,Dipa,5,2,5,0,0,0,0,0,0,0,0,0,0,0
36,PAPUA TENGAH,482,KAB. NABIRE,6257,Makimi,6,6,6,2,0,0,0,0,0,0,0,0,0,0
36,PAPUA TENGAH,482,KAB. NABIRE,6264,Menou,4,4,4,3,0,0,0,0,0,0,0,0,0,0
36,PAPUA TENGAH,482,KAB. NABIRE,7150,Moora,5,4,4,0,0,0,0,0,0,0,0,0,0,0
36,PAPUA TENGAH,482,KAB. NABIRE,6251,Nabire,11,11,11,4,0,0,0,2000000,40,40,1540000,44,77,3540000
36,PAPUA TENGAH,482,KAB. NABIRE,6262,Nabire Barat,5,5,5,5,0,0,0,0,0,0,0,0,0,0
36,PAPUA TENGAH,482,KAB. NABIRE,6252,Napan,3,3,3,0,0,0,0,0,0,0,0,0,0,0
36,PAPUA TENGAH,482,KAB. NABIRE,6256,Siriwo,6,4,6,1,0,0,0,0,0,0,0,0,0,0
36,PAPUA TENGAH,482,KAB. NABIRE,6259,Teluk Kimi,5,5,5,3,0,0,0,5400000,54,54,0,0,0,5400000
36,PAPUA TENGAH,482,KAB. NABIRE,6258,Teluk Umar,4,0,4,0,0,0,0,0,0,0,0,0,0,0
36,PAPUA TENGAH,482,KAB. NABIRE,6254,Uwapa,6,6,6,2,0,0,0,0,0,0,0,0,0,0
36,PAPUA TENGAH,482,KAB. NABIRE,6255,Wanggar,3,1,3,0,0,0,0,0,0,0,0,0,0,0
36,PAPUA TENGAH,482,KAB. NABIRE,6261,Wapoga,5,5,5,0,0,0,0,0,0,0,0,0,0,0
36,PAPUA TENGAH,482,KAB. NABIRE,6260,Yaro,8,8,8,0,0,0,0,0,0,0,0,0,0,0
36,PAPUA TENGAH,482,KAB. NABIRE,6253,Yaur,4,1,4,0,0,0,0,0,0,0,0,0,0,0
36,PAPUA TENGAH,484,KAB. PANIAI,6293,Aradide,9,8,9,0,0,0,0,0,0,0,0,0,0,0
36,PAPUA TENGAH,484,KAB. PANIAI,7162,Aweida,6,6,6,0,0,0,0,0,0,0,0,0,0,0
36,PAPUA TENGAH,484,KAB. PANIAI,7159,Baya Biru,6,4,6,0,0,0,0,0,0,0,0,0,0,0
36,PAPUA TENGAH,484,KAB. PANIAI,6294,Bibida,6,5,6,0,0,0,0,0,0,0,0,0,0,0
36,PAPUA TENGAH,484,KAB. PANIAI,7151,Bogabaida,9,8,9,0,0,0,0,0,0,0,0,0,0,0
36,PAPUA TENGAH,484,KAB. PANIAI,7160,Deiyai  Miyo,6,6,6,0,0,0,0,0,0,0,0,0,0,0
36,PAPUA TENGAH,484,KAB. PANIAI,7161,Dogomo,5,5,5,0,0,0,0,0,0,0,0,0,0,0
36,PAPUA TENGAH,484,KAB. PANIAI,6295,Dumadama,5,3,2,0,0,0,0,0,0,0,0,0,0,0
36,PAPUA TENGAH,484,KAB. PANIAI,6298,Ekadide,12,12,8,0,0,0,0,0,0,0,0,0,0,0
36,PAPUA TENGAH,484,KAB. PANIAI,7164,Fajar Timur,7,7,6,0,0,0,0,0,0,0,0,0,0,0
36,PAPUA TENGAH,484,KAB. PANIAI,6297,Kebo,13,13,8,0,0,0,0,0,0,0,0,0,0,0
36,PAPUA TENGAH,484,KAB. PANIAI,6247,Kopay,1,1,0,0,0,0,0,0,0,0,0,0,0,0
36,PAPUA TENGAH,484,KAB. PANIAI,7156,Muye,10,10,5,0,0,0,0,0,0,0,0,0,0,0
36,PAPUA TENGAH,484,KAB. PANIAI,6299,Nakama,7,7,1,0,0,0,0,0,0,0,0,0,0,0
36,PAPUA TENGAH,484,KAB. PANIAI,6292,Paniai Barat,12,12,3,0,0,0,0,0,0,0,0,0,0,0
36,PAPUA TENGAH,484,KAB. PANIAI,6291,Paniai Timur,26,22,21,0,0,0,0,0,0,0,0,0,0,0
36,PAPUA TENGAH,484,KAB. PANIAI,7155,Pugo Dagi,9,9,7,0,0,0,0,0,0,0,0,0,0,0
36,PAPUA TENGAH,484,KAB. PANIAI,6296,Siriwo,14,14,6,0,0,0,0,500000,1,1,0,0,0,500000
36,PAPUA TENGAH,484,KAB. PANIAI,7157,Teluk Deya,6,6,6,0,0,0,0,0,0,0,0,0,0,0
36,PAPUA TENGAH,484,KAB. PANIAI,7163,Topiyai,10,9,10,0,0,0,0,0,1,1,0,0,0,0
36,PAPUA TENGAH,484,KAB. PANIAI,7154,Wegee Bino,6,3,1,0,0,0,0,0,0,0,0,0,0,0
36,PAPUA TENGAH,484,KAB. PANIAI,7153,Wegee Muka,10,10,2,0,0,0,0,0,0,0,0,0,0,0
36,PAPUA TENGAH,484,KAB. PANIAI,6300,Yagai,10,8,3,0,0,0,0,0,0,0,0,0,0,0
36,PAPUA TENGAH,484,KAB. PANIAI,7152,Yatamo,5,5,3,0,0,0,0,0,0,0,0,0,0,0
36,PAPUA TENGAH,484,KAB. PANIAI,7158,Youtadi,6,6,5,0,0,0,0,0,0,0,0,0,0,0
36,PAPUA TENGAH,486,KAB. PUNCAK,7175,Agandugume,7,0,7,0,0,0,0,0,0,0,0,0,0,0
36,PAPUA TENGAH,486,KAB. PUNCAK,7177,Amungkalpia,6,0,6,0,0,0,0,0,0,0,0,0,0,0
36,PAPUA TENGAH,486,KAB. PUNCAK,6311,Beoga,8,0,8,0,0,0,0,0,0,0,0,0,0,0
36,PAPUA TENGAH,486,KAB. PUNCAK,6317,Beoga Barat,6,0,6,0,0,0,0,0,0,0,0,0,0,0
36,PAPUA TENGAH,486,KAB. PUNCAK,6318,Beoga Timur,8,0,8,0,0,0,0,0,0,0,0,0,0,0
36,PAPUA TENGAH,486,KAB. PUNCAK,6321,Bina,7,0,7,0,0,0,0,0,0,0,0,0,0,0
36,PAPUA TENGAH,486,KAB. PUNCAK,6316,Dervos,7,0,7,0,0,0,0,0,0,0,0,0,0,0
36,PAPUA TENGAH,486,KAB. PUNCAK,6312,Doufo,7,0,7,0,0,0,0,0,0,0,0,0,0,0
36,PAPUA TENGAH,486,KAB. PUNCAK,6330,Erelmakawia,9,0,9,0,0,0,0,0,0,0,0,0,0,0
36,PAPUA TENGAH,486,KAB. PUNCAK,6315,Gome,11,0,11,0,0,0,0,0,0,0,0,0,0,0
36,PAPUA TENGAH,486,KAB. PUNCAK,6329,Gome Utara,5,1,5,0,0,0,0,0,0,0,0,0,0,0
36,PAPUA TENGAH,486,KAB. PUNCAK,6309,Ilaga,9,0,9,0,0,0,0,0,0,0,0,0,0,0
36,PAPUA TENGAH,486,KAB. PUNCAK,6324,Ilaga Utara,8,0,8,0,0,0,0,0,0,0,0,0,0,0
36,PAPUA TENGAH,486,KAB. PUNCAK,6320,Kembru,7,1,7,0,0,0,0,0,0,0,0,0,0,0
36,PAPUA TENGAH,486,KAB. PUNCAK,6327,Lambewi,7,0,7,0,0,0,0,0,0,0,0,0,0,0
36,PAPUA TENGAH,486,KAB. PUNCAK,6325,Mabugi,8,0,8,0,0,0,0,0,0,0,0,0,0,0
36,PAPUA TENGAH,486,KAB. PUNCAK,7176,Mage'abume,11,1,11,0,0,0,0,0,0,0,0,0,0,0
36,PAPUA TENGAH,486,KAB. PUNCAK,6319,Ogamanim,7,0,7,0,0,0,0,0,0,0,0,0,0,0
36,PAPUA TENGAH,486,KAB. PUNCAK,6326,Omukia,14,0,14,0,0,0,0,0,0,0,0,0,0,0
36,PAPUA TENGAH,486,KAB. PUNCAK,6328,Oneri,6,0,6,0,0,0,0,0,0,0,0,0,0,0
36,PAPUA TENGAH,486,KAB. PUNCAK,6313,Pogoma,9,1,9,0,0,0,0,0,0,0,0,0,0,0
36,PAPUA TENGAH,486,KAB. PUNCAK,6314,Sinak,11,0,11,0,0,0,0,0,0,0,0,0,0,0
36,PAPUA TENGAH,486,KAB. PUNCAK,6322,Sinak Barat,7,0,7,0,0,0,0,0,0,0,0,0,0,0
36,PAPUA TENGAH,486,KAB. PUNCAK,6310,Wangbe,11,1,11,0,0,0,0,0,0,0,0,0,0,0
36,PAPUA TENGAH,486,KAB. PUNCAK,6323,Yugumuak,10,0,10,0,0,0,0,0,0,0,0,0,0,0
36,PAPUA TENGAH,483,KAB. PUNCAK JAYA,6289,Dagai,10,0,7,0,0,0,0,0,0,0,0,0,0,0
36,PAPUA TENGAH,483,KAB. PUNCAK JAYA,6281,Dokome,9,0,9,0,0,0,0,0,0,0,0,0,0,0
36,PAPUA TENGAH,483,KAB. PUNCAK JAYA,6267,Fawi,9,0,6,0,0,0,0,0,0,0,0,0,0,0
36,PAPUA TENGAH,483,KAB. PUNCAK JAYA,6287,Gubume,17,0,17,0,0,0,0,0,0,0,0,0,0,0
36,PAPUA TENGAH,483,KAB. PUNCAK JAYA,6274,Gurage,11,0,11,0,0,0,0,0,0,0,0,0,0,0
36,PAPUA TENGAH,483,KAB. PUNCAK JAYA,6277,Ilamburawi,5,0,5,0,0,0,0,0,0,0,0,0,0,0
36,PAPUA TENGAH,483,KAB. PUNCAK JAYA,6266,Ilu,20,3,19,0,0,0,0,0,0,0,0,0,0,0
36,PAPUA TENGAH,483,KAB. PUNCAK JAYA,6275,Irimuli,9,0,8,0,0,0,0,0,0,0,0,0,0,0
36,PAPUA TENGAH,483,KAB. PUNCAK JAYA,6282,Kalome,16,0,3,0,0,0,0,0,0,0,0,0,0,0
36,PAPUA TENGAH,483,KAB. PUNCAK JAYA,6290,Kiyage,8,0,4,0,0,0,0,0,0,0,0,0,0,0
36,PAPUA TENGAH,483,KAB. PUNCAK JAYA,6279,Lumo,9,0,9,0,0,0,0,0,0,0,0,0,0,0
36,PAPUA TENGAH,483,KAB. PUNCAK JAYA,6268,Mewoluk,8,0,8,0,0,0,0,0,0,0,0,0,0,0
36,PAPUA TENGAH,483,KAB. PUNCAK JAYA,6280,Molanikime,5,0,2,0,0,0,0,0,0,0,0,0,0,0
36,PAPUA TENGAH,483,KAB. PUNCAK JAYA,6276,Muara,8,1,8,0,0,0,0,0,0,0,0,0,0,0
36,PAPUA TENGAH,483,KAB. PUNCAK JAYA,6265,Mulia,9,2,6,0,0,0,0,0,0,0,0,0,0,0
36,PAPUA TENGAH,483,KAB. PUNCAK JAYA,6286,Nioga,11,1,11,0,0,0,0,0,0,0,0,0,0,0
36,PAPUA TENGAH,483,KAB. PUNCAK JAYA,6270,Nume,13,1,2,0,0,0,0,0,0,0,0,0,0,0
36,PAPUA TENGAH,483,KAB. PUNCAK JAYA,6273,Pagaleme,5,0,4,0,0,0,0,0,0,0,0,0,0,0
36,PAPUA TENGAH,483,KAB. PUNCAK JAYA,6288,Taganombak,10,2,10,0,0,0,0,0,0,0,0,0,0,0
36,PAPUA TENGAH,483,KAB. PUNCAK JAYA,6272,Tingginambut,22,0,21,0,0,0,0,0,0,0,0,0,0,0
36,PAPUA TENGAH,483,KAB. PUNCAK JAYA,6271,Torere,13,0,13,0,0,0,0,0,0,0,0,0,0,0
36,PAPUA TENGAH,483,KAB. PUNCAK JAYA,6285,Waegi,19,0,13,0,0,0,0,0,0,0,0,0,0,0
36,PAPUA TENGAH,483,KAB. PUNCAK JAYA,6283,Wanwi,17,0,14,0,0,0,0,0,0,0,0,0,0,0
36,PAPUA TENGAH,483,KAB. PUNCAK JAYA,6278,Yambi,9,0,7,0,0,0,0,0,0,0,0,0,0,0
36,PAPUA TENGAH,483,KAB. PUNCAK JAYA,6269,Yamo,14,0,12,0,0,0,0,0,0,0,0,0,0,0
36,PAPUA TENGAH,483,KAB. PUNCAK JAYA,6284,Yamoneri,16,2,16,0,0,0,0,0,0,0,0,0,0,0
4,RIAU,78,KAB. BENGKALIS,6746,Bandar Laksamana,7,7,7,3,0,0,0,0,0,0,0,0,0,0
4,RIAU,78,KAB. BENGKALIS,6739,Bantan,23,23,23,23,0,0,0,1900800,30,30,620000,27,62,2520800
4,RIAU,78,KAB. BENGKALIS,6748,Bathin Solapan,13,13,13,12,0,0,0,5080000,104,104,70000,3,3,5150000
4,RIAU,78,KAB. BENGKALIS,867,Bengkalis,31,31,30,21,0,0,0,0,0,0,0,0,0,0
4,RIAU,78,KAB. BENGKALIS,6740,Bukit Batu,10,10,10,3,0,0,0,1150000,23,23,1190000,22,119,2340000
4,RIAU,78,KAB. BENGKALIS,6741,Mandau,11,11,11,11,0,0,0,1400000,14,14,10000,1,1,1410000
4,RIAU,78,KAB. BENGKALIS,6745,Pinggir,10,10,10,5,0,0,0,200000,2,2,40000,2,2,240000
4,RIAU,78,KAB. BENGKALIS,6742,Rupat,16,16,16,13,0,0,0,2800000,28,28,1450000,28,145,4250000
4,RIAU,78,KAB. BENGKALIS,6743,Rupat Utara,8,8,8,8,0,0,0,0,0,0,0,0,0,0
4,RIAU,78,KAB. BENGKALIS,6744,Siak Kecil,17,17,17,4,0,0,0,0,0,0,0,0,0,0
4,RIAU,78,KAB. BENGKALIS,6747,Talang Muandau,9,9,9,3,0,0,0,0,0,0,0,0,0,0
4,RIAU,79,KAB. INDRAGIRI HILIR,878,Batang Tuaka,13,13,13,3,0,0,0,0,0,0,0,0,0,0
4,RIAU,79,KAB. INDRAGIRI HILIR,885,Concong,6,6,6,1,0,0,0,0,0,0,0,0,0,0
4,RIAU,79,KAB. INDRAGIRI HILIR,869,Enok,14,14,14,6,0,0,0,400000,4,4,30000,3,3,430000
4,RIAU,79,KAB. INDRAGIRI HILIR,879,Gaung,16,16,16,0,0,0,0,0,0,0,0,0,0,0
4,RIAU,79,KAB. INDRAGIRI HILIR,873,Gaung Anak Serka,12,12,12,1,0,164,18025000,38500000,77,77,1050000,36,105,39550000
4,RIAU,79,KAB. INDRAGIRI HILIR,875,Kateman,11,11,11,3,0,0,0,0,0,0,0,0,0,0
4,RIAU,79,KAB. INDRAGIRI HILIR,886,Kempas,12,12,12,5,0,0,0,0,0,0,0,0,0,0
4,RIAU,79,KAB. INDRAGIRI HILIR,881,Kemuning,12,12,12,7,0,0,0,0,0,0,0,0,0,0
4,RIAU,79,KAB. INDRAGIRI HILIR,876,Keritang,17,17,17,7,0,0,0,29845000,156,156,55000,10,10,29900000
4,RIAU,79,KAB. INDRAGIRI HILIR,870,Kuala Indragiri,8,8,8,1,0,0,0,0,0,0,0,0,0,0
4,RIAU,79,KAB. INDRAGIRI HILIR,874,Mandah,17,17,17,4,0,0,0,0,0,0,0,0,0,0
4,RIAU,79,KAB. INDRAGIRI HILIR,882,Pelangiran,16,16,16,6,0,0,0,0,0,0,300000,1,1,300000
4,RIAU,79,KAB. INDRAGIRI HILIR,884,Pulau Burung,14,14,14,4,0,0,0,63000000,21,21,1920000,21,96,64920000
4,RIAU,79,KAB. INDRAGIRI HILIR,868,Reteh,14,14,14,7,0,0,0,0,0,0,0,0,0,0
4,RIAU,79,KAB. INDRAGIRI HILIR,887,Sungai Batang,8,8,8,6,0,0,0,0,0,0,0,0,0,0
4,RIAU,79,KAB. INDRAGIRI HILIR,877,Tanah Merah,10,10,10,1,0,0,0,26400000,44,44,3300000,78,165,29700000
4,RIAU,79,KAB. INDRAGIRI HILIR,883,Teluk Belengkong,13,13,13,2,0,0,0,800000,32,32,50000,10,10,850000
4,RIAU,79,KAB. INDRAGIRI HILIR,871,Tembilahan,8,8,8,2,0,0,0,2250000,45,45,0,0,0,2250000
4,RIAU,79,KAB. INDRAGIRI HILIR,880,Tembilahan Hulu,6,6,6,2,0,0,0,150000,3,3,0,0,0,150000
4,RIAU,79,KAB. INDRAGIRI HILIR,872,Tempuling,10,10,10,5,0,0,0,4800000,48,48,1780000,47,89,6580000
4,RIAU,77,KAB. INDRAGIRI HULU,859,Batang Cenaku,20,20,20,17,0,0,0,1900000,38,38,540000,36,54,2440000
4,RIAU,77,KAB. INDRAGIRI HULU,860,Batang Gansal,10,10,10,4,0,0,0,0,0,0,0,0,0,0
4,RIAU,77,KAB. INDRAGIRI HULU,866,Batang Peranap,10,9,10,2,0,0,0,0,0,0,0,0,0,0
4,RIAU,77,KAB. INDRAGIRI HULU,855,Kelayang,17,17,17,11,0,0,0,0,0,0,0,0,0,0
4,RIAU,77,KAB. INDRAGIRI HULU,862,Kuala Cenaku,10,10,10,1,0,0,0,710000,29,29,1215000,27,243,1925000
4,RIAU,77,KAB. INDRAGIRI HULU,861,Lirik,16,16,16,6,0,0,0,2600000,26,26,0,0,0,2600000
4,RIAU,77,KAB. INDRAGIRI HULU,864,Lubuk Batu Jaya,9,9,9,2,0,10,4100000,110000,11,11,0,0,0,110000
4,RIAU,77,KAB. INDRAGIRI HULU,856,Pasir Penyu,13,12,13,6,0,0,0,800000,16,16,0,0,0,800000
4,RIAU,77,KAB. INDRAGIRI HULU,857,Peranap,12,12,12,2,0,0,0,0,0,0,0,0,0,0
4,RIAU,77,KAB. INDRAGIRI HULU,865,Rakit Kulim,19,19,19,1,0,0,0,0,0,0,0,0,0,0
4,RIAU,77,KAB. INDRAGIRI HULU,853,Rengat,16,16,16,5,0,0,0,650000,27,27,10000,1,1,660000
4,RIAU,77,KAB. INDRAGIRI HULU,854,Rengat Barat,18,18,18,6,0,0,0,0,0,0,0,0,0,0
4,RIAU,77,KAB. INDRAGIRI HULU,858,Seberida,11,11,11,9,0,1600,22000000,1090000,29,35,990000,15,36,2080000
4,RIAU,77,KAB. INDRAGIRI HULU,863,Sungai Lala,12,12,12,2,0,0,0,6100000,61,61,1640000,25,164,7740000
4,RIAU,76,KAB. KAMPAR,846,Bangkinang,9,9,9,4,0,0,0,2650000,41,41,720000,37,58,3370000
4,RIAU,76,KAB. KAMPAR,832,Bangkinang Kota,4,4,4,4,0,0,0,0,5,5,0,0,0,0
4,RIAU,76,KAB. KAMPAR,851,Gunung Sahilan,9,9,9,8,0,0,0,4550000,91,91,4920000,87,493,9470000
4,RIAU,76,KAB. KAMPAR,848,Kampa,9,9,9,6,0,0,0,0,0,0,0,0,0,0
4,RIAU,76,KAB. KAMPAR,833,Kampar,18,18,18,14,0,0,0,7540000,170,170,5730000,128,373,13270000
4,RIAU,76,KAB. KAMPAR,838,Kampar Kiri,20,20,20,11,0,0,0,5300,53,53,80000,8,8,85300
4,RIAU,76,KAB. KAMPAR,839,Kampar Kiri Hilir,8,8,8,6,0,0,0,14015000,105,105,1460000,88,146,15475000
4,RIAU,76,KAB. KAMPAR,840,Kampar Kiri Hulu,24,24,24,2,0,0,0,0,0,0,0,0,0,0
4,RIAU,76,KAB. KAMPAR,850,Kampar Kiri Tengah,11,11,11,9,0,0,0,7400000,74,74,3600000,72,360,11000000
4,RIAU,76,KAB. KAMPAR,849,Kampar Utara,8,8,8,2,0,0,0,0,0,0,0,0,0,0
4,RIAU,76,KAB. KAMPAR,852,Koto Kampar Hulu,6,6,6,4,0,0,0,11700000,117,117,0,0,0,11700000
4,RIAU,76,KAB. KAMPAR,836,Kuok,9,9,9,4,0,0,0,3650000,37,37,830000,32,83,4480000
4,RIAU,76,KAB. KAMPAR,847,Perhentian Raja,5,5,5,3,0,0,0,5250000,53,53,0,0,0,5250000
4,RIAU,76,KAB. KAMPAR,845,Rumbio Jaya,7,7,7,4,0,0,0,900000,9,9,60000,6,6,960000
4,RIAU,76,KAB. KAMPAR,844,Salo,6,6,6,3,0,0,0,10100000,115,115,580000,59,59,10680000
4,RIAU,76,KAB. KAMPAR,837,Siak Hulu,12,12,12,9,0,0,0,14550000,224,224,1800000,79,180,16350000
4,RIAU,76,KAB. KAMPAR,834,Tambang,17,17,17,11,0,0,0,11300000,122,122,2040000,22,102,13340000
4,RIAU,76,KAB. KAMPAR,841,Tapung,25,25,25,19,0,0,0,18500000,310,310,8520000,150,885,27020000
4,RIAU,76,KAB. KAMPAR,842,Tapung Hilir,16,16,16,9,0,0,0,17850000,202,202,2100000,47,210,19950000
4,RIAU,76,KAB. KAMPAR,843,Tapung Hulu,14,14,14,6,0,0,0,16930000,188,188,4400000,164,440,21330000
4,RIAU,76,KAB. KAMPAR,835,XIII Koto Kampar,13,13,13,12,0,0,0,27000000,135,135,0,0,0,27000000
4,RIAU,84,KAB. KEPULAUAN MERANTI,958,Merbau,11,11,11,2,0,0,0,0,0,0,0,0,0,0
4,RIAU,84,KAB. KEPULAUAN MERANTI,959,Pulaumerbau,11,11,11,7,0,0,0,686878,2,2,5000,1,1,691878
4,RIAU,84,KAB. KEPULAUAN MERANTI,956,Rangsang,14,14,14,5,0,0,0,1600000,32,32,440000,29,88,2040000
4,RIAU,84,KAB. KEPULAUAN MERANTI,955,Rangsang Barat,12,12,12,11,0,0,0,450000,9,9,45000,7,9,495000
4,RIAU,84,KAB. KEPULAUAN MERANTI,962,Rangsang Pesisir,11,11,11,10,0,0,0,315000,9,9,45000,9,9,360000
4,RIAU,84,KAB. KEPULAUAN MERANTI,961,Tasik Putri Puyu,10,10,10,1,0,0,0,0,0,0,0,0,0,0
4,RIAU,84,KAB. KEPULAUAN MERANTI,954,Tebing Tinggi,9,9,9,4,0,0,0,0,0,0,0,0,0,0
4,RIAU,84,KAB. KEPULAUAN MERANTI,957,Tebing Tinggi Barat,14,14,14,14,0,0,0,290000,9,9,50000,5,5,340000
4,RIAU,84,KAB. KEPULAUAN MERANTI,960,Tebing Tinggi Timur,10,10,10,4,0,0,0,0,0,0,0,0,0,0
4,RIAU,75,KAB. KUANTAN SINGINGI,828,Benai,16,16,16,12,0,0,0,200000,4,4,30000,4,4,230000
4,RIAU,75,KAB. KUANTAN SINGINGI,947,Cerenti,13,13,13,4,0,0,0,700000,14,14,0,0,0,700000
4,RIAU,75,KAB. KUANTAN SINGINGI,829,Gunungtoar,14,14,14,10,0,0,0,0,0,0,0,0,0,0
4,RIAU,75,KAB. KUANTAN SINGINGI,831,Hulu Kuantan,12,12,12,5,0,0,0,20000,1,1,5000,1,1,25000
4,RIAU,75,KAB. KUANTAN SINGINGI,950,Inuman,14,14,14,7,0,0,0,0,0,0,0,0,0,0
4,RIAU,75,KAB. KUANTAN SINGINGI,827,Kuantan Hilir,16,16,16,12,0,0,0,0,0,0,0,0,0,0
4,RIAU,75,KAB. KUANTAN SINGINGI,951,Kuantan Hilir Seberang,14,14,14,6,0,0,0,0,0,0,0,0,0,0
4,RIAU,75,KAB. KUANTAN SINGINGI,824,Kuantan Mudik,24,24,24,5,0,0,0,0,0,0,0,0,0,0
4,RIAU,75,KAB. KUANTAN SINGINGI,825,Kuantan Tengah,23,23,23,18,0,0,0,4000000,80,80,2975000,74,316,6975000
4,RIAU,75,KAB. KUANTAN SINGINGI,949,Logas Tanah Darat,15,15,15,8,0,0,0,430000,43,43,1075000,43,215,1505000
4,RIAU,75,KAB. KUANTAN SINGINGI,948,Pangean,17,17,17,8,0,0,0,300000,6,6,35000,7,7,335000
4,RIAU,75,KAB. KUANTAN SINGINGI,953,Pucuk Rantau,10,10,10,7,0,0,0,5950000,118,118,1750000,99,174,7700000
4,RIAU,75,KAB. KUANTAN SINGINGI,952,Sentajo Raya,15,15,15,10,0,0,0,1130000,93,93,940000,89,188,2070000
4,RIAU,75,KAB. KUANTAN SINGINGI,826,Singingi,14,14,14,8,0,0,0,690000,45,45,350000,43,64,1040000
4,RIAU,75,KAB. KUANTAN SINGINGI,830,Singingi Hilir,12,12,12,9,0,0,0,0,0,0,0,0,0,0
4,RIAU,80,KAB. PELALAWAN,898,Bandar Petalangan,12,11,12,8,0,0,0,1200000,24,24,2110000,22,108,3310000
4,RIAU,80,KAB. PELALAWAN,6749,Bandar Sei Kijang,5,5,5,2,0,0,0,0,0,0,0,0,0,0
4,RIAU,80,KAB. PELALAWAN,895,Bunut,10,10,10,2,0,0,0,0,0,0,0,0,0,0
4,RIAU,80,KAB. PELALAWAN,894,Kerumutan,10,10,10,4,0,0,0,4600000,92,92,565000,87,87,5165000
4,RIAU,80,KAB. PELALAWAN,897,Kuala Kampar,10,10,10,0,0,0,0,0,0,0,0,0,0,0
4,RIAU,80,KAB. PELALAWAN,892,Langgam,8,8,8,5,0,0,0,0,0,0,0,0,0,0
4,RIAU,80,KAB. PELALAWAN,889,Pangkalan Kerinci,7,7,7,6,0,0,0,1105000,23,23,120000,22,24,1225000
4,RIAU,80,KAB. PELALAWAN,890,Pangkalan Kuras,17,17,17,11,0,0,0,0,0,0,0,0,0,0
4,RIAU,80,KAB. PELALAWAN,891,Pangkalan Lesung,10,10,10,8,0,0,0,6450000,129,129,3440000,114,444,9890000
4,RIAU,80,KAB. PELALAWAN,893,Pelalawan,9,9,9,9,0,0,0,0,0,0,0,0,0,0
4,RIAU,80,KAB. PELALAWAN,896,Teluk Meranti,9,9,9,0,0,0,0,2350000,47,47,3160000,46,316,5510000
4,RIAU,80,KAB. PELALAWAN,888,Ukui,12,12,12,11,0,0,0,50000,1,1,0,0,0,50000
4,RIAU,82,KAB. ROKAN HILIR,919,Bagansinembah,14,14,14,10,0,0,0,3120000,35,35,15000,2,2,3135000
4,RIAU,82,KAB. ROKAN HILIR,931,Bagan Sinembah Raya,10,10,10,3,0,0,0,2100000,42,42,660000,42,66,2760000
4,RIAU,82,KAB. ROKAN HILIR,932,Balai Jaya,11,11,11,5,0,0,0,0,0,0,0,0,0,0
4,RIAU,82,KAB. ROKAN HILIR,916,Bangko,15,15,15,15,0,0,0,3900000,22,22,280000,11,28,4180000
4,RIAU,82,KAB. ROKAN HILIR,924,Bangko Pusako,16,16,16,8,0,0,0,0,0,0,100000,1,1,100000
4,RIAU,82,KAB. ROKAN HILIR,926,Batu Hampar,5,5,5,5,0,0,0,0,0,0,0,0,0,0
4,RIAU,82,KAB. ROKAN HILIR,915,Kubu,10,10,10,10,0,0,0,400000,8,8,35000,7,7,435000
4,RIAU,82,KAB. ROKAN HILIR,929,Kubu Babussalam,12,12,12,12,0,0,0,0,0,0,10000,1,1,10000
4,RIAU,82,KAB. ROKAN HILIR,920,Pasir Limau Kapas,8,8,8,4,0,0,0,0,0,0,0,0,0,0
4,RIAU,82,KAB. ROKAN HILIR,928,Pekaitan,10,10,10,6,0,0,0,0,0,0,0,0,0,0
4,RIAU,82,KAB. ROKAN HILIR,922,Pujud,11,11,11,11,0,0,0,0,0,0,0,0,0,0
4,RIAU,82,KAB. ROKAN HILIR,927,Rantau Kopar,4,4,4,4,0,0,0,0,0,0,0,0,0,0
4,RIAU,82,KAB. ROKAN HILIR,918,Rimba Melintang,12,12,12,7,0,0,0,3750000,75,75,330000,64,66,4080000
4,RIAU,82,KAB. ROKAN HILIR,925,Simpang Kanan,6,6,6,3,0,0,0,88100000,23,23,0,0,0,88100000
4,RIAU,82,KAB. ROKAN HILIR,921,Sinaboi,6,6,6,6,0,0,0,0,0,0,0,0,0,0
4,RIAU,82,KAB. ROKAN HILIR,917,Tanah Putih,17,17,17,17,0,0,0,0,0,0,0,0,0,0
4,RIAU,82,KAB. ROKAN HILIR,923,Tanah Putih Tanjung Melawan,6,6,6,6,0,0,0,0,0,0,0,0,0,0
4,RIAU,82,KAB. ROKAN HILIR,930,Tanjung Medan,12,12,12,10,0,0,0,0,0,0,0,0,0,0
4,RIAU,81,KAB. ROKAN HULU,908,Bangun Purba,7,7,7,4,0,179,3917000,850000,17,17,125000,8,8,975000
4,RIAU,81,KAB. ROKAN HULU,911,Bonai Darussalam,7,7,7,5,0,0,0,0,0,0,0,0,0,0
4,RIAU,81,KAB. ROKAN HULU,910,Kabun,6,6,6,4,0,0,0,10900000,109,109,0,0,0,10900000
4,RIAU,81,KAB. ROKAN HULU,903,Kepenuhan,10,10,10,10,0,0,0,12850000,179,179,2550000,122,337,15400000
4,RIAU,81,KAB. ROKAN HULU,913,Kepenuhan Hulu,5,5,5,3,0,0,0,7650000,153,153,7950000,153,765,15600000
4,RIAU,81,KAB. ROKAN HULU,904,Kunto Darussalam,10,10,10,6,0,0,0,0,0,0,0,0,0,0
4,RIAU,81,KAB. ROKAN HULU,912,Pagaran Tapah Darussalam,3,3,3,2,0,0,0,0,0,0,0,0,0,0
4,RIAU,81,KAB. ROKAN HULU,914,Pendalian IV Koto,5,5,5,4,0,0,0,4400000,44,44,1790000,43,179,6190000
4,RIAU,81,KAB. ROKAN HULU,901,Rambah,14,14,14,4,0,0,0,3800000,76,76,670000,65,134,4470000
4,RIAU,81,KAB. ROKAN HULU,906,Rambah Hilir,13,13,13,6,0,37700,39956000,3900000,67,67,3260000,65,326,7160000
4,RIAU,81,KAB. ROKAN HULU,905,Rambah Samo,14,14,14,11,0,0,0,14700000,155,155,3920000,119,434,18620000
4,RIAU,81,KAB. ROKAN HULU,900,Rokan IV Koto,14,14,14,11,0,0,0,1200000,12,12,250000,13,13,1450000
4,RIAU,81,KAB. ROKAN HULU,902,Tambusai,12,12,12,9,0,3,54000,250000,4,4,95000,4,4,345000
4,RIAU,81,KAB. ROKAN HULU,907,Tambusai Utara,11,11,11,8,0,0,0,22920000,229,229,3260000,227,326,26180000
4,RIAU,81,KAB. ROKAN HULU,909,Tandun,9,9,9,7,0,0,0,200000,2,2,10000,1,1,210000
4,RIAU,81,KAB. ROKAN HULU,899,Ujung Batu,5,5,5,4,0,0,0,11300000,166,166,3810000,195,196,15110000
4,RIAU,83,KAB. SIAK,940,Bunga Raya,10,10,10,10,0,0,0,0,0,0,10000,1,1,10000
4,RIAU,83,KAB. SIAK,938,Dayun,11,11,11,9,0,0,0,3990000,46,46,1450000,45,201,5440000
4,RIAU,83,KAB. SIAK,942,Kandis,11,11,11,9,0,0,0,0,0,0,20000,1,1,20000
4,RIAU,83,KAB. SIAK,939,Kerinci Kanan,12,12,12,10,0,0,0,2780000,120,120,1120000,88,224,3900000
4,RIAU,83,KAB. SIAK,941,Koto Gasib,11,11,11,8,0,0,0,765000,17,17,70000,14,14,835000
4,RIAU,83,KAB. SIAK,943,Lubuk Dalam,8,7,7,6,0,0,0,700000,14,14,0,0,0,700000
4,RIAU,83,KAB. SIAK,945,Mempura,8,8,8,5,0,0,0,0,0,0,0,0,0,0
4,RIAU,83,KAB. SIAK,935,Minas,5,5,5,4,0,0,0,650000,13,13,180000,13,18,830000
4,RIAU,83,KAB. SIAK,946,Pusako,7,7,7,7,0,0,0,0,0,0,0,0,0,0
4,RIAU,83,KAB. SIAK,944,Sabak Auh,8,8,8,5,0,0,0,0,0,0,0,0,0,0
4,RIAU,83,KAB. SIAK,933,Siak,8,8,8,4,0,0,0,0,0,0,0,0,0,0
4,RIAU,83,KAB. SIAK,934,Sungai Apit,15,15,15,7,0,0,0,0,0,0,0,0,0,0
4,RIAU,83,KAB. SIAK,937,Sungai Mandau,9,9,9,5,0,0,0,0,0,0,0,0,0,0
4,RIAU,83,KAB. SIAK,936,Tualang,9,9,9,9,0,0,0,10850000,225,225,8940000,371,1013,19790000
4,RIAU,86,KOTA DUMAI,980,Bukit Kapur,7,7,7,7,0,0,0,0,0,0,0,0,0,0
4,RIAU,86,KOTA DUMAI,978,Dumai Barat,4,4,4,4,0,0,0,0,0,0,0,0,0,0
4,RIAU,86,KOTA DUMAI,983,Dumai Kota,5,5,5,3,0,0,0,0,0,0,0,0,0,0
4,RIAU,86,KOTA DUMAI,984,Dumai Selatan,5,5,5,5,0,0,0,3600000,72,72,0,0,0,3600000
4,RIAU,86,KOTA DUMAI,979,Dumai Timur,5,5,5,5,0,0,0,1200000,6,6,1000000,5,20,2200000
4,RIAU,86,KOTA DUMAI,982,Medang Kampai,4,4,4,4,0,0,0,0,0,0,0,0,0,0
4,RIAU,86,KOTA DUMAI,981,Sungai Sembilan,6,6,6,6,0,0,0,0,0,0,0,0,0,0
4,RIAU,85,KOTA PEKANBARU,970,Binawidya,5,5,5,5,0,0,0,0,0,0,0,0,0,0
4,RIAU,85,KOTA PEKANBARU,969,Bukit Raya,5,5,5,5,0,120,1860000,5900000,59,59,1210000,11,121,7110000
4,RIAU,85,KOTA PEKANBARU,976,Kulim,5,5,5,5,0,0,0,0,0,0,0,0,0,0
4,RIAU,85,KOTA PEKANBARU,966,Lima Puluh,4,4,4,4,0,0,0,0,0,0,0,0,0,0
4,RIAU,85,KOTA PEKANBARU,971,Marpoyan Damai,6,6,6,6,0,0,0,410000,7,7,0,0,0,410000
4,RIAU,85,KOTA PEKANBARU,973,Payung Sekaki,6,6,6,5,0,0,0,150000,1,1,0,0,0,150000
4,RIAU,85,KOTA PEKANBARU,964,Pekanbaru Kota,6,6,6,6,0,0,0,0,0,0,0,0,0,0
4,RIAU,85,KOTA PEKANBARU,974,Rumbai,6,6,6,6,0,0,0,0,0,0,0,0,0,0
4,RIAU,85,KOTA PEKANBARU,968,Rumbai Barat,6,6,6,6,0,0,0,0,0,0,0,0,0,0
4,RIAU,85,KOTA PEKANBARU,977,Rumbai Timur,5,5,5,5,0,0,0,0,0,0,0,0,0,0
4,RIAU,85,KOTA PEKANBARU,965,Sail,3,3,3,3,0,0,0,0,0,0,0,0,0,0
4,RIAU,85,KOTA PEKANBARU,967,Senapelan,6,6,6,6,0,0,0,0,0,0,0,0,0,0
4,RIAU,85,KOTA PEKANBARU,963,Sukajadi,7,7,7,7,0,0,0,2300000,42,42,1290000,44,69,3590000
4,RIAU,85,KOTA PEKANBARU,972,Tenayan Raya,8,8,8,7,0,0,0,1900000,71,71,2580000,57,258,4480000
4,RIAU,85,KOTA PEKANBARU,975,Tuahmadani,5,5,5,5,0,0,0,2000000,40,40,730000,43,73,2730000
30,SULAWESI BARAT,439,KAB. MAJENE,5789,Banggae,8,8,8,8,0,1134,21012000,4550000,90,90,5220000,85,522,9770000
30,SULAWESI BARAT,439,KAB. MAJENE,5796,Banggae Timur,9,9,9,9,0,0,0,0,0,0,0,0,0,0
30,SULAWESI BARAT,439,KAB. MAJENE,5792,Malunda,12,12,12,12,0,0,0,28200000,249,249,10000,1,1,28210000
30,SULAWESI BARAT,439,KAB. MAJENE,5790,Pamboang,15,15,15,15,0,0,0,3550000,40,40,290000,8,56,3840000
30,SULAWESI BARAT,439,KAB. MAJENE,5791,Sendana,16,16,16,16,0,0,0,29950000,200,201,3275000,81,223,33225000
30,SULAWESI BARAT,439,KAB. MAJENE,5794,Tammerodo Sendana,7,7,7,7,0,0,0,6850000,71,71,1160000,10,58,8010000
30,SULAWESI BARAT,439,KAB. MAJENE,5795,Tubo Sendana,7,7,7,7,0,0,0,2875000,51,51,2930000,48,233,5805000
30,SULAWESI BARAT,439,KAB. MAJENE,5793,Ulumanda,8,8,8,8,0,0,0,0,0,0,0,0,0,0
30,SULAWESI BARAT,437,KAB. MAMASA,5757,Aralle,12,12,12,8,0,0,0,5005000,400,400,4495000,206,491,9500000
30,SULAWESI BARAT,437,KAB. MAMASA,5767,Balla,8,8,8,8,0,0,0,280000,14,14,180000,14,18,460000
30,SULAWESI BARAT,437,KAB. MAMASA,5766,Bambang,20,20,20,19,0,0,0,0,0,0,0,0,0,0
30,SULAWESI BARAT,437,KAB. MAMASA,5771,Buntumalangka,11,11,11,11,0,0,0,1910000,199,199,796000,128,398,2706000
30,SULAWESI BARAT,437,KAB. MAMASA,5758,Mamasa,12,12,12,9,0,0,0,4395000,159,159,2195000,63,223,6590000
30,SULAWESI BARAT,437,KAB. MAMASA,5756,Mambi,13,13,13,12,0,0,0,0,0,0,0,0,0,0
30,SULAWESI BARAT,437,KAB. MAMASA,5772,Mehalaan,11,11,11,7,0,0,0,500000,9,9,55000,7,11,555000
30,SULAWESI BARAT,437,KAB. MAMASA,5762,Messawa,9,9,9,4,0,0,0,0,0,0,0,0,0,0
30,SULAWESI BARAT,437,KAB. MAMASA,5768,Nosu,7,7,7,2,0,0,0,0,0,0,0,0,0,0
30,SULAWESI BARAT,437,KAB. MAMASA,5759,Pana,13,13,13,4,0,0,0,0,0,0,0,0,0,0
30,SULAWESI BARAT,437,KAB. MAMASA,5770,Rantebulahan Timur,8,8,8,8,0,0,0,3800000,96,96,879000,65,438,4679000
30,SULAWESI BARAT,437,KAB. MAMASA,5763,Sesenapadang,10,10,10,10,0,0,0,20000,1,1,30000,3,3,50000
30,SULAWESI BARAT,437,KAB. MAMASA,5761,Sumarorong,10,10,10,9,0,0,0,525000,21,21,110000,21,22,635000
30,SULAWESI BARAT,437,KAB. MAMASA,5765,Tabang,7,7,7,3,0,0,0,0,0,0,0,0,0,0
30,SULAWESI BARAT,437,KAB. MAMASA,5760,Tabulahan,14,14,14,11,0,0,0,340000,68,68,0,0,0,340000
30,SULAWESI BARAT,437,KAB. MAMASA,5764,Tanduk Kalua,12,12,12,10,0,0,0,1400000,70,70,150000,30,30,1550000
30,SULAWESI BARAT,437,KAB. MAMASA,5769,Tawalian,4,4,4,2,0,0,0,25000,1,1,10000,1,1,35000
30,SULAWESI BARAT,436,KAB. MAMUJU,5754,Bonehau,9,9,9,9,0,0,0,0,0,0,0,0,0,0
30,SULAWESI BARAT,436,KAB. MAMUJU,5748,Kalukku,14,14,14,13,0,0,0,650000,13,13,130000,13,13,780000
30,SULAWESI BARAT,436,KAB. MAMUJU,5749,Kalumpang,13,13,13,12,0,0,0,7300000,73,73,0,0,0,7300000
30,SULAWESI BARAT,436,KAB. MAMUJU,5755,Kepulauan Bala Balakang,2,2,2,2,0,0,0,0,0,0,0,0,0,0
30,SULAWESI BARAT,436,KAB. MAMUJU,5746,Mamuju,8,8,8,8,0,0,0,3800000,38,38,620000,23,62,4420000
30,SULAWESI BARAT,436,KAB. MAMUJU,5750,Papalang,9,9,9,9,0,0,0,700000,7,7,280060,7,17,980060
30,SULAWESI BARAT,436,KAB. MAMUJU,5751,Sampaga,7,7,7,7,0,0,0,0,0,0,0,0,0,0
30,SULAWESI BARAT,436,KAB. MAMUJU,7089,Simboro,8,8,8,8,0,0,0,0,0,0,0,0,0,0
30,SULAWESI BARAT,436,KAB. MAMUJU,5747,Tapalang,10,10,10,10,0,0,0,13400000,83,83,1095000,43,73,14495000
30,SULAWESI BARAT,436,KAB. MAMUJU,5753,Tapalang Barat,7,7,7,7,0,0,0,6000000,10,10,260000,10,13,6260000
30,SULAWESI BARAT,436,KAB. MAMUJU,5752,Tommo,14,14,14,14,0,0,0,11200000,111,111,0,0,0,11200000
30,SULAWESI BARAT,440,KAB. MAMUJU TENGAH,5799,Budong-Budong,11,11,11,11,0,326,6032500,8150000,10,10,100000,5,5,8250000
30,SULAWESI BARAT,440,KAB. MAMUJU TENGAH,5801,Karossa,11,11,11,11,0,0,0,13900000,139,139,2490000,33,249,16390000
30,SULAWESI BARAT,440,KAB. MAMUJU TENGAH,5798,Pangale,9,9,9,9,0,0,0,0,0,0,0,0,0,0
30,SULAWESI BARAT,440,KAB. MAMUJU TENGAH,5797,Tobadak,8,8,8,8,0,785,21080000,10200000,102,102,15060000,101,753,25260000
30,SULAWESI BARAT,440,KAB. MAMUJU TENGAH,5800,Topoyo,15,15,15,15,0,1384,33396368,7500000,75,75,9300000,74,930,16800000
30,SULAWESI BARAT,513,KAB. PASANGKAYU,7086,Bambaira,4,4,4,3,0,0,0,50000,1,1,0,0,0,50000
30,SULAWESI BARAT,513,KAB. PASANGKAYU,7077,Bambalamotu,6,6,6,5,0,0,0,100000,1,1,20000,3,3,120000
30,SULAWESI BARAT,513,KAB. PASANGKAYU,7079,Baras,6,5,6,2,0,0,0,0,0,0,0,0,0,0
30,SULAWESI BARAT,513,KAB. PASANGKAYU,7083,Bulu Taba,7,7,7,5,0,0,0,4400000,44,44,440000,44,44,4840000
30,SULAWESI BARAT,513,KAB. PASANGKAYU,7081,Dapurang,5,5,5,5,0,0,0,300000,3,3,90000,3,9,390000
30,SULAWESI BARAT,513,KAB. PASANGKAYU,7082,Duripoku,4,4,4,4,0,0,0,1200000,24,24,35000,7,7,1235000
30,SULAWESI BARAT,513,KAB. PASANGKAYU,7088,Lariang,7,7,7,5,0,0,0,0,0,0,0,0,0,0
30,SULAWESI BARAT,513,KAB. PASANGKAYU,7078,Pasangkayu,6,6,6,4,0,0,0,0,0,0,0,0,0,0
30,SULAWESI BARAT,513,KAB. PASANGKAYU,7085,Pedongga,4,4,4,3,0,0,0,0,0,0,0,0,0,0
30,SULAWESI BARAT,513,KAB. PASANGKAYU,7087,Sarjo,4,4,4,2,0,0,0,0,0,0,0,0,0,0
30,SULAWESI BARAT,513,KAB. PASANGKAYU,7080,Sarudu,5,5,5,4,0,0,0,0,0,0,0,0,0,0
30,SULAWESI BARAT,513,KAB. PASANGKAYU,7084,Tikke Raya,5,5,5,4,0,0,0,0,0,0,0,0,0,0
30,SULAWESI BARAT,438,KAB. POLEWALI MANDAR,5787,Allu,8,8,8,6,0,0,0,0,0,0,0,0,0,0
30,SULAWESI BARAT,438,KAB. POLEWALI MANDAR,5785,Anreapi,5,5,5,4,0,0,0,0,0,0,0,0,0,0
30,SULAWESI BARAT,438,KAB. POLEWALI MANDAR,5784,Balanipa,11,11,11,0,0,0,0,0,0,0,0,0,0,0
30,SULAWESI BARAT,438,KAB. POLEWALI MANDAR,5778,Binuang,10,10,10,7,0,0,0,300000,3,3,20000,1,1,320000
30,SULAWESI BARAT,438,KAB. POLEWALI MANDAR,5788,Bulo,9,9,9,3,0,0,0,0,0,0,0,0,0,0
30,SULAWESI BARAT,438,KAB. POLEWALI MANDAR,5774,Campalagian,18,18,18,12,0,0,0,1200000,23,23,1140000,23,112,2340000
30,SULAWESI BARAT,438,KAB. POLEWALI MANDAR,5783,Limboro,11,11,11,4,0,0,0,1700000,17,17,0,0,0,1700000
30,SULAWESI BARAT,438,KAB. POLEWALI MANDAR,5782,Luyo,11,11,11,10,0,0,0,0,0,0,0,0,0,0
30,SULAWESI BARAT,438,KAB. POLEWALI MANDAR,5780,Mapilli,12,12,12,8,0,0,0,0,0,0,0,0,0,0
30,SULAWESI BARAT,438,KAB. POLEWALI MANDAR,5786,Matakali,7,7,7,5,0,0,0,0,0,0,0,0,0,0
30,SULAWESI BARAT,438,KAB. POLEWALI MANDAR,5781,Matangnga,7,7,7,3,0,0,0,0,0,0,0,0,0,0
30,SULAWESI BARAT,438,KAB. POLEWALI MANDAR,5776,Polewali,9,9,9,6,0,0,0,0,0,0,0,0,0,0
30,SULAWESI BARAT,438,KAB. POLEWALI MANDAR,5779,Tapango,14,14,14,6,0,0,0,0,0,0,0,0,0,0
30,SULAWESI BARAT,438,KAB. POLEWALI MANDAR,5773,Tinambung,8,8,8,4,0,0,0,0,0,0,0,0,0,0
30,SULAWESI BARAT,438,KAB. POLEWALI MANDAR,5777,Tutar,13,13,13,6,0,0,0,0,0,0,0,0,0,0
30,SULAWESI BARAT,438,KAB. POLEWALI MANDAR,5775,Wonomulyo,14,14,14,8,0,0,0,0,0,0,0,0,0,0
27,SULAWESI SELATAN,393,KAB. BANTAENG,5222,Bantaeng,9,9,9,9,0,0,0,0,0,0,0,0,0,0
27,SULAWESI SELATAN,393,KAB. BANTAENG,5221,Bissappu,11,11,11,11,0,0,0,5100000,51,51,0,0,0,5100000
27,SULAWESI SELATAN,393,KAB. BANTAENG,5223,Eremerasa,9,9,9,9,0,0,0,0,0,0,0,0,0,0
27,SULAWESI SELATAN,393,KAB. BANTAENG,5227,Gantarang Keke,6,6,6,6,0,0,0,2400000,24,24,0,0,0,2400000
27,SULAWESI SELATAN,393,KAB. BANTAENG,5225,Pajukukang,10,10,10,10,0,0,0,0,0,0,0,0,0,0
27,SULAWESI SELATAN,393,KAB. BANTAENG,5228,Sinoa,6,6,6,6,0,0,0,0,0,0,0,0,0,0
27,SULAWESI SELATAN,393,KAB. BANTAENG,5224,Tompo Bulu,10,10,10,10,0,0,0,0,0,0,0,0,0,0
27,SULAWESI SELATAN,393,KAB. BANTAENG,5226,Uluere,6,6,6,6,0,0,0,2000000,20,20,400000,20,20,2400000
27,SULAWESI SELATAN,400,KAB. BARRU,5314,Balusu,6,6,6,6,0,0,0,200000,2,2,0,0,0,200000
27,SULAWESI SELATAN,400,KAB. BARRU,5310,Barru,10,10,10,10,0,50,200000,12600000,122,122,7140000,60,369,19740000
27,SULAWESI SELATAN,400,KAB. BARRU,5312,Mallusetasi,8,8,8,2,0,0,0,0,0,0,0,0,0,0
27,SULAWESI SELATAN,400,KAB. BARRU,5313,Pujananting,7,7,7,7,0,0,0,100000,1,1,0,0,0,100000
27,SULAWESI SELATAN,400,KAB. BARRU,5311,Soppeng Riaja,7,7,7,6,0,0,0,7880000,72,72,900000,42,45,8780000
27,SULAWESI SELATAN,400,KAB. BARRU,5308,Tanete Riaja,7,7,7,7,0,0,0,15500000,155,155,6040000,141,595,21540000
27,SULAWESI SELATAN,400,KAB. BARRU,5309,Tanete Rilau,10,10,10,10,0,0,0,5050000,90,90,2200000,80,110,7250000
27,SULAWESI SELATAN,398,KAB. BONE,5286,Ajangale,14,14,14,14,0,0,0,1200000,11,11,90000,3,3,1290000
27,SULAWESI SELATAN,398,KAB. BONE,5292,Amali,15,15,15,13,0,0,0,17100000,126,126,7870000,119,394,24970000
27,SULAWESI SELATAN,398,KAB. BONE,5284,Awangpone,18,18,18,18,0,0,0,28902700,316,316,20895680,304,1078,49798380
27,SULAWESI SELATAN,398,KAB. BONE,5277,Barebbo,18,18,18,17,0,971,34819500,33300000,333,333,26040000,274,1302,59340000
27,SULAWESI SELATAN,398,KAB. BONE,5294,Bengo,9,9,9,8,0,0,0,1600000,16,16,300000,13,15,1900000
27,SULAWESI SELATAN,398,KAB. BONE,5269,Bontocani,11,11,11,9,0,0,0,700000,7,7,0,0,0,700000
27,SULAWESI SELATAN,398,KAB. BONE,5288,Cenrana,16,16,16,9,0,0,0,2552700,53,53,692125,51,109,3244825
27,SULAWESI SELATAN,398,KAB. BONE,5278,Cina,12,12,12,10,0,0,0,6450000,64,64,735000,37,37,7185000
27,SULAWESI SELATAN,398,KAB. BONE,5287,Dua Boccoe,22,22,22,22,0,0,0,4200000,22,22,110000,5,5,4310000
27,SULAWESI SELATAN,398,KAB. BONE,5270,Kahu,20,20,20,19,0,0,0,15800000,158,158,12680000,139,605,28480000
27,SULAWESI SELATAN,398,KAB. BONE,5271,Kajuara,18,18,18,16,0,0,0,450,3,3,0,0,0,450
27,SULAWESI SELATAN,398,KAB. BONE,5281,Lamuru,12,12,12,10,0,0,0,4000000,40,40,0,0,0,4000000
27,SULAWESI SELATAN,398,KAB. BONE,5280,Lappariaja,9,8,9,9,0,0,0,3000000,30,30,620000,23,31,3620000
27,SULAWESI SELATAN,398,KAB. BONE,5274,Libureng,20,20,20,18,0,0,0,500000,7,7,20000,1,1,520000
27,SULAWESI SELATAN,398,KAB. BONE,5275,Mare,18,18,18,18,0,0,0,0,0,0,0,0,0,0
27,SULAWESI SELATAN,398,KAB. BONE,5283,Palakka,15,15,15,14,0,0,0,30900000,330,330,28830000,309,1242,59730000
27,SULAWESI SELATAN,398,KAB. BONE,5295,Patimpeng,10,10,10,10,0,0,0,0,0,0,0,0,0,0
27,SULAWESI SELATAN,398,KAB. BONE,5279,Ponre,9,9,9,3,0,0,0,4200000,42,42,2620000,29,131,6820000
27,SULAWESI SELATAN,398,KAB. BONE,5272,Salomekko,8,8,8,8,0,0,0,100000,2,2,0,0,0,100000
27,SULAWESI SELATAN,398,KAB. BONE,5276,Sibulue,20,20,20,17,0,0,0,5600000,56,56,3280000,55,164,8880000
27,SULAWESI SELATAN,398,KAB. BONE,5289,Tanete Riattang,8,8,8,8,0,0,0,100000,1,1,0,0,0,100000
27,SULAWESI SELATAN,398,KAB. BONE,5290,Tanete Riattang Barat,8,8,8,8,0,0,0,1000000,20,20,20000,1,1,1020000
27,SULAWESI SELATAN,398,KAB. BONE,5291,Tanete Riattang Timur,8,8,8,8,0,0,0,0,0,0,0,0,0,0
27,SULAWESI SELATAN,398,KAB. BONE,5293,Tellulimpoe,11,11,11,6,0,0,0,200000,2,2,0,0,0,200000
27,SULAWESI SELATAN,398,KAB. BONE,5285,Tellu Siattinge,17,17,17,17,0,0,0,20700000,113,113,5410000,124,240,26110000
27,SULAWESI SELATAN,398,KAB. BONE,5273,Tonra,11,11,11,9,0,0,0,19000000,38,38,25250000,38,505,44250000
27,SULAWESI SELATAN,398,KAB. BONE,5282,Ulaweng,15,15,15,14,0,0,0,10800000,108,108,1600000,80,80,12400000
27,SULAWESI SELATAN,392,KAB. BULUKUMBA,5213,Bonto Bahari,8,8,8,3,0,0,0,0,0,0,0,0,0,0
27,SULAWESI SELATAN,392,KAB. BULUKUMBA,5214,Bonto Tiro,13,13,13,12,0,0,0,0,0,0,0,0,0,0
27,SULAWESI SELATAN,392,KAB. BULUKUMBA,5217,Bulukumpa,17,17,17,17,0,10,600000,0,0,0,0,0,0,0
27,SULAWESI SELATAN,392,KAB. BULUKUMBA,7011,Gantarang,21,21,21,17,0,0,0,2100000,21,21,270000,19,27,2370000
27,SULAWESI SELATAN,392,KAB. BULUKUMBA,5215,Herlang,8,8,8,6,0,0,0,0,0,0,0,0,0,0
27,SULAWESI SELATAN,392,KAB. BULUKUMBA,5216,Kajang,19,19,19,18,0,0,0,50000,1,1,0,0,0,50000
27,SULAWESI SELATAN,392,KAB. BULUKUMBA,5218,Kindang,13,13,13,12,0,0,0,200000,2,2,20000,2,2,220000
27,SULAWESI SELATAN,392,KAB. BULUKUMBA,5220,Rilauale,15,15,15,14,0,0,0,0,0,0,0,0,0,0
27,SULAWESI SELATAN,392,KAB. BULUKUMBA,5212,Ujung Bulu,9,9,9,9,0,0,0,0,0,0,0,0,0,0
27,SULAWESI SELATAN,392,KAB. BULUKUMBA,5219,Ujungloe,13,13,13,13,0,81,972000,700000,7,7,940000,9,12,1640000
27,SULAWESI SELATAN,405,KAB. ENREKANG,5361,Alla,8,8,8,7,0,147,2866500,7400000,74,74,3020000,96,304,10420000
27,SULAWESI SELATAN,405,KAB. ENREKANG,5360,Anggeraja,15,15,15,15,0,0,0,0,0,0,0,0,0,0
27,SULAWESI SELATAN,405,KAB. ENREKANG,5359,Baraka,15,15,15,15,0,0,0,0,0,0,0,0,0,0
27,SULAWESI SELATAN,405,KAB. ENREKANG,5368,Baroko,5,5,5,4,0,0,0,0,0,0,0,0,0,0
27,SULAWESI SELATAN,405,KAB. ENREKANG,5362,Bungin,6,6,6,6,0,0,0,0,0,0,0,0,0,0
27,SULAWESI SELATAN,405,KAB. ENREKANG,5366,Buntu Batu,8,8,8,8,0,0,0,0,0,0,0,0,0,0
27,SULAWESI SELATAN,405,KAB. ENREKANG,5363,Cendana,7,7,7,7,0,0,0,0,0,0,0,0,0,0
27,SULAWESI SELATAN,405,KAB. ENREKANG,5364,Curio,11,11,11,11,0,0,0,0,0,0,0,0,0,0
27,SULAWESI SELATAN,405,KAB. ENREKANG,5358,Enrekang,18,18,18,17,0,0,0,300000,4,4,40000,4,4,340000
27,SULAWESI SELATAN,405,KAB. ENREKANG,5357,Maiwa,22,22,22,22,0,0,0,4000165,31,31,0,0,0,4000165
27,SULAWESI SELATAN,405,KAB. ENREKANG,5365,Malua,8,8,8,8,0,0,0,0,0,0,0,0,0,0
27,SULAWESI SELATAN,405,KAB. ENREKANG,5367,Masalle,6,6,6,3,0,0,0,0,0,0,0,0,0,0
27,SULAWESI SELATAN,396,KAB. GOWA,5246,Bajeng,14,14,14,11,0,0,0,0,0,0,0,0,0,0
27,SULAWESI SELATAN,396,KAB. GOWA,5259,Bajeng Barat,7,7,7,6,0,0,0,0,0,0,0,0,0,0
27,SULAWESI SELATAN,396,KAB. GOWA,5256,Barombong,7,7,7,6,0,0,0,0,0,0,0,0,0,0
27,SULAWESI SELATAN,396,KAB. GOWA,5255,Biringbulu,11,11,11,5,0,0,0,0,0,0,0,0,0,0
27,SULAWESI SELATAN,396,KAB. GOWA,7020,Bontolempangang,8,8,8,7,0,0,0,0,0,0,0,0,0,0
27,SULAWESI SELATAN,396,KAB. GOWA,5250,Bontomarannu,9,9,9,6,0,0,0,4350000,29,29,1080000,18,54,5430000
27,SULAWESI SELATAN,396,KAB. GOWA,5245,Bontonompo,14,14,14,11,0,0,0,2800000,28,28,40000,2,2,2840000
27,SULAWESI SELATAN,396,KAB. GOWA,7021,Bontonompo Selatan,9,9,9,9,0,0,0,11500000,115,115,2300000,115,115,13800000
27,SULAWESI SELATAN,396,KAB. GOWA,5253,Bungaya,7,7,7,7,0,0,0,0,0,0,0,0,0,0
27,SULAWESI SELATAN,396,KAB. GOWA,5257,Manuju,7,7,7,6,0,0,0,0,0,0,0,0,0,0
27,SULAWESI SELATAN,396,KAB. GOWA,5251,Pallangga,17,16,17,16,0,0,0,61550000,380,380,3570000,102,110,65120000
27,SULAWESI SELATAN,396,KAB. GOWA,5249,Parangloe,7,7,7,6,0,0,0,3800000,19,19,0,0,0,3800000
27,SULAWESI SELATAN,396,KAB. GOWA,5258,Parigi,5,5,5,5,0,0,0,0,0,0,0,0,0,0
27,SULAWESI SELATAN,396,KAB. GOWA,7019,Pattallasang,8,8,8,7,0,0,0,0,0,0,0,0,0,0
27,SULAWESI SELATAN,396,KAB. GOWA,5252,Somba Opu,14,14,14,9,0,0,0,600000,6,6,680000,6,34,1280000
27,SULAWESI SELATAN,396,KAB. GOWA,5248,Tinggimoncong,7,7,7,2,0,0,0,0,0,0,0,0,0,0
27,SULAWESI SELATAN,396,KAB. GOWA,5254,Tombolopao,9,9,9,8,0,0,0,0,0,0,0,0,0,0
27,SULAWESI SELATAN,396,KAB. GOWA,5247,Tompobulu,8,8,8,5,0,0,0,0,0,0,0,0,0,0
27,SULAWESI SELATAN,394,KAB. JENEPONTO,5237,Arungkeke,7,7,7,5,0,0,0,0,0,0,0,0,0,0
27,SULAWESI SELATAN,394,KAB. JENEPONTO,5229,Bangkala,14,14,14,14,0,0,0,6800000,68,68,0,0,0,6800000
27,SULAWESI SELATAN,394,KAB. JENEPONTO,5234,Bangkala Barat,8,8,8,6,0,0,0,0,0,0,0,0,0,0
27,SULAWESI SELATAN,394,KAB. JENEPONTO,5232,Batang,6,6,6,6,0,0,0,200000,2,2,25000,1,1,225000
27,SULAWESI SELATAN,394,KAB. JENEPONTO,5231,Binamu,13,13,13,11,0,0,0,0,0,0,0,0,0,0
27,SULAWESI SELATAN,394,KAB. JENEPONTO,5235,Bontoramba,12,12,12,9,0,0,0,500000,5,5,40000,2,2,540000
27,SULAWESI SELATAN,394,KAB. JENEPONTO,5233,Kelara,10,10,10,8,0,0,0,1800000,18,18,0,0,0,1800000
27,SULAWESI SELATAN,394,KAB. JENEPONTO,5238,Rumbia,12,12,12,9,0,0,0,0,0,0,0,0,0,0
27,SULAWESI SELATAN,394,KAB. JENEPONTO,5230,Tamalatea,12,12,12,11,0,21595,167919000,150000,3,3,0,0,0,150000
27,SULAWESI SELATAN,394,KAB. JENEPONTO,7012,Tarowang,8,8,8,6,0,0,0,0,0,0,0,0,0,0
27,SULAWESI SELATAN,394,KAB. JENEPONTO,5236,Turatea,11,11,11,10,0,0,0,5400000,54,54,1175000,41,47,6575000
27,SULAWESI SELATAN,391,KAB. KEPULAUAN SELAYAR,5202,Benteng,3,3,3,1,0,0,0,100000,1,1,10000,1,1,110000
27,SULAWESI SELATAN,391,KAB. KEPULAUAN SELAYAR,5203,Bontoharu,8,8,8,8,0,0,0,5850000,59,59,1020000,43,102,6870000
27,SULAWESI SELATAN,391,KAB. KEPULAUAN SELAYAR,5205,Bontomanai,10,10,10,10,0,0,0,14600000,166,166,170000,17,17,14770000
27,SULAWESI SELATAN,391,KAB. KEPULAUAN SELAYAR,5204,Bontomatene,12,12,12,8,0,0,0,5875000,104,104,2290000,42,229,8165000
27,SULAWESI SELATAN,391,KAB. KEPULAUAN SELAYAR,5206,Bontosikuyu,12,12,12,9,0,212,12699000,7400000,74,74,5000,1,1,7405000
27,SULAWESI SELATAN,391,KAB. KEPULAUAN SELAYAR,5211,Buki,7,7,7,7,0,0,0,0,0,0,0,0,0,0
27,SULAWESI SELATAN,391,KAB. KEPULAUAN SELAYAR,5209,Pasilambena,6,6,6,3,0,0,0,0,0,0,0,0,0,0
27,SULAWESI SELATAN,391,KAB. KEPULAUAN SELAYAR,5207,Pasimarannu,8,8,8,6,0,0,0,0,0,0,0,0,0,0
27,SULAWESI SELATAN,391,KAB. KEPULAUAN SELAYAR,7010,Pasimasunggu,7,7,7,6,0,0,0,0,0,0,0,0,0,0
27,SULAWESI SELATAN,391,KAB. KEPULAUAN SELAYAR,5210,Pasimasunggu Timur,6,6,6,4,0,0,0,650000,4,4,0,0,0,650000
27,SULAWESI SELATAN,391,KAB. KEPULAUAN SELAYAR,5208,Taka Bonerate,9,9,9,8,0,0,0,0,0,0,0,0,0,0
27,SULAWESI SELATAN,406,KAB. LUWU,5372,Bajo,12,12,12,12,0,0,0,2100000,40,40,490000,18,37,2590000
27,SULAWESI SELATAN,406,KAB. LUWU,5388,Bajo Barat,9,9,9,9,0,0,0,0,0,0,20000,1,1,20000
27,SULAWESI SELATAN,406,KAB. LUWU,5369,Basse Sangtempe,12,12,12,9,0,0,0,0,0,0,0,0,0,0
27,SULAWESI SELATAN,406,KAB. LUWU,5390,Basse Sangtempe Utara,12,12,12,1,0,0,0,0,0,0,0,0,0,0
27,SULAWESI SELATAN,406,KAB. LUWU,5375,Belopa,9,9,9,5,0,0,0,1100000,11,11,640000,10,32,1740000
27,SULAWESI SELATAN,406,KAB. LUWU,5382,Belopa Utara,8,8,8,6,0,0,0,0,0,0,0,0,0,0
27,SULAWESI SELATAN,406,KAB. LUWU,5376,Bua,15,15,15,13,0,0,0,600000,12,12,0,0,0,600000
27,SULAWESI SELATAN,406,KAB. LUWU,5373,Bua Ponrang,10,10,10,9,0,0,0,700000,7,7,0,0,0,700000
27,SULAWESI SELATAN,406,KAB. LUWU,5381,Kamanre,8,8,8,8,0,0,0,50000,1,1,0,0,0,50000
27,SULAWESI SELATAN,406,KAB. LUWU,5377,Lamasi,10,10,10,5,0,0,0,300000,3,3,270000,3,27,570000
27,SULAWESI SELATAN,406,KAB. LUWU,5386,Lamasi Timur,9,9,9,0,0,0,0,0,0,0,0,0,0,0
27,SULAWESI SELATAN,406,KAB. LUWU,5370,Larompong,13,13,13,10,0,0,0,560000,11,11,10000,1,1,570000
27,SULAWESI SELATAN,406,KAB. LUWU,5378,Larompong Selatan,10,9,10,9,0,0,0,0,0,0,0,0,0,0
27,SULAWESI SELATAN,406,KAB. LUWU,5380,Latimojong,12,12,12,7,0,0,0,0,0,0,0,0,0,0
27,SULAWESI SELATAN,406,KAB. LUWU,5379,Ponrang,10,10,10,8,0,0,0,0,0,0,0,0,0,0
27,SULAWESI SELATAN,406,KAB. LUWU,5389,Ponrang Selatan,13,13,13,9,0,0,0,0,0,0,0,0,0,0
27,SULAWESI SELATAN,406,KAB. LUWU,5371,Suli,13,13,13,10,0,0,0,50000,1,1,0,0,0,50000
27,SULAWESI SELATAN,406,KAB. LUWU,5387,Suli Barat,8,8,8,4,0,0,0,1550000,16,16,160000,3,7,1710000
27,SULAWESI SELATAN,406,KAB. LUWU,5374,Walenrang,9,9,9,5,0,0,0,0,0,0,0,0,0,0
27,SULAWESI SELATAN,406,KAB. LUWU,5383,Walenrang Barat,6,6,6,4,0,0,0,0,0,0,0,0,0,0
27,SULAWESI SELATAN,406,KAB. LUWU,5385,Walenrang Timur,8,8,8,3,0,0,0,950000,19,19,190000,19,19,1140000
27,SULAWESI SELATAN,406,KAB. LUWU,5384,Walenrang Utara,11,10,11,4,0,0,0,0,0,0,0,0,0,0
27,SULAWESI SELATAN,409,KAB. LUWU TIMUR,5423,Angkona,10,10,10,8,0,0,0,25450000,312,312,13675000,353,847,39125000
27,SULAWESI SELATAN,409,KAB. LUWU TIMUR,5425,Burau,18,18,18,9,0,0,0,5800000,83,83,5780000,67,289,11580000
27,SULAWESI SELATAN,409,KAB. LUWU TIMUR,5428,Kalaena,7,7,7,4,0,0,0,9400000,61,61,2050000,53,178,11450000
27,SULAWESI SELATAN,409,KAB. LUWU TIMUR,5422,Malili,15,15,15,12,0,0,0,23500000,213,213,6035000,154,481,29535000
27,SULAWESI SELATAN,409,KAB. LUWU TIMUR,5419,Mangkutana,11,11,10,6,0,0,0,6700000,43,43,1190000,44,93,7890000
27,SULAWESI SELATAN,409,KAB. LUWU TIMUR,5420,Nuha,5,5,5,2,0,0,0,3200000,32,32,0,0,0,3200000
27,SULAWESI SELATAN,409,KAB. LUWU TIMUR,5426,Tomoni,13,13,13,5,0,0,0,8250000,48,48,380000,11,19,8630000
27,SULAWESI SELATAN,409,KAB. LUWU TIMUR,5427,Tomoni Timur,8,8,8,4,0,0,0,0,0,0,0,0,0,0
27,SULAWESI SELATAN,409,KAB. LUWU TIMUR,5421,Towuti,18,18,18,13,0,15,330000,27600000,317,317,6615000,172,439,34215000
27,SULAWESI SELATAN,409,KAB. LUWU TIMUR,5429,Wasuponda,6,6,6,4,0,0,0,700000,7,7,120000,6,6,820000
27,SULAWESI SELATAN,409,KAB. LUWU TIMUR,5424,Wotu,17,17,17,8,0,0,0,0,0,0,0,0,0,0
27,SULAWESI SELATAN,408,KAB. LUWU UTARA,5417,Baebunta,11,11,11,10,0,0,0,0,0,0,0,0,0,0
27,SULAWESI SELATAN,408,KAB. LUWU UTARA,7044,Baebunta Selatan,10,10,10,7,0,0,0,0,0,0,0,0,0,0
27,SULAWESI SELATAN,408,KAB. LUWU UTARA,7041,Bone Bone,13,12,13,11,0,0,0,1100000,11,11,110000,11,11,1210000
27,SULAWESI SELATAN,408,KAB. LUWU UTARA,5409,Malangke,17,14,17,14,0,0,0,1700000,34,34,170000,17,17,1870000
27,SULAWESI SELATAN,408,KAB. LUWU UTARA,5414,Malangke Barat,15,13,15,11,0,0,0,0,0,0,0,0,0,0
27,SULAWESI SELATAN,408,KAB. LUWU UTARA,5416,Mappedeceng,15,15,15,13,0,0,0,0,0,0,0,0,0,0
27,SULAWESI SELATAN,408,KAB. LUWU UTARA,5410,Masamba,19,19,19,16,0,0,0,1800000,36,36,2770000,37,277,4570000
27,SULAWESI SELATAN,408,KAB. LUWU UTARA,5415,Rampi,6,6,6,5,0,0,0,700000,7,7,900000,7,9,1600000
27,SULAWESI SELATAN,408,KAB. LUWU UTARA,7042,Rongkong,7,6,7,3,0,0,0,0,0,0,0,0,0,0
27,SULAWESI SELATAN,408,KAB. LUWU UTARA,5411,Sabbang,10,10,10,7,0,0,0,0,0,0,0,0,0,0
27,SULAWESI SELATAN,408,KAB. LUWU UTARA,7045,Sabbang Selatan,10,10,10,5,0,0,0,0,0,0,0,0,0,0
27,SULAWESI SELATAN,408,KAB. LUWU UTARA,5413,Seko,12,12,12,7,0,0,0,0,0,0,0,0,0,0
27,SULAWESI SELATAN,408,KAB. LUWU UTARA,5412,Sukamaju,15,11,14,5,0,0,0,0,0,0,0,0,0,0
27,SULAWESI SELATAN,408,KAB. LUWU UTARA,7043,Sukamaju Selatan,11,11,11,5,0,0,0,0,0,0,0,0,0,0
27,SULAWESI SELATAN,408,KAB. LUWU UTARA,5418,Tana Lili,10,10,10,10,0,0,0,0,0,0,0,0,0,0
27,SULAWESI SELATAN,399,KAB. MAROS,5298,Bantimurung,9,8,9,6,0,0,0,0,0,0,0,0,0,0
27,SULAWESI SELATAN,399,KAB. MAROS,5300,Bontoa,9,9,9,9,0,0,0,1000000,10,10,0,0,0,1000000
27,SULAWESI SELATAN,399,KAB. MAROS,5297,Camba,8,8,8,8,0,0,0,8500000,104,104,10680000,80,475,19180000
27,SULAWESI SELATAN,399,KAB. MAROS,5304,Cenrana,7,6,7,3,0,0,0,5400000,108,108,2335000,107,467,7735000
27,SULAWESI SELATAN,399,KAB. MAROS,5305,Lau,8,6,7,6,0,0,0,2700000,27,27,500000,25,25,3200000
27,SULAWESI SELATAN,399,KAB. MAROS,7022,Malllawa,11,11,11,6,0,0,0,0,0,0,0,0,0,0
27,SULAWESI SELATAN,399,KAB. MAROS,5296,Mandai,6,6,6,6,0,0,0,3300000,33,33,750000,26,52,4050000
27,SULAWESI SELATAN,399,KAB. MAROS,5299,Maros Baru,7,7,7,7,0,0,0,800000,8,8,0,0,0,800000
27,SULAWESI SELATAN,399,KAB. MAROS,5302,Marusu,7,7,7,7,0,0,0,1600000,16,16,600000,17,30,2200000
27,SULAWESI SELATAN,399,KAB. MAROS,5306,Moncongloe,5,5,5,4,0,0,0,300000,3,3,20000,1,1,320000
27,SULAWESI SELATAN,399,KAB. MAROS,5303,Simbang,6,6,6,6,0,0,0,7700000,77,77,0,0,0,7700000
27,SULAWESI SELATAN,399,KAB. MAROS,5301,Tanralili,8,8,8,6,0,0,0,0,0,0,0,0,0,0
27,SULAWESI SELATAN,399,KAB. MAROS,7023,Tompobulu,8,8,8,8,0,0,0,0,0,0,0,0,0,0
27,SULAWESI SELATAN,399,KAB. MAROS,5307,Turikale,7,7,7,7,0,0,0,100000,1,1,0,0,0,100000
27,SULAWESI SELATAN,511,KAB. PANGKAJENE KEPULAUAN,7028,Balocci,5,5,5,5,0,0,0,4800000,48,48,7990000,56,382,12790000
27,SULAWESI SELATAN,511,KAB. PANGKAJENE KEPULAUAN,7029,Bungoro,9,8,9,6,0,0,0,0,0,0,0,0,0,0
27,SULAWESI SELATAN,511,KAB. PANGKAJENE KEPULAUAN,7030,Labakkang,14,13,14,12,0,0,0,1600000,8,8,1760000,8,88,3360000
27,SULAWESI SELATAN,511,KAB. PANGKAJENE KEPULAUAN,7025,Liukang Kalmas,8,7,7,5,0,0,0,8100000,81,81,4860000,81,243,12960000
27,SULAWESI SELATAN,511,KAB. PANGKAJENE KEPULAUAN,7024,Liukang Tangaya,9,8,9,6,0,0,0,0,0,0,0,0,0,0
27,SULAWESI SELATAN,511,KAB. PANGKAJENE KEPULAUAN,7026,Liukang Tupabbiring,9,9,9,8,0,0,0,0,0,0,0,0,0,0
27,SULAWESI SELATAN,511,KAB. PANGKAJENE KEPULAUAN,7036,Liukang Tupabbiring Utara,7,7,7,6,0,0,0,0,0,0,0,0,0,0
27,SULAWESI SELATAN,511,KAB. PANGKAJENE KEPULAUAN,7034,Mandalle,6,6,6,6,0,0,0,0,0,0,0,0,0,0
27,SULAWESI SELATAN,511,KAB. PANGKAJENE KEPULAUAN,7031,Marang,10,10,10,10,0,0,0,5600000,54,56,120000,4,6,5720000
27,SULAWESI SELATAN,511,KAB. PANGKAJENE KEPULAUAN,7033,Minasate'ne,8,8,8,8,0,0,0,300000,3,3,0,0,0,300000
27,SULAWESI SELATAN,511,KAB. PANGKAJENE KEPULAUAN,7027,Pangkajene,9,9,9,8,0,0,0,500000,5,5,100000,5,5,600000
27,SULAWESI SELATAN,511,KAB. PANGKAJENE KEPULAUAN,7032,Segeri,6,6,6,5,0,0,0,0,0,0,0,0,0,0
27,SULAWESI SELATAN,511,KAB. PANGKAJENE KEPULAUAN,7035,Tondong Tallasa,6,6,6,6,0,0,0,0,0,0,450000,9,9,450000
27,SULAWESI SELATAN,404,KAB. PINRANG,5356,Batulappa,5,5,5,5,0,0,0,0,0,0,0,0,0,0
27,SULAWESI SELATAN,404,KAB. PINRANG,5352,Cempa,7,7,7,7,0,0,0,0,0,0,0,0,0,0
27,SULAWESI SELATAN,404,KAB. PINRANG,5350,Duampanua,16,14,16,15,0,0,0,1900000,19,19,0,0,0,1900000
27,SULAWESI SELATAN,404,KAB. PINRANG,5354,Lanrisang,7,7,7,7,0,0,0,0,0,0,0,0,0,0
27,SULAWESI SELATAN,404,KAB. PINRANG,5351,Lembang,16,16,16,15,0,0,0,0,0,0,0,0,0,0
27,SULAWESI SELATAN,404,KAB. PINRANG,5347,Mattiro Bulu,10,9,10,9,0,0,0,0,0,0,0,0,0,0
27,SULAWESI SELATAN,404,KAB. PINRANG,5345,Mattiro Sompe,11,10,9,10,0,0,0,7000000,70,70,3980000,70,199,10980000
27,SULAWESI SELATAN,404,KAB. PINRANG,5355,Paleteang,7,6,7,6,0,0,0,0,0,0,0,0,0,0
27,SULAWESI SELATAN,404,KAB. PINRANG,5349,Patampanua,12,10,11,11,0,261950,476688000,0,0,0,0,0,0,0
27,SULAWESI SELATAN,404,KAB. PINRANG,5346,Suppa,10,10,10,10,0,0,0,2700000,27,27,0,0,0,2700000
27,SULAWESI SELATAN,404,KAB. PINRANG,5353,Tiroang,6,6,6,6,0,0,0,0,0,0,0,0,0,0
27,SULAWESI SELATAN,404,KAB. PINRANG,5348,Watang Sawitto,8,8,8,8,0,155160,281550400,0,0,0,0,0,0,0
27,SULAWESI SELATAN,403,KAB. SIDENRENG RAPPANG,5338,Baranti,9,9,9,9,0,0,0,0,0,0,0,0,0,0
27,SULAWESI SELATAN,403,KAB. SIDENRENG RAPPANG,5342,Dua Pitue,10,10,10,9,0,0,0,0,0,0,0,0,0,0
27,SULAWESI SELATAN,403,KAB. SIDENRENG RAPPANG,5340,Kulo,6,6,6,6,0,0,0,0,0,0,0,0,0,0
27,SULAWESI SELATAN,403,KAB. SIDENRENG RAPPANG,5341,Maritengngae,12,12,12,10,0,0,0,15000000,75,75,1500000,75,75,16500000
27,SULAWESI SELATAN,403,KAB. SIDENRENG RAPPANG,5335,Panca Lautang,10,10,10,9,0,125,3680000,5100,51,51,66140,52,310,71240
27,SULAWESI SELATAN,403,KAB. SIDENRENG RAPPANG,5339,Panca Rijang,8,8,8,8,0,0,0,0,0,0,0,0,0,0
27,SULAWESI SELATAN,403,KAB. SIDENRENG RAPPANG,5344,Pitu Riase,12,12,12,11,0,2,42000,200000,1,1,0,0,0,200000
27,SULAWESI SELATAN,403,KAB. SIDENRENG RAPPANG,5343,Pitu Riawa,12,12,12,9,0,0,0,0,0,0,0,0,0,0
27,SULAWESI SELATAN,403,KAB. SIDENRENG RAPPANG,5336,Tellu Limpoe,9,9,9,5,0,0,0,0,0,0,0,0,0,0
27,SULAWESI SELATAN,403,KAB. SIDENRENG RAPPANG,5337,Watang Pulu,10,10,10,9,0,0,0,0,0,0,0,0,0,0
27,SULAWESI SELATAN,403,KAB. SIDENRENG RAPPANG,7039,Watang Sidenreng,8,8,8,8,0,0,0,3000000,15,15,950000,15,38,3950000
27,SULAWESI SELATAN,397,KAB. SINJAI,5265,Bulupoddo,7,7,7,5,0,0,0,0,0,0,0,0,0,0
27,SULAWESI SELATAN,397,KAB. SINJAI,5268,Pulau Sembilan,4,4,4,1,0,0,0,0,0,0,0,0,0,0
27,SULAWESI SELATAN,397,KAB. SINJAI,5260,Sinjai Barat,9,9,9,3,0,0,0,0,0,0,0,0,0,0
27,SULAWESI SELATAN,397,KAB. SINJAI,5266,Sinjai Borong,8,8,8,2,0,0,0,4000000,54,54,1440000,54,92,5440000
27,SULAWESI SELATAN,397,KAB. SINJAI,5261,Sinjai  Selatan,11,11,11,6,0,0,0,3400000,32,32,320000,28,30,3720000
27,SULAWESI SELATAN,397,KAB. SINJAI,5263,Sinjai Tengah,11,11,11,5,0,0,0,7200000,72,72,2035000,72,73,9235000
27,SULAWESI SELATAN,397,KAB. SINJAI,5262,Sinjai Timur,13,13,13,8,0,0,0,4900000,49,49,3700000,44,185,8600000
27,SULAWESI SELATAN,397,KAB. SINJAI,5264,Sinjai Utara,6,6,6,4,0,0,0,0,0,0,0,0,0,0
27,SULAWESI SELATAN,397,KAB. SINJAI,5267,Tellu Limpoe,11,11,11,9,0,0,0,18000000,160,160,9780000,157,464,27780000
27,SULAWESI SELATAN,401,KAB. SOPPENG,5321,Citta,4,4,4,4,0,0,0,0,0,0,0,0,0,0
27,SULAWESI SELATAN,401,KAB. SOPPENG,5319,Donri-Donri,9,9,9,9,0,0,0,0,0,0,0,0,0,0
27,SULAWESI SELATAN,401,KAB. SOPPENG,5320,Ganra,4,4,4,4,0,0,0,0,0,0,0,0,0,0
27,SULAWESI SELATAN,401,KAB. SOPPENG,5317,Lalabata,10,10,10,10,0,0,0,0,0,0,0,0,0,0
27,SULAWESI SELATAN,401,KAB. SOPPENG,7037,Liliriaja,8,8,8,8,0,0,0,0,0,0,0,0,0,0
27,SULAWESI SELATAN,401,KAB. SOPPENG,5316,Lilirilau,12,12,12,12,0,0,0,0,0,0,0,0,0,0
27,SULAWESI SELATAN,401,KAB. SOPPENG,5318,Marioriawa,10,10,10,10,0,0,0,4400000,44,44,0,0,0,4400000
27,SULAWESI SELATAN,401,KAB. SOPPENG,5315,Marioriwawo,13,13,13,13,0,0,0,0,0,0,0,0,0,0
27,SULAWESI SELATAN,395,KAB. TAKALAR,5244,Galesong,18,18,18,18,0,0,0,0,0,0,0,0,0,0
27,SULAWESI SELATAN,395,KAB. TAKALAR,5241,Galesong Selatan,13,13,13,12,0,0,0,0,0,0,0,0,0,0
27,SULAWESI SELATAN,395,KAB. TAKALAR,5242,Galesong Utara,14,14,14,13,0,356,6350000,0,0,0,0,0,0,0
27,SULAWESI SELATAN,395,KAB. TAKALAR,7016,Kepulauan Tanakeke,6,6,6,6,0,0,0,0,0,0,0,0,0,0
27,SULAWESI SELATAN,395,KAB. TAKALAR,7018,Laikang,6,6,6,4,0,0,0,0,0,0,0,0,0,0
27,SULAWESI SELATAN,395,KAB. TAKALAR,5240,Mangarabombang,6,6,6,5,0,0,0,0,0,0,0,0,0,0
27,SULAWESI SELATAN,395,KAB. TAKALAR,5239,Mappakasunggu,4,4,4,4,0,0,0,100000,2,2,0,0,0,100000
27,SULAWESI SELATAN,395,KAB. TAKALAR,7015,Pattallassang,9,7,9,8,0,0,0,0,0,0,0,0,0,0
27,SULAWESI SELATAN,395,KAB. TAKALAR,7013,Polongbangkeng Selatan,11,10,11,10,0,0,0,0,0,0,0,0,0,0
27,SULAWESI SELATAN,395,KAB. TAKALAR,7017,Polongbangkeng Timur,7,7,7,6,0,0,0,0,0,0,0,0,0,0
27,SULAWESI SELATAN,395,KAB. TAKALAR,7014,Polongbangkeng Utara,10,10,10,10,0,0,0,5750000,115,115,1100000,110,110,6850000
27,SULAWESI SELATAN,395,KAB. TAKALAR,5243,Sanrobone,6,6,6,6,0,0,0,0,0,0,0,0,0,0
27,SULAWESI SELATAN,407,KAB. TANA TORAJA,5391,Bittuang,15,15,15,13,0,0,0,16500000,33,33,130000,6,9,16630000
27,SULAWESI SELATAN,407,KAB. TANA TORAJA,5392,Bonggakaradeng,6,6,6,4,0,0,0,0,0,0,0,0,0,0
27,SULAWESI SELATAN,407,KAB. TANA TORAJA,5398,Gandangbatu Sillanan,12,12,12,9,0,0,0,0,0,0,0,0,0,0
27,SULAWESI SELATAN,407,KAB. TANA TORAJA,5408,Kurra,6,6,6,2,0,0,0,0,0,0,0,0,0,0
27,SULAWESI SELATAN,407,KAB. TANA TORAJA,5393,Makale,15,15,15,11,0,0,0,14000000,28,28,1400000,27,70,15400000
27,SULAWESI SELATAN,407,KAB. TANA TORAJA,5402,Makale Selatan,8,8,8,3,0,0,0,0,0,0,0,0,0,0
27,SULAWESI SELATAN,407,KAB. TANA TORAJA,5400,Makale Utara,5,5,5,5,0,0,0,0,0,0,0,0,0,0
27,SULAWESI SELATAN,407,KAB. TANA TORAJA,5406,Malimbong Balepe',6,6,6,4,0,0,0,0,0,0,0,0,0,0
27,SULAWESI SELATAN,407,KAB. TANA TORAJA,5401,Mappak,6,6,6,2,0,0,0,0,0,0,0,0,0,0
27,SULAWESI SELATAN,407,KAB. TANA TORAJA,5403,Masanda,8,8,8,7,0,0,0,3500000,7,7,0,0,0,3500000
27,SULAWESI SELATAN,407,KAB. TANA TORAJA,5396,Mengkendek,17,17,17,13,0,0,0,0,0,0,0,0,0,0
27,SULAWESI SELATAN,407,KAB. TANA TORAJA,5407,Rano,5,5,5,5,0,0,0,0,0,0,0,0,0,0
27,SULAWESI SELATAN,407,KAB. TANA TORAJA,5395,Rantetayo,6,6,6,3,0,0,0,0,0,0,0,0,0,0
27,SULAWESI SELATAN,407,KAB. TANA TORAJA,5399,Rembon,13,13,13,10,0,0,0,0,0,0,0,0,0,0
27,SULAWESI SELATAN,407,KAB. TANA TORAJA,7040,Salupputti,9,9,9,8,0,0,0,1500000,3,3,0,0,0,1500000
27,SULAWESI SELATAN,407,KAB. TANA TORAJA,5397,Sangalla',5,5,5,5,0,0,0,0,0,0,0,0,0,0
27,SULAWESI SELATAN,407,KAB. TANA TORAJA,5404,Sangalla' Selatan,5,5,5,3,0,0,0,0,0,0,0,0,0,0
27,SULAWESI SELATAN,407,KAB. TANA TORAJA,5405,Sangalla' Utara,6,6,6,4,0,0,0,0,0,0,0,0,0,0
27,SULAWESI SELATAN,407,KAB. TANA TORAJA,5394,Simbuang,6,6,6,1,0,0,0,0,0,0,0,0,0,0
27,SULAWESI SELATAN,410,KAB. TORAJA UTARA,7051,Awan Rante Karua,4,4,4,4,0,0,0,0,0,0,0,0,0,0
27,SULAWESI SELATAN,410,KAB. TORAJA UTARA,5434,Balusu,7,7,7,6,0,0,0,0,0,0,0,0,0,0
27,SULAWESI SELATAN,410,KAB. TORAJA UTARA,5442,Bangkelekila,4,4,4,4,0,0,0,0,0,0,0,0,0,0
27,SULAWESI SELATAN,410,KAB. TORAJA UTARA,5441,Baruppu,4,4,4,3,0,0,0,0,0,0,0,0,0,0
27,SULAWESI SELATAN,410,KAB. TORAJA UTARA,7047,Buntao,6,6,6,6,0,0,0,0,0,0,0,0,0,0
27,SULAWESI SELATAN,410,KAB. TORAJA UTARA,5440,Buntu Pepasan,13,13,13,9,0,0,0,0,0,0,0,0,0,0
27,SULAWESI SELATAN,410,KAB. TORAJA UTARA,5439,Dende' Piongan Napo,8,8,8,7,0,0,0,0,0,0,0,0,0,0
27,SULAWESI SELATAN,410,KAB. TORAJA UTARA,7050,Kapala Pitu,6,6,6,5,0,0,0,0,0,0,0,0,0,0
27,SULAWESI SELATAN,410,KAB. TORAJA UTARA,5435,Kesu,7,7,7,6,0,0,0,0,0,0,0,0,0,0
27,SULAWESI SELATAN,410,KAB. TORAJA UTARA,5432,Nanggala,9,9,9,7,0,0,0,0,0,0,0,0,0,0
27,SULAWESI SELATAN,410,KAB. TORAJA UTARA,5443,Rantebua,7,7,7,7,0,0,0,0,0,0,0,0,0,0
27,SULAWESI SELATAN,410,KAB. TORAJA UTARA,5430,Rantepao,11,11,11,10,0,0,0,0,0,0,0,0,0,0
27,SULAWESI SELATAN,410,KAB. TORAJA UTARA,7046,Rindingallo,9,9,9,6,0,0,0,0,0,0,0,0,0,0
27,SULAWESI SELATAN,410,KAB. TORAJA UTARA,7048,Sa'dan,10,10,10,7,0,0,0,0,0,0,0,0,0,0
27,SULAWESI SELATAN,410,KAB. TORAJA UTARA,7049,Sanggalangi,6,6,6,6,0,0,0,13000000,13,13,0,0,0,13000000
27,SULAWESI SELATAN,410,KAB. TORAJA UTARA,5431,Sesean,9,9,9,8,0,0,0,0,0,0,0,0,0,0
27,SULAWESI SELATAN,410,KAB. TORAJA UTARA,5444,Sesean Suloara,5,5,5,5,0,0,0,0,0,0,0,0,0,0
27,SULAWESI SELATAN,410,KAB. TORAJA UTARA,5433,Sopai,8,8,8,7,0,0,0,0,0,0,0,0,0,0
27,SULAWESI SELATAN,410,KAB. TORAJA UTARA,5438,Tallunglipu,7,7,7,6,0,0,0,0,29,29,3350000,25,134,3350000
27,SULAWESI SELATAN,410,KAB. TORAJA UTARA,5437,Tikala,7,7,7,5,0,0,0,0,0,0,0,0,0,0
27,SULAWESI SELATAN,410,KAB. TORAJA UTARA,5436,Tondon,4,4,4,3,0,0,0,0,0,0,0,0,0,0
27,SULAWESI SELATAN,402,KAB. WAJO,5327,Belawa,9,9,9,8,0,0,0,470000,5,5,10000,1,1,480000
27,SULAWESI SELATAN,402,KAB. WAJO,5331,Bola,11,11,11,11,0,0,0,0,0,0,0,0,0,0
27,SULAWESI SELATAN,402,KAB. WAJO,5333,Gilireng,9,9,9,4,0,0,0,0,0,0,0,0,0,0
27,SULAWESI SELATAN,402,KAB. WAJO,5334,Keera,10,10,10,9,0,0,0,0,0,0,0,0,0,0
27,SULAWESI SELATAN,402,KAB. WAJO,5325,Majauleng,19,18,19,10,0,0,0,50000,1,1,20000,1,1,70000
27,SULAWESI SELATAN,402,KAB. WAJO,5329,Maniangpajo,8,8,8,8,0,0,0,0,0,0,0,0,0,0
27,SULAWESI SELATAN,402,KAB. WAJO,5322,Pammana,16,16,16,13,0,0,0,0,0,0,0,0,0,0
27,SULAWESI SELATAN,402,KAB. WAJO,5332,Penrang,10,10,10,4,0,0,0,0,0,0,0,0,0,0
27,SULAWESI SELATAN,402,KAB. WAJO,5330,Pitumpanua,27,26,27,11,0,0,0,100000,2,2,10000,1,1,110000
27,SULAWESI SELATAN,402,KAB. WAJO,7038,Sabangparu,15,15,15,9,0,0,0,0,0,0,0,0,0,0
27,SULAWESI SELATAN,402,KAB. WAJO,5324,Sajoanging,9,9,9,6,0,0,0,800000,4,4,0,0,0,800000
27,SULAWESI SELATAN,402,KAB. WAJO,5323,Takkalalla,13,13,13,10,0,0,0,0,0,0,0,0,0,0
27,SULAWESI SELATAN,402,KAB. WAJO,5328,Tanasitolo,19,19,19,11,0,0,0,2300000,23,23,170000,17,17,2470000
27,SULAWESI SELATAN,402,KAB. WAJO,5326,Tempe,16,16,16,14,0,0,0,8100000,81,81,1010000,44,101,9110000
27,SULAWESI SELATAN,411,KOTA MAKASSAR,5454,Biringkanaya,11,11,11,10,0,0,0,1000000,10,10,850000,7,34,1850000
27,SULAWESI SELATAN,411,KOTA MAKASSAR,5449,Bontoala,12,12,12,11,0,290,6668000,0,0,0,0,0,0,0
27,SULAWESI SELATAN,411,KOTA MAKASSAR,7053,Kepulauan Sangkarrang,3,3,3,3,0,0,0,0,0,0,0,0,0,0
27,SULAWESI SELATAN,411,KOTA MAKASSAR,5446,Makassar,14,14,14,14,0,1949,88169600,2150000,22,22,90000,4,5,2240000
27,SULAWESI SELATAN,411,KOTA MAKASSAR,5445,Mamajang,13,13,13,13,0,0,0,0,0,0,0,0,0,0
27,SULAWESI SELATAN,411,KOTA MAKASSAR,5455,Manggala,8,8,8,8,0,4,232000,0,0,0,1220000,61,61,1220000
27,SULAWESI SELATAN,411,KOTA MAKASSAR,7052,Mariso,9,9,9,9,0,240,3840000,600000,6,6,80000,4,4,680000
27,SULAWESI SELATAN,411,KOTA MAKASSAR,5452,Panakkukang,11,11,11,11,0,300,17100000,2320000,24,24,375000,9,15,2695000
27,SULAWESI SELATAN,411,KOTA MAKASSAR,5456,Rappocini,11,11,11,9,0,0,0,900000,10,10,0,0,0,900000
27,SULAWESI SELATAN,411,KOTA MAKASSAR,5450,Tallo,15,15,15,15,0,281,5158100,4300000,43,43,1480000,42,74,5780000
27,SULAWESI SELATAN,411,KOTA MAKASSAR,5457,Tamalanrea,8,8,8,8,0,0,0,32400000,72,72,3675000,69,115,36075000
27,SULAWESI SELATAN,411,KOTA MAKASSAR,5453,Tamalate,11,11,11,11,0,2304,28291000,3400000,34,34,1380020,33,70,4780020
27,SULAWESI SELATAN,411,KOTA MAKASSAR,5447,Ujung Pandang,10,10,10,6,0,0,0,0,0,0,0,0,0,0
27,SULAWESI SELATAN,411,KOTA MAKASSAR,5451,Ujung Tanah,9,9,9,7,0,0,0,0,0,0,0,0,0,0
27,SULAWESI SELATAN,411,KOTA MAKASSAR,5448,Wajo,8,8,8,8,0,0,0,0,0,0,0,0,0,0
27,SULAWESI SELATAN,413,KOTA PALOPO,5470,Bara,5,5,5,5,0,0,0,1800000,36,36,40000,2,2,1840000
27,SULAWESI SELATAN,413,KOTA PALOPO,5469,Mungkajang,4,4,4,4,0,0,0,0,0,0,0,0,0,0
27,SULAWESI SELATAN,413,KOTA PALOPO,5468,Sendana,4,4,4,4,0,0,0,0,0,0,0,0,0,0
27,SULAWESI SELATAN,413,KOTA PALOPO,5465,Telluwanua,7,7,7,6,0,0,0,0,0,0,0,0,0,0
27,SULAWESI SELATAN,413,KOTA PALOPO,5462,Wara,6,6,6,6,0,0,0,0,0,0,0,0,0,0
27,SULAWESI SELATAN,413,KOTA PALOPO,5467,Wara Barat,5,4,5,5,0,0,0,0,0,0,0,0,0,0
27,SULAWESI SELATAN,413,KOTA PALOPO,5464,Wara Selatan,4,4,4,4,0,0,0,0,0,0,0,0,0,0
27,SULAWESI SELATAN,413,KOTA PALOPO,5466,Wara Timur,7,7,7,7,0,0,0,0,0,0,0,0,0,0
27,SULAWESI SELATAN,413,KOTA PALOPO,5463,Wara Utara,6,6,6,6,0,0,0,0,0,0,0,0,0,0
27,SULAWESI SELATAN,412,KOTA PAREPARE,5458,Bacukiki,4,4,4,4,0,0,0,0,0,0,0,0,0,0
27,SULAWESI SELATAN,412,KOTA PAREPARE,5461,Bacukiki Barat,6,6,6,6,0,0,0,0,0,0,0,0,0,0
27,SULAWESI SELATAN,412,KOTA PAREPARE,5460,Soreang,7,7,7,6,0,0,0,500000,25,25,340000,24,34,840000
27,SULAWESI SELATAN,412,KOTA PAREPARE,5459,Ujung,5,5,5,5,0,0,0,420000,21,21,210000,21,21,630000
26,SULAWESI TENGAH,378,KAB. BANGGAI,5051,Balantak,13,13,13,13,0,0,0,1850000,19,19,180000,18,18,2030000
26,SULAWESI TENGAH,378,KAB. BANGGAI,5060,Balantak Selatan,11,10,11,6,0,0,0,9600000,96,96,900000,76,90,10500000
26,SULAWESI TENGAH,378,KAB. BANGGAI,5061,Balantak Utara,10,10,10,10,0,0,0,1560000,74,74,700000,70,70,2260000
26,SULAWESI TENGAH,378,KAB. BANGGAI,5031,Batui,13,13,13,12,0,0,0,900000,9,9,0,0,0,900000
26,SULAWESI TENGAH,378,KAB. BANGGAI,5057,Batui Selatan,10,10,10,8,0,0,0,400000,4,4,0,0,0,400000
26,SULAWESI TENGAH,378,KAB. BANGGAI,5036,Bualemo,20,20,20,18,0,0,0,6300000,63,63,3060610,63,367,9360610
26,SULAWESI TENGAH,378,KAB. BANGGAI,5032,Bunta,22,21,22,17,0,0,0,2155000,14,14,850250,8,18,3005250
26,SULAWESI TENGAH,378,KAB. BANGGAI,5033,Kintom,14,14,14,14,0,0,0,1550000,31,31,10000,1,1,1560000
26,SULAWESI TENGAH,378,KAB. BANGGAI,5050,Lamala,12,12,12,12,0,0,0,3200000,32,32,270000,23,27,3470000
26,SULAWESI TENGAH,378,KAB. BANGGAI,5058,Lobu,10,10,10,10,0,0,0,0,0,0,0,0,0,0
26,SULAWESI TENGAH,378,KAB. BANGGAI,5034,Luwuk,10,10,10,10,0,0,0,450000,8,8,150000,7,15,600000
26,SULAWESI TENGAH,378,KAB. BANGGAI,5062,Luwuk Selatan,10,10,10,10,0,0,0,0,0,0,0,0,0,0
26,SULAWESI TENGAH,378,KAB. BANGGAI,5053,Luwuk Timur,13,13,13,13,0,0,0,8800000,154,154,695000,127,131,9495000
26,SULAWESI TENGAH,378,KAB. BANGGAI,5063,Luwuk Utara,11,11,11,11,0,0,0,500000,10,10,100000,10,10,600000
26,SULAWESI TENGAH,378,KAB. BANGGAI,5064,Mantoh,10,10,10,10,0,0,0,0,0,0,0,0,0,0
26,SULAWESI TENGAH,378,KAB. BANGGAI,5052,Masama,14,14,14,12,0,0,0,1450000,16,16,160000,16,16,1610000
26,SULAWESI TENGAH,378,KAB. BANGGAI,5056,Moilong,16,16,16,16,0,0,0,0,0,0,0,0,0,0
26,SULAWESI TENGAH,378,KAB. BANGGAI,5065,Nambo,11,11,11,11,0,0,0,4850000,86,86,2760000,81,161,7610000
26,SULAWESI TENGAH,378,KAB. BANGGAI,5055,Nuhon,20,19,20,11,0,0,0,1550000,20,20,100000,10,10,1650000
26,SULAWESI TENGAH,378,KAB. BANGGAI,5035,Pagimana,33,31,33,29,0,0,0,18100000,181,181,0,0,0,18100000
26,SULAWESI TENGAH,378,KAB. BANGGAI,5059,Simpang Raya,12,12,12,11,0,0,0,0,0,0,0,0,0,0
26,SULAWESI TENGAH,378,KAB. BANGGAI,5037,Toili,21,21,21,18,0,0,0,8950000,63,63,90000,9,9,9040000
26,SULAWESI TENGAH,378,KAB. BANGGAI,5054,Toili Barat,17,17,17,17,0,0,0,46200000,332,332,5820000,319,552,52020000
26,SULAWESI TENGAH,378,KAB. BANGGAI,7283,Toili Jaya,4,4,4,3,0,0,0,0,0,0,0,0,0,0
26,SULAWESI TENGAH,379,KAB. BANGGAI KEPULAUAN,5042,Buko,13,13,13,9,0,0,0,0,0,0,0,0,0,0
26,SULAWESI TENGAH,379,KAB. BANGGAI KEPULAUAN,5048,Buko Selatan,11,11,11,9,0,0,0,1800000,18,18,40000,4,4,1840000
26,SULAWESI TENGAH,379,KAB. BANGGAI KEPULAUAN,5041,Bulagi,16,15,16,12,0,0,0,0,0,0,0,0,0,0
26,SULAWESI TENGAH,379,KAB. BANGGAI KEPULAUAN,5043,Bulagi Selatan,20,20,20,14,0,0,0,0,0,0,0,0,0,0
26,SULAWESI TENGAH,379,KAB. BANGGAI KEPULAUAN,5047,Bulagi Utara,12,12,12,10,0,0,0,0,0,0,0,0,0,0
26,SULAWESI TENGAH,379,KAB. BANGGAI KEPULAUAN,5040,Liang,16,16,16,12,0,0,0,500000,5,5,20000,2,2,520000
26,SULAWESI TENGAH,379,KAB. BANGGAI KEPULAUAN,5046,Peling Tengah,11,11,11,11,0,0,0,0,0,0,0,0,0,0
26,SULAWESI TENGAH,379,KAB. BANGGAI KEPULAUAN,5039,Tinangkung,11,11,11,10,0,0,0,0,0,0,0,0,0,0
26,SULAWESI TENGAH,379,KAB. BANGGAI KEPULAUAN,5044,Tinangkung Selatan,9,9,9,8,0,0,0,2500000,25,25,250000,25,25,2750000
26,SULAWESI TENGAH,379,KAB. BANGGAI KEPULAUAN,5049,Tinangkung Utara,6,6,6,5,0,0,0,0,0,0,0,0,0,0
26,SULAWESI TENGAH,379,KAB. BANGGAI KEPULAUAN,5038,Totikum,11,11,11,10,0,0,0,150000,1,1,0,0,0,150000
26,SULAWESI TENGAH,379,KAB. BANGGAI KEPULAUAN,5045,Totikum Selatan,8,8,8,8,0,0,0,0,0,0,0,0,0,0
26,SULAWESI TENGAH,388,KAB. BANGGAI LAUT,5177,Banggai,10,10,10,10,0,0,0,0,0,0,0,0,0,0
26,SULAWESI TENGAH,388,KAB. BANGGAI LAUT,5182,Banggai Selatan,6,6,6,6,0,0,0,0,0,0,0,0,0,0
26,SULAWESI TENGAH,388,KAB. BANGGAI LAUT,5183,Banggai Tengah,8,8,8,8,0,0,0,0,0,0,0,0,0,0
26,SULAWESI TENGAH,388,KAB. BANGGAI LAUT,5178,Banggai Utara,6,6,6,6,0,0,0,0,0,0,0,0,0,0
26,SULAWESI TENGAH,388,KAB. BANGGAI LAUT,5180,Bangkurung,12,12,12,12,0,0,0,0,0,0,0,0,0,0
26,SULAWESI TENGAH,388,KAB. BANGGAI LAUT,5179,Bokan Kepulauan,16,16,16,16,0,0,0,0,0,0,0,0,0,0
26,SULAWESI TENGAH,388,KAB. BANGGAI LAUT,5181,Labobo,8,8,8,8,0,0,0,0,0,0,0,0,0,0
26,SULAWESI TENGAH,383,KAB. BUOL,5113,Biau,7,7,7,7,0,0,0,15900000,159,159,720000,36,36,16620000
26,SULAWESI TENGAH,383,KAB. BUOL,5110,Bokat,15,15,15,13,0,0,0,4700000,94,94,1675000,84,87,6375000
26,SULAWESI TENGAH,383,KAB. BUOL,5115,Bukal,14,14,14,12,0,0,0,7200000,77,77,5000,1,1,7205000
26,SULAWESI TENGAH,383,KAB. BUOL,5111,Bunobogu,10,10,10,9,0,0,0,3350000,67,67,740000,49,64,4090000
26,SULAWESI TENGAH,383,KAB. BUOL,5116,Gadung,11,11,11,11,0,0,0,19550000,229,229,2870000,208,237,22420000
26,SULAWESI TENGAH,383,KAB. BUOL,5117,Karamat,7,7,7,7,0,0,0,5900000,118,118,35000,7,7,5935000
26,SULAWESI TENGAH,383,KAB. BUOL,5109,Lakea,7,7,7,6,0,0,0,41905000,569,569,2890000,145,145,44795000
26,SULAWESI TENGAH,383,KAB. BUOL,5108,Momunu,16,16,16,15,0,0,0,8150000,162,162,1635000,147,147,9785000
26,SULAWESI TENGAH,383,KAB. BUOL,5112,Paleleh,12,12,12,10,0,0,0,1500000,30,30,0,0,0,1500000
26,SULAWESI TENGAH,383,KAB. BUOL,5118,Paleleh Barat,7,7,7,7,0,0,0,5350000,103,103,1135000,91,114,6485000
26,SULAWESI TENGAH,383,KAB. BUOL,5114,Tiloan,9,9,9,9,0,0,0,27750000,363,363,4400000,261,262,32150000
26,SULAWESI TENGAH,381,KAB. DONGGALA,5091,Balaesang,13,13,13,11,0,0,0,200000,1,1,30000,3,3,230000
26,SULAWESI TENGAH,381,KAB. DONGGALA,7007,Balaesang Tanjung,8,8,8,6,0,0,0,0,0,0,0,0,0,0
26,SULAWESI TENGAH,381,KAB. DONGGALA,5087,Banawa,14,14,14,8,0,0,0,0,0,0,0,0,0,0
26,SULAWESI TENGAH,381,KAB. DONGGALA,5093,Banawa Selatan,19,19,19,13,0,0,0,0,0,0,0,0,0,0
26,SULAWESI TENGAH,381,KAB. DONGGALA,5097,Banawa Tengah,8,7,8,7,0,0,0,0,0,0,0,0,0,0
26,SULAWESI TENGAH,381,KAB. DONGGALA,5086,Dampelas,13,13,13,13,0,64670,154783760,0,0,0,0,0,0,0
26,SULAWESI TENGAH,381,KAB. DONGGALA,5088,Labuan,7,7,7,4,0,0,0,0,0,0,0,0,0,0
26,SULAWESI TENGAH,381,KAB. DONGGALA,7006,Pinembani,9,7,9,3,0,0,0,0,0,0,0,0,0,0
26,SULAWESI TENGAH,381,KAB. DONGGALA,5085,Rio Pakava,14,14,14,10,0,0,0,4500000,45,45,835000,45,84,5335000
26,SULAWESI TENGAH,381,KAB. DONGGALA,5089,Sindue,13,13,13,9,0,0,0,0,0,0,0,0,0,0
26,SULAWESI TENGAH,381,KAB. DONGGALA,5096,Sindue Tobata,7,6,7,2,0,0,0,0,0,0,0,0,0,0
26,SULAWESI TENGAH,381,KAB. DONGGALA,5095,Sindue Tombusabora,6,6,6,3,0,0,0,0,0,0,0,0,0,0
26,SULAWESI TENGAH,381,KAB. DONGGALA,5090,Sirenja,13,13,13,10,0,0,0,0,0,0,0,0,0,0
26,SULAWESI TENGAH,381,KAB. DONGGALA,5092,Sojol,9,9,9,8,0,0,0,110000,2,2,0,0,0,110000
26,SULAWESI TENGAH,381,KAB. DONGGALA,5098,Sojol Utara,5,5,5,3,0,0,0,0,0,0,0,0,0,0
26,SULAWESI TENGAH,381,KAB. DONGGALA,5094,Tanantovea,10,10,10,10,0,0,0,0,0,0,0,0,0,0
26,SULAWESI TENGAH,384,KAB. MOROWALI,5124,Bahodopi,12,12,12,11,0,0,0,800000,7,7,50000,1,1,850000
26,SULAWESI TENGAH,384,KAB. MOROWALI,5123,Bumi Raya,13,13,13,12,0,0,0,4300000,43,43,410000,21,21,4710000
26,SULAWESI TENGAH,384,KAB. MOROWALI,5122,Bungku Barat,10,10,10,8,0,0,0,0,0,0,0,0,0,0
26,SULAWESI TENGAH,384,KAB. MOROWALI,5126,Bungku Pesisir,10,10,10,8,0,0,0,16200000,54,54,2950000,53,118,19150000
26,SULAWESI TENGAH,384,KAB. MOROWALI,5120,Bungku Selatan,26,26,26,22,0,0,0,2100000,21,21,1880000,21,188,3980000
26,SULAWESI TENGAH,384,KAB. MOROWALI,5119,Bungku Tengah,19,19,19,18,0,0,0,0,0,0,0,0,0,0
26,SULAWESI TENGAH,384,KAB. MOROWALI,5127,Bungku Timur,10,10,10,10,0,0,0,3600000,20,20,1340000,17,67,4940000
26,SULAWESI TENGAH,384,KAB. MOROWALI,5121,Menui Kepulauan,23,23,23,17,0,0,0,0,0,0,0,0,0,0
26,SULAWESI TENGAH,384,KAB. MOROWALI,7284,Sombori Kepulauan,1,1,1,0,0,0,0,0,0,0,0,0,0,0
26,SULAWESI TENGAH,384,KAB. MOROWALI,5125,Wita Ponda,9,9,9,9,0,0,0,0,0,0,0,0,0,0
26,SULAWESI TENGAH,389,KAB. MOROWALI UTARA,5191,Bungku Utara,23,23,23,1,0,0,0,200000,2,2,10000,1,1,210000
26,SULAWESI TENGAH,389,KAB. MOROWALI UTARA,5187,Lembo,14,14,14,2,0,0,0,1600000,16,16,395000,14,38,1995000
26,SULAWESI TENGAH,389,KAB. MOROWALI UTARA,5186,Lembo Raya,10,10,10,0,0,0,0,0,0,0,0,0,0,0
26,SULAWESI TENGAH,389,KAB. MOROWALI UTARA,5192,Mamosalato,14,14,14,3,0,0,0,15225000,157,158,8115000,140,330,23340000
26,SULAWESI TENGAH,389,KAB. MOROWALI UTARA,5188,Mori Atas,14,14,14,3,0,0,0,2100000,21,21,300000,9,30,2400000
26,SULAWESI TENGAH,389,KAB. MOROWALI UTARA,5189,Mori Utara,8,8,8,1,0,0,0,0,0,0,0,0,0,0
26,SULAWESI TENGAH,389,KAB. MOROWALI UTARA,5184,Petasia,10,10,10,4,0,0,0,100000,1,1,130000,13,13,230000
26,SULAWESI TENGAH,389,KAB. MOROWALI UTARA,5193,Petasia Barat,10,10,10,6,0,0,0,0,0,0,0,0,0,0
26,SULAWESI TENGAH,389,KAB. MOROWALI UTARA,5185,Petasia Timur,12,12,12,10,0,0,0,2200000,22,22,90000,9,9,2290000
26,SULAWESI TENGAH,389,KAB. MOROWALI UTARA,5190,Soyo Jaya,10,10,10,0,0,0,0,0,0,0,0,0,0,0
26,SULAWESI TENGAH,385,KAB. PARIGI MOUTONG,5129,Ampibabo,18,18,18,3,0,0,0,0,0,0,0,0,0,0
26,SULAWESI TENGAH,385,KAB. PARIGI MOUTONG,5142,Balinggi,9,9,9,3,0,0,0,0,0,0,0,0,0,0
26,SULAWESI TENGAH,385,KAB. PARIGI MOUTONG,5148,Bolano,13,13,13,3,0,0,0,300000,3,3,0,0,0,300000
26,SULAWESI TENGAH,385,KAB. PARIGI MOUTONG,5134,Bolano Lambunu,14,14,14,4,0,0,0,0,0,0,0,0,0,0
26,SULAWESI TENGAH,385,KAB. PARIGI MOUTONG,5135,Kasimbar,18,18,18,5,0,0,0,0,0,0,0,0,0,0
26,SULAWESI TENGAH,385,KAB. PARIGI MOUTONG,5139,Mepanga,18,18,18,7,0,0,0,0,0,0,0,0,0,0
26,SULAWESI TENGAH,385,KAB. PARIGI MOUTONG,5131,Moutong,20,20,20,4,0,0,0,30000,3,3,0,0,0,30000
26,SULAWESI TENGAH,385,KAB. PARIGI MOUTONG,5149,Ongka Malino,17,15,17,6,0,0,0,5000,1,1,5000,1,1,10000
26,SULAWESI TENGAH,385,KAB. PARIGI MOUTONG,5145,Palasa,11,11,11,4,0,0,0,0,0,0,0,0,0,0
26,SULAWESI TENGAH,385,KAB. PARIGI MOUTONG,5128,Parigi,11,11,11,5,0,0,0,0,0,0,0,0,0,0
26,SULAWESI TENGAH,385,KAB. PARIGI MOUTONG,5143,Parigi Barat,6,6,6,2,0,0,0,850000,7,7,125000,7,7,975000
26,SULAWESI TENGAH,385,KAB. PARIGI MOUTONG,5138,Parigi Selatan,10,10,10,3,0,0,0,0,0,0,0,0,0,0
26,SULAWESI TENGAH,385,KAB. PARIGI MOUTONG,5147,Parigi Tengah,6,6,6,3,0,0,0,0,0,0,0,0,0,0
26,SULAWESI TENGAH,385,KAB. PARIGI MOUTONG,5146,Parigi Utara,5,5,5,4,0,0,0,0,0,0,0,0,0,0
26,SULAWESI TENGAH,385,KAB. PARIGI MOUTONG,5133,Sausu,10,10,9,5,0,0,0,0,0,0,0,0,0,0
26,SULAWESI TENGAH,385,KAB. PARIGI MOUTONG,5150,Sidoan,11,11,11,1,0,0,0,0,0,0,0,0,0,0
26,SULAWESI TENGAH,385,KAB. PARIGI MOUTONG,5144,Siniu,9,9,9,2,0,0,0,0,0,0,0,0,0,0
26,SULAWESI TENGAH,385,KAB. PARIGI MOUTONG,5141,Taopa,11,11,11,0,0,0,0,0,0,0,0,0,0,0
26,SULAWESI TENGAH,385,KAB. PARIGI MOUTONG,5130,Tinombo,15,15,15,1,0,0,0,200000,1,1,20000,1,1,220000
26,SULAWESI TENGAH,385,KAB. PARIGI MOUTONG,5137,Tinombo Selatan,21,21,21,6,0,0,0,1800000,6,6,40000,4,4,1840000
26,SULAWESI TENGAH,385,KAB. PARIGI MOUTONG,5132,Tomini,14,14,14,7,0,0,0,3900000,39,39,260000,26,26,4160000
26,SULAWESI TENGAH,385,KAB. PARIGI MOUTONG,5140,Toribulu,9,9,9,3,0,0,0,9500000,19,19,975000,20,20,10475000
26,SULAWESI TENGAH,385,KAB. PARIGI MOUTONG,5136,Torue,8,8,8,5,0,0,0,0,0,0,0,0,0,0
26,SULAWESI TENGAH,380,KAB. POSO,5068,Lage,16,16,16,9,0,0,0,0,0,0,0,0,0,0
26,SULAWESI TENGAH,380,KAB. POSO,5080,Lore Barat,6,6,6,2,0,0,0,0,0,0,0,0,0,0
26,SULAWESI TENGAH,380,KAB. POSO,5082,Lore Peore,5,5,5,5,0,0,0,0,0,0,0,0,0,0
26,SULAWESI TENGAH,380,KAB. POSO,5074,Lore Selatan,8,8,8,6,0,0,0,0,0,0,0,0,0,0
26,SULAWESI TENGAH,380,KAB. POSO,5073,Lore Tengah,8,8,8,5,0,0,0,0,0,0,0,0,0,0
26,SULAWESI TENGAH,380,KAB. POSO,5081,Lore Timur,5,5,5,3,0,0,0,0,0,0,0,0,0,0
26,SULAWESI TENGAH,380,KAB. POSO,5072,Lore Utara,7,7,7,6,0,0,0,0,0,0,0,0,0,0
26,SULAWESI TENGAH,380,KAB. POSO,5077,Pamona Barat,6,6,6,1,0,0,0,0,0,0,0,0,0,0
26,SULAWESI TENGAH,380,KAB. POSO,5069,Pamona Puselemba,11,11,11,4,0,0,0,0,0,0,0,0,0,0
26,SULAWESI TENGAH,380,KAB. POSO,5071,Pamona Selatan,12,12,12,6,0,0,0,0,0,0,0,0,0,0
26,SULAWESI TENGAH,380,KAB. POSO,5083,Pamona Tenggara,9,9,9,6,0,0,0,0,0,0,0,0,0,0
26,SULAWESI TENGAH,380,KAB. POSO,5070,Pamona Timur,13,13,13,11,0,0,0,0,0,0,0,0,0,0
26,SULAWESI TENGAH,380,KAB. POSO,5084,Pamona Utara,10,10,10,9,0,0,0,0,0,0,0,0,0,0
26,SULAWESI TENGAH,380,KAB. POSO,5066,Poso Kota,7,7,7,7,0,0,0,0,0,0,0,0,0,0
26,SULAWESI TENGAH,380,KAB. POSO,5078,Poso Kota Selatan,5,5,5,5,0,0,0,0,0,0,0,0,0,0
26,SULAWESI TENGAH,380,KAB. POSO,5079,Poso Kota Utara,7,7,7,7,0,0,0,0,0,0,0,0,0,0
26,SULAWESI TENGAH,380,KAB. POSO,5067,Poso Pesisir,16,16,16,7,0,0,0,0,0,0,0,0,0,0
26,SULAWESI TENGAH,380,KAB. POSO,5076,Poso Pesisir Selatan,9,9,9,6,0,0,0,0,0,0,0,0,0,0
26,SULAWESI TENGAH,380,KAB. POSO,5075,Poso Pesisir Utara,10,10,10,0,0,0,0,0,0,0,0,0,0,0
26,SULAWESI TENGAH,387,KAB. SIGI,5173,Dolo,11,11,11,3,0,0,0,0,0,0,0,0,0,0
26,SULAWESI TENGAH,387,KAB. SIGI,5172,Dolo Barat,12,12,12,1,0,0,0,0,0,0,0,0,0,0
26,SULAWESI TENGAH,387,KAB. SIGI,5170,Dolo Selatan,12,12,12,8,0,0,0,0,0,0,0,0,0,0
26,SULAWESI TENGAH,387,KAB. SIGI,5169,Gumbasa,7,7,7,2,0,0,0,0,0,0,0,0,0,0
26,SULAWESI TENGAH,387,KAB. SIGI,5174,Kinovaro,8,8,8,1,0,0,0,0,0,0,0,0,0,0
26,SULAWESI TENGAH,387,KAB. SIGI,5166,Kulawi,14,14,14,3,0,0,0,0,0,0,0,0,0,0
26,SULAWESI TENGAH,387,KAB. SIGI,5167,Kulawi Selatan,12,12,12,1,0,26,710000,0,0,0,30000,2,3,30000
26,SULAWESI TENGAH,387,KAB. SIGI,5165,Lindu,5,5,5,3,0,0,0,0,0,0,0,0,0,0
26,SULAWESI TENGAH,387,KAB. SIGI,5175,Marawola,11,11,11,8,0,0,0,300000,3,3,30000,3,3,330000
26,SULAWESI TENGAH,387,KAB. SIGI,5176,Marawola Barat,11,11,11,0,0,0,0,0,0,0,0,0,0,0
26,SULAWESI TENGAH,387,KAB. SIGI,5164,Nokilalaki,4,4,4,0,0,0,0,0,0,0,0,0,0,0
26,SULAWESI TENGAH,387,KAB. SIGI,5163,Palolo,22,22,22,2,0,0,0,1350000,27,27,270000,27,27,1620000
26,SULAWESI TENGAH,387,KAB. SIGI,5168,Pipikoro,13,13,13,1,0,0,0,0,0,0,0,0,0,0
26,SULAWESI TENGAH,387,KAB. SIGI,5162,Sigi Biromaru,17,17,17,7,0,0,0,2300000,45,45,240000,5,24,2540000
26,SULAWESI TENGAH,387,KAB. SIGI,5171,Tanambulava,5,5,5,2,0,0,0,300000,6,6,0,0,0,300000
26,SULAWESI TENGAH,386,KAB. TOJO UNA UNA,5154,Ampana Kota,10,10,10,5,0,0,0,100000,1,1,0,0,0,100000
26,SULAWESI TENGAH,386,KAB. TOJO UNA UNA,5153,Ampana Tete,19,19,19,10,0,0,0,0,0,0,0,0,0,0
26,SULAWESI TENGAH,386,KAB. TOJO UNA UNA,5160,Batudaka,7,7,7,4,0,0,0,1650000,33,33,770000,34,77,2420000
26,SULAWESI TENGAH,386,KAB. TOJO UNA UNA,5159,Ratolindo,10,10,10,8,0,0,0,0,0,0,0,0,0,0
26,SULAWESI TENGAH,386,KAB. TOJO UNA UNA,5161,Talatako,6,6,6,1,0,0,0,0,0,0,0,0,0,0
26,SULAWESI TENGAH,386,KAB. TOJO UNA UNA,5151,Togean,12,12,12,2,0,0,0,0,0,0,0,0,0,0
26,SULAWESI TENGAH,386,KAB. TOJO UNA UNA,5157,Tojo,13,13,13,10,0,0,0,0,0,0,0,0,0,0
26,SULAWESI TENGAH,386,KAB. TOJO UNA UNA,5156,Tojo Barat,11,11,11,6,0,0,0,0,0,0,0,0,0,0
26,SULAWESI TENGAH,386,KAB. TOJO UNA UNA,5155,Ulubongka,16,16,16,3,0,0,0,50000,1,1,10000,1,1,60000
26,SULAWESI TENGAH,386,KAB. TOJO UNA UNA,7009,Una Una,7,7,7,3,0,0,0,0,0,0,0,0,0,0
26,SULAWESI TENGAH,386,KAB. TOJO UNA UNA,5158,Walea Besar,5,5,5,2,0,0,0,0,0,0,0,0,0,0
26,SULAWESI TENGAH,386,KAB. TOJO UNA UNA,5152,Walea Kepulauan,6,6,6,2,0,0,0,0,0,0,0,0,0,0
26,SULAWESI TENGAH,382,KAB. TOLI-TOLI,5105,Baolan,10,10,10,10,0,0,0,5600000,112,112,1800000,90,90,7400000
26,SULAWESI TENGAH,382,KAB. TOLI-TOLI,5102,Basidondo,10,10,10,10,0,0,0,0,0,0,100000,1,1,100000
26,SULAWESI TENGAH,382,KAB. TOLI-TOLI,5107,Dako Pemean,4,4,4,4,0,0,0,0,0,0,0,0,0,0
26,SULAWESI TENGAH,382,KAB. TOLI-TOLI,5099,Dampal Selatan,13,13,13,13,0,0,0,200000,2,2,20000,2,2,220000
26,SULAWESI TENGAH,382,KAB. TOLI-TOLI,5100,Dampal Utara,12,12,12,11,0,0,0,0,0,0,0,0,0,0
26,SULAWESI TENGAH,382,KAB. TOLI-TOLI,5101,Dondo,16,16,16,14,0,0,0,3100000,62,62,640000,58,64,3740000
26,SULAWESI TENGAH,382,KAB. TOLI-TOLI,5106,Galang,14,14,14,13,0,0,0,1100000,11,11,120000,12,23,1220000
26,SULAWESI TENGAH,382,KAB. TOLI-TOLI,5104,Lampasio,9,9,9,9,0,0,0,0,0,0,0,0,0,0
26,SULAWESI TENGAH,382,KAB. TOLI-TOLI,5103,Ogodeide,11,11,11,11,0,0,0,0,0,0,0,0,0,0
26,SULAWESI TENGAH,382,KAB. TOLI-TOLI,7008,Tolitoli Utara,10,10,10,8,0,0,0,500000,5,5,50000,5,5,550000
26,SULAWESI TENGAH,390,KOTA PALU,5201,Mantikulore,8,8,8,5,0,0,0,100000,2,2,0,0,0,100000
26,SULAWESI TENGAH,390,KOTA PALU,5195,Palu Barat,6,6,6,5,0,0,0,0,0,0,0,0,0,0
26,SULAWESI TENGAH,390,KOTA PALU,5196,Palu Selatan,5,5,5,4,0,0,0,0,0,0,0,0,0,0
26,SULAWESI TENGAH,390,KOTA PALU,5194,Palu Timur,5,5,5,4,0,0,0,0,0,0,0,0,0,0
26,SULAWESI TENGAH,390,KOTA PALU,5197,Palu Utara,5,5,5,5,0,0,0,0,0,0,0,0,0,0
26,SULAWESI TENGAH,390,KOTA PALU,5199,Tatanga,6,6,6,3,0,0,0,0,0,0,0,0,0,0
26,SULAWESI TENGAH,390,KOTA PALU,5200,Tawaeli,5,5,5,3,0,0,0,0,0,0,0,0,0,0
26,SULAWESI TENGAH,390,KOTA PALU,5198,Ulujadi,6,6,6,6,0,0,0,0,0,0,0,0,0,0
28,SULAWESI TENGGARA,419,KAB. BOMBANA,5566,Kabaena,4,4,4,4,0,0,0,0,0,0,0,0,0,0
28,SULAWESI TENGGARA,419,KAB. BOMBANA,5575,Kabaena Barat,5,5,5,5,0,0,0,0,0,0,0,0,0,0
28,SULAWESI TENGGARA,419,KAB. BOMBANA,5574,Kabaena Selatan,4,4,4,4,0,0,0,0,0,0,0,0,0,0
28,SULAWESI TENGGARA,419,KAB. BOMBANA,5577,Kabaena Tengah,7,7,7,7,0,0,0,9400000,48,48,2500000,50,122,11900000
28,SULAWESI TENGGARA,419,KAB. BOMBANA,5567,Kabaena Timur,7,7,7,7,0,0,0,450000,9,9,1650000,10,33,2100000
28,SULAWESI TENGGARA,419,KAB. BOMBANA,5576,Kabaena Utara,6,6,6,6,0,0,0,0,0,0,0,0,0,0
28,SULAWESI TENGGARA,419,KAB. BOMBANA,7057,Kep. Masaloka Raya,5,5,5,3,0,0,0,0,0,0,0,0,0,0
28,SULAWESI TENGGARA,419,KAB. BOMBANA,5581,Lantari Jaya,9,9,9,9,0,0,0,0,0,0,0,0,0,0
28,SULAWESI TENGGARA,419,KAB. BOMBANA,5569,Mata Oleo,11,11,11,11,0,0,0,3100000,31,31,4320000,31,216,7420000
28,SULAWESI TENGGARA,419,KAB. BOMBANA,5582,Mata Usu,5,5,5,4,0,0,0,0,0,0,0,0,0,0
28,SULAWESI TENGGARA,419,KAB. BOMBANA,5562,Poleang,10,10,10,8,0,0,0,0,0,0,0,0,0,0
28,SULAWESI TENGGARA,419,KAB. BOMBANA,5568,Poleang Barat,11,11,11,8,0,0,0,0,0,0,0,0,0,0
28,SULAWESI TENGGARA,419,KAB. BOMBANA,5572,Poleang Selatan,5,5,5,5,0,0,0,0,0,0,0,0,0,0
28,SULAWESI TENGGARA,419,KAB. BOMBANA,5579,Poleang Tengah,4,4,4,4,0,0,0,0,0,0,0,0,0,0
28,SULAWESI TENGGARA,419,KAB. BOMBANA,5573,Poleang Tenggara,5,5,5,5,0,0,0,0,0,0,0,0,0,0
28,SULAWESI TENGGARA,419,KAB. BOMBANA,5563,Poleang Timur,5,5,5,4,0,0,0,0,0,0,0,0,0,0
28,SULAWESI TENGGARA,419,KAB. BOMBANA,5571,Poleang Utara,8,8,8,7,0,0,0,0,0,0,0,0,0,0
28,SULAWESI TENGGARA,419,KAB. BOMBANA,5564,Rarowatu,9,9,9,9,0,0,0,0,0,0,0,0,0,0
28,SULAWESI TENGGARA,419,KAB. BOMBANA,5570,Rarowatu Utara,8,8,8,8,0,0,0,2600000,26,26,650000,26,26,3250000
28,SULAWESI TENGGARA,419,KAB. BOMBANA,5565,Rumbia,6,6,6,6,0,0,0,100000,1,1,0,0,0,100000
28,SULAWESI TENGGARA,419,KAB. BOMBANA,5578,Rumbia Tengah,5,5,5,3,0,0,0,0,0,0,0,0,0,0
28,SULAWESI TENGGARA,419,KAB. BOMBANA,5580,Tontonunu,5,5,5,3,0,0,0,0,0,0,0,0,0,0
28,SULAWESI TENGGARA,417,KAB. BUTON,5531,Kapontori,17,17,17,13,0,0,0,20800000,246,246,15190000,246,1594,35990000
28,SULAWESI TENGGARA,417,KAB. BUTON,5532,Lasalimu,15,15,15,12,0,0,0,3700000,37,37,2250000,37,224,5950000
28,SULAWESI TENGGARA,417,KAB. BUTON,5533,Lasalimu Selatan,15,15,15,14,0,0,0,2100000,21,21,190000,19,19,2290000
28,SULAWESI TENGGARA,417,KAB. BUTON,5530,Pasarwajo,22,22,22,13,0,0,0,2200000,11,11,0,0,0,2200000
28,SULAWESI TENGGARA,417,KAB. BUTON,5534,Siotapina,11,11,11,7,0,0,0,4000000,41,41,4440000,39,222,8440000
28,SULAWESI TENGGARA,417,KAB. BUTON,5536,Wabula,7,7,7,5,0,0,0,4000000,40,40,400000,40,40,4400000
28,SULAWESI TENGGARA,417,KAB. BUTON,5535,Wolowa,7,7,7,6,0,0,0,7400000,37,37,2170000,37,109,9570000
28,SULAWESI TENGGARA,428,KAB. BUTON SELATAN,5660,Batauga,12,12,12,7,0,0,0,1350000,27,27,1620000,27,81,2970000
28,SULAWESI TENGGARA,428,KAB. BUTON SELATAN,5663,Batu Atas,7,7,7,3,0,0,0,0,0,0,0,0,0,0
28,SULAWESI TENGGARA,428,KAB. BUTON SELATAN,5666,Kadatua,10,10,9,3,0,0,0,0,0,0,0,0,0,0
28,SULAWESI TENGGARA,428,KAB. BUTON SELATAN,5662,Lapandewa,7,6,7,1,0,0,0,0,0,0,0,0,0,0
28,SULAWESI TENGGARA,428,KAB. BUTON SELATAN,5661,Sampolawa,16,14,16,4,0,0,0,0,0,0,0,0,0,0
28,SULAWESI TENGGARA,428,KAB. BUTON SELATAN,5665,Siompu,10,10,10,4,0,0,0,1600000,32,32,1315000,14,55,2915000
28,SULAWESI TENGGARA,428,KAB. BUTON SELATAN,5664,Siompu Barat,8,8,8,5,0,0,0,0,0,0,0,0,0,0
28,SULAWESI TENGGARA,427,KAB. BUTON TENGAH,5658,Gu,12,12,12,10,0,0,0,2500000,25,25,250000,25,25,2750000
28,SULAWESI TENGGARA,427,KAB. BUTON TENGAH,5653,Lakudo,15,15,15,12,0,0,0,0,0,0,0,0,0,0
28,SULAWESI TENGGARA,427,KAB. BUTON TENGAH,5656,Mawasangka,19,19,19,14,0,0,0,15800000,158,158,6150010,221,616,21950010
28,SULAWESI TENGGARA,427,KAB. BUTON TENGAH,5655,Mawasangka Tengah,10,10,10,7,0,0,0,0,0,0,0,0,0,0
28,SULAWESI TENGGARA,427,KAB. BUTON TENGAH,5654,Mawasangka Timur,8,8,8,8,0,0,0,0,0,0,0,0,0,0
28,SULAWESI TENGGARA,427,KAB. BUTON TENGAH,5659,Sangia Wambulu,6,6,6,4,0,0,0,0,0,0,0,0,0,0
28,SULAWESI TENGGARA,427,KAB. BUTON TENGAH,5657,Talaga Raya,7,7,7,7,0,0,0,8200000,82,82,6810000,78,681,15010000
28,SULAWESI TENGGARA,423,KAB. BUTON UTARA,5618,Bonegunu,15,15,15,15,0,0,0,3000000,30,30,0,0,0,3000000
28,SULAWESI TENGGARA,423,KAB. BUTON UTARA,5617,Kambowa,11,11,11,11,0,0,0,0,0,0,0,0,0,0
28,SULAWESI TENGGARA,423,KAB. BUTON UTARA,5620,Kulisusu,23,23,23,23,0,0,0,5000,1,1,0,0,0,5000
28,SULAWESI TENGGARA,423,KAB. BUTON UTARA,5621,Kulisusu Barat,14,14,14,14,0,0,0,0,0,0,0,0,0,0
28,SULAWESI TENGGARA,423,KAB. BUTON UTARA,5622,Kulisusu Utara,14,14,14,14,0,0,0,1650000,17,17,150000,17,20,1800000
28,SULAWESI TENGGARA,423,KAB. BUTON UTARA,5619,Wakorumba Utara,13,13,13,13,0,0,0,0,0,0,0,0,0,0
28,SULAWESI TENGGARA,414,KAB. KOLAKA,5475,Baula,10,10,10,4,0,0,0,0,0,0,0,0,0,0
28,SULAWESI TENGGARA,414,KAB. KOLAKA,5480,Iwoimendaa,10,10,10,3,0,0,0,0,0,0,0,0,0,0
28,SULAWESI TENGGARA,414,KAB. KOLAKA,5471,Kolaka,7,7,7,4,0,0,0,0,0,0,0,0,0,0
28,SULAWESI TENGGARA,414,KAB. KOLAKA,7055,Latambaga,7,7,7,5,0,0,0,300000,1,1,50000,1,1,350000
28,SULAWESI TENGGARA,414,KAB. KOLAKA,5479,Polinggona,7,7,7,2,0,0,0,0,0,0,0,0,0,0
28,SULAWESI TENGGARA,414,KAB. KOLAKA,5472,Pomalaa,12,12,12,12,0,0,0,0,0,0,0,0,0,0
28,SULAWESI TENGGARA,414,KAB. KOLAKA,5477,Samaturu,19,19,19,10,0,0,0,6900000,46,46,2025000,36,81,8925000
28,SULAWESI TENGGARA,414,KAB. KOLAKA,5476,Tanggetada,14,14,14,7,0,0,0,0,0,0,0,0,0,0
28,SULAWESI TENGGARA,414,KAB. KOLAKA,5478,Toari,10,10,10,3,0,0,0,0,0,0,0,0,0,0
28,SULAWESI TENGGARA,414,KAB. KOLAKA,5473,Watubangga,14,14,14,6,0,0,0,0,0,0,0,0,0,0
28,SULAWESI TENGGARA,414,KAB. KOLAKA,5474,Wolo,14,14,14,5,0,0,0,100000,1,1,0,0,0,100000
28,SULAWESI TENGGARA,414,KAB. KOLAKA,7054,Wundulako,11,11,11,9,0,0,0,0,0,0,0,0,0,0
28,SULAWESI TENGGARA,424,KAB. KOLAKA TIMUR,5632,Aere,11,11,11,5,0,0,0,4500000,18,18,10000,1,1,4510000
28,SULAWESI TENGGARA,424,KAB. KOLAKA TIMUR,5634,Dangia,12,12,12,4,0,0,0,0,0,0,0,0,0,0
28,SULAWESI TENGGARA,424,KAB. KOLAKA TIMUR,5625,Ladongi,10,10,10,7,0,0,0,2600000,13,13,390000,13,39,2990000
28,SULAWESI TENGGARA,424,KAB. KOLAKA TIMUR,5628,Lalolae,5,5,5,3,0,0,0,0,0,0,0,0,0,0
28,SULAWESI TENGGARA,424,KAB. KOLAKA TIMUR,5627,Lambandia,15,15,15,13,0,0,0,0,0,0,0,0,0,0
28,SULAWESI TENGGARA,424,KAB. KOLAKA TIMUR,5624,Loea,9,9,9,5,0,0,0,25100000,55,55,980000,49,49,26080000
28,SULAWESI TENGGARA,424,KAB. KOLAKA TIMUR,5629,Mowewe,10,10,10,4,0,0,0,0,0,0,0,0,0,0
28,SULAWESI TENGGARA,424,KAB. KOLAKA TIMUR,5626,Poli Polia,12,12,12,10,0,0,0,0,0,0,0,0,0,0
28,SULAWESI TENGGARA,424,KAB. KOLAKA TIMUR,5631,Tinondo,12,12,12,10,0,0,0,0,0,0,0,0,0,0
28,SULAWESI TENGGARA,424,KAB. KOLAKA TIMUR,5623,Tirawuta,16,16,15,9,0,0,0,0,0,0,0,0,0,0
28,SULAWESI TENGGARA,424,KAB. KOLAKA TIMUR,5633,Ueesi,11,11,11,0,0,0,0,0,0,0,0,0,0,0
28,SULAWESI TENGGARA,424,KAB. KOLAKA TIMUR,5630,Uluiwoi,10,10,10,5,0,0,0,0,0,0,0,0,0,0
28,SULAWESI TENGGARA,421,KAB. KOLAKA UTARA,5592,Batu Putih,11,11,11,9,0,0,0,1300000,26,26,1040000,25,52,2340000
28,SULAWESI TENGGARA,421,KAB. KOLAKA UTARA,5602,Katoi,6,6,6,4,0,0,0,0,0,0,0,0,0,0
28,SULAWESI TENGGARA,421,KAB. KOLAKA UTARA,5594,Kodeoha,12,12,12,12,0,0,0,100000,1,1,0,0,0,100000
28,SULAWESI TENGGARA,421,KAB. KOLAKA UTARA,5597,Lambai,7,7,7,6,0,0,0,0,0,0,0,0,0,0
28,SULAWESI TENGGARA,421,KAB. KOLAKA UTARA,5590,Lasusua,12,12,12,12,0,0,0,580000,29,29,0,0,0,580000
28,SULAWESI TENGGARA,421,KAB. KOLAKA UTARA,5595,Ngapa,12,12,12,11,0,0,0,0,0,0,0,0,0,0
28,SULAWESI TENGGARA,421,KAB. KOLAKA UTARA,5591,Pakue,11,11,11,11,0,0,0,1400000,28,28,240000,17,24,1640000
28,SULAWESI TENGGARA,421,KAB. KOLAKA UTARA,5599,Pakue Tengah,10,10,10,9,0,0,0,6600000,66,66,870000,33,65,7470000
28,SULAWESI TENGGARA,421,KAB. KOLAKA UTARA,5600,Pakue Utara,9,9,9,9,0,0,0,0,0,0,0,0,0,0
28,SULAWESI TENGGARA,421,KAB. KOLAKA UTARA,5601,Porehu,8,8,8,8,0,0,0,5400000,108,108,1180000,107,119,6580000
28,SULAWESI TENGGARA,421,KAB. KOLAKA UTARA,5593,Rante Angin,7,7,7,6,0,0,0,0,0,0,0,0,0,0
28,SULAWESI TENGGARA,421,KAB. KOLAKA UTARA,5603,Tiwu,7,7,7,7,0,0,0,0,0,0,0,0,0,0
28,SULAWESI TENGGARA,421,KAB. KOLAKA UTARA,5604,Tolala,6,6,6,5,0,0,0,0,0,0,0,0,0,0
28,SULAWESI TENGGARA,421,KAB. KOLAKA UTARA,5598,Watunohu,8,8,8,6,0,0,0,100000,1,1,0,0,0,100000
28,SULAWESI TENGGARA,421,KAB. KOLAKA UTARA,5596,Wawo,7,7,7,6,0,0,0,0,0,0,0,0,0,0
28,SULAWESI TENGGARA,415,KAB. KONAWE,5486,Abuki,12,12,12,9,0,0,0,0,0,0,0,0,0,0
28,SULAWESI TENGGARA,415,KAB. KONAWE,5498,Amonggedo,15,15,15,10,0,0,0,0,0,0,0,0,0,0
28,SULAWESI TENGGARA,415,KAB. KONAWE,5496,Anggaberi,8,8,8,7,0,0,0,0,0,0,0,0,0,0
28,SULAWESI TENGGARA,415,KAB. KONAWE,5506,Anggalomoare,10,10,10,10,0,0,0,0,0,0,0,0,0,0
28,SULAWESI TENGGARA,415,KAB. KONAWE,5499,Asinua,8,8,8,3,0,0,0,100000,1,1,20000,1,1,120000
28,SULAWESI TENGGARA,415,KAB. KONAWE,5493,Besulutu,16,16,16,3,0,0,0,0,0,0,0,0,0,0
28,SULAWESI TENGGARA,415,KAB. KONAWE,5494,Bondoala,9,9,9,8,0,0,0,2800000,28,28,5200000,26,260,8000000
28,SULAWESI TENGGARA,415,KAB. KONAWE,5501,Kapoiala,14,14,14,13,0,0,0,100000,1,1,0,0,0,100000
28,SULAWESI TENGGARA,415,KAB. KONAWE,5500,Konawe,12,12,12,11,0,0,0,3000000,30,30,0,0,0,3000000
28,SULAWESI TENGGARA,415,KAB. KONAWE,5502,Lalonggasumeeto,11,11,11,11,0,0,0,5350000,53,53,1400000,26,118,6750000
28,SULAWESI TENGGARA,415,KAB. KONAWE,5481,Lambuya,10,10,10,9,0,0,0,0,0,0,0,0,0,0
28,SULAWESI TENGGARA,415,KAB. KONAWE,5489,Latoma,11,11,11,9,0,0,0,0,0,0,0,0,0,0
28,SULAWESI TENGGARA,415,KAB. KONAWE,5497,Meluhu,9,9,9,7,0,0,0,0,0,0,0,0,0,0
28,SULAWESI TENGGARA,415,KAB. KONAWE,5505,Morosi,10,10,10,10,0,0,0,100000,1,1,0,0,0,100000
28,SULAWESI TENGGARA,415,KAB. KONAWE,5503,Onembute,12,12,12,11,0,0,0,0,0,0,0,0,0,0
28,SULAWESI TENGGARA,415,KAB. KONAWE,5504,Padangguni,11,11,11,9,0,0,0,3100000,31,31,1550000,31,31,4650000
28,SULAWESI TENGGARA,415,KAB. KONAWE,5484,Pondidaha,18,18,18,11,0,0,0,0,0,0,0,0,0,0
28,SULAWESI TENGGARA,415,KAB. KONAWE,5490,Puriala,16,16,16,14,0,0,0,300000,3,3,0,0,0,300000
28,SULAWESI TENGGARA,415,KAB. KONAWE,5495,Routa,7,7,7,7,0,0,0,0,0,0,0,0,0,0
28,SULAWESI TENGGARA,415,KAB. KONAWE,5485,Sampara,15,15,15,14,0,0,0,12200000,109,109,1300000,61,63,13500000
28,SULAWESI TENGGARA,415,KAB. KONAWE,5487,Soropia,15,15,15,13,0,0,0,1000000,10,10,180000,9,9,1180000
28,SULAWESI TENGGARA,415,KAB. KONAWE,5488,Tongauna,10,10,10,8,0,0,0,400000,4,4,0,0,0,400000
28,SULAWESI TENGGARA,415,KAB. KONAWE,7056,Tongauna Utara,10,10,10,1,0,0,0,700000,7,7,0,0,0,700000
28,SULAWESI TENGGARA,415,KAB. KONAWE,5491,Uepai,18,18,18,14,0,0,0,600000,6,6,0,0,0,600000
28,SULAWESI TENGGARA,415,KAB. KONAWE,5482,Unaaha,12,12,12,8,0,0,0,0,0,0,0,0,0,0
28,SULAWESI TENGGARA,415,KAB. KONAWE,5483,Wawotobi,19,19,19,13,0,0,0,6400000,64,64,1340000,62,133,7740000
28,SULAWESI TENGGARA,415,KAB. KONAWE,5492,Wonggeduku,16,16,16,8,0,0,0,3500000,35,35,1090000,26,58,4590000
28,SULAWESI TENGGARA,415,KAB. KONAWE,5507,Wonggeduku Barat,14,14,14,6,0,0,0,1300000,13,13,550000,11,11,1850000
28,SULAWESI TENGGARA,425,KAB. KONAWE KEPULAUAN,5635,Wawonii Barat,16,16,16,6,0,0,0,50000,1,1,0,0,0,50000
28,SULAWESI TENGGARA,425,KAB. KONAWE KEPULAUAN,5640,Wawonii Selatan,12,11,12,6,0,0,0,0,0,0,0,0,0,0
28,SULAWESI TENGGARA,425,KAB. KONAWE KEPULAUAN,5641,Wawonii Tengah,11,10,11,2,0,0,0,100000,2,2,200000,2,20,300000
28,SULAWESI TENGGARA,425,KAB. KONAWE KEPULAUAN,5639,Wawonii Tenggara,14,14,14,8,0,0,0,255550,12,12,20070,8,8,275620
28,SULAWESI TENGGARA,425,KAB. KONAWE KEPULAUAN,5638,Wawonii Timur,8,8,8,4,0,0,0,0,0,0,0,0,0,0
28,SULAWESI TENGGARA,425,KAB. KONAWE KEPULAUAN,5637,Wawonii Timur Laut,10,10,10,4,0,0,0,0,0,0,0,0,0,0
28,SULAWESI TENGGARA,425,KAB. KONAWE KEPULAUAN,5636,Wawonii Utara,18,18,18,10,0,0,0,0,0,0,0,0,0,0
28,SULAWESI TENGGARA,418,KAB. KONAWE SELATAN,5539,Andoolo,10,10,10,5,0,0,0,3100000,31,31,0,0,0,3100000
28,SULAWESI TENGGARA,418,KAB. KONAWE SELATAN,5561,Andoolo Barat,10,10,10,0,0,0,0,0,0,0,0,0,0,0
28,SULAWESI TENGGARA,418,KAB. KONAWE SELATAN,5538,Angata,24,24,24,11,0,0,0,4750000,48,48,490000,23,33,5240000
28,SULAWESI TENGGARA,418,KAB. KONAWE SELATAN,5556,Baito,8,8,8,6,0,0,0,1050000,21,21,600000,12,12,1650000
28,SULAWESI TENGGARA,418,KAB. KONAWE SELATAN,5557,Basala,9,9,9,2,0,0,0,0,0,0,0,0,0,0
28,SULAWESI TENGGARA,418,KAB. KONAWE SELATAN,5549,Benua,12,12,11,3,0,0,0,0,0,0,0,0,0,0
28,SULAWESI TENGGARA,418,KAB. KONAWE SELATAN,5553,Buke,16,16,16,4,0,0,0,2050000,21,21,255000,24,28,2305000
28,SULAWESI TENGGARA,418,KAB. KONAWE SELATAN,5545,Kolono,21,21,21,12,0,0,0,2300000,23,23,200000,20,20,2500000
28,SULAWESI TENGGARA,418,KAB. KONAWE SELATAN,5559,Kolono Timur,10,10,10,3,0,0,0,0,0,0,0,0,0,0
28,SULAWESI TENGGARA,418,KAB. KONAWE SELATAN,5543,Konda,17,17,17,7,0,0,0,0,0,0,0,0,0,0
28,SULAWESI TENGGARA,418,KAB. KONAWE SELATAN,5555,Laeya,17,17,17,7,0,0,0,800000,8,8,0,0,0,800000
28,SULAWESI TENGGARA,418,KAB. KONAWE SELATAN,5542,Lainea,12,12,12,5,0,0,0,9050000,146,146,3410000,144,341,12460000
28,SULAWESI TENGGARA,418,KAB. KONAWE SELATAN,5548,Lalembuu,16,16,16,9,0,0,0,26300000,263,263,3900000,150,390,30200000
28,SULAWESI TENGGARA,418,KAB. KONAWE SELATAN,5541,Landono,12,12,12,8,0,0,0,10200000,6,6,10000,2,2,10210000
28,SULAWESI TENGGARA,418,KAB. KONAWE SELATAN,5547,Laonti,19,19,19,11,0,0,0,0,0,0,0,0,0,0
28,SULAWESI TENGGARA,418,KAB. KONAWE SELATAN,5546,Moramo,19,19,19,10,0,0,0,1650000,33,33,65000,5,5,1715000
28,SULAWESI TENGGARA,418,KAB. KONAWE SELATAN,5552,Moramo Utara,10,10,10,7,0,0,0,100000,1,1,20000,1,1,120000
28,SULAWESI TENGGARA,418,KAB. KONAWE SELATAN,5551,Mowila,16,16,16,5,0,0,0,1000000,14,14,260000,14,14,1260000
28,SULAWESI TENGGARA,418,KAB. KONAWE SELATAN,5540,Palangga,15,15,15,15,0,0,0,12350000,124,124,690000,31,69,13040000
28,SULAWESI TENGGARA,418,KAB. KONAWE SELATAN,5550,Palangga Selatan,10,10,10,7,0,0,0,0,0,0,10000,1,1,10000
28,SULAWESI TENGGARA,418,KAB. KONAWE SELATAN,5544,Ranomeeto,12,12,12,10,0,0,0,0,0,0,0,0,0,0
28,SULAWESI TENGGARA,418,KAB. KONAWE SELATAN,5558,Ranomeeto Barat,9,9,9,6,0,0,0,12850000,257,257,6820000,199,682,19670000
28,SULAWESI TENGGARA,418,KAB. KONAWE SELATAN,5560,Sabulakoa,9,9,9,0,0,0,0,0,0,0,0,0,0,0
28,SULAWESI TENGGARA,418,KAB. KONAWE SELATAN,5537,Tinanggea,24,24,24,20,0,0,0,3500000,70,70,40000,4,4,3540000
28,SULAWESI TENGGARA,418,KAB. KONAWE SELATAN,5554,Wolasi,7,7,7,1,0,0,0,0,0,0,0,0,0,0
28,SULAWESI TENGGARA,422,KAB. KONAWE UTARA,5613,Andowia,15,15,15,10,0,0,0,1200,4,4,0,0,0,1200
28,SULAWESI TENGGARA,422,KAB. KONAWE UTARA,5605,Asera,19,19,19,12,0,0,0,2202200,22,22,0,0,0,2202200
28,SULAWESI TENGGARA,422,KAB. KONAWE UTARA,7059,Landawe,11,11,11,3,0,0,0,0,0,0,0,0,0,0
28,SULAWESI TENGGARA,422,KAB. KONAWE UTARA,5607,Langgikima,12,12,12,4,0,0,0,0,0,0,0,0,0,0
28,SULAWESI TENGGARA,422,KAB. KONAWE UTARA,5609,Lasolo,17,17,17,10,0,0,0,0,0,0,0,0,0,0
28,SULAWESI TENGGARA,422,KAB. KONAWE UTARA,5616,Lasolo Kepulauan,6,6,6,4,0,0,0,200000,1,1,0,0,0,200000
28,SULAWESI TENGGARA,422,KAB. KONAWE UTARA,5610,Lembo,12,12,12,4,0,0,0,7800000,39,39,60000,3,3,7860000
28,SULAWESI TENGGARA,422,KAB. KONAWE UTARA,5608,Molawe,9,9,9,8,0,0,0,8600000,43,43,50000,1,1,8650000
28,SULAWESI TENGGARA,422,KAB. KONAWE UTARA,5614,Motui,15,15,15,12,0,0,0,47000000,48,48,3325000,19,19,50325000
28,SULAWESI TENGGARA,422,KAB. KONAWE UTARA,5612,Oheo,17,17,17,12,0,0,0,1200000,6,6,0,0,0,1200000
28,SULAWESI TENGGARA,422,KAB. KONAWE UTARA,5611,Sawa,14,14,14,8,0,0,0,3600000,12,12,90000,3,3,3690000
28,SULAWESI TENGGARA,422,KAB. KONAWE UTARA,5615,Wawolesea,8,8,8,6,0,0,0,0,0,0,0,0,0,0
28,SULAWESI TENGGARA,422,KAB. KONAWE UTARA,5606,Wiwirano,15,15,15,10,0,0,0,0,0,0,0,0,0,0
28,SULAWESI TENGGARA,416,KAB. MUNA,5512,Batalaiworu,4,4,4,4,0,0,0,0,0,0,0,0,0,0
28,SULAWESI TENGGARA,416,KAB. MUNA,5528,Batukara,4,4,4,4,0,0,0,0,0,0,0,0,0,0
28,SULAWESI TENGGARA,416,KAB. MUNA,5521,Bone,5,5,5,5,0,0,0,0,0,0,0,0,0,0
28,SULAWESI TENGGARA,416,KAB. MUNA,5514,Duruka,7,7,7,6,0,0,0,600000,3,3,250000,4,5,850000
28,SULAWESI TENGGARA,416,KAB. MUNA,5518,Kabangka,9,9,9,5,0,0,0,600000,3,3,150000,2,3,750000
28,SULAWESI TENGGARA,416,KAB. MUNA,5519,Kabawo,11,11,11,6,0,0,0,0,0,0,0,0,0,0
28,SULAWESI TENGGARA,416,KAB. MUNA,5513,Katobu,8,8,8,7,0,0,0,5600000,28,28,2800000,32,56,8400000
28,SULAWESI TENGGARA,416,KAB. MUNA,5524,Kontu Kowuna,6,6,6,1,0,0,0,7400000,37,37,1170000,36,36,8570000
28,SULAWESI TENGGARA,416,KAB. MUNA,5517,Kontunaga,6,6,6,4,0,0,0,1800000,9,9,450000,9,9,2250000
28,SULAWESI TENGGARA,416,KAB. MUNA,5511,Lasalepa,7,7,7,7,0,0,0,0,0,0,0,0,0,0
28,SULAWESI TENGGARA,416,KAB. MUNA,5515,Lohia,9,9,9,9,0,0,0,44000000,246,246,37750000,200,755,81750000
28,SULAWESI TENGGARA,416,KAB. MUNA,5509,Maligano,6,6,6,4,0,0,0,0,0,0,0,0,0,0
28,SULAWESI TENGGARA,416,KAB. MUNA,5525,Marobo,5,5,5,3,0,0,0,3400000,17,17,0,0,0,3400000
28,SULAWESI TENGGARA,416,KAB. MUNA,5508,Napabalano,6,6,6,6,0,0,0,20600000,47,47,9800000,28,196,30400000
28,SULAWESI TENGGARA,416,KAB. MUNA,5520,Parigi,11,11,11,7,0,0,0,0,0,0,0,0,0,0
28,SULAWESI TENGGARA,416,KAB. MUNA,5527,Pasi Kolaga,4,4,4,3,0,0,0,0,0,0,0,0,0,0
28,SULAWESI TENGGARA,416,KAB. MUNA,5523,Pasir Putih,6,6,6,4,0,0,0,3700000,19,19,70000,1,7,3770000
28,SULAWESI TENGGARA,416,KAB. MUNA,5522,Tongkuno,12,12,12,9,0,0,0,4400000,22,22,1150000,15,22,5550000
28,SULAWESI TENGGARA,416,KAB. MUNA,5526,Tongkuno Selatan,6,6,6,4,0,2,50000,4400000,22,22,1000000,2,2,5400000
28,SULAWESI TENGGARA,416,KAB. MUNA,5529,Towea,5,5,5,5,0,0,0,0,0,0,0,0,0,0
28,SULAWESI TENGGARA,416,KAB. MUNA,5510,Wakorumba Selatan,5,5,5,3,0,0,0,54200000,31,31,100000,2,2,54300000
28,SULAWESI TENGGARA,416,KAB. MUNA,5516,Watopute,8,8,8,7,0,0,0,2400000,12,12,0,0,0,2400000
28,SULAWESI TENGGARA,426,KAB. MUNA BARAT,5643,Barangka,8,8,8,6,0,0,0,0,0,0,0,0,0,0
28,SULAWESI TENGGARA,426,KAB. MUNA BARAT,5651,Kusambi,12,11,12,7,0,0,0,24700000,28,28,650000,13,13,25350000
28,SULAWESI TENGGARA,426,KAB. MUNA BARAT,5644,Lawa,8,8,8,4,0,0,0,2000000,4,4,200000,4,4,2200000
28,SULAWESI TENGGARA,426,KAB. MUNA BARAT,5647,Maginti,8,8,8,3,0,0,0,0,0,0,0,0,0,0
28,SULAWESI TENGGARA,426,KAB. MUNA BARAT,5652,Napano Kusambi,6,6,6,6,0,0,0,11200100,60,60,1040000,21,21,12240100
28,SULAWESI TENGGARA,426,KAB. MUNA BARAT,5642,Sawerigadi,10,10,10,6,0,0,0,400000,2,2,300000,5,6,700000
28,SULAWESI TENGGARA,426,KAB. MUNA BARAT,5650,Tiworo Kepulauan,9,9,9,8,0,0,0,0,0,0,0,0,0,0
28,SULAWESI TENGGARA,426,KAB. MUNA BARAT,5646,Tiworo Selatan,5,5,5,4,0,0,0,6000000,59,59,1740000,47,87,7740000
28,SULAWESI TENGGARA,426,KAB. MUNA BARAT,5648,Tiworo Tengah,8,8,8,3,0,0,0,0,0,0,0,0,0,0
28,SULAWESI TENGGARA,426,KAB. MUNA BARAT,5649,Tiworo Utara,7,7,7,4,0,0,0,0,0,0,0,0,0,0
28,SULAWESI TENGGARA,426,KAB. MUNA BARAT,5645,Wadaga,7,7,7,2,0,0,0,0,0,0,0,0,0,0
28,SULAWESI TENGGARA,420,KAB. WAKATOBI,5586,Binongko,9,9,9,8,0,0,0,0,0,0,0,0,0,0
28,SULAWESI TENGGARA,420,KAB. WAKATOBI,5584,Kaledupa,16,16,16,5,0,0,0,0,0,0,0,0,0,0
28,SULAWESI TENGGARA,420,KAB. WAKATOBI,5587,Kaledupa Selatan,10,10,10,4,0,0,0,0,0,0,0,0,0,0
28,SULAWESI TENGGARA,420,KAB. WAKATOBI,5589,Togo Binongko,5,5,5,5,0,0,0,50000,1,1,60000,1,3,110000
28,SULAWESI TENGGARA,420,KAB. WAKATOBI,5585,Tomia,10,10,10,3,0,0,0,0,0,0,0,0,0,0
28,SULAWESI TENGGARA,420,KAB. WAKATOBI,5588,Tomia Timur,9,9,9,7,0,0,0,0,0,0,0,0,0,0
28,SULAWESI TENGGARA,420,KAB. WAKATOBI,5583,Wangi-Wangi,20,20,20,16,0,0,0,300000,3,3,60000,3,3,360000
28,SULAWESI TENGGARA,420,KAB. WAKATOBI,7058,Wangi Wangi Selatan,21,21,21,18,0,0,0,0,0,0,0,0,0,0
28,SULAWESI TENGGARA,430,KOTA BAU BAU,5682,Batupoaro,6,6,6,6,0,0,0,1750000,7,7,300000,6,6,2050000
28,SULAWESI TENGGARA,430,KOTA BAU BAU,5676,Betoambari,5,5,5,5,0,0,0,400000,2,2,40000,1,2,440000
28,SULAWESI TENGGARA,430,KOTA BAU BAU,5678,Bungi,5,5,5,5,0,0,0,8500000,43,43,3720000,42,248,12220000
28,SULAWESI TENGGARA,430,KOTA BAU BAU,5679,Kokalukuna,6,6,6,6,0,0,0,6650000,65,65,2520000,64,126,9170000
28,SULAWESI TENGGARA,430,KOTA BAU BAU,5681,Lea-Lea,5,5,5,4,0,0,0,7650000,29,29,3375000,27,135,11025000
28,SULAWESI TENGGARA,430,KOTA BAU BAU,5680,Murhum,5,5,5,5,0,0,0,1200000,9,9,360000,6,18,1560000
28,SULAWESI TENGGARA,430,KOTA BAU BAU,7062,Sorawolio,4,4,4,4,0,0,0,2100000,7,7,590000,6,22,2690000
28,SULAWESI TENGGARA,430,KOTA BAU BAU,5677,Wolio,7,7,7,7,0,0,0,8900000,79,79,3600000,73,180,12500000
28,SULAWESI TENGGARA,429,KOTA KENDARI,5672,Abeli,7,7,7,7,0,0,0,0,0,0,0,0,0,0
28,SULAWESI TENGGARA,429,KOTA KENDARI,5669,Baruga,4,4,4,4,0,0,0,2000000,20,20,365000,15,73,2365000
28,SULAWESI TENGGARA,429,KOTA KENDARI,5674,Kadia,5,5,5,4,0,0,0,0,0,0,0,0,0,0
28,SULAWESI TENGGARA,429,KOTA KENDARI,5675,Kambu,4,4,4,4,0,0,0,0,0,0,0,0,0,0
28,SULAWESI TENGGARA,429,KOTA KENDARI,5668,Kendari,9,9,9,9,0,0,0,0,0,0,0,0,0,0
28,SULAWESI TENGGARA,429,KOTA KENDARI,5671,Kendari Barat,9,9,9,9,0,15,174000,19400000,194,194,560000,42,42,19960000
28,SULAWESI TENGGARA,429,KOTA KENDARI,5667,Mandonga,6,6,6,6,0,0,0,100000,1,1,0,0,0,100000
28,SULAWESI TENGGARA,429,KOTA KENDARI,7061,Nambo,6,6,6,5,0,0,0,0,0,0,0,0,0,0
28,SULAWESI TENGGARA,429,KOTA KENDARI,5670,Poasia,5,5,5,5,0,69,2242500,0,0,0,0,0,0,0
28,SULAWESI TENGGARA,429,KOTA KENDARI,7060,Puuwatu,6,6,6,6,0,0,0,220000,7,7,910000,32,54,1130000
28,SULAWESI TENGGARA,429,KOTA KENDARI,5673,Wua-Wua,4,4,4,4,0,969,22753600,14600000,146,146,735000,146,147,15335000
25,SULAWESI UTARA,363,KAB. BOLAANG MONGONDOW,4876,Bilalang,8,8,8,4,0,0,0,2750000,55,55,430000,22,22,3180000
25,SULAWESI UTARA,363,KAB. BOLAANG MONGONDOW,4870,Bolaang,13,12,13,6,0,0,0,200000,1,1,0,0,0,200000
25,SULAWESI UTARA,363,KAB. BOLAANG MONGONDOW,4875,Bolaang Timur,9,8,9,8,0,0,0,0,0,0,0,0,0,0
25,SULAWESI UTARA,363,KAB. BOLAANG MONGONDOW,4877,Dumoga,12,12,12,4,0,0,0,0,0,0,0,0,0,0
25,SULAWESI UTARA,363,KAB. BOLAANG MONGONDOW,4866,Dumoga Barat,12,12,12,11,0,0,0,7000000,70,70,2090000,71,71,9090000
25,SULAWESI UTARA,363,KAB. BOLAANG MONGONDOW,4879,Dumoga Tengah,10,10,10,4,0,0,0,0,0,0,0,0,0,0
25,SULAWESI UTARA,363,KAB. BOLAANG MONGONDOW,4878,Dumoga Tenggara,10,10,10,7,0,0,0,5800000,63,63,685000,63,79,6485000
25,SULAWESI UTARA,363,KAB. BOLAANG MONGONDOW,4867,Dumoga Timur,16,16,16,7,0,0,0,0,0,0,0,0,0,0
25,SULAWESI UTARA,363,KAB. BOLAANG MONGONDOW,4868,Dumoga Utara,17,16,17,1,0,0,0,0,0,0,0,0,0,0
25,SULAWESI UTARA,363,KAB. BOLAANG MONGONDOW,4869,Lolak,27,26,27,13,0,0,0,100000,1,1,0,0,0,100000
25,SULAWESI UTARA,363,KAB. BOLAANG MONGONDOW,4871,Lolayan,14,14,14,5,0,0,0,0,0,0,0,0,0,0
25,SULAWESI UTARA,363,KAB. BOLAANG MONGONDOW,4872,Passi Barat,13,13,13,11,0,0,0,0,0,0,0,0,0,0
25,SULAWESI UTARA,363,KAB. BOLAANG MONGONDOW,4874,Passi Timur,13,13,13,5,0,0,0,0,0,0,0,0,0,0
25,SULAWESI UTARA,363,KAB. BOLAANG MONGONDOW,4873,Poigar,20,20,20,20,0,0,0,0,0,0,0,0,0,0
25,SULAWESI UTARA,363,KAB. BOLAANG MONGONDOW,4865,Sang Tombolang,12,9,12,3,0,0,0,0,0,0,0,0,0,0
25,SULAWESI UTARA,373,KAB. BOLAANG MONGONDOW SELATAN,4998,Bolaang Uki,17,17,17,8,0,0,0,4125000,77,77,1850000,74,74,5975000
25,SULAWESI UTARA,373,KAB. BOLAANG MONGONDOW SELATAN,5003,Helumo,11,11,11,8,0,0,0,13200000,132,132,15000,1,1,13215000
25,SULAWESI UTARA,373,KAB. BOLAANG MONGONDOW SELATAN,5000,Pinolosian,10,10,10,7,0,0,0,400000,4,4,20000,2,2,420000
25,SULAWESI UTARA,373,KAB. BOLAANG MONGONDOW SELATAN,5001,Pinolosian Tengah,9,8,9,5,0,0,0,3200000,32,32,250000,25,25,3450000
25,SULAWESI UTARA,373,KAB. BOLAANG MONGONDOW SELATAN,5002,Pinolosian Timur,12,12,12,10,0,0,0,6100000,61,61,590000,59,59,6690000
25,SULAWESI UTARA,373,KAB. BOLAANG MONGONDOW SELATAN,4999,Posigadan,16,16,16,13,0,0,0,11050000,23,23,320000,23,23,11370000
25,SULAWESI UTARA,373,KAB. BOLAANG MONGONDOW SELATAN,7004,Tomini,7,7,7,5,0,0,0,0,0,0,0,0,0,0
25,SULAWESI UTARA,372,KAB. BOLAANG MONGONDOW TIMUR,4993,Kotabunan,15,15,15,11,0,0,0,2450000,49,49,5000,1,1,2455000
25,SULAWESI UTARA,372,KAB. BOLAANG MONGONDOW TIMUR,4995,Modayag,14,14,14,3,0,0,0,0,0,0,0,0,0,0
25,SULAWESI UTARA,372,KAB. BOLAANG MONGONDOW TIMUR,4996,Modayag Barat,10,10,10,4,0,0,0,0,0,0,0,0,0,0
25,SULAWESI UTARA,372,KAB. BOLAANG MONGONDOW TIMUR,4997,Mooat,9,8,9,1,0,0,0,0,0,0,0,0,0,0
25,SULAWESI UTARA,372,KAB. BOLAANG MONGONDOW TIMUR,7003,Motongkad,11,11,11,4,0,0,0,0,0,0,0,0,0,0
25,SULAWESI UTARA,372,KAB. BOLAANG MONGONDOW TIMUR,4994,Nuangan,11,10,11,3,0,0,0,0,0,0,0,0,0,0
25,SULAWESI UTARA,372,KAB. BOLAANG MONGONDOW TIMUR,4992,Tutuyan,10,9,10,3,0,0,0,0,0,0,0,0,0,0
25,SULAWESI UTARA,370,KAB. BOLAANG MONGONDOW UTARA,4977,Bintauna,16,16,16,6,0,0,0,7550000,76,76,20000,1,1,7570000
25,SULAWESI UTARA,370,KAB. BOLAANG MONGONDOW UTARA,4979,Bolangitang Barat,18,18,18,6,0,0,0,1300000,4,4,75000,3,3,1375000
25,SULAWESI UTARA,370,KAB. BOLAANG MONGONDOW UTARA,4978,Bolangitang Timur,20,20,20,4,0,0,0,0,0,0,0,0,0,0
25,SULAWESI UTARA,370,KAB. BOLAANG MONGONDOW UTARA,4980,Kaidipang,15,15,15,11,0,0,0,9300000,97,97,1020000,65,127,10320000
25,SULAWESI UTARA,370,KAB. BOLAANG MONGONDOW UTARA,4981,Pinogaluman,22,22,22,14,0,0,0,50000,1,1,0,0,0,50000
25,SULAWESI UTARA,370,KAB. BOLAANG MONGONDOW UTARA,4976,Sangkub,16,16,16,6,0,0,0,0,0,0,0,0,0,0
25,SULAWESI UTARA,371,KAB. KEP. SIAU TAGULANDANG BIARO,4988,Biaro,5,5,5,0,0,0,0,0,0,0,0,0,0,0
25,SULAWESI UTARA,371,KAB. KEP. SIAU TAGULANDANG BIARO,4983,Siau Barat,12,12,12,7,0,0,0,50000,1,1,0,0,0,50000
25,SULAWESI UTARA,371,KAB. KEP. SIAU TAGULANDANG BIARO,4986,Siau Barat Selatan,7,7,7,6,0,0,0,12700000,127,127,7185000,127,1435,19885000
25,SULAWESI UTARA,371,KAB. KEP. SIAU TAGULANDANG BIARO,4989,Siau Barat Utara,8,8,8,7,0,0,0,200000,2,2,30000,2,3,230000
25,SULAWESI UTARA,371,KAB. KEP. SIAU TAGULANDANG BIARO,4990,Siau Tengah,4,4,4,3,0,0,0,0,0,0,0,0,0,0
25,SULAWESI UTARA,371,KAB. KEP. SIAU TAGULANDANG BIARO,4982,Siau Timur,16,16,16,8,0,0,0,1900000,7,7,180000,8,9,2080000
25,SULAWESI UTARA,371,KAB. KEP. SIAU TAGULANDANG BIARO,4985,Siau Timur Selatan,14,14,14,6,0,0,0,2500000,25,25,250000,25,25,2750000
25,SULAWESI UTARA,371,KAB. KEP. SIAU TAGULANDANG BIARO,4984,Tagulandang,15,15,15,9,0,0,0,22100000,221,221,4155000,212,505,26255000
25,SULAWESI UTARA,371,KAB. KEP. SIAU TAGULANDANG BIARO,4991,Tagulandang Selatan,6,6,6,3,0,0,0,2000000,20,20,400000,20,20,2400000
25,SULAWESI UTARA,371,KAB. KEP. SIAU TAGULANDANG BIARO,4987,Tagulandang Utara,6,6,6,2,0,0,0,600000,6,6,60000,6,6,660000
25,SULAWESI UTARA,365,KAB. KEPULAUAN SANGIHE,4912,Kendahe,6,5,6,1,0,0,0,0,0,0,0,0,0,0
25,SULAWESI UTARA,365,KAB. KEPULAUAN SANGIHE,4918,Kepulauan Marore,3,3,3,3,0,0,0,4700000,47,47,3680000,47,368,8380000
25,SULAWESI UTARA,365,KAB. KEPULAUAN SANGIHE,4909,Manganitu,18,17,18,8,0,0,0,0,0,0,0,0,0,0
25,SULAWESI UTARA,365,KAB. KEPULAUAN SANGIHE,4906,Manganitu Selatan,13,12,13,2,0,0,0,0,0,0,0,0,0,0
25,SULAWESI UTARA,365,KAB. KEPULAUAN SANGIHE,4905,Nusa Tabukan,4,3,4,0,0,0,0,0,0,0,0,0,0,0
25,SULAWESI UTARA,365,KAB. KEPULAUAN SANGIHE,4911,Tabukan Selatan,15,12,15,1,0,0,0,0,0,0,0,0,0,0
25,SULAWESI UTARA,365,KAB. KEPULAUAN SANGIHE,4914,Tabukan Selatan Tengah,9,5,9,1,0,0,0,0,0,0,0,0,0,0
25,SULAWESI UTARA,365,KAB. KEPULAUAN SANGIHE,4915,Tabukan Selatan Tenggara,6,6,6,0,0,0,0,0,0,0,0,0,0,0
25,SULAWESI UTARA,365,KAB. KEPULAUAN SANGIHE,4910,Tabukan Tengah,18,17,18,5,0,0,0,0,0,0,20000,2,2,20000
25,SULAWESI UTARA,365,KAB. KEPULAUAN SANGIHE,4904,Tabukan Utara,23,23,23,7,0,0,0,1650000,6,6,20000,1,1,1670000
25,SULAWESI UTARA,365,KAB. KEPULAUAN SANGIHE,4913,Tahuna,8,8,8,7,0,0,0,1050000,21,21,120000,11,12,1170000
25,SULAWESI UTARA,365,KAB. KEPULAUAN SANGIHE,4916,Tahuna Barat,6,6,6,5,0,0,0,0,0,0,0,0,0,0
25,SULAWESI UTARA,365,KAB. KEPULAUAN SANGIHE,4917,Tahuna Timur,8,8,8,3,0,0,0,4600000,46,46,7800000,44,390,12400000
25,SULAWESI UTARA,365,KAB. KEPULAUAN SANGIHE,4908,Tamako,20,18,20,4,0,0,0,0,0,0,0,0,0,0
25,SULAWESI UTARA,365,KAB. KEPULAUAN SANGIHE,4907,Tatoareng,4,3,4,2,0,0,0,0,0,0,0,0,0,0
25,SULAWESI UTARA,366,KAB. KEPULAUAN TALAUD,4920,Beo,6,6,6,5,0,0,0,2700000,27,27,480000,24,24,3180000
25,SULAWESI UTARA,366,KAB. KEPULAUAN TALAUD,4935,Beo Selatan,7,7,7,6,0,0,0,0,0,0,0,0,0,0
25,SULAWESI UTARA,366,KAB. KEPULAUAN TALAUD,4931,Beo Utara,8,8,8,8,0,0,0,0,0,0,0,0,0,0
25,SULAWESI UTARA,366,KAB. KEPULAUAN TALAUD,4927,Damau,8,8,8,5,0,0,0,0,0,0,0,0,0,0
25,SULAWESI UTARA,366,KAB. KEPULAUAN TALAUD,4922,Essang,8,8,8,7,0,0,0,0,0,0,0,0,0,0
25,SULAWESI UTARA,366,KAB. KEPULAUAN TALAUD,4936,Essang Selatan,9,9,9,4,0,0,0,2600000,52,52,9200000,52,460,11800000
25,SULAWESI UTARA,366,KAB. KEPULAUAN TALAUD,4926,Gemeh,15,14,15,12,0,0,0,0,0,0,0,0,0,0
25,SULAWESI UTARA,366,KAB. KEPULAUAN TALAUD,4924,Kabaruan,12,12,12,10,0,0,0,0,0,0,0,0,0,0
25,SULAWESI UTARA,366,KAB. KEPULAUAN TALAUD,4930,Kalongan,5,5,5,2,0,0,0,0,0,0,0,0,0,0
25,SULAWESI UTARA,366,KAB. KEPULAUAN TALAUD,4919,Lirung,7,7,7,5,0,0,0,4300000,43,43,20000,2,2,4320000
25,SULAWESI UTARA,366,KAB. KEPULAUAN TALAUD,4925,Melonguane,13,13,13,11,0,0,0,8000000,160,160,1600000,160,160,9600000
25,SULAWESI UTARA,366,KAB. KEPULAUAN TALAUD,4933,Melonguane Timur,6,6,6,5,0,0,0,0,0,0,0,0,0,0
25,SULAWESI UTARA,366,KAB. KEPULAUAN TALAUD,7002,Miangas,1,1,1,0,0,0,0,0,0,0,0,0,0,0
25,SULAWESI UTARA,366,KAB. KEPULAUAN TALAUD,4934,Moronge,6,6,6,5,0,1000,12000000,1250000,5,5,100000,5,5,1350000
25,SULAWESI UTARA,366,KAB. KEPULAUAN TALAUD,4923,Nanusa,9,9,9,5,0,0,0,0,0,0,0,0,0,0
25,SULAWESI UTARA,366,KAB. KEPULAUAN TALAUD,4932,Pulutan,5,5,5,2,0,0,0,0,0,0,0,0,0,0
25,SULAWESI UTARA,366,KAB. KEPULAUAN TALAUD,4921,Rainis,11,11,11,11,0,0,0,0,0,0,0,0,0,0
25,SULAWESI UTARA,366,KAB. KEPULAUAN TALAUD,4929,Salibabu,6,6,6,6,0,0,0,0,0,0,0,0,0,0
25,SULAWESI UTARA,366,KAB. KEPULAUAN TALAUD,4928,Tampan' Amma,11,9,11,6,0,0,0,0,0,0,0,0,0,0
25,SULAWESI UTARA,364,KAB. MINAHASA,4882,Eris,8,8,8,7,0,0,0,11050000,192,192,9720000,183,972,20770000
25,SULAWESI UTARA,364,KAB. MINAHASA,4885,Kakas,13,13,13,7,0,0,0,0,0,0,0,0,0,0
25,SULAWESI UTARA,364,KAB. MINAHASA,7001,Kakas Barat,10,10,10,6,0,0,0,0,0,0,0,0,0,0
25,SULAWESI UTARA,364,KAB. MINAHASA,4891,Kawangkoan,10,10,10,5,0,0,0,0,0,0,0,0,0,0
25,SULAWESI UTARA,364,KAB. MINAHASA,4900,Kawangkoan Barat,10,10,10,2,0,0,0,0,0,0,0,0,0,0
25,SULAWESI UTARA,364,KAB. MINAHASA,4899,Kawangkoan Utara,10,10,10,7,0,0,0,1000000,5,5,0,0,0,1000000
25,SULAWESI UTARA,364,KAB. MINAHASA,4883,Kombi,13,13,13,2,0,0,0,0,0,0,0,0,0,0
25,SULAWESI UTARA,364,KAB. MINAHASA,4889,Langowan Barat,16,16,16,16,0,0,0,29700000,291,291,6405000,291,441,36105000
25,SULAWESI UTARA,364,KAB. MINAHASA,4897,Langowan Selatan,10,10,10,9,0,0,0,4200000,36,36,40000,4,4,4240000
25,SULAWESI UTARA,364,KAB. MINAHASA,4888,Langowan Timur,8,8,8,7,0,0,0,10600000,106,106,20000,2,2,10620000
25,SULAWESI UTARA,364,KAB. MINAHASA,4898,Langowan Utara,8,8,8,8,0,0,0,0,0,0,0,0,0,0
25,SULAWESI UTARA,364,KAB. MINAHASA,4884,Lembean Timur,11,11,11,7,0,0,0,150000,2,2,0,0,0,150000
25,SULAWESI UTARA,364,KAB. MINAHASA,4901,Mandolang,12,12,12,9,0,0,0,100000,1,1,0,0,0,100000
25,SULAWESI UTARA,364,KAB. MINAHASA,4892,Pineleng,14,14,14,10,0,0,0,6800000,68,68,570000,24,57,7370000
25,SULAWESI UTARA,364,KAB. MINAHASA,4887,Remboken,11,11,11,8,0,0,0,1400000,14,14,240000,13,15,1640000
25,SULAWESI UTARA,364,KAB. MINAHASA,4890,Sonder,19,18,19,12,0,0,0,2300000,46,46,250000,25,25,2550000
25,SULAWESI UTARA,364,KAB. MINAHASA,4894,Tombariri,10,10,10,8,0,0,0,100000,1,1,0,0,0,100000
25,SULAWESI UTARA,364,KAB. MINAHASA,4902,Tombariri Timur,10,10,10,8,0,14974,27217200,2600000,52,52,260000,52,52,2860000
25,SULAWESI UTARA,364,KAB. MINAHASA,4893,Tombulu,11,11,11,8,0,3800,6910000,0,0,0,0,0,0,0
25,SULAWESI UTARA,364,KAB. MINAHASA,4886,Tompaso,11,11,10,10,0,0,0,0,0,0,0,0,0,0
25,SULAWESI UTARA,364,KAB. MINAHASA,4903,Tompaso Barat,10,10,10,6,0,0,0,0,0,0,0,0,0,0
25,SULAWESI UTARA,364,KAB. MINAHASA,4880,Tondano Barat,9,9,9,9,0,0,0,6000000,24,24,540000,16,54,6540000
25,SULAWESI UTARA,364,KAB. MINAHASA,4896,Tondano Selatan,8,8,8,8,0,0,0,5100000,22,22,510000,21,21,5610000
25,SULAWESI UTARA,364,KAB. MINAHASA,4881,Tondano Timur,11,11,11,9,0,0,0,5000000,50,50,605000,18,34,5605000
25,SULAWESI UTARA,364,KAB. MINAHASA,4895,Tondano Utara,8,8,8,7,0,0,0,3500000,49,49,190000,29,29,3690000
25,SULAWESI UTARA,367,KAB. MINAHASA SELATAN,4943,Amurang,8,7,8,4,0,0,0,0,0,0,0,0,0,0
25,SULAWESI UTARA,367,KAB. MINAHASA SELATAN,4948,Amurang Barat,10,10,10,9,0,0,0,14900000,149,149,1960440,89,144,16860440
25,SULAWESI UTARA,367,KAB. MINAHASA SELATAN,4949,Amurang Timur,10,9,10,9,0,0,0,19800000,198,198,3350000,190,190,23150000
25,SULAWESI UTARA,367,KAB. MINAHASA SELATAN,4946,Kumelembuai,8,8,8,7,0,0,0,0,0,0,0,0,0,0
25,SULAWESI UTARA,367,KAB. MINAHASA SELATAN,4947,Maesaan,12,12,12,5,0,0,0,3000000,12,12,500000,31,50,3500000
25,SULAWESI UTARA,367,KAB. MINAHASA SELATAN,4937,Modoinding,10,9,10,6,0,0,0,4000000,20,20,190000,19,19,4190000
25,SULAWESI UTARA,367,KAB. MINAHASA SELATAN,4940,Motoling,7,7,7,6,0,0,0,100000,1,1,0,0,0,100000
25,SULAWESI UTARA,367,KAB. MINAHASA SELATAN,4951,Motoling Barat,8,8,8,5,0,0,0,4600000,46,46,245000,48,48,4845000
25,SULAWESI UTARA,367,KAB. MINAHASA SELATAN,4952,Motoling Timur,8,8,8,8,0,0,0,0,0,0,0,0,0,0
25,SULAWESI UTARA,367,KAB. MINAHASA SELATAN,4939,Ranoyapo,12,12,12,10,0,0,0,600000,12,12,10000,2,2,610000
25,SULAWESI UTARA,367,KAB. MINAHASA SELATAN,4941,Sinonsayang,13,13,13,11,0,2257,35434900,500000,5,5,10000,1,1,510000
25,SULAWESI UTARA,367,KAB. MINAHASA SELATAN,4953,Suluun Tareran,9,9,9,5,0,0,0,0,0,0,0,0,0,0
25,SULAWESI UTARA,367,KAB. MINAHASA SELATAN,4945,Tareran,13,13,13,12,0,0,0,200000,2,2,20000,2,2,220000
25,SULAWESI UTARA,367,KAB. MINAHASA SELATAN,4950,Tatapaan,11,11,11,10,0,0,0,0,0,0,0,0,0,0
25,SULAWESI UTARA,367,KAB. MINAHASA SELATAN,4942,Tenga,18,18,18,13,0,0,0,900,9,9,10000,1,1,10900
25,SULAWESI UTARA,367,KAB. MINAHASA SELATAN,4938,Tompaso Baru,10,10,10,7,0,0,0,200000,2,2,0,0,0,200000
25,SULAWESI UTARA,367,KAB. MINAHASA SELATAN,4944,Tumpaan,10,10,10,10,0,20,1200000,300000,3,3,0,0,0,300000
25,SULAWESI UTARA,369,KAB. MINAHASA TENGGARA,4966,Belang,20,20,20,13,0,0,0,4300000,43,43,990000,40,51,5290000
25,SULAWESI UTARA,369,KAB. MINAHASA TENGGARA,4974,Pasan,11,11,11,10,0,0,0,0,0,0,0,0,0,0
25,SULAWESI UTARA,369,KAB. MINAHASA TENGGARA,4965,Pusomaen,15,15,15,15,0,0,0,0,0,0,0,0,0,0
25,SULAWESI UTARA,369,KAB. MINAHASA TENGGARA,4964,Ratahan,11,11,11,6,0,0,0,0,0,0,0,0,0,0
25,SULAWESI UTARA,369,KAB. MINAHASA TENGGARA,4975,Ratahan Timur,10,10,10,2,0,0,0,0,0,0,0,0,0,0
25,SULAWESI UTARA,369,KAB. MINAHASA TENGGARA,4967,Ratatotok,15,15,15,9,0,0,0,13450000,133,133,940000,75,75,14390000
25,SULAWESI UTARA,369,KAB. MINAHASA TENGGARA,4971,Silian Raya,10,10,10,3,0,0,0,0,0,0,0,0,0,0
25,SULAWESI UTARA,369,KAB. MINAHASA TENGGARA,4968,Tombatu,11,11,11,8,0,0,0,0,0,0,0,0,0,0
25,SULAWESI UTARA,369,KAB. MINAHASA TENGGARA,4972,Tombatu Timur,11,11,11,4,0,0,0,0,0,0,0,0,0,0
25,SULAWESI UTARA,369,KAB. MINAHASA TENGGARA,4973,Tombatu Utara,10,10,10,3,0,0,0,0,0,0,0,0,0,0
25,SULAWESI UTARA,369,KAB. MINAHASA TENGGARA,4969,Touluaan,10,10,10,4,0,0,0,0,0,0,0,0,0,0
25,SULAWESI UTARA,369,KAB. MINAHASA TENGGARA,4970,Touluaan Selatan,10,10,10,1,0,0,0,0,0,0,0,0,0,0
25,SULAWESI UTARA,368,KAB. MINAHASA UTARA,4956,Airmadidi,9,9,9,8,0,0,0,0,0,0,0,0,0,0
25,SULAWESI UTARA,368,KAB. MINAHASA UTARA,4958,Dimembe,11,11,11,11,0,0,0,11850000,237,237,2285000,236,457,14135000
25,SULAWESI UTARA,368,KAB. MINAHASA UTARA,4961,Kalawat,12,12,12,12,0,0,0,1800000,18,18,930000,17,62,2730000
25,SULAWESI UTARA,368,KAB. MINAHASA UTARA,4955,Kauditan,12,12,12,12,0,0,0,13725000,156,156,1185000,125,127,14910000
25,SULAWESI UTARA,368,KAB. MINAHASA UTARA,4954,Kema,10,10,10,9,0,2,31400,2850000,57,57,5320000,128,257,8170000
25,SULAWESI UTARA,368,KAB. MINAHASA UTARA,4959,Likupang Barat,20,20,20,17,0,0,0,100000,2,2,10000,1,1,110000
25,SULAWESI UTARA,368,KAB. MINAHASA UTARA,4963,Likupang Selatan,7,7,7,7,0,0,0,2450000,38,38,110000,10,11,2560000
25,SULAWESI UTARA,368,KAB. MINAHASA UTARA,4960,Likupang Timur,18,18,18,15,0,0,0,8150050,97,98,730400,88,169,8880450
25,SULAWESI UTARA,368,KAB. MINAHASA UTARA,4962,Talawaan,12,12,12,11,0,0,0,0,0,0,0,0,0,0
25,SULAWESI UTARA,368,KAB. MINAHASA UTARA,4957,Wori,20,20,20,17,0,0,0,0,0,0,0,0,0,0
25,SULAWESI UTARA,375,KOTA BITUNG,5018,Aertembaga,10,10,10,7,0,0,0,0,0,0,0,0,0,0
25,SULAWESI UTARA,375,KOTA BITUNG,5020,Girian,7,7,7,7,0,0,0,0,0,0,0,0,0,0
25,SULAWESI UTARA,375,KOTA BITUNG,5015,Lembeh Selatan,7,7,7,6,0,0,0,0,0,0,0,0,0,0
25,SULAWESI UTARA,375,KOTA BITUNG,5022,Lembeh Utara,10,10,10,8,0,0,0,0,0,0,0,0,0,0
25,SULAWESI UTARA,375,KOTA BITUNG,5016,Madidir,8,8,8,6,0,0,0,3700000,37,37,0,0,0,3700000
25,SULAWESI UTARA,375,KOTA BITUNG,5021,Maesa,8,8,8,6,0,0,0,0,0,0,0,0,0,0
25,SULAWESI UTARA,375,KOTA BITUNG,5019,Matuari,8,8,8,7,0,0,0,0,0,0,0,0,0,0
25,SULAWESI UTARA,375,KOTA BITUNG,5017,Ranowulu,11,11,11,10,0,0,0,0,0,0,0,0,0,0
25,SULAWESI UTARA,377,KOTA KOTAMOBAGU,5030,Kotamobagu Barat,6,4,6,3,0,0,0,300000,3,3,0,0,0,300000
25,SULAWESI UTARA,377,KOTA KOTAMOBAGU,5029,Kotamobagu Selatan,9,9,9,5,0,7,406000,500000,10,10,100000,10,10,600000
25,SULAWESI UTARA,377,KOTA KOTAMOBAGU,5028,Kotamobagu Timur,10,10,10,8,0,0,0,6900000,23,23,2500000,25,50,9400000
25,SULAWESI UTARA,377,KOTA KOTAMOBAGU,5027,Kotamobagu Utara,8,8,8,2,0,0,0,0,0,0,0,0,0,0
25,SULAWESI UTARA,374,KOTA MANADO,5004,Bunaken,5,5,5,3,0,0,0,0,0,0,0,0,0,0
25,SULAWESI UTARA,374,KOTA MANADO,5013,Bunaken Kepulauan,4,4,4,0,0,0,0,0,0,0,0,0,0,0
25,SULAWESI UTARA,374,KOTA MANADO,5012,Malalayang,9,8,9,5,0,0,0,0,0,0,0,0,0,0
25,SULAWESI UTARA,374,KOTA MANADO,5011,Mapanget,10,10,10,5,0,0,0,6100000,61,61,0,0,0,6100000
25,SULAWESI UTARA,374,KOTA MANADO,5014,Paal Dua,7,7,7,4,0,0,0,0,0,0,0,0,0,0
25,SULAWESI UTARA,374,KOTA MANADO,5009,Sario,7,7,7,4,0,0,0,100000,1,1,200000,19,20,300000
25,SULAWESI UTARA,374,KOTA MANADO,5006,Singkil,9,9,9,8,0,0,0,12100000,121,121,0,0,0,12100000
25,SULAWESI UTARA,374,KOTA MANADO,5008,Tikala,5,5,5,5,0,0,0,0,0,0,0,0,0,0
25,SULAWESI UTARA,374,KOTA MANADO,5005,Tuminting,10,10,10,6,0,0,0,600000,6,6,10000,1,1,610000
25,SULAWESI UTARA,374,KOTA MANADO,5010,Wanea,9,9,9,8,0,0,0,2750000,30,30,260000,20,37,3010000
25,SULAWESI UTARA,374,KOTA MANADO,5007,Wenang,13,13,13,4,0,0,0,800000,8,8,200000,7,8,1000000
25,SULAWESI UTARA,376,KOTA TOMOHON,5026,Tomohon Barat,8,8,8,7,0,0,0,4700000,36,36,670000,18,67,5370000
25,SULAWESI UTARA,376,KOTA TOMOHON,5023,Tomohon Selatan,12,12,12,10,0,0,0,12200000,122,122,19385000,115,673,31585000
25,SULAWESI UTARA,376,KOTA TOMOHON,5024,Tomohon Tengah,9,8,9,7,0,0,0,0,0,0,0,0,0,0
25,SULAWESI UTARA,376,KOTA TOMOHON,7005,Tomohon Timur,5,5,5,2,0,2390,149667500,6200000,62,62,1475000,15,59,7675000
25,SULAWESI UTARA,376,KOTA TOMOHON,5025,Tomohon Utara,10,10,10,7,0,0,0,0,0,0,0,0,0,0
3,SUMATERA BARAT,62,KAB. AGAM,742,Ampek Angkek,7,7,7,5,0,0,0,15200000,152,152,5550000,145,555,20750000
3,SUMATERA BARAT,62,KAB. AGAM,747,Ampek Nagari,4,4,4,2,0,0,0,0,0,0,0,0,0,0
3,SUMATERA BARAT,62,KAB. AGAM,741,Banuhampu,7,7,7,6,0,0,0,17210000,173,173,4300000,98,394,21510000
3,SUMATERA BARAT,62,KAB. AGAM,743,Baso,10,9,10,6,0,0,0,3500000,35,35,570000,36,38,4070000
3,SUMATERA BARAT,62,KAB. AGAM,748,Candung,3,3,3,3,0,0,0,100000,1,1,0,0,0,100000
3,SUMATERA BARAT,62,KAB. AGAM,740,IV Koto,7,7,7,7,0,0,0,2850000,36,36,620000,35,62,3470000
3,SUMATERA BARAT,62,KAB. AGAM,749,Kamang Magek,5,5,5,3,0,14345,207762500,4700000,47,47,20000,2,2,4720000
3,SUMATERA BARAT,62,KAB. AGAM,737,Lubuk Basung,5,5,5,3,0,0,0,3300000,33,33,3980000,31,199,7280000
3,SUMATERA BARAT,62,KAB. AGAM,750,Malalak,4,4,4,4,0,0,0,5800000,58,58,440000,7,44,6240000
3,SUMATERA BARAT,62,KAB. AGAM,739,Matur,6,6,6,6,0,0,0,4750000,68,68,2950000,53,295,7700000
3,SUMATERA BARAT,62,KAB. AGAM,746,Palembayan,9,9,9,7,0,0,0,1450000,25,25,0,0,0,1450000
3,SUMATERA BARAT,62,KAB. AGAM,745,Palupuh,5,5,5,5,0,0,0,1200000,24,24,1260000,59,252,2460000
3,SUMATERA BARAT,62,KAB. AGAM,6726,Sungai Pua,5,5,5,5,0,0,0,10000000,100,100,4220000,91,372,14220000
3,SUMATERA BARAT,62,KAB. AGAM,736,Tanjung Mutiara,4,4,4,3,0,0,0,100000,1,1,0,0,0,100000
3,SUMATERA BARAT,62,KAB. AGAM,738,Tanjung Raya,11,10,11,10,0,0,0,6100000,67,67,4870000,60,342,10970000
3,SUMATERA BARAT,62,KAB. AGAM,744,Tilatang Kamang,3,3,3,3,0,3250,47435000,4000000,40,40,880000,40,88,4880000
3,SUMATERA BARAT,65,KAB. DHARMASRAYA,778,Asam Jujuhan,5,5,5,4,0,0,0,0,0,0,0,0,0,0
3,SUMATERA BARAT,65,KAB. DHARMASRAYA,771,Koto Baru,4,4,4,1,0,0,0,0,0,0,0,0,0,0
3,SUMATERA BARAT,65,KAB. DHARMASRAYA,779,Koto Besar,7,7,7,7,0,3320,41740000,0,0,0,0,0,0,0
3,SUMATERA BARAT,65,KAB. DHARMASRAYA,776,Koto Salak,5,5,5,4,0,8300,117482000,0,0,0,0,0,0,0
3,SUMATERA BARAT,65,KAB. DHARMASRAYA,6733,Padang Laweh,4,4,4,1,0,0,0,0,0,0,0,0,0,0
3,SUMATERA BARAT,65,KAB. DHARMASRAYA,772,Pulau Punjung,6,6,6,5,0,0,0,4200000,168,168,500000,50,50,4700000
3,SUMATERA BARAT,65,KAB. DHARMASRAYA,6732,Sembilan Koto,4,4,4,3,0,0,0,0,0,0,0,0,0,0
3,SUMATERA BARAT,65,KAB. DHARMASRAYA,774,Sitiung,4,4,4,4,0,83746,153126800,300000,3,3,0,0,0,300000
3,SUMATERA BARAT,65,KAB. DHARMASRAYA,773,Sungai Rumbai,4,4,4,3,0,0,0,0,0,0,0,0,0,0
3,SUMATERA BARAT,65,KAB. DHARMASRAYA,775,Timpeh,5,5,5,4,0,0,0,0,0,0,0,0,0,0
3,SUMATERA BARAT,65,KAB. DHARMASRAYA,777,Tiumang,4,4,4,3,0,93150,170454000,3050000,61,61,320000,32,32,3370000
3,SUMATERA BARAT,57,KAB. KEPULAUAN MENTAWAI,687,Pagai Selatan,4,4,4,4,0,0,0,0,0,0,0,0,0,0
3,SUMATERA BARAT,57,KAB. KEPULAUAN MENTAWAI,678,Pagai Utara,3,3,3,3,0,0,0,0,0,0,0,0,0,0
3,SUMATERA BARAT,57,KAB. KEPULAUAN MENTAWAI,682,Siberut Barat,3,3,3,3,0,0,0,0,0,0,0,0,0,0
3,SUMATERA BARAT,57,KAB. KEPULAUAN MENTAWAI,683,Siberut Barat Daya,3,3,3,2,0,0,0,0,0,0,0,0,0,0
3,SUMATERA BARAT,57,KAB. KEPULAUAN MENTAWAI,680,Siberut Selatan,5,5,5,4,0,0,0,0,0,0,0,0,0,0
3,SUMATERA BARAT,57,KAB. KEPULAUAN MENTAWAI,684,Siberut Tengah,3,3,3,3,0,0,0,0,0,0,0,0,0,0
3,SUMATERA BARAT,57,KAB. KEPULAUAN MENTAWAI,681,Siberut Utara,6,6,6,6,0,0,0,0,0,0,0,0,0,0
3,SUMATERA BARAT,57,KAB. KEPULAUAN MENTAWAI,686,Sikakap,3,3,3,1,0,0,0,0,0,0,0,0,0,0
3,SUMATERA BARAT,57,KAB. KEPULAUAN MENTAWAI,679,Sipora Selatan,7,7,7,6,0,0,0,0,0,0,0,0,0,0
3,SUMATERA BARAT,57,KAB. KEPULAUAN MENTAWAI,685,Sipora Utara,6,6,6,5,0,16150,28382560,0,0,0,0,0,0,0
3,SUMATERA BARAT,63,KAB. LIMA PULUH KOTA,759,Akabiluru,7,7,7,7,0,0,0,3500000,35,35,10000,1,1,3510000
3,SUMATERA BARAT,63,KAB. LIMA PULUH KOTA,6730,Bukik Barisan,5,5,5,5,0,0,0,0,0,0,0,0,0,0
3,SUMATERA BARAT,63,KAB. LIMA PULUH KOTA,752,Guguak,5,5,5,5,0,0,0,1850000,19,19,860000,22,86,2710000
3,SUMATERA BARAT,63,KAB. LIMA PULUH KOTA,6728,Gunuang Omeh,3,3,3,3,0,0,0,50000,1,1,0,0,0,50000
3,SUMATERA BARAT,63,KAB. LIMA PULUH KOTA,754,Harau,11,11,11,11,0,0,0,39500000,89,89,1650000,85,168,41150000
3,SUMATERA BARAT,63,KAB. LIMA PULUH KOTA,756,Kapur IX,7,7,7,6,0,0,0,3750000,75,75,4145000,70,193,7895000
3,SUMATERA BARAT,63,KAB. LIMA PULUH KOTA,757,Lareh Sago Halaban,8,8,8,7,0,0,0,1500000,15,15,0,0,0,1500000
3,SUMATERA BARAT,63,KAB. LIMA PULUH KOTA,6727,Luak,4,4,4,4,0,0,0,14000000,246,246,2950000,172,295,16950000
3,SUMATERA BARAT,63,KAB. LIMA PULUH KOTA,758,Mungka,5,5,5,5,0,0,0,1650000,42,42,1830000,42,69,3480000
3,SUMATERA BARAT,63,KAB. LIMA PULUH KOTA,755,Pangkalan Koto Baru,6,6,6,6,0,0,0,13800000,138,138,8300000,111,666,22100000
3,SUMATERA BARAT,63,KAB. LIMA PULUH KOTA,753,Payakumbuh,7,7,7,7,0,0,0,3350000,31,31,2030000,29,203,5380000
3,SUMATERA BARAT,63,KAB. LIMA PULUH KOTA,6729,Situjuah Limo Nagari,5,5,5,5,0,0,0,200000,4,4,0,0,0,200000
3,SUMATERA BARAT,63,KAB. LIMA PULUH KOTA,751,Suliki,6,6,6,6,0,0,0,5650000,79,79,785000,58,58,6435000
3,SUMATERA BARAT,61,KAB. PADANG PARIAMAN,6722,2 x 11 Anam Lingkuang,3,3,3,3,0,0,0,5900000,59,59,280000,28,28,6180000
3,SUMATERA BARAT,61,KAB. PADANG PARIAMAN,733,2 x 11 Kayu Tanam,4,4,4,4,0,0,0,8250000,118,118,4150000,77,415,12400000
3,SUMATERA BARAT,61,KAB. PADANG PARIAMAN,735,Anam Lingkuang,5,5,5,5,0,0,0,2000000,40,40,740000,39,74,2740000
3,SUMATERA BARAT,61,KAB. PADANG PARIAMAN,724,Batang Anai,8,8,8,8,0,0,0,0,0,0,0,0,0,0
3,SUMATERA BARAT,61,KAB. PADANG PARIAMAN,731,Batang Gasan,3,3,3,3,0,0,0,560000,12,12,0,0,0,560000
3,SUMATERA BARAT,61,KAB. PADANG PARIAMAN,728,IV Koto Aua Malintang,5,5,5,5,0,0,0,0,0,0,0,0,0,0
3,SUMATERA BARAT,61,KAB. PADANG PARIAMAN,734,Koto Patamuan,6,6,6,6,0,0,0,700000,14,14,390000,11,71,1090000
3,SUMATERA BARAT,61,KAB. PADANG PARIAMAN,723,Lubuak Aluang,9,9,9,9,0,0,0,7640000,120,120,135000,27,27,7775000
3,SUMATERA BARAT,61,KAB. PADANG PARIAMAN,725,Nan Sabaris,9,9,9,9,0,0,0,6900000,69,69,6150000,63,246,13050000
3,SUMATERA BARAT,61,KAB. PADANG PARIAMAN,6725,Sintuak Toboh Gadang,5,5,5,5,0,0,0,2500000,25,25,2500000,24,125,5000000
3,SUMATERA BARAT,61,KAB. PADANG PARIAMAN,6724,Sungai Garinggiang,4,4,4,4,0,0,0,4800000,32,32,310000,31,31,5110000
3,SUMATERA BARAT,61,KAB. PADANG PARIAMAN,727,Sungai Limau,4,4,4,3,0,0,0,50000,1,1,0,0,0,50000
3,SUMATERA BARAT,61,KAB. PADANG PARIAMAN,729,Ulakan Tapakih,8,8,8,8,0,0,0,480000,12,12,100000,10,10,580000
3,SUMATERA BARAT,61,KAB. PADANG PARIAMAN,6723,VII Koto,12,12,12,10,0,0,0,800000,8,8,0,0,0,800000
3,SUMATERA BARAT,61,KAB. PADANG PARIAMAN,730,VII Koto Padang Sago,6,6,6,6,0,0,0,100000,1,1,10000,1,1,110000
3,SUMATERA BARAT,61,KAB. PADANG PARIAMAN,726,V Koto,8,8,8,6,0,0,0,0,0,0,0,0,0,0
3,SUMATERA BARAT,61,KAB. PADANG PARIAMAN,732,V Koto Timur,4,4,4,3,0,152554,278133200,0,0,0,0,0,0,0
3,SUMATERA BARAT,64,KAB. PASAMAN,760,Bonjol,5,5,5,2,0,5300,77326000,3960000,198,198,7680000,198,768,11640000
3,SUMATERA BARAT,64,KAB. PASAMAN,764,Duo Koto,7,7,7,7,0,0,0,0,0,0,0,0,0,0
3,SUMATERA BARAT,64,KAB. PASAMAN,761,Lubuk Sikaping,13,13,13,13,0,14826,215065000,18800000,252,252,12830000,174,644,31630000
3,SUMATERA BARAT,64,KAB. PASAMAN,763,Mapat Tunggul,4,4,4,3,0,0,0,5452100,130,130,880000,88,88,6332100
3,SUMATERA BARAT,64,KAB. PASAMAN,766,Mapat Tunggul Selatan,2,2,2,0,0,0,0,0,0,0,0,0,0,0
3,SUMATERA BARAT,64,KAB. PASAMAN,768,Padang Gelugur,4,4,4,1,0,0,0,0,0,0,0,0,0,0
3,SUMATERA BARAT,64,KAB. PASAMAN,762,Panti,4,4,4,1,0,0,0,0,0,0,0,0,0,0
3,SUMATERA BARAT,64,KAB. PASAMAN,6731,Rao,5,5,5,3,0,0,0,0,0,0,0,0,0,0
3,SUMATERA BARAT,64,KAB. PASAMAN,770,Rao Selatan,6,6,6,5,0,650,9455000,6200000,31,31,10000,1,1,6210000
3,SUMATERA BARAT,64,KAB. PASAMAN,769,Rao Utara,3,3,3,3,0,0,0,0,0,0,0,0,0,0
3,SUMATERA BARAT,64,KAB. PASAMAN,767,Simpang Alahan Mati,4,4,4,4,0,0,0,0,0,0,0,0,0,0
3,SUMATERA BARAT,64,KAB. PASAMAN,765,Tigo Nagari,5,5,5,5,0,0,0,0,0,0,0,0,0,0
3,SUMATERA BARAT,67,KAB. PASAMAN BARAT,791,Gunung Tuleh,7,7,7,7,0,0,0,0,0,0,0,0,0,0
3,SUMATERA BARAT,67,KAB. PASAMAN BARAT,790,Kinali,17,17,17,14,0,2625,38892500,250000,5,5,0,0,0,250000
3,SUMATERA BARAT,67,KAB. PASAMAN BARAT,793,Koto Balingka,6,6,6,6,0,0,0,2800000,28,28,290000,29,29,3090000
3,SUMATERA BARAT,67,KAB. PASAMAN BARAT,787,Lembah Melintang,9,9,9,7,0,0,0,0,0,0,0,0,0,0
3,SUMATERA BARAT,67,KAB. PASAMAN BARAT,794,Luhak Nan Duo,9,9,9,9,0,0,0,0,0,0,0,0,0,0
3,SUMATERA BARAT,67,KAB. PASAMAN BARAT,788,Pasaman,16,16,16,15,0,0,0,6000000,90,90,2790000,59,279,8790000
3,SUMATERA BARAT,67,KAB. PASAMAN BARAT,792,Ranah Batahan,7,7,7,7,0,0,0,0,0,0,0,0,0,0
3,SUMATERA BARAT,67,KAB. PASAMAN BARAT,6736,Sasak Ranah Pasisie,4,4,4,4,0,0,0,14000000,216,216,1690000,135,169,15690000
3,SUMATERA BARAT,67,KAB. PASAMAN BARAT,6735,Sungai Aur,7,7,7,6,0,0,0,0,0,0,0,0,0,0
3,SUMATERA BARAT,67,KAB. PASAMAN BARAT,6734,Sungai Beremas,1,1,1,1,0,0,0,1400000,14,14,300000,16,30,1700000
3,SUMATERA BARAT,67,KAB. PASAMAN BARAT,789,Talamau,7,7,7,0,0,0,0,0,0,0,0,0,0,0
3,SUMATERA BARAT,56,KAB. PESISIR SELATAN,692,Airpura,10,10,10,10,0,0,0,2400000,48,48,770000,48,77,3170000
3,SUMATERA BARAT,56,KAB. PESISIR SELATAN,676,Basa Ampek Balai Tapan,10,10,10,9,0,0,0,450000,9,9,310000,22,31,760000
3,SUMATERA BARAT,56,KAB. PESISIR SELATAN,688,Batang Kapas,9,9,9,9,0,0,0,0,0,0,0,0,0,0
3,SUMATERA BARAT,56,KAB. PESISIR SELATAN,690,Bayang,17,17,17,13,0,0,0,0,0,0,0,0,0,0
3,SUMATERA BARAT,56,KAB. PESISIR SELATAN,689,IV Jurai,20,20,20,18,0,0,0,6400000,64,64,4750000,64,190,11150000
3,SUMATERA BARAT,56,KAB. PESISIR SELATAN,6714,IV Nagari Bayang Utara,6,6,6,5,0,0,0,2050000,61,61,610000,61,61,2660000
3,SUMATERA BARAT,56,KAB. PESISIR SELATAN,691,Koto XI Tarusan,23,23,23,20,0,0,0,5150000,103,103,2940000,106,294,8090000
3,SUMATERA BARAT,56,KAB. PESISIR SELATAN,672,Lengayang,9,9,9,8,0,0,0,5900000,76,76,1070000,65,107,6970000
3,SUMATERA BARAT,56,KAB. PESISIR SELATAN,674,Linggo Sari Baganti,16,16,16,13,0,0,0,2200000,44,44,9640000,44,482,11840000
3,SUMATERA BARAT,56,KAB. PESISIR SELATAN,675,Lunang,10,10,10,6,0,0,0,0,0,0,0,0,0,0
3,SUMATERA BARAT,56,KAB. PESISIR SELATAN,670,Pancung Soal,10,10,10,9,0,0,0,9200000,92,92,0,0,0,9200000
3,SUMATERA BARAT,56,KAB. PESISIR SELATAN,693,Ranah Ampek Hulu Tapan,10,10,10,9,0,0,0,250000,5,5,0,0,0,250000
3,SUMATERA BARAT,56,KAB. PESISIR SELATAN,671,Ranah Pesisir,10,10,10,9,0,0,0,0,0,0,0,0,0,0
3,SUMATERA BARAT,56,KAB. PESISIR SELATAN,677,Silaut,10,10,10,10,0,0,0,0,0,0,0,0,0,0
3,SUMATERA BARAT,56,KAB. PESISIR SELATAN,673,Sutera,12,12,12,11,0,1439,11801200,27400000,282,282,6968000,273,1018,34368000
3,SUMATERA BARAT,59,KAB. SIJUNJUNG,708,IV Nagari,5,5,5,5,0,0,0,0,0,0,0,0,0,0
3,SUMATERA BARAT,59,KAB. SIJUNJUNG,709,Kamang Baru,11,11,11,11,0,0,0,0,0,0,0,0,0,0
3,SUMATERA BARAT,59,KAB. SIJUNJUNG,6718,Koto VII,7,7,7,7,0,25750,367590000,1000000,10,10,0,0,0,1000000
3,SUMATERA BARAT,59,KAB. SIJUNJUNG,711,Kupitan,4,4,4,4,0,8600,125390000,0,0,0,0,0,0,0
3,SUMATERA BARAT,59,KAB. SIJUNJUNG,6717,Lubuk Tarok,6,6,6,5,0,0,0,0,0,0,0,0,0,0
3,SUMATERA BARAT,59,KAB. SIJUNJUNG,707,Sijunjung,9,9,9,9,0,0,0,0,0,0,0,0,0,0
3,SUMATERA BARAT,59,KAB. SIJUNJUNG,710,Sumpur Kudus,11,11,11,11,0,0,0,2750000,55,55,2660000,55,133,5410000
3,SUMATERA BARAT,59,KAB. SIJUNJUNG,706,Tanjung Gadang,9,9,9,9,0,0,0,0,0,0,0,0,0,0
3,SUMATERA BARAT,58,KAB. SOLOK,699,Bukit Sundi,5,5,5,4,0,0,0,50000,1,1,0,0,0,50000
3,SUMATERA BARAT,58,KAB. SOLOK,6716,Danau Kembar,2,2,2,1,0,0,0,0,0,0,0,0,0,0
3,SUMATERA BARAT,58,KAB. SOLOK,698,Gunung Talang,8,8,8,8,0,91640,234490500,4150000,66,66,5580000,65,279,9730000
3,SUMATERA BARAT,58,KAB. SOLOK,704,Hiliran Gumanti,3,3,3,2,0,0,0,0,0,0,0,0,0,0
3,SUMATERA BARAT,58,KAB. SOLOK,6715,IX Koto Sungai Lasi,9,9,9,8,0,0,0,0,0,0,0,0,0,0
3,SUMATERA BARAT,58,KAB. SOLOK,703,Junjung Sirih,2,2,2,2,0,0,0,650000,13,13,0,0,0,650000
3,SUMATERA BARAT,58,KAB. SOLOK,700,Kubung,8,8,8,8,0,0,0,3750000,43,43,430000,43,43,4180000
3,SUMATERA BARAT,58,KAB. SOLOK,695,Lembah Gumanti,4,4,4,2,0,0,0,0,0,0,0,0,0,0
3,SUMATERA BARAT,58,KAB. SOLOK,697,Lembang Jaya,6,6,6,2,0,0,0,0,0,0,0,0,0,0
3,SUMATERA BARAT,58,KAB. SOLOK,694,Pantai Cermin,2,2,2,1,0,0,0,200000,4,4,40000,4,4,240000
3,SUMATERA BARAT,58,KAB. SOLOK,696,Payung Sekaki,3,3,3,2,0,0,0,50000,1,1,20000,1,2,70000
3,SUMATERA BARAT,58,KAB. SOLOK,705,Tigo Lurah,5,5,5,5,0,0,0,0,0,0,0,0,0,0
3,SUMATERA BARAT,58,KAB. SOLOK,702,X Koto Diatas,9,9,9,9,0,0,0,400000,8,8,80000,8,8,480000
3,SUMATERA BARAT,58,KAB. SOLOK,701,X Koto Singkarak,8,8,8,8,0,0,0,0,0,0,0,0,0,0
3,SUMATERA BARAT,66,KAB. SOLOK SELATAN,782,Koto Parik Gadang Diateh,4,4,4,4,0,0,0,2300000,46,46,850000,45,85,3150000
3,SUMATERA BARAT,66,KAB. SOLOK SELATAN,785,Pauh Duo,4,4,4,4,0,0,0,2325000,31,31,20000,2,2,2345000
3,SUMATERA BARAT,66,KAB. SOLOK SELATAN,780,Sangir,5,4,5,4,0,0,0,2900000,29,29,110000,11,11,3010000
3,SUMATERA BARAT,66,KAB. SOLOK SELATAN,786,Sangir Balai Janggo,5,5,5,4,0,0,0,0,0,0,0,0,0,0
3,SUMATERA BARAT,66,KAB. SOLOK SELATAN,784,Sangir Batang Hari,7,7,7,4,0,0,0,2000000,40,40,820000,19,41,2820000
3,SUMATERA BARAT,66,KAB. SOLOK SELATAN,783,Sangir Jujuan,5,5,5,5,0,0,0,0,0,0,0,0,0,0
3,SUMATERA BARAT,66,KAB. SOLOK SELATAN,781,Sungai Pagu,11,11,11,10,0,0,0,2650000,53,53,1750000,48,175,4400000
3,SUMATERA BARAT,60,KAB. TANAH DATAR,6721,Batipuah Selatan,4,4,4,4,0,1880,27540000,1300000,26,26,1770000,26,177,3070000
3,SUMATERA BARAT,60,KAB. TANAH DATAR,713,Batipuh,8,8,8,8,0,0,0,2500000,25,25,40000,2,2,2540000
3,SUMATERA BARAT,60,KAB. TANAH DATAR,6719,Lima Kaum,5,5,5,5,0,4800,69600000,4700000,47,47,10000,1,1,4710000
3,SUMATERA BARAT,60,KAB. TANAH DATAR,716,Lintau Buo,4,4,4,4,0,0,0,0,0,0,0,0,0,0
3,SUMATERA BARAT,60,KAB. TANAH DATAR,722,Lintau Buo Utara,5,5,5,5,0,1280,18840000,0,0,0,0,0,0,0
3,SUMATERA BARAT,60,KAB. TANAH DATAR,721,Padang Ganting,2,2,2,2,0,30,960000,850000,17,17,150000,15,15,1000000
3,SUMATERA BARAT,60,KAB. TANAH DATAR,719,Pariangan,6,6,6,6,0,12180,170560000,4800000,48,48,1490000,47,149,6290000
3,SUMATERA BARAT,60,KAB. TANAH DATAR,714,Rambatan,5,5,5,5,0,12940,181717000,13600000,148,148,8640000,124,864,22240000
3,SUMATERA BARAT,60,KAB. TANAH DATAR,720,Salimpaung,6,6,6,6,0,0,0,1750000,34,34,3290000,34,329,5040000
3,SUMATERA BARAT,60,KAB. TANAH DATAR,718,Sungai Tarab,10,10,10,10,0,2060,30895000,0,0,0,0,0,0,0
3,SUMATERA BARAT,60,KAB. TANAH DATAR,717,Sungayang,5,5,5,5,0,2808,40716000,2360000,49,49,430000,45,66,2790000
3,SUMATERA BARAT,60,KAB. TANAH DATAR,6720,Tanjuang Baru,2,2,2,2,0,12,192000,200000,2,2,20000,1,1,220000
3,SUMATERA BARAT,60,KAB. TANAH DATAR,715,Tanjung Emas,4,4,4,4,0,17224,250674000,12400000,192,192,6400000,91,343,18800000
3,SUMATERA BARAT,60,KAB. TANAH DATAR,712,X Koto,9,9,9,7,0,0,0,0,0,0,0,0,0,0
3,SUMATERA BARAT,72,KOTA BUKITTINGGI,815,Aur Birugo Tigo Baleh,8,8,8,8,0,0,0,750000,15,15,300000,15,15,1050000
3,SUMATERA BARAT,72,KOTA BUKITTINGGI,6737,Guguak Panjang,7,7,7,7,0,144,2517600,50000,1,1,0,0,0,50000
3,SUMATERA BARAT,72,KOTA BUKITTINGGI,814,Mandiangin Koto Selayan,9,9,9,9,0,324,4698000,2200000,32,32,2080000,32,208,4280000
3,SUMATERA BARAT,68,KOTA PADANG,799,Bungus Teluk Kabung,6,6,6,6,0,0,0,0,0,0,0,0,0,0
3,SUMATERA BARAT,68,KOTA PADANG,805,Koto Tangah,13,13,13,13,0,5412,72419000,750000,8,8,100000,3,5,850000
3,SUMATERA BARAT,68,KOTA PADANG,803,Kuranji,9,9,9,9,0,0,0,0,0,0,0,0,0,0
3,SUMATERA BARAT,68,KOTA PADANG,800,Lubuk Begalung,15,15,15,15,0,14285,367666500,13800000,138,138,6170000,105,617,19970000
3,SUMATERA BARAT,68,KOTA PADANG,801,Lubuk Kilangan,7,7,7,7,0,900,13050000,0,0,0,0,0,0,0
3,SUMATERA BARAT,68,KOTA PADANG,804,Nanggalo,6,6,6,6,0,0,0,0,0,0,0,0,0,0
3,SUMATERA BARAT,68,KOTA PADANG,797,Padang Barat,10,10,10,10,0,1,18500,6400000,64,64,2290000,43,229,8690000
3,SUMATERA BARAT,68,KOTA PADANG,795,Padang Selatan,12,12,12,12,0,0,0,2750000,39,39,1960000,36,98,4710000
3,SUMATERA BARAT,68,KOTA PADANG,796,Padang Timur,10,10,10,10,0,6947,95410500,7040000,113,113,4220000,109,461,11260000
3,SUMATERA BARAT,68,KOTA PADANG,798,Padang Utara,7,7,7,7,0,0,0,200000,2,2,0,0,0,200000
3,SUMATERA BARAT,68,KOTA PADANG,802,Pauh,9,9,9,9,0,0,0,3500000,35,35,1160000,36,116,4660000
3,SUMATERA BARAT,71,KOTA PADANG PANJANG,813,Padang Panjang Barat,8,8,8,7,0,0,0,6200000,59,59,2800000,44,148,9000000
3,SUMATERA BARAT,71,KOTA PADANG PANJANG,812,Padang Panjang Timur,8,8,8,8,0,0,0,4900000,31,31,1300000,24,46,6200000
3,SUMATERA BARAT,74,KOTA PARIAMAN,822,Pariaman Selatan,16,16,16,16,0,0,0,12000000,97,97,7875000,83,328,19875000
3,SUMATERA BARAT,74,KOTA PARIAMAN,820,Pariaman Tengah,22,22,22,22,0,0,0,5100000,53,53,550000,20,37,5650000
3,SUMATERA BARAT,74,KOTA PARIAMAN,823,Pariaman Timur,16,16,16,16,0,0,0,7250000,87,87,4100000,96,297,11350000
3,SUMATERA BARAT,74,KOTA PARIAMAN,821,Pariaman Utara,17,17,17,17,0,0,0,850000,17,17,340000,17,34,1190000
3,SUMATERA BARAT,73,KOTA PAYAKUMBUH,6738,Lamposi Tigo Nagori,6,6,6,6,0,0,0,6350000,64,64,5890000,63,589,12240000
3,SUMATERA BARAT,73,KOTA PAYAKUMBUH,816,Payakumbuh Barat,17,17,17,15,0,0,0,1250000,25,25,820000,22,82,2070000
3,SUMATERA BARAT,73,KOTA PAYAKUMBUH,819,Payakumbuh Selatan,6,6,6,6,0,0,0,3500000,35,35,1940000,35,194,5440000
3,SUMATERA BARAT,73,KOTA PAYAKUMBUH,818,Payakumbuh Timur,9,9,9,9,0,0,0,5200000,72,72,940000,34,54,6140000
3,SUMATERA BARAT,73,KOTA PAYAKUMBUH,817,Payakumbuh Utara,9,9,9,9,0,0,0,2200000,22,22,40000,4,4,2240000
3,SUMATERA BARAT,70,KOTA SAWAHLUNTO,809,Barangin,10,10,10,10,0,0,0,0,0,0,0,0,0,0
3,SUMATERA BARAT,70,KOTA SAWAHLUNTO,808,Lembah Segar,11,11,11,11,0,0,0,0,0,0,0,0,0,0
3,SUMATERA BARAT,70,KOTA SAWAHLUNTO,810,Silungkang,5,5,5,5,0,0,0,0,0,0,0,0,0,0
3,SUMATERA BARAT,70,KOTA SAWAHLUNTO,811,Talawi,11,11,11,11,0,0,0,0,0,0,0,0,0,0
3,SUMATERA BARAT,69,KOTA SOLOK,806,Lubuk Sikarah,7,7,7,6,0,0,0,0,0,0,0,0,0,0
3,SUMATERA BARAT,69,KOTA SOLOK,807,Tanjung Harapan,6,6,6,6,0,2500,36997500,0,0,0,0,0,0,0
6,SUMATERA SELATAN,104,KAB. BANYUASIN,1238,Air Kumbang,16,16,16,12,0,0,0,18650000,333,333,7140000,270,643,25790000
6,SUMATERA SELATAN,104,KAB. BANYUASIN,1233,Air Salek,14,14,14,14,0,0,0,1200000,12,12,180000,18,28,1380000
6,SUMATERA SELATAN,104,KAB. BANYUASIN,1220,Banyuasin I,14,13,14,13,0,19201,220481000,8600000,172,172,5980000,129,598,14580000
6,SUMATERA SELATAN,104,KAB. BANYUASIN,1221,Banyuasin II,10,10,10,6,0,0,0,0,0,0,0,0,0,0
6,SUMATERA SELATAN,104,KAB. BANYUASIN,1222,Banyuasin III,26,26,26,26,0,0,0,33500000,383,383,10790000,284,557,44290000
6,SUMATERA SELATAN,104,KAB. BANYUASIN,1224,Betung,12,12,12,12,0,0,0,5100000,28,28,2460000,32,54,7560000
6,SUMATERA SELATAN,104,KAB. BANYUASIN,6765,Karang Agung Ilir,7,7,7,7,0,0,0,0,0,0,0,0,0,0
6,SUMATERA SELATAN,104,KAB. BANYUASIN,1228,Makarti Jaya,12,12,12,7,0,0,0,0,0,0,0,0,0,0
6,SUMATERA SELATAN,104,KAB. BANYUASIN,1226,Muara Padang,15,15,15,10,0,0,0,300000,6,6,0,0,0,300000
6,SUMATERA SELATAN,104,KAB. BANYUASIN,1232,Muara Sugihan,22,22,22,11,0,0,0,0,0,0,0,0,0,0
6,SUMATERA SELATAN,104,KAB. BANYUASIN,1227,Muara Telang,16,16,16,11,0,0,0,0,0,0,0,0,0,0
6,SUMATERA SELATAN,104,KAB. BANYUASIN,1223,Pulau Rimau,17,17,17,14,0,0,0,60000,2,2,0,0,0,60000
6,SUMATERA SELATAN,104,KAB. BANYUASIN,1225,Rambutan,20,19,20,14,0,0,0,1400000,28,28,660000,33,33,2060000
6,SUMATERA SELATAN,104,KAB. BANYUASIN,1230,Rantau Bayur,21,21,21,5,0,0,0,0,0,0,0,0,0,0
6,SUMATERA SELATAN,104,KAB. BANYUASIN,1239,Selat Penuguan,12,12,12,11,0,0,0,0,0,0,0,0,0,0
6,SUMATERA SELATAN,104,KAB. BANYUASIN,1236,Sembawa,11,11,11,10,0,0,0,4450000,89,89,4400000,90,440,8850000
6,SUMATERA SELATAN,104,KAB. BANYUASIN,1235,Suak Tapeh,11,11,11,10,0,0,0,100000,2,2,20000,1,1,120000
6,SUMATERA SELATAN,104,KAB. BANYUASIN,1237,Sumber Marga Telang,10,10,10,5,0,0,0,3165000,125,125,160000,8,8,3325000
6,SUMATERA SELATAN,104,KAB. BANYUASIN,1229,Talang Kelapa,20,19,20,16,0,19949,277387000,12100000,148,148,7415000,100,314,19515000
6,SUMATERA SELATAN,104,KAB. BANYUASIN,1231,Tanjung Lago,15,15,15,13,0,124,2053000,0,0,0,0,0,0,0
6,SUMATERA SELATAN,104,KAB. BANYUASIN,1234,Tungkal Ilir,14,14,14,12,0,0,0,100000,1,1,0,0,0,100000
6,SUMATERA SELATAN,108,KAB. EMPAT LAWANG,1297,Lintang Kanan,16,16,16,14,0,0,0,41650,35,35,570000,24,24,611650
6,SUMATERA SELATAN,108,KAB. EMPAT LAWANG,1293,Muara Pinang,22,22,22,21,0,0,0,0,0,0,0,0,0,0
6,SUMATERA SELATAN,108,KAB. EMPAT LAWANG,1299,Pasemah Air Keruh,15,15,15,13,0,0,0,0,0,0,0,0,0,0
6,SUMATERA SELATAN,108,KAB. EMPAT LAWANG,1294,Pendopo,19,19,19,14,0,0,0,0,0,0,0,0,0,0
6,SUMATERA SELATAN,108,KAB. EMPAT LAWANG,1301,Pendopo Barat,10,10,10,9,0,0,0,100000,2,2,10000,1,1,110000
6,SUMATERA SELATAN,108,KAB. EMPAT LAWANG,6768,Saling,10,10,10,10,0,0,0,0,0,0,0,0,0,0
6,SUMATERA SELATAN,108,KAB. EMPAT LAWANG,1300,Sikap Dalam,11,11,11,11,0,0,0,0,0,0,0,0,0,0
6,SUMATERA SELATAN,108,KAB. EMPAT LAWANG,1298,Talang Padang,13,13,13,13,0,0,0,0,0,0,0,0,0,0
6,SUMATERA SELATAN,108,KAB. EMPAT LAWANG,1296,Tebing Tinggi,26,26,26,23,0,0,0,600000,12,12,0,0,0,600000
6,SUMATERA SELATAN,108,KAB. EMPAT LAWANG,1295,Ulu Musi,14,14,14,14,0,0,0,1600000,16,16,15000,3,3,1615000
6,SUMATERA SELATAN,101,KAB. LAHAT,1184,Gumay Talang,15,15,15,9,0,0,0,3160000,283,283,2830000,283,283,5990000
6,SUMATERA SELATAN,101,KAB. LAHAT,1188,Gumay Ulu,10,10,10,10,0,6460,83310000,9220000,131,131,5920000,85,592,15140000
6,SUMATERA SELATAN,101,KAB. LAHAT,1172,Jarai,21,21,21,20,0,0,0,8330000,208,208,1890000,188,189,10220000
6,SUMATERA SELATAN,101,KAB. LAHAT,1182,Kikim Barat,19,19,19,15,0,33970,394876000,625000,25,25,625000,25,25,1250000
6,SUMATERA SELATAN,101,KAB. LAHAT,1179,Kikim Selatan,18,18,18,12,0,0,0,1800000,18,18,0,0,0,1800000
6,SUMATERA SELATAN,101,KAB. LAHAT,1181,Kikim Tengah,9,9,9,9,0,31004,347115000,0,0,0,0,0,0,0
6,SUMATERA SELATAN,101,KAB. LAHAT,1180,Kikim Timur,32,32,32,30,0,16619,206600000,21785000,933,933,7975000,895,898,29760000
6,SUMATERA SELATAN,101,KAB. LAHAT,1173,Kota Agung,22,22,22,22,0,0,0,15000,2,2,0,0,0,15000
6,SUMATERA SELATAN,101,KAB. LAHAT,1176,Lahat,29,29,29,25,0,10061,132255100,20165000,550,550,9625000,392,1051,29790000
6,SUMATERA SELATAN,101,KAB. LAHAT,1192,Lahat Selatan,10,10,10,10,0,1250,13750000,50000,1,1,0,0,0,50000
6,SUMATERA SELATAN,101,KAB. LAHAT,1175,Merapi Barat,19,19,19,18,0,1200,13200000,7136800,90,90,1887720,90,90,9024520
6,SUMATERA SELATAN,101,KAB. LAHAT,1189,Merapi Selatan,9,9,9,9,0,0,0,0,0,0,0,0,0,0
6,SUMATERA SELATAN,101,KAB. LAHAT,1186,Merapi Timur,14,14,14,13,0,6239,74339000,0,0,0,0,0,0,0
6,SUMATERA SELATAN,101,KAB. LAHAT,6761,Muarapayang,7,7,7,7,0,0,0,840000,84,84,840000,84,84,1680000
6,SUMATERA SELATAN,101,KAB. LAHAT,6762,Mulak Sebingkai,10,10,10,10,0,0,0,3500000,131,131,3135000,151,321,6635000
6,SUMATERA SELATAN,101,KAB. LAHAT,1178,Mulak Ulu,16,16,16,15,0,0,0,12290000,191,191,1825000,137,167,14115000
6,SUMATERA SELATAN,101,KAB. LAHAT,1185,Pagar Gunung,20,20,20,16,0,0,0,13600000,216,216,2160000,208,208,15760000
6,SUMATERA SELATAN,101,KAB. LAHAT,1177,Pajar Bulan,20,20,20,18,0,0,0,0,0,0,0,0,0,0
6,SUMATERA SELATAN,101,KAB. LAHAT,1183,Pseksu,11,11,11,10,0,7465,87310000,0,0,0,0,0,0,0
6,SUMATERA SELATAN,101,KAB. LAHAT,1174,Pulau Pinang,10,10,10,8,0,630,7410000,6325000,123,123,2505000,107,185,8830000
6,SUMATERA SELATAN,101,KAB. LAHAT,1191,Sukamerindu,10,10,10,9,0,0,0,165000,11,11,0,0,0,165000
6,SUMATERA SELATAN,101,KAB. LAHAT,1187,Tanjung Sakti Pumi,18,18,18,12,0,0,0,4290000,196,196,2160000,196,196,6450000
6,SUMATERA SELATAN,101,KAB. LAHAT,1171,Tanjungsakti Pumu,14,14,14,13,0,0,0,7530000,169,169,1680000,168,168,9210000
6,SUMATERA SELATAN,101,KAB. LAHAT,1190,Tanjungtebat,14,14,14,14,0,0,0,2880000,280,280,2490000,249,249,5370000
6,SUMATERA SELATAN,100,KAB. MUARA ENIM,1169,Belida Darat,10,10,10,3,0,0,0,0,0,0,0,0,0,0
6,SUMATERA SELATAN,100,KAB. MUARA ENIM,1168,Belimbing,10,10,10,6,0,0,0,0,0,0,0,0,0,0
6,SUMATERA SELATAN,100,KAB. MUARA ENIM,1166,Benakat,6,6,5,1,0,0,0,0,0,0,0,0,0,0
6,SUMATERA SELATAN,100,KAB. MUARA ENIM,6759,Empat Petulai Dangku,10,10,10,9,0,0,0,50,1,1,0,0,0,50
6,SUMATERA SELATAN,100,KAB. MUARA ENIM,1156,Gelumbang,23,23,23,16,0,0,0,0,0,0,0,0,0,0
6,SUMATERA SELATAN,100,KAB. MUARA ENIM,1155,Gunung Megang,13,13,13,8,0,0,0,10200000,99,99,4125000,87,167,14325000
6,SUMATERA SELATAN,100,KAB. MUARA ENIM,6758,Kelekar,7,7,7,3,0,0,0,0,0,0,0,0,0,0
6,SUMATERA SELATAN,100,KAB. MUARA ENIM,1157,Lawang Kidul,7,7,7,7,0,0,0,0,0,0,0,0,0,0
6,SUMATERA SELATAN,100,KAB. MUARA ENIM,1165,Lembak,10,10,10,10,0,0,0,0,0,0,0,0,0,0
6,SUMATERA SELATAN,100,KAB. MUARA ENIM,1162,Lubai,10,10,10,10,0,0,0,0,0,0,0,0,0,0
6,SUMATERA SELATAN,100,KAB. MUARA ENIM,1170,Lubai Ulu,11,11,11,11,0,0,0,5720000,168,168,3295400,160,332,9015400
6,SUMATERA SELATAN,100,KAB. MUARA ENIM,1167,Muara Belida,8,8,8,2,0,0,0,0,0,0,0,0,0,0
6,SUMATERA SELATAN,100,KAB. MUARA ENIM,1153,Muara Enim,16,16,16,13,0,0,0,5550000,38,38,3620000,36,152,9170000
6,SUMATERA SELATAN,100,KAB. MUARA ENIM,6760,Panang Enim,12,12,12,11,0,0,0,400000,8,8,0,0,0,400000
6,SUMATERA SELATAN,100,KAB. MUARA ENIM,1163,Rambang,13,13,13,12,0,0,0,10200000,102,102,580000,58,58,10780000
6,SUMATERA SELATAN,100,KAB. MUARA ENIM,1154,Rambang Niru,16,16,16,14,0,0,0,1050000,14,14,0,0,0,1050000
6,SUMATERA SELATAN,100,KAB. MUARA ENIM,1158,Semende Darat Laut,10,10,10,5,0,0,0,0,0,0,0,0,0,0
6,SUMATERA SELATAN,100,KAB. MUARA ENIM,1159,Semende Darat Tengah,12,12,12,5,0,0,0,0,0,0,0,0,0,0
6,SUMATERA SELATAN,100,KAB. MUARA ENIM,1160,Semende Darat Ulu,10,10,10,4,0,0,0,1300000,13,13,1000000,9,20,2300000
6,SUMATERA SELATAN,100,KAB. MUARA ENIM,1164,Sungai Rotan,19,19,19,8,0,0,0,7360000,368,368,2140000,200,214,9500000
6,SUMATERA SELATAN,100,KAB. MUARA ENIM,1152,Tanjung Agung,14,14,14,10,0,0,0,150000,3,3,0,0,0,150000
6,SUMATERA SELATAN,100,KAB. MUARA ENIM,1161,Ujan Mas,9,9,9,8,0,0,0,0,0,0,0,0,0,0
6,SUMATERA SELATAN,103,KAB. MUSI BANYUASIN,1218,Babat Supat,16,16,16,16,0,0,0,0,0,0,0,0,0,0
6,SUMATERA SELATAN,103,KAB. MUSI BANYUASIN,1210,Babat Toman,14,14,14,14,0,0,0,23110000,163,163,6420000,96,170,29530000
6,SUMATERA SELATAN,103,KAB. MUSI BANYUASIN,1208,Batang Hari Leko,16,16,16,16,0,0,0,0,0,0,0,0,0,0
6,SUMATERA SELATAN,103,KAB. MUSI BANYUASIN,1213,Bayung Lencir,23,23,23,23,0,0,0,17620000,64,64,1750000,31,58,19370000
6,SUMATERA SELATAN,103,KAB. MUSI BANYUASIN,1219,Jirak Jaya,12,12,12,12,0,0,0,0,0,0,0,0,0,0
6,SUMATERA SELATAN,103,KAB. MUSI BANYUASIN,1212,Keluang,14,14,14,14,0,0,0,8200000,41,41,1370000,40,137,9570000
6,SUMATERA SELATAN,103,KAB. MUSI BANYUASIN,1206,Lais,16,16,16,15,0,0,0,0,0,0,0,0,0,0
6,SUMATERA SELATAN,103,KAB. MUSI BANYUASIN,1215,Lalan,27,27,27,26,0,0,0,0,0,0,0,0,0,0
6,SUMATERA SELATAN,103,KAB. MUSI BANYUASIN,1217,Lawan Wetan,15,15,15,13,0,0,0,0,0,0,0,0,0,0
6,SUMATERA SELATAN,103,KAB. MUSI BANYUASIN,1214,Plakat Tinggi,15,15,15,14,0,0,0,27400000,137,137,11550000,136,1155,38950000
6,SUMATERA SELATAN,103,KAB. MUSI BANYUASIN,1209,Sanga Desa,19,19,19,18,0,0,0,0,0,0,0,0,0,0
6,SUMATERA SELATAN,103,KAB. MUSI BANYUASIN,1205,Sekayu,14,14,14,14,0,0,0,0,0,0,0,0,0,0
6,SUMATERA SELATAN,103,KAB. MUSI BANYUASIN,1207,Sungai Keruh,10,10,10,9,0,0,0,0,0,0,0,0,0,0
6,SUMATERA SELATAN,103,KAB. MUSI BANYUASIN,1211,Sungai Lilin,15,15,15,15,0,0,0,4600000,46,46,1280000,41,128,5880000
6,SUMATERA SELATAN,103,KAB. MUSI BANYUASIN,1216,Tungkal Jaya,16,16,16,16,0,0,0,16500000,84,84,7250000,80,725,23750000
6,SUMATERA SELATAN,102,KAB. MUSI RAWAS,6764,BTS. Ulu,19,19,19,17,0,0,0,0,0,0,0,0,0,0
6,SUMATERA SELATAN,102,KAB. MUSI RAWAS,1196,Jayaloka,13,13,13,13,0,0,0,0,0,0,0,0,0,0
6,SUMATERA SELATAN,102,KAB. MUSI RAWAS,1199,Megang Sakti,21,21,21,17,0,0,0,1830000,51,51,840000,36,52,2670000
6,SUMATERA SELATAN,102,KAB. MUSI RAWAS,1197,Muara Beliti,12,12,12,11,0,0,0,0,0,0,0,0,0,0
6,SUMATERA SELATAN,102,KAB. MUSI RAWAS,1195,Muara Kelingi,21,21,21,13,0,0,0,29800000,298,298,3480000,308,308,33280000
6,SUMATERA SELATAN,102,KAB. MUSI RAWAS,1194,Muara Lakitan,20,20,20,11,0,0,0,0,0,0,0,0,0,0
6,SUMATERA SELATAN,102,KAB. MUSI RAWAS,1200,Purwodadi,11,11,11,11,0,43500,79210000,0,0,0,0,0,0,0
6,SUMATERA SELATAN,102,KAB. MUSI RAWAS,1198,Selangit,12,12,12,10,0,0,0,0,0,0,0,0,0,0
6,SUMATERA SELATAN,102,KAB. MUSI RAWAS,6763,STL Ulu Terawas,13,13,13,13,0,0,0,0,0,0,0,0,0,0
6,SUMATERA SELATAN,102,KAB. MUSI RAWAS,1204,Suka Karya,8,8,8,4,0,0,0,0,0,0,0,0,0,0
6,SUMATERA SELATAN,102,KAB. MUSI RAWAS,1202,Sumber Harta,10,10,10,9,0,0,0,0,0,0,0,0,0,0
6,SUMATERA SELATAN,102,KAB. MUSI RAWAS,1201,Tiang Pumpung Kepungut,10,10,10,8,0,0,0,0,0,0,20000,2,2,20000
6,SUMATERA SELATAN,102,KAB. MUSI RAWAS,1203,Tuah Negeri,11,11,11,11,0,0,0,200000,2,2,10000,1,1,210000
6,SUMATERA SELATAN,102,KAB. MUSI RAWAS,1193,Tugumulyo,18,18,18,18,0,0,0,5140000,71,71,1070000,58,77,6210000
6,SUMATERA SELATAN,110,KAB. MUSI RAWAS UTARA,1311,Karang Dapo,9,9,9,8,0,0,0,27500000,55,55,960000,55,96,28460000
6,SUMATERA SELATAN,110,KAB. MUSI RAWAS UTARA,1312,Karang Jaya,15,15,15,13,0,0,0,0,0,0,0,0,0,0
6,SUMATERA SELATAN,110,KAB. MUSI RAWAS UTARA,1309,Nibung,11,11,11,11,0,3500,38500000,6900000,69,69,410000,35,41,7310000
6,SUMATERA SELATAN,110,KAB. MUSI RAWAS UTARA,1310,Rawas Ilir,13,13,13,11,0,0,0,0,0,0,0,0,0,0
6,SUMATERA SELATAN,110,KAB. MUSI RAWAS UTARA,1308,Rawas Ulu,17,17,17,16,0,0,0,20000,2,2,5000,1,1,25000
6,SUMATERA SELATAN,110,KAB. MUSI RAWAS UTARA,1307,Rupit,17,17,17,12,0,0,0,0,0,0,0,0,0,0
6,SUMATERA SELATAN,110,KAB. MUSI RAWAS UTARA,1313,Ulu Rawas,7,7,7,6,0,0,0,0,0,0,0,0,0,0
6,SUMATERA SELATAN,107,KAB. OGAN ILIR,1280,Indralaya,20,20,20,17,0,10510,119270000,0,0,0,0,0,0,0
6,SUMATERA SELATAN,107,KAB. OGAN ILIR,1284,Indralaya Selatan,14,14,14,14,0,0,0,2280000,228,228,50000,10,10,2330000
6,SUMATERA SELATAN,107,KAB. OGAN ILIR,1283,Indralaya Utara,16,16,16,16,0,0,0,4850000,97,97,0,0,0,4850000
6,SUMATERA SELATAN,107,KAB. OGAN ILIR,1289,Kandis,12,12,12,8,0,0,0,100000,2,2,20000,2,2,120000
6,SUMATERA SELATAN,107,KAB. OGAN ILIR,1291,Lubuk Keliat,10,10,10,7,0,0,0,0,0,0,0,0,0,0
6,SUMATERA SELATAN,107,KAB. OGAN ILIR,1277,Muara Kuang,14,14,14,13,0,0,0,0,0,0,0,0,0,0
6,SUMATERA SELATAN,107,KAB. OGAN ILIR,1292,Payaraman,14,13,13,11,0,0,0,2650000,53,53,1110000,46,111,3760000
6,SUMATERA SELATAN,107,KAB. OGAN ILIR,1281,Pemulutan,25,25,25,22,0,215750,394054000,50000,1,1,0,0,0,50000
6,SUMATERA SELATAN,107,KAB. OGAN ILIR,1286,Pemulutan Barat,11,11,11,8,0,0,0,50000,1,1,15000,1,1,65000
6,SUMATERA SELATAN,107,KAB. OGAN ILIR,1285,Pemulutan Selatan,16,15,15,15,0,0,0,0,0,0,0,0,0,0
6,SUMATERA SELATAN,107,KAB. OGAN ILIR,1290,Rambang Kuang,13,13,13,12,0,0,0,0,0,0,0,0,0,0
6,SUMATERA SELATAN,107,KAB. OGAN ILIR,1282,Rantau Alai,13,13,13,13,0,0,0,0,0,0,0,0,0,0
6,SUMATERA SELATAN,107,KAB. OGAN ILIR,1287,Rantau Panjang,12,12,12,12,0,216,3132000,50000,1,1,10000,1,1,60000
6,SUMATERA SELATAN,107,KAB. OGAN ILIR,1288,Sungai Pinang,13,13,13,11,0,0,0,5300000,79,79,5010000,76,250,10310000
6,SUMATERA SELATAN,107,KAB. OGAN ILIR,1278,Tanjung Batu,21,21,21,13,0,0,0,5550000,56,56,360000,36,36,5910000
6,SUMATERA SELATAN,107,KAB. OGAN ILIR,1279,Tanjung Raja,19,19,19,17,0,0,0,9950000,102,102,2010000,46,188,11960000
6,SUMATERA SELATAN,99,KAB. OGAN KOMERING ILIR,1142,Air Sugihan,19,19,19,18,0,0,0,0,0,0,0,0,0,0
6,SUMATERA SELATAN,99,KAB. OGAN KOMERING ILIR,1145,Cengal,17,17,17,17,0,0,0,0,0,0,0,0,0,0
6,SUMATERA SELATAN,99,KAB. OGAN KOMERING ILIR,1144,Jejawi,19,19,19,16,0,0,0,0,0,0,0,0,0,0
6,SUMATERA SELATAN,99,KAB. OGAN KOMERING ILIR,6757,Kayu Agung,25,25,25,24,0,0,0,50000,1,1,0,0,0,50000
6,SUMATERA SELATAN,99,KAB. OGAN KOMERING ILIR,1141,Lempuing,19,19,19,16,0,0,0,2550000,50,50,620000,27,62,3170000
6,SUMATERA SELATAN,99,KAB. OGAN KOMERING ILIR,1149,Lempuing Jaya,16,16,16,5,0,0,0,0,0,0,0,0,0,0
6,SUMATERA SELATAN,99,KAB. OGAN KOMERING ILIR,1137,Mesuji,17,17,17,17,0,0,0,100000,1,1,0,0,0,100000
6,SUMATERA SELATAN,99,KAB. OGAN KOMERING ILIR,1147,Mesuji Makmur,19,19,19,13,0,0,0,0,0,0,0,0,0,0
6,SUMATERA SELATAN,99,KAB. OGAN KOMERING ILIR,1148,Mesuji Raya,17,17,17,17,0,0,0,13500000,173,173,11640000,164,697,25140000
6,SUMATERA SELATAN,99,KAB. OGAN KOMERING ILIR,1140,Pampangan,22,22,22,19,0,0,0,7700000,78,78,1270000,62,62,8970000
6,SUMATERA SELATAN,99,KAB. OGAN KOMERING ILIR,1146,Pangkalan Lampam,19,19,19,15,0,0,0,0,0,0,0,0,0,0
6,SUMATERA SELATAN,99,KAB. OGAN KOMERING ILIR,1136,Pedamaran,14,14,14,6,0,0,0,1300000,13,13,2360000,14,118,3660000
6,SUMATERA SELATAN,99,KAB. OGAN KOMERING ILIR,1151,Pedamaran Timur,7,7,7,5,0,0,0,0,0,0,0,0,0,0
6,SUMATERA SELATAN,99,KAB. OGAN KOMERING ILIR,1138,Sirah Pulau Padang,20,20,20,19,0,0,0,50000,1,1,0,0,0,50000
6,SUMATERA SELATAN,99,KAB. OGAN KOMERING ILIR,1143,Sungai Menang,18,18,18,18,0,0,0,0,0,0,0,0,0,0
6,SUMATERA SELATAN,99,KAB. OGAN KOMERING ILIR,1135,Tanjung Lubuk,22,22,22,11,0,0,0,150000,2,2,30000,1,1,180000
6,SUMATERA SELATAN,99,KAB. OGAN KOMERING ILIR,1150,Teluk Gelam,14,14,14,13,0,0,0,16250009,188,188,6720000,135,672,22970009
6,SUMATERA SELATAN,99,KAB. OGAN KOMERING ILIR,1139,Tulung Selapan,23,23,23,17,0,0,0,4420000,11,11,120000,6,6,4540000
6,SUMATERA SELATAN,98,KAB. OGAN KOMERING ULU,1125,Baturaja Barat,12,12,12,8,0,0,0,1050000,27,27,1060000,25,106,2110000
6,SUMATERA SELATAN,98,KAB. OGAN KOMERING ULU,1126,Baturaja Timur,13,13,13,13,0,0,0,1050000,21,21,870000,24,35,1920000
6,SUMATERA SELATAN,98,KAB. OGAN KOMERING ULU,1134,Kedaton Peninjauan Raya,8,8,8,5,0,0,0,750000,15,15,0,0,0,750000
6,SUMATERA SELATAN,98,KAB. OGAN KOMERING ULU,1130,Lengkiti,22,22,22,11,0,0,0,0,0,0,0,0,0,0
6,SUMATERA SELATAN,98,KAB. OGAN KOMERING ULU,1129,Lubuk Batang,15,15,15,14,0,0,0,13150000,263,263,2890000,256,289,16040000
6,SUMATERA SELATAN,98,KAB. OGAN KOMERING ULU,1132,Lubuk Raja,7,7,7,6,0,0,0,1350000,27,27,610000,27,61,1960000
6,SUMATERA SELATAN,98,KAB. OGAN KOMERING ULU,1133,Muara Jaya,7,7,7,4,0,0,0,0,0,0,0,0,0,0
6,SUMATERA SELATAN,98,KAB. OGAN KOMERING ULU,1123,Pengandonan,12,10,12,4,0,0,0,0,0,0,380000,19,38,380000
6,SUMATERA SELATAN,98,KAB. OGAN KOMERING ULU,1124,Peninjauan,16,16,16,10,0,0,0,200050,3,3,50000,1,1,250050
6,SUMATERA SELATAN,98,KAB. OGAN KOMERING ULU,1128,Semidang Aji,21,21,21,7,0,0,0,850000,17,17,830000,14,83,1680000
6,SUMATERA SELATAN,98,KAB. OGAN KOMERING ULU,1131,Sinar Peninjauan,6,6,6,4,0,0,0,5400000,66,66,1720000,55,86,7120000
6,SUMATERA SELATAN,98,KAB. OGAN KOMERING ULU,1122,Sosoh Buay Rayap,11,11,11,7,0,0,0,0,0,0,0,0,0,0
6,SUMATERA SELATAN,98,KAB. OGAN KOMERING ULU,1127,Ulu Ogan,7,7,7,3,0,0,0,0,0,0,0,0,0,0
6,SUMATERA SELATAN,106,KAB. OKU SELATAN,1261,Banding Agung,22,22,22,22,0,0,0,1725000,46,46,230000,23,23,1955000
6,SUMATERA SELATAN,106,KAB. OKU SELATAN,1274,Buana Pemaca,8,8,8,6,0,0,0,0,0,0,0,0,0,0
6,SUMATERA SELATAN,106,KAB. OKU SELATAN,1267,Buay Pemaca,22,22,22,19,0,0,0,0,0,0,0,0,0,0
6,SUMATERA SELATAN,106,KAB. OKU SELATAN,6767,Buay Pematang Ribu Ranau Tengah,22,22,22,10,0,0,0,0,0,0,0,0,0,0
6,SUMATERA SELATAN,106,KAB. OKU SELATAN,1276,Buay Rawan,11,11,11,9,0,206700,376216000,25000,1,1,0,0,0,25000
6,SUMATERA SELATAN,106,KAB. OKU SELATAN,1265,Buay Runjung,14,14,14,14,0,0,0,5700000,71,71,160000,30,30,5860000
6,SUMATERA SELATAN,106,KAB. OKU SELATAN,1264,Buay Sandang Aji,16,16,16,15,0,0,0,0,0,0,0,0,0,0
6,SUMATERA SELATAN,106,KAB. OKU SELATAN,1269,Kisam Ilir,9,9,9,9,0,0,0,0,0,0,0,0,0,0
6,SUMATERA SELATAN,106,KAB. OKU SELATAN,1268,Kisam Tinggi,19,19,19,12,0,0,0,0,0,0,0,0,0,0
6,SUMATERA SELATAN,106,KAB. OKU SELATAN,1266,Mekakau Ilir,15,15,15,9,0,0,0,4550000,91,91,1535000,91,307,6085000
6,SUMATERA SELATAN,106,KAB. OKU SELATAN,1259,Muara Dua,14,14,14,13,0,9000,16380000,3100000,62,62,1430000,60,143,4530000
6,SUMATERA SELATAN,106,KAB. OKU SELATAN,1262,Muara Dua Kisam,18,18,18,18,0,0,0,1450000,13,13,10000,2,2,1460000
6,SUMATERA SELATAN,106,KAB. OKU SELATAN,1260,Pulau Beringin,13,13,13,10,0,0,0,0,0,0,0,0,0,0
6,SUMATERA SELATAN,106,KAB. OKU SELATAN,1271,Runjung Agung,9,9,9,9,0,0,0,6600000,66,66,1320000,66,66,7920000
6,SUMATERA SELATAN,106,KAB. OKU SELATAN,1263,Simpang,7,7,7,5,0,0,0,0,0,0,0,0,0,0
6,SUMATERA SELATAN,106,KAB. OKU SELATAN,1273,Sindang Danau,7,7,7,5,0,0,0,0,0,0,0,0,0,0
6,SUMATERA SELATAN,106,KAB. OKU SELATAN,1272,Sungai Are,9,9,9,7,0,0,0,0,0,0,0,0,0,0
6,SUMATERA SELATAN,106,KAB. OKU SELATAN,1275,Tiga Dihaji,8,8,8,6,0,0,0,0,0,0,0,0,0,0
6,SUMATERA SELATAN,106,KAB. OKU SELATAN,1270,Warkuk Ranau Selatan,16,16,16,7,0,0,0,0,0,0,0,0,0,0
6,SUMATERA SELATAN,105,KAB. OKU TIMUR,1242,Belitang,23,23,23,13,0,99200,180730000,0,0,0,0,0,0,0
6,SUMATERA SELATAN,105,KAB. OKU TIMUR,1248,Belitang II,24,24,24,15,0,0,0,1700000,23,23,220000,19,22,1920000
6,SUMATERA SELATAN,105,KAB. OKU TIMUR,1249,Belitang III,20,20,20,15,0,0,0,1355000,63,63,970000,61,194,2325000
6,SUMATERA SELATAN,105,KAB. OKU TIMUR,1256,Belitang Jaya,13,13,13,10,0,272750,497060000,0,0,0,0,0,0,0
6,SUMATERA SELATAN,105,KAB. OKU TIMUR,1257,Belitang Madang Raya,16,16,16,10,0,0,0,7490000,104,104,1605000,99,202,9095000
6,SUMATERA SELATAN,105,KAB. OKU TIMUR,1258,Belitang Mulya,12,12,12,6,0,0,0,0,0,0,0,0,0,0
6,SUMATERA SELATAN,105,KAB. OKU TIMUR,1241,Buay Madang,17,17,17,7,0,0,0,18060000,208,208,5220000,108,129,23280000
6,SUMATERA SELATAN,105,KAB. OKU TIMUR,1251,Buay Madang Timur,30,30,30,21,0,0,0,16170000,286,286,4450000,157,202,20620000
6,SUMATERA SELATAN,105,KAB. OKU TIMUR,6766,Buay Pemuka Bangsa Raja,7,7,7,1,0,0,0,0,0,0,0,0,0,0
6,SUMATERA SELATAN,105,KAB. OKU TIMUR,1244,Buay Pemuka Peliung,13,13,13,8,0,0,0,0,0,0,0,0,0,0
6,SUMATERA SELATAN,105,KAB. OKU TIMUR,1250,Bunga Mayang,8,8,8,4,0,0,0,20000,1,1,10000,2,2,30000
6,SUMATERA SELATAN,105,KAB. OKU TIMUR,1243,Cempaka,13,13,13,10,0,0,0,0,0,0,0,0,0,0
6,SUMATERA SELATAN,105,KAB. OKU TIMUR,1255,Jayapura,8,8,8,6,0,0,0,3300000,66,66,655000,63,131,3955000
6,SUMATERA SELATAN,105,KAB. OKU TIMUR,1246,Madang Suku I,13,13,13,5,0,0,0,1500000,6,6,270000,25,27,1770000
6,SUMATERA SELATAN,105,KAB. OKU TIMUR,1245,Madang Suku II,19,19,19,11,0,0,0,6150000,123,123,5740000,127,566,11890000
6,SUMATERA SELATAN,105,KAB. OKU TIMUR,1252,Madang Suku III,10,10,10,4,0,0,0,4400000,88,88,380000,26,42,4780000
6,SUMATERA SELATAN,105,KAB. OKU TIMUR,1240,Martapura,16,16,16,15,0,1,5000,1550000,31,31,60000,3,6,1610000
6,SUMATERA SELATAN,105,KAB. OKU TIMUR,1253,Semendawai Barat,12,12,12,7,0,0,0,0,0,0,0,0,0,0
6,SUMATERA SELATAN,105,KAB. OKU TIMUR,1247,Semendawai Suku III,19,19,19,16,0,0,0,600000,6,6,40000,4,4,640000
6,SUMATERA SELATAN,105,KAB. OKU TIMUR,1254,Semendawai Timur,19,19,19,8,0,0,0,3050000,39,40,1455000,34,146,4505000
6,SUMATERA SELATAN,109,KAB. PENUKAL ABAB LEMATANG ILIR,1305,Abab,8,8,8,8,0,0,0,0,0,0,0,0,0,0
6,SUMATERA SELATAN,109,KAB. PENUKAL ABAB LEMATANG ILIR,1304,Penukal,13,13,13,12,0,0,0,0,0,0,0,0,0,0
6,SUMATERA SELATAN,109,KAB. PENUKAL ABAB LEMATANG ILIR,1303,Penukal Utara,13,13,13,13,0,0,0,2200000,43,43,0,0,0,2200000
6,SUMATERA SELATAN,109,KAB. PENUKAL ABAB LEMATANG ILIR,1302,Talang Ubi,20,20,20,19,0,0,0,0,0,0,0,0,0,0
6,SUMATERA SELATAN,109,KAB. PENUKAL ABAB LEMATANG ILIR,1306,Tanah Abang,18,18,18,18,0,0,0,0,0,0,0,0,0,0
6,SUMATERA SELATAN,113,KOTA LUBUK LINGGAU,1323,Lubuk Linggau Barat I,11,11,11,9,0,17008,187480000,4000000,80,80,1800000,86,147,5800000
6,SUMATERA SELATAN,113,KOTA LUBUK LINGGAU,1327,Lubuk Linggau Barat II,8,8,8,7,0,26449,346848000,4700000,47,47,2860000,50,143,7560000
6,SUMATERA SELATAN,113,KOTA LUBUK LINGGAU,1324,Lubuk Linggau Selatan I,7,7,7,7,0,30750,338250000,10400000,138,138,7790000,133,639,18190000
6,SUMATERA SELATAN,113,KOTA LUBUK LINGGAU,1328,Lubuk Linggau Selatan II,9,9,9,9,0,9250,101750000,5800000,80,80,1590000,82,104,7390000
6,SUMATERA SELATAN,113,KOTA LUBUK LINGGAU,1322,Lubuk Linggau Timur I,8,8,8,7,0,16100,177100000,0,0,0,0,0,0,0
6,SUMATERA SELATAN,113,KOTA LUBUK LINGGAU,1326,Lubuk Linggau Timur II,9,9,9,9,0,2000,22000000,1300000,29,29,2450000,29,245,3750000
6,SUMATERA SELATAN,113,KOTA LUBUK LINGGAU,1325,Lubuk Linggau Utara I,10,10,10,9,0,0,0,0,0,0,0,0,0,0
6,SUMATERA SELATAN,113,KOTA LUBUK LINGGAU,1329,Lubuk Linggau Utara II,10,10,10,9,0,8000,88000000,0,0,0,0,0,0,0
6,SUMATERA SELATAN,112,KOTA PAGAR ALAM,1320,Dempo Selatan,5,5,5,4,0,0,0,0,0,0,0,0,0,0
6,SUMATERA SELATAN,112,KOTA PAGAR ALAM,1321,Dempo Tengah,5,5,5,4,0,0,0,0,0,0,0,0,0,0
6,SUMATERA SELATAN,112,KOTA PAGAR ALAM,1319,Dempo Utara,8,7,8,6,0,0,0,0,0,0,0,0,0,0
6,SUMATERA SELATAN,112,KOTA PAGAR ALAM,1318,Pagar Alam Selatan,8,8,8,7,0,0,0,24400000,244,244,4060000,160,205,28460000
6,SUMATERA SELATAN,112,KOTA PAGAR ALAM,1317,Pagar Alam Utara,10,10,10,9,0,0,0,0,0,0,0,0,0,0
6,SUMATERA SELATAN,111,KOTA PALEMBANG,6782,Alang-alang Lebar,4,4,4,4,0,66401,743000000,7600000,116,116,22220000,107,250,29820000
6,SUMATERA SELATAN,111,KOTA PALEMBANG,6779,Bukitkecil,6,6,6,6,0,6075,74726000,4580000,109,109,10985000,113,601,15565000
6,SUMATERA SELATAN,111,KOTA PALEMBANG,6780,Gandus,5,5,5,5,0,15500,170500000,8550000,127,127,10400000,123,635,18950000
6,SUMATERA SELATAN,111,KOTA PALEMBANG,6769,Ilir Barat Dua,7,7,7,7,0,0,0,0,0,0,0,0,0,0
6,SUMATERA SELATAN,111,KOTA PALEMBANG,6772,Ilir Barat Satu,6,6,6,6,0,5014,59125000,12600000,152,152,5120000,151,248,17720000
6,SUMATERA SELATAN,111,KOTA PALEMBANG,6774,Ilir Timur Dua,7,6,7,6,0,367,14268000,2920000,73,73,730000,73,73,3650000
6,SUMATERA SELATAN,111,KOTA PALEMBANG,6773,Ilir Timur Satu,11,11,11,11,0,32680,370129000,6600000,89,89,9600000,100,801,16200000
6,SUMATERA SELATAN,111,KOTA PALEMBANG,6783,Ilir Timur Tiga,6,6,6,6,0,0,0,0,0,0,0,0,0,0
6,SUMATERA SELATAN,111,KOTA PALEMBANG,1316,Jakabaring,5,5,5,5,0,4501,69060000,6950000,139,139,16385000,94,816,23335000
6,SUMATERA SELATAN,111,KOTA PALEMBANG,6778,Kalidoni,5,5,5,5,0,94269,1059400500,900000,9,9,10000,1,1,910000
6,SUMATERA SELATAN,111,KOTA PALEMBANG,6777,Kemuning,6,6,6,6,0,86957,997435000,9175000,145,145,23780000,139,713,32955000
6,SUMATERA SELATAN,111,KOTA PALEMBANG,1314,Kertapati,6,6,6,6,0,36125,409150000,2850000,29,29,0,0,0,2850000
6,SUMATERA SELATAN,111,KOTA PALEMBANG,6781,Plaju,7,7,7,7,0,1406,17979800,13125000,137,137,11995000,120,546,25120000
6,SUMATERA SELATAN,111,KOTA PALEMBANG,6776,Sako,4,4,4,4,0,38331,449199000,12500000,125,125,9820000,77,491,22320000
6,SUMATERA SELATAN,111,KOTA PALEMBANG,6771,Seberang Ulu Dua,7,7,7,7,0,150,2220000,3000000,30,30,10000,1,1,3010000
6,SUMATERA SELATAN,111,KOTA PALEMBANG,6770,Seberang Ulu Satu,5,5,5,5,0,65915,745375000,5800000,116,116,3090000,111,239,8890000
6,SUMATERA SELATAN,111,KOTA PALEMBANG,1315,Sematangborang,4,4,4,4,0,23237,256615000,3320000,73,73,2650000,57,266,5970000
6,SUMATERA SELATAN,111,KOTA PALEMBANG,6775,Sukarami,7,7,7,7,0,53516,606638500,11100000,222,222,4420000,142,442,15520000
6,SUMATERA SELATAN,114,KOTA PRABUMULIH,1332,Cambai,5,5,5,5,0,0,0,2180000,73,73,240000,24,24,2420000
6,SUMATERA SELATAN,114,KOTA PRABUMULIH,1330,Prabumulih Barat,7,7,7,7,0,500,10500000,24350000,487,487,18690000,403,1003,43040000
6,SUMATERA SELATAN,114,KOTA PRABUMULIH,1335,Prabumulih Selatan,4,4,4,4,0,0,0,4060000,104,104,20000,2,2,4080000
6,SUMATERA SELATAN,114,KOTA PRABUMULIH,1331,Prabumulih Timur,13,13,13,13,0,0,0,5950000,119,119,2355000,108,461,8305000
6,SUMATERA SELATAN,114,KOTA PRABUMULIH,1334,Prabumulih Utara,7,7,7,7,0,0,0,4150000,83,83,0,0,0,4150000
6,SUMATERA SELATAN,114,KOTA PRABUMULIH,1333,Rambang Kapak Tengah,9,9,9,9,0,0,0,50000,1,1,0,0,0,50000
2,SUMATERA UTARA,30,KAB. ASAHAN,383,Aek Kuasan,7,7,7,6,0,0,0,0,0,0,0,0,0,0
2,SUMATERA UTARA,30,KAB. ASAHAN,396,Aek Ledong,7,7,7,7,0,0,0,600000,12,12,0,0,0,600000
2,SUMATERA UTARA,30,KAB. ASAHAN,386,Aek Songsongan,9,8,9,9,0,0,0,0,0,0,0,0,0,0
2,SUMATERA UTARA,30,KAB. ASAHAN,378,Air Batu,12,12,12,11,0,0,0,150000,3,3,70000,5,7,220000
2,SUMATERA UTARA,30,KAB. ASAHAN,374,Air Joman,7,7,7,7,0,100,1800000,1000000,20,20,710000,19,71,1710000
2,SUMATERA UTARA,30,KAB. ASAHAN,382,Bandar Pasir Mandoge,9,8,9,6,0,0,0,5500000,71,71,4075000,70,227,9575000
2,SUMATERA UTARA,30,KAB. ASAHAN,380,Bandar Pulau,10,10,10,10,0,0,0,0,0,0,0,0,0,0
2,SUMATERA UTARA,30,KAB. ASAHAN,381,Buntu Pane,9,9,9,8,0,0,0,4600000,91,91,1240000,89,124,5840000
2,SUMATERA UTARA,30,KAB. ASAHAN,384,Kota Kisaran Barat,13,13,13,11,0,0,0,470000,16,16,160000,16,16,630000
2,SUMATERA UTARA,30,KAB. ASAHAN,385,Kota Kisaran Timur,12,12,12,9,0,0,0,650000,13,13,35000,2,2,685000
2,SUMATERA UTARA,30,KAB. ASAHAN,373,Meranti,7,7,7,6,0,0,0,100000,1,1,0,0,0,100000
2,SUMATERA UTARA,30,KAB. ASAHAN,379,Pulau Rakyat,12,12,12,12,0,3,6000,20000,1,1,0,0,0,20000
2,SUMATERA UTARA,30,KAB. ASAHAN,394,Pulo Bandring,10,10,10,10,0,0,0,0,0,0,0,0,0,0
2,SUMATERA UTARA,30,KAB. ASAHAN,387,Rahuning,7,7,7,5,0,0,0,0,0,0,0,0,0,0
2,SUMATERA UTARA,30,KAB. ASAHAN,393,Rawang Panca Arga,7,7,7,7,0,27288,49726320,350000,7,7,0,0,0,350000
2,SUMATERA UTARA,30,KAB. ASAHAN,388,Sei Dadap,10,10,10,8,0,0,0,0,0,0,0,0,0,0
2,SUMATERA UTARA,30,KAB. ASAHAN,376,Sei Kepayang,6,6,6,6,0,0,0,0,0,0,0,0,0,0
2,SUMATERA UTARA,30,KAB. ASAHAN,389,Sei Kepayang Barat,6,6,6,6,0,0,0,0,0,0,870000,57,87,870000
2,SUMATERA UTARA,30,KAB. ASAHAN,390,Sei Kepayang Timur,5,5,5,3,0,0,0,0,0,0,0,0,0,0
2,SUMATERA UTARA,30,KAB. ASAHAN,392,Setia Janji,5,5,5,4,0,0,0,5960000,105,105,4535000,96,547,10495000
2,SUMATERA UTARA,30,KAB. ASAHAN,6677,Silau Laut,5,5,5,4,0,0,0,0,0,0,0,0,0,0
2,SUMATERA UTARA,30,KAB. ASAHAN,377,Simpang Empat,8,8,8,8,0,11600,131590000,20000,1,1,0,0,0,20000
2,SUMATERA UTARA,30,KAB. ASAHAN,375,Tanjung Balai,8,8,8,7,0,0,0,1050000,7,7,405000,5,27,1455000
2,SUMATERA UTARA,30,KAB. ASAHAN,395,Teluk Dalam,6,5,6,4,0,0,0,100000,1,1,0,0,0,100000
2,SUMATERA UTARA,30,KAB. ASAHAN,391,Tinggi Raja,7,7,7,3,0,0,0,0,0,0,0,0,0,0
2,SUMATERA UTARA,42,KAB. BATU BARA,556,Air Putih,19,19,19,15,0,0,0,0,0,0,0,0,0,0
2,SUMATERA UTARA,42,KAB. BATU BARA,6696,Datuk Lima Puluh,10,10,10,6,0,0,0,0,0,0,0,0,0,0
2,SUMATERA UTARA,42,KAB. BATU BARA,563,Datuk Tanah Datar,10,9,10,5,0,0,0,0,0,0,0,0,0,0
2,SUMATERA UTARA,42,KAB. BATU BARA,561,Laut Tador,10,10,10,4,0,0,0,0,0,0,0,0,0,0
2,SUMATERA UTARA,42,KAB. BATU BARA,557,Lima Puluh,12,12,12,6,0,0,0,0,0,0,0,0,0,0
2,SUMATERA UTARA,42,KAB. BATU BARA,562,Lima Puluh Pesisir,13,13,13,7,0,0,0,0,0,0,0,0,0,0
2,SUMATERA UTARA,42,KAB. BATU BARA,554,Medang Deras,21,20,21,11,0,0,0,0,0,0,0,0,0,0
2,SUMATERA UTARA,42,KAB. BATU BARA,564,Nibung Hangus,12,12,12,11,0,0,0,0,0,0,0,0,0,0
2,SUMATERA UTARA,42,KAB. BATU BARA,558,Sei Balai,14,14,14,10,0,0,0,0,0,0,0,0,0,0
2,SUMATERA UTARA,42,KAB. BATU BARA,555,Sei Suka,10,10,10,9,0,0,0,0,0,0,0,0,0,0
2,SUMATERA UTARA,42,KAB. BATU BARA,559,Talawi,10,10,10,9,0,0,0,150000,3,3,60000,3,3,210000
2,SUMATERA UTARA,42,KAB. BATU BARA,560,Tanjung Tiram,10,10,10,10,0,0,0,0,0,0,0,0,0,0
2,SUMATERA UTARA,32,KAB. DAIRI,486,Berampu,5,5,4,4,0,0,0,0,0,0,0,0,0,0
2,SUMATERA UTARA,32,KAB. DAIRI,485,Gunung Sitember,8,8,8,6,0,0,0,0,0,0,0,0,0,0
2,SUMATERA UTARA,32,KAB. DAIRI,410,Lae Parira,9,9,9,9,0,2,10000,200000,2,2,20000,2,2,220000
2,SUMATERA UTARA,32,KAB. DAIRI,409,Parbuluan,11,11,11,10,0,0,0,2050000,41,41,250000,25,25,2300000
2,SUMATERA UTARA,32,KAB. DAIRI,484,Pegagan Hilir,13,13,13,12,0,0,0,0,0,0,0,0,0,0
2,SUMATERA UTARA,32,KAB. DAIRI,406,Sidikalang,11,11,10,10,0,0,0,0,0,0,0,0,0,0
2,SUMATERA UTARA,32,KAB. DAIRI,408,Siempat Nempu,13,13,13,11,0,0,0,300000,3,3,60000,3,3,360000
2,SUMATERA UTARA,32,KAB. DAIRI,483,Siempat Nempu Hilir,10,10,10,7,0,0,0,150000,3,3,360000,15,36,510000
2,SUMATERA UTARA,32,KAB. DAIRI,482,Siempat Nempu Hulu,12,12,12,12,0,0,0,0,0,0,0,0,0,0
2,SUMATERA UTARA,32,KAB. DAIRI,487,Silahisabungan,5,5,4,4,0,0,0,0,0,0,0,0,0,0
2,SUMATERA UTARA,32,KAB. DAIRI,6678,Silima Pungga Pungga,16,16,16,16,0,0,0,0,0,0,0,0,0,0
2,SUMATERA UTARA,32,KAB. DAIRI,488,Sitinjo,4,4,4,3,0,0,0,1451900,67,67,930370,45,130,2382270
2,SUMATERA UTARA,32,KAB. DAIRI,407,Sumbul,19,19,19,19,0,0,0,0,0,0,0,0,0,0
2,SUMATERA UTARA,32,KAB. DAIRI,481,Tanah Pinem,19,19,19,16,0,0,0,0,0,0,0,0,0,0
2,SUMATERA UTARA,32,KAB. DAIRI,480,Tigalingga,14,14,14,12,0,0,0,400000,2,2,0,0,0,400000
2,SUMATERA UTARA,36,KAB. DELI SERDANG,467,Bangun Purba,24,24,24,10,0,0,0,0,0,0,0,0,0,0
2,SUMATERA UTARA,36,KAB. DELI SERDANG,475,Batang Kuis,11,11,11,9,0,0,0,6510000,86,86,945000,57,57,7455000
2,SUMATERA UTARA,36,KAB. DELI SERDANG,479,Beringin,11,11,11,8,0,9800,125140000,5600000,86,86,4620000,75,231,10220000
2,SUMATERA UTARA,36,KAB. DELI SERDANG,466,Biru-Biru,17,17,17,14,0,0,0,0,0,0,0,0,0,0
2,SUMATERA UTARA,36,KAB. DELI SERDANG,470,Deli Tua,6,6,6,4,0,0,0,0,0,0,0,0,0,0
2,SUMATERA UTARA,36,KAB. DELI SERDANG,468,Galang,29,29,29,25,0,5220,74646000,0,0,0,0,0,0,0
2,SUMATERA UTARA,36,KAB. DELI SERDANG,460,Gunung Meriah,12,12,12,0,0,0,0,0,0,0,0,0,0,0
2,SUMATERA UTARA,36,KAB. DELI SERDANG,472,Hamparan Perak,20,20,18,12,0,0,0,3650000,19,19,450000,9,45,4100000
2,SUMATERA UTARA,36,KAB. DELI SERDANG,463,Kutalimbaru,14,14,14,8,0,0,0,0,0,0,0,0,0,0
2,SUMATERA UTARA,36,KAB. DELI SERDANG,473,Labuhan Deli,5,5,5,5,0,6400,79520000,0,0,0,0,0,0,0
2,SUMATERA UTARA,36,KAB. DELI SERDANG,476,Lubuk Pakam,13,13,13,8,0,3160,42188000,150000,2,2,30000,2,2,180000
2,SUMATERA UTARA,36,KAB. DELI SERDANG,465,Namo Rambe,36,36,35,21,0,0,0,0,0,0,0,0,0,0
2,SUMATERA UTARA,36,KAB. DELI SERDANG,477,Pagar Merbau,16,16,16,15,0,0,0,10900000,29,29,680000,34,34,11580000
2,SUMATERA UTARA,36,KAB. DELI SERDANG,464,Pancur Batu,25,25,25,12,0,2000,22600000,6700000,67,67,4080000,67,136,10780000
2,SUMATERA UTARA,36,KAB. DELI SERDANG,478,Pantai Labu,19,19,19,11,0,61693,112288120,250000,5,5,75000,5,5,325000
2,SUMATERA UTARA,36,KAB. DELI SERDANG,469,Patumbak,8,8,8,6,0,5600,74080000,0,0,0,0,0,0,0
2,SUMATERA UTARA,36,KAB. DELI SERDANG,474,Percut Sei Tuan,20,20,20,15,0,0,0,9500000,95,95,140000,13,14,9640000
2,SUMATERA UTARA,36,KAB. DELI SERDANG,462,Sibolangit,30,30,30,19,0,0,0,0,0,0,0,0,0,0
2,SUMATERA UTARA,36,KAB. DELI SERDANG,6668,Sinembah Tanjung Muda Hilir,15,15,15,8,0,0,0,0,0,0,0,0,0,0
2,SUMATERA UTARA,36,KAB. DELI SERDANG,6669,Sinembah Tanjung Muda Hulu,20,20,20,5,0,0,0,0,0,0,0,0,0,0
2,SUMATERA UTARA,36,KAB. DELI SERDANG,471,Sunggal,17,17,17,17,0,29390,71335600,32300000,292,292,5030000,61,273,37330000
2,SUMATERA UTARA,36,KAB. DELI SERDANG,461,Tanjung Morawa,26,26,26,25,0,3,180000,23000000,224,224,8850000,145,517,31850000
2,SUMATERA UTARA,39,KAB. HUMBANG HASUNDUTAN,521,Baktiraja,7,7,7,6,0,0,0,0,0,0,0,0,0,0
2,SUMATERA UTARA,39,KAB. HUMBANG HASUNDUTAN,524,Dolok Sanggul,28,28,28,26,0,0,0,400000,8,8,20000,1,1,420000
2,SUMATERA UTARA,39,KAB. HUMBANG HASUNDUTAN,523,Lintong Nihuta,22,22,22,20,0,0,0,20000,1,1,50000,3,3,70000
2,SUMATERA UTARA,39,KAB. HUMBANG HASUNDUTAN,526,Onan Ganjang,12,12,12,9,0,0,0,0,0,0,0,0,0,0
2,SUMATERA UTARA,39,KAB. HUMBANG HASUNDUTAN,527,Pakkat,22,22,22,20,0,0,0,0,0,0,0,0,0,0
2,SUMATERA UTARA,39,KAB. HUMBANG HASUNDUTAN,522,Paranginan,11,11,11,9,0,0,0,0,0,0,0,0,0,0
2,SUMATERA UTARA,39,KAB. HUMBANG HASUNDUTAN,519,Parlilitan,20,20,20,16,0,0,0,0,0,0,0,0,0,0
2,SUMATERA UTARA,39,KAB. HUMBANG HASUNDUTAN,520,Pollung,13,13,13,13,0,0,0,0,0,0,0,0,0,0
2,SUMATERA UTARA,39,KAB. HUMBANG HASUNDUTAN,525,Sijamapolang,10,10,10,10,0,0,0,0,0,0,0,0,0,0
2,SUMATERA UTARA,39,KAB. HUMBANG HASUNDUTAN,528,Tarabintang,9,9,9,9,0,0,0,0,0,0,0,0,0,0
2,SUMATERA UTARA,35,KAB. KARO,446,Barusjahe,19,19,18,7,0,0,0,2430000,63,63,210000,10,32,2640000
2,SUMATERA UTARA,35,KAB. KARO,445,Berastagi,10,10,10,8,0,0,0,0,0,0,0,0,0,0
2,SUMATERA UTARA,35,KAB. KARO,456,Dolat Rayat,7,7,7,1,0,0,0,0,0,0,0,0,0,0
2,SUMATERA UTARA,35,KAB. KARO,449,Juhar,25,25,25,4,0,0,0,8950000,108,108,23910000,146,1197,32860000
2,SUMATERA UTARA,35,KAB. KARO,444,Kabanjahe,13,13,13,8,0,7245,82628000,50000,1,1,20000,1,1,70000
2,SUMATERA UTARA,35,KAB. KARO,455,Kutabuluh,16,15,16,1,0,0,0,0,0,0,0,0,0,0
2,SUMATERA UTARA,35,KAB. KARO,451,Laubaleng,15,15,15,1,0,0,0,50000,1,1,0,0,0,50000
2,SUMATERA UTARA,35,KAB. KARO,452,Mardingding,12,12,12,2,0,0,0,0,0,0,0,0,0,0
2,SUMATERA UTARA,35,KAB. KARO,457,Merdeka,9,9,9,2,0,0,0,0,0,0,0,0,0,0
2,SUMATERA UTARA,35,KAB. KARO,448,Merek,19,19,19,2,0,0,0,850000,17,17,0,0,0,850000
2,SUMATERA UTARA,35,KAB. KARO,6667,Munte,22,22,21,3,0,0,0,2700000,54,54,1290000,62,63,3990000
2,SUMATERA UTARA,35,KAB. KARO,458,Naman Teran,12,11,12,6,0,0,0,0,0,0,0,0,0,0
2,SUMATERA UTARA,35,KAB. KARO,453,Payung,7,7,7,1,0,0,0,0,0,0,0,0,0,0
2,SUMATERA UTARA,35,KAB. KARO,454,Simpang Empat,17,17,17,1,0,0,0,950000,19,19,1720000,20,86,2670000
2,SUMATERA UTARA,35,KAB. KARO,450,Tigabinanga,20,20,19,3,0,0,0,0,0,0,0,0,0,0
2,SUMATERA UTARA,35,KAB. KARO,459,Tiganderket,17,17,17,3,0,0,0,0,0,0,0,0,0,0
2,SUMATERA UTARA,35,KAB. KARO,447,Tigapanah,29,28,29,7,0,0,0,1300000,26,26,2200000,51,129,3500000
2,SUMATERA UTARA,31,KAB. LABUHANBATU,399,Bilah Barat,10,10,10,9,0,0,0,0,0,0,0,0,0,0
2,SUMATERA UTARA,31,KAB. LABUHANBATU,400,Bilah Hilir,13,13,13,10,0,0,0,0,0,0,0,0,0,0
2,SUMATERA UTARA,31,KAB. LABUHANBATU,401,Bilah Hulu,24,24,24,24,0,0,0,0,0,0,0,0,0,0
2,SUMATERA UTARA,31,KAB. LABUHANBATU,404,Panai Hilir,8,8,8,7,0,0,0,5000,1,1,40000,1,8,45000
2,SUMATERA UTARA,31,KAB. LABUHANBATU,405,Panai Hulu,7,6,7,5,0,0,0,0,0,0,0,0,0,0
2,SUMATERA UTARA,31,KAB. LABUHANBATU,403,Panai Tengah,10,10,10,10,0,0,0,0,0,0,0,0,0,0
2,SUMATERA UTARA,31,KAB. LABUHANBATU,402,Pangkatan,7,7,7,6,0,0,0,1400000,15,15,250000,13,25,1650000
2,SUMATERA UTARA,31,KAB. LABUHANBATU,398,Rantau Selatan,9,8,9,7,0,83595,994280000,0,0,0,0,0,0,0
2,SUMATERA UTARA,31,KAB. LABUHANBATU,397,Rantau Utara,10,10,10,8,0,67520,820440000,0,0,0,0,0,0,0
2,SUMATERA UTARA,45,KAB. LABUHANBATU SELATAN,590,Kampung Rakyat,15,15,15,14,0,0,0,100000,2,2,0,0,0,100000
2,SUMATERA UTARA,45,KAB. LABUHANBATU SELATAN,589,Kotapinang,10,10,10,8,0,0,0,0,0,0,0,0,0,0
2,SUMATERA UTARA,45,KAB. LABUHANBATU SELATAN,592,Silangkitang,6,6,6,5,0,0,0,0,0,0,0,0,0,0
2,SUMATERA UTARA,45,KAB. LABUHANBATU SELATAN,6702,Sungai Kanan,9,7,9,9,0,0,0,0,0,0,0,0,0,0
2,SUMATERA UTARA,45,KAB. LABUHANBATU SELATAN,591,Torgamba,14,14,14,12,0,0,0,0,0,0,0,0,0,0
2,SUMATERA UTARA,46,KAB. LABUHANBATU UTARA,596,Aek Kuo,8,8,8,3,0,0,0,0,0,0,0,0,0,0
2,SUMATERA UTARA,46,KAB. LABUHANBATU UTARA,599,Aek Natas,12,12,12,11,0,3385,39485000,5000,1,1,0,0,0,5000
2,SUMATERA UTARA,46,KAB. LABUHANBATU UTARA,595,Kualuh Hilir,7,7,7,4,0,0,0,6000000,6,6,500000,5,5,6500000
2,SUMATERA UTARA,46,KAB. LABUHANBATU UTARA,593,Kualuh Hulu,13,13,13,8,0,1480,18260000,3300000,33,33,3680000,35,96,6980000
2,SUMATERA UTARA,46,KAB. LABUHANBATU UTARA,594,Kualuh Leidong,7,7,7,5,0,0,0,0,0,0,0,0,0,0
2,SUMATERA UTARA,46,KAB. LABUHANBATU UTARA,600,Kualuh Selatan,12,12,12,11,0,0,0,150000,3,3,0,0,0,150000
2,SUMATERA UTARA,46,KAB. LABUHANBATU UTARA,597,Marbau,18,18,18,8,0,0,0,0,0,0,0,0,0,0
2,SUMATERA UTARA,46,KAB. LABUHANBATU UTARA,598,Na IX - X,13,13,13,11,0,0,0,150000,3,3,0,0,0,150000
2,SUMATERA UTARA,34,KAB. LANGKAT,436,Babalan,8,8,8,8,0,0,0,0,0,0,0,0,0,0
2,SUMATERA UTARA,34,KAB. LANGKAT,6662,Bahorok,19,19,19,19,0,0,0,1250000,25,25,170000,17,17,1420000
2,SUMATERA UTARA,34,KAB. LANGKAT,6666,Batang Serangan,8,8,8,8,0,0,0,0,0,0,0,0,0,0
2,SUMATERA UTARA,34,KAB. LANGKAT,6665,Berandan Barat,7,7,7,7,0,0,0,0,0,0,0,0,0,0
2,SUMATERA UTARA,34,KAB. LANGKAT,438,Besitang,9,9,9,9,0,0,0,15000,3,3,0,0,0,15000
2,SUMATERA UTARA,34,KAB. LANGKAT,429,Binjai,7,7,7,7,0,0,0,0,0,0,0,0,0,0
2,SUMATERA UTARA,34,KAB. LANGKAT,435,Gebang,11,11,11,11,0,0,0,0,0,0,0,0,0,0
2,SUMATERA UTARA,34,KAB. LANGKAT,434,Hinai,13,13,13,13,0,0,0,1300000,26,26,1340000,25,67,2640000
2,SUMATERA UTARA,34,KAB. LANGKAT,427,Kuala,16,16,16,16,0,0,0,0,0,0,0,0,0,0
2,SUMATERA UTARA,34,KAB. LANGKAT,442,Kutambaru,8,8,8,8,0,0,0,0,0,0,0,0,0,0
2,SUMATERA UTARA,34,KAB. LANGKAT,6664,Padang Tualang,12,12,12,12,0,0,0,0,0,0,0,0,0,0
2,SUMATERA UTARA,34,KAB. LANGKAT,437,Pangkalan Susu,11,11,11,11,0,0,0,0,0,0,0,0,0,0
2,SUMATERA UTARA,34,KAB. LANGKAT,443,Pematang Jaya,8,8,8,8,0,0,0,30000,1,1,0,0,0,30000
2,SUMATERA UTARA,34,KAB. LANGKAT,426,Salapian,17,17,17,17,0,0,0,0,0,0,0,0,0,0
2,SUMATERA UTARA,34,KAB. LANGKAT,440,Sawit Seberang,7,7,7,7,0,0,0,7700000,77,77,0,0,0,7700000
2,SUMATERA UTARA,34,KAB. LANGKAT,433,Secanggang,17,17,17,17,0,0,0,0,0,0,0,0,0,0
2,SUMATERA UTARA,34,KAB. LANGKAT,428,Sei Bingai,16,16,16,16,0,0,0,53250000,533,533,4860000,123,243,58110000
2,SUMATERA UTARA,34,KAB. LANGKAT,439,Sei Lepan,14,14,14,13,0,0,0,0,0,0,0,0,0,0
2,SUMATERA UTARA,34,KAB. LANGKAT,430,Selesai,14,14,14,14,0,0,0,0,0,0,0,0,0,0
2,SUMATERA UTARA,34,KAB. LANGKAT,441,Sirapit,10,10,10,10,0,0,0,100000,1,1,20000,1,2,120000
2,SUMATERA UTARA,34,KAB. LANGKAT,431,Stabat,12,12,12,12,0,0,0,0,0,0,0,0,0,0
2,SUMATERA UTARA,34,KAB. LANGKAT,6663,Tanjung Pura,19,19,19,19,0,0,0,900000,18,18,200000,18,18,1100000
2,SUMATERA UTARA,34,KAB. LANGKAT,432,Wampu,14,14,14,14,0,0,0,1050000,12,12,640000,10,64,1690000
2,SUMATERA UTARA,26,KAB. MANDAILING NATAL,291,Batahan,18,17,18,10,0,0,0,18700000,187,187,0,0,0,18700000
2,SUMATERA UTARA,26,KAB. MANDAILING NATAL,289,Batang Natal,31,31,31,23,0,0,0,0,0,0,0,0,0,0
2,SUMATERA UTARA,26,KAB. MANDAILING NATAL,284,Bukit Malintang,11,10,11,9,0,0,0,0,0,0,0,0,0,0
2,SUMATERA UTARA,26,KAB. MANDAILING NATAL,295,Huta Bargot,14,14,14,12,0,0,0,0,0,0,0,0,0,0
2,SUMATERA UTARA,26,KAB. MANDAILING NATAL,285,Kotanopan,36,36,36,26,0,0,0,0,0,0,5000,1,1,5000
2,SUMATERA UTARA,26,KAB. MANDAILING NATAL,6680,Lembah Sorik Marapi,9,9,9,5,0,0,0,50000,1,1,0,0,0,50000
2,SUMATERA UTARA,26,KAB. MANDAILING NATAL,290,Lingga Bayu,19,18,19,18,0,0,0,0,0,0,0,0,0,0
2,SUMATERA UTARA,26,KAB. MANDAILING NATAL,293,Muara Batang Gadis,14,14,14,14,0,0,0,5800000,116,116,0,0,0,5800000
2,SUMATERA UTARA,26,KAB. MANDAILING NATAL,288,Muara Sipongi,16,16,16,12,0,0,0,0,0,0,0,0,0,0
2,SUMATERA UTARA,26,KAB. MANDAILING NATAL,298,Naga Juang,7,7,7,6,0,0,0,0,0,0,0,0,0,0
2,SUMATERA UTARA,26,KAB. MANDAILING NATAL,292,Natal,30,30,30,27,0,0,0,12920000,241,241,115000,11,23,13035000
2,SUMATERA UTARA,26,KAB. MANDAILING NATAL,296,Pakantan,8,8,8,8,0,0,0,0,0,0,0,0,0,0
2,SUMATERA UTARA,26,KAB. MANDAILING NATAL,278,Panyabungan,39,38,39,35,0,0,0,3900000,65,65,20000,1,1,3920000
2,SUMATERA UTARA,26,KAB. MANDAILING NATAL,282,Panyabungan Barat,10,10,10,9,0,14470,169835000,0,0,0,0,0,0,0
2,SUMATERA UTARA,26,KAB. MANDAILING NATAL,281,Panyabungan Selatan,11,11,11,8,0,0,0,0,0,0,0,0,0,0
2,SUMATERA UTARA,26,KAB. MANDAILING NATAL,280,Panyabungan Timur,15,13,15,8,0,0,0,0,0,0,0,0,0,0
2,SUMATERA UTARA,26,KAB. MANDAILING NATAL,279,Panyabungan Utara,12,12,12,10,0,2004,29058000,0,0,0,0,0,0,0
2,SUMATERA UTARA,26,KAB. MANDAILING NATAL,6681,Puncak Sorik Marapi,11,11,11,10,0,25080,45737960,4800000,24,24,270000,27,27,5070000
2,SUMATERA UTARA,26,KAB. MANDAILING NATAL,294,Ranto Baek,18,18,18,11,0,950,13105000,0,0,0,0,0,0,0
2,SUMATERA UTARA,26,KAB. MANDAILING NATAL,283,Siabu,28,24,28,15,0,0,0,0,0,0,0,0,0,0
2,SUMATERA UTARA,26,KAB. MANDAILING NATAL,297,Sinunukan,14,14,14,7,0,0,0,7600000,152,152,1020000,153,204,8620000
2,SUMATERA UTARA,26,KAB. MANDAILING NATAL,286,Tambangan,20,20,20,16,0,0,0,100000,1,1,0,0,0,100000
2,SUMATERA UTARA,26,KAB. MANDAILING NATAL,287,Ulu Pungkut,13,13,13,13,0,0,0,5800000,29,29,0,0,0,5800000
2,SUMATERA UTARA,25,KAB. NIAS,273,Bawolato,25,25,25,25,0,0,0,200000,20,20,290000,20,58,490000
2,SUMATERA UTARA,25,KAB. NIAS,275,Botomuzoi,18,18,18,18,0,0,0,0,0,0,0,0,0,0
2,SUMATERA UTARA,25,KAB. NIAS,271,Gido,21,21,21,21,0,0,0,0,0,0,0,0,0,0
2,SUMATERA UTARA,25,KAB. NIAS,270,Hiliduho,16,16,16,16,0,0,0,30000,3,3,20000,4,4,50000
2,SUMATERA UTARA,25,KAB. NIAS,274,Hiliserangkai,15,15,15,15,0,0,0,0,0,0,0,0,0,0
2,SUMATERA UTARA,25,KAB. NIAS,272,Idanogawo,28,28,28,28,0,0,0,115000,6,6,25000,5,5,140000
2,SUMATERA UTARA,25,KAB. NIAS,6660,Ma'u,11,11,11,11,0,0,0,0,0,0,0,0,0,0
2,SUMATERA UTARA,25,KAB. NIAS,6661,Sogae'adu,11,11,11,11,0,0,0,0,0,0,0,0,0,0
2,SUMATERA UTARA,25,KAB. NIAS,277,Somolo-molo,11,11,11,11,0,0,0,0,0,0,0,0,0,0
2,SUMATERA UTARA,25,KAB. NIAS,276,Ulugawo,14,14,14,14,0,0,0,5390000,174,174,2055000,173,248,7445000
2,SUMATERA UTARA,48,KAB. NIAS BARAT,611,Lahomi,11,11,10,3,0,0,0,0,0,0,0,0,0,0
2,SUMATERA UTARA,48,KAB. NIAS BARAT,616,Lolofitu Moi,8,8,8,6,0,0,0,100000,1,1,20000,1,1,120000
2,SUMATERA UTARA,48,KAB. NIAS BARAT,614,Mandrehe,20,20,20,8,0,0,0,0,0,0,0,0,0,0
2,SUMATERA UTARA,48,KAB. NIAS BARAT,613,Mandrehe Barat,14,14,14,7,0,0,0,1200000,24,24,350000,24,35,1550000
2,SUMATERA UTARA,48,KAB. NIAS BARAT,615,Mandrehe Utara,13,12,12,5,0,0,0,5600000,56,56,1225000,42,100,6825000
2,SUMATERA UTARA,48,KAB. NIAS BARAT,6704,Moro'o,10,10,10,3,0,0,0,0,0,0,0,0,0,0
2,SUMATERA UTARA,48,KAB. NIAS BARAT,612,Sirombu,25,25,22,2,0,0,0,0,0,0,0,0,0,0
2,SUMATERA UTARA,48,KAB. NIAS BARAT,6705,Ulu Moro'o,5,5,5,2,0,0,0,0,0,0,0,0,0,0
2,SUMATERA UTARA,37,KAB. NIAS SELATAN,495,Amandraya,22,18,18,14,0,0,0,0,0,0,0,0,0,0
2,SUMATERA UTARA,37,KAB. NIAS SELATAN,501,Aramo,17,10,16,11,0,0,0,0,0,0,0,0,0,0
2,SUMATERA UTARA,37,KAB. NIAS SELATAN,510,Boronadu,10,9,10,7,0,0,0,0,0,0,0,0,0,0
2,SUMATERA UTARA,37,KAB. NIAS SELATAN,503,Fanayama,17,15,16,11,0,0,0,0,0,0,0,0,0,0
2,SUMATERA UTARA,37,KAB. NIAS SELATAN,490,Gomo,11,9,11,11,0,0,0,0,0,0,0,0,0,0
2,SUMATERA UTARA,37,KAB. NIAS SELATAN,492,Hibala,17,13,17,16,0,0,0,0,0,0,0,0,0,0
2,SUMATERA UTARA,37,KAB. NIAS SELATAN,498,Hilimegai,10,10,8,5,0,0,0,0,0,0,0,0,0,0
2,SUMATERA UTARA,37,KAB. NIAS SELATAN,507,Hilisalawa'ahe,11,6,10,3,0,0,0,0,0,0,0,0,0,0
2,SUMATERA UTARA,37,KAB. NIAS SELATAN,505,Huruna,17,17,16,11,0,0,0,7000000,28,28,560000,28,28,7560000
2,SUMATERA UTARA,37,KAB. NIAS SELATAN,513,Idanotae,12,12,12,11,0,0,0,200000,2,2,20000,2,2,220000
2,SUMATERA UTARA,37,KAB. NIAS SELATAN,491,Lahusa,23,22,23,21,0,0,0,0,0,0,25000,1,1,25000
2,SUMATERA UTARA,37,KAB. NIAS SELATAN,489,Lolomatua,13,13,12,2,0,0,0,0,0,0,0,0,0,0
2,SUMATERA UTARA,37,KAB. NIAS SELATAN,496,Lolowau,14,11,13,9,0,0,0,0,0,0,0,0,0,0
2,SUMATERA UTARA,37,KAB. NIAS SELATAN,512,Luahagundre Maniamolo,10,10,10,6,0,0,0,0,0,0,0,0,0,0
2,SUMATERA UTARA,37,KAB. NIAS SELATAN,497,Maniamolo,14,7,14,9,0,0,0,0,0,0,0,0,0,0
2,SUMATERA UTARA,37,KAB. NIAS SELATAN,6683,Mazino,11,4,10,7,0,0,0,0,0,0,0,0,0,0
2,SUMATERA UTARA,37,KAB. NIAS SELATAN,502,Mazo,10,8,10,9,0,0,0,0,0,0,0,0,0,0
2,SUMATERA UTARA,37,KAB. NIAS SELATAN,506,Onohazumba,10,9,10,6,0,0,0,0,0,0,0,0,0,0
2,SUMATERA UTARA,37,KAB. NIAS SELATAN,6690,Onolalu,10,7,8,8,0,0,0,0,0,0,0,0,0,0
2,SUMATERA UTARA,37,KAB. NIAS SELATAN,6685,O'o'u,11,10,11,7,0,0,0,0,0,0,0,0,0,0
2,SUMATERA UTARA,37,KAB. NIAS SELATAN,6410,Panggema,1,0,0,0,0,0,0,0,0,0,0,0,0,0
2,SUMATERA UTARA,37,KAB. NIAS SELATAN,493,Pulau-Pulau Batu,22,18,20,8,0,0,0,0,0,0,0,0,0,0
2,SUMATERA UTARA,37,KAB. NIAS SELATAN,511,Pulau-Pulau Batu Barat,9,9,9,9,0,0,0,0,0,0,0,0,0,0
2,SUMATERA UTARA,37,KAB. NIAS SELATAN,6684,Pulau-Pulau Batu Timur,10,6,10,4,0,0,0,0,0,0,0,0,0,0
2,SUMATERA UTARA,37,KAB. NIAS SELATAN,6688,Pulau-Pulau Batu Utara,12,12,12,10,0,0,0,0,0,0,0,0,0,0
2,SUMATERA UTARA,37,KAB. NIAS SELATAN,6686,Sidua'ori,11,11,11,9,0,0,0,0,0,0,0,0,0,0
2,SUMATERA UTARA,37,KAB. NIAS SELATAN,6687,Simuk,6,5,6,5,0,0,0,0,0,0,0,0,0,0
2,SUMATERA UTARA,37,KAB. NIAS SELATAN,509,Somambawa,14,14,14,13,0,0,0,0,0,0,0,0,0,0
2,SUMATERA UTARA,37,KAB. NIAS SELATAN,6682,Susua,18,9,16,12,0,0,0,0,0,0,0,0,0,0
2,SUMATERA UTARA,37,KAB. NIAS SELATAN,6689,Tanah Masa,12,12,12,10,0,0,0,0,0,0,0,0,0,0
2,SUMATERA UTARA,37,KAB. NIAS SELATAN,494,Teluk Dalam,16,12,15,8,0,0,0,0,0,0,0,0,0,0
2,SUMATERA UTARA,37,KAB. NIAS SELATAN,499,Toma,14,14,14,13,0,0,0,0,0,0,100000,1,1,100000
2,SUMATERA UTARA,37,KAB. NIAS SELATAN,6691,Ulu Idanotae,11,11,11,9,0,0,0,280000,10,10,225000,3,9,505000
2,SUMATERA UTARA,37,KAB. NIAS SELATAN,504,Ulunoyo,13,12,12,11,0,0,0,0,0,0,0,0,0,0
2,SUMATERA UTARA,37,KAB. NIAS SELATAN,508,Ulususua,12,9,11,5,0,0,0,0,0,0,0,0,0,0
2,SUMATERA UTARA,37,KAB. NIAS SELATAN,500,Umbunasi,12,11,11,11,0,0,0,3000000,1,1,30000,1,2,3030000
2,SUMATERA UTARA,47,KAB. NIAS UTARA,608,Afulu,9,9,8,7,0,0,0,0,0,0,0,0,0,0
2,SUMATERA UTARA,47,KAB. NIAS UTARA,607,Alasa,14,14,13,6,0,0,0,0,0,0,0,0,0,0
2,SUMATERA UTARA,47,KAB. NIAS UTARA,606,Alasa Talumuzoi,6,6,6,6,0,0,0,0,0,0,5000,1,1,5000
2,SUMATERA UTARA,47,KAB. NIAS UTARA,609,Lahewa,21,20,21,17,0,0,0,9700000,97,97,0,0,0,9700000
2,SUMATERA UTARA,47,KAB. NIAS UTARA,610,Lahewa Timur,7,7,7,4,0,0,0,200000,4,4,0,0,0,200000
2,SUMATERA UTARA,47,KAB. NIAS UTARA,601,Lotu,13,12,13,9,0,0,0,1800000,36,36,1760000,36,88,3560000
2,SUMATERA UTARA,47,KAB. NIAS UTARA,605,Namohalu Esiwa,11,11,11,8,0,0,0,1850000,37,37,430000,36,43,2280000
2,SUMATERA UTARA,47,KAB. NIAS UTARA,602,Sawo,10,10,10,6,0,0,0,0,0,0,0,0,0,0
2,SUMATERA UTARA,47,KAB. NIAS UTARA,604,Sitolu Ori,6,6,5,5,0,0,0,0,0,0,0,0,0,0
2,SUMATERA UTARA,47,KAB. NIAS UTARA,6703,Tugala Oyo,8,7,8,6,0,0,0,0,0,0,0,0,0,0
2,SUMATERA UTARA,47,KAB. NIAS UTARA,603,Tuhemberua,8,8,8,4,0,0,0,0,0,0,0,0,0,0
2,SUMATERA UTARA,44,KAB. PADANG LAWAS,587,Aek Nabara Barumun,25,25,25,25,0,0,0,1370000,49,49,3180000,36,318,4550000
2,SUMATERA UTARA,44,KAB. PADANG LAWAS,583,Barumun,17,17,17,14,0,0,0,1200000,24,24,280000,24,28,1480000
2,SUMATERA UTARA,44,KAB. PADANG LAWAS,6700,Barumun Barat,10,10,10,10,0,0,0,0,0,0,0,0,0,0
2,SUMATERA UTARA,44,KAB. PADANG LAWAS,6697,Barumun Baru,13,13,13,12,0,0,0,0,0,0,0,0,0,0
2,SUMATERA UTARA,44,KAB. PADANG LAWAS,586,Barumun Selatan,11,11,11,11,0,0,0,1750000,35,35,110000,21,21,1860000
2,SUMATERA UTARA,44,KAB. PADANG LAWAS,578,Barumun Tengah,29,29,29,29,0,0,0,0,0,0,0,0,0,0
2,SUMATERA UTARA,44,KAB. PADANG LAWAS,585,Batang Lubu Sutam,20,20,20,18,0,0,0,530000,28,28,20000,2,4,550000
2,SUMATERA UTARA,44,KAB. PADANG LAWAS,579,Huristak,27,26,27,25,0,0,0,10000,1,1,0,0,0,10000
2,SUMATERA UTARA,44,KAB. PADANG LAWAS,581,Hutaraja Tinggi,26,26,26,25,0,0,0,750000,15,15,360000,15,36,1110000
2,SUMATERA UTARA,44,KAB. PADANG LAWAS,580,Lubuk Barumun,24,24,24,24,0,0,0,0,0,0,0,0,0,0
2,SUMATERA UTARA,44,KAB. PADANG LAWAS,588,Sihapas Barumun,13,13,13,13,0,0,0,0,0,0,0,0,0,0
2,SUMATERA UTARA,44,KAB. PADANG LAWAS,584,Sosa,16,16,16,15,0,0,0,0,0,0,0,0,0,0
2,SUMATERA UTARA,44,KAB. PADANG LAWAS,6699,Sosa Julu,12,12,12,7,0,0,0,150000,3,3,60000,1,3,210000
2,SUMATERA UTARA,44,KAB. PADANG LAWAS,6701,Sosa Timur,13,13,13,10,0,0,0,0,0,0,0,0,0,0
2,SUMATERA UTARA,44,KAB. PADANG LAWAS,577,Sosopan,22,22,22,13,0,0,0,0,0,0,0,0,0,0
2,SUMATERA UTARA,44,KAB. PADANG LAWAS,582,Ulu Barumun,15,15,15,14,0,0,0,0,0,0,0,0,0,0
2,SUMATERA UTARA,44,KAB. PADANG LAWAS,6698,Ulu Sosa,11,11,11,10,0,0,0,140000,7,7,10000,1,1,150000
2,SUMATERA UTARA,43,KAB. PADANG LAWAS UTARA,571,Batang Onang,32,32,32,31,0,0,0,3300000,66,66,2290000,58,229,5590000
2,SUMATERA UTARA,43,KAB. PADANG LAWAS UTARA,566,Dolok,86,86,86,83,0,0,0,0,0,0,0,0,0,0
2,SUMATERA UTARA,43,KAB. PADANG LAWAS UTARA,565,Dolok Sigompulon,44,44,44,36,0,0,0,0,0,0,0,0,0,0
2,SUMATERA UTARA,43,KAB. PADANG LAWAS UTARA,567,Halongonan,33,33,33,33,0,0,0,13400000,134,134,1200000,120,120,14600000
2,SUMATERA UTARA,43,KAB. PADANG LAWAS UTARA,575,Halongonan Timur,14,14,14,13,0,0,0,900000,9,9,570000,11,57,1470000
2,SUMATERA UTARA,43,KAB. PADANG LAWAS UTARA,573,Hulu Sihapas,10,10,10,10,0,0,0,350000,7,7,0,0,0,350000
2,SUMATERA UTARA,43,KAB. PADANG LAWAS UTARA,568,Padang Bolak,62,62,62,59,0,0,0,0,0,0,0,0,0,0
2,SUMATERA UTARA,43,KAB. PADANG LAWAS UTARA,569,Padang Bolak Julu,22,20,22,19,0,0,0,0,0,0,0,0,0,0
2,SUMATERA UTARA,43,KAB. PADANG LAWAS UTARA,574,Padang Bolak Tenggara,14,14,14,14,0,0,0,30000,3,3,90000,9,9,120000
2,SUMATERA UTARA,43,KAB. PADANG LAWAS UTARA,570,Portibi,36,36,36,36,0,0,0,0,0,0,0,0,0,0
2,SUMATERA UTARA,43,KAB. PADANG LAWAS UTARA,572,Simangambat,21,21,21,21,0,0,0,0,0,0,0,0,0,0
2,SUMATERA UTARA,43,KAB. PADANG LAWAS UTARA,576,Ujung Batu,13,13,13,13,0,0,0,0,0,0,0,0,0,0
2,SUMATERA UTARA,38,KAB. PAKPAK BHARAT,514,Kerajaan,10,10,10,10,0,0,0,11420000,72,74,1920000,40,77,13340000
2,SUMATERA UTARA,38,KAB. PAKPAK BHARAT,6694,Pagindar,4,4,4,4,0,0,0,0,0,0,0,0,0,0
2,SUMATERA UTARA,38,KAB. PAKPAK BHARAT,516,Pergetteng Getteng Sengkut,5,5,5,3,0,0,0,7300000,68,68,3610000,43,178,10910000
2,SUMATERA UTARA,38,KAB. PAKPAK BHARAT,515,Salak,6,6,6,6,0,0,0,0,0,0,0,0,0,0
2,SUMATERA UTARA,38,KAB. PAKPAK BHARAT,518,Siempat Rube,6,6,6,3,0,0,0,0,0,0,0,0,0,0
2,SUMATERA UTARA,38,KAB. PAKPAK BHARAT,6692,Sitelu Tali Urang Jehe,10,10,10,10,0,0,0,3901200,39,39,5320000,31,140,9221200
2,SUMATERA UTARA,38,KAB. PAKPAK BHARAT,6693,Sitelu Tali Urang Julu,5,5,5,3,0,0,0,0,0,0,0,0,0,0
2,SUMATERA UTARA,38,KAB. PAKPAK BHARAT,517,Tinada,6,6,6,4,0,0,0,0,0,0,0,0,0,0
2,SUMATERA UTARA,40,KAB. SAMOSIR,533,Harian,13,13,13,5,0,0,0,0,0,0,0,0,0,0
2,SUMATERA UTARA,40,KAB. SAMOSIR,531,Nainggolan,15,15,15,4,0,0,0,500000,10,10,130000,8,13,630000
2,SUMATERA UTARA,40,KAB. SAMOSIR,530,Onan Runggu,12,12,12,4,0,0,0,0,0,0,0,0,0,0
2,SUMATERA UTARA,40,KAB. SAMOSIR,532,Palipi,17,17,17,4,0,0,0,0,0,0,0,0,0,0
2,SUMATERA UTARA,40,KAB. SAMOSIR,535,Pangururan,28,28,28,12,0,0,0,920000,8,8,0,0,0,920000
2,SUMATERA UTARA,40,KAB. SAMOSIR,534,Ronggur Nihuta,8,8,8,2,0,0,0,0,0,0,0,0,0,0
2,SUMATERA UTARA,40,KAB. SAMOSIR,6695,Sianjar Mula Mula,12,12,12,8,0,0,0,0,0,0,0,0,0,0
2,SUMATERA UTARA,40,KAB. SAMOSIR,529,Simanindo,21,21,21,8,0,0,0,0,0,0,0,0,0,0
2,SUMATERA UTARA,40,KAB. SAMOSIR,536,Sitio-tio,8,8,8,1,0,0,0,750000,15,15,300000,15,15,1050000
2,SUMATERA UTARA,41,KAB. SERDANG BEDAGAI,542,Bandar Khalipah,5,5,5,5,0,0,0,1625,65,65,0,0,0,1625
2,SUMATERA UTARA,41,KAB. SERDANG BEDAGAI,553,Bintang Bayu,17,17,17,12,0,0,0,0,0,0,0,0,0,0
2,SUMATERA UTARA,41,KAB. SERDANG BEDAGAI,545,Dolok Masihul,28,28,27,19,0,0,0,8700000,60,60,5120000,49,152,13820000
2,SUMATERA UTARA,41,KAB. SERDANG BEDAGAI,543,Dolok Merawan,13,13,13,12,0,0,0,0,0,0,0,0,0,0
2,SUMATERA UTARA,41,KAB. SERDANG BEDAGAI,546,Kotarih,11,11,11,10,0,0,0,0,0,0,0,0,0,0
2,SUMATERA UTARA,41,KAB. SERDANG BEDAGAI,537,Pantai Cermin,12,12,12,9,0,0,0,0,0,0,0,0,0,0
2,SUMATERA UTARA,41,KAB. SERDANG BEDAGAI,550,Pegajahan,13,13,13,7,0,0,0,0,0,0,0,0,0,0
2,SUMATERA UTARA,41,KAB. SERDANG BEDAGAI,538,Perbaungan,28,28,28,14,0,0,0,1000000,10,10,0,0,0,1000000
2,SUMATERA UTARA,41,KAB. SERDANG BEDAGAI,551,Sei Bamban,9,9,9,9,0,0,0,9400000,94,94,3000000,84,217,12400000
2,SUMATERA UTARA,41,KAB. SERDANG BEDAGAI,540,Sei Rampah,17,17,17,13,0,0,0,1000000,20,20,220000,21,21,1220000
2,SUMATERA UTARA,41,KAB. SERDANG BEDAGAI,548,Serba Jadi,10,10,10,9,0,0,0,1800000,36,36,1080000,36,36,2880000
2,SUMATERA UTARA,41,KAB. SERDANG BEDAGAI,547,Silinda,9,9,9,9,0,0,0,0,0,0,0,0,0,0
2,SUMATERA UTARA,41,KAB. SERDANG BEDAGAI,544,Sipispis,20,20,20,20,0,1789,11419600,11650000,87,87,8575000,64,343,20225000
2,SUMATERA UTARA,41,KAB. SERDANG BEDAGAI,541,Tanjung Beringin,8,8,8,8,0,0,0,0,0,0,0,0,0,0
2,SUMATERA UTARA,41,KAB. SERDANG BEDAGAI,552,Tebing Syahbandar,10,10,10,10,0,0,0,0,0,0,0,0,0,0
2,SUMATERA UTARA,41,KAB. SERDANG BEDAGAI,549,Tebing Tinggi,14,14,14,13,0,0,0,0,0,0,0,0,0,0
2,SUMATERA UTARA,41,KAB. SERDANG BEDAGAI,539,Teluk Mengkudu,12,12,12,8,0,0,0,1650000,33,33,1160000,17,58,2810000
2,SUMATERA UTARA,29,KAB. SIMALUNGUN,367,Bandar,16,16,16,16,0,31750,57786000,3850000,77,77,6200000,77,310,10050000
2,SUMATERA UTARA,29,KAB. SIMALUNGUN,366,Bandar Huluan,10,10,10,10,0,0,0,0,0,0,0,0,0,0
2,SUMATERA UTARA,29,KAB. SIMALUNGUN,368,Bandar Masilam,10,10,10,9,0,0,0,0,0,0,0,0,0,0
2,SUMATERA UTARA,29,KAB. SIMALUNGUN,354,Bosar Maligas,17,17,17,16,0,0,0,780000,36,36,350000,35,35,1130000
2,SUMATERA UTARA,29,KAB. SIMALUNGUN,6676,Dolog Masagal,10,10,10,9,0,0,0,2900000,29,29,240000,12,12,3140000
2,SUMATERA UTARA,29,KAB. SIMALUNGUN,361,Dolok Batu Nanggar,16,16,16,16,0,0,0,0,0,0,0,0,0,0
2,SUMATERA UTARA,29,KAB. SIMALUNGUN,358,Dolok Panribuan,15,15,15,13,0,0,0,2500000,25,25,190000,19,19,2690000
2,SUMATERA UTARA,29,KAB. SIMALUNGUN,364,Dolok Pardamean,11,11,11,8,0,0,0,0,0,0,0,0,0,0
2,SUMATERA UTARA,29,KAB. SIMALUNGUN,6673,Dolok Silao,14,14,14,14,0,0,0,0,0,0,0,0,0,0
2,SUMATERA UTARA,29,KAB. SIMALUNGUN,360,Girsang Sipangan Bolon,6,6,6,6,0,0,0,0,0,0,0,0,0,0
2,SUMATERA UTARA,29,KAB. SIMALUNGUN,349,Gunung Malela,16,16,16,16,0,0,0,1600000,32,32,10000,1,1,1610000
2,SUMATERA UTARA,29,KAB. SIMALUNGUN,350,Gunung Maligas,9,9,9,9,0,2060,23530000,0,0,0,0,0,0,0
2,SUMATERA UTARA,29,KAB. SIMALUNGUN,6672,Haranggaol Horisan,5,5,5,5,0,0,0,0,0,0,0,0,0,0
2,SUMATERA UTARA,29,KAB. SIMALUNGUN,357,Hatonduhan,9,9,9,9,0,0,0,0,0,0,0,0,0,0
2,SUMATERA UTARA,29,KAB. SIMALUNGUN,362,Hutabayu Raja,16,16,16,16,0,0,0,100000,1,1,20000,2,2,120000
2,SUMATERA UTARA,29,KAB. SIMALUNGUN,363,Jawa Maraja Bah Jambi,8,8,8,8,0,7968,117724800,4750000,95,95,950000,95,95,5700000
2,SUMATERA UTARA,29,KAB. SIMALUNGUN,352,Jorlang Hataran,13,13,13,13,0,0,0,80000,4,4,0,0,0,80000
2,SUMATERA UTARA,29,KAB. SIMALUNGUN,6671,Pamatang Sidamanik,10,10,10,10,0,0,0,0,0,0,0,0,0,0
2,SUMATERA UTARA,29,KAB. SIMALUNGUN,6675,Pamatang Silima Huta,10,10,10,6,0,0,0,0,0,0,0,0,0,0
2,SUMATERA UTARA,29,KAB. SIMALUNGUN,6670,Panei,17,17,17,14,0,0,0,700000,14,14,780000,14,78,1480000
2,SUMATERA UTARA,29,KAB. SIMALUNGUN,351,Panombeian Panei,11,11,11,11,0,0,0,500000,5,5,0,0,0,500000
2,SUMATERA UTARA,29,KAB. SIMALUNGUN,365,Pematang Bandar,13,13,13,13,0,0,0,0,0,0,0,0,0,0
2,SUMATERA UTARA,29,KAB. SIMALUNGUN,359,Purba,14,14,14,13,0,0,0,0,0,0,0,0,0,0
2,SUMATERA UTARA,29,KAB. SIMALUNGUN,371,Raya,17,17,17,17,0,0,0,0,0,0,0,0,0,0
2,SUMATERA UTARA,29,KAB. SIMALUNGUN,353,Raya Kahean,14,14,14,14,0,0,0,750000,15,15,0,0,0,750000
2,SUMATERA UTARA,29,KAB. SIMALUNGUN,348,Siantar,17,17,17,16,0,2500,36490000,0,0,0,0,0,0,0
2,SUMATERA UTARA,29,KAB. SIMALUNGUN,355,Sidamanik,15,15,15,15,0,0,0,0,0,0,0,0,0,0
2,SUMATERA UTARA,29,KAB. SIMALUNGUN,369,Silimakuta,7,7,7,7,0,0,0,0,0,0,0,0,0,0
2,SUMATERA UTARA,29,KAB. SIMALUNGUN,6674,Silou Kahean,16,16,16,15,0,0,0,0,0,0,0,0,0,0
2,SUMATERA UTARA,29,KAB. SIMALUNGUN,356,Tanah Jawa,20,20,20,20,0,0,0,0,0,0,0,0,0,0
2,SUMATERA UTARA,29,KAB. SIMALUNGUN,370,Tapian Dolok,11,11,11,11,0,3960,48420000,0,0,0,0,0,0,0
2,SUMATERA UTARA,29,KAB. SIMALUNGUN,372,Ujung Padang,20,20,20,19,0,0,0,750000,15,15,0,0,0,750000
2,SUMATERA UTARA,24,KAB. TAPANULI SELATAN,343,Aek Bilah,12,12,12,12,0,0,0,0,0,0,0,0,0,0
2,SUMATERA UTARA,24,KAB. TAPANULI SELATAN,334,Angkola Barat,14,14,14,13,0,0,0,0,0,0,0,0,0,0
2,SUMATERA UTARA,24,KAB. TAPANULI SELATAN,347,Angkola Muara Tais,15,15,15,15,0,29780,382155000,0,0,0,0,0,0,0
2,SUMATERA UTARA,24,KAB. TAPANULI SELATAN,346,Angkola Sangkunur,10,10,10,10,0,0,0,0,0,0,0,0,0,0
2,SUMATERA UTARA,24,KAB. TAPANULI SELATAN,339,Angkola Selatan,17,17,17,16,0,700,9830000,100000,1,1,0,0,0,100000
2,SUMATERA UTARA,24,KAB. TAPANULI SELATAN,336,Angkola Timur,14,14,14,14,0,0,0,0,0,0,0,0,0,0
2,SUMATERA UTARA,24,KAB. TAPANULI SELATAN,340,Arse,10,10,10,10,0,21,420000,4650000,93,93,570000,49,57,5220000
2,SUMATERA UTARA,24,KAB. TAPANULI SELATAN,269,Batang Angkola,21,21,21,21,0,0,0,3000000,60,60,0,0,0,3000000
2,SUMATERA UTARA,24,KAB. TAPANULI SELATAN,335,Batang Toru,24,21,24,20,0,3480,50460000,0,0,0,0,0,0,0
2,SUMATERA UTARA,24,KAB. TAPANULI SELATAN,341,Marancar,12,12,12,12,0,0,0,3250,65,65,1060000,53,53,1063250
2,SUMATERA UTARA,24,KAB. TAPANULI SELATAN,344,Muara Batang Toru,9,9,9,9,0,0,0,0,0,0,0,0,0,0
2,SUMATERA UTARA,24,KAB. TAPANULI SELATAN,338,Saipar Dolok Hole,14,14,14,12,0,2250,26550000,5650000,113,113,85000,17,17,5735000
2,SUMATERA UTARA,24,KAB. TAPANULI SELATAN,342,Sayur Matinggi,19,19,19,15,0,0,0,0,0,0,0,0,0,0
2,SUMATERA UTARA,24,KAB. TAPANULI SELATAN,337,Sipirok,40,37,40,33,0,2000,24800000,7700000,77,77,1720000,74,86,9420000
2,SUMATERA UTARA,24,KAB. TAPANULI SELATAN,345,Tano Tombangan Angkola,17,17,17,17,0,2095,25977500,0,0,0,0,0,0,0
2,SUMATERA UTARA,27,KAB. TAPANULI TENGAH,310,Andam Dewi,14,14,14,9,0,0,0,0,0,0,0,0,0,0
2,SUMATERA UTARA,27,KAB. TAPANULI TENGAH,313,Badiri,9,9,9,8,0,0,0,0,0,0,0,0,0,0
2,SUMATERA UTARA,27,KAB. TAPANULI TENGAH,299,Barus,13,11,13,3,0,0,0,0,0,0,0,0,0,0
2,SUMATERA UTARA,27,KAB. TAPANULI TENGAH,315,Barus Utara,6,6,6,6,0,0,0,0,0,0,0,0,0,0
2,SUMATERA UTARA,27,KAB. TAPANULI TENGAH,304,Kolang,14,14,14,8,0,0,0,0,0,0,0,0,0,0
2,SUMATERA UTARA,27,KAB. TAPANULI TENGAH,317,Lumut,6,6,6,4,0,0,0,0,0,0,0,0,0,0
2,SUMATERA UTARA,27,KAB. TAPANULI TENGAH,303,Manduamas,20,19,20,7,0,0,0,0,0,0,0,0,0,0
2,SUMATERA UTARA,27,KAB. TAPANULI TENGAH,301,Pandan,22,22,21,21,0,1410,20448000,0,0,0,0,0,0,0
2,SUMATERA UTARA,27,KAB. TAPANULI TENGAH,314,Pasaribu Tobing,9,9,8,3,0,0,0,0,0,0,0,0,0,0
2,SUMATERA UTARA,27,KAB. TAPANULI TENGAH,302,Pinangsori,10,10,10,7,0,0,0,0,0,0,0,0,0,0
2,SUMATERA UTARA,27,KAB. TAPANULI TENGAH,318,Sarudik,5,5,5,2,0,0,0,0,0,0,0,0,0,0
2,SUMATERA UTARA,27,KAB. TAPANULI TENGAH,306,Sibabangun,7,7,7,6,0,0,0,0,0,0,0,0,0,0
2,SUMATERA UTARA,27,KAB. TAPANULI TENGAH,309,Sirandorung,8,8,8,8,0,0,0,0,0,0,0,0,0,0
2,SUMATERA UTARA,27,KAB. TAPANULI TENGAH,311,Sitahuis,6,6,6,5,0,0,0,0,0,0,0,0,0,0
2,SUMATERA UTARA,27,KAB. TAPANULI TENGAH,300,Sorkam,21,21,20,11,0,0,0,0,0,0,0,0,0,0
2,SUMATERA UTARA,27,KAB. TAPANULI TENGAH,308,Sorkam Barat,12,12,11,6,0,0,0,0,0,0,0,0,0,0
2,SUMATERA UTARA,27,KAB. TAPANULI TENGAH,307,Sosorgadong,9,9,9,5,0,0,0,0,0,0,0,0,0,0
2,SUMATERA UTARA,27,KAB. TAPANULI TENGAH,316,Suka Bangun,6,6,6,6,0,0,0,0,0,0,0,0,0,0
2,SUMATERA UTARA,27,KAB. TAPANULI TENGAH,305,Tapian Nauli,9,8,9,5,0,600,8700000,250000,5,5,0,0,0,250000
2,SUMATERA UTARA,27,KAB. TAPANULI TENGAH,312,Tukka,9,9,9,9,0,0,0,0,0,0,0,0,0,0
2,SUMATERA UTARA,28,KAB. TAPANULI UTARA,321,Adiankoting,16,7,16,15,0,0,0,0,0,0,0,0,0,0
2,SUMATERA UTARA,28,KAB. TAPANULI UTARA,332,Garoga,13,12,13,13,0,0,0,0,0,0,0,0,0,0
2,SUMATERA UTARA,28,KAB. TAPANULI UTARA,333,Muara,15,15,15,15,0,0,0,2900000,58,58,4610000,53,231,7510000
2,SUMATERA UTARA,28,KAB. TAPANULI UTARA,328,Pagaran,14,13,14,14,0,0,0,0,0,0,0,0,0,0
2,SUMATERA UTARA,28,KAB. TAPANULI UTARA,324,Pahae Jae,13,13,13,13,0,0,0,0,0,0,0,0,0,0
2,SUMATERA UTARA,28,KAB. TAPANULI UTARA,323,Pahae Julu,19,19,19,16,0,0,0,0,0,0,0,0,0,0
2,SUMATERA UTARA,28,KAB. TAPANULI UTARA,331,Pangaribuan,26,25,26,26,0,0,0,0,0,0,0,0,0,0
2,SUMATERA UTARA,28,KAB. TAPANULI UTARA,329,Parmonangan,14,11,14,14,0,0,0,0,0,0,0,0,0,0
2,SUMATERA UTARA,28,KAB. TAPANULI UTARA,326,Purbatua,11,11,11,10,0,0,0,0,0,0,0,0,0,0
2,SUMATERA UTARA,28,KAB. TAPANULI UTARA,320,Siatas Barita,12,12,12,12,0,0,0,0,0,0,0,0,0,0
2,SUMATERA UTARA,28,KAB. TAPANULI UTARA,327,Siborongborong,21,21,21,15,0,0,0,0,0,0,0,0,0,0
2,SUMATERA UTARA,28,KAB. TAPANULI UTARA,325,Simangumban,8,8,8,8,0,0,0,0,0,0,0,0,0,0
2,SUMATERA UTARA,28,KAB. TAPANULI UTARA,330,Sipahutar,25,25,25,25,0,0,0,0,0,0,0,0,0,0
2,SUMATERA UTARA,28,KAB. TAPANULI UTARA,322,Sipoholon,13,13,13,9,0,50,565000,2500000,50,50,2850000,49,285,5350000
2,SUMATERA UTARA,28,KAB. TAPANULI UTARA,319,Tarutung,31,31,31,30,0,0,0,0,0,0,0,0,0,0
2,SUMATERA UTARA,33,KAB. TOBA,417,Ajibata,10,10,10,7,0,0,0,3600000,72,72,1700000,47,170,5300000
2,SUMATERA UTARA,33,KAB. TOBA,411,Balige,34,34,34,31,0,0,0,6400000,113,113,3530000,71,260,9930000
2,SUMATERA UTARA,33,KAB. TOBA,424,Bonatua Lunasi,12,12,12,7,0,0,0,250000,14,14,0,0,0,250000
2,SUMATERA UTARA,33,KAB. TOBA,6679,Borbor,15,15,15,13,0,0,0,1100000,17,17,300000,13,30,1400000
2,SUMATERA UTARA,33,KAB. TOBA,414,Habinsaran,22,22,22,18,0,0,0,1120000,53,53,530000,51,53,1650000
2,SUMATERA UTARA,33,KAB. TOBA,412,Laguboti,23,23,23,23,0,0,0,15100000,230,230,3640030,201,399,18740030
2,SUMATERA UTARA,33,KAB. TOBA,418,Lumban Julu,12,12,12,10,0,0,0,800000,16,16,1250000,39,125,2050000
2,SUMATERA UTARA,33,KAB. TOBA,422,Nassau,10,9,10,7,0,0,0,0,0,0,0,0,0,0
2,SUMATERA UTARA,33,KAB. TOBA,425,Parmaksian,11,11,11,11,0,0,0,9600000,192,192,2680000,173,275,12280000
2,SUMATERA UTARA,33,KAB. TOBA,415,Pintu Pohan Meranti,7,7,7,7,0,0,0,60000,3,3,0,0,0,60000
2,SUMATERA UTARA,33,KAB. TOBA,416,Porsea,17,17,17,15,0,0,0,6650000,115,115,3385000,99,675,10035000
2,SUMATERA UTARA,33,KAB. TOBA,421,Siantar Narumonda,14,14,14,12,0,0,0,220000,11,11,105000,11,11,325000
2,SUMATERA UTARA,33,KAB. TOBA,420,Sigumpar,10,10,10,9,0,0,0,2910000,59,59,170000,17,17,3080000
2,SUMATERA UTARA,33,KAB. TOBA,413,Silaen,23,23,23,20,0,0,0,1600000,32,32,1020000,27,102,2620000
2,SUMATERA UTARA,33,KAB. TOBA,423,Tampahan,6,6,6,5,0,0,0,2890000,73,73,10000,1,1,2900000
2,SUMATERA UTARA,33,KAB. TOBA,419,Uluan,17,17,17,17,0,0,0,9080000,198,198,3330000,175,333,12410000
2,SUMATERA UTARA,53,KOTA BINJAI,657,Binjai Barat,6,6,6,6,0,0,0,500000,10,10,160000,8,8,660000
2,SUMATERA UTARA,53,KOTA BINJAI,656,Binjai Kota,7,7,7,7,0,0,0,0,0,0,0,0,0,0
2,SUMATERA UTARA,53,KOTA BINJAI,659,Binjai Selatan,8,8,8,8,0,0,0,0,0,0,0,0,0,0
2,SUMATERA UTARA,53,KOTA BINJAI,658,Binjai Timur,7,7,7,7,0,0,0,1600000,32,32,2140000,26,107,3740000
2,SUMATERA UTARA,53,KOTA BINJAI,655,Binjai Utara,9,9,9,9,0,0,0,1350000,27,27,270000,27,27,1620000
2,SUMATERA UTARA,55,KOTA GUNUNGSITOLI,665,Gunungsitoli,32,32,32,21,0,10600,121700000,600000,9,9,40000,4,4,640000
2,SUMATERA UTARA,55,KOTA GUNUNGSITOLI,6713,Gunungsitoli Alo'oa,9,9,9,5,0,0,0,0,0,0,0,0,0,0
2,SUMATERA UTARA,55,KOTA GUNUNGSITOLI,669,Gunungsitoli Barat,9,9,9,3,0,0,0,0,0,0,0,0,0,0
2,SUMATERA UTARA,55,KOTA GUNUNGSITOLI,668,Gunungsitoli Idanoi,26,26,24,9,0,0,0,0,0,0,0,0,0,0
2,SUMATERA UTARA,55,KOTA GUNUNGSITOLI,666,Gunungsitoli Selatan,15,15,15,9,0,0,0,0,0,0,0,0,0,0
2,SUMATERA UTARA,55,KOTA GUNUNGSITOLI,667,Gunungsitoli Utara,10,10,9,4,0,0,0,0,0,0,0,0,0,0
2,SUMATERA UTARA,49,KOTA MEDAN,624,Medan Amplas,7,7,7,7,0,9320,118276000,510000,51,51,1230000,55,246,1740000
2,SUMATERA UTARA,49,KOTA MEDAN,625,Medan Area,12,12,12,12,0,0,0,0,0,0,0,0,0,0
2,SUMATERA UTARA,49,KOTA MEDAN,621,Medan Barat,6,6,6,6,0,0,0,0,0,0,0,0,0,0
2,SUMATERA UTARA,49,KOTA MEDAN,632,Medan Baru,6,6,6,6,0,0,0,0,0,0,0,0,0,0
2,SUMATERA UTARA,49,KOTA MEDAN,6706,Medan Belawan,6,6,6,6,0,0,0,0,0,0,0,0,0,0
2,SUMATERA UTARA,49,KOTA MEDAN,622,Medan Deli,6,6,6,6,0,0,0,0,0,0,0,0,0,0
2,SUMATERA UTARA,49,KOTA MEDAN,620,Medan Denai,6,6,6,6,0,2160,30888000,0,0,0,0,0,0,0
2,SUMATERA UTARA,49,KOTA MEDAN,619,Medan Helvetia,7,7,7,7,0,6540,75850000,225000,11,11,105000,7,18,330000
2,SUMATERA UTARA,49,KOTA MEDAN,626,Medan Johor,6,6,6,6,0,0,0,0,0,0,0,0,0,0
2,SUMATERA UTARA,49,KOTA MEDAN,617,Medan Kota,12,12,12,12,0,1560,22308000,500000,10,10,260000,10,26,760000
2,SUMATERA UTARA,49,KOTA MEDAN,628,Medan Labuhan,6,6,6,6,0,0,0,0,0,0,0,0,0,0
2,SUMATERA UTARA,49,KOTA MEDAN,630,Medan Maimun,6,6,6,6,0,0,0,0,0,0,0,0,0,0
2,SUMATERA UTARA,49,KOTA MEDAN,627,Medan Marelan,5,5,5,5,0,2000,22600000,0,0,0,0,0,0,0
2,SUMATERA UTARA,49,KOTA MEDAN,633,Medan Perjuangan,9,9,9,9,0,0,0,0,0,0,0,0,0,0
2,SUMATERA UTARA,49,KOTA MEDAN,634,Medan Petisah,7,7,7,7,0,0,0,0,0,0,0,0,0,0
2,SUMATERA UTARA,49,KOTA MEDAN,631,Medan Polonia,5,5,5,5,0,0,0,0,0,0,0,0,0,0
2,SUMATERA UTARA,49,KOTA MEDAN,636,Medan Selayang,6,6,6,6,0,3760,50768000,250000,5,5,0,0,0,250000
2,SUMATERA UTARA,49,KOTA MEDAN,618,Medan Sunggal,6,6,6,6,0,2000,22600000,0,0,0,0,0,0,0
2,SUMATERA UTARA,49,KOTA MEDAN,629,Medan Tembung,7,7,7,7,0,0,0,50000,1,1,10000,1,1,60000
2,SUMATERA UTARA,49,KOTA MEDAN,635,Medan Timur,11,11,11,11,0,0,0,0,0,0,0,0,0,0
2,SUMATERA UTARA,49,KOTA MEDAN,623,Medan Tuntungan,9,9,9,9,0,0,0,1050000,21,21,420000,21,21,1470000
2,SUMATERA UTARA,503,KOTA PADANG SIDEMPUAN,6712,Padangsidimpuan Angkola Julu,8,8,8,6,0,17790,213272000,0,0,0,0,0,0,0
2,SUMATERA UTARA,503,KOTA PADANG SIDEMPUAN,6709,Padangsidimpuan Batunadua,15,15,15,13,0,28250,351300000,0,0,0,0,0,0,0
2,SUMATERA UTARA,503,KOTA PADANG SIDEMPUAN,6710,Padangsidimpuan Hutaimbaru,10,10,10,7,0,64180,760714000,140000,14,14,700000,14,14,840000
2,SUMATERA UTARA,503,KOTA PADANG SIDEMPUAN,6708,Padangsidimpuan Selatan,12,12,12,9,0,122080,1516735000,0,0,0,0,0,0,0
2,SUMATERA UTARA,503,KOTA PADANG SIDEMPUAN,6711,Padangsidimpuan Tenggara,18,18,18,13,0,24500,284895000,0,0,0,0,0,0,0
2,SUMATERA UTARA,503,KOTA PADANG SIDEMPUAN,6707,Padangsidimpuan Utara,16,16,16,10,0,111430,1353630000,0,0,0,0,0,0,0
2,SUMATERA UTARA,50,KOTA PEMATANGSIANTAR,638,Siantar Barat,8,8,8,7,0,0,0,0,0,0,0,0,0,0
2,SUMATERA UTARA,50,KOTA PEMATANGSIANTAR,641,Siantar Marihat,7,7,7,7,0,0,0,1900000,19,19,0,0,0,1900000
2,SUMATERA UTARA,50,KOTA PEMATANGSIANTAR,644,Siantar Marimbun,6,6,6,6,0,0,0,0,0,0,0,0,0,0
2,SUMATERA UTARA,50,KOTA PEMATANGSIANTAR,642,Siantar Martoba,7,7,7,6,0,4360,50480000,2700000,27,27,140000,6,7,2840000
2,SUMATERA UTARA,50,KOTA PEMATANGSIANTAR,640,Siantar Selatan,6,6,6,5,0,0,0,0,0,0,0,0,0,0
2,SUMATERA UTARA,50,KOTA PEMATANGSIANTAR,643,Siantar Sitalasari,5,5,5,5,0,0,0,0,0,0,0,0,0,0
2,SUMATERA UTARA,50,KOTA PEMATANGSIANTAR,637,Siantar Timur,7,7,7,7,0,28400,367000000,0,0,0,0,0,0,0
2,SUMATERA UTARA,50,KOTA PEMATANGSIANTAR,639,Siantar Utara,7,7,7,7,0,0,0,0,0,0,0,0,0,0
2,SUMATERA UTARA,51,KOTA SIBOLGA,646,Sibolga Kota,4,4,4,4,0,0,0,0,0,0,0,0,0,0
2,SUMATERA UTARA,51,KOTA SIBOLGA,648,Sibolga Sambas,4,4,4,2,0,0,0,150000,3,3,10000,2,2,160000
2,SUMATERA UTARA,51,KOTA SIBOLGA,647,Sibolga Selatan,4,4,4,2,0,0,0,0,0,0,0,0,0,0
2,SUMATERA UTARA,51,KOTA SIBOLGA,645,Sibolga Utara,5,5,5,3,0,0,0,0,0,0,0,0,0,0
2,SUMATERA UTARA,52,KOTA TANJUNG BALAI,653,Datuk Bandar,5,5,5,4,0,1920,27840000,0,0,0,100000,2,2,100000
2,SUMATERA UTARA,52,KOTA TANJUNG BALAI,654,Datuk Bandar Timur,5,5,5,4,0,7880,98260000,0,0,0,0,0,0,0
2,SUMATERA UTARA,52,KOTA TANJUNG BALAI,651,Sei Tualang Raso,5,5,5,4,0,31220,401465000,0,0,0,0,0,0,0
2,SUMATERA UTARA,52,KOTA TANJUNG BALAI,649,Tanjungbalai Selatan,6,6,6,3,0,0,0,0,0,0,0,0,0,0
2,SUMATERA UTARA,52,KOTA TANJUNG BALAI,650,Tanjungbalai Utara,5,5,5,3,0,0,0,0,0,0,0,0,0,0
2,SUMATERA UTARA,52,KOTA TANJUNG BALAI,652,Teluk Nibung,5,5,5,5,0,0,0,50000,2,2,0,0,0,50000
2,SUMATERA UTARA,54,KOTA TEBING TINGGI,663,Bajenis,7,7,7,6,0,0,0,750000,15,15,0,0,0,750000
2,SUMATERA UTARA,54,KOTA TEBING TINGGI,662,Padang Hilir,7,7,7,7,0,0,0,0,0,0,0,0,0,0
2,SUMATERA UTARA,54,KOTA TEBING TINGGI,660,Padang Hulu,7,7,7,7,0,0,0,0,0,0,0,0,0,0
2,SUMATERA UTARA,54,KOTA TEBING TINGGI,661,Rambutan,7,7,7,7,0,0,0,800000,16,16,140000,7,7,940000
2,SUMATERA UTARA,54,KOTA TEBING TINGGI,664,Tebing Tinggi Kota,7,7,7,6,0,0,0,0,0,0,0,0,0,0
